{
 "features": [
  {
   "geometry": {
    "coordinates": [
     -79.81025,
     35.754232
    ],
    "type": "Point"
   },
   "properties": {
    "accumulation": 81446.0,
    "bank_slope_deg": 2.42,
    "bank_slope_score": 1.0,
    "beach_dist_km": 251.7,
    "bridge_proximity_bonus": 0.2,
    "catchment_area_km2": 8.1264,
    "channel_width_m": 7.44,
    "channel_width_score": 1.0,
    "composite_score": 59.5552,
    "cso_density": 0.0,
    "dem_lat": 35.754228,
    "dem_lon": -79.810187,
    "ej_index": 0.8316,
    "elevation_m": 199.8076,
    "estuary_dist_km": 349.66,
    "feasibility_score": 84.4156,
    "flood_q10_cfs": 1280.19,
    "flow_score": 35.2426,
    "flow_velocity_ms": 0.141,
    "generation_score": 70.5936,
    "impact_score": 56.3472,
    "impervious_pct": 24.56,
    "land_ownership": 0.5,
    "lat": 35.7542,
    "litter_complaint_density": 0.0,
    "lon": -79.8102,
    "npdes_points": 0,
    "pixel_col": 817.0,
    "pixel_row": 340.0,
    "population_density": 639.0,
    "position_along": 0.8333,
    "protected_area_score": 0.0,
    "rank": 1,
    "river_name": "Hasketts Creek",
    "road_access_m": 46.2,
    "road_access_score": 1.0,
    "road_density_km_km2": 5.086,
    "robustness_pct": 91.5,
    "runoff_coeff_C": 0.271,
    "seasonal_cv": 0.4081,
    "segment_id": 19,
    "segment_length_m": 5074.0563,
    "snap_dist_m": 5.7,
    "stream_order": 3,
    "superfund_score": 0.0,
    "tourism_amenity_density": 0.8754,
    "tri_facility_density": 0.7383,
    "usgs_mean_q_cfs": 4.148,
    "velocity_feasibility": 0.7,
    "water_intake_score": 0.0
   },
   "type": "Feature"
  },
  {
   "geometry": {
    "coordinates": [
     -79.801976,
     35.763139
    ],
    "type": "Point"
   },
   "properties": {
    "accumulation": 135491.0,
    "bank_slope_deg": 3.78,
    "bank_slope_score": 1.0,
    "beach_dist_km": 251.84,
    "bridge_proximity_bonus": 0.0,
    "catchment_area_km2": 13.5189,
    "channel_width_m": 9.19,
    "channel_width_score": 1.0,
    "composite_score": 57.0868,
    "cso_density": 0.0,
    "dem_lat": 35.763452,
    "dem_lon": -79.801907,
    "ej_index": 0.709,
    "elevation_m": 191.5226,
    "estuary_dist_km": 349.14,
    "feasibility_score": 66.2338,
    "flood_q10_cfs": 1687.98,
    "flow_score": 42.7727,
    "flow_velocity_ms": 0.1274,
    "generation_score": 69.6935,
    "impact_score": 51.8351,
    "impervious_pct": 24.17,
    "land_ownership": 0.5,
    "lat": 35.7635,
    "litter_complaint_density": 0.0,
    "lon": -79.8019,
    "npdes_points": 1,
    "pixel_col": 892.0,
    "pixel_row": 239.0,
    "population_density": 497.2,
    "position_along": 0.5,
    "protected_area_score": 0.0,
    "rank": 2,
    "river_name": "Hasketts Creek",
    "road_access_m": 151.8,
    "road_access_score": 1.0,
    "road_density_km_km2": 4.651,
    "robustness_pct": 85.0,
    "runoff_coeff_C": 0.2675,
    "seasonal_cv": 0.4188,
    "segment_id": 20,
    "segment_length_m": 2677.7897,
    "snap_dist_m": 35.3,
    "stream_order": 3,
    "superfund_score": 0.0,
    "tourism_amenity_density": 0.8754,
    "tri_facility_density": 0.6657,
    "usgs_mean_q_cfs": 7.03,
    "velocity_feasibility": 0.7,
    "water_intake_score": 0.0
   },
   "type": "Feature"
  },
  {
   "geometry": {
    "coordinates": [
     -79.814755,
     35.761386
    ],
    "type": "Point"
   },
   "properties": {
    "accumulation": 24749.0,
    "bank_slope_deg": 1.26,
    "bank_slope_score": 1.0,
    "beach_dist_km": 252.54,
    "bridge_proximity_bonus": 0.0,
    "catchment_area_km2": 2.4694,
    "channel_width_m": 4.54,
    "channel_width_score": 1.0,
    "composite_score": 54.3421,
    "cso_density": 0.0,
    "ej_index": 0.8686,
    "elevation_m": 199.3544,
    "estuary_dist_km": 350.23,
    "feasibility_score": 66.2338,
    "flood_q10_cfs": 640.98,
    "flow_score": 25.9795,
    "flow_velocity_ms": 0.1051,
    "generation_score": 70.3058,
    "impact_score": 56.0679,
    "impervious_pct": 31.78,
    "land_ownership": 0.5,
    "lat": 35.7614,
    "litter_complaint_density": 0.0,
    "lon": -79.8148,
    "npdes_points": 0,
    "pixel_col": 775.0,
    "pixel_row": 265.0,
    "population_density": 570.9,
    "position_along": 0.5,
    "protected_area_score": 0.0,
    "rank": 3,
    "river_name": "Hasketts Creek",
    "road_access_m": 89.6,
    "road_access_score": 1.0,
    "road_density_km_km2": 2.408,
    "robustness_pct": 71.0,
    "runoff_coeff_C": 0.336,
    "seasonal_cv": 0.3931,
    "segment_id": 2,
    "segment_length_m": 1352.1643,
    "stream_order": 3,
    "superfund_score": 0.0,
    "tourism_amenity_density": 0.8754,
    "tri_facility_density": 0.8099,
    "usgs_mean_q_cfs": 1.598,
    "velocity_feasibility": 0.7,
    "water_intake_score": 0.0
   },
   "type": "Feature"
  },
  {
   "geometry": {
    "coordinates": [
     -79.731929,
     35.751228
    ],
    "type": "Point"
   },
   "properties": {
    "accumulation": 280562.0,
    "bank_slope_deg": 2.59,
    "bank_slope_score": 1.0,
    "beach_dist_km": 246.31,
    "bridge_proximity_bonus": 0.2,
    "catchment_area_km2": 27.9936,
    "channel_width_m": 12.44,
    "channel_width_score": 1.0,
    "composite_score": 54.0237,
    "cso_density": 0.0,
    "dem_lat": 35.751245,
    "dem_lon": -79.731914,
    "ej_index": 0.5802,
    "elevation_m": 152.4149,
    "estuary_dist_km": 342.68,
    "feasibility_score": 100.0,
    "flood_q10_cfs": 1809.03,
    "flow_score": 66.0182,
    "flow_velocity_ms": 0.5,
    "generation_score": 18.1759,
    "impact_score": 56.8881,
    "impervious_pct": null,
    "land_ownership": 0.5,
    "lat": 35.7512,
    "litter_complaint_density": 0.0,
    "lon": -79.7319,
    "npdes_points": 2,
    "pixel_col": 1527.0,
    "pixel_row": 368.0,
    "population_density": 85.9,
    "position_along": 0.5,
    "protected_area_score": 0.0,
    "rank": 4,
    "river_name": "Deep River",
    "road_access_m": 57.4,
    "road_access_score": 1.0,
    "road_density_km_km2": 0.912,
    "robustness_pct": 67.5,
    "runoff_coeff_C": null,
    "seasonal_cv": null,
    "segment_id": 30,
    "segment_length_m": 1252.2759,
    "snap_dist_m": 2.3,
    "stream_order": 3,
    "superfund_score": 0.0,
    "tourism_amenity_density": 0.0796,
    "tri_facility_density": 0.0,
    "usgs_mean_q_cfs": null,
    "velocity_feasibility": 1.0,
    "water_intake_score": 0.0
   },
   "type": "Feature"
  },
  {
   "geometry": {
    "coordinates": [
     -79.786689,
     35.764502
    ],
    "type": "Point"
   },
   "properties": {
    "accumulation": 267991.0,
    "bank_slope_deg": 5.59,
    "bank_slope_score": 1.0,
    "beach_dist_km": 250.92,
    "bridge_proximity_bonus": 0.0,
    "catchment_area_km2": 26.7393,
    "channel_width_m": 12.2,
    "channel_width_score": 1.0,
    "composite_score": 51.4854,
    "cso_density": 0.0,
    "dem_lat": 35.764532,
    "dem_lon": -79.786716,
    "ej_index": 0.5503,
    "elevation_m": 183.784,
    "estuary_dist_km": 347.83,
    "feasibility_score": 66.2338,
    "flood_q10_cfs": 2285.48,
    "flow_score": 59.6595,
    "flow_velocity_ms": 0.1565,
    "generation_score": 44.6062,
    "impact_score": 44.1785,
    "impervious_pct": 18.76,
    "land_ownership": 0.5,
    "lat": 35.7645,
    "litter_complaint_density": 0.0,
    "lon": -79.7867,
    "npdes_points": 1,
    "pixel_col": 1029.0,
    "pixel_row": 224.0,
    "population_density": 283.2,
    "position_along": 0.25,
    "protected_area_score": 0.0,
    "rank": 5,
    "river_name": "Hasketts Creek",
    "road_access_m": 136.3,
    "road_access_score": 1.0,
    "road_density_km_km2": 3.294,
    "robustness_pct": 55.0,
    "runoff_coeff_C": 0.2188,
    "seasonal_cv": 0.4379,
    "segment_id": 22,
    "segment_length_m": 3354.7288,
    "snap_dist_m": 4.1,
    "stream_order": 3,
    "superfund_score": 0.0,
    "tourism_amenity_density": 0.3183,
    "tri_facility_density": 0.2992,
    "usgs_mean_q_cfs": 14.327,
    "velocity_feasibility": 0.7,
    "water_intake_score": 0.0
   },
   "type": "Feature"
  },
  {
   "geometry": {
    "coordinates": [
     -79.836688,
     35.705146
    ],
    "type": "Point"
   },
   "properties": {
    "accumulation": 35775.0,
    "bank_slope_deg": 1.27,
    "bank_slope_score": 1.0,
    "beach_dist_km": 249.84,
    "bridge_proximity_bonus": 0.0,
    "catchment_area_km2": 3.5695,
    "channel_width_m": 5.29,
    "channel_width_score": 1.0,
    "composite_score": 50.5779,
    "cso_density": 0.0,
    "dem_lat": 35.705293,
    "dem_lon": -79.836383,
    "ej_index": 0.5545,
    "elevation_m": 214.8112,
    "estuary_dist_km": 350.91,
    "feasibility_score": 66.2338,
    "flood_q10_cfs": 900.05,
    "flow_score": 29.7641,
    "flow_velocity_ms": 0.1309,
    "generation_score": 53.6354,
    "impact_score": 57.0375,
    "impervious_pct": 35.31,
    "land_ownership": 0.5,
    "lat": 35.7053,
    "litter_complaint_density": 0.0,
    "lon": -79.8364,
    "npdes_points": 0,
    "pixel_col": 583.0,
    "pixel_row": 886.0,
    "population_density": 432.8,
    "position_along": 0.1667,
    "protected_area_score": 0.0,
    "rank": 6,
    "river_name": "Cedar Fork Creek",
    "road_access_m": 113.3,
    "road_access_score": 1.0,
    "road_density_km_km2": 7.34,
    "robustness_pct": 29.5,
    "runoff_coeff_C": 0.3678,
    "seasonal_cv": 0.4002,
    "segment_id": 32,
    "segment_length_m": 5171.227,
    "snap_dist_m": 32.1,
    "stream_order": 3,
    "superfund_score": 0.0,
    "tourism_amenity_density": 2.5465,
    "tri_facility_density": 0.0,
    "usgs_mean_q_cfs": 1.986,
    "velocity_feasibility": 0.7,
    "water_intake_score": 0.0
   },
   "type": "Feature"
  },
  {
   "geometry": {
    "coordinates": [
     -79.78947,
     35.671034
    ],
    "type": "Point"
   },
   "properties": {
    "accumulation": 133219.0,
    "bank_slope_deg": 3.67,
    "bank_slope_score": 1.0,
    "beach_dist_km": 244.14,
    "bridge_proximity_bonus": 0.0,
    "catchment_area_km2": 13.2922,
    "channel_width_m": 9.13,
    "channel_width_score": 1.0,
    "composite_score": 49.9964,
    "cso_density": 0.0,
    "dem_lat": 35.671046,
    "dem_lon": -79.789456,
    "ej_index": 0.8113,
    "elevation_m": 188.9501,
    "estuary_dist_km": 346.04,
    "feasibility_score": 53.2468,
    "flood_q10_cfs": 1477.13,
    "flow_score": 40.745,
    "flow_velocity_ms": 0.1712,
    "generation_score": 30.033,
    "impact_score": 76.0442,
    "impervious_pct": 15.19,
    "land_ownership": 0.5,
    "lat": 35.671,
    "litter_complaint_density": 0.0,
    "lon": -79.7895,
    "npdes_points": 1,
    "pixel_col": 1017.0,
    "pixel_row": 1265.0,
    "population_density": 192.8,
    "position_along": 0.25,
    "protected_area_score": 0.0,
    "rank": 7,
    "river_name": "Vestal Creek",
    "road_access_m": 403.8,
    "road_access_score": 0.8,
    "road_density_km_km2": 3.299,
    "robustness_pct": 29.5,
    "runoff_coeff_C": 0.1867,
    "seasonal_cv": 0.4219,
    "segment_id": 55,
    "segment_length_m": 4001.2855,
    "snap_dist_m": 1.8,
    "stream_order": 3,
    "superfund_score": 0.0,
    "tourism_amenity_density": 1.7507,
    "tri_facility_density": 0.0,
    "usgs_mean_q_cfs": 6.768,
    "velocity_feasibility": 0.7,
    "water_intake_score": 0.0
   },
   "type": "Feature"
  },
  {
   "geometry": {
    "coordinates": [
     -79.816125,
     35.742365
    ],
    "type": "Point"
   },
   "properties": {
    "accumulation": 65508.0,
    "bank_slope_deg": 1.73,
    "bank_slope_score": 1.0,
    "beach_dist_km": 251.23,
    "bridge_proximity_bonus": 0.0,
    "catchment_area_km2": 6.5362,
    "channel_width_m": 6.8,
    "channel_width_score": 1.0,
    "composite_score": 49.4771,
    "cso_density": 0.0,
    "dem_lat": 35.742502,
    "dem_lon": -79.816312,
    "ej_index": 0.6577,
    "elevation_m": 207.1575,
    "estuary_dist_km": 349.94,
    "feasibility_score": 66.2338,
    "flood_q10_cfs": 1176.38,
    "flow_score": 32.6868,
    "flow_velocity_ms": 0.1065,
    "generation_score": 53.1144,
    "impact_score": 51.4532,
    "impervious_pct": 24.56,
    "land_ownership": 0.5,
    "lat": 35.7425,
    "litter_complaint_density": 0.0,
    "lon": -79.8163,
    "npdes_points": 0,
    "pixel_col": 764.0,
    "pixel_row": 472.0,
    "population_density": 361.3,
    "position_along": 0.5,
    "protected_area_score": 0.0,
    "rank": 8,
    "river_name": "Hasketts Creek",
    "road_access_m": 155.2,
    "road_access_score": 1.0,
    "road_density_km_km2": 5.692,
    "robustness_pct": 14.0,
    "runoff_coeff_C": 0.271,
    "seasonal_cv": 0.4081,
    "segment_id": 19,
    "segment_length_m": 5074.0563,
    "snap_dist_m": 22.8,
    "stream_order": 3,
    "superfund_score": 0.0,
    "tourism_amenity_density": 1.1937,
    "tri_facility_density": 0.459,
    "usgs_mean_q_cfs": 4.148,
    "velocity_feasibility": 0.7,
    "water_intake_score": 0.0
   },
   "type": "Feature"
  },
  {
   "geometry": {
    "coordinates": [
     -79.790168,
     35.753603
    ],
    "type": "Point"
   },
   "properties": {
    "accumulation": 83265.0,
    "bank_slope_deg": 2.27,
    "bank_slope_score": 1.0,
    "beach_dist_km": 250.32,
    "bridge_proximity_bonus": 0.0,
    "catchment_area_km2": 8.3079,
    "channel_width_m": 7.51,
    "channel_width_score": 1.0,
    "composite_score": 49.069,
    "cso_density": 0.0,
    "dem_lat": 35.753626,
    "dem_lon": -79.790051,
    "ej_index": 0.662,
    "elevation_m": 191.2398,
    "estuary_dist_km": 347.87,
    "feasibility_score": 66.2338,
    "flood_q10_cfs": 1133.57,
    "flow_score": 33.4943,
    "flow_velocity_ms": 0.1349,
    "generation_score": 52.4596,
    "impact_score": 50.0748,
    "impervious_pct": 14.87,
    "land_ownership": 0.5,
    "lat": 35.7536,
    "litter_complaint_density": 0.0,
    "lon": -79.7901,
    "npdes_points": 0,
    "pixel_col": 998.0,
    "pixel_row": 344.0,
    "population_density": 467.9,
    "position_along": 0.8333,
    "protected_area_score": 0.0,
    "rank": 9,
    "river_name": "Penwood Branch",
    "road_access_m": 160.2,
    "road_access_score": 1.0,
    "road_density_km_km2": 4.735,
    "robustness_pct": 0.0,
    "runoff_coeff_C": 0.1838,
    "seasonal_cv": 0.415,
    "segment_id": 21,
    "segment_length_m": 5365.5683,
    "snap_dist_m": 10.9,
    "stream_order": 3,
    "superfund_score": 0.0,
    "tourism_amenity_density": 0.3979,
    "tri_facility_density": 0.6018,
    "usgs_mean_q_cfs": 5.449,
    "velocity_feasibility": 0.7,
    "water_intake_score": 0.0
   },
   "type": "Feature"
  },
  {
   "geometry": {
    "coordinates": [
     -79.801917,
     35.673215
    ],
    "type": "Point"
   },
   "properties": {
    "accumulation": 22964.0,
    "bank_slope_deg": 2.75,
    "bank_slope_score": 1.0,
    "beach_dist_km": 245.15,
    "bridge_proximity_bonus": 0.0,
    "catchment_area_km2": 2.2913,
    "channel_width_m": 4.4,
    "channel_width_score": 1.0,
    "composite_score": 47.3747,
    "cso_density": 0.0,
    "ej_index": 0.7361,
    "elevation_m": 209.6942,
    "estuary_dist_km": 347.19,
    "feasibility_score": 66.2338,
    "flood_q10_cfs": 448.91,
    "flow_score": 21.3277,
    "flow_velocity_ms": 0.0936,
    "generation_score": 35.9083,
    "impact_score": 71.1173,
    "impervious_pct": 14.65,
    "land_ownership": 0.5,
    "lat": 35.6732,
    "litter_complaint_density": 0.0,
    "lon": -79.8019,
    "npdes_points": 1,
    "pixel_col": 904.0,
    "pixel_row": 1241.0,
    "population_density": 313.6,
    "position_along": 0.5,
    "protected_area_score": 0.0,
    "rank": 10,
    "river_name": "Vestal Creek",
    "road_access_m": 87.7,
    "road_access_score": 1.0,
    "road_density_km_km2": 4.183,
    "robustness_pct": 7.5,
    "runoff_coeff_C": 0.1819,
    "seasonal_cv": 0.3979,
    "segment_id": 43,
    "segment_length_m": 487.4452,
    "stream_order": 3,
    "superfund_score": 0.0,
    "tourism_amenity_density": 1.9099,
    "tri_facility_density": 0.0,
    "usgs_mean_q_cfs": 1.196,
    "velocity_feasibility": 0.7,
    "water_intake_score": 0.0
   },
   "type": "Feature"
  },
  {
   "geometry": {
    "coordinates": [
     -79.796339,
     35.671575
    ],
    "type": "Point"
   },
   "properties": {
    "accumulation": 60592.0,
    "bank_slope_deg": 2.49,
    "bank_slope_score": 1.0,
    "beach_dist_km": 244.64,
    "bridge_proximity_bonus": 0.0,
    "catchment_area_km2": 6.0457,
    "channel_width_m": 6.58,
    "channel_width_score": 1.0,
    "composite_score": 46.079,
    "cso_density": 0.0,
    "dem_lat": 35.671538,
    "dem_lon": -79.796304,
    "ej_index": 0.8187,
    "elevation_m": 200.5764,
    "estuary_dist_km": 346.66,
    "feasibility_score": 53.2468,
    "flood_q10_cfs": 889.73,
    "flow_score": 28.3843,
    "flow_velocity_ms": 0.1336,
    "generation_score": 28.4896,
    "impact_score": 74.8302,
    "impervious_pct": 11.96,
    "land_ownership": 0.5,
    "lat": 35.6715,
    "litter_complaint_density": 0.0,
    "lon": -79.7963,
    "npdes_points": 1,
    "pixel_col": 955.0,
    "pixel_row": 1259.0,
    "population_density": 227.6,
    "position_along": 0.5,
    "protected_area_score": 0.0,
    "rank": 11,
    "river_name": "Vestal Creek",
    "road_access_m": 213.2,
    "road_access_score": 0.8,
    "road_density_km_km2": 3.012,
    "robustness_pct": 6.5,
    "runoff_coeff_C": 0.1576,
    "seasonal_cv": 0.4072,
    "segment_id": 54,
    "segment_length_m": 959.7601,
    "snap_dist_m": 5.1,
    "stream_order": 3,
    "superfund_score": 0.0,
    "tourism_amenity_density": 1.7507,
    "tri_facility_density": 0.0,
    "usgs_mean_q_cfs": 3.017,
    "velocity_feasibility": 0.7,
    "water_intake_score": 0.0
   },
   "type": "Feature"
  },
  {
   "geometry": {
    "coordinates": [
     -79.793442,
     35.686217
    ],
    "type": "Point"
   },
   "properties": {
    "accumulation": 32881.0,
    "bank_slope_deg": 3.51,
    "bank_slope_score": 1.0,
    "beach_dist_km": 245.53,
    "bridge_proximity_bonus": 0.0,
    "catchment_area_km2": 3.2808,
    "channel_width_m": 5.11,
    "channel_width_score": 1.0,
    "composite_score": 45.9576,
    "cso_density": 0.0,
    "dem_lat": 35.685765,
    "dem_lon": -79.794032,
    "ej_index": 0.6349,
    "elevation_m": 210.1676,
    "estuary_dist_km": 346.75,
    "feasibility_score": 66.2338,
    "flood_q10_cfs": 685.83,
    "flow_score": 26.6685,
    "flow_velocity_ms": 0.1396,
    "generation_score": 36.5301,
    "impact_score": 61.3214,
    "impervious_pct": 23.41,
    "land_ownership": 0.5,
    "lat": 35.6858,
    "litter_complaint_density": 0.0,
    "lon": -79.794,
    "npdes_points": 0,
    "pixel_col": 972.0,
    "pixel_row": 1102.0,
    "population_density": 331.3,
    "position_along": 0.5,
    "protected_area_score": 0.0,
    "rank": 12,
    "river_name": "Vestal Creek",
    "road_access_m": 135.4,
    "road_access_score": 1.0,
    "road_density_km_km2": 4.871,
    "robustness_pct": 0.0,
    "runoff_coeff_C": 0.2607,
    "seasonal_cv": 0.4012,
    "segment_id": 40,
    "segment_length_m": 2778.2662,
    "snap_dist_m": 73.2,
    "stream_order": 3,
    "superfund_score": 0.0,
    "tourism_amenity_density": 1.1141,
    "tri_facility_density": 0.0,
    "usgs_mean_q_cfs": 2.198,
    "velocity_feasibility": 0.7,
    "water_intake_score": 0.0
   },
   "type": "Feature"
  },
  {
   "geometry": {
    "coordinates": [
     -79.780054,
     35.662076
    ],
    "type": "Point"
   },
   "properties": {
    "accumulation": 155643.0,
    "bank_slope_deg": 4.45,
    "bank_slope_score": 1.0,
    "beach_dist_km": 242.84,
    "bridge_proximity_bonus": 0.0,
    "catchment_area_km2": 15.5296,
    "channel_width_m": 9.74,
    "channel_width_score": 1.0,
    "composite_score": 45.7178,
    "cso_density": 0.0,
    "dem_lat": 35.66208,
    "dem_lon": -79.780046,
    "ej_index": 0.705,
    "elevation_m": 176.7844,
    "estuary_dist_km": 345.02,
    "feasibility_score": 53.2468,
    "flood_q10_cfs": 1569.0,
    "flow_score": 40.1948,
    "flow_velocity_ms": 0.0517,
    "generation_score": 17.6464,
    "impact_score": 74.6272,
    "impervious_pct": 13.32,
    "land_ownership": 0.5,
    "lat": 35.6621,
    "litter_complaint_density": 0.0,
    "lon": -79.78,
    "npdes_points": 0,
    "pixel_col": 1103.0,
    "pixel_row": 1364.0,
    "population_density": 121.7,
    "position_along": 0.75,
    "protected_area_score": 0.0,
    "rank": 13,
    "river_name": "Vestal Creek",
    "road_access_m": 459.7,
    "road_access_score": 0.8,
    "road_density_km_km2": 2.969,
    "robustness_pct": 8.0,
    "runoff_coeff_C": 0.1699,
    "seasonal_cv": 0.4249,
    "segment_id": 55,
    "segment_length_m": 4001.2855,
    "snap_dist_m": 0.8,
    "stream_order": 3,
    "superfund_score": 0.0,
    "tourism_amenity_density": 1.7507,
    "tri_facility_density": 0.0,
    "usgs_mean_q_cfs": 7.751,
    "velocity_feasibility": 0.7,
    "water_intake_score": 0.0
   },
   "type": "Feature"
  },
  {
   "geometry": {
    "coordinates": [
     -79.740966,
     35.749686
    ],
    "type": "Point"
   },
   "properties": {
    "accumulation": 238434.0,
    "bank_slope_deg": 1.19,
    "bank_slope_score": 1.0,
    "beach_dist_km": 246.79,
    "bridge_proximity_bonus": 0.0,
    "catchment_area_km2": 23.7902,
    "channel_width_m": 11.62,
    "channel_width_score": 1.0,
    "composite_score": 45.2988,
    "cso_density": 0.0,
    "dem_lat": 35.749771,
    "dem_lon": -79.740958,
    "ej_index": 0.547,
    "elevation_m": 163.4844,
    "estuary_dist_km": 343.45,
    "feasibility_score": 68.8312,
    "flood_q10_cfs": 1653.13,
    "flow_score": 62.4031,
    "flow_velocity_ms": 0.5,
    "generation_score": 10.8194,
    "impact_score": 53.7585,
    "impervious_pct": null,
    "land_ownership": 0.5,
    "lat": 35.7498,
    "litter_complaint_density": 0.0,
    "lon": -79.741,
    "npdes_points": 1,
    "pixel_col": 1445.0,
    "pixel_row": 384.0,
    "population_density": 80.5,
    "position_along": 0.5,
    "protected_area_score": 0.0,
    "rank": 14,
    "river_name": "Deep River",
    "road_access_m": 229.8,
    "road_access_score": 0.8,
    "road_density_km_km2": 1.205,
    "robustness_pct": 7.0,
    "runoff_coeff_C": null,
    "seasonal_cv": null,
    "segment_id": 29,
    "segment_length_m": 785.1025,
    "snap_dist_m": 9.5,
    "stream_order": 3,
    "superfund_score": 0.0,
    "tourism_amenity_density": 0.0796,
    "tri_facility_density": 0.0,
    "usgs_mean_q_cfs": null,
    "velocity_feasibility": 1.0,
    "water_intake_score": 0.0
   },
   "type": "Feature"
  },
  {
   "geometry": {
    "coordinates": [
     -79.808307,
     35.665843
    ],
    "type": "Point"
   },
   "properties": {
    "accumulation": 26627.0,
    "bank_slope_deg": 0.66,
    "bank_slope_score": 1.0,
    "beach_dist_km": 245.03,
    "bridge_proximity_bonus": 0.0,
    "catchment_area_km2": 2.6568,
    "channel_width_m": 4.68,
    "channel_width_score": 1.0,
    "composite_score": 44.4053,
    "cso_density": 0.0,
    "dem_lat": 35.665751,
    "dem_lon": -79.808105,
    "ej_index": 0.8761,
    "elevation_m": 216.1035,
    "estuary_dist_km": 347.59,
    "feasibility_score": 53.2468,
    "flood_q10_cfs": 477.79,
    "flow_score": 21.7907,
    "flow_velocity_ms": 0.1036,
    "generation_score": 26.712,
    "impact_score": 76.5232,
    "impervious_pct": 11.84,
    "land_ownership": 0.5,
    "lat": 35.6658,
    "litter_complaint_density": 0.0,
    "lon": -79.8081,
    "npdes_points": 1,
    "pixel_col": 849.0,
    "pixel_row": 1322.0,
    "population_density": 212.3,
    "position_along": 0.5,
    "protected_area_score": 0.0,
    "rank": 15,
    "river_name": "Vestal Creek",
    "road_access_m": 338.3,
    "road_access_score": 0.8,
    "road_density_km_km2": 2.416,
    "robustness_pct": 4.0,
    "runoff_coeff_C": 0.1566,
    "seasonal_cv": 0.4004,
    "segment_id": 53,
    "segment_length_m": 2452.772,
    "snap_dist_m": 21.0,
    "stream_order": 3,
    "superfund_score": 0.0,
    "tourism_amenity_density": 1.9099,
    "tri_facility_density": 0.0,
    "usgs_mean_q_cfs": 1.581,
    "velocity_feasibility": 0.7,
    "water_intake_score": 0.0
   },
   "type": "Feature"
  },
  {
   "geometry": {
    "coordinates": [
     -79.767635,
     35.759873
    ],
    "type": "Point"
   },
   "properties": {
    "accumulation": 318341.0,
    "bank_slope_deg": 0.78,
    "bank_slope_score": 1.0,
    "beach_dist_km": 249.31,
    "bridge_proximity_bonus": 0.0,
    "catchment_area_km2": 31.7631,
    "channel_width_m": 13.11,
    "channel_width_score": 1.0,
    "composite_score": 44.2624,
    "cso_density": 0.0,
    "dem_lat": 35.759863,
    "dem_lon": -79.767638,
    "ej_index": 0.4931,
    "elevation_m": 171.9877,
    "estuary_dist_km": 346.04,
    "feasibility_score": 68.8312,
    "flood_q10_cfs": 1940.15,
    "flow_score": 69.198,
    "flow_velocity_ms": 0.5,
    "generation_score": 11.4094,
    "impact_score": 44.0514,
    "impervious_pct": null,
    "land_ownership": 0.5,
    "lat": 35.7599,
    "litter_complaint_density": 0.0,
    "lon": -79.7676,
    "npdes_points": 0,
    "pixel_col": 1203.0,
    "pixel_row": 273.0,
    "population_density": 149.3,
    "position_along": 0.5,
    "protected_area_score": 0.0,
    "rank": 16,
    "river_name": "Deep River",
    "road_access_m": 249.1,
    "road_access_score": 0.8,
    "road_density_km_km2": 2.316,
    "robustness_pct": 13.5,
    "runoff_coeff_C": null,
    "seasonal_cv": null,
    "segment_id": 23,
    "segment_length_m": 813.6492,
    "snap_dist_m": 1.2,
    "stream_order": 3,
    "superfund_score": 0.0,
    "tourism_amenity_density": 0.0,
    "tri_facility_density": 0.1259,
    "usgs_mean_q_cfs": null,
    "velocity_feasibility": 1.0,
    "water_intake_score": 0.0
   },
   "type": "Feature"
  },
  {
   "geometry": {
    "coordinates": [
     -79.773397,
     35.655723
    ],
    "type": "Point"
   },
   "properties": {
    "accumulation": 195450.0,
    "bank_slope_deg": 2.65,
    "bank_slope_score": 1.0,
    "beach_dist_km": 241.93,
    "bridge_proximity_bonus": 0.0,
    "catchment_area_km2": 19.5014,
    "channel_width_m": 10.7,
    "channel_width_score": 1.0,
    "composite_score": 43.911,
    "cso_density": 0.0,
    "dem_lat": 35.655712,
    "dem_lon": -79.773415,
    "ej_index": 0.5267,
    "elevation_m": 172.7737,
    "estuary_dist_km": 344.31,
    "feasibility_score": 53.2468,
    "flood_q10_cfs": 1724.28,
    "flow_score": 46.9636,
    "flow_velocity_ms": 0.1574,
    "generation_score": 13.0852,
    "impact_score": 67.5251,
    "impervious_pct": 11.02,
    "land_ownership": 0.5,
    "lat": 35.6557,
    "litter_complaint_density": 0.0,
    "lon": -79.7734,
    "npdes_points": 0,
    "pixel_col": 1165.0,
    "pixel_row": 1434.0,
    "population_density": 90.3,
    "position_along": 0.5,
    "protected_area_score": 0.0,
    "rank": 17,
    "river_name": "Vestal Creek",
    "road_access_m": 380.6,
    "road_access_score": 0.8,
    "road_density_km_km2": 2.058,
    "robustness_pct": 0.0,
    "runoff_coeff_C": 0.1492,
    "seasonal_cv": 0.429,
    "segment_id": 56,
    "segment_length_m": 803.3663,
    "snap_dist_m": 2.0,
    "stream_order": 3,
    "superfund_score": 0.0,
    "tourism_amenity_density": 1.512,
    "tri_facility_density": 0.0,
    "usgs_mean_q_cfs": 9.46,
    "velocity_feasibility": 0.7,
    "water_intake_score": 0.0
   },
   "type": "Feature"
  },
  {
   "geometry": {
    "coordinates": [
     -79.758569,
     35.649412
    ],
    "type": "Point"
   },
   "properties": {
    "accumulation": 268688.0,
    "bank_slope_deg": 3.71,
    "bank_slope_score": 1.0,
    "beach_dist_km": 240.46,
    "bridge_proximity_bonus": 0.0,
    "catchment_area_km2": 26.8088,
    "channel_width_m": 12.21,
    "channel_width_score": 1.0,
    "composite_score": 43.7657,
    "cso_density": 0.0,
    "dem_lat": 35.64953,
    "dem_lon": -79.75851,
    "ej_index": 0.3473,
    "elevation_m": 164.3959,
    "estuary_dist_km": 342.86,
    "feasibility_score": 53.2468,
    "flood_q10_cfs": 1917.53,
    "flow_score": 61.1874,
    "flow_velocity_ms": 0.1716,
    "generation_score": 14.2195,
    "impact_score": 54.0535,
    "impervious_pct": 5.95,
    "land_ownership": 0.5,
    "lat": 35.6495,
    "litter_complaint_density": 0.0,
    "lon": -79.7585,
    "npdes_points": 1,
    "pixel_col": 1301.0,
    "pixel_row": 1500.0,
    "population_density": 58.8,
    "position_along": 0.5,
    "protected_area_score": 0.0,
    "rank": 18,
    "river_name": "Richland Creek",
    "road_access_m": 347.2,
    "road_access_score": 0.8,
    "road_density_km_km2": 1.157,
    "robustness_pct": 0.0,
    "runoff_coeff_C": 0.1036,
    "seasonal_cv": 0.4531,
    "segment_id": 57,
    "segment_length_m": 2842.4585,
    "snap_dist_m": 14.2,
    "stream_order": 3,
    "superfund_score": 0.0,
    "tourism_amenity_density": 0.1592,
    "tri_facility_density": 0.0,
    "usgs_mean_q_cfs": 22.627,
    "velocity_feasibility": 0.7,
    "water_intake_score": 0.0
   },
   "type": "Feature"
  },
  {
   "geometry": {
    "coordinates": [
     -79.77471,
     35.766659
    ],
    "type": "Point"
   },
   "properties": {
    "accumulation": 283364.0,
    "bank_slope_deg": 1.19,
    "bank_slope_score": 1.0,
    "beach_dist_km": 250.29,
    "bridge_proximity_bonus": 0.0,
    "catchment_area_km2": 28.2732,
    "channel_width_m": 12.49,
    "channel_width_score": 1.0,
    "composite_score": 43.5372,
    "cso_density": 0.0,
    "dem_lat": 35.766657,
    "dem_lon": -79.774716,
    "ej_index": 0.4779,
    "elevation_m": 171.57,
    "estuary_dist_km": 346.82,
    "feasibility_score": 68.8312,
    "flood_q10_cfs": 1819.01,
    "flow_score": 66.2559,
    "flow_velocity_ms": 0.5,
    "generation_score": 14.4008,
    "impact_score": 41.0943,
    "impervious_pct": null,
    "land_ownership": 0.5,
    "lat": 35.7667,
    "litter_complaint_density": 0.0,
    "lon": -79.7747,
    "npdes_points": 0,
    "pixel_col": 1137.0,
    "pixel_row": 202.0,
    "population_density": 181.1,
    "position_along": 0.75,
    "protected_area_score": 0.0,
    "rank": 19,
    "river_name": "Deep River",
    "road_access_m": 446.2,
    "road_access_score": 0.8,
    "road_density_km_km2": 2.49,
    "robustness_pct": 6.0,
    "runoff_coeff_C": null,
    "seasonal_cv": null,
    "segment_id": 22,
    "segment_length_m": 3354.7288,
    "snap_dist_m": 0.6,
    "stream_order": 3,
    "superfund_score": 0.0,
    "tourism_amenity_density": 0.0,
    "tri_facility_density": 0.1768,
    "usgs_mean_q_cfs": null,
    "velocity_feasibility": 1.0,
    "water_intake_score": 0.0
   },
   "type": "Feature"
  },
  {
   "geometry": {
    "coordinates": [
     -79.791094,
     35.729694
    ],
    "type": "Point"
   },
   "properties": {
    "accumulation": 32223.0,
    "bank_slope_deg": 1.7,
    "bank_slope_score": 1.0,
    "beach_dist_km": 248.58,
    "bridge_proximity_bonus": 0.0,
    "catchment_area_km2": 3.2151,
    "channel_width_m": 5.07,
    "channel_width_score": 1.0,
    "composite_score": 42.7049,
    "cso_density": 0.0,
    "dem_lat": 35.729726,
    "dem_lon": -79.790935,
    "ej_index": 0.8285,
    "elevation_m": 209.622,
    "estuary_dist_km": 347.41,
    "feasibility_score": 53.2468,
    "flood_q10_cfs": 594.04,
    "flow_score": 24.7652,
    "flow_velocity_ms": 0.087,
    "generation_score": 35.9029,
    "impact_score": 59.1858,
    "impervious_pct": 16.07,
    "land_ownership": 0.5,
    "lat": 35.7297,
    "litter_complaint_density": 0.0,
    "lon": -79.7909,
    "npdes_points": 1,
    "pixel_col": 993.0,
    "pixel_row": 610.0,
    "population_density": 328.7,
    "position_along": 0.1667,
    "protected_area_score": 0.0,
    "rank": 20,
    "river_name": "Penwood Branch",
    "road_access_m": 204.1,
    "road_access_score": 0.8,
    "road_density_km_km2": 3.311,
    "robustness_pct": 0.0,
    "runoff_coeff_C": 0.1946,
    "seasonal_cv": 0.4096,
    "segment_id": 21,
    "segment_length_m": 5365.5683,
    "snap_dist_m": 14.8,
    "stream_order": 3,
    "superfund_score": 0.0,
    "tourism_amenity_density": 0.3183,
    "tri_facility_density": 0.0,
    "usgs_mean_q_cfs": 4.075,
    "velocity_feasibility": 0.7,
    "water_intake_score": 0.0
   },
   "type": "Feature"
  },
  {
   "geometry": {
    "coordinates": [
     -79.788643,
     35.653855
    ],
    "type": "Point"
   },
   "properties": {
    "accumulation": 32671.0,
    "bank_slope_deg": 2.89,
    "bank_slope_score": 1.0,
    "beach_dist_km": 242.85,
    "bridge_proximity_bonus": 0.0,
    "catchment_area_km2": 3.2598,
    "channel_width_m": 5.09,
    "channel_width_score": 1.0,
    "composite_score": 40.6902,
    "cso_density": 0.0,
    "dem_lat": 35.653722,
    "dem_lon": -79.78902,
    "ej_index": 0.6028,
    "elevation_m": 192.9156,
    "estuary_dist_km": 345.66,
    "feasibility_score": 66.2338,
    "flood_q10_cfs": 488.69,
    "flow_score": 22.2611,
    "flow_velocity_ms": 0.1416,
    "generation_score": 14.6344,
    "impact_score": 69.3317,
    "impervious_pct": 4.32,
    "land_ownership": 0.5,
    "lat": 35.6537,
    "litter_complaint_density": 0.0,
    "lon": -79.789,
    "npdes_points": 0,
    "pixel_col": 1024.0,
    "pixel_row": 1457.0,
    "population_density": 120.5,
    "position_along": 0.25,
    "protected_area_score": 0.0,
    "rank": 21,
    "river_name": "Tantraugh Branch",
    "road_access_m": 58.9,
    "road_access_score": 1.0,
    "road_density_km_km2": 4.896,
    "robustness_pct": 0.0,
    "runoff_coeff_C": 0.0889,
    "seasonal_cv": 0.4042,
    "segment_id": 50,
    "segment_length_m": 3736.7283,
    "snap_dist_m": 37.2,
    "stream_order": 3,
    "superfund_score": 0.0,
    "tourism_amenity_density": 1.7507,
    "tri_facility_density": 0.0,
    "usgs_mean_q_cfs": 1.959,
    "velocity_feasibility": 0.7,
    "water_intake_score": 0.0
   },
   "type": "Feature"
  },
  {
   "geometry": {
    "coordinates": [
     -79.835682,
     35.669946
    ],
    "type": "Point"
   },
   "properties": {
    "accumulation": 45844.0,
    "bank_slope_deg": 1.08,
    "bank_slope_score": 1.0,
    "beach_dist_km": 247.22,
    "bridge_proximity_bonus": 0.0,
    "catchment_area_km2": 4.5742,
    "channel_width_m": 5.86,
    "channel_width_score": 1.0,
    "composite_score": 40.3982,
    "cso_density": 0.0,
    "ej_index": 0.6019,
    "elevation_m": 234.1129,
    "estuary_dist_km": 350.13,
    "feasibility_score": 66.2338,
    "flood_q10_cfs": 963.28,
    "flow_score": 14.6633,
    "flow_velocity_ms": 0.0645,
    "generation_score": 39.9988,
    "impact_score": 49.3255,
    "impervious_pct": 28.51,
    "land_ownership": 0.5,
    "lat": 35.6699,
    "litter_complaint_density": 0.0,
    "lon": -79.8357,
    "npdes_points": 0,
    "pixel_col": 597.0,
    "pixel_row": 1282.0,
    "population_density": 152.9,
    "position_along": 0.1667,
    "protected_area_score": 0.0,
    "rank": 22,
    "river_name": "Little River",
    "road_access_m": 131.1,
    "road_access_score": 1.0,
    "road_density_km_km2": 5.073,
    "robustness_pct": 0.0,
    "runoff_coeff_C": 0.3066,
    "seasonal_cv": 0.4056,
    "segment_id": 44,
    "segment_length_m": 4572.9006,
    "stream_order": 1,
    "superfund_score": 0.0,
    "tourism_amenity_density": 0.6366,
    "tri_facility_density": 0.2186,
    "usgs_mean_q_cfs": 2.697,
    "velocity_feasibility": 0.7,
    "water_intake_score": 0.0
   },
   "type": "Feature"
  },
  {
   "geometry": {
    "coordinates": [
     -79.786723,
     35.741615
    ],
    "type": "Point"
   },
   "properties": {
    "accumulation": 52633.0,
    "bank_slope_deg": 1.68,
    "bank_slope_score": 1.0,
    "beach_dist_km": 249.19,
    "bridge_proximity_bonus": 0.0,
    "catchment_area_km2": 5.2516,
    "channel_width_m": 6.21,
    "channel_width_score": 1.0,
    "composite_score": 39.8248,
    "cso_density": 0.0,
    "dem_lat": 35.741625,
    "dem_lon": -79.786698,
    "ej_index": 0.6454,
    "elevation_m": 200.9137,
    "estuary_dist_km": 347.3,
    "feasibility_score": 66.2338,
    "flood_q10_cfs": 859.81,
    "flow_score": 28.5553,
    "flow_velocity_ms": 0.1159,
    "generation_score": 27.1881,
    "impact_score": 48.6482,
    "impervious_pct": 16.07,
    "land_ownership": 0.5,
    "lat": 35.7416,
    "litter_complaint_density": 0.0,
    "lon": -79.7867,
    "npdes_points": 0,
    "pixel_col": 1031.0,
    "pixel_row": 477.0,
    "population_density": 265.0,
    "position_along": 0.5,
    "protected_area_score": 0.0,
    "rank": 23,
    "river_name": "Penwood Branch",
    "road_access_m": 99.8,
    "road_access_score": 1.0,
    "road_density_km_km2": 4.077,
    "robustness_pct": 0.0,
    "runoff_coeff_C": 0.1946,
    "seasonal_cv": 0.4096,
    "segment_id": 21,
    "segment_length_m": 5365.5683,
    "snap_dist_m": 2.5,
    "stream_order": 3,
    "superfund_score": 0.0,
    "tourism_amenity_density": 0.0,
    "tri_facility_density": 0.0,
    "usgs_mean_q_cfs": 4.075,
    "velocity_feasibility": 0.7,
    "water_intake_score": 0.0
   },
   "type": "Feature"
  },
  {
   "geometry": {
    "coordinates": [
     -79.77432,
     35.662675
    ],
    "type": "Point"
   },
   "properties": {
    "accumulation": 29662.0,
    "bank_slope_deg": 0.88,
    "bank_slope_score": 1.0,
    "beach_dist_km": 242.5,
    "bridge_proximity_bonus": 0.0,
    "catchment_area_km2": 2.9596,
    "channel_width_m": 4.89,
    "channel_width_score": 1.0,
    "composite_score": 39.6981,
    "cso_density": 0.0,
    "ej_index": 0.8644,
    "elevation_m": 176.2194,
    "estuary_dist_km": 344.53,
    "feasibility_score": 53.2468,
    "flood_q10_cfs": 429.56,
    "flow_score": 20.159,
    "flow_velocity_ms": 0.11,
    "generation_score": 8.1686,
    "impact_score": 80.7359,
    "impervious_pct": 1.11,
    "land_ownership": 0.5,
    "lat": 35.6627,
    "litter_complaint_density": 0.0,
    "lon": -79.7743,
    "npdes_points": 0,
    "pixel_col": 1154.0,
    "pixel_row": 1356.0,
    "population_density": 130.4,
    "position_along": 0.5,
    "protected_area_score": 0.0,
    "rank": 24,
    "river_name": "Vestal Creek",
    "road_access_m": 378.8,
    "road_access_score": 0.8,
    "road_density_km_km2": 2.459,
    "robustness_pct": 3.5,
    "runoff_coeff_C": 0.06,
    "seasonal_cv": 0.4012,
    "segment_id": 46,
    "segment_length_m": 1008.9944,
    "stream_order": 3,
    "superfund_score": 0.0,
    "tourism_amenity_density": 1.512,
    "tri_facility_density": 0.0,
    "usgs_mean_q_cfs": 1.544,
    "velocity_feasibility": 0.7,
    "water_intake_score": 0.0
   },
   "type": "Feature"
  },
  {
   "geometry": {
    "coordinates": [
     -79.760415,
     35.713624
    ],
    "type": "Point"
   },
   "properties": {
    "accumulation": 33925.0,
    "bank_slope_deg": 1.45,
    "bank_slope_score": 1.0,
    "beach_dist_km": 245.33,
    "bridge_proximity_bonus": 0.0,
    "catchment_area_km2": 3.3849,
    "channel_width_m": 5.18,
    "channel_width_score": 1.0,
    "composite_score": 37.9356,
    "cso_density": 0.0,
    "dem_lat": 35.71359,
    "dem_lon": -79.76029,
    "ej_index": 0.6967,
    "elevation_m": 190.1328,
    "estuary_dist_km": 344.34,
    "feasibility_score": 53.2468,
    "flood_q10_cfs": 517.67,
    "flow_score": 21.8403,
    "flow_velocity_ms": 0.105,
    "generation_score": 21.2871,
    "impact_score": 60.3412,
    "impervious_pct": 5.99,
    "land_ownership": 0.5,
    "lat": 35.7136,
    "litter_complaint_density": 0.0,
    "lon": -79.7603,
    "npdes_points": 1,
    "pixel_col": 1275.0,
    "pixel_row": 786.0,
    "population_density": 93.1,
    "position_along": 0.1667,
    "protected_area_score": 0.0,
    "rank": 25,
    "river_name": "Gabriels Creek",
    "road_access_m": 262.4,
    "road_access_score": 0.8,
    "road_density_km_km2": 4.247,
    "robustness_pct": 0.0,
    "runoff_coeff_C": 0.1039,
    "seasonal_cv": 0.3987,
    "segment_id": 27,
    "segment_length_m": 4911.8112,
    "snap_dist_m": 11.9,
    "stream_order": 3,
    "superfund_score": 0.0,
    "tourism_amenity_density": 0.0796,
    "tri_facility_density": 0.0,
    "usgs_mean_q_cfs": 1.751,
    "velocity_feasibility": 0.7,
    "water_intake_score": 0.0
   },
   "type": "Feature"
  },
  {
   "geometry": {
    "coordinates": [
     -79.743262,
     35.644503
    ],
    "type": "Point"
   },
   "properties": {
    "accumulation": 323942.0,
    "bank_slope_deg": 1.4,
    "bank_slope_score": 1.0,
    "beach_dist_km": 239.06,
    "bridge_proximity_bonus": 0.0,
    "catchment_area_km2": 32.3219,
    "channel_width_m": 13.2,
    "channel_width_score": 1.0,
    "composite_score": 37.4211,
    "cso_density": 0.0,
    "dem_lat": 35.644662,
    "dem_lon": -79.743217,
    "ej_index": 0.2394,
    "elevation_m": 154.233,
    "estuary_dist_km": 341.41,
    "feasibility_score": 20.7792,
    "flood_q10_cfs": 2108.68,
    "flow_score": 68.4559,
    "flow_velocity_ms": 0.1955,
    "generation_score": 3.9548,
    "impact_score": 53.3461,
    "impervious_pct": 5.33,
    "land_ownership": 0.5,
    "lat": 35.6447,
    "litter_complaint_density": 0.0,
    "lon": -79.7432,
    "npdes_points": 0,
    "pixel_col": 1440.0,
    "pixel_row": 1552.0,
    "population_density": 39.1,
    "position_along": 0.5,
    "protected_area_score": 0.0,
    "rank": 26,
    "river_name": "Richland Creek",
    "road_access_m": 1134.1,
    "road_access_score": 0.3,
    "road_density_km_km2": 0.419,
    "robustness_pct": 1.0,
    "runoff_coeff_C": 0.098,
    "seasonal_cv": 0.4563,
    "segment_id": 58,
    "segment_length_m": 823.344,
    "snap_dist_m": 18.1,
    "stream_order": 3,
    "superfund_score": 0.0,
    "tourism_amenity_density": 0.1592,
    "tri_facility_density": 0.0,
    "usgs_mean_q_cfs": 25.542,
    "velocity_feasibility": 0.7,
    "water_intake_score": 0.0
   },
   "type": "Feature"
  },
  {
   "geometry": {
    "coordinates": [
     -79.757094,
     35.725608
    ],
    "type": "Point"
   },
   "properties": {
    "accumulation": 54161.0,
    "bank_slope_deg": 2.57,
    "bank_slope_score": 1.0,
    "beach_dist_km": 246.01,
    "bridge_proximity_bonus": 0.0,
    "catchment_area_km2": 5.404,
    "channel_width_m": 6.28,
    "channel_width_score": 1.0,
    "composite_score": 36.8341,
    "cso_density": 0.0,
    "dem_lat": 35.725561,
    "dem_lon": -79.757012,
    "ej_index": 0.6274,
    "elevation_m": 181.0778,
    "estuary_dist_km": 344.32,
    "feasibility_score": 53.2468,
    "flood_q10_cfs": 728.41,
    "flow_score": 25.3353,
    "flow_velocity_ms": 0.1253,
    "generation_score": 18.9383,
    "impact_score": 56.1057,
    "impervious_pct": 5.36,
    "land_ownership": 0.5,
    "lat": 35.7256,
    "litter_complaint_density": 0.0,
    "lon": -79.757,
    "npdes_points": 1,
    "pixel_col": 1303.0,
    "pixel_row": 652.0,
    "population_density": 98.9,
    "position_along": 0.5,
    "protected_area_score": 0.0,
    "rank": 27,
    "river_name": "Gabriels Creek",
    "road_access_m": 426.1,
    "road_access_score": 0.8,
    "road_density_km_km2": 3.106,
    "robustness_pct": 0.0,
    "runoff_coeff_C": 0.0982,
    "seasonal_cv": 0.4015,
    "segment_id": 27,
    "segment_length_m": 4911.8112,
    "snap_dist_m": 9.1,
    "stream_order": 3,
    "superfund_score": 0.0,
    "tourism_amenity_density": 0.0,
    "tri_facility_density": 0.0,
    "usgs_mean_q_cfs": 2.375,
    "velocity_feasibility": 0.7,
    "water_intake_score": 0.0
   },
   "type": "Feature"
  },
  {
   "geometry": {
    "coordinates": [
     -79.776879,
     35.65161
    ],
    "type": "Point"
   },
   "properties": {
    "accumulation": 45170.0,
    "bank_slope_deg": 2.53,
    "bank_slope_score": 1.0,
    "beach_dist_km": 241.85,
    "bridge_proximity_bonus": 0.0,
    "catchment_area_km2": 4.5069,
    "channel_width_m": 5.83,
    "channel_width_score": 1.0,
    "composite_score": 36.4145,
    "cso_density": 0.0,
    "dem_lat": 35.651549,
    "dem_lon": -79.776783,
    "ej_index": 0.4626,
    "elevation_m": 173.0662,
    "estuary_dist_km": 344.53,
    "feasibility_score": 53.2468,
    "flood_q10_cfs": 604.37,
    "flow_score": 29.446,
    "flow_velocity_ms": 0.1017,
    "generation_score": 6.7958,
    "impact_score": 63.4241,
    "impervious_pct": 2.51,
    "land_ownership": 0.5,
    "lat": 35.6515,
    "litter_complaint_density": 0.0,
    "lon": -79.7768,
    "npdes_points": 0,
    "pixel_col": 1135.0,
    "pixel_row": 1476.0,
    "population_density": 88.6,
    "position_along": 0.75,
    "protected_area_score": 0.0,
    "rank": 28,
    "river_name": "Richland Creek",
    "road_access_m": 332.6,
    "road_access_score": 0.8,
    "road_density_km_km2": 2.034,
    "robustness_pct": 0.0,
    "runoff_coeff_C": 0.0726,
    "seasonal_cv": 0.4381,
    "segment_id": 50,
    "segment_length_m": 3736.7283,
    "snap_dist_m": 11.1,
    "stream_order": 3,
    "superfund_score": 0.0,
    "tourism_amenity_density": 1.3528,
    "tri_facility_density": 0.0,
    "usgs_mean_q_cfs": 12.671,
    "velocity_feasibility": 0.7,
    "water_intake_score": 0.0
   },
   "type": "Feature"
  },
  {
   "geometry": {
    "coordinates": [
     -79.746239,
     35.746537
    ],
    "type": "Point"
   },
   "properties": {
    "accumulation": 175726.0,
    "bank_slope_deg": 2.27,
    "bank_slope_score": 1.0,
    "beach_dist_km": 246.9,
    "bridge_proximity_bonus": 0.0,
    "catchment_area_km2": 17.5334,
    "channel_width_m": 10.24,
    "channel_width_score": 1.0,
    "composite_score": 36.3252,
    "cso_density": 0.0,
    "dem_lat": 35.746636,
    "dem_lon": -79.746349,
    "ej_index": 0.5323,
    "elevation_m": 164.4361,
    "estuary_dist_km": 343.85,
    "feasibility_score": 40.2597,
    "flood_q10_cfs": 1472.3,
    "flow_score": 41.351,
    "flow_velocity_ms": 0.1239,
    "generation_score": 14.0965,
    "impact_score": 52.3983,
    "impervious_pct": 3.85,
    "land_ownership": 0.5,
    "lat": 35.7466,
    "litter_complaint_density": 0.0,
    "lon": -79.7463,
    "npdes_points": 1,
    "pixel_col": 1397.0,
    "pixel_row": 418.0,
    "population_density": 80.3,
    "position_along": 0.5,
    "protected_area_score": 0.0,
    "rank": 29,
    "river_name": "Gabriels Creek",
    "road_access_m": 554.8,
    "road_access_score": 0.6,
    "road_density_km_km2": 1.469,
    "robustness_pct": 0.0,
    "runoff_coeff_C": 0.0847,
    "seasonal_cv": 0.4219,
    "segment_id": 28,
    "segment_length_m": 1131.994,
    "snap_dist_m": 14.8,
    "stream_order": 3,
    "superfund_score": 0.0,
    "tourism_amenity_density": 0.0796,
    "tri_facility_density": 0.0,
    "usgs_mean_q_cfs": 8.255,
    "velocity_feasibility": 0.7,
    "water_intake_score": 0.0
   },
   "type": "Feature"
  },
  {
   "geometry": {
    "coordinates": [
     -79.750037,
     35.680283
    ],
    "type": "Point"
   },
   "properties": {
    "accumulation": 70084.0,
    "bank_slope_deg": 1.66,
    "bank_slope_score": 1.0,
    "beach_dist_km": 242.15,
    "bridge_proximity_bonus": 0.0,
    "catchment_area_km2": 6.9928,
    "channel_width_m": 6.99,
    "channel_width_score": 1.0,
    "composite_score": 36.179,
    "cso_density": 0.0,
    "dem_lat": 35.680252,
    "dem_lon": -79.749984,
    "ej_index": 0.7186,
    "elevation_m": 184.1843,
    "estuary_dist_km": 342.72,
    "feasibility_score": 53.2468,
    "flood_q10_cfs": 824.18,
    "flow_score": 13.4402,
    "flow_velocity_ms": 0.1358,
    "generation_score": 15.3944,
    "impact_score": 67.3789,
    "impervious_pct": 1.32,
    "land_ownership": 0.5,
    "lat": 35.6803,
    "litter_complaint_density": 0.0,
    "lon": -79.75,
    "npdes_points": 1,
    "pixel_col": 1371.0,
    "pixel_row": 1159.0,
    "population_density": 104.1,
    "position_along": 0.5,
    "protected_area_score": 0.0,
    "rank": 30,
    "river_name": "Squirrel Creek",
    "road_access_m": 456.2,
    "road_access_score": 0.8,
    "road_density_km_km2": 2.669,
    "robustness_pct": 0.0,
    "runoff_coeff_C": 0.0619,
    "seasonal_cv": 0.4082,
    "segment_id": 42,
    "segment_length_m": 7834.3023,
    "snap_dist_m": 5.9,
    "stream_order": 1,
    "superfund_score": 0.0,
    "tourism_amenity_density": 0.0796,
    "tri_facility_density": 0.0,
    "usgs_mean_q_cfs": 3.702,
    "velocity_feasibility": 0.7,
    "water_intake_score": 0.0
   },
   "type": "Feature"
  },
  {
   "geometry": {
    "coordinates": [
     -79.747307,
     35.755573
    ],
    "type": "Point"
   },
   "properties": {
    "accumulation": 53062.0,
    "bank_slope_deg": 0.82,
    "bank_slope_score": 1.0,
    "beach_dist_km": 247.64,
    "bridge_proximity_bonus": 0.0,
    "catchment_area_km2": 5.2944,
    "channel_width_m": 6.23,
    "channel_width_score": 1.0,
    "composite_score": 36.0552,
    "cso_density": 0.0,
    "dem_lat": 35.755579,
    "dem_lon": -79.747265,
    "ej_index": 0.4327,
    "elevation_m": 163.8253,
    "estuary_dist_km": 344.14,
    "feasibility_score": 68.8312,
    "flood_q10_cfs": 653.02,
    "flow_score": 44.2496,
    "flow_velocity_ms": 0.5,
    "generation_score": 1.9723,
    "impact_score": 46.9214,
    "impervious_pct": null,
    "land_ownership": 0.5,
    "lat": 35.7556,
    "litter_complaint_density": 0.0,
    "lon": -79.7473,
    "npdes_points": 0,
    "pixel_col": 1387.0,
    "pixel_row": 322.0,
    "population_density": 52.4,
    "position_along": 0.5,
    "protected_area_score": 0.0,
    "rank": 31,
    "river_name": "Deep River",
    "road_access_m": 309.8,
    "road_access_score": 0.8,
    "road_density_km_km2": 1.163,
    "robustness_pct": 0.0,
    "runoff_coeff_C": null,
    "seasonal_cv": null,
    "segment_id": 13,
    "segment_length_m": 1307.0675,
    "snap_dist_m": 3.8,
    "stream_order": 3,
    "superfund_score": 0.0,
    "tourism_amenity_density": 0.0796,
    "tri_facility_density": 0.0,
    "usgs_mean_q_cfs": null,
    "velocity_feasibility": 1.0,
    "water_intake_score": 0.0
   },
   "type": "Feature"
  },
  {
   "geometry": {
    "coordinates": [
     -79.818687,
     35.730939
    ],
    "type": "Point"
   },
   "properties": {
    "accumulation": 34633.0,
    "bank_slope_deg": 1.75,
    "bank_slope_score": 1.0,
    "beach_dist_km": 250.52,
    "bridge_proximity_bonus": 0.0,
    "catchment_area_km2": 3.4556,
    "channel_width_m": 5.22,
    "channel_width_score": 1.0,
    "composite_score": 35.4948,
    "cso_density": 0.0,
    "dem_lat": 35.730954,
    "dem_lon": -79.818559,
    "ej_index": 0.5755,
    "elevation_m": 214.9082,
    "estuary_dist_km": 349.88,
    "feasibility_score": 32.4675,
    "flood_q10_cfs": 727.69,
    "flow_score": 26.1712,
    "flow_velocity_ms": 0.0373,
    "generation_score": 33.112,
    "impact_score": 47.1609,
    "impervious_pct": 24.56,
    "land_ownership": 0.5,
    "lat": 35.731,
    "litter_complaint_density": 0.0,
    "lon": -79.8186,
    "npdes_points": 0,
    "pixel_col": 743.0,
    "pixel_row": 599.0,
    "population_density": 225.5,
    "position_along": 0.1667,
    "protected_area_score": 0.0,
    "rank": 32,
    "river_name": "Hasketts Creek",
    "road_access_m": 395.9,
    "road_access_score": 0.8,
    "road_density_km_km2": 4.764,
    "robustness_pct": 0.0,
    "runoff_coeff_C": 0.271,
    "seasonal_cv": 0.4081,
    "segment_id": 19,
    "segment_length_m": 5074.0563,
    "snap_dist_m": 11.7,
    "stream_order": 3,
    "superfund_score": 0.0,
    "tourism_amenity_density": 0.9549,
    "tri_facility_density": 0.0,
    "usgs_mean_q_cfs": 4.148,
    "velocity_feasibility": 0.3,
    "water_intake_score": 0.0
   },
   "type": "Feature"
  },
  {
   "geometry": {
    "coordinates": [
     -79.729976,
     35.706429
    ],
    "type": "Point"
   },
   "properties": {
    "accumulation": 52240.0,
    "bank_slope_deg": 2.57,
    "bank_slope_score": 1.0,
    "beach_dist_km": 242.77,
    "bridge_proximity_bonus": 0.0,
    "catchment_area_km2": 5.2123,
    "channel_width_m": 6.19,
    "channel_width_score": 1.0,
    "composite_score": 35.3902,
    "cso_density": 0.0,
    "dem_lat": 35.706339,
    "dem_lon": -79.73002,
    "ej_index": 0.5235,
    "elevation_m": 175.1202,
    "estuary_dist_km": 341.51,
    "feasibility_score": 66.2338,
    "flood_q10_cfs": 658.62,
    "flow_score": 24.5722,
    "flow_velocity_ms": 0.1246,
    "generation_score": 4.6158,
    "impact_score": 59.7577,
    "impervious_pct": 1.16,
    "land_ownership": 0.5,
    "lat": 35.7063,
    "litter_complaint_density": 0.0,
    "lon": -79.73,
    "npdes_points": 0,
    "pixel_col": 1551.0,
    "pixel_row": 865.0,
    "population_density": 94.9,
    "position_along": 0.5,
    "protected_area_score": 0.0,
    "rank": 33,
    "river_name": "Mill Creek",
    "road_access_m": 188.1,
    "road_access_score": 1.0,
    "road_density_km_km2": 1.256,
    "robustness_pct": 0.0,
    "runoff_coeff_C": 0.0604,
    "seasonal_cv": 0.4044,
    "segment_id": 35,
    "segment_length_m": 693.7831,
    "snap_dist_m": 10.7,
    "stream_order": 3,
    "superfund_score": 0.0,
    "tourism_amenity_density": 0.0,
    "tri_facility_density": 0.0,
    "usgs_mean_q_cfs": 3.145,
    "velocity_feasibility": 0.7,
    "water_intake_score": 0.0
   },
   "type": "Feature"
  },
  {
   "geometry": {
    "coordinates": [
     -79.843384,
     35.648898
    ],
    "type": "Point"
   },
   "properties": {
    "accumulation": 103808.0,
    "bank_slope_deg": 0.87,
    "bank_slope_score": 1.0,
    "beach_dist_km": 246.24,
    "bridge_proximity_bonus": 0.0,
    "catchment_area_km2": 10.3576,
    "channel_width_m": 8.23,
    "channel_width_score": 1.0,
    "composite_score": 34.9461,
    "cso_density": 0.0,
    "dem_lat": 35.648917,
    "dem_lon": -79.843269,
    "ej_index": 0.5745,
    "elevation_m": 224.4166,
    "estuary_dist_km": 350.39,
    "feasibility_score": 53.2468,
    "flood_q10_cfs": 1305.67,
    "flow_score": 22.0849,
    "flow_velocity_ms": 0.1265,
    "generation_score": 23.7291,
    "impact_score": 47.7306,
    "impervious_pct": 16.26,
    "land_ownership": 0.5,
    "lat": 35.6489,
    "litter_complaint_density": 0.0,
    "lon": -79.8433,
    "npdes_points": 0,
    "pixel_col": 531.0,
    "pixel_row": 1517.0,
    "population_density": 135.9,
    "position_along": 0.8333,
    "protected_area_score": 0.0,
    "rank": 34,
    "river_name": "Little River",
    "road_access_m": 312.0,
    "road_access_score": 0.8,
    "road_density_km_km2": 3.322,
    "robustness_pct": 0.0,
    "runoff_coeff_C": 0.1963,
    "seasonal_cv": 0.4208,
    "segment_id": 44,
    "segment_length_m": 4572.9006,
    "snap_dist_m": 10.6,
    "stream_order": 1,
    "superfund_score": 0.0,
    "tourism_amenity_density": 0.4775,
    "tri_facility_density": 0.0965,
    "usgs_mean_q_cfs": 5.841,
    "velocity_feasibility": 0.7,
    "water_intake_score": 0.0
   },
   "type": "Feature"
  },
  {
   "geometry": {
    "coordinates": [
     -79.765814,
     35.738112
    ],
    "type": "Point"
   },
   "properties": {
    "accumulation": 51239.0,
    "bank_slope_deg": 2.51,
    "bank_slope_score": 1.0,
    "beach_dist_km": 247.53,
    "bridge_proximity_bonus": 0.0,
    "catchment_area_km2": 5.1125,
    "channel_width_m": 6.14,
    "channel_width_score": 1.0,
    "composite_score": 34.6107,
    "cso_density": 0.0,
    "dem_lat": 35.73805,
    "dem_lon": -79.765736,
    "ej_index": 0.6196,
    "elevation_m": 183.9647,
    "estuary_dist_km": 345.37,
    "feasibility_score": 66.2338,
    "flood_q10_cfs": 673.03,
    "flow_score": 25.1808,
    "flow_velocity_ms": 0.1234,
    "generation_score": 8.8394,
    "impact_score": 52.4289,
    "impervious_pct": 3.23,
    "land_ownership": 0.5,
    "lat": 35.7381,
    "litter_complaint_density": 0.0,
    "lon": -79.7657,
    "npdes_points": 0,
    "on_unnamed_waterway": true,
    "pixel_col": 1223.0,
    "pixel_row": 516.0,
    "population_density": 121.8,
    "position_along": 0.5,
    "protected_area_score": 0.0,
    "rank": 35,
    "river_name": null,
    "road_access_m": 165.2,
    "road_access_score": 1.0,
    "road_density_km_km2": 2.168,
    "robustness_pct": 0.0,
    "runoff_coeff_C": 0.0791,
    "seasonal_cv": 0.4046,
    "segment_id": 24,
    "segment_length_m": 5172.525,
    "snap_dist_m": 9.9,
    "stream_order": 3,
    "superfund_score": 0.0,
    "tourism_amenity_density": 0.0,
    "tri_facility_density": 0.0,
    "usgs_mean_q_cfs": 3.559,
    "velocity_feasibility": 0.7,
    "water_intake_score": 0.0
   },
   "type": "Feature"
  },
  {
   "geometry": {
    "coordinates": [
     -79.843331,
     35.660288
    ],
    "type": "Point"
   },
   "properties": {
    "accumulation": 78290.0,
    "bank_slope_deg": 1.18,
    "bank_slope_score": 1.0,
    "beach_dist_km": 247.04,
    "bridge_proximity_bonus": 0.0,
    "catchment_area_km2": 7.8115,
    "channel_width_m": 7.32,
    "channel_width_score": 1.0,
    "composite_score": 34.552,
    "cso_density": 0.0,
    "dem_lat": 35.66029,
    "dem_lon": -79.843152,
    "ej_index": 0.5691,
    "elevation_m": 228.6969,
    "estuary_dist_km": 350.6,
    "feasibility_score": 40.2597,
    "flood_q10_cfs": 1226.61,
    "flow_score": 19.6199,
    "flow_velocity_ms": 0.1195,
    "generation_score": 31.8461,
    "impact_score": 46.8475,
    "impervious_pct": 23.05,
    "land_ownership": 0.5,
    "lat": 35.6603,
    "litter_complaint_density": 0.0,
    "lon": -79.8432,
    "npdes_points": 0,
    "pixel_col": 531.0,
    "pixel_row": 1391.0,
    "population_density": 133.8,
    "position_along": 0.5,
    "protected_area_score": 0.0,
    "rank": 36,
    "river_name": "Little River",
    "road_access_m": 502.8,
    "road_access_score": 0.6,
    "road_density_km_km2": 4.601,
    "robustness_pct": 0.0,
    "runoff_coeff_C": 0.2575,
    "seasonal_cv": 0.4125,
    "segment_id": 44,
    "segment_length_m": 4572.9006,
    "snap_dist_m": 16.2,
    "stream_order": 1,
    "superfund_score": 0.0,
    "tourism_amenity_density": 0.557,
    "tri_facility_density": 0.128,
    "usgs_mean_q_cfs": 3.888,
    "velocity_feasibility": 0.7,
    "water_intake_score": 0.0
   },
   "type": "Feature"
  },
  {
   "geometry": {
    "coordinates": [
     -79.741509,
     35.671521
    ],
    "type": "Point"
   },
   "properties": {
    "accumulation": 87252.0,
    "bank_slope_deg": 1.61,
    "bank_slope_score": 1.0,
    "beach_dist_km": 240.93,
    "bridge_proximity_bonus": 0.0,
    "catchment_area_km2": 8.7057,
    "channel_width_m": 7.66,
    "channel_width_score": 1.0,
    "composite_score": 34.2405,
    "cso_density": 0.0,
    "dem_lat": 35.671603,
    "dem_lon": -79.741401,
    "ej_index": 0.5238,
    "elevation_m": 177.3622,
    "estuary_dist_km": 341.78,
    "feasibility_score": 53.2468,
    "flood_q10_cfs": 965.38,
    "flow_score": 16.48,
    "flow_velocity_ms": 0.1206,
    "generation_score": 11.7519,
    "impact_score": 62.0264,
    "impervious_pct": 1.37,
    "land_ownership": 0.5,
    "lat": 35.6716,
    "litter_complaint_density": 0.0,
    "lon": -79.7414,
    "npdes_points": 1,
    "pixel_col": 1452.0,
    "pixel_row": 1254.0,
    "population_density": 75.2,
    "position_along": 0.7,
    "protected_area_score": 0.0,
    "rank": 37,
    "river_name": "Squirrel Creek",
    "road_access_m": 356.8,
    "road_access_score": 0.8,
    "road_density_km_km2": 1.281,
    "robustness_pct": 0.0,
    "runoff_coeff_C": 0.0623,
    "seasonal_cv": 0.4166,
    "segment_id": 42,
    "segment_length_m": 7834.3023,
    "snap_dist_m": 13.4,
    "stream_order": 1,
    "superfund_score": 0.0,
    "tourism_amenity_density": 0.0796,
    "tri_facility_density": 0.0,
    "usgs_mean_q_cfs": 5.917,
    "velocity_feasibility": 0.7,
    "water_intake_score": 0.0
   },
   "type": "Feature"
  },
  {
   "geometry": {
    "coordinates": [
     -79.775196,
     35.728842
    ],
    "type": "Point"
   },
   "properties": {
    "accumulation": 33780.0,
    "bank_slope_deg": 0.68,
    "bank_slope_score": 1.0,
    "beach_dist_km": 247.47,
    "bridge_proximity_bonus": 0.0,
    "catchment_area_km2": 3.3705,
    "channel_width_m": 5.17,
    "channel_width_score": 1.0,
    "composite_score": 34.1303,
    "cso_density": 0.0,
    "dem_lat": 35.728853,
    "dem_lon": -79.775208,
    "ej_index": 0.9196,
    "elevation_m": 196.4469,
    "estuary_dist_km": 346.0,
    "feasibility_score": 40.2597,
    "flood_q10_cfs": 491.68,
    "flow_score": 21.5482,
    "flow_velocity_ms": 0.0669,
    "generation_score": 10.963,
    "impact_score": 64.7179,
    "impervious_pct": 3.23,
    "land_ownership": 0.5,
    "lat": 35.7289,
    "litter_complaint_density": 0.0,
    "lon": -79.7752,
    "npdes_points": 0,
    "on_unnamed_waterway": true,
    "pixel_col": 1137.0,
    "pixel_row": 618.0,
    "population_density": 197.7,
    "position_along": 0.1667,
    "protected_area_score": 0.0,
    "rank": 38,
    "river_name": null,
    "road_access_m": 600.8,
    "road_access_score": 0.6,
    "road_density_km_km2": 1.744,
    "robustness_pct": 0.0,
    "runoff_coeff_C": 0.0791,
    "seasonal_cv": 0.4046,
    "segment_id": 24,
    "segment_length_m": 5172.525,
    "snap_dist_m": 1.6,
    "stream_order": 3,
    "superfund_score": 0.0,
    "tourism_amenity_density": 0.0796,
    "tri_facility_density": 0.0,
    "usgs_mean_q_cfs": 3.559,
    "velocity_feasibility": 0.7,
    "water_intake_score": 0.0
   },
   "type": "Feature"
  },
  {
   "geometry": {
    "coordinates": [
     -79.732423,
     35.670766
    ],
    "type": "Point"
   },
   "properties": {
    "accumulation": 106906.0,
    "bank_slope_deg": 2.23,
    "bank_slope_score": 1.0,
    "beach_dist_km": 240.26,
    "bridge_proximity_bonus": 0.0,
    "catchment_area_km2": 10.6667,
    "channel_width_m": 8.33,
    "channel_width_score": 1.0,
    "composite_score": 33.7405,
    "cso_density": 0.0,
    "dem_lat": 35.670853,
    "dem_lon": -79.732257,
    "ej_index": 0.4205,
    "elevation_m": 171.2355,
    "estuary_dist_km": 340.96,
    "feasibility_score": 53.2468,
    "flood_q10_cfs": 1080.36,
    "flow_score": 18.6271,
    "flow_velocity_ms": 0.1269,
    "generation_score": 10.6121,
    "impact_score": 59.7102,
    "impervious_pct": 1.37,
    "land_ownership": 0.5,
    "lat": 35.6709,
    "litter_complaint_density": 0.0,
    "lon": -79.7323,
    "npdes_points": 1,
    "pixel_col": 1535.0,
    "pixel_row": 1261.0,
    "population_density": 63.2,
    "position_along": 0.9,
    "protected_area_score": 0.0,
    "rank": 39,
    "river_name": "Squirrel Creek",
    "road_access_m": 438.2,
    "road_access_score": 0.8,
    "road_density_km_km2": 0.914,
    "robustness_pct": 0.0,
    "runoff_coeff_C": 0.0623,
    "seasonal_cv": 0.4166,
    "segment_id": 42,
    "segment_length_m": 7834.3023,
    "snap_dist_m": 17.9,
    "stream_order": 1,
    "superfund_score": 0.0,
    "tourism_amenity_density": 0.0796,
    "tri_facility_density": 0.0,
    "usgs_mean_q_cfs": 5.917,
    "velocity_feasibility": 0.7,
    "water_intake_score": 0.0
   },
   "type": "Feature"
  },
  {
   "geometry": {
    "coordinates": [
     -79.772839,
     35.759376
    ],
    "type": "Point"
   },
   "properties": {
    "accumulation": 21826.0,
    "bank_slope_deg": 3.36,
    "bank_slope_score": 1.0,
    "beach_dist_km": 249.61,
    "bridge_proximity_bonus": 0.0,
    "catchment_area_km2": 2.1777,
    "channel_width_m": 4.31,
    "channel_width_score": 1.0,
    "composite_score": 33.6413,
    "cso_density": 0.0,
    "ej_index": 0.431,
    "elevation_m": 172.7606,
    "estuary_dist_km": 346.48,
    "feasibility_score": 66.2338,
    "flood_q10_cfs": 354.96,
    "flow_score": 19.2683,
    "flow_velocity_ms": 0.1075,
    "generation_score": 22.5433,
    "impact_score": 40.4205,
    "impervious_pct": 3.42,
    "land_ownership": 0.5,
    "lat": 35.7594,
    "litter_complaint_density": 0.0,
    "lon": -79.7728,
    "npdes_points": 0,
    "pixel_col": 1156.0,
    "pixel_row": 278.0,
    "population_density": 78.4,
    "position_along": 0.5,
    "protected_area_score": 0.0,
    "rank": 40,
    "river_name": "Deep River",
    "road_access_m": 136.5,
    "road_access_score": 1.0,
    "road_density_km_km2": 3.326,
    "robustness_pct": 0.0,
    "runoff_coeff_C": 0.0808,
    "seasonal_cv": 0.395,
    "segment_id": 11,
    "segment_length_m": 417.5233,
    "stream_order": 3,
    "superfund_score": 0.0,
    "tourism_amenity_density": 0.0,
    "tri_facility_density": 0.4592,
    "usgs_mean_q_cfs": 1.113,
    "velocity_feasibility": 0.7,
    "water_intake_score": 0.0
   },
   "type": "Feature"
  },
  {
   "geometry": {
    "coordinates": [
     -79.754955,
     35.757802
    ],
    "type": "Point"
   },
   "properties": {
    "accumulation": 21927.0,
    "bank_slope_deg": 0.59,
    "bank_slope_score": 1.0,
    "beach_dist_km": 248.35,
    "bridge_proximity_bonus": 0.0,
    "catchment_area_km2": 2.1878,
    "channel_width_m": 4.32,
    "channel_width_score": 1.0,
    "composite_score": 33.5714,
    "cso_density": 0.0,
    "dem_lat": 35.758072,
    "dem_lon": -79.755122,
    "ej_index": 0.404,
    "elevation_m": 171.8467,
    "estuary_dist_km": 344.89,
    "feasibility_score": 68.8312,
    "flood_q10_cfs": 335.5,
    "flow_score": 40.1311,
    "flow_velocity_ms": 0.5,
    "generation_score": 0.8754,
    "impact_score": 43.1712,
    "impervious_pct": null,
    "land_ownership": 0.5,
    "lat": 35.7581,
    "litter_complaint_density": 0.0,
    "lon": -79.7551,
    "npdes_points": 0,
    "pixel_col": 1316.0,
    "pixel_row": 292.0,
    "population_density": 49.3,
    "position_along": 0.5,
    "protected_area_score": 0.0,
    "rank": 41,
    "river_name": "Deep River",
    "road_access_m": 290.6,
    "road_access_score": 0.8,
    "road_density_km_km2": 0.635,
    "robustness_pct": 0.0,
    "runoff_coeff_C": null,
    "seasonal_cv": null,
    "segment_id": 12,
    "segment_length_m": 839.894,
    "snap_dist_m": 33.5,
    "stream_order": 3,
    "superfund_score": 0.0,
    "tourism_amenity_density": 0.0,
    "tri_facility_density": 0.0,
    "usgs_mean_q_cfs": null,
    "velocity_feasibility": 1.0,
    "water_intake_score": 0.0
   },
   "type": "Feature"
  },
  {
   "geometry": {
    "coordinates": [
     -79.844336,
     35.714348
    ],
    "type": "Point"
   },
   "properties": {
    "accumulation": 75395.0,
    "bank_slope_deg": 4.95,
    "bank_slope_score": 1.0,
    "beach_dist_km": 251.05,
    "bridge_proximity_bonus": 0.0,
    "catchment_area_km2": 7.5227,
    "channel_width_m": 7.21,
    "channel_width_score": 1.0,
    "composite_score": 33.2382,
    "cso_density": 0.0,
    "dem_lat": 35.714426,
    "dem_lon": -79.844328,
    "ej_index": 0.4057,
    "elevation_m": 183.3946,
    "estuary_dist_km": 351.81,
    "feasibility_score": 40.2597,
    "flood_q10_cfs": 1249.45,
    "flow_score": 35.9686,
    "flow_velocity_ms": 0.1942,
    "generation_score": 29.4567,
    "impact_score": 31.2337,
    "impervious_pct": 21.95,
    "land_ownership": 0.5,
    "lat": 35.7144,
    "litter_complaint_density": 0.0,
    "lon": -79.8443,
    "npdes_points": 0,
    "pixel_col": 510.0,
    "pixel_row": 788.0,
    "population_density": 232.6,
    "position_along": 0.5,
    "protected_area_score": 0.0,
    "rank": 42,
    "river_name": "Cedar Fork Creek",
    "road_access_m": 516.4,
    "road_access_score": 0.6,
    "road_density_km_km2": 3.667,
    "robustness_pct": 0.0,
    "runoff_coeff_C": 0.2475,
    "seasonal_cv": 0.4136,
    "segment_id": 32,
    "segment_length_m": 5171.227,
    "snap_dist_m": 8.7,
    "stream_order": 3,
    "superfund_score": 0.0,
    "tourism_amenity_density": 0.2387,
    "tri_facility_density": 0.0,
    "usgs_mean_q_cfs": 4.558,
    "velocity_feasibility": 0.7,
    "water_intake_score": 0.0
   },
   "type": "Feature"
  },
  {
   "geometry": {
    "coordinates": [
     -79.756363,
     35.689525
    ],
    "type": "Point"
   },
   "properties": {
    "accumulation": 47113.0,
    "bank_slope_deg": 3.93,
    "bank_slope_score": 1.0,
    "beach_dist_km": 243.27,
    "bridge_proximity_bonus": 0.0,
    "catchment_area_km2": 4.7008,
    "channel_width_m": 5.93,
    "channel_width_score": 1.0,
    "composite_score": 32.9786,
    "cso_density": 0.0,
    "dem_lat": 35.689524,
    "dem_lon": -79.756358,
    "ej_index": 0.8137,
    "elevation_m": 190.4904,
    "estuary_dist_km": 343.48,
    "feasibility_score": 53.2468,
    "flood_q10_cfs": 610.36,
    "flow_score": 8.561,
    "flow_velocity_ms": 0.0779,
    "generation_score": 7.819,
    "impact_score": 68.352,
    "impervious_pct": 1.26,
    "land_ownership": 0.5,
    "lat": 35.6895,
    "litter_complaint_density": 0.0,
    "lon": -79.7564,
    "npdes_points": 0,
    "pixel_col": 1313.0,
    "pixel_row": 1056.0,
    "population_density": 115.2,
    "position_along": 0.3,
    "protected_area_score": 0.0,
    "rank": 43,
    "river_name": "Squirrel Creek",
    "road_access_m": 343.7,
    "road_access_score": 0.8,
    "road_density_km_km2": 2.526,
    "robustness_pct": 0.0,
    "runoff_coeff_C": 0.0613,
    "seasonal_cv": 0.4038,
    "segment_id": 42,
    "segment_length_m": 7834.3023,
    "snap_dist_m": 0.5,
    "stream_order": 1,
    "superfund_score": 0.0,
    "tourism_amenity_density": 0.0,
    "tri_facility_density": 0.0,
    "usgs_mean_q_cfs": 2.731,
    "velocity_feasibility": 0.7,
    "water_intake_score": 0.0
   },
   "type": "Feature"
  },
  {
   "geometry": {
    "coordinates": [
     -79.880985,
     35.725981
    ],
    "type": "Point"
   },
   "properties": {
    "accumulation": 241456.0,
    "bank_slope_deg": 14.17,
    "bank_slope_score": 1.0,
    "beach_dist_km": 254.39,
    "bridge_proximity_bonus": 0.0,
    "catchment_area_km2": 24.0917,
    "channel_width_m": 11.69,
    "channel_width_score": 1.0,
    "composite_score": 32.6776,
    "cso_density": 0.0,
    "dem_lat": 35.726006,
    "dem_lon": -79.881061,
    "ej_index": 0.4441,
    "elevation_m": 141.1462,
    "estuary_dist_km": 355.31,
    "feasibility_score": 53.2468,
    "flood_q10_cfs": 1815.58,
    "flow_score": 62.3365,
    "flow_velocity_ms": 0.1379,
    "generation_score": 7.2831,
    "impact_score": 23.0716,
    "impervious_pct": 6.28,
    "land_ownership": 0.5,
    "lat": 35.726,
    "litter_complaint_density": 0.0,
    "lon": -79.8811,
    "npdes_points": 0,
    "pixel_col": 178.0,
    "pixel_row": 665.0,
    "population_density": 70.0,
    "position_along": 0.75,
    "protected_area_score": 0.0,
    "rank": 44,
    "river_name": "Back Creek",
    "road_access_m": 431.4,
    "road_access_score": 0.8,
    "road_density_km_km2": 1.204,
    "robustness_pct": 0.0,
    "runoff_coeff_C": 0.1065,
    "seasonal_cv": 0.4565,
    "segment_id": 38,
    "segment_length_m": 3494.5725,
    "snap_dist_m": 7.5,
    "stream_order": 3,
    "superfund_score": 0.0,
    "tourism_amenity_density": 0.1592,
    "tri_facility_density": 0.0,
    "usgs_mean_q_cfs": 28.883,
    "velocity_feasibility": 0.7,
    "water_intake_score": 0.0
   },
   "type": "Feature"
  },
  {
   "geometry": {
    "coordinates": [
     -79.734784,
     35.708721
    ],
    "type": "Point"
   },
   "properties": {
    "accumulation": 22976.0,
    "bank_slope_deg": 0.44,
    "bank_slope_score": 1.0,
    "beach_dist_km": 243.26,
    "bridge_proximity_bonus": 0.0,
    "catchment_area_km2": 2.2925,
    "channel_width_m": 4.4,
    "channel_width_score": 1.0,
    "composite_score": 32.2041,
    "cso_density": 0.0,
    "dem_lat": 35.708736,
    "dem_lon": -79.734755,
    "ej_index": 0.5662,
    "elevation_m": 179.2747,
    "estuary_dist_km": 341.98,
    "feasibility_score": 53.2468,
    "flood_q10_cfs": 355.77,
    "flow_score": 18.8818,
    "flow_velocity_ms": 0.1009,
    "generation_score": 4.7182,
    "impact_score": 60.2706,
    "impervious_pct": 1.34,
    "land_ownership": 0.5,
    "lat": 35.7087,
    "litter_complaint_density": 0.0,
    "lon": -79.7348,
    "npdes_points": 0,
    "pixel_col": 1506.0,
    "pixel_row": 840.0,
    "population_density": 69.9,
    "position_along": 0.5,
    "protected_area_score": 0.0,
    "rank": 45,
    "river_name": "Mill Creek",
    "road_access_m": 374.4,
    "road_access_score": 0.8,
    "road_density_km_km2": 1.758,
    "robustness_pct": 0.0,
    "runoff_coeff_C": 0.0621,
    "seasonal_cv": 0.3998,
    "segment_id": 26,
    "segment_length_m": 716.8944,
    "snap_dist_m": 3.1,
    "stream_order": 3,
    "superfund_score": 0.0,
    "tourism_amenity_density": 0.0,
    "tri_facility_density": 0.0,
    "usgs_mean_q_cfs": 1.261,
    "velocity_feasibility": 0.7,
    "water_intake_score": 0.0
   },
   "type": "Feature"
  },
  {
   "geometry": {
    "coordinates": [
     -79.733946,
     35.703663
    ],
    "type": "Point"
   },
   "properties": {
    "accumulation": 24671.0,
    "bank_slope_deg": 2.35,
    "bank_slope_score": 1.0,
    "beach_dist_km": 242.83,
    "bridge_proximity_bonus": 0.0,
    "catchment_area_km2": 2.4616,
    "channel_width_m": 4.53,
    "channel_width_score": 1.0,
    "composite_score": 32.1263,
    "cso_density": 0.0,
    "ej_index": 0.5485,
    "elevation_m": 179.0813,
    "estuary_dist_km": 341.8,
    "feasibility_score": 53.2468,
    "flood_q10_cfs": 373.15,
    "flow_score": 18.9195,
    "flow_velocity_ms": 0.0932,
    "generation_score": 4.4049,
    "impact_score": 60.2933,
    "impervious_pct": 1.0,
    "land_ownership": 0.5,
    "lat": 35.7037,
    "litter_complaint_density": 0.0,
    "lon": -79.7339,
    "npdes_points": 0,
    "pixel_col": 1515.0,
    "pixel_row": 893.0,
    "population_density": 80.2,
    "position_along": 0.5,
    "protected_area_score": 0.0,
    "rank": 46,
    "river_name": "Mill Creek",
    "road_access_m": 301.0,
    "road_access_score": 0.8,
    "road_density_km_km2": 1.509,
    "robustness_pct": 0.0,
    "runoff_coeff_C": 0.059,
    "seasonal_cv": 0.4008,
    "segment_id": 34,
    "segment_length_m": 803.3663,
    "stream_order": 3,
    "superfund_score": 0.0,
    "tourism_amenity_density": 0.0,
    "tri_facility_density": 0.0,
    "usgs_mean_q_cfs": 1.35,
    "velocity_feasibility": 0.7,
    "water_intake_score": 0.0
   },
   "type": "Feature"
  },
  {
   "geometry": {
    "coordinates": [
     -79.762087,
     35.696745
    ],
    "type": "Point"
   },
   "properties": {
    "accumulation": 25337.0,
    "bank_slope_deg": 1.25,
    "bank_slope_score": 1.0,
    "beach_dist_km": 244.19,
    "bridge_proximity_bonus": 0.0,
    "catchment_area_km2": 2.528,
    "channel_width_m": 4.58,
    "channel_width_score": 1.0,
    "composite_score": 32.0062,
    "cso_density": 0.0,
    "dem_lat": 35.696767,
    "dem_lon": -79.762077,
    "ej_index": 0.8232,
    "elevation_m": 200.4659,
    "estuary_dist_km": 344.14,
    "feasibility_score": 53.2468,
    "flood_q10_cfs": 386.08,
    "flow_score": 6.0974,
    "flow_velocity_ms": 0.1224,
    "generation_score": 8.2962,
    "impact_score": 66.6867,
    "impervious_pct": 1.8,
    "land_ownership": 0.5,
    "lat": 35.6968,
    "litter_complaint_density": 0.0,
    "lon": -79.7621,
    "npdes_points": 0,
    "pixel_col": 1262.0,
    "pixel_row": 976.0,
    "population_density": 118.0,
    "position_along": 0.1,
    "protected_area_score": 0.0,
    "rank": 47,
    "river_name": "Squirrel Creek",
    "road_access_m": 354.2,
    "road_access_score": 0.8,
    "road_density_km_km2": 2.514,
    "robustness_pct": 0.0,
    "runoff_coeff_C": 0.0662,
    "seasonal_cv": 0.3998,
    "segment_id": 42,
    "segment_length_m": 7834.3023,
    "snap_dist_m": 2.6,
    "stream_order": 1,
    "superfund_score": 0.0,
    "tourism_amenity_density": 0.0,
    "tri_facility_density": 0.0,
    "usgs_mean_q_cfs": 1.642,
    "velocity_feasibility": 0.7,
    "water_intake_score": 0.0
   },
   "type": "Feature"
  },
  {
   "geometry": {
    "coordinates": [
     -79.851548,
     35.723058
    ],
    "type": "Point"
   },
   "properties": {
    "accumulation": 90509.0,
    "bank_slope_deg": 8.56,
    "bank_slope_score": 1.0,
    "beach_dist_km": 252.17,
    "bridge_proximity_bonus": 0.0,
    "catchment_area_km2": 9.0307,
    "channel_width_m": 7.78,
    "channel_width_score": 1.0,
    "composite_score": 31.3667,
    "cso_density": 0.0,
    "dem_lat": 35.72305,
    "dem_lon": -79.851507,
    "ej_index": 0.3315,
    "elevation_m": 161.8901,
    "estuary_dist_km": 352.63,
    "feasibility_score": 53.2468,
    "flood_q10_cfs": 1309.16,
    "flow_score": 36.7347,
    "flow_velocity_ms": 0.1755,
    "generation_score": 21.7451,
    "impact_score": 25.5749,
    "impervious_pct": 21.95,
    "land_ownership": 0.5,
    "lat": 35.723,
    "litter_complaint_density": 0.0,
    "lon": -79.8515,
    "npdes_points": 0,
    "pixel_col": 445.0,
    "pixel_row": 694.0,
    "population_density": 124.0,
    "position_along": 0.8333,
    "protected_area_score": 0.0,
    "rank": 48,
    "river_name": "Cedar Fork Creek",
    "road_access_m": 260.6,
    "road_access_score": 0.8,
    "road_density_km_km2": 1.751,
    "robustness_pct": 0.0,
    "runoff_coeff_C": 0.2475,
    "seasonal_cv": 0.4136,
    "segment_id": 32,
    "segment_length_m": 5171.227,
    "snap_dist_m": 3.8,
    "stream_order": 3,
    "superfund_score": 0.0,
    "tourism_amenity_density": 0.2387,
    "tri_facility_density": 0.0,
    "usgs_mean_q_cfs": 4.558,
    "velocity_feasibility": 0.7,
    "water_intake_score": 0.0
   },
   "type": "Feature"
  },
  {
   "geometry": {
    "coordinates": [
     -79.750392,
     35.654431
    ],
    "type": "Point"
   },
   "properties": {
    "accumulation": 38521.0,
    "bank_slope_deg": 1.61,
    "bank_slope_score": 1.0,
    "beach_dist_km": 240.27,
    "bridge_proximity_bonus": 0.0,
    "catchment_area_km2": 3.8435,
    "channel_width_m": 5.46,
    "channel_width_score": 1.0,
    "composite_score": 30.9515,
    "cso_density": 0.0,
    "ej_index": 0.3982,
    "elevation_m": 168.6428,
    "estuary_dist_km": 342.24,
    "feasibility_score": 53.2468,
    "flood_q10_cfs": 521.23,
    "flow_score": 21.0146,
    "flow_velocity_ms": 0.082,
    "generation_score": 1.6701,
    "impact_score": 57.366,
    "impervious_pct": 0.91,
    "land_ownership": 0.5,
    "lat": 35.6544,
    "litter_complaint_density": 0.0,
    "lon": -79.7504,
    "npdes_points": 0,
    "pixel_col": 1371.0,
    "pixel_row": 1445.0,
    "population_density": 54.1,
    "position_along": 0.5,
    "protected_area_score": 0.0,
    "rank": 49,
    "river_name": "Richland Creek",
    "road_access_m": 428.5,
    "road_access_score": 0.8,
    "road_density_km_km2": 0.608,
    "robustness_pct": 0.0,
    "runoff_coeff_C": 0.0582,
    "seasonal_cv": 0.4057,
    "segment_id": 47,
    "segment_length_m": 2544.5072,
    "stream_order": 3,
    "superfund_score": 0.0,
    "tourism_amenity_density": 0.1592,
    "tri_facility_density": 0.0,
    "usgs_mean_q_cfs": 2.173,
    "velocity_feasibility": 0.7,
    "water_intake_score": 0.0
   },
   "type": "Feature"
  },
  {
   "geometry": {
    "coordinates": [
     -79.896317,
     35.719323
    ],
    "type": "Point"
   },
   "properties": {
    "accumulation": 293619.0,
    "bank_slope_deg": 3.82,
    "bank_slope_score": 1.0,
    "beach_dist_km": 254.96,
    "bridge_proximity_bonus": 0.0,
    "catchment_area_km2": 29.2964,
    "channel_width_m": 12.67,
    "channel_width_score": 1.0,
    "composite_score": 30.9,
    "cso_density": 0.0,
    "dem_lat": 35.719328,
    "dem_lon": -79.896365,
    "ej_index": 0.4465,
    "elevation_m": 138.3558,
    "estuary_dist_km": 356.52,
    "feasibility_score": 40.2597,
    "flood_q10_cfs": 2013.85,
    "flow_score": 68.5132,
    "flow_velocity_ms": 0.1494,
    "generation_score": 6.2756,
    "impact_score": 19.5001,
    "impervious_pct": 5.94,
    "land_ownership": 0.5,
    "lat": 35.7193,
    "litter_complaint_density": 0.0,
    "lon": -79.8964,
    "npdes_points": 0,
    "pixel_col": 41.0,
    "pixel_row": 740.0,
    "population_density": 70.6,
    "position_along": 0.5,
    "protected_area_score": 0.0,
    "rank": 50,
    "river_name": "Back Creek",
    "road_access_m": 956.2,
    "road_access_score": 0.6,
    "road_density_km_km2": 0.781,
    "robustness_pct": 0.0,
    "runoff_coeff_C": 0.1035,
    "seasonal_cv": 0.4591,
    "segment_id": 39,
    "segment_length_m": 2062.4975,
    "snap_dist_m": 4.3,
    "stream_order": 3,
    "superfund_score": 0.0,
    "tourism_amenity_density": 0.0,
    "tri_facility_density": 0.0,
    "usgs_mean_q_cfs": 30.939,
    "velocity_feasibility": 0.7,
    "water_intake_score": 0.0
   },
   "type": "Feature"
  },
  {
   "geometry": {
    "coordinates": [
     -79.869613,
     35.667909
    ],
    "type": "Point"
   },
   "properties": {
    "accumulation": 21934.0,
    "bank_slope_deg": 3.14,
    "bank_slope_score": 1.0,
    "beach_dist_km": 249.42,
    "bridge_proximity_bonus": 0.0,
    "catchment_area_km2": 2.1885,
    "channel_width_m": 4.32,
    "channel_width_score": 1.0,
    "composite_score": 30.8708,
    "cso_density": 0.0,
    "ej_index": 0.3565,
    "elevation_m": 195.4207,
    "estuary_dist_km": 353.1,
    "feasibility_score": 66.2338,
    "flood_q10_cfs": 388.04,
    "flow_score": 20.5917,
    "flow_velocity_ms": 0.123,
    "generation_score": 25.3316,
    "impact_score": 27.2943,
    "impervious_pct": 8.3,
    "land_ownership": 0.5,
    "lat": 35.6679,
    "litter_complaint_density": 0.0,
    "lon": -79.8696,
    "npdes_points": 0,
    "pixel_col": 289.0,
    "pixel_row": 1309.0,
    "population_density": 76.4,
    "position_along": 0.5,
    "protected_area_score": 0.0,
    "rank": 51,
    "river_name": "Taylors Creek",
    "road_access_m": 52.3,
    "road_access_score": 1.0,
    "road_density_km_km2": 2.995,
    "robustness_pct": 0.0,
    "runoff_coeff_C": 0.1247,
    "seasonal_cv": 0.3979,
    "segment_id": 45,
    "segment_length_m": 821.6302,
    "stream_order": 3,
    "superfund_score": 0.0,
    "tourism_amenity_density": 0.0,
    "tri_facility_density": 0.4569,
    "usgs_mean_q_cfs": 1.18,
    "velocity_feasibility": 0.7,
    "water_intake_score": 0.0
   },
   "type": "Feature"
  },
  {
   "geometry": {
    "coordinates": [
     -79.867592,
     35.72533
    ],
    "type": "Point"
   },
   "properties": {
    "accumulation": 212104.0,
    "bank_slope_deg": 4.03,
    "bank_slope_score": 1.0,
    "beach_dist_km": 253.43,
    "bridge_proximity_bonus": 0.0,
    "catchment_area_km2": 21.1631,
    "channel_width_m": 11.07,
    "channel_width_score": 1.0,
    "composite_score": 30.6363,
    "cso_density": 0.0,
    "dem_lat": 35.725364,
    "dem_lon": -79.86759,
    "ej_index": 0.3884,
    "elevation_m": 147.0968,
    "estuary_dist_km": 354.1,
    "feasibility_score": 53.2468,
    "flood_q10_cfs": 1803.92,
    "flow_score": 48.4388,
    "flow_velocity_ms": 0.1411,
    "generation_score": 11.4437,
    "impact_score": 23.6882,
    "impervious_pct": 11.01,
    "land_ownership": 0.5,
    "lat": 35.7254,
    "litter_complaint_density": 0.0,
    "lon": -79.8676,
    "npdes_points": 0,
    "pixel_col": 298.0,
    "pixel_row": 668.0,
    "population_density": 81.3,
    "position_along": 0.25,
    "protected_area_score": 0.0,
    "rank": 52,
    "river_name": "Cedar Fork Creek",
    "road_access_m": 320.6,
    "road_access_score": 0.8,
    "road_density_km_km2": 1.362,
    "robustness_pct": 0.0,
    "runoff_coeff_C": 0.1491,
    "seasonal_cv": 0.432,
    "segment_id": 38,
    "segment_length_m": 3494.5725,
    "snap_dist_m": 3.8,
    "stream_order": 3,
    "superfund_score": 0.0,
    "tourism_amenity_density": 0.1592,
    "tri_facility_density": 0.0,
    "usgs_mean_q_cfs": 10.059,
    "velocity_feasibility": 0.7,
    "water_intake_score": 0.0
   },
   "type": "Feature"
  },
  {
   "geometry": {
    "coordinates": [
     -79.77033,
     35.775025
    ],
    "type": "Point"
   },
   "properties": {
    "accumulation": 30538.0,
    "bank_slope_deg": 2.44,
    "bank_slope_score": 1.0,
    "beach_dist_km": 250.62,
    "bridge_proximity_bonus": 0.0,
    "catchment_area_km2": 3.047,
    "channel_width_m": 4.95,
    "channel_width_score": 1.0,
    "composite_score": 30.5882,
    "cso_density": 0.0,
    "dem_lat": 35.774912,
    "dem_lon": -79.770077,
    "ej_index": 0.3741,
    "elevation_m": 172.8015,
    "estuary_dist_km": 346.61,
    "feasibility_score": 81.8182,
    "flood_q10_cfs": 430.63,
    "flow_score": 27.3224,
    "flow_velocity_ms": 0.5,
    "generation_score": 1.6044,
    "impact_score": 36.6784,
    "impervious_pct": null,
    "land_ownership": 0.5,
    "lat": 35.7749,
    "litter_complaint_density": 0.0,
    "lon": -79.7701,
    "npdes_points": 0,
    "pixel_col": 1176.0,
    "pixel_row": 110.0,
    "population_density": 41.4,
    "position_along": 0.5,
    "protected_area_score": 0.0,
    "rank": 53,
    "river_name": "Deep River",
    "road_access_m": 128.7,
    "road_access_score": 1.0,
    "road_density_km_km2": 1.192,
    "robustness_pct": 0.0,
    "runoff_coeff_C": null,
    "seasonal_cv": null,
    "segment_id": 0,
    "segment_length_m": 345.8876,
    "snap_dist_m": 26.1,
    "stream_order": 1,
    "superfund_score": 0.0,
    "tourism_amenity_density": 0.0,
    "tri_facility_density": 0.0,
    "usgs_mean_q_cfs": null,
    "velocity_feasibility": 1.0,
    "water_intake_score": 0.0
   },
   "type": "Feature"
  },
  {
   "geometry": {
    "coordinates": [
     -79.755122,
     35.740464
    ],
    "type": "Point"
   },
   "properties": {
    "accumulation": 75829.0,
    "bank_slope_deg": 0.21,
    "bank_slope_score": 1.0,
    "beach_dist_km": 247.01,
    "bridge_proximity_bonus": 0.0,
    "catchment_area_km2": 7.566,
    "channel_width_m": 7.23,
    "channel_width_score": 1.0,
    "composite_score": 29.7464,
    "cso_density": 0.0,
    "ej_index": 0.4916,
    "elevation_m": 176.3111,
    "estuary_dist_km": 344.49,
    "feasibility_score": 40.2597,
    "flood_q10_cfs": 902.74,
    "flow_score": 29.2255,
    "flow_velocity_ms": 0.1571,
    "generation_score": 5.6743,
    "impact_score": 48.996,
    "impervious_pct": 3.13,
    "land_ownership": 0.5,
    "lat": 35.7405,
    "litter_complaint_density": 0.0,
    "lon": -79.7551,
    "npdes_points": 0,
    "pixel_col": 1319.0,
    "pixel_row": 487.0,
    "population_density": 76.3,
    "position_along": 0.8333,
    "protected_area_score": 0.0,
    "rank": 54,
    "river_name": "Gabriels Creek",
    "road_access_m": 668.7,
    "road_access_score": 0.6,
    "road_density_km_km2": 1.44,
    "robustness_pct": 0.0,
    "runoff_coeff_C": 0.0782,
    "seasonal_cv": 0.405,
    "segment_id": 24,
    "segment_length_m": 5172.525,
    "stream_order": 3,
    "superfund_score": 0.0,
    "tourism_amenity_density": 0.0,
    "tri_facility_density": 0.0,
    "usgs_mean_q_cfs": 3.666,
    "velocity_feasibility": 0.7,
    "water_intake_score": 0.0
   },
   "type": "Feature"
  },
  {
   "geometry": {
    "coordinates": [
     -79.738966,
     35.757659
    ],
    "type": "Point"
   },
   "properties": {
    "accumulation": 30827.0,
    "bank_slope_deg": 1.16,
    "bank_slope_score": 1.0,
    "beach_dist_km": 247.26,
    "bridge_proximity_bonus": 0.0,
    "catchment_area_km2": 3.0758,
    "channel_width_m": 4.97,
    "channel_width_score": 1.0,
    "composite_score": 29.7341,
    "cso_density": 0.0,
    "ej_index": 0.4879,
    "elevation_m": 172.904,
    "estuary_dist_km": 343.46,
    "feasibility_score": 53.2468,
    "flood_q10_cfs": 448.44,
    "flow_score": 20.1457,
    "flow_velocity_ms": 0.0836,
    "generation_score": 4.9788,
    "impact_score": 50.7234,
    "impervious_pct": 1.91,
    "land_ownership": 0.5,
    "lat": 35.7577,
    "litter_complaint_density": 0.0,
    "lon": -79.739,
    "npdes_points": 0,
    "pixel_col": 1458.0,
    "pixel_row": 298.0,
    "population_density": 58.6,
    "position_along": 0.5,
    "protected_area_score": 0.0,
    "rank": 55,
    "river_name": "Deep River",
    "road_access_m": 246.7,
    "road_access_score": 0.8,
    "road_density_km_km2": 1.909,
    "robustness_pct": 0.0,
    "runoff_coeff_C": 0.0672,
    "seasonal_cv": 0.396,
    "segment_id": 3,
    "segment_length_m": 1950.9065,
    "stream_order": 3,
    "superfund_score": 0.0,
    "tourism_amenity_density": 0.0796,
    "tri_facility_density": 0.0,
    "usgs_mean_q_cfs": 1.772,
    "velocity_feasibility": 0.7,
    "water_intake_score": 0.0
   },
   "type": "Feature"
  },
  {
   "geometry": {
    "coordinates": [
     -79.859063,
     35.725346
    ],
    "type": "Point"
   },
   "properties": {
    "accumulation": 134395.0,
    "bank_slope_deg": 6.7,
    "bank_slope_score": 1.0,
    "beach_dist_km": 252.86,
    "bridge_proximity_bonus": 0.0,
    "catchment_area_km2": 13.4095,
    "channel_width_m": 9.16,
    "channel_width_score": 1.0,
    "composite_score": 29.4411,
    "cso_density": 0.0,
    "dem_lat": 35.725403,
    "dem_lon": -79.859136,
    "ej_index": 0.3356,
    "elevation_m": 151.4029,
    "estuary_dist_km": 353.35,
    "feasibility_score": 53.2468,
    "flood_q10_cfs": 1498.35,
    "flow_score": 40.6596,
    "flow_velocity_ms": 0.1641,
    "generation_score": 15.5147,
    "impact_score": 22.1158,
    "impervious_pct": 15.87,
    "land_ownership": 0.5,
    "lat": 35.7254,
    "litter_complaint_density": 0.0,
    "lon": -79.8591,
    "npdes_points": 0,
    "pixel_col": 377.0,
    "pixel_row": 669.0,
    "population_density": 95.1,
    "position_along": 0.5,
    "protected_area_score": 0.0,
    "rank": 56,
    "river_name": "Cedar Fork Creek",
    "road_access_m": 223.8,
    "road_access_score": 0.8,
    "road_density_km_km2": 1.369,
    "robustness_pct": 0.0,
    "runoff_coeff_C": 0.1928,
    "seasonal_cv": 0.4202,
    "segment_id": 33,
    "segment_length_m": 532.9578,
    "snap_dist_m": 9.1,
    "stream_order": 3,
    "superfund_score": 0.0,
    "tourism_amenity_density": 0.0,
    "tri_facility_density": 0.0,
    "usgs_mean_q_cfs": 6.429,
    "velocity_feasibility": 0.7,
    "water_intake_score": 0.0
   },
   "type": "Feature"
  },
  {
   "geometry": {
    "coordinates": [
     -79.751161,
     35.736866
    ],
    "type": "Point"
   },
   "properties": {
    "accumulation": 86255.0,
    "bank_slope_deg": 4.92,
    "bank_slope_score": 1.0,
    "beach_dist_km": 246.46,
    "bridge_proximity_bonus": 0.0,
    "catchment_area_km2": 8.6063,
    "channel_width_m": 7.62,
    "channel_width_score": 1.0,
    "composite_score": 28.1051,
    "cso_density": 0.0,
    "dem_lat": 35.736826,
    "dem_lon": -79.750973,
    "ej_index": 0.5378,
    "elevation_m": 170.1343,
    "estuary_dist_km": 344.04,
    "feasibility_score": 19.4805,
    "flood_q10_cfs": 1004.83,
    "flow_score": 28.5368,
    "flow_velocity_ms": 0.046,
    "generation_score": 7.9045,
    "impact_score": 52.2583,
    "impervious_pct": 4.73,
    "land_ownership": 0.5,
    "lat": 35.7368,
    "litter_complaint_density": 0.0,
    "lon": -79.751,
    "npdes_points": 0,
    "pixel_col": 1357.0,
    "pixel_row": 526.0,
    "population_density": 84.6,
    "position_along": 0.8333,
    "protected_area_score": 0.0,
    "rank": 57,
    "river_name": "Gabriels Creek",
    "road_access_m": 793.7,
    "road_access_score": 0.6,
    "road_density_km_km2": 1.845,
    "robustness_pct": 0.0,
    "runoff_coeff_C": 0.0926,
    "seasonal_cv": 0.4089,
    "segment_id": 27,
    "segment_length_m": 4911.8112,
    "snap_dist_m": 17.6,
    "stream_order": 3,
    "superfund_score": 0.0,
    "tourism_amenity_density": 0.0,
    "tri_facility_density": 0.0,
    "usgs_mean_q_cfs": 4.262,
    "velocity_feasibility": 0.3,
    "water_intake_score": 0.0
   },
   "type": "Feature"
  },
  {
   "geometry": {
    "coordinates": [
     -79.857802,
     35.742763
    ],
    "type": "Point"
   },
   "properties": {
    "accumulation": 193579.0,
    "bank_slope_deg": 0.04,
    "bank_slope_score": 1.0,
    "beach_dist_km": 254.07,
    "bridge_proximity_bonus": 0.0,
    "catchment_area_km2": 19.3147,
    "channel_width_m": 10.66,
    "channel_width_score": 1.0,
    "composite_score": 27.1467,
    "cso_density": 0.0,
    "dem_lat": 35.743187,
    "dem_lon": -79.857821,
    "ej_index": 0.259,
    "elevation_m": 158.3617,
    "estuary_dist_km": 353.62,
    "feasibility_score": 53.2468,
    "flood_q10_cfs": 1576.06,
    "flow_score": 45.8584,
    "flow_velocity_ms": 0.0538,
    "generation_score": 7.9693,
    "impact_score": 17.6808,
    "impervious_pct": 4.9,
    "land_ownership": 0.5,
    "lat": 35.7432,
    "litter_complaint_density": 0.0,
    "lon": -79.8578,
    "npdes_points": 0,
    "pixel_col": 384.0,
    "pixel_row": 472.0,
    "population_density": 88.0,
    "position_along": 0.5,
    "protected_area_score": 0.0,
    "rank": 58,
    "river_name": "Back Creek",
    "road_access_m": 356.2,
    "road_access_score": 0.8,
    "road_density_km_km2": 1.743,
    "robustness_pct": 0.0,
    "runoff_coeff_C": 0.0941,
    "seasonal_cv": 0.4316,
    "segment_id": 15,
    "segment_length_m": 162.955,
    "snap_dist_m": 47.0,
    "stream_order": 3,
    "superfund_score": 0.0,
    "tourism_amenity_density": 0.0796,
    "tri_facility_density": 0.0,
    "usgs_mean_q_cfs": 14.364,
    "velocity_feasibility": 0.7,
    "water_intake_score": 0.0
   },
   "type": "Feature"
  },
  {
   "geometry": {
    "coordinates": [
     -79.854975,
     35.751508
    ],
    "type": "Point"
   },
   "properties": {
    "accumulation": 129902.0,
    "bank_slope_deg": 1.42,
    "bank_slope_score": 1.0,
    "beach_dist_km": 254.5,
    "bridge_proximity_bonus": 0.0,
    "catchment_area_km2": 12.9612,
    "channel_width_m": 9.03,
    "channel_width_score": 1.0,
    "composite_score": 26.5644,
    "cso_density": 0.0,
    "dem_lat": 35.751491,
    "dem_lon": -79.855093,
    "ej_index": 0.233,
    "elevation_m": 158.8669,
    "estuary_dist_km": 353.57,
    "feasibility_score": 66.2338,
    "flood_q10_cfs": 1271.32,
    "flow_score": 38.7682,
    "flow_velocity_ms": 0.1013,
    "generation_score": 7.5278,
    "impact_score": 15.5966,
    "impervious_pct": 5.34,
    "land_ownership": 0.5,
    "lat": 35.7515,
    "litter_complaint_density": 0.0,
    "lon": -79.8551,
    "npdes_points": 0,
    "pixel_col": 411.0,
    "pixel_row": 379.0,
    "population_density": 83.9,
    "position_along": 0.5,
    "protected_area_score": 0.0,
    "rank": 59,
    "river_name": "Back Creek",
    "road_access_m": 139.7,
    "road_access_score": 1.0,
    "road_density_km_km2": 1.417,
    "robustness_pct": 0.0,
    "runoff_coeff_C": 0.0981,
    "seasonal_cv": 0.4229,
    "segment_id": 10,
    "segment_length_m": 2627.1356,
    "snap_dist_m": 10.9,
    "stream_order": 3,
    "superfund_score": 0.0,
    "tourism_amenity_density": 0.0,
    "tri_facility_density": 0.0,
    "usgs_mean_q_cfs": 10.964,
    "velocity_feasibility": 0.7,
    "water_intake_score": 0.0
   },
   "type": "Feature"
  },
  {
   "geometry": {
    "coordinates": [
     -79.754366,
     35.760778
    ],
    "type": "Point"
   },
   "properties": {
    "accumulation": 23469.0,
    "bank_slope_deg": 4.97,
    "bank_slope_score": 1.0,
    "beach_dist_km": 248.51,
    "bridge_proximity_bonus": 0.0,
    "catchment_area_km2": 2.3417,
    "channel_width_m": 4.44,
    "channel_width_score": 1.0,
    "composite_score": 26.3218,
    "cso_density": 0.0,
    "ej_index": 0.404,
    "elevation_m": 172.7585,
    "estuary_dist_km": 344.89,
    "feasibility_score": 53.2468,
    "flood_q10_cfs": 361.51,
    "flow_score": 19.1449,
    "flow_velocity_ms": 0.1092,
    "generation_score": 2.1726,
    "impact_score": 42.9891,
    "impervious_pct": 1.34,
    "land_ownership": 0.5,
    "lat": 35.7608,
    "litter_complaint_density": 0.0,
    "lon": -79.7544,
    "npdes_points": 0,
    "pixel_col": 1321.0,
    "pixel_row": 265.0,
    "population_density": 49.3,
    "position_along": 0.5,
    "protected_area_score": 0.0,
    "rank": 60,
    "river_name": "Deep River",
    "road_access_m": 330.8,
    "road_access_score": 0.8,
    "road_density_km_km2": 0.81,
    "robustness_pct": 0.0,
    "runoff_coeff_C": 0.0621,
    "seasonal_cv": 0.398,
    "segment_id": 5,
    "segment_length_m": 1126.1427,
    "stream_order": 3,
    "superfund_score": 0.0,
    "tourism_amenity_density": 0.0,
    "tri_facility_density": 0.0,
    "usgs_mean_q_cfs": 1.2,
    "velocity_feasibility": 0.7,
    "water_intake_score": 0.0
   },
   "type": "Feature"
  },
  {
   "geometry": {
    "coordinates": [
     -79.888989,
     35.669963
    ],
    "type": "Point"
   },
   "properties": {
    "accumulation": 143802.0,
    "bank_slope_deg": 5.48,
    "bank_slope_score": 1.0,
    "beach_dist_km": 250.93,
    "bridge_proximity_bonus": 0.0,
    "catchment_area_km2": 14.3481,
    "channel_width_m": 9.42,
    "channel_width_score": 1.0,
    "composite_score": 26.2257,
    "cso_density": 0.0,
    "dem_lat": 35.670075,
    "dem_lon": -79.889225,
    "ej_index": 0.332,
    "elevation_m": 161.7001,
    "estuary_dist_km": 354.89,
    "feasibility_score": 53.2468,
    "flood_q10_cfs": 1300.91,
    "flow_score": 38.1839,
    "flow_velocity_ms": 0.1759,
    "generation_score": 7.1904,
    "impact_score": 21.7854,
    "impervious_pct": 2.93,
    "land_ownership": 0.5,
    "lat": 35.6701,
    "litter_complaint_density": 0.0,
    "lon": -79.8892,
    "npdes_points": 0,
    "pixel_col": 109.0,
    "pixel_row": 1286.0,
    "population_density": 57.1,
    "position_along": 0.5,
    "protected_area_score": 0.0,
    "rank": 61,
    "river_name": "Taylors Creek",
    "road_access_m": 275.0,
    "road_access_score": 0.8,
    "road_density_km_km2": 1.662,
    "robustness_pct": 0.0,
    "runoff_coeff_C": 0.0764,
    "seasonal_cv": 0.4228,
    "segment_id": 52,
    "segment_length_m": 2727.4398,
    "snap_dist_m": 24.7,
    "stream_order": 3,
    "superfund_score": 0.0,
    "tourism_amenity_density": 0.0,
    "tri_facility_density": 0.0697,
    "usgs_mean_q_cfs": 6.422,
    "velocity_feasibility": 0.7,
    "water_intake_score": 0.0
   },
   "type": "Feature"
  },
  {
   "geometry": {
    "coordinates": [
     -79.848669,
     35.703196
    ],
    "type": "Point"
   },
   "properties": {
    "accumulation": 26535.0,
    "bank_slope_deg": 1.78,
    "bank_slope_score": 1.0,
    "beach_dist_km": 250.52,
    "bridge_proximity_bonus": 0.0,
    "catchment_area_km2": 2.6476,
    "channel_width_m": 4.67,
    "channel_width_score": 1.0,
    "composite_score": 26.0264,
    "cso_density": 0.0,
    "ej_index": 0.4813,
    "elevation_m": 208.6567,
    "estuary_dist_km": 351.95,
    "feasibility_score": 53.2468,
    "flood_q10_cfs": 428.67,
    "flow_score": 20.4345,
    "flow_velocity_ms": 0.0956,
    "generation_score": 8.3031,
    "impact_score": 34.7994,
    "impervious_pct": 5.79,
    "land_ownership": 0.5,
    "lat": 35.7032,
    "litter_complaint_density": 0.0,
    "lon": -79.8487,
    "npdes_points": 0,
    "pixel_col": 474.0,
    "pixel_row": 911.0,
    "population_density": 94.2,
    "position_along": 0.25,
    "protected_area_score": 0.0,
    "rank": 62,
    "river_name": "Cedar Fork Creek",
    "road_access_m": 349.8,
    "road_access_score": 0.8,
    "road_density_km_km2": 1.446,
    "robustness_pct": 0.0,
    "runoff_coeff_C": 0.1021,
    "seasonal_cv": 0.3985,
    "segment_id": 36,
    "segment_length_m": 3266.543,
    "stream_order": 3,
    "superfund_score": 0.0,
    "tourism_amenity_density": 0.2387,
    "tri_facility_density": 0.0,
    "usgs_mean_q_cfs": 1.63,
    "velocity_feasibility": 0.7,
    "water_intake_score": 0.0
   },
   "type": "Feature"
  },
  {
   "geometry": {
    "coordinates": [
     -79.833855,
     35.761334
    ],
    "type": "Point"
   },
   "properties": {
    "accumulation": 35340.0,
    "bank_slope_deg": 1.81,
    "bank_slope_score": 1.0,
    "beach_dist_km": 253.81,
    "bridge_proximity_bonus": 0.0,
    "catchment_area_km2": 3.5261,
    "channel_width_m": 5.26,
    "channel_width_score": 1.0,
    "composite_score": 25.1198,
    "cso_density": 0.0,
    "ej_index": 0.2516,
    "elevation_m": 174.6823,
    "estuary_dist_km": 351.92,
    "feasibility_score": 53.2468,
    "flood_q10_cfs": 572.67,
    "flow_score": 22.824,
    "flow_velocity_ms": 0.1096,
    "generation_score": 18.3806,
    "impact_score": 19.7086,
    "impervious_pct": 10.0,
    "land_ownership": 0.5,
    "lat": 35.7613,
    "litter_complaint_density": 0.0,
    "lon": -79.8339,
    "npdes_points": 0,
    "pixel_col": 600.0,
    "pixel_row": 267.0,
    "population_density": 202.6,
    "position_along": 0.5,
    "protected_area_score": 0.0,
    "rank": 63,
    "river_name": "Back Creek",
    "road_access_m": 287.9,
    "road_access_score": 0.8,
    "road_density_km_km2": 2.993,
    "robustness_pct": 0.0,
    "runoff_coeff_C": 0.14,
    "seasonal_cv": 0.3936,
    "segment_id": 8,
    "segment_length_m": 2508.9834,
    "stream_order": 3,
    "superfund_score": 0.0,
    "tourism_amenity_density": 0.0,
    "tri_facility_density": 0.0,
    "usgs_mean_q_cfs": 1.324,
    "velocity_feasibility": 0.7,
    "water_intake_score": 0.0
   },
   "type": "Feature"
  },
  {
   "geometry": {
    "coordinates": [
     -79.851561,
     35.714738
    ],
    "type": "Point"
   },
   "properties": {
    "accumulation": 32375.0,
    "bank_slope_deg": 1.46,
    "bank_slope_score": 1.0,
    "beach_dist_km": 251.56,
    "bridge_proximity_bonus": 0.0,
    "catchment_area_km2": 3.2303,
    "channel_width_m": 5.08,
    "channel_width_score": 1.0,
    "composite_score": 24.9582,
    "cso_density": 0.0,
    "ej_index": 0.4596,
    "elevation_m": 178.1754,
    "estuary_dist_km": 352.45,
    "feasibility_score": 53.2468,
    "flood_q10_cfs": 495.83,
    "flow_score": 21.7498,
    "flow_velocity_ms": 0.1158,
    "generation_score": 7.0912,
    "impact_score": 31.3544,
    "impervious_pct": 5.54,
    "land_ownership": 0.5,
    "lat": 35.7147,
    "litter_complaint_density": 0.0,
    "lon": -79.8516,
    "npdes_points": 0,
    "pixel_col": 447.0,
    "pixel_row": 783.0,
    "population_density": 79.4,
    "position_along": 0.75,
    "protected_area_score": 0.0,
    "rank": 64,
    "river_name": "Cedar Fork Creek",
    "road_access_m": 476.8,
    "road_access_score": 0.8,
    "road_density_km_km2": 1.196,
    "robustness_pct": 0.0,
    "runoff_coeff_C": 0.0999,
    "seasonal_cv": 0.3988,
    "segment_id": 36,
    "segment_length_m": 3266.543,
    "stream_order": 3,
    "superfund_score": 0.0,
    "tourism_amenity_density": 0.1592,
    "tri_facility_density": 0.0,
    "usgs_mean_q_cfs": 1.701,
    "velocity_feasibility": 0.7,
    "water_intake_score": 0.0
   },
   "type": "Feature"
  },
  {
   "geometry": {
    "coordinates": [
     -79.849135,
     35.726047
    ],
    "type": "Point"
   },
   "properties": {
    "accumulation": 27810.0,
    "bank_slope_deg": 4.24,
    "bank_slope_score": 1.0,
    "beach_dist_km": 252.23,
    "bridge_proximity_bonus": 0.0,
    "catchment_area_km2": 2.7748,
    "channel_width_m": 4.77,
    "channel_width_score": 1.0,
    "composite_score": 24.6838,
    "cso_density": 0.0,
    "dem_lat": 35.726,
    "dem_lon": -79.849219,
    "ej_index": 0.274,
    "elevation_m": 165.8992,
    "estuary_dist_km": 352.49,
    "feasibility_score": 66.2338,
    "flood_q10_cfs": 414.73,
    "flow_score": 20.6209,
    "flow_velocity_ms": 0.1222,
    "generation_score": 8.0945,
    "impact_score": 23.8838,
    "impervious_pct": 1.88,
    "land_ownership": 0.5,
    "lat": 35.726,
    "litter_complaint_density": 0.0,
    "lon": -79.8492,
    "npdes_points": 0,
    "pixel_col": 465.0,
    "pixel_row": 660.0,
    "population_density": 107.5,
    "position_along": 0.5,
    "protected_area_score": 0.0,
    "rank": 65,
    "river_name": "Long Branch",
    "road_access_m": 140.7,
    "road_access_score": 1.0,
    "road_density_km_km2": 2.591,
    "robustness_pct": 0.0,
    "runoff_coeff_C": 0.0669,
    "seasonal_cv": 0.3956,
    "segment_id": 17,
    "segment_length_m": 1870.2859,
    "snap_dist_m": 9.3,
    "stream_order": 3,
    "superfund_score": 0.0,
    "tourism_amenity_density": 0.3183,
    "tri_facility_density": 0.0,
    "usgs_mean_q_cfs": 1.746,
    "velocity_feasibility": 0.7,
    "water_intake_score": 0.0
   },
   "type": "Feature"
  },
  {
   "geometry": {
    "coordinates": [
     -79.859333,
     35.72077
    ],
    "type": "Point"
   },
   "properties": {
    "accumulation": 63385.0,
    "bank_slope_deg": 0.39,
    "bank_slope_score": 1.0,
    "beach_dist_km": 252.53,
    "bridge_proximity_bonus": 0.0,
    "catchment_area_km2": 6.3244,
    "channel_width_m": 6.71,
    "channel_width_score": 1.0,
    "composite_score": 24.3053,
    "cso_density": 0.0,
    "ej_index": 0.4151,
    "elevation_m": 161.5736,
    "estuary_dist_km": 353.27,
    "feasibility_score": 53.2468,
    "flood_q10_cfs": 793.52,
    "flow_score": 26.5527,
    "flow_velocity_ms": 0.1276,
    "generation_score": 6.3098,
    "impact_score": 25.9573,
    "impervious_pct": 3.48,
    "land_ownership": 0.5,
    "lat": 35.7208,
    "litter_complaint_density": 0.0,
    "lon": -79.8593,
    "npdes_points": 0,
    "pixel_col": 374.0,
    "pixel_row": 717.0,
    "population_density": 86.2,
    "position_along": 0.5,
    "protected_area_score": 0.0,
    "rank": 66,
    "river_name": "Cedar Fork Creek",
    "road_access_m": 297.0,
    "road_access_score": 0.8,
    "road_density_km_km2": 1.441,
    "robustness_pct": 0.0,
    "runoff_coeff_C": 0.0813,
    "seasonal_cv": 0.4062,
    "segment_id": 37,
    "segment_length_m": 955.6226,
    "stream_order": 3,
    "superfund_score": 0.0,
    "tourism_amenity_density": 0.0,
    "tri_facility_density": 0.0,
    "usgs_mean_q_cfs": 3.112,
    "velocity_feasibility": 0.7,
    "water_intake_score": 0.0
   },
   "type": "Feature"
  },
  {
   "geometry": {
    "coordinates": [
     -79.878729,
     35.662982
    ],
    "type": "Point"
   },
   "properties": {
    "accumulation": 34970.0,
    "bank_slope_deg": 7.49,
    "bank_slope_score": 1.0,
    "beach_dist_km": 249.7,
    "bridge_proximity_bonus": 0.0,
    "catchment_area_km2": 3.4892,
    "channel_width_m": 5.24,
    "channel_width_score": 1.0,
    "composite_score": 24.0996,
    "cso_density": 0.0,
    "ej_index": 0.27,
    "elevation_m": 176.0714,
    "estuary_dist_km": 353.82,
    "feasibility_score": 66.2338,
    "flood_q10_cfs": 490.48,
    "flow_score": 22.0879,
    "flow_velocity_ms": 0.1365,
    "generation_score": 6.0011,
    "impact_score": 22.8073,
    "impervious_pct": 1.6,
    "land_ownership": 0.5,
    "lat": 35.663,
    "litter_complaint_density": 0.0,
    "lon": -79.8787,
    "npdes_points": 0,
    "pixel_col": 207.0,
    "pixel_row": 1360.0,
    "population_density": 56.3,
    "position_along": 0.5,
    "protected_area_score": 0.0,
    "rank": 67,
    "river_name": "Taylors Creek",
    "road_access_m": 158.0,
    "road_access_score": 1.0,
    "road_density_km_km2": 2.63,
    "robustness_pct": 0.0,
    "runoff_coeff_C": 0.0644,
    "seasonal_cv": 0.4037,
    "segment_id": 51,
    "segment_length_m": 1328.0491,
    "stream_order": 3,
    "superfund_score": 0.0,
    "tourism_amenity_density": 0.0796,
    "tri_facility_density": 0.0,
    "usgs_mean_q_cfs": 2.241,
    "velocity_feasibility": 0.7,
    "water_intake_score": 0.0
   },
   "type": "Feature"
  },
  {
   "geometry": {
    "coordinates": [
     -79.877141,
     35.666642
    ],
    "type": "Point"
   },
   "properties": {
    "accumulation": 52616.0,
    "bank_slope_deg": 2.15,
    "bank_slope_score": 1.0,
    "beach_dist_km": 249.85,
    "bridge_proximity_bonus": 0.0,
    "catchment_area_km2": 5.2499,
    "channel_width_m": 6.21,
    "channel_width_score": 1.0,
    "composite_score": 24.071,
    "cso_density": 0.0,
    "dem_lat": 35.666735,
    "dem_lon": -79.877127,
    "ej_index": 0.3154,
    "elevation_m": 178.1901,
    "estuary_dist_km": 353.75,
    "feasibility_score": 53.2468,
    "flood_q10_cfs": 703.28,
    "flow_score": 25.3156,
    "flow_velocity_ms": 0.136,
    "generation_score": 8.4426,
    "impact_score": 24.0745,
    "impervious_pct": 4.6,
    "land_ownership": 0.5,
    "lat": 35.6667,
    "litter_complaint_density": 0.0,
    "lon": -79.8771,
    "npdes_points": 0,
    "pixel_col": 219.0,
    "pixel_row": 1320.0,
    "population_density": 60.6,
    "position_along": 0.5,
    "protected_area_score": 0.0,
    "rank": 68,
    "river_name": "Taylors Creek",
    "road_access_m": 355.0,
    "road_access_score": 0.8,
    "road_density_km_km2": 2.683,
    "robustness_pct": 0.0,
    "runoff_coeff_C": 0.0914,
    "seasonal_cv": 0.4052,
    "segment_id": 49,
    "segment_length_m": 807.7979,
    "snap_dist_m": 10.4,
    "stream_order": 3,
    "superfund_score": 0.0,
    "tourism_amenity_density": 0.0,
    "tri_facility_density": 0.0,
    "usgs_mean_q_cfs": 2.612,
    "velocity_feasibility": 0.7,
    "water_intake_score": 0.0
   },
   "type": "Feature"
  },
  {
   "geometry": {
    "coordinates": [
     -79.848477,
     35.760746
    ],
    "type": "Point"
   },
   "properties": {
    "accumulation": 94669.0,
    "bank_slope_deg": 5.45,
    "bank_slope_score": 1.0,
    "beach_dist_km": 254.75,
    "bridge_proximity_bonus": 0.0,
    "catchment_area_km2": 9.4458,
    "channel_width_m": 7.92,
    "channel_width_score": 1.0,
    "composite_score": 23.6441,
    "cso_density": 0.0,
    "dem_lat": 35.760764,
    "dem_lon": -79.848503,
    "ej_index": 0.2029,
    "elevation_m": 162.2494,
    "estuary_dist_km": 353.2,
    "feasibility_score": 53.2468,
    "flood_q10_cfs": 1076.72,
    "flow_score": 34.938,
    "flow_velocity_ms": 0.1228,
    "generation_score": 8.4582,
    "impact_score": 14.6173,
    "impervious_pct": 6.0,
    "land_ownership": 0.5,
    "lat": 35.7608,
    "litter_complaint_density": 0.0,
    "lon": -79.8485,
    "npdes_points": 0,
    "pixel_col": 468.0,
    "pixel_row": 275.0,
    "population_density": 86.1,
    "position_along": 0.5,
    "protected_area_score": 0.0,
    "rank": 69,
    "river_name": "Back Creek",
    "road_access_m": 294.4,
    "road_access_score": 0.8,
    "road_density_km_km2": 1.615,
    "robustness_pct": 0.0,
    "runoff_coeff_C": 0.104,
    "seasonal_cv": 0.419,
    "segment_id": 9,
    "segment_length_m": 1573.6325,
    "snap_dist_m": 3.1,
    "stream_order": 3,
    "superfund_score": 0.0,
    "tourism_amenity_density": 0.0,
    "tri_facility_density": 0.0,
    "usgs_mean_q_cfs": 9.487,
    "velocity_feasibility": 0.7,
    "water_intake_score": 0.0
   },
   "type": "Feature"
  },
  {
   "geometry": {
    "coordinates": [
     -79.86912,
     35.662772
    ],
    "type": "Point"
   },
   "properties": {
    "accumulation": 24278.0,
    "bank_slope_deg": 4.96,
    "bank_slope_score": 1.0,
    "beach_dist_km": 249.02,
    "bridge_proximity_bonus": 0.0,
    "catchment_area_km2": 2.4224,
    "channel_width_m": 4.5,
    "channel_width_score": 1.0,
    "composite_score": 23.188,
    "cso_density": 0.0,
    "dem_lat": 35.662782,
    "dem_lon": -79.86912,
    "ej_index": 0.3467,
    "elevation_m": 197.2045,
    "estuary_dist_km": 352.96,
    "feasibility_score": 53.2468,
    "flood_q10_cfs": 373.99,
    "flow_score": 19.6934,
    "flow_velocity_ms": 0.1198,
    "generation_score": 6.7055,
    "impact_score": 27.5534,
    "impervious_pct": 1.82,
    "land_ownership": 0.5,
    "lat": 35.6628,
    "litter_complaint_density": 0.0,
    "lon": -79.8691,
    "npdes_points": 0,
    "pixel_col": 292.0,
    "pixel_row": 1365.0,
    "population_density": 79.5,
    "position_along": 0.5,
    "protected_area_score": 0.0,
    "rank": 70,
    "river_name": "Taylors Creek",
    "road_access_m": 402.1,
    "road_access_score": 0.8,
    "road_density_km_km2": 2.444,
    "robustness_pct": 0.0,
    "runoff_coeff_C": 0.0664,
    "seasonal_cv": 0.3991,
    "segment_id": 48,
    "segment_length_m": 1488.5804,
    "snap_dist_m": 1.1,
    "stream_order": 3,
    "superfund_score": 0.0,
    "tourism_amenity_density": 0.0,
    "tri_facility_density": 0.0,
    "usgs_mean_q_cfs": 1.349,
    "velocity_feasibility": 0.7,
    "water_intake_score": 0.0
   },
   "type": "Feature"
  },
  {
   "geometry": {
    "coordinates": [
     -79.845888,
     35.742904
    ],
    "type": "Point"
   },
   "properties": {
    "accumulation": 34407.0,
    "bank_slope_deg": 4.06,
    "bank_slope_score": 1.0,
    "beach_dist_km": 253.27,
    "bridge_proximity_bonus": 0.0,
    "catchment_area_km2": 3.433,
    "channel_width_m": 5.21,
    "channel_width_score": 1.0,
    "composite_score": 22.6903,
    "cso_density": 0.0,
    "dem_lat": 35.743169,
    "dem_lon": -79.845892,
    "ej_index": 0.1268,
    "elevation_m": 167.1864,
    "estuary_dist_km": 352.57,
    "feasibility_score": 53.2468,
    "flood_q10_cfs": 522.38,
    "flow_score": 22.6914,
    "flow_velocity_ms": 0.1302,
    "generation_score": 9.6622,
    "impact_score": 20.4393,
    "impervious_pct": 5.9,
    "land_ownership": 0.5,
    "lat": 35.7432,
    "litter_complaint_density": 0.0,
    "lon": -79.8459,
    "npdes_points": 0,
    "pixel_col": 492.0,
    "pixel_row": 471.0,
    "population_density": 126.9,
    "position_along": 0.5,
    "protected_area_score": 0.0,
    "rank": 71,
    "river_name": "Greenes Branch",
    "road_access_m": 211.0,
    "road_access_score": 0.8,
    "road_density_km_km2": 1.46,
    "robustness_pct": 0.0,
    "runoff_coeff_C": 0.1031,
    "seasonal_cv": 0.3955,
    "segment_id": 14,
    "segment_length_m": 2967.466,
    "snap_dist_m": 29.4,
    "stream_order": 3,
    "superfund_score": 0.0,
    "tourism_amenity_density": 0.8754,
    "tri_facility_density": 0.0,
    "usgs_mean_q_cfs": 1.906,
    "velocity_feasibility": 0.7,
    "water_intake_score": 0.0
   },
   "type": "Feature"
  },
  {
   "geometry": {
    "coordinates": [
     -79.889082,
     35.726854
    ],
    "type": "Point"
   },
   "properties": {
    "accumulation": 21223.0,
    "bank_slope_deg": 10.74,
    "bank_slope_score": 1.0,
    "beach_dist_km": 255.0,
    "bridge_proximity_bonus": 0.0,
    "catchment_area_km2": 2.1176,
    "channel_width_m": 4.26,
    "channel_width_score": 1.0,
    "composite_score": 21.2868,
    "cso_density": 0.0,
    "ej_index": 0.5292,
    "elevation_m": 144.1638,
    "estuary_dist_km": 356.04,
    "feasibility_score": 53.2468,
    "flood_q10_cfs": 340.08,
    "flow_score": 18.9954,
    "flow_velocity_ms": 0.1066,
    "generation_score": 3.6735,
    "impact_score": 24.8297,
    "impervious_pct": 2.18,
    "land_ownership": 0.5,
    "lat": 35.7269,
    "litter_complaint_density": 0.0,
    "lon": -79.8891,
    "npdes_points": 0,
    "pixel_col": 105.0,
    "pixel_row": 656.0,
    "population_density": 57.9,
    "position_along": 0.5,
    "protected_area_score": 0.0,
    "rank": 72,
    "river_name": "Back Creek",
    "road_access_m": 279.4,
    "road_access_score": 0.8,
    "road_density_km_km2": 1.113,
    "robustness_pct": 0.0,
    "runoff_coeff_C": 0.0696,
    "seasonal_cv": 0.3929,
    "segment_id": 18,
    "segment_length_m": 856.7381,
    "stream_order": 3,
    "superfund_score": 0.0,
    "tourism_amenity_density": 0.1592,
    "tri_facility_density": 0.0,
    "usgs_mean_q_cfs": 1.152,
    "velocity_feasibility": 0.7,
    "water_intake_score": 0.0
   },
   "type": "Feature"
  },
  {
   "geometry": {
    "coordinates": [
     -79.858431,
     35.715283
    ],
    "type": "Point"
   },
   "properties": {
    "accumulation": 21474.0,
    "bank_slope_deg": 0.62,
    "bank_slope_score": 1.0,
    "beach_dist_km": 252.07,
    "bridge_proximity_bonus": 0.0,
    "catchment_area_km2": 2.1426,
    "channel_width_m": 4.28,
    "channel_width_score": 1.0,
    "composite_score": 20.2438,
    "cso_density": 0.0,
    "ej_index": 0.4596,
    "elevation_m": 166.3347,
    "estuary_dist_km": 353.07,
    "feasibility_score": 40.2597,
    "flood_q10_cfs": 338.4,
    "flow_score": 17.9354,
    "flow_velocity_ms": 0.0656,
    "generation_score": 3.1644,
    "impact_score": 29.239,
    "impervious_pct": 1.39,
    "land_ownership": 0.5,
    "lat": 35.7153,
    "litter_complaint_density": 0.0,
    "lon": -79.8584,
    "npdes_points": 0,
    "pixel_col": 386.0,
    "pixel_row": 777.0,
    "population_density": 79.4,
    "position_along": 0.5,
    "protected_area_score": 0.0,
    "rank": 73,
    "river_name": "Cedar Fork Creek",
    "road_access_m": 674.5,
    "road_access_score": 0.6,
    "road_density_km_km2": 0.703,
    "robustness_pct": 0.0,
    "runoff_coeff_C": 0.0625,
    "seasonal_cv": 0.395,
    "segment_id": 25,
    "segment_length_m": 766.1287,
    "stream_order": 3,
    "superfund_score": 0.0,
    "tourism_amenity_density": 0.0796,
    "tri_facility_density": 0.0,
    "usgs_mean_q_cfs": 1.172,
    "velocity_feasibility": 0.7,
    "water_intake_score": 0.0
   },
   "type": "Feature"
  },
  {
   "geometry": {
    "coordinates": [
     -79.874821,
     35.69304
    ],
    "type": "Point"
   },
   "properties": {
    "accumulation": 27600.0,
    "bank_slope_deg": 4.58,
    "bank_slope_score": 1.0,
    "beach_dist_km": 251.58,
    "bridge_proximity_bonus": 0.0,
    "catchment_area_km2": 2.7538,
    "channel_width_m": 4.75,
    "channel_width_score": 1.0,
    "composite_score": 19.4923,
    "cso_density": 0.0,
    "dem_lat": 35.693103,
    "dem_lon": -79.87476,
    "ej_index": 0.381,
    "elevation_m": 182.3405,
    "estuary_dist_km": 354.06,
    "feasibility_score": 53.2468,
    "flood_q10_cfs": 419.21,
    "flow_score": 7.1197,
    "flow_velocity_ms": 0.1345,
    "generation_score": 8.0319,
    "impact_score": 24.3861,
    "impervious_pct": 2.82,
    "land_ownership": 0.5,
    "lat": 35.6931,
    "litter_complaint_density": 0.0,
    "lon": -79.8748,
    "npdes_points": 0,
    "pixel_col": 238.0,
    "pixel_row": 1025.0,
    "population_density": 60.7,
    "position_along": 0.1667,
    "protected_area_score": 0.0,
    "rank": 74,
    "river_name": "Cable Creek",
    "road_access_m": 291.9,
    "road_access_score": 0.8,
    "road_density_km_km2": 3.157,
    "robustness_pct": 0.0,
    "runoff_coeff_C": 0.0754,
    "seasonal_cv": 0.3988,
    "segment_id": 41,
    "segment_length_m": 4917.6626,
    "snap_dist_m": 8.9,
    "stream_order": 1,
    "superfund_score": 0.0,
    "tourism_amenity_density": 0.0,
    "tri_facility_density": 0.0,
    "usgs_mean_q_cfs": 1.882,
    "velocity_feasibility": 0.7,
    "water_intake_score": 0.0
   },
   "type": "Feature"
  },
  {
   "geometry": {
    "coordinates": [
     -79.842033,
     35.770191
    ],
    "type": "Point"
   },
   "properties": {
    "accumulation": 29014.0,
    "bank_slope_deg": 2.12,
    "bank_slope_score": 1.0,
    "beach_dist_km": 255.01,
    "bridge_proximity_bonus": 0.0,
    "catchment_area_km2": 2.8949,
    "channel_width_m": 4.85,
    "channel_width_score": 1.0,
    "composite_score": 19.2272,
    "cso_density": 0.0,
    "dem_lat": 35.77019,
    "dem_lon": -79.841958,
    "ej_index": 0.201,
    "elevation_m": 168.5751,
    "estuary_dist_km": 352.83,
    "feasibility_score": 40.2597,
    "flood_q10_cfs": 460.29,
    "flow_score": 24.7586,
    "flow_velocity_ms": 0.1048,
    "generation_score": 8.5164,
    "impact_score": 14.8122,
    "impervious_pct": 6.01,
    "land_ownership": 0.5,
    "lat": 35.7702,
    "litter_complaint_density": 0.0,
    "lon": -79.842,
    "npdes_points": 0,
    "pixel_col": 527.0,
    "pixel_row": 170.0,
    "population_density": 76.7,
    "position_along": 0.5,
    "protected_area_score": 0.0,
    "rank": 75,
    "river_name": "Back Creek",
    "road_access_m": 523.0,
    "road_access_score": 0.6,
    "road_density_km_km2": 1.837,
    "robustness_pct": 0.0,
    "runoff_coeff_C": 0.1041,
    "seasonal_cv": 0.4113,
    "segment_id": 1,
    "segment_length_m": 1499.5732,
    "snap_dist_m": 6.8,
    "stream_order": 3,
    "superfund_score": 0.0,
    "tourism_amenity_density": 0.0,
    "tri_facility_density": 0.0,
    "usgs_mean_q_cfs": 7.23,
    "velocity_feasibility": 0.7,
    "water_intake_score": 0.0
   },
   "type": "Feature"
  },
  {
   "geometry": {
    "coordinates": [
     -79.893121,
     35.678676
    ],
    "type": "Point"
   },
   "properties": {
    "accumulation": 66352.0,
    "bank_slope_deg": 3.52,
    "bank_slope_score": 1.0,
    "beach_dist_km": 251.82,
    "bridge_proximity_bonus": 0.0,
    "catchment_area_km2": 6.6204,
    "channel_width_m": 6.84,
    "channel_width_score": 1.0,
    "composite_score": 19.1566,
    "cso_density": 0.0,
    "dem_lat": 35.678695,
    "dem_lon": -79.893155,
    "ej_index": 0.3769,
    "elevation_m": 145.6339,
    "estuary_dist_km": 355.41,
    "feasibility_score": 53.2468,
    "flood_q10_cfs": 801.05,
    "flow_score": 13.0921,
    "flow_velocity_ms": 0.1327,
    "generation_score": 4.4635,
    "impact_score": 21.8585,
    "impervious_pct": 2.05,
    "land_ownership": 0.5,
    "lat": 35.6787,
    "litter_complaint_density": 0.0,
    "lon": -79.8932,
    "npdes_points": 0,
    "pixel_col": 74.0,
    "pixel_row": 1191.0,
    "population_density": 61.4,
    "position_along": 0.8333,
    "protected_area_score": 0.0,
    "rank": 76,
    "river_name": "Cable Creek",
    "road_access_m": 207.3,
    "road_access_score": 0.8,
    "road_density_km_km2": 1.518,
    "robustness_pct": 0.0,
    "runoff_coeff_C": 0.0684,
    "seasonal_cv": 0.4104,
    "segment_id": 41,
    "segment_length_m": 4917.6626,
    "snap_dist_m": 3.8,
    "stream_order": 1,
    "superfund_score": 0.0,
    "tourism_amenity_density": 0.0,
    "tri_facility_density": 0.0,
    "usgs_mean_q_cfs": 3.788,
    "velocity_feasibility": 0.7,
    "water_intake_score": 0.0
   },
   "type": "Feature"
  },
  {
   "geometry": {
    "coordinates": [
     -79.886735,
     35.687118
    ],
    "type": "Point"
   },
   "properties": {
    "accumulation": 54062.0,
    "bank_slope_deg": 2.0,
    "bank_slope_score": 1.0,
    "beach_dist_km": 251.98,
    "bridge_proximity_bonus": 0.0,
    "catchment_area_km2": 5.3941,
    "channel_width_m": 6.28,
    "channel_width_score": 1.0,
    "composite_score": 18.8515,
    "cso_density": 0.0,
    "dem_lat": 35.687178,
    "dem_lon": -79.886768,
    "ej_index": 0.3646,
    "elevation_m": 157.1686,
    "estuary_dist_km": 355.01,
    "feasibility_score": 53.2468,
    "flood_q10_cfs": 686.47,
    "flow_score": 12.2323,
    "flow_velocity_ms": 0.1584,
    "generation_score": 4.2452,
    "impact_score": 21.7762,
    "impervious_pct": 2.05,
    "land_ownership": 0.5,
    "lat": 35.6872,
    "litter_complaint_density": 0.0,
    "lon": -79.8868,
    "npdes_points": 0,
    "pixel_col": 129.0,
    "pixel_row": 1095.0,
    "population_density": 66.0,
    "position_along": 0.5,
    "protected_area_score": 0.0,
    "rank": 77,
    "river_name": "Cable Creek",
    "road_access_m": 264.4,
    "road_access_score": 0.8,
    "road_density_km_km2": 1.305,
    "robustness_pct": 0.0,
    "runoff_coeff_C": 0.0684,
    "seasonal_cv": 0.4104,
    "segment_id": 41,
    "segment_length_m": 4917.6626,
    "snap_dist_m": 7.3,
    "stream_order": 1,
    "superfund_score": 0.0,
    "tourism_amenity_density": 0.0,
    "tri_facility_density": 0.0,
    "usgs_mean_q_cfs": 3.788,
    "velocity_feasibility": 0.7,
    "water_intake_score": 0.0
   },
   "type": "Feature"
  },
  {
   "geometry": {
    "coordinates": [
     -79.896399,
     35.70771
    ],
    "type": "Point"
   },
   "properties": {
    "accumulation": 40684.0,
    "bank_slope_deg": 2.47,
    "bank_slope_score": 1.0,
    "beach_dist_km": 254.12,
    "bridge_proximity_bonus": 0.0,
    "catchment_area_km2": 4.0593,
    "channel_width_m": 5.58,
    "channel_width_score": 1.0,
    "composite_score": 18.7543,
    "cso_density": 0.0,
    "ej_index": 0.3697,
    "elevation_m": 142.3753,
    "estuary_dist_km": 356.28,
    "feasibility_score": 66.2338,
    "flood_q10_cfs": 552.73,
    "flow_score": 8.8221,
    "flow_velocity_ms": 0.1329,
    "generation_score": 4.4488,
    "impact_score": 17.597,
    "impervious_pct": 1.91,
    "land_ownership": 0.5,
    "lat": 35.7077,
    "litter_complaint_density": 0.0,
    "lon": -79.8964,
    "npdes_points": 0,
    "pixel_col": 40.0,
    "pixel_row": 867.0,
    "population_density": 81.6,
    "position_along": 0.75,
    "protected_area_score": 0.0,
    "rank": 78,
    "river_name": "Back Creek",
    "road_access_m": 168.2,
    "road_access_score": 1.0,
    "road_density_km_km2": 1.147,
    "robustness_pct": 0.0,
    "runoff_coeff_C": 0.0672,
    "seasonal_cv": 0.3993,
    "segment_id": 31,
    "segment_length_m": 3056.3616,
    "stream_order": 1,
    "superfund_score": 0.0,
    "tourism_amenity_density": 0.0,
    "tri_facility_density": 0.0,
    "usgs_mean_q_cfs": 2.103,
    "velocity_feasibility": 0.7,
    "water_intake_score": 0.0
   },
   "type": "Feature"
  },
  {
   "geometry": {
    "coordinates": [
     -79.867637,
     35.753455
    ],
    "type": "Point"
   },
   "properties": {
    "accumulation": 43845.0,
    "bank_slope_deg": 4.05,
    "bank_slope_score": 1.0,
    "beach_dist_km": 255.49,
    "bridge_proximity_bonus": 0.0,
    "catchment_area_km2": 4.3747,
    "channel_width_m": 5.76,
    "channel_width_score": 1.0,
    "composite_score": 18.5763,
    "cso_density": 0.0,
    "dem_lat": 35.753378,
    "dem_lon": -79.86762,
    "ej_index": 0.3704,
    "elevation_m": 163.0376,
    "estuary_dist_km": 354.72,
    "feasibility_score": 66.2338,
    "flood_q10_cfs": 586.94,
    "flow_score": 8.7577,
    "flow_velocity_ms": 0.1134,
    "generation_score": 3.0325,
    "impact_score": 18.4735,
    "impervious_pct": 2.12,
    "land_ownership": 0.5,
    "lat": 35.7534,
    "litter_complaint_density": 0.0,
    "lon": -79.8676,
    "npdes_points": 0,
    "on_unnamed_waterway": true,
    "pixel_col": 294.0,
    "pixel_row": 357.0,
    "population_density": 36.9,
    "position_along": 0.5,
    "protected_area_score": 0.0,
    "rank": 79,
    "river_name": null,
    "road_access_m": 132.3,
    "road_access_score": 1.0,
    "road_density_km_km2": 1.225,
    "robustness_pct": 0.0,
    "runoff_coeff_C": 0.0691,
    "seasonal_cv": 0.3942,
    "segment_id": 7,
    "segment_length_m": 2855.875,
    "snap_dist_m": 8.6,
    "stream_order": 1,
    "superfund_score": 0.0,
    "tourism_amenity_density": 0.0,
    "tri_facility_density": 0.0,
    "usgs_mean_q_cfs": 1.893,
    "velocity_feasibility": 0.7,
    "water_intake_score": 0.0
   },
   "type": "Feature"
  },
  {
   "geometry": {
    "coordinates": [
     -79.890106,
     35.704906
    ],
    "type": "Point"
   },
   "properties": {
    "accumulation": 33046.0,
    "bank_slope_deg": 4.74,
    "bank_slope_score": 1.0,
    "beach_dist_km": 253.48,
    "bridge_proximity_bonus": 0.0,
    "catchment_area_km2": 3.2972,
    "channel_width_m": 5.12,
    "channel_width_score": 1.0,
    "composite_score": 17.2413,
    "cso_density": 0.0,
    "ej_index": 0.3581,
    "elevation_m": 155.0696,
    "estuary_dist_km": 355.67,
    "feasibility_score": 53.2468,
    "flood_q10_cfs": 472.64,
    "flow_score": 7.5502,
    "flow_velocity_ms": 0.1288,
    "generation_score": 5.7774,
    "impact_score": 18.7783,
    "impervious_pct": 1.92,
    "land_ownership": 0.5,
    "lat": 35.7049,
    "litter_complaint_density": 0.0,
    "lon": -79.8901,
    "npdes_points": 0,
    "pixel_col": 97.0,
    "pixel_row": 897.0,
    "population_density": 83.5,
    "position_along": 0.25,
    "protected_area_score": 0.0,
    "rank": 80,
    "river_name": "Back Creek",
    "road_access_m": 375.0,
    "road_access_score": 0.8,
    "road_density_km_km2": 1.821,
    "robustness_pct": 0.0,
    "runoff_coeff_C": 0.0673,
    "seasonal_cv": 0.3976,
    "segment_id": 31,
    "segment_length_m": 3056.3616,
    "stream_order": 1,
    "superfund_score": 0.0,
    "tourism_amenity_density": 0.0,
    "tri_facility_density": 0.0,
    "usgs_mean_q_cfs": 1.851,
    "velocity_feasibility": 0.7,
    "water_intake_score": 0.0
   },
   "type": "Feature"
  },
  {
   "geometry": {
    "coordinates": [
     -79.854271,
     35.762378
    ],
    "type": "Point"
   },
   "properties": {
    "accumulation": 21092.0,
    "bank_slope_deg": 2.84,
    "bank_slope_score": 1.0,
    "beach_dist_km": 255.26,
    "bridge_proximity_bonus": 0.0,
    "catchment_area_km2": 2.1045,
    "channel_width_m": 4.25,
    "channel_width_score": 1.0,
    "composite_score": 15.7468,
    "cso_density": 0.0,
    "ej_index": 0.2393,
    "elevation_m": 162.0484,
    "estuary_dist_km": 353.74,
    "feasibility_score": 40.2597,
    "flood_q10_cfs": 334.85,
    "flow_score": 18.249,
    "flow_velocity_ms": 0.0837,
    "generation_score": 2.4175,
    "impact_score": 14.7345,
    "impervious_pct": 1.56,
    "land_ownership": 0.5,
    "lat": 35.7624,
    "litter_complaint_density": 0.0,
    "lon": -79.8543,
    "npdes_points": 0,
    "pixel_col": 418.0,
    "pixel_row": 258.0,
    "population_density": 60.8,
    "position_along": 0.5,
    "protected_area_score": 0.0,
    "rank": 81,
    "river_name": "Back Creek",
    "road_access_m": 692.1,
    "road_access_score": 0.6,
    "road_density_km_km2": 0.618,
    "robustness_pct": 0.0,
    "runoff_coeff_C": 0.064,
    "seasonal_cv": 0.3963,
    "segment_id": 6,
    "segment_length_m": 582.1921,
    "stream_order": 3,
    "superfund_score": 0.0,
    "tourism_amenity_density": 0.0,
    "tri_facility_density": 0.0,
    "usgs_mean_q_cfs": 1.139,
    "velocity_feasibility": 0.7,
    "water_intake_score": 0.0
   },
   "type": "Feature"
  },
  {
   "geometry": {
    "coordinates": [
     -79.898746,
     35.766944
    ],
    "type": "Point"
   },
   "properties": {
    "accumulation": 21390.0,
    "bank_slope_deg": 1.72,
    "bank_slope_score": 1.0,
    "beach_dist_km": 258.59,
    "bridge_proximity_bonus": 0.0,
    "catchment_area_km2": 2.1342,
    "channel_width_m": 4.27,
    "channel_width_score": 1.0,
    "composite_score": 14.275,
    "cso_density": 0.0,
    "ej_index": 0.4579,
    "elevation_m": 155.5342,
    "estuary_dist_km": 357.77,
    "feasibility_score": 53.2468,
    "flood_q10_cfs": 337.34,
    "flow_score": 5.5392,
    "flow_velocity_ms": 0.1286,
    "generation_score": 2.4229,
    "impact_score": 13.9211,
    "impervious_pct": 1.38,
    "land_ownership": 0.5,
    "lat": 35.7669,
    "litter_complaint_density": 0.0,
    "lon": -79.8987,
    "npdes_points": 0,
    "pixel_col": 11.0,
    "pixel_row": 210.0,
    "population_density": 39.8,
    "position_along": 0.5,
    "protected_area_score": 0.0,
    "rank": 82,
    "river_name": "Caraway Creek",
    "road_access_m": 270.9,
    "road_access_score": 0.8,
    "road_density_km_km2": 1.126,
    "robustness_pct": 0.0,
    "runoff_coeff_C": 0.0624,
    "seasonal_cv": 0.3943,
    "segment_id": 4,
    "segment_length_m": 331.7613,
    "stream_order": 1,
    "superfund_score": 0.0,
    "tourism_amenity_density": 0.0,
    "tri_facility_density": 0.0,
    "usgs_mean_q_cfs": 1.375,
    "velocity_feasibility": 0.7,
    "water_intake_score": 0.0
   },
   "type": "Feature"
  },
  {
   "geometry": {
    "coordinates": [
     -79.877153,
     35.739772
    ],
    "type": "Point"
   },
   "properties": {
    "accumulation": 20639.0,
    "bank_slope_deg": 0.02,
    "bank_slope_score": 1.0,
    "beach_dist_km": 255.13,
    "bridge_proximity_bonus": 0.0,
    "catchment_area_km2": 2.0593,
    "channel_width_m": 4.21,
    "channel_width_score": 1.0,
    "composite_score": 10.3503,
    "cso_density": 0.0,
    "ej_index": 0.37,
    "elevation_m": 158.3477,
    "estuary_dist_km": 355.26,
    "feasibility_score": 19.4805,
    "flood_q10_cfs": 327.86,
    "flow_score": 3.2405,
    "flow_velocity_ms": 0.0373,
    "generation_score": 2.869,
    "impact_score": 19.1912,
    "impervious_pct": 1.29,
    "land_ownership": 0.5,
    "lat": 35.7398,
    "litter_complaint_density": 0.0,
    "lon": -79.8772,
    "npdes_points": 0,
    "pixel_col": 214.0,
    "pixel_row": 510.0,
    "population_density": 53.0,
    "position_along": 0.5,
    "protected_area_score": 0.0,
    "rank": 83,
    "river_name": "Back Creek",
    "road_access_m": 582.6,
    "road_access_score": 0.6,
    "road_density_km_km2": 1.129,
    "robustness_pct": 0.0,
    "runoff_coeff_C": 0.0616,
    "seasonal_cv": 0.3928,
    "segment_id": 16,
    "segment_length_m": 559.7907,
    "stream_order": 1,
    "superfund_score": 0.0,
    "tourism_amenity_density": 0.1592,
    "tri_facility_density": 0.0,
    "usgs_mean_q_cfs": 1.113,
    "velocity_feasibility": 0.3,
    "water_intake_score": 0.0
   },
   "type": "Feature"
  }
 ],
 "note": "GRIME region 'Asheboro, NC' \u2014 real-data pipeline (DEM\u2192streams\u2192candidates\u2192stream mask (sites confined to \u00b1150 m of mapped OSM/NHD waterways)\u2192region-appropriate real parameters\u2192shipped scoring, math unchanged). Width curve: Bieger et al. 2015 JAWRA Table 3, Appalachian Highlands. Flood: SIR 2014-5030 HR1. NC Piedmont (DEQ physiography polygon)",
 "provenance": {
  "candidates_pre_gate": 83,
  "constant": [
   "bank_slope_score",
   "channel_width_score",
   "cso_density",
   "land_ownership",
   "litter_complaint_density",
   "protected_area_score",
   "superfund_score",
   "water_intake_score"
  ],
  "hard_gate_removed": 0,
  "n_parameters": 27,
  "parameters": {
   "bank_slope_score": {
    "kind": "real",
    "n_real": 83,
    "n_sites": 83,
    "source": "region DEM gradient (3x3)"
   },
   "beach_dist_km": {
    "kind": "real",
    "n_real": 83,
    "n_sites": 83,
    "source": "haversine to region ref: Wrightsville Beach (shipped NC reference)"
   },
   "bridge_proximity_bonus": {
    "kind": "real",
    "n_real": 83,
    "n_sites": 83,
    "source": "FHWA/BTS NBI (NTAD), 50 m proximity"
   },
   "catchment_area_km2": {
    "kind": "real",
    "n_real": 83,
    "n_sites": 83,
    "source": "DEM flow accumulation (pipeline)"
   },
   "channel_width_score": {
    "kind": "real",
    "n_real": 83,
    "n_sites": 83,
    "source": "Bieger 2015 AHI width curve on DEM drainage area \u2192 shipped width curve"
   },
   "cso_density": {
    "kind": "real",
    "n_real": 83,
    "n_sites": 83,
    "source": "EPA ECHO CSO inventory (national bulk), Cauchy proximity"
   },
   "ej_index": {
    "kind": "real",
    "n_real": 83,
    "n_sites": 83,
    "source": "Census ACS C17002+B03002 two-component demographic index, percentile-ranked within region"
   },
   "estuary_dist_km": {
    "kind": "real",
    "n_real": 83,
    "n_sites": 83,
    "source": "haversine to region ref: Pamlico Sound (shipped NC reference)"
   },
   "flood_q10_cfs": {
    "kind": "real",
    "n_real": 83,
    "n_sites": 83,
    "source": "USGS SIR 2014-5030 Table 7 HR1 (NC Piedmont only)"
   },
   "flow_velocity_ms": {
    "kind": "real",
    "n_real": 76,
    "n_sites": 83,
    "source": "Manning (region DEM/D8) blended with EROM continuity (shipped M4 logic)"
   },
   "impervious_pct": {
    "kind": "real",
    "n_real": 76,
    "n_sites": 83,
    "source": "EPA StreamCat pctimp2019 (per NHDPlus watershed)"
   },
   "land_ownership": {
    "kind": "fallback",
    "n_real": 0,
    "n_sites": 83,
    "source": "no parcel integration for this region (Durham only) \u2014 unknown 0.5"
   },
   "litter_complaint_density": {
    "kind": "fallback",
    "n_real": 0,
    "n_sites": 83,
    "source": "no machine-readable 311/litter source for this region"
   },
   "npdes_points": {
    "kind": "real",
    "n_real": 83,
    "n_sites": 83,
    "source": "EPA ECHO NPDES outfalls (national bulk), per catchment"
   },
   "population_density": {
    "kind": "real",
    "n_real": 83,
    "n_sites": 83,
    "source": "Census ACS 2022 B01003 block groups (bbox, multi-county), area-weighted"
   },
   "protected_area_score": {
    "kind": "fallback",
    "n_real": 0,
    "n_sites": 83,
    "source": "PAD-US services unreachable; OSM proxy saturates \u2014 documented fallback"
   },
   "road_access_score": {
    "kind": "real",
    "n_real": 83,
    "n_sites": 83,
    "source": "OSM drive network nearest-node distance"
   },
   "road_density_km_km2": {
    "kind": "real",
    "n_real": 83,
    "n_sites": 83,
    "source": "OSM drive network (osmnx, cached) clipped per catchment"
   },
   "runoff_coeff_C": {
    "kind": "real",
    "n_real": 76,
    "n_sites": 83,
    "source": "derived from real impervious_pct (C=0.05+0.009*I)"
   },
   "seasonal_cv": {
    "kind": "real",
    "n_real": 76,
    "n_sites": 83,
    "source": "CV of NHDPlus EROM monthly flows per COMID"
   },
   "stream_order": {
    "kind": "real",
    "n_real": 83,
    "n_sites": 83,
    "source": "DEM stream-network confluence heuristic (pipeline)"
   },
   "superfund_score": {
    "kind": "fallback",
    "n_real": 0,
    "n_sites": 83,
    "source": "not wired (low weight; roadmap)"
   },
   "tourism_amenity_density": {
    "kind": "real",
    "n_real": 83,
    "n_sites": 83,
    "source": "OSM leisure/tourism features per 2 km radius"
   },
   "tri_facility_density": {
    "kind": "real",
    "n_real": 83,
    "n_sites": 83,
    "source": "EPA Envirofacts TRI state=NC (sign-fixed), per catchment"
   },
   "usgs_mean_q_cfs": {
    "kind": "real",
    "n_real": 76,
    "n_sites": 83,
    "source": "NHDPlus EROM qe_ma per COMID (snap-guarded)"
   },
   "velocity_feasibility": {
    "kind": "real",
    "n_real": 76,
    "n_sites": 83,
    "source": "shipped step curve on the computed velocity"
   },
   "water_intake_score": {
    "kind": "fallback",
    "n_real": 0,
    "n_sites": 83,
    "source": "no public surface-intake point layer (NC OneMap is wells-only and NC-only)"
   }
  },
  "stream_mask": {
   "buffer_m": 150.0,
   "pre_mask": 83,
   "removed": 0,
   "sources": [
    "osm-overpass (all waterway ways)",
    "usgs-nhdplus flowlines"
   ]
  },
  "varying": [
   "beach_dist_km",
   "bridge_proximity_bonus",
   "catchment_area_km2",
   "ej_index",
   "estuary_dist_km",
   "flood_q10_cfs",
   "flow_velocity_ms",
   "impervious_pct",
   "npdes_points",
   "population_density",
   "road_access_score",
   "road_density_km_km2",
   "runoff_coeff_C",
   "seasonal_cv",
   "stream_order",
   "tourism_amenity_density",
   "tri_facility_density",
   "usgs_mean_q_cfs",
   "velocity_feasibility"
  ]
 },
 "region": {
  "bbox": [
   -79.9,
   35.6433,
   -79.7265,
   35.7842
  ],
  "beach_ref": {
   "label": "Wrightsville Beach (shipped NC reference)",
   "lat": 34.21,
   "lon": -77.79
  },
  "center": [
   -79.813253,
   35.713768
  ],
  "estuary_ref": {
   "label": "Pamlico Sound (shipped NC reference)",
   "lat": 35.05,
   "lon": -76.05
  },
  "flood_method": "sir2014_hr1",
  "name": "Asheboro, NC",
  "notes": "NC Piedmont (DEQ physiography polygon)",
  "slug": "asheboro",
  "state": "NC",
  "utm_epsg": 32617,
  "width_curve": {
   "a": 3.12,
   "b": 0.415,
   "code": "AHI",
   "source": "Bieger et al. 2015 JAWRA Table 3, Appalachian Highlands"
  }
 },
 "streams": {
  "features": [
   {
    "geometry": {
     "coordinates": [
      [
       [
        -79.818142,
        35.798472
       ],
       [
        -79.817827,
        35.797243
       ],
       [
        -79.818009,
        35.7966
       ],
       [
        -79.818373,
        35.796155
       ],
       [
        -79.818441,
        35.795737
       ],
       [
        -79.818664,
        35.795347
       ],
       [
        -79.819985,
        35.794077
       ],
       [
        -79.820289,
        35.793907
       ],
       [
        -79.820485,
        35.793693
       ],
       [
        -79.821287,
        35.793374
       ],
       [
        -79.82232,
        35.79344
       ],
       [
        -79.822623,
        35.793588
       ],
       [
        -79.82321,
        35.793638
       ],
       [
        -79.824073,
        35.793648
       ],
       [
        -79.824397,
        35.793561
       ],
       [
        -79.824505,
        35.793082
       ],
       [
        -79.824471,
        35.792324
       ],
       [
        -79.824646,
        35.791736
       ],
       [
        -79.824606,
        35.791445
       ],
       [
        -79.824876,
        35.790994
       ],
       [
        -79.824842,
        35.790708
       ],
       [
        -79.825071,
        35.790093
       ],
       [
        -79.82526,
        35.788559
       ],
       [
        -79.826109,
        35.78729
       ],
       [
        -79.826176,
        35.786801
       ],
       [
        -79.826561,
        35.786718
       ],
       [
        -79.827081,
        35.786861
       ],
       [
        -79.827579,
        35.787279
       ],
       [
        -79.827795,
        35.787361
       ],
       [
        -79.828025,
        35.787652
       ],
       [
        -79.829353,
        35.787608
       ],
       [
        -79.830041,
        35.787735
       ],
       [
        -79.830163,
        35.787663
       ],
       [
        -79.8299,
        35.787102
       ],
       [
        -79.829987,
        35.78652
       ],
       [
        -79.831687,
        35.787036
       ],
       [
        -79.832268,
        35.787113
       ],
       [
        -79.832746,
        35.786921
       ],
       [
        -79.832969,
        35.78675
       ],
       [
        -79.832975,
        35.786398
       ],
       [
        -79.832881,
        35.786206
       ],
       [
        -79.832537,
        35.786063
       ],
       [
        -79.832402,
        35.785926
       ],
       [
        -79.83226,
        35.78547
       ],
       [
        -79.832442,
        35.785431
       ],
       [
        -79.832678,
        35.785591
       ],
       [
        -79.832914,
        35.785536
       ],
       [
        -79.833043,
        35.785179
       ],
       [
        -79.832982,
        35.78475
       ],
       [
        -79.833542,
        35.784404
       ],
       [
        -79.833771,
        35.783771
       ],
       [
        -79.83431,
        35.78342
       ],
       [
        -79.834431,
        35.783008
       ],
       [
        -79.834168,
        35.782623
       ],
       [
        -79.834606,
        35.781628
       ],
       [
        -79.834687,
        35.781502
       ],
       [
        -79.834856,
        35.781474
       ],
       [
        -79.835409,
        35.781683
       ],
       [
        -79.835652,
        35.781881
       ],
       [
        -79.835841,
        35.781903
       ],
       [
        -79.835935,
        35.781842
       ],
       [
        -79.835908,
        35.781194
       ],
       [
        -79.835793,
        35.780979
       ],
       [
        -79.835874,
        35.780847
       ],
       [
        -79.835598,
        35.780171
       ],
       [
        -79.835989,
        35.779418
       ],
       [
        -79.836016,
        35.778869
       ],
       [
        -79.837088,
        35.778577
       ],
       [
        -79.837681,
        35.778055
       ],
       [
        -79.838511,
        35.778264
       ],
       [
        -79.838888,
        35.778473
       ],
       [
        -79.839805,
        35.778374
       ],
       [
        -79.840311,
        35.778137
       ],
       [
        -79.840648,
        35.777862
       ],
       [
        -79.840871,
        35.777532
       ],
       [
        -79.840918,
        35.777219
       ],
       [
        -79.841302,
        35.776999
       ],
       [
        -79.841329,
        35.776895
       ],
       [
        -79.841154,
        35.776703
       ],
       [
        -79.840688,
        35.77662
       ],
       [
        -79.840803,
        35.776175
       ],
       [
        -79.840755,
        35.775977
       ],
       [
        -79.840054,
        35.77534
       ],
       [
        -79.840115,
        35.775158
       ],
       [
        -79.840809,
        35.774862
       ],
       [
        -79.841052,
        35.774526
       ],
       [
        -79.841348,
        35.772564
       ],
       [
        -79.841645,
        35.772311
       ],
       [
        -79.842352,
        35.772003
       ],
       [
        -79.842021,
        35.77058
       ],
       [
        -79.842048,
        35.769684
       ],
       [
        -79.841811,
        35.767882
       ],
       [
        -79.841548,
        35.766964
       ],
       [
        -79.841562,
        35.766453
       ],
       [
        -79.841346,
        35.765958
       ],
       [
        -79.841446,
        35.765755
       ],
       [
        -79.842795,
        35.764699
       ],
       [
        -79.843968,
        35.764501
       ],
       [
        -79.845148,
        35.764518
       ],
       [
        -79.845701,
        35.764254
       ],
       [
        -79.846361,
        35.764116
       ],
       [
        -79.847224,
        35.763687
       ],
       [
        -79.847366,
        35.763286
       ],
       [
        -79.847716,
        35.763033
       ],
       [
        -79.847986,
        35.762615
       ],
       [
        -79.847999,
        35.762225
       ],
       [
        -79.848383,
        35.761571
       ],
       [
        -79.848309,
        35.761291
       ],
       [
        -79.848437,
        35.760785
       ],
       [
        -79.84868,
        35.760549
       ],
       [
        -79.848942,
        35.759779
       ],
       [
        -79.848908,
        35.759383
       ],
       [
        -79.849306,
        35.759312
       ],
       [
        -79.849832,
        35.758833
       ],
       [
        -79.84996,
        35.758504
       ],
       [
        -79.850735,
        35.758597
       ],
       [
        -79.852731,
        35.75958
       ],
       [
        -79.853433,
        35.759734
       ],
       [
        -79.853749,
        35.760168
       ],
       [
        -79.853858,
        35.760212
       ],
       [
        -79.854131,
        35.760121
       ],
       [
        -79.85435,
        35.75986
       ],
       [
        -79.854754,
        35.759711
       ],
       [
        -79.854882,
        35.759574
       ],
       [
        -79.855111,
        35.758969
       ],
       [
        -79.855509,
        35.758293
       ],
       [
        -79.855272,
        35.757821
       ],
       [
        -79.855272,
        35.757584
       ],
       [
        -79.85542,
        35.75699
       ],
       [
        -79.85569,
        35.75676
       ],
       [
        -79.855636,
        35.756474
       ],
       [
        -79.854725,
        35.755364
       ],
       [
        -79.854704,
        35.754281
       ],
       [
        -79.854859,
        35.754072
       ],
       [
        -79.855297,
        35.75394
       ],
       [
        -79.855742,
        35.753907
       ],
       [
        -79.85581,
        35.75377
       ],
       [
        -79.855627,
        35.753193
       ],
       [
        -79.855324,
        35.753006
       ],
       [
        -79.855209,
        35.752841
       ],
       [
        -79.854892,
        35.752023
       ],
       [
        -79.854979,
        35.751528
       ],
       [
        -79.854803,
        35.750737
       ],
       [
        -79.854967,
        35.750203
       ],
       [
        -79.855174,
        35.750008
       ],
       [
        -79.855264,
        35.749499
       ],
       [
        -79.855108,
        35.749374
       ],
       [
        -79.854099,
        35.749191
       ],
       [
        -79.853943,
        35.749066
       ],
       [
        -79.853777,
        35.747932
       ],
       [
        -79.854442,
        35.745025
       ],
       [
        -79.856509,
        35.742802
       ],
       [
        -79.859294,
        35.742719
       ],
       [
        -79.860146,
        35.742776
       ],
       [
        -79.860765,
        35.742709
       ],
       [
        -79.861225,
        35.742327
       ],
       [
        -79.861687,
        35.742134
       ],
       [
        -79.862835,
        35.740864
       ],
       [
        -79.864435,
        35.738581
       ],
       [
        -79.865203,
        35.737945
       ],
       [
        -79.866205,
        35.737622
       ],
       [
        -79.869455,
        35.737536
       ],
       [
        -79.871395,
        35.73809
       ],
       [
        -79.872634,
        35.738081
       ],
       [
        -79.87348,
        35.737633
       ],
       [
        -79.875183,
        35.737621
       ],
       [
        -79.876657,
        35.737989
       ],
       [
        -79.877731,
        35.737098
       ],
       [
        -79.877954,
        35.736276
       ],
       [
        -79.877976,
        35.735391
       ],
       [
        -79.87793,
        35.734068
       ],
       [
        -79.877299,
        35.732937
       ],
       [
        -79.876609,
        35.732529
       ],
       [
        -79.876519,
        35.732374
       ],
       [
        -79.876593,
        35.732058
       ],
       [
        -79.877054,
        35.73174
       ],
       [
        -79.8772,
        35.731115
       ],
       [
        -79.878881,
        35.729013
       ],
       [
        -79.879341,
        35.728631
       ],
       [
        -79.879989,
        35.728374
       ],
       [
        -79.880417,
        35.727791
       ],
       [
        -79.880722,
        35.727549
       ],
       [
        -79.88087,
        35.726917
       ],
       [
        -79.880863,
        35.726223
       ],
       [
        -79.88105,
        35.72585
       ],
       [
        -79.881284,
        35.725665
       ],
       [
        -79.882405,
        35.725419
       ],
       [
        -79.882877,
        35.725533
       ],
       [
        -79.884152,
        35.725342
       ],
       [
        -79.884955,
        35.725373
       ],
       [
        -79.885652,
        35.725494
       ],
       [
        -79.886037,
        35.725239
       ],
       [
        -79.886263,
        35.724732
       ],
       [
        -79.8868,
        35.724286
       ],
       [
        -79.887571,
        35.724028
       ],
       [
        -79.888267,
        35.723681
       ],
       [
        -79.888647,
        35.72339
       ],
       [
        -79.890004,
        35.723358
       ],
       [
        -79.890641,
        35.723467
       ],
       [
        -79.891537,
        35.723134
       ],
       [
        -79.891813,
        35.722799
       ],
       [
        -79.89181,
        35.722546
       ],
       [
        -79.891653,
        35.722358
       ],
       [
        -79.891765,
        35.721993
       ],
       [
        -79.892884,
        35.721718
       ],
       [
        -79.893188,
        35.721211
       ],
       [
        -79.89373,
        35.721207
       ],
       [
        -79.894274,
        35.721392
       ],
       [
        -79.894506,
        35.721391
       ],
       [
        -79.894736,
        35.7212
       ],
       [
        -79.895225,
        35.721172
       ],
       [
        -79.895737,
        35.720814
       ],
       [
        -79.895886,
        35.720245
       ],
       [
        -79.896307,
        35.719389
       ],
       [
        -79.896416,
        35.718692
       ],
       [
        -79.896793,
        35.718345
       ],
       [
        -79.896744,
        35.717763
       ],
       [
        -79.896946,
        35.717592
       ],
       [
        -79.896938,
        35.717461
       ],
       [
        -79.896626,
        35.717211
       ],
       [
        -79.896251,
        35.716505
       ],
       [
        -79.895941,
        35.716142
       ],
       [
        -79.895874,
        35.71595
       ],
       [
        -79.895983,
        35.715728
       ],
       [
        -79.896774,
        35.714541
       ],
       [
        -79.897072,
        35.714459
       ],
       [
        -79.897069,
        35.714633
       ],
       [
        -79.897183,
        35.714798
       ],
       [
        -79.897453,
        35.714996
       ],
       [
        -79.898306,
        35.715179
       ],
       [
        -79.898537,
        35.715114
       ],
       [
        -79.899359,
        35.714372
       ],
       [
        -79.900757,
        35.712953
       ],
       [
        -79.900815,
        35.712629
       ],
       [
        -79.900673,
        35.711945
       ],
       [
        -79.901047,
        35.711247
       ],
       [
        -79.90117,
        35.71039
       ],
       [
        -79.901419,
        35.709919
       ],
       [
        -79.902189,
        35.709535
       ],
       [
        -79.903032,
        35.708897
       ],
       [
        -79.903027,
        35.708393
       ],
       [
        -79.902644,
        35.708062
       ],
       [
        -79.901918,
        35.707709
       ],
       [
        -79.901624,
        35.707457
       ],
       [
        -79.90154,
        35.706889
       ],
       [
        -79.900833,
        35.705885
       ],
       [
        -79.900827,
        35.70538
       ],
       [
        -79.901134,
        35.705126
       ],
       [
        -79.901288,
        35.705125
       ],
       [
        -79.902222,
        35.705559
       ],
       [
        -79.903538,
        35.705676
       ],
       [
        -79.904228,
        35.705103
       ],
       [
        -79.904473,
        35.704793
       ],
       [
        -79.904682,
        35.704843
       ],
       [
        -79.904567,
        35.705499
       ],
       [
        -79.904611,
        35.705907
       ],
       [
        -79.904877,
        35.706072
       ],
       [
        -79.908651,
        35.706269
       ],
       [
        -79.909271,
        35.70639
       ],
       [
        -79.910194,
        35.705942
       ],
       [
        -79.910191,
        35.705689
       ],
       [
        -79.910035,
        35.705564
       ],
       [
        -79.909726,
        35.705567
       ],
       [
        -79.909413,
        35.705316
       ],
       [
        -79.909255,
        35.705002
       ],
       [
        -79.909248,
        35.704371
       ],
       [
        -79.9094,
        35.704118
       ],
       [
        -79.909755,
        35.703873
       ],
       [
        -79.911827,
        35.702865
       ],
       [
        -79.911936,
        35.702647
       ],
       [
        -79.911933,
        35.702395
       ],
       [
        -79.912238,
        35.701951
       ],
       [
        -79.912461,
        35.701192
       ],
       [
        -79.912691,
        35.701001
       ],
       [
        -79.913695,
        35.700804
       ],
       [
        -79.915071,
        35.699343
       ],
       [
        -79.915222,
        35.699089
       ],
       [
        -79.915255,
        35.698778
       ],
       [
        -79.915139,
        35.698585
       ],
       [
        -79.914135,
        35.698656
       ],
       [
        -79.913514,
        35.698534
       ],
       [
        -79.913276,
        35.698358
       ],
       [
        -79.913278,
        35.698157
       ],
       [
        -79.913656,
        35.69791
       ],
       [
        -79.91458,
        35.697012
       ],
       [
        -79.915034,
        35.696125
       ],
       [
        -79.915032,
        35.695936
       ],
       [
        -79.914329,
        35.69531
       ],
       [
        -79.914169,
        35.69487
       ],
       [
        -79.914241,
        35.694364
       ],
       [
        -79.914623,
        35.693983
       ],
       [
        -79.914461,
        35.69329
       ],
       [
        -79.915075,
        35.692844
       ],
       [
        -79.915684,
        35.692019
       ],
       [
        -79.917217,
        35.690745
       ],
       [
        -79.917519,
        35.690112
       ],
       [
        -79.917749,
        35.689921
       ],
       [
        -79.91829,
        35.689917
       ],
       [
        -79.918446,
        35.690042
       ],
       [
        -79.918377,
        35.690737
       ],
       [
        -79.91854,
        35.691492
       ],
       [
        -79.91862,
        35.691744
       ],
       [
        -79.919089,
        35.692182
       ],
       [
        -79.92018,
        35.692868
       ],
       [
        -79.920567,
        35.692865
       ],
       [
        -79.921133,
        35.692392
       ]
      ],
      [
       [
        -79.835041,
        35.80524
       ],
       [
        -79.835716,
        35.803889
       ],
       [
        -79.835829,
        35.802744
       ],
       [
        -79.837826,
        35.800913
       ],
       [
        -79.838107,
        35.800066
       ],
       [
        -79.838586,
        35.799081
       ],
       [
        -79.841678,
        35.797296
       ],
       [
        -79.842494,
        35.796266
       ],
       [
        -79.842606,
        35.795876
       ],
       [
        -79.842748,
        35.794274
       ],
       [
        -79.842944,
        35.793976
       ],
       [
        -79.84331,
        35.793678
       ],
       [
        -79.843619,
        35.793656
       ],
       [
        -79.84449,
        35.793953
       ],
       [
        -79.844968,
        35.793908
       ],
       [
        -79.845165,
        35.793679
       ],
       [
        -79.845137,
        35.793267
       ],
       [
        -79.844968,
        35.792946
       ],
       [
        -79.845025,
        35.791435
       ],
       [
        -79.844857,
        35.790977
       ],
       [
        -79.845026,
        35.789328
       ],
       [
        -79.845139,
        35.789191
       ],
       [
        -79.84601,
        35.788962
       ],
       [
        -79.846066,
        35.788573
       ],
       [
        -79.846488,
        35.788229
       ],
       [
        -79.846938,
        35.787245
       ],
       [
        -79.846854,
        35.786626
       ],
       [
        -79.846629,
        35.786306
       ],
       [
        -79.846601,
        35.785596
       ],
       [
        -79.846911,
        35.783054
       ],
       [
        -79.847249,
        35.782024
       ],
       [
        -79.846912,
        35.78081
       ],
       [
        -79.846716,
        35.780856
       ],
       [
        -79.844552,
        35.779481
       ],
       [
        -79.843765,
        35.779115
       ],
       [
        -79.843204,
        35.778611
       ],
       [
        -79.842586,
        35.778313
       ],
       [
        -79.842361,
        35.778107
       ],
       [
        -79.842221,
        35.777649
       ],
       [
        -79.841743,
        35.777168
       ],
       [
        -79.841659,
        35.77671
       ],
       [
        -79.841041,
        35.776114
       ],
       [
        -79.840563,
        35.775931
       ]
      ]
     ],
     "type": "MultiLineString"
    },
    "properties": {
     "length_km": 25.64,
     "n_sites": 12,
     "name": "Back Creek",
     "order": 2,
     "riverKey": "back creek",
     "underground": 0,
     "waterway": "stream"
    },
    "type": "Feature"
   },
   {
    "geometry": {
     "coordinates": [
      [
       -79.86032,
       35.637302
      ],
      [
       -79.860649,
       35.637116
      ],
      [
       -79.861813,
       35.636131
      ],
      [
       -79.862513,
       35.635757
      ],
      [
       -79.863684,
       35.634597
      ],
      [
       -79.864754,
       35.633009
      ],
      [
       -79.864719,
       35.63264
      ],
      [
       -79.864928,
       35.632107
      ],
      [
       -79.864955,
       35.630947
      ],
      [
       -79.864739,
       35.630694
      ],
      [
       -79.864334,
       35.629777
      ],
      [
       -79.864415,
       35.629431
      ],
      [
       -79.86434,
       35.6292
      ],
      [
       -79.86428,
       35.629123
      ],
      [
       -79.864031,
       35.629123
      ],
      [
       -79.863937,
       35.628936
      ],
      [
       -79.864374,
       35.628194
      ],
      [
       -79.864777,
       35.627793
      ],
      [
       -79.864622,
       35.627463
      ],
      [
       -79.864985,
       35.627144
      ],
      [
       -79.865026,
       35.626941
      ],
      [
       -79.865012,
       35.626628
      ],
      [
       -79.864574,
       35.626304
      ],
      [
       -79.86452,
       35.625798
      ],
      [
       -79.864325,
       35.625523
      ],
      [
       -79.864358,
       35.625292
      ],
      [
       -79.864214,
       35.624841
      ],
      [
       -79.864375,
       35.624527
      ],
      [
       -79.864321,
       35.624258
      ],
      [
       -79.86461,
       35.622642
      ],
      [
       -79.865094,
       35.622004
      ],
      [
       -79.865202,
       35.621658
      ],
      [
       -79.865437,
       35.621411
      ],
      [
       -79.865766,
       35.620531
      ],
      [
       -79.865813,
       35.620168
      ],
      [
       -79.865591,
       35.620086
      ],
      [
       -79.865839,
       35.618624
      ],
      [
       -79.865569,
       35.618119
      ],
      [
       -79.865677,
       35.617745
      ],
      [
       -79.865583,
       35.617377
      ],
      [
       -79.865724,
       35.617063
      ],
      [
       -79.865239,
       35.616563
      ],
      [
       -79.865009,
       35.616025
      ],
      [
       -79.864793,
       35.614415
      ],
      [
       -79.864813,
       35.613931
      ],
      [
       -79.864725,
       35.613865
      ]
     ],
     "type": "LineString"
    },
    "properties": {
     "length_km": 2.94,
     "n_sites": 0,
     "name": "Bell Branch",
     "order": 2,
     "riverKey": "bell branch",
     "underground": 0,
     "waterway": "stream"
    },
    "type": "Feature"
   },
   {
    "geometry": {
     "coordinates": [
      [
       -79.90193,
       35.607633
      ],
      [
       -79.901735,
       35.607732
      ],
      [
       -79.901398,
       35.608221
      ],
      [
       -79.901196,
       35.608798
      ],
      [
       -79.90123,
       35.60932
      ],
      [
       -79.900792,
       35.610039
      ],
      [
       -79.900643,
       35.610501
      ],
      [
       -79.900785,
       35.610743
      ],
      [
       -79.900657,
       35.611452
      ],
      [
       -79.900117,
       35.611781
      ],
      [
       -79.900225,
       35.611941
      ],
      [
       -79.900144,
       35.612282
      ],
      [
       -79.899679,
       35.613194
      ],
      [
       -79.89947,
       35.614513
      ],
      [
       -79.899544,
       35.614854
      ],
      [
       -79.899786,
       35.615112
      ],
      [
       -79.899739,
       35.615376
      ],
      [
       -79.899894,
       35.615821
      ],
      [
       -79.899624,
       35.6162
      ],
      [
       -79.899725,
       35.616546
      ],
      [
       -79.89963,
       35.617261
      ],
      [
       -79.899334,
       35.617717
      ],
      [
       -79.899442,
       35.618327
      ],
      [
       -79.899192,
       35.618728
      ],
      [
       -79.898801,
       35.619893
      ],
      [
       -79.898687,
       35.620008
      ],
      [
       -79.898437,
       35.62003
      ],
      [
       -79.898343,
       35.620107
      ],
      [
       -79.898047,
       35.620975
      ],
      [
       -79.897629,
       35.621574
      ],
      [
       -79.897265,
       35.621635
      ],
      [
       -79.897393,
       35.622102
      ],
      [
       -79.89707,
       35.622267
      ],
      [
       -79.897157,
       35.62247
      ],
      [
       -79.896915,
       35.622607
      ],
      [
       -79.896612,
       35.622596
      ],
      [
       -79.896471,
       35.622662
      ],
      [
       -79.896403,
       35.622871
      ],
      [
       -79.895999,
       35.623244
      ],
      [
       -79.89612,
       35.623613
      ],
      [
       -79.89608,
       35.623723
      ],
      [
       -79.894436,
       35.624629
      ],
      [
       -79.894308,
       35.625036
      ],
      [
       -79.894383,
       35.625178
      ],
      [
       -79.894324,
       35.625756
      ],
      [
       -79.894155,
       35.626174
      ],
      [
       -79.893468,
       35.626464
      ],
      [
       -79.893051,
       35.626822
      ],
      [
       -79.892646,
       35.627948
      ],
      [
       -79.892822,
       35.628333
      ],
      [
       -79.892728,
       35.628437
      ],
      [
       -79.892249,
       35.628624
      ],
      [
       -79.891838,
       35.629118
      ],
      [
       -79.891864,
       35.629828
      ],
      [
       -79.891528,
       35.630113
      ],
      [
       -79.891285,
       35.631339
      ],
      [
       -79.891291,
       35.631597
      ],
      [
       -79.89156,
       35.631927
      ],
      [
       -79.891668,
       35.632213
      ],
      [
       -79.891432,
       35.632625
      ],
      [
       -79.891136,
       35.632943
      ],
      [
       -79.891108,
       35.633427
      ],
      [
       -79.891236,
       35.634488
      ],
      [
       -79.891632,
       35.63545
      ],
      [
       -79.891531,
       35.636318
      ],
      [
       -79.892063,
       35.636675
      ],
      [
       -79.892144,
       35.63689
      ],
      [
       -79.892049,
       35.637121
      ],
      [
       -79.891389,
       35.637538
      ],
      [
       -79.891321,
       35.638104
      ],
      [
       -79.890951,
       35.638725
      ],
      [
       -79.891455,
       35.638901
      ],
      [
       -79.892203,
       35.638797
      ],
      [
       -79.892768,
       35.638808
      ],
      [
       -79.893543,
       35.638896
      ],
      [
       -79.893832,
       35.639034
      ],
      [
       -79.894141,
       35.639523
      ],
      [
       -79.894168,
       35.63999
      ],
      [
       -79.89443,
       35.640337
      ],
      [
       -79.894538,
       35.64065
      ],
      [
       -79.894484,
       35.641326
      ],
      [
       -79.895931,
       35.642513
      ],
      [
       -79.896435,
       35.642712
      ],
      [
       -79.89795,
       35.642536
      ],
      [
       -79.898548,
       35.642679
      ],
      [
       -79.899068,
       35.642591
      ],
      [
       -79.899405,
       35.642366
      ],
      [
       -79.900301,
       35.64135
      ],
      [
       -79.900919,
       35.640981
      ],
      [
       -79.902461,
       35.639701
      ],
      [
       -79.90421,
       35.638467
      ],
      [
       -79.904851,
       35.638387
      ],
      [
       -79.905254,
       35.638436
      ],
      [
       -79.905644,
       35.639008
      ],
      [
       -79.906634,
       35.639597
      ],
      [
       -79.906695,
       35.63975
      ],
      [
       -79.908149,
       35.640167
      ],
      [
       -79.90859,
       35.640645
      ],
      [
       -79.909433,
       35.640907
      ],
      [
       -79.910167,
       35.641385
      ],
      [
       -79.91033,
       35.64137
      ],
      [
       -79.910357,
       35.641273
      ],
      [
       -79.91024,
       35.641024
      ],
      [
       -79.910356,
       35.640693
      ],
      [
       -79.910553,
       35.640546
      ],
      [
       -79.910818,
       35.6405
      ],
      [
       -79.911195,
       35.640622
      ],
      [
       -79.911874,
       35.641133
      ],
      [
       -79.912083,
       35.641172
      ],
      [
       -79.912878,
       35.64043
      ],
      [
       -79.91307,
       35.639648
      ],
      [
       -79.913929,
       35.639226
      ],
      [
       -79.915066,
       35.639117
      ],
      [
       -79.915463,
       35.638974
      ],
      [
       -79.915578,
       35.63849
      ],
      [
       -79.915996,
       35.637847
      ],
      [
       -79.916615,
       35.637294
      ],
      [
       -79.916918,
       35.636842
      ],
      [
       -79.916982,
       35.636606
      ],
      [
       -79.917382,
       35.636131
      ],
      [
       -79.917571,
       35.636036
      ],
      [
       -79.918265,
       35.635935
      ],
      [
       -79.918804,
       35.636117
      ],
      [
       -79.919517,
       35.635671
      ],
      [
       -79.920076,
       35.635446
      ],
      [
       -79.921248,
       35.633957
      ],
      [
       -79.921639,
       35.633182
      ],
      [
       -79.922231,
       35.631709
      ],
      [
       -79.922407,
       35.630698
      ],
      [
       -79.923107,
       35.629984
      ],
      [
       -79.923868,
       35.628681
      ],
      [
       -79.92475,
       35.628187
      ],
      [
       -79.92514,
       35.62756
      ],
      [
       -79.925639,
       35.627214
      ],
      [
       -79.927561,
       35.624824
      ],
      [
       -79.928046,
       35.624566
      ],
      [
       -79.928968,
       35.624461
      ],
      [
       -79.929998,
       35.623897
      ],
      [
       -79.932173,
       35.623588
      ],
      [
       -79.932711,
       35.623786
      ],
      [
       -79.933606,
       35.623775
      ],
      [
       -79.933863,
       35.623604
      ],
      [
       -79.933997,
       35.623275
      ],
      [
       -79.934151,
       35.62317
      ],
      [
       -79.934091,
       35.622676
      ],
      [
       -79.934374,
       35.622247
      ],
      [
       -79.934919,
       35.622132
      ],
      [
       -79.935512,
       35.621873
      ],
      [
       -79.936158,
       35.621736
      ],
      [
       -79.93679,
       35.621401
      ],
      [
       -79.937262,
       35.621032
      ],
      [
       -79.93778,
       35.620845
      ],
      [
       -79.937907,
       35.620626
      ],
      [
       -79.937888,
       35.620137
      ],
      [
       -79.938029,
       35.61951
      ],
      [
       -79.938332,
       35.618757
      ],
      [
       -79.938534,
       35.618526
      ],
      [
       -79.939207,
       35.61823
      ],
      [
       -79.939947,
       35.617433
      ],
      [
       -79.940634,
       35.616421
      ],
      [
       -79.940829,
       35.61602
      ],
      [
       -79.940937,
       35.615454
      ],
      [
       -79.941226,
       35.615091
      ],
      [
       -79.941657,
       35.615047
      ],
      [
       -79.943118,
       35.615234
      ],
      [
       -79.943562,
       35.61608
      ],
      [
       -79.943723,
       35.616179
      ],
      [
       -79.943905,
       35.61619
      ],
      [
       -79.944332,
       35.616011
      ],
      [
       -79.944806,
       35.616066
      ],
      [
       -79.94507,
       35.616015
      ],
      [
       -79.945204,
       35.615894
      ],
      [
       -79.945379,
       35.615498
      ],
      [
       -79.945493,
       35.614838
      ],
      [
       -79.94544,
       35.614498
      ],
      [
       -79.945143,
       35.613778
      ],
      [
       -79.945568,
       35.613487
      ],
      [
       -79.945991,
       35.613459
      ],
      [
       -79.946516,
       35.613613
      ],
      [
       -79.947223,
       35.613596
      ],
      [
       -79.947708,
       35.613772
      ],
      [
       -79.949592,
       35.614162
      ],
      [
       -79.949666,
       35.61447
      ],
      [
       -79.949841,
       35.614706
      ],
      [
       -79.950892,
       35.615063
      ],
      [
       -79.951181,
       35.615355
      ],
      [
       -79.952238,
       35.615756
      ],
      [
       -79.952359,
       35.615723
      ],
      [
       -79.95244,
       35.61558
      ],
      [
       -79.952433,
       35.615102
      ],
      [
       -79.952197,
       35.614624
      ],
      [
       -79.951988,
       35.614404
      ],
      [
       -79.951988,
       35.614074
      ],
      [
       -79.951692,
       35.61359
      ],
      [
       -79.951672,
       35.613255
      ],
      [
       -79.951773,
       35.613035
      ],
      [
       -79.951928,
       35.612936
      ],
      [
       -79.952096,
       35.612958
      ],
      [
       -79.952264,
       35.613387
      ],
      [
       -79.952668,
       35.613585
      ],
      [
       -79.953483,
       35.613574
      ],
      [
       -79.953853,
       35.613755
      ],
      [
       -79.954425,
       35.613837
      ],
      [
       -79.954822,
       35.613788
      ],
      [
       -79.955084,
       35.613656
      ],
      [
       -79.955448,
       35.613167
      ],
      [
       -79.955441,
       35.612562
      ],
      [
       -79.955643,
       35.611743
      ],
      [
       -79.956194,
       35.61126
      ],
      [
       -79.956333,
       35.610619
      ],
      [
       -79.956753,
       35.610435
      ],
      [
       -79.957265,
       35.609303
      ],
      [
       -79.957493,
       35.609138
      ],
      [
       -79.957702,
       35.609248
      ],
      [
       -79.958072,
       35.608957
      ],
      [
       -79.958186,
       35.608583
      ],
      [
       -79.958556,
       35.608159
      ],
      [
       -79.959149,
       35.608159
      ],
      [
       -79.959983,
       35.608286
      ],
      [
       -79.960447,
       35.60811
      ],
      [
       -79.96067,
       35.60811
      ],
      [
       -79.963462,
       35.608378
      ],
      [
       -79.963651,
       35.608587
      ],
      [
       -79.963954,
       35.609395
      ],
      [
       -79.964109,
       35.609351
      ],
      [
       -79.964916,
       35.608714
      ],
      [
       -79.965299,
       35.608285
      ],
      [
       -79.965434,
       35.608257
      ],
      [
       -79.965737,
       35.6084
      ],
      [
       -79.965811,
       35.608581
      ],
      [
       -79.965892,
       35.609054
      ],
      [
       -79.965812,
       35.609587
      ],
      [
       -79.965973,
       35.609719
      ],
      [
       -79.966276,
       35.609169
      ],
      [
       -79.966935,
       35.608455
      ],
      [
       -79.967231,
       35.608334
      ],
      [
       -79.967777,
       35.608322
      ],
      [
       -79.968391,
       35.608597
      ]
     ],
     "type": "LineString"
    },
    "properties": {
     "length_km": 15.07,
     "n_sites": 0,
     "name": "Betty McGees Creek",
     "order": 2,
     "riverKey": "betty mcgees creek",
     "underground": 0,
     "waterway": "stream"
    },
    "type": "Feature"
   },
   {
    "geometry": {
     "coordinates": [
      [
       -79.839973,
       35.627173
      ],
      [
       -79.839756,
       35.627378
      ],
      [
       -79.839594,
       35.627389
      ],
      [
       -79.838847,
       35.626735
      ],
      [
       -79.838086,
       35.626306
      ],
      [
       -79.837743,
       35.626197
      ],
      [
       -79.835966,
       35.626703
      ],
      [
       -79.835313,
       35.626532
      ],
      [
       -79.83472,
       35.626692
      ],
      [
       -79.834526,
       35.626285
      ],
      [
       -79.834445,
       35.625703
      ],
      [
       -79.834599,
       35.625549
      ],
      [
       -79.834647,
       35.625351
      ],
      [
       -79.834962,
       35.625137
      ],
      [
       -79.835182,
       35.62487
      ],
      [
       -79.83537,
       35.623601
      ],
      [
       -79.835687,
       35.623293
      ],
      [
       -79.835666,
       35.623161
      ],
      [
       -79.835545,
       35.623068
      ],
      [
       -79.835289,
       35.623051
      ],
      [
       -79.835323,
       35.62287
      ],
      [
       -79.835541,
       35.622631
      ]
     ],
     "type": "LineString"
    },
    "properties": {
     "length_km": 1.07,
     "n_sites": 0,
     "name": "Big Branch",
     "order": 2,
     "riverKey": "big branch",
     "underground": 0,
     "waterway": "stream"
    },
    "type": "Feature"
   },
   {
    "geometry": {
     "coordinates": [
      [
       [
        -79.705333,
        35.816618
       ],
       [
        -79.704597,
        35.816757
       ],
       [
        -79.703807,
        35.816466
       ],
       [
        -79.703024,
        35.816386
       ],
       [
        -79.702957,
        35.816232
       ],
       [
        -79.703075,
        35.815607
       ],
       [
        -79.702729,
        35.815326
       ],
       [
        -79.702377,
        35.814779
       ],
       [
        -79.702658,
        35.814162
       ],
       [
        -79.702631,
        35.81404
       ],
       [
        -79.702468,
        35.813849
       ],
       [
        -79.70155,
        35.813609
       ],
       [
        -79.701333,
        35.813368
       ],
       [
        -79.700832,
        35.813067
       ],
       [
        -79.700751,
        35.812913
       ],
       [
        -79.700865,
        35.812736
       ],
       [
        -79.701585,
        35.812329
       ],
       [
        -79.701679,
        35.81201
       ],
       [
        -79.702218,
        35.811876
       ],
       [
        -79.702307,
        35.811467
       ],
       [
        -79.702641,
        35.811536
       ],
       [
        -79.702836,
        35.811464
       ],
       [
        -79.702278,
        35.810367
       ],
       [
        -79.702332,
        35.810227
       ],
       [
        -79.704065,
        35.810357
       ],
       [
        -79.704261,
        35.810262
       ],
       [
        -79.70444,
        35.809779
       ],
       [
        -79.704757,
        35.809586
       ],
       [
        -79.704836,
        35.809218
       ],
       [
        -79.704767,
        35.80875
       ],
       [
        -79.705209,
        35.80796
       ],
       [
        -79.705309,
        35.807557
       ],
       [
        -79.705118,
        35.807224
       ],
       [
        -79.704389,
        35.806873
       ],
       [
        -79.704199,
        35.806702
       ],
       [
        -79.704629,
        35.80624
       ],
       [
        -79.704525,
        35.805674
       ],
       [
        -79.70472,
        35.80552
       ],
       [
        -79.705467,
        35.805397
       ],
       [
        -79.706395,
        35.80454
       ],
       [
        -79.706528,
        35.804099
       ],
       [
        -79.707187,
        35.803791
       ],
       [
        -79.707481,
        35.803339
       ],
       [
        -79.708053,
        35.802865
       ],
       [
        -79.708153,
        35.80264
       ],
       [
        -79.708053,
        35.802452
       ],
       [
        -79.70772,
        35.802255
       ],
       [
        -79.707618,
        35.801927
       ],
       [
        -79.707003,
        35.801643
       ],
       [
        -79.705856,
        35.801293
       ],
       [
        -79.705539,
        35.801332
       ],
       [
        -79.705452,
        35.801491
       ],
       [
        -79.705481,
        35.801996
       ],
       [
        -79.705353,
        35.802119
       ],
       [
        -79.70455,
        35.802119
       ],
       [
        -79.703897,
        35.802006
       ],
       [
        -79.70305,
        35.801659
       ]
      ],
      [
       [
        -79.702067,
        35.795942
       ],
       [
        -79.702164,
        35.795361
       ],
       [
        -79.703159,
        35.794975
       ],
       [
        -79.703402,
        35.794797
       ],
       [
        -79.703507,
        35.794183
       ],
       [
        -79.703614,
        35.79404
       ],
       [
        -79.704341,
        35.793654
       ],
       [
        -79.704826,
        35.793492
       ],
       [
        -79.70544,
        35.79358
       ],
       [
        -79.705554,
        35.793502
       ],
       [
        -79.705653,
        35.793167
       ],
       [
        -79.705544,
        35.792875
       ],
       [
        -79.705598,
        35.792655
       ],
       [
        -79.705941,
        35.792481
       ],
       [
        -79.70604,
        35.792265
       ],
       [
        -79.70575,
        35.792062
       ],
       [
        -79.705675,
        35.79182
       ],
       [
        -79.706146,
        35.791629
       ],
       [
        -79.706233,
        35.791368
       ],
       [
        -79.706395,
        35.791424
       ],
       [
        -79.70649,
        35.79166
       ],
       [
        -79.706813,
        35.791478
       ],
       [
        -79.706798,
        35.790912
       ],
       [
        -79.70716,
        35.790537
       ],
       [
        -79.707145,
        35.790186
       ],
       [
        -79.707502,
        35.790063
       ],
       [
        -79.707785,
        35.790305
       ],
       [
        -79.707874,
        35.790299
       ],
       [
        -79.708248,
        35.79008
       ],
       [
        -79.708283,
        35.789794
       ],
       [
        -79.708718,
        35.789418
       ],
       [
        -79.708933,
        35.788154
       ],
       [
        -79.709127,
        35.787912
       ],
       [
        -79.70955,
        35.787615
       ],
       [
        -79.709469,
        35.787483
       ],
       [
        -79.709084,
        35.787427
       ],
       [
        -79.708967,
        35.786989
       ],
       [
        -79.70951,
        35.786361
       ],
       [
        -79.709688,
        35.785903
       ],
       [
        -79.710052,
        35.785903
       ],
       [
        -79.710277,
        35.786228
       ],
       [
        -79.710399,
        35.786269
       ],
       [
        -79.710673,
        35.786083
       ],
       [
        -79.711084,
        35.786011
       ],
       [
        -79.711246,
        35.785889
       ],
       [
        -79.711302,
        35.785355
       ],
       [
        -79.711064,
        35.784911
       ],
       [
        -79.711232,
        35.784768
       ],
       [
        -79.711509,
        35.78474
       ],
       [
        -79.711762,
        35.784294
       ],
       [
        -79.712658,
        35.784186
       ],
       [
        -79.714248,
        35.784221
       ],
       [
        -79.714584,
        35.784027
       ],
       [
        -79.715326,
        35.78286
       ],
       [
        -79.715655,
        35.782825
       ],
       [
        -79.716182,
        35.783023
       ],
       [
        -79.716532,
        35.782923
       ],
       [
        -79.716854,
        35.782719
       ],
       [
        -79.717027,
        35.782337
       ],
       [
        -79.71703,
        35.781672
       ],
       [
        -79.717567,
        35.781293
       ],
       [
        -79.717719,
        35.780857
       ],
       [
        -79.717705,
        35.780521
       ],
       [
        -79.717426,
        35.780408
       ],
       [
        -79.717399,
        35.780315
       ],
       [
        -79.71749,
        35.779626
       ],
       [
        -79.717656,
        35.779225
       ],
       [
        -79.717977,
        35.778845
       ],
       [
        -79.718232,
        35.778701
       ],
       [
        -79.719527,
        35.778753
       ],
       [
        -79.719809,
        35.778713
       ],
       [
        -79.720172,
        35.778453
       ],
       [
        -79.720265,
        35.778245
       ],
       [
        -79.720194,
        35.77769
       ],
       [
        -79.719917,
        35.777459
       ],
       [
        -79.719173,
        35.777093
       ],
       [
        -79.719071,
        35.77699
       ],
       [
        -79.71909,
        35.776803
       ],
       [
        -79.719613,
        35.776372
       ],
       [
        -79.719831,
        35.775723
       ],
       [
        -79.720158,
        35.775383
       ],
       [
        -79.720621,
        35.774611
       ],
       [
        -79.720896,
        35.77449
       ],
       [
        -79.721718,
        35.774426
       ],
       [
        -79.72208,
        35.774221
       ],
       [
        -79.722272,
        35.773704
       ],
       [
        -79.722435,
        35.772683
       ],
       [
        -79.722312,
        35.772375
       ],
       [
        -79.721898,
        35.771985
       ],
       [
        -79.721444,
        35.771326
       ],
       [
        -79.72072,
        35.771143
       ],
       [
        -79.719919,
        35.771162
       ],
       [
        -79.719514,
        35.771101
       ],
       [
        -79.71645,
        35.770424
       ],
       [
        -79.715627,
        35.770129
       ],
       [
        -79.715167,
        35.769894
       ],
       [
        -79.714915,
        35.769654
       ],
       [
        -79.714799,
        35.769347
       ],
       [
        -79.71483,
        35.768709
       ],
       [
        -79.715543,
        35.767437
       ],
       [
        -79.715203,
        35.766856
       ],
       [
        -79.71514,
        35.766504
       ],
       [
        -79.715198,
        35.766047
       ],
       [
        -79.715525,
        35.765568
       ],
       [
        -79.71621,
        35.765111
       ],
       [
        -79.716828,
        35.763817
       ],
       [
        -79.717485,
        35.763161
       ],
       [
        -79.717625,
        35.762908
       ],
       [
        -79.717629,
        35.762685
       ],
       [
        -79.717543,
        35.76261
       ],
       [
        -79.717243,
        35.762552
       ],
       [
        -79.716748,
        35.762651
       ],
       [
        -79.716161,
        35.762658
       ],
       [
        -79.715891,
        35.762495
       ],
       [
        -79.715857,
        35.762391
       ],
       [
        -79.715921,
        35.761927
       ],
       [
        -79.717869,
        35.758734
       ],
       [
        -79.717868,
        35.75852
       ],
       [
        -79.717494,
        35.757944
       ],
       [
        -79.717644,
        35.757093
       ],
       [
        -79.717582,
        35.756883
       ],
       [
        -79.716868,
        35.75589
       ],
       [
        -79.716646,
        35.755717
       ],
       [
        -79.715213,
        35.754967
       ],
       [
        -79.713801,
        35.75451
       ],
       [
        -79.713693,
        35.754405
       ],
       [
        -79.71367,
        35.753992
       ],
       [
        -79.713324,
        35.753587
       ],
       [
        -79.713211,
        35.752698
       ],
       [
        -79.713088,
        35.752505
       ],
       [
        -79.712164,
        35.752261
       ],
       [
        -79.711839,
        35.751926
       ],
       [
        -79.711668,
        35.751532
       ],
       [
        -79.71163,
        35.75079
       ],
       [
        -79.710964,
        35.749571
       ],
       [
        -79.710216,
        35.747867
       ],
       [
        -79.71006,
        35.747757
       ],
       [
        -79.709353,
        35.747571
       ],
       [
        -79.708334,
        35.747791
       ],
       [
        -79.707222,
        35.74834
       ],
       [
        -79.706939,
        35.748351
       ],
       [
        -79.706177,
        35.748088
       ],
       [
        -79.706117,
        35.747868
       ],
       [
        -79.706332,
        35.74689
       ],
       [
        -79.705822,
        35.7458
       ],
       [
        -79.705813,
        35.74479
       ]
      ]
     ],
     "type": "MultiLineString"
    },
    "properties": {
     "length_km": 11.81,
     "n_sites": 0,
     "name": "Bush Creek",
     "order": 2,
     "riverKey": "bush creek",
     "underground": 0,
     "waterway": "stream"
    },
    "type": "Feature"
   },
   {
    "geometry": {
     "coordinates": [
      [
       [
        -79.867518,
        35.695068
       ],
       [
        -79.86768,
        35.694948
       ],
       [
        -79.86768,
        35.694517
       ],
       [
        -79.86785,
        35.69428
       ],
       [
        -79.867658,
        35.69403
       ],
       [
        -79.867669,
        35.693765
       ],
       [
        -79.868147,
        35.693301
       ],
       [
        -79.868527,
        35.693076
       ],
       [
        -79.86881,
        35.692723
       ],
       [
        -79.86981,
        35.692415
       ],
       [
        -79.870072,
        35.69246
       ],
       [
        -79.87051,
        35.69241
       ],
       [
        -79.870901,
        35.692317
       ],
       [
        -79.871144,
        35.692163
       ],
       [
        -79.872147,
        35.692058
       ],
       [
        -79.872545,
        35.692179
       ],
       [
        -79.872444,
        35.692387
       ],
       [
        -79.872572,
        35.692552
       ],
       [
        -79.872808,
        35.692668
       ],
       [
        -79.87338,
        35.692843
       ],
       [
        -79.874162,
        35.692799
       ],
       [
        -79.874539,
        35.692859
       ],
       [
        -79.874849,
        35.693058
       ],
       [
        -79.874964,
        35.693303
       ],
       [
        -79.875173,
        35.693451
       ],
       [
        -79.875449,
        35.693561
       ],
       [
        -79.876035,
        35.693622
       ],
       [
        -79.876244,
        35.693518
       ],
       [
        -79.876763,
        35.69282
       ],
       [
        -79.877019,
        35.69265
       ],
       [
        -79.877632,
        35.69265
       ],
       [
        -79.878212,
        35.692194
       ],
       [
        -79.878751,
        35.691898
       ],
       [
        -79.879116,
        35.691392
       ],
       [
        -79.879345,
        35.69087
       ],
       [
        -79.879615,
        35.690568
       ],
       [
        -79.880336,
        35.690326
       ],
       [
        -79.880835,
        35.689991
       ],
       [
        -79.881057,
        35.689728
       ],
       [
        -79.882054,
        35.689514
       ],
       [
        -79.883038,
        35.689113
       ],
       [
        -79.883254,
        35.689113
       ],
       [
        -79.883509,
        35.689218
       ],
       [
        -79.88481,
        35.689301
       ],
       [
        -79.885038,
        35.689241
       ],
       [
        -79.885625,
        35.68862
       ],
       [
        -79.885787,
        35.688334
       ],
       [
        -79.88574,
        35.687416
       ],
       [
        -79.885855,
        35.687213
       ],
       [
        -79.886448,
        35.687224
       ],
       [
        -79.88698,
        35.687027
       ],
       [
        -79.887479,
        35.687087
       ],
       [
        -79.887614,
        35.687241
       ],
       [
        -79.88768,
        35.687945
       ],
       [
        -79.887929,
        35.688121
       ],
       [
        -79.888145,
        35.688038
       ],
       [
        -79.888671,
        35.68733
       ],
       [
        -79.888988,
        35.687225
       ],
       [
        -79.889466,
        35.686819
       ],
       [
        -79.89047,
        35.686605
       ],
       [
        -79.890652,
        35.686346
       ],
       [
        -79.890881,
        35.686292
       ],
       [
        -79.891124,
        35.685957
       ],
       [
        -79.891266,
        35.685253
       ],
       [
        -79.891071,
        35.68511
       ],
       [
        -79.891084,
        35.684522
       ],
       [
        -79.891449,
        35.683874
       ],
       [
        -79.891415,
        35.683659
       ],
       [
        -79.891786,
        35.682802
       ],
       [
        -79.891746,
        35.682247
       ],
       [
        -79.891255,
        35.681505
       ],
       [
        -79.891261,
        35.68128
       ],
       [
        -79.891335,
        35.681175
       ],
       [
        -79.892468,
        35.680527
       ],
       [
        -79.893142,
        35.679538
       ],
       [
        -79.893095,
        35.679274
       ],
       [
        -79.892873,
        35.679054
       ],
       [
        -79.892933,
        35.678895
       ],
       [
        -79.893446,
        35.678296
       ],
       [
        -79.893816,
        35.678192
       ],
       [
        -79.894315,
        35.678329
       ],
       [
        -79.894564,
        35.678489
       ],
       [
        -79.894813,
        35.678797
       ],
       [
        -79.895237,
        35.678945
       ],
       [
        -79.89581,
        35.678989
       ],
       [
        -79.896777,
        35.679268
       ],
       [
        -79.897177,
        35.679111
       ],
       [
        -79.897675,
        35.679155
       ],
       [
        -79.897756,
        35.679227
       ],
       [
        -79.897736,
        35.679402
       ],
       [
        -79.897958,
        35.679699
       ],
       [
        -79.897979,
        35.679963
       ],
       [
        -79.89818,
        35.680057
       ],
       [
        -79.898423,
        35.679991
       ],
       [
        -79.898483,
        35.679848
       ],
       [
        -79.898618,
        35.679787
       ],
       [
        -79.898948,
        35.679969
       ],
       [
        -79.899548,
        35.67976
       ],
       [
        -79.900235,
        35.680057
       ],
       [
        -79.901703,
        35.680047
       ],
       [
        -79.902228,
        35.680135
       ],
       [
        -79.903367,
        35.680586
       ],
       [
        -79.903636,
        35.680833
       ],
       [
        -79.904094,
        35.681636
       ],
       [
        -79.904436,
        35.68345
       ],
       [
        -79.904955,
        35.68434
       ],
       [
        -79.905473,
        35.684659
       ],
       [
        -79.906174,
        35.684945
       ],
       [
        -79.906349,
        35.68495
       ],
       [
        -79.906504,
        35.684841
       ],
       [
        -79.906639,
        35.684445
       ],
       [
        -79.906625,
        35.683851
       ],
       [
        -79.906935,
        35.683434
       ],
       [
        -79.907535,
        35.683203
       ],
       [
        -79.908202,
        35.683203
       ],
       [
        -79.908788,
        35.683071
       ],
       [
        -79.909832,
        35.683253
       ],
       [
        -79.910822,
        35.683693
       ],
       [
        -79.911786,
        35.683473
       ],
       [
        -79.912041,
        35.683534
       ],
       [
        -79.912318,
        35.683792
       ],
       [
        -79.912324,
        35.684051
       ],
       [
        -79.912702,
        35.684342
       ],
       [
        -79.912917,
        35.684908
       ],
       [
        -79.913099,
        35.685078
       ],
       [
        -79.913914,
        35.685161
       ],
       [
        -79.914668,
        35.684859
       ],
       [
        -79.915348,
        35.684936
       ],
       [
        -79.915982,
        35.685123
       ],
       [
        -79.916157,
        35.685326
       ],
       [
        -79.916069,
        35.685749
       ],
       [
        -79.91648,
        35.686552
       ],
       [
        -79.91714,
        35.687113
       ],
       [
        -79.917248,
        35.687294
       ],
       [
        -79.917268,
        35.688036
       ],
       [
        -79.917146,
        35.68886
       ],
       [
        -79.917578,
        35.689267
       ],
       [
        -79.917773,
        35.689668
       ],
       [
        -79.917774,
        35.689921
       ]
      ],
      [
       [
        -79.857538,
        35.688383
       ],
       [
        -79.85787,
        35.68847
       ],
       [
        -79.85814,
        35.689376
       ],
       [
        -79.858167,
        35.68997
       ],
       [
        -79.858006,
        35.690685
       ],
       [
        -79.857979,
        35.691949
       ],
       [
        -79.857676,
        35.692504
       ],
       [
        -79.857178,
        35.692971
       ],
       [
        -79.857226,
        35.693564
       ],
       [
        -79.857764,
        35.693829
       ],
       [
        -79.858173,
        35.693924
       ],
       [
        -79.85836,
        35.693892
       ],
       [
        -79.85889,
        35.693514
       ],
       [
        -79.859166,
        35.693443
       ],
       [
        -79.859564,
        35.693481
       ],
       [
        -79.859927,
        35.693701
       ],
       [
        -79.860787,
        35.695068
       ],
       [
        -79.861009,
        35.695181
       ],
       [
        -79.861346,
        35.695275
       ],
       [
        -79.861691,
        35.69508
       ],
       [
        -79.861981,
        35.694772
       ],
       [
        -79.863148,
        35.694475
       ],
       [
        -79.863249,
        35.694793
       ],
       [
        -79.863593,
        35.695277
       ],
       [
        -79.863632,
        35.695566
       ],
       [
        -79.864182,
        35.69552
       ],
       [
        -79.864566,
        35.695301
       ],
       [
        -79.86479,
        35.695387
       ],
       [
        -79.864994,
        35.695629
       ],
       [
        -79.865336,
        35.695747
       ],
       [
        -79.865604,
        35.69573
       ]
      ]
     ],
     "type": "MultiLineString"
    },
    "properties": {
     "length_km": 9.07,
     "n_sites": 3,
     "name": "Cable Creek",
     "order": 2,
     "riverKey": "cable creek",
     "underground": 0,
     "waterway": "stream"
    },
    "type": "Feature"
   },
   {
    "geometry": {
     "coordinates": [
      [
       -79.865604,
       35.69573
      ],
      [
       -79.867518,
       35.695068
      ]
     ],
     "type": "LineString"
    },
    "properties": {
     "length_km": 0.19,
     "n_sites": 3,
     "name": "Cable Creek",
     "order": 2,
     "riverKey": "cable creek",
     "underground": 1,
     "waterway": "stream"
    },
    "type": "Feature"
   },
   {
    "geometry": {
     "coordinates": [
      [
       -79.909969,
       35.808566
      ],
      [
       -79.910004,
       35.808104
      ],
      [
       -79.909829,
       35.807665
      ],
      [
       -79.909673,
       35.807489
      ],
      [
       -79.909349,
       35.807346
      ],
      [
       -79.908526,
       35.807241
      ],
      [
       -79.907825,
       35.806895
      ],
      [
       -79.907063,
       35.806307
      ],
      [
       -79.906867,
       35.805828
      ],
      [
       -79.906793,
       35.805141
      ],
      [
       -79.906665,
       35.80485
      ],
      [
       -79.9062,
       35.804306
      ],
      [
       -79.905175,
       35.803448
      ],
      [
       -79.904319,
       35.801217
      ],
      [
       -79.904151,
       35.801041
      ],
      [
       -79.903759,
       35.800898
      ],
      [
       -79.902842,
       35.800771
      ],
      [
       -79.902424,
       35.800919
      ],
      [
       -79.902052,
       35.801211
      ],
      [
       -79.901175,
       35.801507
      ],
      [
       -79.900926,
       35.801501
      ],
      [
       -79.900595,
       35.801287
      ],
      [
       -79.90005,
       35.80124
      ],
      [
       -79.899696,
       35.800997
      ],
      [
       -79.899482,
       35.800616
      ],
      [
       -79.899497,
       35.800294
      ],
      [
       -79.899179,
       35.799654
      ],
      [
       -79.89885,
       35.799429
      ],
      [
       -79.89894,
       35.79909
      ],
      [
       -79.899065,
       35.799005
      ],
      [
       -79.899539,
       35.798936
      ],
      [
       -79.900187,
       35.798935
      ],
      [
       -79.900299,
       35.798847
      ],
      [
       -79.90119,
       35.798853
      ],
      [
       -79.902024,
       35.798523
      ],
      [
       -79.903175,
       35.798591
      ],
      [
       -79.903313,
       35.7972
      ],
      [
       -79.902989,
       35.796981
      ],
      [
       -79.902562,
       35.797027
      ],
      [
       -79.902229,
       35.797379
      ],
      [
       -79.902088,
       35.797759
      ],
      [
       -79.901847,
       35.797893
      ],
      [
       -79.901411,
       35.797813
      ],
      [
       -79.900921,
       35.797457
      ],
      [
       -79.899875,
       35.797165
      ],
      [
       -79.899652,
       35.796921
      ],
      [
       -79.899134,
       35.796642
      ],
      [
       -79.898467,
       35.796046
      ],
      [
       -79.898052,
       35.795878
      ],
      [
       -79.897541,
       35.795513
      ],
      [
       -79.897133,
       35.795055
      ],
      [
       -79.898656,
       35.794395
      ],
      [
       -79.899587,
       35.793763
      ],
      [
       -79.900221,
       35.79345
      ],
      [
       -79.901044,
       35.793263
      ],
      [
       -79.901645,
       35.793291
      ],
      [
       -79.901914,
       35.793154
      ],
      [
       -79.901806,
       35.792604
      ],
      [
       -79.901544,
       35.792164
      ],
      [
       -79.90155,
       35.791923
      ],
      [
       -79.902414,
       35.79078
      ],
      [
       -79.902779,
       35.790159
      ],
      [
       -79.902705,
       35.789922
      ],
      [
       -79.901923,
       35.789219
      ],
      [
       -79.901863,
       35.788971
      ],
      [
       -79.902503,
       35.786932
      ],
      [
       -79.902417,
       35.78568
      ],
      [
       -79.902579,
       35.785235
      ],
      [
       -79.902492,
       35.784751
      ],
      [
       -79.902613,
       35.784575
      ],
      [
       -79.902943,
       35.784377
      ],
      [
       -79.90345,
       35.784284
      ],
      [
       -79.904442,
       35.783954
      ],
      [
       -79.905224,
       35.783427
      ],
      [
       -79.905359,
       35.783246
      ],
      [
       -79.905312,
       35.783114
      ],
      [
       -79.904631,
       35.782767
      ],
      [
       -79.904401,
       35.782482
      ],
      [
       -79.903498,
       35.781717
      ],
      [
       -79.903532,
       35.781481
      ],
      [
       -79.904153,
       35.780871
      ],
      [
       -79.904213,
       35.780684
      ],
      [
       -79.903937,
       35.779876
      ],
      [
       -79.903917,
       35.779585
      ],
      [
       -79.904261,
       35.778832
      ],
      [
       -79.904747,
       35.778371
      ],
      [
       -79.905496,
       35.777948
      ],
      [
       -79.905746,
       35.777728
      ],
      [
       -79.90673,
       35.776437
      ],
      [
       -79.90663,
       35.77625
      ],
      [
       -79.905767,
       35.776019
      ],
      [
       -79.905045,
       35.775524
      ],
      [
       -79.903662,
       35.776101
      ],
      [
       -79.903399,
       35.776167
      ],
      [
       -79.902914,
       35.77615
      ],
      [
       -79.90257,
       35.775935
      ],
      [
       -79.902132,
       35.775468
      ],
      [
       -79.900938,
       35.774479
      ],
      [
       -79.900925,
       35.773742
      ],
      [
       -79.901121,
       35.773517
      ],
      [
       -79.901991,
       35.773023
      ],
      [
       -79.902352,
       35.772612
      ],
      [
       -79.902849,
       35.771749
      ],
      [
       -79.903119,
       35.771447
      ],
      [
       -79.90392,
       35.769689
      ],
      [
       -79.904165,
       35.769487
      ],
      [
       -79.904279,
       35.769442
      ],
      [
       -79.905185,
       35.769555
      ],
      [
       -79.906005,
       35.769506
      ],
      [
       -79.907859,
       35.769672
      ],
      [
       -79.908804,
       35.769342
      ],
      [
       -79.908892,
       35.769227
      ],
      [
       -79.908952,
       35.768749
      ],
      [
       -79.909283,
       35.768216
      ],
      [
       -79.910227,
       35.767771
      ],
      [
       -79.91165,
       35.766886
      ],
      [
       -79.912493,
       35.766579
      ],
      [
       -79.912871,
       35.765705
      ],
      [
       -79.913518,
       35.764947
      ],
      [
       -79.914051,
       35.764073
      ],
      [
       -79.914517,
       35.763716
      ],
      [
       -79.914895,
       35.763721
      ],
      [
       -79.915413,
       35.764057
      ],
      [
       -79.915967,
       35.764227
      ],
      [
       -79.916533,
       35.764645
      ],
      [
       -79.916702,
       35.764672
      ],
      [
       -79.916844,
       35.764606
      ],
      [
       -79.917329,
       35.763738
      ],
      [
       -79.917659,
       35.762853
      ],
      [
       -79.917667,
       35.760974
      ],
      [
       -79.91938,
       35.75932
      ],
      [
       -79.919818,
       35.758688
      ],
      [
       -79.919967,
       35.758254
      ],
      [
       -79.920109,
       35.757105
      ],
      [
       -79.920405,
       35.756946
      ],
      [
       -79.920729,
       35.756907
      ],
      [
       -79.922293,
       35.757094
      ],
      [
       -79.922779,
       35.757287
      ],
      [
       -79.923109,
       35.757589
      ],
      [
       -79.923473,
       35.757682
      ],
      [
       -79.923851,
       35.757655
      ],
      [
       -79.923972,
       35.757523
      ],
      [
       -79.923844,
       35.757051
      ],
      [
       -79.923938,
       35.756831
      ],
      [
       -79.924727,
       35.756155
      ],
      [
       -79.925557,
       35.755781
      ],
      [
       -79.925678,
       35.755287
      ],
      [
       -79.925651,
       35.755023
      ],
      [
       -79.925287,
       35.754495
      ],
      [
       -79.925099,
       35.753665
      ],
      [
       -79.924661,
       35.753
      ],
      [
       -79.924533,
       35.752396
      ]
     ],
     "type": "LineString"
    },
    "properties": {
     "length_km": 10.61,
     "n_sites": 1,
     "name": "Caraway Creek",
     "order": 2,
     "riverKey": "caraway creek",
     "underground": 0,
     "waterway": "stream"
    },
    "type": "Feature"
   },
   {
    "geometry": {
     "coordinates": [
      [
       [
        -79.828113,
        35.702701
       ],
       [
        -79.82866,
        35.702675
       ],
       [
        -79.829122,
        35.702539
       ],
       [
        -79.829287,
        35.702793
       ],
       [
        -79.829299,
        35.703004
       ],
       [
        -79.829659,
        35.703403
       ],
       [
        -79.829709,
        35.703791
       ],
       [
        -79.829795,
        35.703878
       ],
       [
        -79.830343,
        35.704202
       ],
       [
        -79.830791,
        35.703936
       ],
       [
        -79.83098,
        35.704045
       ],
       [
        -79.8314,
        35.704072
       ],
       [
        -79.832231,
        35.704882
       ],
       [
        -79.832517,
        35.704892
       ],
       [
        -79.832751,
        35.704776
       ],
       [
        -79.833244,
        35.704007
       ],
       [
        -79.83381,
        35.703721
       ],
       [
        -79.835144,
        35.703771
       ],
       [
        -79.835724,
        35.703259
       ],
       [
        -79.835912,
        35.703375
       ],
       [
        -79.836297,
        35.704606
       ],
       [
        -79.836803,
        35.705304
       ],
       [
        -79.837102,
        35.705445
       ],
       [
        -79.837379,
        35.705418
       ],
       [
        -79.83751,
        35.705288
       ],
       [
        -79.837759,
        35.705355
       ],
       [
        -79.83825,
        35.70532
       ],
       [
        -79.839541,
        35.706086
       ],
       [
        -79.839963,
        35.706138
       ],
       [
        -79.840092,
        35.706226
       ],
       [
        -79.840207,
        35.706222
       ],
       [
        -79.840288,
        35.70612
       ],
       [
        -79.840589,
        35.706199
       ],
       [
        -79.841054,
        35.706199
       ],
       [
        -79.841593,
        35.706391
       ],
       [
        -79.841634,
        35.70655
       ],
       [
        -79.841398,
        35.706946
       ],
       [
        -79.841325,
        35.707616
       ],
       [
        -79.841403,
        35.707846
       ],
       [
        -79.841904,
        35.708358
       ],
       [
        -79.841291,
        35.709589
       ],
       [
        -79.841439,
        35.709947
       ],
       [
        -79.841729,
        35.710106
       ],
       [
        -79.841884,
        35.710304
       ],
       [
        -79.841897,
        35.710578
       ],
       [
        -79.842231,
        35.711122
       ],
       [
        -79.842579,
        35.711469
       ],
       [
        -79.843091,
        35.712678
       ],
       [
        -79.843489,
        35.714101
       ],
       [
        -79.84388,
        35.714315
       ],
       [
        -79.844648,
        35.71437
       ],
       [
        -79.845605,
        35.714199
       ],
       [
        -79.846009,
        35.713919
       ],
       [
        -79.846151,
        35.713935
       ],
       [
        -79.846461,
        35.714166
       ],
       [
        -79.846502,
        35.71432
       ],
       [
        -79.846253,
        35.715535
       ],
       [
        -79.846542,
        35.716095
       ],
       [
        -79.846392,
        35.716531
       ],
       [
        -79.846403,
        35.716903
       ],
       [
        -79.846444,
        35.717084
       ],
       [
        -79.846705,
        35.717419
       ],
       [
        -79.846826,
        35.717914
       ],
       [
        -79.84678,
        35.71809
       ],
       [
        -79.846874,
        35.718783
       ],
       [
        -79.847042,
        35.718821
       ],
       [
        -79.847056,
        35.719063
       ],
       [
        -79.847204,
        35.719184
       ],
       [
        -79.847083,
        35.71959
       ],
       [
        -79.846989,
        35.719662
       ],
       [
        -79.846975,
        35.719904
       ],
       [
        -79.847259,
        35.72036
       ],
       [
        -79.847366,
        35.720964
       ],
       [
        -79.847575,
        35.72125
       ],
       [
        -79.847824,
        35.721294
       ],
       [
        -79.84866,
        35.720975
       ],
       [
        -79.849105,
        35.721013
       ],
       [
        -79.849381,
        35.721145
       ],
       [
        -79.849691,
        35.721656
       ],
       [
        -79.85013,
        35.722112
       ],
       [
        -79.85044,
        35.723178
       ],
       [
        -79.850886,
        35.72409
       ],
       [
        -79.851398,
        35.72387
       ],
       [
        -79.851735,
        35.723518
       ],
       [
        -79.851748,
        35.723343
       ],
       [
        -79.851532,
        35.723112
       ],
       [
        -79.8516,
        35.722886
       ],
       [
        -79.852267,
        35.722491
       ],
       [
        -79.85321,
        35.722485
       ],
       [
        -79.853487,
        35.72227
       ],
       [
        -79.853816,
        35.721644
       ],
       [
        -79.854173,
        35.721495
       ],
       [
        -79.855118,
        35.723001
       ],
       [
        -79.85532,
        35.723232
       ],
       [
        -79.856203,
        35.723814
       ],
       [
        -79.856715,
        35.724407
       ],
       [
        -79.856891,
        35.725165
       ],
       [
        -79.856588,
        35.725556
       ],
       [
        -79.857074,
        35.725753
       ],
       [
        -79.857478,
        35.725748
       ],
       [
        -79.858172,
        35.725412
       ],
       [
        -79.858637,
        35.72528
       ],
       [
        -79.858738,
        35.725275
       ],
       [
        -79.858859,
        35.725429
       ],
       [
        -79.858961,
        35.725434
       ],
       [
        -79.859096,
        35.725318
       ],
       [
        -79.859183,
        35.725033
       ],
       [
        -79.859418,
        35.724818
       ],
       [
        -79.859445,
        35.724676
       ],
       [
        -79.859823,
        35.724499
       ],
       [
        -79.860213,
        35.723862
       ],
       [
        -79.861191,
        35.723724
       ],
       [
        -79.862039,
        35.724081
       ],
       [
        -79.862741,
        35.724235
       ],
       [
        -79.862835,
        35.724383
       ],
       [
        -79.862633,
        35.724603
       ],
       [
        -79.862627,
        35.724718
       ],
       [
        -79.862741,
        35.724762
       ],
       [
        -79.863247,
        35.724707
       ],
       [
        -79.863489,
        35.724844
       ],
       [
        -79.86388,
        35.725328
       ],
       [
        -79.863968,
        35.725778
       ],
       [
        -79.864332,
        35.72596
       ],
       [
        -79.864784,
        35.726036
       ],
       [
        -79.865512,
        35.725981
       ],
       [
        -79.865707,
        35.725882
       ],
       [
        -79.866206,
        35.725365
       ],
       [
        -79.866428,
        35.725277
       ],
       [
        -79.867634,
        35.725332
       ],
       [
        -79.867857,
        35.725403
       ],
       [
        -79.868214,
        35.725612
       ],
       [
        -79.868855,
        35.726364
       ],
       [
        -79.869266,
        35.726694
       ],
       [
        -79.869334,
        35.726886
       ],
       [
        -79.870433,
        35.72727
       ],
       [
        -79.871154,
        35.727243
       ],
       [
        -79.872098,
        35.728083
       ],
       [
        -79.872873,
        35.728522
       ],
       [
        -79.873251,
        35.728539
       ],
       [
        -79.874532,
        35.728346
       ],
       [
        -79.875677,
        35.728064
       ],
       [
        -79.876209,
        35.728169
       ],
       [
        -79.876694,
        35.728383
       ],
       [
        -79.877099,
        35.728164
       ],
       [
        -79.87755,
        35.728241
       ],
       [
        -79.877793,
        35.728197
       ],
       [
        -79.878131,
        35.727961
       ],
       [
        -79.878393,
        35.727922
       ],
       [
        -79.879033,
        35.728055
       ],
       [
        -79.879732,
        35.7285
       ]
      ],
      [
       [
        -79.819513,
        35.69336
       ],
       [
        -79.818558,
        35.693794
       ],
       [
        -79.817828,
        35.694275
       ],
       [
        -79.817406,
        35.694709
       ],
       [
        -79.817097,
        35.695236
       ],
       [
        -79.816984,
        35.695717
       ],
       [
        -79.817152,
        35.696908
       ],
       [
        -79.81746,
        35.697297
       ],
       [
        -79.817993,
        35.697664
       ],
       [
        -79.818611,
        35.697939
       ],
       [
        -79.819537,
        35.698191
       ],
       [
        -79.820688,
        35.698673
       ],
       [
        -79.822849,
        35.698674
       ],
       [
        -79.824617,
        35.699087
       ],
       [
        -79.82487,
        35.69927
       ],
       [
        -79.825122,
        35.699866
       ],
       [
        -79.825739,
        35.700919
       ],
       [
        -79.825851,
        35.701537
       ],
       [
        -79.826075,
        35.701744
       ],
       [
        -79.827479,
        35.702431
       ],
       [
        -79.827619,
        35.702912
       ],
       [
        -79.827956,
        35.702798
       ],
       [
        -79.828208,
        35.702569
       ],
       [
        -79.828686,
        35.702523
       ],
       [
        -79.829219,
        35.70273
       ],
       [
        -79.829247,
        35.702913
       ],
       [
        -79.829584,
        35.703165
       ],
       [
        -79.829724,
        35.703623
       ],
       [
        -79.83006,
        35.703898
       ],
       [
        -79.830257,
        35.703921
       ]
      ]
     ],
     "type": "MultiLineString"
    },
    "properties": {
     "length_km": 10.07,
     "n_sites": 9,
     "name": "Cedar Fork Creek",
     "order": 2,
     "riverKey": "cedar fork creek",
     "underground": 0,
     "waterway": "stream"
    },
    "type": "Feature"
   },
   {
    "geometry": {
     "coordinates": [
      [
       -79.819077,
       35.838654
      ],
      [
       -79.818724,
       35.838728
      ],
      [
       -79.818104,
       35.838732
      ],
      [
       -79.817793,
       35.838662
      ],
      [
       -79.817482,
       35.83852
      ],
      [
       -79.816991,
       35.838127
      ],
      [
       -79.816676,
       35.83766
      ],
      [
       -79.816449,
       35.837085
      ],
      [
       -79.816388,
       35.835427
      ],
      [
       -79.816251,
       35.834959
      ],
      [
       -79.815754,
       35.834061
      ],
      [
       -79.815263,
       35.833668
      ],
      [
       -79.815041,
       35.833597
      ],
      [
       -79.814599,
       35.8336
      ],
      [
       -79.813232,
       35.834186
      ],
      [
       -79.812435,
       35.834227
      ],
      [
       -79.811416,
       35.834126
      ],
      [
       -79.810748,
       35.83377
      ],
      [
       -79.809174,
       35.833546
      ],
      [
       -79.80822,
       35.833282
      ],
      [
       -79.806573,
       35.832427
      ],
      [
       -79.805685,
       35.832145
      ],
      [
       -79.805327,
       35.831751
      ],
      [
       -79.805168,
       35.831354
      ],
      [
       -79.805094,
       35.830634
      ],
      [
       -79.805311,
       35.830164
      ],
      [
       -79.80601,
       35.829622
      ],
      [
       -79.806366,
       35.829472
      ],
      [
       -79.806764,
       35.829398
      ],
      [
       -79.807517,
       35.829429
      ],
      [
       -79.807652,
       35.829608
      ],
      [
       -79.807656,
       35.830041
      ],
      [
       -79.807794,
       35.830508
      ],
      [
       -79.808597,
       35.831116
      ],
      [
       -79.808863,
       35.831222
      ],
      [
       -79.809438,
       35.831183
      ],
      [
       -79.809796,
       35.830932
      ],
      [
       -79.810096,
       35.830493
      ],
      [
       -79.810138,
       35.830277
      ],
      [
       -79.809872,
       35.827302
      ],
      [
       -79.809745,
       35.826457
      ],
      [
       -79.809563,
       35.825918
      ],
      [
       -79.809391,
       35.825687
      ],
      [
       -79.809161,
       35.825596
      ],
      [
       -79.808605,
       35.82564
      ],
      [
       -79.807351,
       35.826077
      ],
      [
       -79.806687,
       35.826117
      ],
      [
       -79.806288,
       35.826048
      ],
      [
       -79.805888,
       35.82587
      ],
      [
       -79.805305,
       35.825366
      ],
      [
       -79.805127,
       35.825082
      ],
      [
       -79.804412,
       35.824366
      ],
      [
       -79.803653,
       35.823758
      ],
      [
       -79.80272,
       35.823439
      ],
      [
       -79.801695,
       35.822761
      ],
      [
       -79.800317,
       35.822121
      ],
      [
       -79.799119,
       35.821877
      ],
      [
       -79.79703,
       35.821025
      ],
      [
       -79.796004,
       35.820202
      ],
      [
       -79.795737,
       35.820096
      ],
      [
       -79.794978,
       35.819488
      ],
      [
       -79.794667,
       35.819346
      ],
      [
       -79.792973,
       35.818095
      ],
      [
       -79.792479,
       35.817449
      ],
      [
       -79.791933,
       35.815866
      ],
      [
       -79.791561,
       35.815423
      ],
      [
       -79.791263,
       35.815258
      ],
      [
       -79.790468,
       35.815146
      ],
      [
       -79.788916,
       35.815165
      ],
      [
       -79.788073,
       35.81499
      ],
      [
       -79.78785,
       35.814811
      ],
      [
       -79.787715,
       35.81456
      ],
      [
       -79.787755,
       35.814127
      ],
      [
       -79.788188,
       35.813114
      ],
      [
       -79.788227,
       35.812573
      ],
      [
       -79.788136,
       35.812322
      ],
      [
       -79.78702,
       35.811391
      ],
      [
       -79.786704,
       35.81078
      ],
      [
       -79.786611,
       35.810348
      ],
      [
       -79.786251,
       35.809702
      ],
      [
       -79.785849,
       35.809308
      ],
      [
       -79.785131,
       35.808303
      ],
      [
       -79.783569,
       35.806979
      ],
      [
       -79.782276,
       35.80605
      ],
      [
       -79.781698,
       35.805729
      ],
      [
       -79.779244,
       35.80369
      ],
      [
       -79.778785,
       35.803471
      ],
      [
       -79.777965,
       35.803254
      ],
      [
       -79.777688,
       35.802978
      ],
      [
       -79.777105,
       35.802153
      ],
      [
       -79.776519,
       35.801039
      ],
      [
       -79.776251,
       35.800824
      ],
      [
       -79.775758,
       35.800142
      ],
      [
       -79.775397,
       35.799496
      ],
      [
       -79.774896,
       35.798021
      ],
      [
       -79.774673,
       35.797842
      ],
      [
       -79.774103,
       35.797761
      ],
      [
       -79.773113,
       35.797904
      ],
      [
       -79.772726,
       35.797818
      ],
      [
       -79.77148,
       35.797141
      ],
      [
       -79.770992,
       35.797
      ],
      [
       -79.770397,
       35.796598
      ],
      [
       -79.770348,
       35.7962
      ],
      [
       -79.770488,
       35.795967
      ],
      [
       -79.772097,
       35.795635
      ],
      [
       -79.772658,
       35.795374
      ],
      [
       -79.77279,
       35.795222
      ],
      [
       -79.772825,
       35.794762
      ],
      [
       -79.772682,
       35.794296
      ],
      [
       -79.772689,
       35.79396
      ],
      [
       -79.773104,
       35.792222
      ],
      [
       -79.77311,
       35.791722
      ],
      [
       -79.773063,
       35.791398
      ],
      [
       -79.77211,
       35.788953
      ],
      [
       -79.771464,
       35.786144
      ],
      [
       -79.771271,
       35.784523
      ],
      [
       -79.771673,
       35.780194
      ],
      [
       -79.771442,
       35.779258
      ],
      [
       -79.771034,
       35.778215
      ],
      [
       -79.770046,
       35.776671
      ],
      [
       -79.769973,
       35.776136
      ],
      [
       -79.770036,
       35.775625
      ],
      [
       -79.770122,
       35.775336
      ],
      [
       -79.770558,
       35.774685
      ],
      [
       -79.771216,
       35.774032
      ],
      [
       -79.772357,
       35.773087
      ],
      [
       -79.772926,
       35.772398
      ],
      [
       -79.773315,
       35.771458
      ],
      [
       -79.773867,
       35.769075
      ],
      [
       -79.774697,
       35.767988
      ],
      [
       -79.774826,
       35.767627
      ],
      [
       -79.774775,
       35.766834
      ],
      [
       -79.774546,
       35.766218
      ],
      [
       -79.773738,
       35.764858
      ],
      [
       -79.773151,
       35.764335
      ],
      [
       -79.772195,
       35.763698
      ],
      [
       -79.77178,
       35.762745
      ],
      [
       -79.771856,
       35.761909
      ],
      [
       -79.771714,
       35.761316
      ],
      [
       -79.771529,
       35.761093
      ],
      [
       -79.771082,
       35.760744
      ],
      [
       -79.770023,
       35.760338
      ],
      [
       -79.769426,
       35.760288
      ],
      [
       -79.768694,
       35.760058
      ],
      [
       -79.767497,
       35.759849
      ],
      [
       -79.766392,
       35.759892
      ],
      [
       -79.76498,
       35.760226
      ],
      [
       -79.762899,
       35.760095
      ],
      [
       -79.762318,
       35.760015
      ],
      [
       -79.761817,
       35.759846
      ],
      [
       -79.761258,
       35.759564
      ],
      [
       -79.759965,
       35.758527
      ],
      [
       -79.759652,
       35.758168
      ],
      [
       -79.759421,
       35.757124
      ],
      [
       -79.759163,
       35.756807
      ],
      [
       -79.758778,
       35.75646
      ],
      [
       -79.758041,
       35.756195
      ],
      [
       -79.75756,
       35.756156
      ],
      [
       -79.757024,
       35.756237
      ],
      [
       -79.75496,
       35.7578
      ],
      [
       -79.754431,
       35.758017
      ],
      [
       -79.75337,
       35.758099
      ],
      [
       -79.752769,
       35.757979
      ],
      [
       -79.751161,
       35.757968
      ],
      [
       -79.750104,
       35.75884
      ],
      [
       -79.749271,
       35.758734
      ],
      [
       -79.747444,
       35.758159
      ],
      [
       -79.747169,
       35.757837
      ],
      [
       -79.747129,
       35.757526
      ],
      [
       -79.747386,
       35.756611
      ],
      [
       -79.747371,
       35.755849
      ],
      [
       -79.747046,
       35.754456
      ],
      [
       -79.746891,
       35.754219
      ],
      [
       -79.746523,
       35.753907
      ],
      [
       -79.7452,
       35.753005
      ],
      [
       -79.744929,
       35.7527
      ],
      [
       -79.744299,
       35.751353
      ],
      [
       -79.743379,
       35.750583
      ],
      [
       -79.741195,
       35.7497
      ],
      [
       -79.740129,
       35.749633
      ],
      [
       -79.739647,
       35.749673
      ],
      [
       -79.738955,
       35.750005
      ],
      [
       -79.736914,
       35.751626
      ],
      [
       -79.736556,
       35.751709
      ],
      [
       -79.73629,
       35.751674
      ],
      [
       -79.735092,
       35.751249
      ],
      [
       -79.73476,
       35.75121
      ],
      [
       -79.73359,
       35.75151
      ],
      [
       -79.732691,
       35.751495
      ],
      [
       -79.732129,
       35.751339
      ],
      [
       -79.731551,
       35.751018
      ],
      [
       -79.730515,
       35.750008
      ],
      [
       -79.728622,
       35.74837
      ],
      [
       -79.727982,
       35.748093
      ],
      [
       -79.726004,
       35.747448
      ],
      [
       -79.725514,
       35.747018
      ],
      [
       -79.723668,
       35.745893
      ],
      [
       -79.722399,
       35.744945
      ],
      [
       -79.720664,
       35.743802
      ],
      [
       -79.720176,
       35.743624
      ],
      [
       -79.718218,
       35.742266
      ],
      [
       -79.717818,
       35.742088
      ],
      [
       -79.716933,
       35.742021
      ],
      [
       -79.716386,
       35.741833
      ],
      [
       -79.715958,
       35.741774
      ],
      [
       -79.714854,
       35.741889
      ],
      [
       -79.71428,
       35.742037
      ],
      [
       -79.714017,
       35.742255
      ],
      [
       -79.713884,
       35.742802
      ],
      [
       -79.71367,
       35.74305
      ],
      [
       -79.713809,
       35.74377
      ],
      [
       -79.71368,
       35.744167
      ],
      [
       -79.712626,
       35.745039
      ],
      [
       -79.712142,
       35.74533
      ],
      [
       -79.710948,
       35.745409
      ],
      [
       -79.709092,
       35.745276
      ],
      [
       -79.707234,
       35.745467
      ],
      [
       -79.706968,
       35.745433
      ],
      [
       -79.706125,
       35.745041
      ],
      [
       -79.705813,
       35.74479
      ]
     ],
     "type": "LineString"
    },
    "properties": {
     "length_km": 20.47,
     "n_sites": 10,
     "name": "Deep River",
     "order": 4,
     "riverKey": "deep river",
     "underground": 0,
     "waterway": "river"
    },
    "type": "Feature"
   },
   {
    "geometry": {
     "coordinates": [
      [
       -79.77427,
       35.704077
      ],
      [
       -79.774732,
       35.70403
      ],
      [
       -79.774928,
       35.704085
      ],
      [
       -79.775366,
       35.704321
      ],
      [
       -79.775575,
       35.704618
      ],
      [
       -79.775493,
       35.705019
      ],
      [
       -79.775028,
       35.705953
      ],
      [
       -79.77467,
       35.707096
      ],
      [
       -79.773942,
       35.708135
      ],
      [
       -79.77316,
       35.708915
      ],
      [
       -79.772628,
       35.709288
      ],
      [
       -79.77227,
       35.709425
      ],
      [
       -79.772136,
       35.709651
      ],
      [
       -79.771542,
       35.710068
      ],
      [
       -79.771135,
       35.710006
      ],
      [
       -79.771077,
       35.709932
      ],
      [
       -79.771091,
       35.709601
      ],
      [
       -79.771004,
       35.709381
      ],
      [
       -79.770754,
       35.709112
      ],
      [
       -79.769859,
       35.707716
      ],
      [
       -79.769165,
       35.707309
      ],
      [
       -79.768626,
       35.707116
      ],
      [
       -79.767643,
       35.706989
      ],
      [
       -79.766568,
       35.706534
      ],
      [
       -79.765635,
       35.70651
      ],
      [
       -79.764645,
       35.706708
      ],
      [
       -79.764503,
       35.7069
      ],
      [
       -79.764287,
       35.706999
      ],
      [
       -79.763647,
       35.706862
      ],
      [
       -79.763281,
       35.706872
      ],
      [
       -79.763,
       35.70724
      ],
      [
       -79.762831,
       35.70729
      ],
      [
       -79.76171,
       35.707156
      ],
      [
       -79.761536,
       35.707228
      ],
      [
       -79.76143,
       35.70763
      ],
      [
       -79.761598,
       35.707795
      ],
      [
       -79.761585,
       35.707948
      ],
      [
       -79.761335,
       35.708542
      ],
      [
       -79.761179,
       35.709234
      ],
      [
       -79.76095,
       35.709564
      ],
      [
       -79.761017,
       35.709701
      ],
      [
       -79.761287,
       35.709729
      ],
      [
       -79.761361,
       35.709866
      ],
      [
       -79.761064,
       35.71096
      ],
      [
       -79.761117,
       35.711202
      ],
      [
       -79.760922,
       35.711663
      ],
      [
       -79.760908,
       35.71229
      ],
      [
       -79.760813,
       35.71251
      ],
      [
       -79.760314,
       35.71274
      ],
      [
       -79.760368,
       35.713032
      ],
      [
       -79.760294,
       35.713174
      ],
      [
       -79.760476,
       35.713477
      ],
      [
       -79.760367,
       35.71374
      ],
      [
       -79.760125,
       35.713823
      ],
      [
       -79.759956,
       35.714032
      ],
      [
       -79.760357,
       35.714378
      ],
      [
       -79.760398,
       35.714524
      ],
      [
       -79.760039,
       35.714857
      ],
      [
       -79.759742,
       35.714962
      ],
      [
       -79.759695,
       35.715137
      ],
      [
       -79.759841,
       35.715416
      ],
      [
       -79.759266,
       35.715762
      ],
      [
       -79.758783,
       35.716263
      ],
      [
       -79.75874,
       35.716782
      ],
      [
       -79.757977,
       35.718517
      ],
      [
       -79.758416,
       35.719043
      ],
      [
       -79.758352,
       35.720653
      ],
      [
       -79.758223,
       35.720876
      ],
      [
       -79.758042,
       35.720891
      ],
      [
       -79.757923,
       35.720797
      ],
      [
       -79.757744,
       35.720961
      ],
      [
       -79.757947,
       35.721342
      ],
      [
       -79.757815,
       35.721713
      ],
      [
       -79.757812,
       35.722356
      ],
      [
       -79.757177,
       35.722627
      ],
      [
       -79.756943,
       35.72259
      ],
      [
       -79.756844,
       35.722835
      ],
      [
       -79.757015,
       35.722998
      ],
      [
       -79.756982,
       35.723199
      ],
      [
       -79.757342,
       35.723338
      ],
      [
       -79.757701,
       35.723802
      ],
      [
       -79.757525,
       35.724098
      ],
      [
       -79.757355,
       35.724191
      ],
      [
       -79.757301,
       35.724705
      ],
      [
       -79.757468,
       35.724846
      ],
      [
       -79.757469,
       35.724945
      ],
      [
       -79.757306,
       35.725148
      ],
      [
       -79.757259,
       35.725417
      ],
      [
       -79.756497,
       35.726302
      ],
      [
       -79.756476,
       35.726813
      ],
      [
       -79.756362,
       35.727055
      ],
      [
       -79.755863,
       35.727461
      ],
      [
       -79.755053,
       35.72784
      ],
      [
       -79.754305,
       35.728565
      ],
      [
       -79.753551,
       35.729486
      ],
      [
       -79.75352,
       35.730124
      ],
      [
       -79.753292,
       35.731087
      ],
      [
       -79.753871,
       35.731818
      ],
      [
       -79.753999,
       35.732175
      ],
      [
       -79.753998,
       35.732577
      ],
      [
       -79.753607,
       35.733005
      ],
      [
       -79.752906,
       35.733549
      ],
      [
       -79.752345,
       35.734351
      ],
      [
       -79.751887,
       35.734713
      ],
      [
       -79.751563,
       35.735164
      ],
      [
       -79.751394,
       35.735554
      ],
      [
       -79.751333,
       35.735845
      ],
      [
       -79.751387,
       35.736164
      ],
      [
       -79.75109,
       35.737087
      ],
      [
       -79.750779,
       35.737428
      ],
      [
       -79.75061,
       35.738026
      ],
      [
       -79.750111,
       35.738521
      ],
      [
       -79.749908,
       35.739092
      ],
      [
       -79.749423,
       35.739631
      ],
      [
       -79.749249,
       35.740146
      ],
      [
       -79.749115,
       35.740996
      ],
      [
       -79.748717,
       35.741546
      ],
      [
       -79.748637,
       35.74182
      ],
      [
       -79.748152,
       35.742118
      ],
      [
       -79.747956,
       35.742552
      ],
      [
       -79.74766,
       35.742849
      ],
      [
       -79.747472,
       35.74353
      ],
      [
       -79.747438,
       35.744014
      ],
      [
       -79.747149,
       35.744959
      ],
      [
       -79.746812,
       35.745344
      ],
      [
       -79.746287,
       35.745636
      ],
      [
       -79.746213,
       35.745872
      ],
      [
       -79.746328,
       35.746328
      ],
      [
       -79.746254,
       35.746526
      ],
      [
       -79.745687,
       35.746944
      ],
      [
       -79.74531,
       35.747373
      ],
      [
       -79.745257,
       35.747763
      ],
      [
       -79.745419,
       35.748626
      ],
      [
       -79.745561,
       35.748867
      ],
      [
       -79.745399,
       35.74989
      ],
      [
       -79.745101,
       35.750073
      ],
      [
       -79.745167,
       35.75044
      ],
      [
       -79.744995,
       35.750828
      ],
      [
       -79.744299,
       35.751353
      ]
     ],
     "type": "LineString"
    },
    "properties": {
     "length_km": 7.77,
     "n_sites": 5,
     "name": "Gabriels Creek",
     "order": 2,
     "riverKey": "gabriels creek",
     "underground": 0,
     "waterway": "stream"
    },
    "type": "Feature"
   },
   {
    "geometry": {
     "coordinates": [
      [
       -79.82326,
       35.741261
      ],
      [
       -79.82352,
       35.74101
      ],
      [
       -79.824502,
       35.740676
      ],
      [
       -79.825278,
       35.74105
      ],
      [
       -79.825871,
       35.741203
      ],
      [
       -79.826018,
       35.741544
      ],
      [
       -79.826706,
       35.742374
      ],
      [
       -79.826815,
       35.743231
      ],
      [
       -79.827354,
       35.743759
      ],
      [
       -79.827684,
       35.74377
      ],
      [
       -79.828412,
       35.743467
      ],
      [
       -79.829046,
       35.74344
      ],
      [
       -79.829727,
       35.74378
      ],
      [
       -79.83032,
       35.743896
      ],
      [
       -79.830678,
       35.744055
      ],
      [
       -79.830846,
       35.74428
      ],
      [
       -79.83092,
       35.744693
      ],
      [
       -79.831675,
       35.744984
      ],
      [
       -79.832484,
       35.74511
      ],
      [
       -79.832814,
       35.745324
      ],
      [
       -79.833003,
       35.745621
      ],
      [
       -79.83392,
       35.745368
      ],
      [
       -79.83487,
       35.74522
      ],
      [
       -79.835288,
       35.744923
      ],
      [
       -79.835416,
       35.744736
      ],
      [
       -79.835787,
       35.744549
      ],
      [
       -79.835807,
       35.744412
      ],
      [
       -79.836408,
       35.744379
      ],
      [
       -79.837041,
       35.744499
      ],
      [
       -79.837338,
       35.744714
      ],
      [
       -79.838295,
       35.745736
      ],
      [
       -79.838666,
       35.745845
      ],
      [
       -79.839563,
       35.745345
      ],
      [
       -79.839744,
       35.745015
      ],
      [
       -79.840365,
       35.744389
      ],
      [
       -79.840776,
       35.743773
      ],
      [
       -79.841342,
       35.743487
      ],
      [
       -79.84184,
       35.74346
      ],
      [
       -79.842353,
       35.743767
      ],
      [
       -79.843048,
       35.743751
      ],
      [
       -79.844773,
       35.74341
      ],
      [
       -79.844887,
       35.742915
      ],
      [
       -79.846424,
       35.742898
      ],
      [
       -79.846593,
       35.742634
      ],
      [
       -79.846937,
       35.742348
      ],
      [
       -79.847274,
       35.742332
      ],
      [
       -79.847489,
       35.742475
      ],
      [
       -79.848015,
       35.742282
      ],
      [
       -79.848763,
       35.74232
      ],
      [
       -79.849471,
       35.74226
      ],
      [
       -79.850206,
       35.741996
      ],
      [
       -79.85094,
       35.74188
      ],
      [
       -79.851608,
       35.741501
      ],
      [
       -79.851742,
       35.741528
      ],
      [
       -79.851911,
       35.741731
      ],
      [
       -79.85206,
       35.741748
      ],
      [
       -79.852538,
       35.741319
      ],
      [
       -79.852842,
       35.741385
      ],
      [
       -79.852754,
       35.741638
      ],
      [
       -79.852849,
       35.741841
      ],
      [
       -79.853172,
       35.741942
      ],
      [
       -79.853635,
       35.741812
      ],
      [
       -79.854018,
       35.741431
      ],
      [
       -79.854868,
       35.741299
      ],
      [
       -79.855567,
       35.741609
      ],
      [
       -79.856192,
       35.74211
      ],
      [
       -79.85875,
       35.74247
      ],
      [
       -79.859294,
       35.742719
      ]
     ],
     "type": "LineString"
    },
    "properties": {
     "length_km": 4.12,
     "n_sites": 1,
     "name": "Greenes Branch",
     "order": 2,
     "riverKey": "greenes branch",
     "underground": 0,
     "waterway": "stream"
    },
    "type": "Feature"
   },
   {
    "geometry": {
     "coordinates": [
      [
       -79.822006,
       35.708851
      ],
      [
       -79.822151,
       35.708918
      ],
      [
       -79.823249,
       35.70893
      ],
      [
       -79.824446,
       35.709244
      ],
      [
       -79.82491,
       35.709581
      ],
      [
       -79.825496,
       35.710251
      ],
      [
       -79.825496,
       35.71046
      ],
      [
       -79.825287,
       35.710588
      ],
      [
       -79.825449,
       35.711043
      ],
      [
       -79.825692,
       35.713263
      ],
      [
       -79.825409,
       35.714335
      ],
      [
       -79.825025,
       35.715351
      ],
      [
       -79.82485,
       35.716214
      ],
      [
       -79.82481,
       35.716649
      ],
      [
       -79.824931,
       35.718259
      ],
      [
       -79.82487,
       35.718676
      ],
      [
       -79.824439,
       35.719424
      ],
      [
       -79.824345,
       35.719852
      ],
      [
       -79.823799,
       35.720825
      ],
      [
       -79.823483,
       35.720985
      ],
      [
       -79.823435,
       35.721172
      ],
      [
       -79.822855,
       35.721947
      ],
      [
       -79.822499,
       35.722655
      ],
      [
       -79.822,
       35.723139
      ],
      [
       -79.821953,
       35.723486
      ],
      [
       -79.821771,
       35.723656
      ],
      [
       -79.821905,
       35.723749
      ],
      [
       -79.821514,
       35.723854
      ],
      [
       -79.821569,
       35.723964
      ],
      [
       -79.821468,
       35.724145
      ],
      [
       -79.821575,
       35.724271
      ],
      [
       -79.82113,
       35.72459
      ],
      [
       -79.821023,
       35.724849
      ],
      [
       -79.820821,
       35.724843
      ],
      [
       -79.819223,
       35.724167
      ],
      [
       -79.818758,
       35.724283
      ],
      [
       -79.818381,
       35.724271
      ],
      [
       -79.817896,
       35.724464
      ],
      [
       -79.817889,
       35.724656
      ],
      [
       -79.818111,
       35.724794
      ],
      [
       -79.818179,
       35.725162
      ],
      [
       -79.81859,
       35.725459
      ],
      [
       -79.818549,
       35.725706
      ],
      [
       -79.818327,
       35.726085
      ],
      [
       -79.818179,
       35.72608
      ],
      [
       -79.818111,
       35.726189
      ],
      [
       -79.818381,
       35.726376
      ],
      [
       -79.818354,
       35.726893
      ],
      [
       -79.818482,
       35.727146
      ],
      [
       -79.818435,
       35.727415
      ],
      [
       -79.818623,
       35.72764
      ],
      [
       -79.818704,
       35.728102
      ],
      [
       -79.818643,
       35.728239
      ],
      [
       -79.818354,
       35.728366
      ],
      [
       -79.81826,
       35.728762
      ],
      [
       -79.81832,
       35.729481
      ],
      [
       -79.818705,
       35.730009
      ],
      [
       -79.81861,
       35.730504
      ],
      [
       -79.818725,
       35.731158
      ],
      [
       -79.81886,
       35.731592
      ],
      [
       -79.819708,
       35.73168
      ],
      [
       -79.820174,
       35.731845
      ],
      [
       -79.820106,
       35.732169
      ],
      [
       -79.81981,
       35.73257
      ],
      [
       -79.819756,
       35.732861
      ],
      [
       -79.819857,
       35.733086
      ],
      [
       -79.819743,
       35.733455
      ],
      [
       -79.820052,
       35.733576
      ],
      [
       -79.820194,
       35.73423
      ],
      [
       -79.820599,
       35.734372
      ],
      [
       -79.820761,
       35.734675
      ],
      [
       -79.820646,
       35.73512
      ],
      [
       -79.820154,
       35.735697
      ],
      [
       -79.819972,
       35.736521
      ],
      [
       -79.819069,
       35.73717
      ],
      [
       -79.818435,
       35.737895
      ],
      [
       -79.818091,
       35.740654
      ],
      [
       -79.817963,
       35.741468
      ],
      [
       -79.817848,
       35.741726
      ],
      [
       -79.817107,
       35.742034
      ],
      [
       -79.816399,
       35.742116
      ],
      [
       -79.816096,
       35.742391
      ],
      [
       -79.815779,
       35.742528
      ],
      [
       -79.81464,
       35.743408
      ],
      [
       -79.814434,
       35.743495
      ],
      [
       -79.812766,
       35.745606
      ],
      [
       -79.81201,
       35.74687
      ],
      [
       -79.812193,
       35.747271
      ],
      [
       -79.812218,
       35.747629
      ],
      [
       -79.811336,
       35.749211
      ],
      [
       -79.810911,
       35.75064
      ],
      [
       -79.810971,
       35.75108
      ],
      [
       -79.811175,
       35.75131
      ],
      [
       -79.811022,
       35.751585
      ],
      [
       -79.811109,
       35.752133
      ],
      [
       -79.810287,
       35.753838
      ],
      [
       -79.810166,
       35.755113
      ],
      [
       -79.80966,
       35.755564
      ],
      [
       -79.809296,
       35.756201
      ],
      [
       -79.809397,
       35.756471
      ],
      [
       -79.809539,
       35.756498
      ],
      [
       -79.809721,
       35.75668
      ],
      [
       -79.809903,
       35.756696
      ],
      [
       -79.809821,
       35.756927
      ],
      [
       -79.810307,
       35.756976
      ],
      [
       -79.810516,
       35.757081
      ],
      [
       -79.810509,
       35.757641
      ],
      [
       -79.810348,
       35.757944
      ],
      [
       -79.810375,
       35.758185
      ],
      [
       -79.810038,
       35.758427
      ],
      [
       -79.810003,
       35.758608
      ],
      [
       -79.810604,
       35.75862
      ],
      [
       -79.810799,
       35.758795
      ],
      [
       -79.811083,
       35.758636
      ],
      [
       -79.811521,
       35.758779
      ],
      [
       -79.811629,
       35.758905
      ],
      [
       -79.81148,
       35.759296
      ],
      [
       -79.811804,
       35.759521
      ],
      [
       -79.811838,
       35.759669
      ],
      [
       -79.811474,
       35.759983
      ],
      [
       -79.811055,
       35.760059
      ],
      [
       -79.810701,
       35.760558
      ],
      [
       -79.810625,
       35.760854
      ],
      [
       -79.810285,
       35.761262
      ],
      [
       -79.809741,
       35.761604
      ],
      [
       -79.809559,
       35.762021
      ],
      [
       -79.809302,
       35.762318
      ],
      [
       -79.808446,
       35.763033
      ],
      [
       -79.8079,
       35.763681
      ],
      [
       -79.807286,
       35.763989
      ],
      [
       -79.806783,
       35.764452
      ],
      [
       -79.805803,
       35.76467
      ],
      [
       -79.80529,
       35.764901
      ],
      [
       -79.804966,
       35.765165
      ],
      [
       -79.804784,
       35.765198
      ],
      [
       -79.804117,
       35.764791
      ],
      [
       -79.803402,
       35.763851
      ],
      [
       -79.802721,
       35.763356
      ],
      [
       -79.802108,
       35.763158
      ],
      [
       -79.8014,
       35.763054
      ],
      [
       -79.801218,
       35.762757
      ],
      [
       -79.801245,
       35.762504
      ],
      [
       -79.801083,
       35.761938
      ],
      [
       -79.800847,
       35.761729
      ],
      [
       -79.800651,
       35.761664
      ],
      [
       -79.800753,
       35.761455
      ],
      [
       -79.800032,
       35.760454
      ],
      [
       -79.799883,
       35.760432
      ],
      [
       -79.799708,
       35.760773
      ],
      [
       -79.799445,
       35.76085
      ],
      [
       -79.798851,
       35.760674
      ],
      [
       -79.798211,
       35.760707
      ],
      [
       -79.797698,
       35.760405
      ],
      [
       -79.797503,
       35.760004
      ],
      [
       -79.797173,
       35.759806
      ],
      [
       -79.796761,
       35.759806
      ],
      [
       -79.796276,
       35.759635
      ],
      [
       -79.795581,
       35.75963
      ],
      [
       -79.794881,
       35.759377
      ],
      [
       -79.794172,
       35.759558
      ],
      [
       -79.793936,
       35.759508
      ],
      [
       -79.793633,
       35.75925
      ],
      [
       -79.792925,
       35.759201
      ],
      [
       -79.792588,
       35.759047
      ],
      [
       -79.792426,
       35.759173
      ],
      [
       -79.792345,
       35.759437
      ],
      [
       -79.792123,
       35.7597
      ],
      [
       -79.7913,
       35.760343
      ],
      [
       -79.790578,
       35.761124
      ],
      [
       -79.79016,
       35.761272
      ],
      [
       -79.789351,
       35.761722
      ],
      [
       -79.788683,
       35.762695
      ],
      [
       -79.788561,
       35.763052
      ],
      [
       -79.788157,
       35.763118
      ],
      [
       -79.788029,
       35.763228
      ],
      [
       -79.787651,
       35.763228
      ],
      [
       -79.787577,
       35.763299
      ],
      [
       -79.787604,
       35.76386
      ],
      [
       -79.787516,
       35.764014
      ],
      [
       -79.785604,
       35.765142
      ],
      [
       -79.784127,
       35.768721
      ],
      [
       -79.783687,
       35.768976
      ],
      [
       -79.78298,
       35.768981
      ],
      [
       -79.782376,
       35.768783
      ],
      [
       -79.781904,
       35.768794
      ],
      [
       -79.781628,
       35.768618
      ],
      [
       -79.781096,
       35.768436
      ],
      [
       -79.780805,
       35.768222
      ],
      [
       -79.779578,
       35.768112
      ],
      [
       -79.778844,
       35.767883
      ],
      [
       -79.778477,
       35.76786
      ],
      [
       -79.778391,
       35.767919
      ],
      [
       -79.777889,
       35.767843
      ],
      [
       -79.776289,
       35.767906
      ],
      [
       -79.775894,
       35.768197
      ],
      [
       -79.774697,
       35.767988
      ]
     ],
     "type": "LineString"
    },
    "properties": {
     "length_km": 12.02,
     "n_sites": 6,
     "name": "Hasketts Creek",
     "order": 2,
     "riverKey": "hasketts creek",
     "underground": 0,
     "waterway": "stream"
    },
    "type": "Feature"
   },
   {
    "geometry": {
     "coordinates": [
      [
       -79.838513,
       35.677888
      ],
      [
       -79.838552,
       35.675994
      ],
      [
       -79.838215,
       35.67517
      ],
      [
       -79.838383,
       35.67445
      ],
      [
       -79.838046,
       35.673911
      ],
      [
       -79.837494,
       35.673549
      ],
      [
       -79.837514,
       35.673203
      ],
      [
       -79.837271,
       35.672472
      ],
      [
       -79.837345,
       35.672224
      ],
      [
       -79.837703,
       35.671955
      ],
      [
       -79.837932,
       35.671647
      ],
      [
       -79.837979,
       35.670988
      ],
      [
       -79.837958,
       35.670625
      ],
      [
       -79.837776,
       35.670394
      ],
      [
       -79.837708,
       35.66946
      ],
      [
       -79.837284,
       35.668724
      ],
      [
       -79.83723,
       35.668163
      ],
      [
       -79.837385,
       35.668053
      ],
      [
       -79.837438,
       35.667888
      ],
      [
       -79.837869,
       35.668025
      ],
      [
       -79.838637,
       35.667833
      ],
      [
       -79.838819,
       35.667234
      ],
      [
       -79.839055,
       35.666888
      ],
      [
       -79.839371,
       35.666629
      ],
      [
       -79.839492,
       35.666206
      ],
      [
       -79.839735,
       35.6662
      ],
      [
       -79.840179,
       35.665794
      ],
      [
       -79.840529,
       35.66514
      ],
      [
       -79.841047,
       35.66487
      ],
      [
       -79.841209,
       35.664661
      ],
      [
       -79.84133,
       35.664046
      ],
      [
       -79.841465,
       35.663782
      ],
      [
       -79.84139,
       35.663579
      ],
      [
       -79.841465,
       35.663419
      ],
      [
       -79.841276,
       35.663337
      ],
      [
       -79.841282,
       35.663227
      ],
      [
       -79.841841,
       35.663205
      ],
      [
       -79.842016,
       35.66276
      ],
      [
       -79.841875,
       35.662573
      ],
      [
       -79.842158,
       35.66227
      ],
      [
       -79.842387,
       35.662254
      ],
      [
       -79.842413,
       35.662056
      ],
      [
       -79.842838,
       35.661825
      ],
      [
       -79.842919,
       35.661462
      ],
      [
       -79.843336,
       35.660627
      ],
      [
       -79.843329,
       35.660143
      ],
      [
       -79.84318,
       35.659654
      ],
      [
       -79.842844,
       35.659489
      ],
      [
       -79.843194,
       35.659198
      ],
      [
       -79.842816,
       35.658725
      ],
      [
       -79.843045,
       35.6585
      ],
      [
       -79.843019,
       35.658379
      ],
      [
       -79.842755,
       35.658071
      ],
      [
       -79.842446,
       35.657885
      ],
      [
       -79.842513,
       35.657516
      ],
      [
       -79.842379,
       35.657368
      ],
      [
       -79.842338,
       35.657
      ],
      [
       -79.841805,
       35.65628
      ],
      [
       -79.841839,
       35.656198
      ],
      [
       -79.842391,
       35.65595
      ],
      [
       -79.842506,
       35.65573
      ],
      [
       -79.842566,
       35.655291
      ],
      [
       -79.842728,
       35.65512
      ],
      [
       -79.84241,
       35.654334
      ],
      [
       -79.842694,
       35.654021
      ],
      [
       -79.842747,
       35.653807
      ],
      [
       -79.842612,
       35.652543
      ],
      [
       -79.842727,
       35.652416
      ],
      [
       -79.842653,
       35.652251
      ],
      [
       -79.842693,
       35.652097
      ],
      [
       -79.843171,
       35.65207
      ],
      [
       -79.842976,
       35.651339
      ],
      [
       -79.84318,
       35.650748
      ],
      [
       -79.84338,
       35.649689
      ],
      [
       -79.843351,
       35.649474
      ],
      [
       -79.843173,
       35.649337
      ],
      [
       -79.843345,
       35.649207
      ],
      [
       -79.843399,
       35.648959
      ],
      [
       -79.843284,
       35.648498
      ],
      [
       -79.843304,
       35.648212
      ],
      [
       -79.843533,
       35.647981
      ],
      [
       -79.843546,
       35.647739
      ],
      [
       -79.843782,
       35.647536
      ],
      [
       -79.843836,
       35.647371
      ],
      [
       -79.843722,
       35.647091
      ],
      [
       -79.84397,
       35.646618
      ],
      [
       -79.844193,
       35.646502
      ],
      [
       -79.84428,
       35.646178
      ],
      [
       -79.844172,
       35.645854
      ],
      [
       -79.84426,
       35.645568
      ],
      [
       -79.844014,
       35.645325
      ],
      [
       -79.844013,
       35.644873
      ],
      [
       -79.843939,
       35.64474
      ],
      [
       -79.843541,
       35.644571
      ],
      [
       -79.843496,
       35.644484
      ],
      [
       -79.843538,
       35.644353
      ],
      [
       -79.843997,
       35.644244
      ],
      [
       -79.843947,
       35.644093
      ],
      [
       -79.843716,
       35.64406
      ],
      [
       -79.84368,
       35.643936
      ],
      [
       -79.843943,
       35.643639
      ],
      [
       -79.844501,
       35.643276
      ],
      [
       -79.844454,
       35.643007
      ],
      [
       -79.844581,
       35.64221
      ],
      [
       -79.844682,
       35.642177
      ],
      [
       -79.844945,
       35.642265
      ],
      [
       -79.845053,
       35.642221
      ],
      [
       -79.844911,
       35.641825
      ],
      [
       -79.844938,
       35.641627
      ],
      [
       -79.845167,
       35.641572
      ],
      [
       -79.845659,
       35.64183
      ],
      [
       -79.845907,
       35.641841
      ],
      [
       -79.846554,
       35.640747
      ],
      [
       -79.846486,
       35.640214
      ],
      [
       -79.846809,
       35.640099
      ],
      [
       -79.84691,
       35.639923
      ],
      [
       -79.846728,
       35.639742
      ],
      [
       -79.846688,
       35.639302
      ],
      [
       -79.846439,
       35.638961
      ],
      [
       -79.84588,
       35.638637
      ],
      [
       -79.843839,
       35.637709
      ],
      [
       -79.842512,
       35.636901
      ],
      [
       -79.842472,
       35.636797
      ],
      [
       -79.842728,
       35.636401
      ],
      [
       -79.842855,
       35.635863
      ],
      [
       -79.843219,
       35.635588
      ],
      [
       -79.843199,
       35.635038
      ],
      [
       -79.84334,
       35.634906
      ],
      [
       -79.843825,
       35.634813
      ],
      [
       -79.844013,
       35.634291
      ],
      [
       -79.844787,
       35.633917
      ],
      [
       -79.845002,
       35.633741
      ],
      [
       -79.845077,
       35.633372
      ],
      [
       -79.84554,
       35.633257
      ],
      [
       -79.845783,
       35.632784
      ],
      [
       -79.846369,
       35.632553
      ],
      [
       -79.846517,
       35.632427
      ],
      [
       -79.847451,
       35.631217
      ],
      [
       -79.847869,
       35.63014
      ],
      [
       -79.847761,
       35.629629
      ],
      [
       -79.847835,
       35.629398
      ],
      [
       -79.848178,
       35.628991
      ],
      [
       -79.848346,
       35.628634
      ],
      [
       -79.849214,
       35.628123
      ],
      [
       -79.849551,
       35.627683
      ],
      [
       -79.84951,
       35.627359
      ],
      [
       -79.849208,
       35.62701
      ],
      [
       -79.849247,
       35.62665
      ],
      [
       -79.849146,
       35.626425
      ],
      [
       -79.849321,
       35.626062
      ],
      [
       -79.849792,
       35.625787
      ],
      [
       -79.850721,
       35.625968
      ],
      [
       -79.851138,
       35.626138
      ],
      [
       -79.851529,
       35.62605
      ],
      [
       -79.851535,
       35.625759
      ],
      [
       -79.851811,
       35.625479
      ],
      [
       -79.85199,
       35.624982
      ],
      [
       -79.852938,
       35.623646
      ],
      [
       -79.853369,
       35.623437
      ],
      [
       -79.854184,
       35.623239
      ],
      [
       -79.854554,
       35.623217
      ],
      [
       -79.854789,
       35.623041
      ],
      [
       -79.855099,
       35.623047
      ],
      [
       -79.855247,
       35.622975
      ],
      [
       -79.855684,
       35.622348
      ],
      [
       -79.855697,
       35.622151
      ],
      [
       -79.855395,
       35.62203
      ],
      [
       -79.854876,
       35.622019
      ],
      [
       -79.855307,
       35.621447
      ],
      [
       -79.855475,
       35.621002
      ],
      [
       -79.855933,
       35.620782
      ],
      [
       -79.856215,
       35.620535
      ],
      [
       -79.856363,
       35.620249
      ],
      [
       -79.856659,
       35.62021
      ],
      [
       -79.856612,
       35.620633
      ],
      [
       -79.857292,
       35.620787
      ],
      [
       -79.858833,
       35.620248
      ],
      [
       -79.858894,
       35.619885
      ],
      [
       -79.858833,
       35.619797
      ],
      [
       -79.858274,
       35.620078
      ],
      [
       -79.857999,
       35.620023
      ],
      [
       -79.857971,
       35.619358
      ],
      [
       -79.857762,
       35.619023
      ],
      [
       -79.856894,
       35.618507
      ],
      [
       -79.857486,
       35.618166
      ],
      [
       -79.857513,
       35.618017
      ],
      [
       -79.857216,
       35.617457
      ],
      [
       -79.857088,
       35.617363
      ],
      [
       -79.856658,
       35.61733
      ],
      [
       -79.856328,
       35.617199
      ],
      [
       -79.8562,
       35.617061
      ],
      [
       -79.856664,
       35.616479
      ],
      [
       -79.856731,
       35.616215
      ],
      [
       -79.856953,
       35.616028
      ],
      [
       -79.856906,
       35.615418
      ],
      [
       -79.857128,
       35.61483
      ],
      [
       -79.856885,
       35.614747
      ],
      [
       -79.856717,
       35.614868
      ],
      [
       -79.856555,
       35.614857
      ],
      [
       -79.856319,
       35.614
      ],
      [
       -79.85638,
       35.613841
      ],
      [
       -79.856959,
       35.613324
      ],
      [
       -79.857261,
       35.612796
      ],
      [
       -79.857927,
       35.612719
      ],
      [
       -79.858042,
       35.612153
      ],
      [
       -79.858163,
       35.611966
      ],
      [
       -79.8586,
       35.611565
      ],
      [
       -79.858936,
       35.610998
      ],
      [
       -79.859858,
       35.610196
      ],
      [
       -79.859985,
       35.609783
      ],
      [
       -79.859951,
       35.609646
      ],
      [
       -79.859615,
       35.609476
      ],
      [
       -79.859211,
       35.609014
      ],
      [
       -79.858739,
       35.608718
      ],
      [
       -79.858423,
       35.608668
      ],
      [
       -79.857797,
       35.608817
      ],
      [
       -79.857569,
       35.608778
      ],
      [
       -79.856922,
       35.608411
      ],
      [
       -79.856539,
       35.608048
      ],
      [
       -79.855717,
       35.60751
      ],
      [
       -79.855226,
       35.607504
      ],
      [
       -79.854695,
       35.607763
      ],
      [
       -79.854358,
       35.607801
      ],
      [
       -79.853631,
       35.607725
      ],
      [
       -79.8531,
       35.607543
      ],
      [
       -79.853045,
       35.607379
      ],
      [
       -79.853274,
       35.606785
      ],
      [
       -79.853314,
       35.606131
      ],
      [
       -79.852688,
       35.605312
      ],
      [
       -79.852311,
       35.60434
      ],
      [
       -79.851947,
       35.60368
      ],
      [
       -79.851432,
       35.603827
      ],
      [
       -79.851322,
       35.604049
      ],
      [
       -79.851362,
       35.60434
      ],
      [
       -79.85116,
       35.604631
      ],
      [
       -79.851012,
       35.604736
      ],
      [
       -79.850595,
       35.604813
      ],
      [
       -79.850413,
       35.604989
      ],
      [
       -79.849142,
       35.605033
      ],
      [
       -79.848502,
       35.604879
      ],
      [
       -79.848442,
       35.604714
      ],
      [
       -79.848502,
       35.603802
      ],
      [
       -79.848373,
       35.602802
      ],
      [
       -79.848703,
       35.602093
      ],
      [
       -79.849248,
       35.60168
      ],
      [
       -79.849335,
       35.601532
      ],
      [
       -79.849261,
       35.601224
      ],
      [
       -79.849106,
       35.601092
      ],
      [
       -79.847746,
       35.600637
      ],
      [
       -79.847659,
       35.600378
      ],
      [
       -79.847632,
       35.599395
      ],
      [
       -79.847335,
       35.598801
      ],
      [
       -79.847214,
       35.598268
      ],
      [
       -79.847443,
       35.5979
      ],
      [
       -79.847436,
       35.597751
      ],
      [
       -79.84718,
       35.597416
      ],
      [
       -79.846831,
       35.597224
      ],
      [
       -79.846419,
       35.596625
      ],
      [
       -79.845726,
       35.595422
      ],
      [
       -79.845786,
       35.595092
      ],
      [
       -79.845174,
       35.594416
      ],
      [
       -79.844716,
       35.593526
      ],
      [
       -79.844648,
       35.592877
      ],
      [
       -79.844385,
       35.591949
      ],
      [
       -79.844527,
       35.591756
      ],
      [
       -79.844944,
       35.591569
      ],
      [
       -79.845132,
       35.591256
      ],
      [
       -79.845159,
       35.591041
      ],
      [
       -79.844977,
       35.590497
      ],
      [
       -79.844889,
       35.589277
      ],
      [
       -79.844963,
       35.588299
      ],
      [
       -79.844586,
       35.587777
      ],
      [
       -79.844364,
       35.587228
      ],
      [
       -79.84318,
       35.587035
      ],
      [
       -79.842581,
       35.586728
      ],
      [
       -79.842325,
       35.586865
      ],
      [
       -79.84143,
       35.586986
      ],
      [
       -79.840784,
       35.586888
      ],
      [
       -79.84061,
       35.586756
      ],
      [
       -79.840831,
       35.585854
      ],
      [
       -79.840852,
       35.585272
      ],
      [
       -79.841032,
       35.584948
      ],
      [
       -79.841752,
       35.5842
      ],
      [
       -79.842526,
       35.58359
      ],
      [
       -79.84297,
       35.582952
      ],
      [
       -79.842337,
       35.582529
      ],
      [
       -79.842061,
       35.582084
      ],
      [
       -79.842061,
       35.581782
      ],
      [
       -79.842579,
       35.581298
      ],
      [
       -79.842707,
       35.581018
      ],
      [
       -79.842666,
       35.580638
      ],
      [
       -79.842262,
       35.579836
      ],
      [
       -79.841697,
       35.579056
      ],
      [
       -79.840983,
       35.578831
      ],
      [
       -79.840755,
       35.578616
      ],
      [
       -79.840822,
       35.578369
      ],
      [
       -79.841051,
       35.578155
      ],
      [
       -79.841246,
       35.577643
      ],
      [
       -79.840794,
       35.575555
      ],
      [
       -79.840794,
       35.575148
      ],
      [
       -79.841249,
       35.574251
      ],
      [
       -79.841245,
       35.574104
      ],
      [
       -79.840641,
       35.573087
      ],
      [
       -79.840536,
       35.57257
      ],
      [
       -79.840814,
       35.572032
      ],
      [
       -79.841049,
       35.571774
      ],
      [
       -79.842159,
       35.571455
      ],
      [
       -79.842401,
       35.571317
      ],
      [
       -79.842468,
       35.571164
      ],
      [
       -79.842219,
       35.571026
      ],
      [
       -79.842145,
       35.57085
      ],
      [
       -79.842205,
       35.570691
      ],
      [
       -79.843376,
       35.569559
      ],
      [
       -79.844189,
       35.568096
      ],
      [
       -79.845695,
       35.567673
      ],
      [
       -79.845883,
       35.567343
      ],
      [
       -79.845883,
       35.566585
      ],
      [
       -79.845379,
       35.565524
      ],
      [
       -79.844907,
       35.565123
      ],
      [
       -79.843542,
       35.564453
      ],
      [
       -79.843266,
       35.564162
      ],
      [
       -79.843212,
       35.563936
      ],
      [
       -79.843582,
       35.562705
      ],
      [
       -79.843521,
       35.562122
      ],
      [
       -79.843454,
       35.561914
      ],
      [
       -79.842983,
       35.561579
      ],
      [
       -79.842734,
       35.561221
      ],
      [
       -79.842922,
       35.561012
      ],
      [
       -79.843218,
       35.56099
      ],
      [
       -79.845519,
       35.561644
      ],
      [
       -79.845848,
       35.561638
      ],
      [
       -79.846144,
       35.561561
      ],
      [
       -79.846393,
       35.561391
      ],
      [
       -79.846675,
       35.561138
      ],
      [
       -79.846823,
       35.560863
      ],
      [
       -79.846957,
       35.559956
      ],
      [
       -79.846028,
       35.55889
      ],
      [
       -79.845645,
       35.558017
      ],
      [
       -79.845147,
       35.557378
      ],
      [
       -79.845343,
       35.555784
      ],
      [
       -79.845727,
       35.555217
      ],
      [
       -79.845879,
       35.554515
      ],
      [
       -79.846847,
       35.554059
      ],
      [
       -79.847028,
       35.553834
      ],
      [
       -79.847264,
       35.553202
      ],
      [
       -79.847438,
       35.551734
      ],
      [
       -79.847243,
       35.550772
      ],
      [
       -79.847128,
       35.55058
      ],
      [
       -79.847001,
       35.550525
      ],
      [
       -79.845964,
       35.550712
      ],
      [
       -79.845562,
       35.550894
      ],
      [
       -79.845481,
       35.551345
      ],
      [
       -79.844392,
       35.551619
      ],
      [
       -79.843719,
       35.551938
      ],
      [
       -79.843592,
       35.552043
      ],
      [
       -79.843571,
       35.552257
      ],
      [
       -79.843969,
       35.552774
      ],
      [
       -79.844116,
       35.553115
      ],
      [
       -79.843969,
       35.55351
      ],
      [
       -79.843007,
       35.554071
      ],
      [
       -79.842624,
       35.554143
      ],
      [
       -79.842247,
       35.554082
      ],
      [
       -79.840642,
       35.552819
      ],
      [
       -79.839815,
       35.552356
      ],
      [
       -79.839358,
       35.552003
      ],
      [
       -79.838757,
       35.551728
      ],
      [
       -79.838613,
       35.551589
      ],
      [
       -79.838648,
       35.551379
      ],
      [
       -79.8385,
       35.551165
      ],
      [
       -79.837855,
       35.550874
      ],
      [
       -79.837511,
       35.550324
      ],
      [
       -79.83739,
       35.549862
      ],
      [
       -79.837518,
       35.549604
      ],
      [
       -79.837767,
       35.549648
      ],
      [
       -79.837935,
       35.549879
      ],
      [
       -79.838251,
       35.550104
      ],
      [
       -79.838776,
       35.55006
      ],
      [
       -79.839273,
       35.549879
      ],
      [
       -79.839434,
       35.549433
      ],
      [
       -79.839334,
       35.549318
      ],
      [
       -79.838775,
       35.549043
      ],
      [
       -79.838695,
       35.548939
      ],
      [
       -79.838728,
       35.548823
      ],
      [
       -79.839152,
       35.548625
      ],
      [
       -79.839495,
       35.548554
      ],
      [
       -79.840012,
       35.548175
      ],
      [
       -79.840194,
       35.547999
      ],
      [
       -79.840275,
       35.547636
      ],
      [
       -79.840153,
       35.547444
      ],
      [
       -79.839952,
       35.547361
      ],
      [
       -79.839198,
       35.547449
      ],
      [
       -79.838533,
       35.547252
      ],
      [
       -79.837443,
       35.546499
      ],
      [
       -79.836999,
       35.545779
      ],
      [
       -79.836824,
       35.545251
      ],
      [
       -79.836312,
       35.542624
      ],
      [
       -79.835028,
       35.542366
      ],
      [
       -79.834638,
       35.542383
      ],
      [
       -79.834073,
       35.542537
      ],
      [
       -79.832197,
       35.542592
      ],
      [
       -79.8318,
       35.542658
      ],
      [
       -79.831551,
       35.542939
      ],
      [
       -79.831249,
       35.543004
      ],
      [
       -79.830873,
       35.542906
      ],
      [
       -79.83065,
       35.543159
      ],
      [
       -79.829978,
       35.543197
      ],
      [
       -79.828236,
       35.542939
      ],
      [
       -79.827853,
       35.542719
      ],
      [
       -79.827658,
       35.542455
      ]
     ],
     "type": "LineString"
    },
    "properties": {
     "length_km": 23.28,
     "n_sites": 3,
     "name": "Little River",
     "order": 4,
     "riverKey": "little river",
     "underground": 0,
     "waterway": "river"
    },
    "type": "Feature"
   },
   {
    "geometry": {
     "coordinates": [
      [
       -79.832334,
       35.737713
      ],
      [
       -79.833258,
       35.737509
      ],
      [
       -79.834046,
       35.737179
      ],
      [
       -79.834714,
       35.737042
      ],
      [
       -79.835138,
       35.736833
      ],
      [
       -79.835832,
       35.736921
      ],
      [
       -79.836237,
       35.736899
      ],
      [
       -79.836614,
       35.736663
      ],
      [
       -79.837652,
       35.735761
      ],
      [
       -79.838279,
       35.735656
      ],
      [
       -79.839647,
       35.735189
      ],
      [
       -79.840018,
       35.734046
      ],
      [
       -79.840665,
       35.733276
      ],
      [
       -79.840739,
       35.733034
      ],
      [
       -79.841183,
       35.732721
      ],
      [
       -79.841278,
       35.732452
      ],
      [
       -79.842282,
       35.731836
      ],
      [
       -79.842261,
       35.731616
      ],
      [
       -79.842531,
       35.73138
      ],
      [
       -79.842531,
       35.731077
      ],
      [
       -79.842915,
       35.731132
      ],
      [
       -79.842922,
       35.730945
      ],
      [
       -79.842733,
       35.73083
      ],
      [
       -79.842821,
       35.730594
      ],
      [
       -79.843771,
       35.730072
      ],
      [
       -79.844067,
       35.729951
      ],
      [
       -79.84446,
       35.729909
      ],
      [
       -79.844447,
       35.729808
      ],
      [
       -79.844309,
       35.729718
      ],
      [
       -79.844369,
       35.729576
      ],
      [
       -79.84419,
       35.72927
      ],
      [
       -79.844513,
       35.729005
      ],
      [
       -79.844522,
       35.728903
      ],
      [
       -79.844374,
       35.728789
      ],
      [
       -79.84445,
       35.728527
      ],
      [
       -79.84466,
       35.728335
      ],
      [
       -79.844835,
       35.72801
      ],
      [
       -79.845125,
       35.7279
      ],
      [
       -79.845232,
       35.727582
      ],
      [
       -79.845563,
       35.727257
      ],
      [
       -79.845643,
       35.726883
      ],
      [
       -79.846438,
       35.72663
      ],
      [
       -79.846843,
       35.726784
      ],
      [
       -79.847032,
       35.726746
      ],
      [
       -79.847086,
       35.726493
      ],
      [
       -79.847604,
       35.725932
      ],
      [
       -79.848359,
       35.725998
      ],
      [
       -79.848831,
       35.725926
      ],
      [
       -79.849121,
       35.726031
      ],
      [
       -79.849376,
       35.726333
      ],
      [
       -79.849775,
       35.726476
      ],
      [
       -79.849808,
       35.726718
      ],
      [
       -79.84993,
       35.726838
      ],
      [
       -79.850443,
       35.726932
      ],
      [
       -79.852067,
       35.727503
      ],
      [
       -79.852586,
       35.72753
      ],
      [
       -79.852997,
       35.727387
      ],
      [
       -79.853408,
       35.727096
      ],
      [
       -79.853671,
       35.726837
      ],
      [
       -79.854,
       35.726321
      ],
      [
       -79.854371,
       35.726095
      ],
      [
       -79.854641,
       35.726095
      ],
      [
       -79.855543,
       35.725347
      ],
      [
       -79.85586,
       35.725303
      ],
      [
       -79.856588,
       35.725556
      ]
     ],
     "type": "LineString"
    },
    "properties": {
     "length_km": 3.22,
     "n_sites": 1,
     "name": "Long Branch",
     "order": 2,
     "riverKey": "long branch",
     "underground": 0,
     "waterway": "stream"
    },
    "type": "Feature"
   },
   {
    "geometry": {
     "coordinates": [
      [
       -79.743721,
       35.722259
      ],
      [
       -79.744289,
       35.721599
      ],
      [
       -79.744531,
       35.720961
      ],
      [
       -79.744457,
       35.720664
      ],
      [
       -79.743588,
       35.720131
      ],
      [
       -79.743082,
       35.720006
      ],
      [
       -79.742866,
       35.719747
      ],
      [
       -79.742488,
       35.719841
      ],
      [
       -79.742307,
       35.71978
      ],
      [
       -79.741612,
       35.719407
      ],
      [
       -79.741437,
       35.719242
      ],
      [
       -79.741053,
       35.719094
      ],
      [
       -79.741012,
       35.718781
      ],
      [
       -79.74056,
       35.718171
      ],
      [
       -79.740391,
       35.71761
      ],
      [
       -79.740587,
       35.716978
      ],
      [
       -79.740572,
       35.716473
      ],
      [
       -79.740377,
       35.716116
      ],
      [
       -79.740047,
       35.715808
      ],
      [
       -79.73973,
       35.715055
      ],
      [
       -79.739581,
       35.714341
      ],
      [
       -79.738866,
       35.713594
      ],
      [
       -79.738158,
       35.713045
      ],
      [
       -79.737781,
       35.711979
      ],
      [
       -79.737612,
       35.711836
      ],
      [
       -79.737329,
       35.711902
      ],
      [
       -79.7372,
       35.71183
      ],
      [
       -79.736453,
       35.710732
      ],
      [
       -79.73596,
       35.710572
      ],
      [
       -79.735745,
       35.710369
      ],
      [
       -79.735435,
       35.71043
      ],
      [
       -79.734774,
       35.710287
      ],
      [
       -79.734921,
       35.708902
      ],
      [
       -79.734011,
       35.707704
      ],
      [
       -79.733897,
       35.707369
      ],
      [
       -79.733492,
       35.707166
      ],
      [
       -79.733054,
       35.706809
      ],
      [
       -79.732225,
       35.706441
      ],
      [
       -79.730814,
       35.706705
      ],
      [
       -79.72955,
       35.706288
      ],
      [
       -79.728284,
       35.706481
      ],
      [
       -79.727455,
       35.706476
      ],
      [
       -79.727071,
       35.706344
      ],
      [
       -79.726666,
       35.705981
      ],
      [
       -79.726396,
       35.705926
      ],
      [
       -79.724732,
       35.706136
      ],
      [
       -79.724079,
       35.70596
      ],
      [
       -79.723681,
       35.705977
      ],
      [
       -79.723075,
       35.705834
      ],
      [
       -79.722718,
       35.705592
      ],
      [
       -79.722731,
       35.705114
      ],
      [
       -79.72265,
       35.705054
      ],
      [
       -79.722266,
       35.704883
      ],
      [
       -79.721606,
       35.704774
      ],
      [
       -79.72133,
       35.704626
      ],
      [
       -79.721242,
       35.704488
      ],
      [
       -79.720877,
       35.703422
      ],
      [
       -79.721248,
       35.702828
      ],
      [
       -79.721126,
       35.702466
      ],
      [
       -79.720816,
       35.702241
      ],
      [
       -79.720452,
       35.702125
      ],
      [
       -79.719819,
       35.701999
      ],
      [
       -79.719267,
       35.702032
      ],
      [
       -79.719098,
       35.701889
      ],
      [
       -79.718903,
       35.701477
      ],
      [
       -79.718673,
       35.701395
      ],
      [
       -79.715123,
       35.701291
      ],
      [
       -79.714887,
       35.701132
      ],
      [
       -79.714618,
       35.701066
      ],
      [
       -79.713802,
       35.701187
      ],
      [
       -79.713108,
       35.701176
      ],
      [
       -79.712246,
       35.700748
      ],
      [
       -79.711781,
       35.700599
      ],
      [
       -79.71073,
       35.701023
      ],
      [
       -79.710022,
       35.700973
      ],
      [
       -79.709268,
       35.700721
      ],
      [
       -79.708688,
       35.699979
      ],
      [
       -79.70854,
       35.699847
      ],
      [
       -79.708325,
       35.699792
      ],
      [
       -79.707739,
       35.699902
      ],
      [
       -79.707213,
       35.699792
      ],
      [
       -79.705751,
       35.69982
      ],
      [
       -79.705286,
       35.700133
      ],
      [
       -79.704875,
       35.70021
      ],
      [
       -79.704585,
       35.700485
      ]
     ],
     "type": "LineString"
    },
    "properties": {
     "length_km": 5.39,
     "n_sites": 3,
     "name": "Mill Creek",
     "order": 2,
     "riverKey": "mill creek",
     "underground": 0,
     "waterway": "stream"
    },
    "type": "Feature"
   },
   {
    "geometry": {
     "coordinates": [
      [
       [
        -79.814726,
        35.622053
       ],
       [
        -79.814638,
        35.622262
       ],
       [
        -79.814826,
        35.622437
       ],
       [
        -79.814786,
        35.622701
       ],
       [
        -79.814699,
        35.622778
       ],
       [
        -79.814564,
        35.622751
       ],
       [
        -79.814486,
        35.623203
       ],
       [
        -79.814396,
        35.623227
       ],
       [
        -79.814309,
        35.623505
       ]
      ],
      [
       [
        -79.812786,
        35.625279
       ],
       [
        -79.812413,
        35.625694
       ],
       [
        -79.811962,
        35.626007
       ],
       [
        -79.811592,
        35.626507
       ],
       [
        -79.810596,
        35.627425
       ],
       [
        -79.809673,
        35.628436
       ],
       [
        -79.808987,
        35.628793
       ],
       [
        -79.808374,
        35.629348
       ],
       [
        -79.808003,
        35.629464
       ],
       [
        -79.807916,
        35.62959
       ],
       [
        -79.807801,
        35.630816
       ],
       [
        -79.807856,
        35.630997
       ],
       [
        -79.807735,
        35.631168
       ],
       [
        -79.807337,
        35.632712
       ],
       [
        -79.807425,
        35.63364
       ],
       [
        -79.807337,
        35.634465
       ],
       [
        -79.807431,
        35.634657
       ],
       [
        -79.807734,
        35.634839
       ],
       [
        -79.807822,
        35.63507
       ],
       [
        -79.807687,
        35.635646
       ],
       [
        -79.807727,
        35.636443
       ],
       [
        -79.807284,
        35.637996
       ],
       [
        -79.807286,
        35.638249
       ],
       [
        -79.807865,
        35.638714
       ],
       [
        -79.80787,
        35.639182
       ],
       [
        -79.806687,
        35.640164
       ],
       [
        -79.806246,
        35.640203
       ],
       [
        -79.805588,
        35.640676
       ],
       [
        -79.805279,
        35.640678
       ],
       [
        -79.804972,
        35.640896
       ],
       [
        -79.804663,
        35.640934
       ],
       [
        -79.802111,
        35.643132
       ],
       [
        -79.801775,
        35.643686
       ],
       [
        -79.801203,
        35.644121
       ],
       [
        -79.800678,
        35.644219
       ],
       [
        -79.799964,
        35.643912
       ],
       [
        -79.79892,
        35.643917
       ],
       [
        -79.797614,
        35.643532
       ],
       [
        -79.797068,
        35.643142
       ],
       [
        -79.796799,
        35.643048
       ],
       [
        -79.794571,
        35.643136
       ],
       [
        -79.793729,
        35.643971
       ],
       [
        -79.793116,
        35.644927
       ],
       [
        -79.792934,
        35.645405
       ],
       [
        -79.792954,
        35.64595
       ],
       [
        -79.79288,
        35.646087
       ],
       [
        -79.792435,
        35.646323
       ],
       [
        -79.791668,
        35.646521
       ],
       [
        -79.790853,
        35.646878
       ],
       [
        -79.789944,
        35.647098
       ],
       [
        -79.789265,
        35.64696
       ],
       [
        -79.788342,
        35.646218
       ],
       [
        -79.787524,
        35.646011
       ],
       [
        -79.787346,
        35.646044
       ],
       [
        -79.787228,
        35.646161
       ],
       [
        -79.786098,
        35.646208
       ],
       [
        -79.785194,
        35.646119
       ],
       [
        -79.784793,
        35.645919
       ],
       [
        -79.784265,
        35.646037
       ],
       [
        -79.78398,
        35.645673
       ],
       [
        -79.783853,
        35.645317
       ],
       [
        -79.78324,
        35.644762
       ],
       [
        -79.783126,
        35.64441
       ],
       [
        -79.782098,
        35.643496
       ],
       [
        -79.781234,
        35.64345
       ],
       [
        -79.780674,
        35.643705
       ],
       [
        -79.779684,
        35.64443
       ],
       [
        -79.779381,
        35.644573
       ],
       [
        -79.778453,
        35.644325
       ],
       [
        -79.77794,
        35.644045
       ],
       [
        -79.777571,
        35.644193
       ]
      ]
     ],
     "type": "MultiLineString"
    },
    "properties": {
     "length_km": 5.5,
     "n_sites": 0,
     "name": "North Prong Richland Creek",
     "order": 2,
     "riverKey": "north prong richland creek",
     "underground": 0,
     "waterway": "stream"
    },
    "type": "Feature"
   },
   {
    "geometry": {
     "coordinates": [
      [
       [
        -79.764623,
        35.633279
       ],
       [
        -79.764872,
        35.632966
       ],
       [
        -79.764933,
        35.632592
       ],
       [
        -79.76461,
        35.631834
       ],
       [
        -79.76449,
        35.630883
       ],
       [
        -79.763858,
        35.63013
       ],
       [
        -79.763232,
        35.628827
       ],
       [
        -79.763442,
        35.627866
       ],
       [
        -79.763664,
        35.627811
       ],
       [
        -79.76392,
        35.627569
       ],
       [
        -79.764014,
        35.627124
       ],
       [
        -79.763993,
        35.6263
       ],
       [
        -79.764143,
        35.625942
       ],
       [
        -79.764167,
        35.625588
       ],
       [
        -79.764335,
        35.625326
       ],
       [
        -79.76466,
        35.624344
       ],
       [
        -79.764498,
        35.624163
       ],
       [
        -79.76365,
        35.623888
       ],
       [
        -79.762977,
        35.623943
       ],
       [
        -79.762748,
        35.623877
       ],
       [
        -79.762364,
        35.623948
       ],
       [
        -79.762055,
        35.623766
       ],
       [
        -79.761618,
        35.623749
       ],
       [
        -79.761382,
        35.623552
       ],
       [
        -79.761288,
        35.623354
       ],
       [
        -79.761173,
        35.623337
       ],
       [
        -79.760339,
        35.623617
       ],
       [
        -79.759787,
        35.623622
       ],
       [
        -79.759592,
        35.623842
       ],
       [
        -79.758777,
        35.623715
       ],
       [
        -79.758669,
        35.624039
       ],
       [
        -79.758332,
        35.624358
       ],
       [
        -79.756878,
        35.624247
       ],
       [
        -79.755997,
        35.623808
       ],
       [
        -79.755963,
        35.623621
       ],
       [
        -79.755816,
        35.623478
       ],
       [
        -79.755917,
        35.622857
       ],
       [
        -79.755715,
        35.622703
       ],
       [
        -79.755941,
        35.62244
       ]
      ],
      [
       [
        -79.736457,
        35.619894
       ],
       [
        -79.736686,
        35.620844
       ],
       [
        -79.736586,
        35.621026
       ],
       [
        -79.736087,
        35.621328
       ],
       [
        -79.735933,
        35.62157
       ],
       [
        -79.735872,
        35.621872
       ],
       [
        -79.735994,
        35.622625
       ],
       [
        -79.735934,
        35.622834
       ],
       [
        -79.735725,
        35.62307
       ],
       [
        -79.735146,
        35.623461
       ],
       [
        -79.734804,
        35.623961
       ],
       [
        -79.734326,
        35.624258
       ],
       [
        -79.734144,
        35.624456
       ],
       [
        -79.734091,
        35.62478
       ],
       [
        -79.734225,
        35.625137
       ],
       [
        -79.734208,
        35.625566
       ],
       [
        -79.734458,
        35.626132
       ],
       [
        -79.734553,
        35.627203
       ],
       [
        -79.734728,
        35.627835
       ],
       [
        -79.734708,
        35.628401
       ],
       [
        -79.734506,
        35.629066
       ],
       [
        -79.733988,
        35.629314
       ],
       [
        -79.733861,
        35.62993
       ],
       [
        -79.733342,
        35.630536
       ],
       [
        -79.733121,
        35.630618
       ],
       [
        -79.732696,
        35.630606
       ],
       [
        -79.732133,
        35.630416
       ],
       [
        -79.731867,
        35.63066
       ],
       [
        -79.73133,
        35.630612
       ],
       [
        -79.730723,
        35.631059
       ],
       [
        -79.73061,
        35.631343
       ],
       [
        -79.730321,
        35.631547
       ],
       [
        -79.73016,
        35.631794
       ],
       [
        -79.730194,
        35.632426
       ],
       [
        -79.730099,
        35.632684
       ],
       [
        -79.729164,
        35.633366
       ],
       [
        -79.728875,
        35.633932
       ],
       [
        -79.728451,
        35.63446
       ],
       [
        -79.72798,
        35.634609
       ],
       [
        -79.727462,
        35.634625
       ],
       [
        -79.727051,
        35.634378
       ],
       [
        -79.726566,
        35.633928
       ],
       [
        -79.726371,
        35.633867
       ],
       [
        -79.726068,
        35.633933
       ],
       [
        -79.725846,
        35.634368
       ],
       [
        -79.725422,
        35.634725
       ],
       [
        -79.724884,
        35.635385
       ],
       [
        -79.724157,
        35.635704
       ],
       [
        -79.723894,
        35.636055
       ],
       [
        -79.723437,
        35.636259
       ],
       [
        -79.723437,
        35.636418
       ],
       [
        -79.724064,
        35.636895
       ]
      ]
     ],
     "type": "MultiLineString"
    },
    "properties": {
     "length_km": 4.92,
     "n_sites": 0,
     "name": "Panther Creek",
     "order": 2,
     "riverKey": "panther creek",
     "underground": 0,
     "waterway": "stream"
    },
    "type": "Feature"
   },
   {
    "geometry": {
     "coordinates": [
      [
       [
        -79.797868,
        35.711399
       ],
       [
        -79.797983,
        35.711663
       ],
       [
        -79.79828,
        35.711795
       ],
       [
        -79.79836,
        35.71218
       ],
       [
        -79.798319,
        35.712674
       ],
       [
        -79.797942,
        35.71307
       ],
       [
        -79.7977,
        35.713559
       ],
       [
        -79.797086,
        35.714411
       ],
       [
        -79.796169,
        35.715274
       ],
       [
        -79.79596,
        35.715697
       ],
       [
        -79.795913,
        35.716164
       ],
       [
        -79.795144,
        35.71806
       ],
       [
        -79.795016,
        35.718225
       ],
       [
        -79.794727,
        35.718329
       ],
       [
        -79.794646,
        35.718488
       ],
       [
        -79.794659,
        35.719247
       ],
       [
        -79.794221,
        35.720186
       ],
       [
        -79.794227,
        35.7205
       ],
       [
        -79.794376,
        35.720879
       ],
       [
        -79.794301,
        35.721231
       ],
       [
        -79.794362,
        35.721786
       ],
       [
        -79.793566,
        35.722467
       ],
       [
        -79.793492,
        35.722654
       ],
       [
        -79.793553,
        35.723154
       ],
       [
        -79.793283,
        35.723451
       ],
       [
        -79.792959,
        35.72355
       ],
       [
        -79.792616,
        35.724654
       ],
       [
        -79.792015,
        35.725303
       ],
       [
        -79.791523,
        35.725588
       ],
       [
        -79.791543,
        35.725715
       ],
       [
        -79.791301,
        35.726105
       ],
       [
        -79.791314,
        35.726286
       ],
       [
        -79.791213,
        35.72644
       ],
       [
        -79.790863,
        35.726412
       ],
       [
        -79.790869,
        35.726929
       ],
       [
        -79.790553,
        35.727061
       ],
       [
        -79.790384,
        35.72722
       ],
       [
        -79.790067,
        35.727946
       ],
       [
        -79.790026,
        35.728209
       ],
       [
        -79.790201,
        35.728649
       ],
       [
        -79.790322,
        35.728792
       ],
       [
        -79.790713,
        35.72899
       ],
       [
        -79.790962,
        35.729254
       ],
       [
        -79.791279,
        35.730309
       ],
       [
        -79.79165,
        35.730468
       ],
       [
        -79.791785,
        35.730606
       ],
       [
        -79.791839,
        35.730837
       ],
       [
        -79.790874,
        35.730913
       ],
       [
        -79.790679,
        35.731007
       ],
       [
        -79.79053,
        35.731216
       ],
       [
        -79.79043,
        35.7316
       ],
       [
        -79.790504,
        35.732144
       ],
       [
        -79.789803,
        35.732892
       ],
       [
        -79.789512,
        35.733326
       ],
       [
        -79.788838,
        35.733051
       ],
       [
        -79.787733,
        35.733051
       ],
       [
        -79.787362,
        35.733188
       ],
       [
        -79.787194,
        35.733704
       ],
       [
        -79.787045,
        35.733847
       ],
       [
        -79.787065,
        35.734254
       ],
       [
        -79.7872,
        35.734611
       ],
       [
        -79.786843,
        35.73554
       ],
       [
        -79.786371,
        35.735743
       ],
       [
        -79.786404,
        35.735996
       ],
       [
        -79.786289,
        35.736331
       ],
       [
        -79.785784,
        35.73665
       ],
       [
        -79.785601,
        35.736936
       ],
       [
        -79.78519,
        35.737326
       ],
       [
        -79.785129,
        35.737557
       ],
       [
        -79.785244,
        35.738046
       ],
       [
        -79.784981,
        35.738271
       ],
       [
        -79.784967,
        35.738617
       ],
       [
        -79.784859,
        35.738826
       ],
       [
        -79.785007,
        35.739112
       ],
       [
        -79.785648,
        35.739359
       ],
       [
        -79.786039,
        35.739788
       ],
       [
        -79.786106,
        35.740607
       ],
       [
        -79.78688,
        35.741871
       ],
       [
        -79.786772,
        35.742893
       ],
       [
        -79.786994,
        35.743289
       ],
       [
        -79.787129,
        35.743382
       ],
       [
        -79.787399,
        35.743316
       ],
       [
        -79.787608,
        35.743388
       ],
       [
        -79.78808,
        35.743696
       ],
       [
        -79.788517,
        35.743877
       ],
       [
        -79.788605,
        35.744015
       ],
       [
        -79.789913,
        35.744664
       ],
       [
        -79.791281,
        35.744889
       ],
       [
        -79.791537,
        35.745164
       ],
       [
        -79.791759,
        35.745719
       ],
       [
        -79.791436,
        35.746148
       ],
       [
        -79.791004,
        35.74745
       ],
       [
        -79.790303,
        35.748153
       ],
       [
        -79.790181,
        35.748719
       ],
       [
        -79.789648,
        35.749214
       ],
       [
        -79.789473,
        35.749538
       ],
       [
        -79.789237,
        35.750236
       ],
       [
        -79.788931,
        35.750714
       ],
       [
        -79.788881,
        35.751039
       ],
       [
        -79.788943,
        35.751429
       ],
       [
        -79.78878,
        35.751823
       ],
       [
        -79.789327,
        35.752374
       ],
       [
        -79.789569,
        35.752825
       ],
       [
        -79.790108,
        35.753397
       ],
       [
        -79.790277,
        35.753974
       ],
       [
        -79.790526,
        35.75432
       ],
       [
        -79.791571,
        35.755057
       ],
       [
        -79.792414,
        35.755128
       ],
       [
        -79.792892,
        35.755365
       ],
       [
        -79.793385,
        35.755464
       ],
       [
        -79.793519,
        35.756629
       ],
       [
        -79.79364,
        35.75686
       ],
       [
        -79.794072,
        35.756997
       ],
       [
        -79.794052,
        35.757195
       ],
       [
        -79.794241,
        35.757409
       ],
       [
        -79.794307,
        35.757662
       ],
       [
        -79.793781,
        35.758338
       ],
       [
        -79.793336,
        35.758629
       ],
       [
        -79.792905,
        35.758678
       ],
       [
        -79.792588,
        35.759047
       ]
      ],
      [
       [
        -79.809436,
        35.691911
       ],
       [
        -79.809408,
        35.692621
       ],
       [
        -79.809267,
        35.692988
       ],
       [
        -79.809295,
        35.693239
       ],
       [
        -79.809126,
        35.693629
       ],
       [
        -79.808788,
        35.695529
       ],
       [
        -79.808085,
        35.696468
       ],
       [
        -79.80769,
        35.698139
       ],
       [
        -79.807772,
        35.70052
       ],
       [
        -79.808277,
        35.700887
       ],
       [
        -79.809288,
        35.701369
       ]
      ]
     ],
     "type": "MultiLineString"
    },
    "properties": {
     "length_km": 7.99,
     "n_sites": 3,
     "name": "Penwood Branch",
     "order": 2,
     "riverKey": "penwood branch",
     "underground": 0,
     "waterway": "stream"
    },
    "type": "Feature"
   },
   {
    "geometry": {
     "coordinates": [
      [
       -79.775138,
       35.811726
      ],
      [
       -79.775571,
       35.810426
      ],
      [
       -79.775658,
       35.808183
      ],
      [
       -79.776844,
       35.80731
      ],
      [
       -79.777019,
       35.807021
      ],
      [
       -79.777012,
       35.806372
      ],
      [
       -79.776742,
       35.805218
      ],
      [
       -79.776776,
       35.804823
      ],
      [
       -79.776907,
       35.80457
      ],
      [
       -79.777477,
       35.804025
      ],
      [
       -79.777965,
       35.803254
      ]
     ],
     "type": "LineString"
    },
    "properties": {
     "length_km": 1.03,
     "n_sites": 0,
     "name": "Polecat Creek",
     "order": 2,
     "riverKey": "polecat creek",
     "underground": 0,
     "waterway": "stream"
    },
    "type": "Feature"
   },
   {
    "geometry": {
     "coordinates": [
      [
       -79.777571,
       35.644193
      ],
      [
       -79.777497,
       35.644534
      ],
      [
       -79.777825,
       35.645507
      ],
      [
       -79.777724,
       35.645715
      ],
      [
       -79.77726,
       35.645803
      ],
      [
       -79.77726,
       35.645946
      ],
      [
       -79.777516,
       35.646166
      ],
      [
       -79.777811,
       35.647034
      ],
      [
       -79.778255,
       35.647364
      ],
      [
       -79.778269,
       35.647776
      ],
      [
       -79.778417,
       35.648315
      ],
      [
       -79.778645,
       35.648524
      ],
      [
       -79.77874,
       35.649035
      ],
      [
       -79.778989,
       35.64926
      ],
      [
       -79.778955,
       35.64953
      ],
      [
       -79.778546,
       35.649609
      ],
      [
       -79.777899,
       35.650025
      ],
      [
       -79.777287,
       35.650698
      ],
      [
       -79.777266,
       35.651205
      ],
      [
       -79.776483,
       35.652026
      ],
      [
       -79.776238,
       35.652134
      ],
      [
       -79.775741,
       35.652164
      ],
      [
       -79.77519,
       35.651941
      ],
      [
       -79.774975,
       35.651574
      ],
      [
       -79.774882,
       35.651545
      ],
      [
       -79.774248,
       35.651666
      ],
      [
       -79.773783,
       35.651419
      ],
      [
       -79.773365,
       35.651342
      ],
      [
       -79.772914,
       35.651418
      ],
      [
       -79.772369,
       35.651676
      ],
      [
       -79.771648,
       35.65188
      ],
      [
       -79.77148,
       35.652011
      ],
      [
       -79.77119,
       35.652803
      ],
      [
       -79.770705,
       35.653512
      ],
      [
       -79.77028,
       35.65461
      ],
      [
       -79.768967,
       35.654594
      ],
      [
       -79.768253,
       35.654401
      ],
      [
       -79.766772,
       35.653697
      ],
      [
       -79.765358,
       35.653339
      ],
      [
       -79.764995,
       35.653141
      ],
      [
       -79.763918,
       35.65208
      ],
      [
       -79.763387,
       35.651239
      ],
      [
       -79.762882,
       35.650695
      ],
      [
       -79.76192,
       35.649744
      ],
      [
       -79.761563,
       35.649491
      ],
      [
       -79.761253,
       35.649419
      ],
      [
       -79.760007,
       35.649578
      ],
      [
       -79.759402,
       35.649567
      ],
      [
       -79.758688,
       35.649451
      ],
      [
       -79.758169,
       35.64928
      ],
      [
       -79.757652,
       35.648895
      ],
      [
       -79.756965,
       35.648565
      ],
      [
       -79.756299,
       35.648378
      ],
      [
       -79.755807,
       35.647988
      ],
      [
       -79.755376,
       35.647768
      ],
      [
       -79.75405,
       35.64747
      ],
      [
       -79.753788,
       35.647454
      ],
      [
       -79.753518,
       35.647563
      ],
      [
       -79.75333,
       35.647755
      ],
      [
       -79.7531,
       35.648404
      ],
      [
       -79.752885,
       35.64853
      ],
      [
       -79.752602,
       35.648503
      ],
      [
       -79.752023,
       35.648183
      ],
      [
       -79.750865,
       35.647859
      ],
      [
       -79.749755,
       35.647413
      ],
      [
       -79.748528,
       35.646309
      ],
      [
       -79.748185,
       35.646224
      ],
      [
       -79.747423,
       35.646196
      ],
      [
       -79.746642,
       35.645933
      ],
      [
       -79.746305,
       35.64557
      ],
      [
       -79.746197,
       35.645087
      ],
      [
       -79.745954,
       35.644724
      ],
      [
       -79.745645,
       35.644724
      ],
      [
       -79.745033,
       35.645137
      ],
      [
       -79.744574,
       35.645214
      ],
      [
       -79.744379,
       35.645154
      ],
      [
       -79.743503,
       35.644549
      ],
      [
       -79.742352,
       35.64433
      ],
      [
       -79.741961,
       35.643962
      ],
      [
       -79.741719,
       35.643979
      ],
      [
       -79.740864,
       35.644298
      ],
      [
       -79.740615,
       35.644314
      ],
      [
       -79.739765,
       35.642672
      ],
      [
       -79.739509,
       35.64199
      ],
      [
       -79.739085,
       35.641551
      ],
      [
       -79.738614,
       35.641282
      ],
      [
       -79.738465,
       35.641276
      ],
      [
       -79.738399,
       35.64143
      ],
      [
       -79.738661,
       35.642309
      ],
      [
       -79.738607,
       35.64254
      ],
      [
       -79.737968,
       35.64276
      ],
      [
       -79.737571,
       35.643266
      ],
      [
       -79.737362,
       35.643387
      ],
      [
       -79.73702,
       35.64347
      ],
      [
       -79.736467,
       35.643481
      ],
      [
       -79.735255,
       35.64275
      ],
      [
       -79.734023,
       35.641723
      ],
      [
       -79.733888,
       35.641729
      ],
      [
       -79.733336,
       35.642086
      ],
      [
       -79.732764,
       35.642235
      ],
      [
       -79.732578,
       35.642198
      ],
      [
       -79.732392,
       35.642019
      ],
      [
       -79.732075,
       35.641459
      ],
      [
       -79.731601,
       35.641014
      ],
      [
       -79.73026,
       35.640697
      ],
      [
       -79.729785,
       35.640276
      ],
      [
       -79.729382,
       35.640117
      ],
      [
       -79.728126,
       35.63916
      ],
      [
       -79.727772,
       35.639162
      ],
      [
       -79.727157,
       35.63949
      ],
      [
       -79.726824,
       35.639575
      ],
      [
       -79.724641,
       35.639722
      ],
      [
       -79.724464,
       35.63965
      ],
      [
       -79.724324,
       35.639551
      ],
      [
       -79.724239,
       35.639183
      ],
      [
       -79.724393,
       35.638746
      ],
      [
       -79.72529,
       35.638203
      ],
      [
       -79.725464,
       35.637914
      ],
      [
       -79.725462,
       35.637625
      ],
      [
       -79.72528,
       35.63705
      ],
      [
       -79.724968,
       35.636691
      ],
      [
       -79.724438,
       35.636694
      ],
      [
       -79.724064,
       35.636895
      ],
      [
       -79.724061,
       35.637508
      ],
      [
       -79.723542,
       35.638064
      ],
      [
       -79.72339,
       35.638106
      ],
      [
       -79.722375,
       35.638185
      ],
      [
       -79.720188,
       35.637446
      ],
      [
       -79.719896,
       35.637586
      ],
      [
       -79.719724,
       35.638092
      ],
      [
       -79.719505,
       35.638274
      ],
      [
       -79.719294,
       35.638321
      ],
      [
       -79.718666,
       35.638279
      ],
      [
       -79.717406,
       35.638023
      ],
      [
       -79.716831,
       35.638018
      ],
      [
       -79.716529,
       35.638121
      ],
      [
       -79.716434,
       35.63841
      ],
      [
       -79.716603,
       35.639012
      ],
      [
       -79.716599,
       35.639336
      ],
      [
       -79.716248,
       35.639591
      ],
      [
       -79.715163,
       35.639835
      ],
      [
       -79.714355,
       35.639716
      ],
      [
       -79.713826,
       35.639526
      ],
      [
       -79.713642,
       35.63957
      ],
      [
       -79.713335,
       35.639788
      ],
      [
       -79.712716,
       35.639792
      ],
      [
       -79.712406,
       35.63965
      ],
      [
       -79.712359,
       35.639325
      ],
      [
       -79.711959,
       35.639039
      ],
      [
       -79.711119,
       35.638936
      ],
      [
       -79.709643,
       35.638374
      ],
      [
       -79.707398,
       35.637696
      ],
      [
       -79.707152,
       35.63766
      ],
      [
       -79.706119,
       35.637956
      ],
      [
       -79.705104,
       35.638034
      ],
      [
       -79.703635,
       35.63775
      ],
      [
       -79.701208,
       35.63701
      ],
      [
       -79.69979,
       35.636514
      ],
      [
       -79.697481,
       35.635013
      ],
      [
       -79.697301,
       35.634989
      ],
      [
       -79.696079,
       35.635217
      ],
      [
       -79.69452,
       35.634885
      ],
      [
       -79.694103,
       35.634695
      ],
      [
       -79.694031,
       35.634456
      ],
      [
       -79.694426,
       35.634201
      ],
      [
       -79.694708,
       35.633706
      ],
      [
       -79.695874,
       35.632767
      ],
      [
       -79.69722,
       35.631848
      ],
      [
       -79.697828,
       35.631564
      ],
      [
       -79.698022,
       35.631247
      ],
      [
       -79.69802,
       35.631077
      ],
      [
       -79.697816,
       35.63074
      ],
      [
       -79.697416,
       35.630551
      ],
      [
       -79.697242,
       35.630597
      ],
      [
       -79.696898,
       35.631302
      ],
      [
       -79.696171,
       35.631595
      ],
      [
       -79.695712,
       35.631634
      ],
      [
       -79.695287,
       35.631564
      ],
      [
       -79.695109,
       35.631421
      ],
      [
       -79.694896,
       35.630637
      ],
      [
       -79.694659,
       35.630486
      ],
      [
       -79.693776,
       35.630455
      ],
      [
       -79.693334,
       35.630683
      ],
      [
       -79.693095,
       35.630728
      ],
      [
       -79.691438,
       35.630793
      ],
      [
       -79.690684,
       35.630472
      ],
      [
       -79.690062,
       35.630007
      ],
      [
       -79.689256,
       35.629806
      ],
      [
       -79.68731,
       35.628369
      ],
      [
       -79.68676,
       35.628203
      ],
      [
       -79.684774,
       35.627945
      ],
      [
       -79.684373,
       35.627827
      ],
      [
       -79.683484,
       35.627474
      ],
      [
       -79.681477,
       35.626348
      ],
      [
       -79.680267,
       35.625808
      ],
      [
       -79.680089,
       35.625628
      ],
      [
       -79.680099,
       35.625016
      ],
      [
       -79.680229,
       35.623617
      ],
      [
       -79.680537,
       35.622338
      ],
      [
       -79.680575,
       35.62177
      ],
      [
       -79.679536,
       35.618677
      ],
      [
       -79.678689,
       35.617925
      ],
      [
       -79.678745,
       35.617641
      ],
      [
       -79.679058,
       35.617012
      ],
      [
       -79.679026,
       35.616669
      ],
      [
       -79.67872,
       35.616435
      ],
      [
       -79.678039,
       35.61632
      ],
      [
       -79.677693,
       35.616523
      ],
      [
       -79.677204,
       35.616975
      ],
      [
       -79.676871,
       35.617013
      ],
      [
       -79.676522,
       35.616837
      ],
      [
       -79.676069,
       35.616367
      ],
      [
       -79.675863,
       35.615954
      ],
      [
       -79.675846,
       35.615658
      ],
      [
       -79.675989,
       35.615397
      ],
      [
       -79.677228,
       35.614669
      ],
      [
       -79.6774,
       35.614408
      ],
      [
       -79.677455,
       35.61411
      ],
      [
       -79.677257,
       35.613908
      ],
      [
       -79.676483,
       35.613857
      ],
      [
       -79.675931,
       35.613718
      ],
      [
       -79.674804,
       35.612793
      ],
      [
       -79.674536,
       35.612704
      ],
      [
       -79.674041,
       35.612688
      ],
      [
       -79.673366,
       35.613109
      ],
      [
       -79.672581,
       35.613098
      ],
      [
       -79.67231,
       35.612908
      ],
      [
       -79.672108,
       35.612315
      ],
      [
       -79.671842,
       35.611967
      ],
      [
       -79.670418,
       35.610851
      ],
      [
       -79.670022,
       35.610191
      ],
      [
       -79.669827,
       35.609435
      ],
      [
       -79.669996,
       35.608796
      ],
      [
       -79.670351,
       35.607978
      ],
      [
       -79.670363,
       35.607694
      ],
      [
       -79.670232,
       35.607529
      ],
      [
       -79.66997,
       35.607365
      ],
      [
       -79.669418,
       35.607238
      ],
      [
       -79.668381,
       35.607847
      ],
      [
       -79.667832,
       35.607992
      ],
      [
       -79.667426,
       35.608029
      ],
      [
       -79.667194,
       35.607972
      ],
      [
       -79.666446,
       35.607512
      ],
      [
       -79.663765,
       35.604411
      ],
      [
       -79.663028,
       35.603932
      ],
      [
       -79.662698,
       35.603979
      ],
      [
       -79.66219,
       35.604318
      ],
      [
       -79.660909,
       35.604503
      ],
      [
       -79.659814,
       35.604328
      ],
      [
       -79.658791,
       35.603973
      ],
      [
       -79.658208,
       35.603858
      ],
      [
       -79.657327,
       35.603839
      ],
      [
       -79.65615,
       35.604179
      ],
      [
       -79.654224,
       35.605038
      ],
      [
       -79.653242,
       35.605375
      ],
      [
       -79.651491,
       35.605561
      ],
      [
       -79.650955,
       35.605505
      ],
      [
       -79.650025,
       35.605096
      ],
      [
       -79.649358,
       35.605029
      ],
      [
       -79.648837,
       35.605091
      ],
      [
       -79.648232,
       35.605496
      ],
      [
       -79.647437,
       35.605607
      ],
      [
       -79.647031,
       35.605573
      ],
      [
       -79.64661,
       35.605469
      ],
      [
       -79.64568,
       35.605072
      ],
      [
       -79.644854,
       35.604934
      ],
      [
       -79.644537,
       35.605208
      ],
      [
       -79.643793,
       35.606276
      ],
      [
       -79.643461,
       35.606503
      ],
      [
       -79.642956,
       35.606659
      ],
      [
       -79.641883,
       35.606559
      ],
      [
       -79.641566,
       35.606702
      ],
      [
       -79.64148,
       35.606904
      ],
      [
       -79.64147,
       35.607389
      ],
      [
       -79.641581,
       35.608653
      ],
      [
       -79.641835,
       35.609575
      ],
      [
       -79.641912,
       35.610213
      ],
      [
       -79.641744,
       35.610923
      ],
      [
       -79.641331,
       35.611812
      ],
      [
       -79.640828,
       35.612312
      ],
      [
       -79.640107,
       35.612682
      ],
      [
       -79.638835,
       35.61302
      ],
      [
       -79.638053,
       35.612977
      ],
      [
       -79.637603,
       35.612885
      ],
      [
       -79.637254,
       35.612697
      ],
      [
       -79.636474,
       35.611187
      ],
      [
       -79.636531,
       35.610951
      ],
      [
       -79.637352,
       35.610402
      ],
      [
       -79.637409,
       35.61026
      ],
      [
       -79.63729,
       35.609906
      ],
      [
       -79.636926,
       35.609612
      ],
      [
       -79.636533,
       35.609437
      ],
      [
       -79.635381,
       35.608378
      ],
      [
       -79.634289,
       35.607663
      ],
      [
       -79.633809,
       35.607452
      ],
      [
       -79.632042,
       35.607308
      ],
      [
       -79.630677,
       35.606854
      ],
      [
       -79.627886,
       35.605461
      ],
      [
       -79.626837,
       35.604757
      ],
      [
       -79.626143,
       35.604796
      ],
      [
       -79.625533,
       35.604645
      ],
      [
       -79.624451,
       35.604703
      ],
      [
       -79.623077,
       35.603989
      ],
      [
       -79.622369,
       35.603704
      ],
      [
       -79.621882,
       35.603599
      ],
      [
       -79.621453,
       35.603571
      ],
      [
       -79.620431,
       35.603802
      ],
      [
       -79.619932,
       35.604097
      ],
      [
       -79.619594,
       35.604548
      ],
      [
       -79.619595,
       35.604728
      ],
      [
       -79.620042,
       35.605375
      ],
      [
       -79.620586,
       35.60676
      ],
      [
       -79.620614,
       35.607078
      ],
      [
       -79.620444,
       35.607622
      ],
      [
       -79.620203,
       35.607901
      ],
      [
       -79.618939,
       35.608419
      ],
      [
       -79.617142,
       35.608572
      ],
      [
       -79.616887,
       35.608648
      ],
      [
       -79.616746,
       35.608787
      ],
      [
       -79.616673,
       35.609466
      ],
      [
       -79.616063,
       35.610515
      ],
      [
       -79.615684,
       35.611935
      ],
      [
       -79.615502,
       35.612249
      ],
      [
       -79.614931,
       35.612612
      ],
      [
       -79.614467,
       35.612699
      ],
      [
       -79.613905,
       35.612589
      ],
      [
       -79.610902,
       35.611154
      ],
      [
       -79.610245,
       35.610897
      ],
      [
       -79.608918,
       35.610571
      ],
      [
       -79.607715,
       35.61016
      ],
      [
       -79.607302,
       35.60978
      ],
      [
       -79.607229,
       35.609565
      ],
      [
       -79.607266,
       35.609153
      ]
     ],
     "type": "LineString"
    },
    "properties": {
     "length_km": 24.86,
     "n_sites": 4,
     "name": "Richland Creek",
     "order": 2,
     "riverKey": "richland creek",
     "underground": 0,
     "waterway": "stream"
    },
    "type": "Feature"
   },
   {
    "geometry": {
     "coordinates": [
      [
       [
        -79.871307,
        35.637737
       ],
       [
        -79.872141,
        35.636737
       ],
       [
        -79.872471,
        35.636154
       ],
       [
        -79.872706,
        35.635533
       ],
       [
        -79.872632,
        35.635187
       ],
       [
        -79.872847,
        35.634824
       ],
       [
        -79.872678,
        35.63356
       ],
       [
        -79.872819,
        35.633268
       ],
       [
        -79.873337,
        35.632999
       ],
       [
        -79.873687,
        35.632685
       ],
       [
        -79.873929,
        35.63218
       ],
       [
        -79.874036,
        35.631372
       ],
       [
        -79.874291,
        35.630734
       ],
       [
        -79.874176,
        35.629234
       ],
       [
        -79.874228,
        35.627206
       ],
       [
        -79.874133,
        35.626436
       ],
       [
        -79.87422,
        35.626156
       ],
       [
        -79.874166,
        35.625931
       ],
       [
        -79.874233,
        35.62548
       ],
       [
        -79.873978,
        35.625139
       ],
       [
        -79.874311,
        35.624803
       ],
       [
        -79.874378,
        35.624561
       ],
       [
        -79.87433,
        35.624061
       ],
       [
        -79.874465,
        35.623742
       ],
       [
        -79.87431,
        35.623572
       ],
       [
        -79.874525,
        35.623336
       ],
       [
        -79.874195,
        35.622742
       ],
       [
        -79.87412,
        35.622264
       ],
       [
        -79.874497,
        35.62155
       ],
       [
        -79.874551,
        35.621236
       ],
       [
        -79.874476,
        35.621104
       ],
       [
        -79.874651,
        35.620835
       ],
       [
        -79.874341,
        35.619939
       ],
       [
        -79.873823,
        35.619923
       ],
       [
        -79.873587,
        35.619786
       ],
       [
        -79.873297,
        35.619379
       ],
       [
        -79.87325,
        35.61889
       ],
       [
        -79.872893,
        35.618835
       ],
       [
        -79.872873,
        35.618687
       ],
       [
        -79.87298,
        35.618538
       ],
       [
        -79.872846,
        35.618324
       ],
       [
        -79.872859,
        35.617923
       ],
       [
        -79.872232,
        35.617181
       ],
       [
        -79.872117,
        35.616681
       ],
       [
        -79.872286,
        35.616313
       ],
       [
        -79.871983,
        35.616088
       ],
       [
        -79.871989,
        35.61584
       ]
      ],
      [
       [
        -79.882166,
        35.626256
       ],
       [
        -79.88211,
        35.626829
       ],
       [
        -79.881436,
        35.628386
       ],
       [
        -79.880623,
        35.628798
       ],
       [
        -79.880399,
        35.629004
       ],
       [
        -79.879333,
        35.62944
       ],
       [
        -79.879052,
        35.629394
       ],
       [
        -79.878828,
        35.629256
       ],
       [
        -79.878407,
        35.62921
       ],
       [
        -79.877846,
        35.629302
       ],
       [
        -79.877341,
        35.629256
       ],
       [
        -79.876752,
        35.628936
       ],
       [
        -79.876107,
        35.628821
       ],
       [
        -79.875771,
        35.628546
       ],
       [
        -79.875462,
        35.627745
       ],
       [
        -79.875098,
        35.627447
       ],
       [
        -79.874424,
        35.62715
       ],
       [
        -79.874144,
        35.626875
       ]
      ]
     ],
     "type": "MultiLineString"
    },
    "properties": {
     "length_km": 3.78,
     "n_sites": 0,
     "name": "Scott Branch",
     "order": 2,
     "riverKey": "scott branch",
     "underground": 0,
     "waterway": "stream"
    },
    "type": "Feature"
   },
   {
    "geometry": {
     "coordinates": [
      [
       -79.784,
       35.620609
      ],
      [
       -79.784329,
       35.62179
      ],
      [
       -79.784369,
       35.622153
      ],
      [
       -79.784241,
       35.622466
      ],
      [
       -79.784053,
       35.622659
      ],
      [
       -79.78313,
       35.623065
      ],
      [
       -79.78284,
       35.62329
      ],
      [
       -79.782726,
       35.623483
      ],
      [
       -79.782699,
       35.624071
      ],
      [
       -79.782585,
       35.624373
      ],
      [
       -79.781907,
       35.624633
      ],
      [
       -79.781655,
       35.624615
      ],
      [
       -79.781603,
       35.624671
      ],
      [
       -79.781174,
       35.625536
      ],
      [
       -79.780419,
       35.626585
      ],
      [
       -79.779779,
       35.627871
      ],
      [
       -79.780014,
       35.628459
      ],
      [
       -79.779549,
       35.629971
      ],
      [
       -79.77967,
       35.630482
      ],
      [
       -79.779147,
       35.631867
      ],
      [
       -79.779123,
       35.632879
      ],
      [
       -79.779426,
       35.633724
      ],
      [
       -79.779274,
       35.634501
      ],
      [
       -79.77937,
       35.634958
      ],
      [
       -79.779242,
       35.635113
      ],
      [
       -79.779185,
       35.635384
      ],
      [
       -79.778427,
       35.635744
      ],
      [
       -79.778534,
       35.635975
      ],
      [
       -79.77853,
       35.636318
      ],
      [
       -79.778071,
       35.638219
      ],
      [
       -79.778138,
       35.639
      ],
      [
       -79.778421,
       35.639577
      ],
      [
       -79.778609,
       35.640544
      ],
      [
       -79.779046,
       35.641588
      ],
      [
       -79.778953,
       35.641692
      ],
      [
       -79.778672,
       35.642797
      ],
      [
       -79.777698,
       35.643793
      ],
      [
       -79.777571,
       35.644193
      ]
     ],
     "type": "LineString"
    },
    "properties": {
     "length_km": 2.92,
     "n_sites": 0,
     "name": "South Prong Richland Creek",
     "order": 2,
     "riverKey": "south prong richland creek",
     "underground": 0,
     "waterway": "stream"
    },
    "type": "Feature"
   },
   {
    "geometry": {
     "coordinates": [
      [
       -79.772825,
       35.691801
      ],
      [
       -79.772704,
       35.692059
      ],
      [
       -79.772131,
       35.692691
      ],
      [
       -79.771803,
       35.692891
      ],
      [
       -79.771484,
       35.693356
      ],
      [
       -79.770857,
       35.693834
      ],
      [
       -79.770736,
       35.693856
      ],
      [
       -79.770635,
       35.693999
      ],
      [
       -79.770325,
       35.694114
      ],
      [
       -79.770048,
       35.694042
      ],
      [
       -79.769901,
       35.693718
      ],
      [
       -79.769368,
       35.69341
      ],
      [
       -79.769207,
       35.69308
      ],
      [
       -79.767651,
       35.692508
      ],
      [
       -79.766937,
       35.692161
      ],
      [
       -79.766527,
       35.692167
      ],
      [
       -79.7653,
       35.693463
      ],
      [
       -79.76503,
       35.69409
      ],
      [
       -79.764934,
       35.695068
      ],
      [
       -79.764618,
       35.695595
      ],
      [
       -79.763411,
       35.696496
      ],
      [
       -79.762649,
       35.696848
      ],
      [
       -79.762219,
       35.696787
      ],
      [
       -79.760745,
       35.69632
      ],
      [
       -79.760438,
       35.695945
      ],
      [
       -79.759337,
       35.69499
      ],
      [
       -79.759207,
       35.694922
      ],
      [
       -79.75891,
       35.694925
      ],
      [
       -79.758796,
       35.694627
      ],
      [
       -79.759035,
       35.694371
      ],
      [
       -79.758698,
       35.694004
      ],
      [
       -79.758277,
       35.693752
      ],
      [
       -79.758128,
       35.693736
      ],
      [
       -79.758096,
       35.69383
      ],
      [
       -79.7582,
       35.69395
      ],
      [
       -79.758146,
       35.694378
      ],
      [
       -79.7578,
       35.694344
      ],
      [
       -79.757441,
       35.694489
      ],
      [
       -79.756609,
       35.694251
      ],
      [
       -79.756361,
       35.694326
      ],
      [
       -79.756365,
       35.694567
      ],
      [
       -79.756198,
       35.694527
      ],
      [
       -79.755871,
       35.6943
      ],
      [
       -79.755879,
       35.69421
      ],
      [
       -79.755688,
       35.694019
      ],
      [
       -79.755403,
       35.693899
      ],
      [
       -79.755336,
       35.693739
      ],
      [
       -79.755194,
       35.693684
      ],
      [
       -79.755019,
       35.693442
      ],
      [
       -79.754602,
       35.693211
      ],
      [
       -79.754554,
       35.693068
      ],
      [
       -79.754629,
       35.692964
      ],
      [
       -79.754972,
       35.692854
      ],
      [
       -79.755148,
       35.692563
      ],
      [
       -79.755336,
       35.692426
      ],
      [
       -79.755869,
       35.692217
      ],
      [
       -79.756274,
       35.691844
      ],
      [
       -79.756469,
       35.691547
      ],
      [
       -79.756516,
       35.691289
      ],
      [
       -79.756435,
       35.691041
      ],
      [
       -79.756126,
       35.69059
      ],
      [
       -79.756402,
       35.690173
      ],
      [
       -79.756309,
       35.689843
      ],
      [
       -79.75641,
       35.68925
      ],
      [
       -79.755017,
       35.687837
      ],
      [
       -79.754681,
       35.687281
      ],
      [
       -79.754688,
       35.686754
      ],
      [
       -79.754391,
       35.68638
      ],
      [
       -79.754769,
       35.686116
      ],
      [
       -79.754911,
       35.68582
      ],
      [
       -79.754675,
       35.685264
      ],
      [
       -79.754345,
       35.684852
      ],
      [
       -79.754264,
       35.68455
      ],
      [
       -79.753396,
       35.684247
      ],
      [
       -79.752912,
       35.683939
      ],
      [
       -79.751491,
       35.682295
      ],
      [
       -79.750731,
       35.681679
      ],
      [
       -79.750401,
       35.681146
      ],
      [
       -79.749917,
       35.680866
      ],
      [
       -79.749828,
       35.680596
      ],
      [
       -79.74991,
       35.680426
      ],
      [
       -79.750395,
       35.679882
      ],
      [
       -79.750651,
       35.679706
      ],
      [
       -79.750767,
       35.678338
      ],
      [
       -79.750336,
       35.677931
      ],
      [
       -79.750168,
       35.677898
      ],
      [
       -79.749871,
       35.677986
      ],
      [
       -79.749528,
       35.67787
      ],
      [
       -79.749656,
       35.677655
      ],
      [
       -79.748954,
       35.676636
      ],
      [
       -79.748933,
       35.676383
      ],
      [
       -79.74805,
       35.675345
      ],
      [
       -79.746871,
       35.675054
      ],
      [
       -79.745272,
       35.674964
      ],
      [
       -79.744539,
       35.674722
      ],
      [
       -79.744135,
       35.674505
      ],
      [
       -79.743628,
       35.674021
      ],
      [
       -79.742957,
       35.673023
      ],
      [
       -79.742748,
       35.67249
      ],
      [
       -79.742168,
       35.671952
      ],
      [
       -79.741764,
       35.671743
      ],
      [
       -79.74138,
       35.671408
      ],
      [
       -79.741204,
       35.67104
      ],
      [
       -79.74115,
       35.67065
      ],
      [
       -79.741043,
       35.670606
      ],
      [
       -79.740841,
       35.670661
      ],
      [
       -79.740645,
       35.670512
      ],
      [
       -79.740228,
       35.670469
      ],
      [
       -79.739897,
       35.670106
      ],
      [
       -79.73979,
       35.669447
      ],
      [
       -79.739014,
       35.668601
      ],
      [
       -79.738697,
       35.668458
      ],
      [
       -79.738489,
       35.668189
      ],
      [
       -79.738334,
       35.668117
      ],
      [
       -79.737997,
       35.668095
      ],
      [
       -79.7376,
       35.668425
      ],
      [
       -79.737108,
       35.668591
      ],
      [
       -79.736677,
       35.668975
      ],
      [
       -79.735472,
       35.669201
      ],
      [
       -79.735425,
       35.66935
      ],
      [
       -79.735762,
       35.669844
      ],
      [
       -79.735897,
       35.670256
      ],
      [
       -79.734604,
       35.67124
      ],
      [
       -79.734221,
       35.672018
      ],
      [
       -79.734037,
       35.672127
      ],
      [
       -79.733543,
       35.672135
      ],
      [
       -79.733293,
       35.67209
      ],
      [
       -79.732938,
       35.671784
      ],
      [
       -79.732755,
       35.671187
      ],
      [
       -79.731559,
       35.66967
      ],
      [
       -79.731404,
       35.669219
      ],
      [
       -79.730724,
       35.669066
      ],
      [
       -79.730264,
       35.668861
      ],
      [
       -79.729634,
       35.668345
      ],
      [
       -79.72937,
       35.668226
      ],
      [
       -79.728372,
       35.667297
      ],
      [
       -79.727976,
       35.667022
      ],
      [
       -79.72745,
       35.666473
      ],
      [
       -79.727187,
       35.666434
      ],
      [
       -79.727079,
       35.666539
      ],
      [
       -79.726938,
       35.666539
      ],
      [
       -79.726736,
       35.666352
      ],
      [
       -79.726298,
       35.666177
      ],
      [
       -79.725463,
       35.666105
      ],
      [
       -79.725005,
       35.665968
      ],
      [
       -79.724723,
       35.666232
      ],
      [
       -79.7245,
       35.666331
      ],
      [
       -79.72413,
       35.666979
      ],
      [
       -79.723854,
       35.667024
      ],
      [
       -79.723302,
       35.667348
      ],
      [
       -79.72248,
       35.667425
      ],
      [
       -79.721982,
       35.667304
      ],
      [
       -79.721456,
       35.667046
      ],
      [
       -79.720837,
       35.666904
      ],
      [
       -79.720209,
       35.666636
      ],
      [
       -79.719637,
       35.665758
      ],
      [
       -79.720062,
       35.664601
      ],
      [
       -79.720055,
       35.66448
      ],
      [
       -79.719798,
       35.664167
      ],
      [
       -79.719643,
       35.663579
      ],
      [
       -79.719495,
       35.663403
      ],
      [
       -79.719529,
       35.662579
      ],
      [
       -79.720814,
       35.661644
      ],
      [
       -79.722915,
       35.660445
      ],
      [
       -79.723272,
       35.659885
      ],
      [
       -79.723534,
       35.659077
      ],
      [
       -79.723964,
       35.658423
      ],
      [
       -79.723809,
       35.657747
      ],
      [
       -79.723836,
       35.657483
      ],
      [
       -79.724422,
       35.657362
      ],
      [
       -79.724604,
       35.657181
      ],
      [
       -79.724819,
       35.656614
      ],
      [
       -79.724886,
       35.656147
      ],
      [
       -79.725337,
       35.655301
      ],
      [
       -79.725593,
       35.654998
      ],
      [
       -79.72605,
       35.654674
      ],
      [
       -79.726508,
       35.653965
      ],
      [
       -79.726764,
       35.653888
      ],
      [
       -79.726474,
       35.653751
      ],
      [
       -79.726144,
       35.653443
      ],
      [
       -79.726104,
       35.653273
      ],
      [
       -79.726319,
       35.652773
      ],
      [
       -79.72613,
       35.652624
      ],
      [
       -79.725807,
       35.652514
      ],
      [
       -79.725416,
       35.65213
      ],
      [
       -79.725288,
       35.651327
      ],
      [
       -79.724937,
       35.650893
      ],
      [
       -79.724985,
       35.650333
      ],
      [
       -79.724749,
       35.649739
      ],
      [
       -79.724634,
       35.648717
      ],
      [
       -79.724486,
       35.648607
      ],
      [
       -79.724061,
       35.648564
      ],
      [
       -79.723839,
       35.648454
      ],
      [
       -79.723698,
       35.647871
      ],
      [
       -79.723388,
       35.647432
      ],
      [
       -79.723273,
       35.647041
      ],
      [
       -79.72336,
       35.646201
      ],
      [
       -79.723226,
       35.645706
      ],
      [
       -79.723111,
       35.645492
      ],
      [
       -79.722646,
       35.645289
      ],
      [
       -79.722512,
       35.645151
      ],
      [
       -79.722334,
       35.644724
      ],
      [
       -79.72245,
       35.644541
      ],
      [
       -79.722477,
       35.644041
      ],
      [
       -79.722289,
       35.643667
      ],
      [
       -79.721804,
       35.643387
      ],
      [
       -79.721555,
       35.643354
      ],
      [
       -79.720444,
       35.6438
      ],
      [
       -79.720201,
       35.643706
      ],
      [
       -79.719925,
       35.643349
      ],
      [
       -79.719575,
       35.643261
      ],
      [
       -79.719353,
       35.643058
      ],
      [
       -79.719124,
       35.643031
      ],
      [
       -79.718686,
       35.643152
      ],
      [
       -79.718161,
       35.642707
      ],
      [
       -79.717276,
       35.642333
      ],
      [
       -79.717198,
       35.641987
      ],
      [
       -79.717286,
       35.641872
      ],
      [
       -79.718181,
       35.641674
      ],
      [
       -79.718363,
       35.641542
      ],
      [
       -79.718551,
       35.641229
      ],
      [
       -79.718665,
       35.640717
      ],
      [
       -79.718517,
       35.640552
      ],
      [
       -79.718402,
       35.640168
      ],
      [
       -79.718066,
       35.639734
      ],
      [
       -79.718086,
       35.638734
      ],
      [
       -79.717924,
       35.638651
      ],
      [
       -79.717615,
       35.638662
      ],
      [
       -79.716603,
       35.639012
      ]
     ],
     "type": "LineString"
    },
    "properties": {
     "length_km": 12.98,
     "n_sites": 5,
     "name": "Squirrel Creek",
     "order": 2,
     "riverKey": "squirrel creek",
     "underground": 0,
     "waterway": "stream"
    },
    "type": "Feature"
   },
   {
    "geometry": {
     "coordinates": [
      [
       -79.90661,
       35.617268
      ],
      [
       -79.906313,
       35.61834
      ],
      [
       -79.905593,
       35.619395
      ],
      [
       -79.90535,
       35.620154
      ],
      [
       -79.905061,
       35.620544
      ],
      [
       -79.90498,
       35.621137
      ],
      [
       -79.904683,
       35.621258
      ],
      [
       -79.904784,
       35.621577
      ],
      [
       -79.904683,
       35.621934
      ],
      [
       -79.904791,
       35.622126
      ],
      [
       -79.904474,
       35.62322
      ],
      [
       -79.90407,
       35.623676
      ],
      [
       -79.903659,
       35.624577
      ],
      [
       -79.903699,
       35.625264
      ],
      [
       -79.90366,
       35.625973
      ],
      [
       -79.903526,
       35.626308
      ],
      [
       -79.903559,
       35.62682
      ],
      [
       -79.903295,
       35.627483
      ],
      [
       -79.903473,
       35.628116
      ],
      [
       -79.903909,
       35.628919
      ],
      [
       -79.903935,
       35.629194
      ],
      [
       -79.904251,
       35.629436
      ],
      [
       -79.904426,
       35.629727
      ],
      [
       -79.904237,
       35.63092
      ],
      [
       -79.904352,
       35.63159
      ],
      [
       -79.90421,
       35.632178
      ],
      [
       -79.903833,
       35.632893
      ],
      [
       -79.903253,
       35.63336
      ],
      [
       -79.903112,
       35.633574
      ],
      [
       -79.902929,
       35.63442
      ],
      [
       -79.903149,
       35.634874
      ],
      [
       -79.903391,
       35.635061
      ],
      [
       -79.903441,
       35.63525
      ],
      [
       -79.904417,
       35.635905
      ],
      [
       -79.904201,
       35.636795
      ],
      [
       -79.90402,
       35.63694
      ],
      [
       -79.904158,
       35.637176
      ],
      [
       -79.904435,
       35.63844
      ]
     ],
     "type": "LineString"
    },
    "properties": {
     "length_km": 2.56,
     "n_sites": 0,
     "name": "Talbotts Branch",
     "order": 2,
     "riverKey": "talbotts branch",
     "underground": 0,
     "waterway": "stream"
    },
    "type": "Feature"
   },
   {
    "geometry": {
     "coordinates": [
      [
       [
        -79.806547,
        35.658762
       ],
       [
        -79.806264,
        35.658119
       ],
       [
        -79.805631,
        35.657289
       ],
       [
        -79.80543,
        35.656426
       ],
       [
        -79.805248,
        35.656173
       ],
       [
        -79.80483,
        35.65597
       ],
       [
        -79.804271,
        35.655503
       ],
       [
        -79.803039,
        35.655063
       ],
       [
        -79.802736,
        35.655068
       ],
       [
        -79.802251,
        35.655255
       ],
       [
        -79.801941,
        35.655184
       ],
       [
        -79.801726,
        35.655294
       ],
       [
        -79.800844,
        35.654788
       ],
       [
        -79.800561,
        35.65442
       ],
       [
        -79.800617,
        35.654023
       ],
       [
        -79.800415,
        35.653957
       ],
       [
        -79.800204,
        35.654123
       ],
       [
        -79.799933,
        35.654108
       ],
       [
        -79.799721,
        35.654367
       ],
       [
        -79.79956,
        35.654398
       ],
       [
        -79.799304,
        35.654279
       ],
       [
        -79.799243,
        35.654473
       ],
       [
        -79.799042,
        35.654541
       ],
       [
        -79.798599,
        35.654571
       ],
       [
        -79.798463,
        35.654495
       ],
       [
        -79.798521,
        35.654361
       ],
       [
        -79.798443,
        35.654243
       ],
       [
        -79.798179,
        35.654378
       ],
       [
        -79.797973,
        35.654297
       ],
       [
        -79.797884,
        35.654393
       ],
       [
        -79.797951,
        35.654514
       ],
       [
        -79.797702,
        35.654543
       ],
       [
        -79.797674,
        35.654604
       ],
       [
        -79.797727,
        35.654703
       ],
       [
        -79.798013,
        35.654741
       ],
       [
        -79.797982,
        35.654835
       ],
       [
        -79.797725,
        35.654927
       ],
       [
        -79.797834,
        35.655179
       ],
       [
        -79.797208,
        35.655196
       ],
       [
        -79.79718,
        35.655359
       ],
       [
        -79.797019,
        35.655152
       ],
       [
        -79.796772,
        35.655276
       ],
       [
        -79.796701,
        35.655517
       ],
       [
        -79.796808,
        35.655679
       ],
       [
        -79.79672,
        35.655731
       ],
       [
        -79.796943,
        35.656044
       ],
       [
        -79.79672,
        35.656341
       ],
       [
        -79.796851,
        35.656561
       ],
       [
        -79.796623,
        35.656644
       ],
       [
        -79.796564,
        35.656759
       ],
       [
        -79.79665,
        35.657261
       ],
       [
        -79.796035,
        35.657672
       ],
       [
        -79.795793,
        35.658217
       ],
       [
        -79.795618,
        35.658382
       ],
       [
        -79.795645,
        35.658821
       ],
       [
        -79.79551,
        35.659118
       ],
       [
        -79.795267,
        35.659283
       ],
       [
        -79.794843,
        35.659294
       ],
       [
        -79.794047,
        35.658857
       ],
       [
        -79.793119,
        35.658735
       ],
       [
        -79.791737,
        35.657846
       ],
       [
        -79.791586,
        35.657921
       ],
       [
        -79.791377,
        35.65781
       ],
       [
        -79.791162,
        35.657795
       ],
       [
        -79.791153,
        35.657586
       ],
       [
        -79.790932,
        35.657513
       ],
       [
        -79.790488,
        35.656852
       ],
       [
        -79.790411,
        35.656442
       ],
       [
        -79.78989,
        35.655782
       ],
       [
        -79.789942,
        35.655495
       ],
       [
        -79.790272,
        35.655413
       ],
       [
        -79.790238,
        35.655089
       ],
       [
        -79.789962,
        35.654803
       ],
       [
        -79.788811,
        35.654171
       ],
       [
        -79.788542,
        35.653665
       ],
       [
        -79.788212,
        35.653379
       ],
       [
        -79.787754,
        35.652467
       ],
       [
        -79.787263,
        35.652082
       ],
       [
        -79.786623,
        35.651774
       ],
       [
        -79.786246,
        35.651032
       ],
       [
        -79.785815,
        35.650587
       ],
       [
        -79.784637,
        35.6503
       ],
       [
        -79.783674,
        35.650498
       ],
       [
        -79.782866,
        35.650273
       ],
       [
        -79.78222,
        35.650591
       ],
       [
        -79.781735,
        35.651454
       ],
       [
        -79.781405,
        35.651773
       ],
       [
        -79.780031,
        35.652377
       ],
       [
        -79.779337,
        35.652228
       ],
       [
        -79.778974,
        35.651992
       ],
       [
        -79.778422,
        35.650931
       ],
       [
        -79.778442,
        35.650596
       ],
       [
        -79.777924,
        35.650381
       ],
       [
        -79.777733,
        35.65021
       ]
      ],
      [
       [
        -79.806865,
        35.649753
       ],
       [
        -79.805967,
        35.650027
       ],
       [
        -79.805434,
        35.65037
       ],
       [
        -79.804085,
        35.652545
       ],
       [
        -79.803663,
        35.653689
       ],
       [
        -79.802904,
        35.654948
       ],
       [
        -79.802736,
        35.65504
       ]
      ]
     ],
     "type": "MultiLineString"
    },
    "properties": {
     "length_km": 5.18,
     "n_sites": 1,
     "name": "Tantraugh Branch",
     "order": 2,
     "riverKey": "tantraugh branch",
     "underground": 0,
     "waterway": "stream"
    },
    "type": "Feature"
   },
   {
    "geometry": {
     "coordinates": [
      [
       -79.850263,
       35.662132
      ],
      [
       -79.851438,
       35.661812
      ],
      [
       -79.852562,
       35.66169
      ],
      [
       -79.853478,
       35.661272
      ],
      [
       -79.853997,
       35.661393
      ],
      [
       -79.854732,
       35.661361
      ],
      [
       -79.854778,
       35.661116
      ],
      [
       -79.854892,
       35.661195
      ],
      [
       -79.85501,
       35.661042
      ],
      [
       -79.854899,
       35.660967
      ],
      [
       -79.854935,
       35.660833
      ],
      [
       -79.855664,
       35.660172
      ],
      [
       -79.855878,
       35.660084
      ],
      [
       -79.856029,
       35.659859
      ],
      [
       -79.85712,
       35.659947
      ],
      [
       -79.857484,
       35.659908
      ],
      [
       -79.857821,
       35.660188
      ],
      [
       -79.858252,
       35.660155
      ],
      [
       -79.858508,
       35.660232
      ],
      [
       -79.859242,
       35.65999
      ],
      [
       -79.8597,
       35.659995
      ],
      [
       -79.860757,
       35.660209
      ],
      [
       -79.861154,
       35.659967
      ],
      [
       -79.861477,
       35.659917
      ],
      [
       -79.862663,
       35.660461
      ],
      [
       -79.862873,
       35.661412
      ],
      [
       -79.863122,
       35.661665
      ],
      [
       -79.863768,
       35.661824
      ],
      [
       -79.864408,
       35.661686
      ],
      [
       -79.864981,
       35.662103
      ],
      [
       -79.865102,
       35.66234
      ],
      [
       -79.86529,
       35.662471
      ],
      [
       -79.866328,
       35.662564
      ],
      [
       -79.866935,
       35.66302
      ],
      [
       -79.867372,
       35.663125
      ],
      [
       -79.868846,
       35.662772
      ],
      [
       -79.86917,
       35.662772
      ],
      [
       -79.869399,
       35.66258
      ],
      [
       -79.869587,
       35.662557
      ],
      [
       -79.870039,
       35.662722
      ],
      [
       -79.870678,
       35.66309
      ],
      [
       -79.871554,
       35.663342
      ],
      [
       -79.871656,
       35.663573
      ],
      [
       -79.87136,
       35.663716
      ],
      [
       -79.871305,
       35.663815
      ],
      [
       -79.871427,
       35.664387
      ],
      [
       -79.871401,
       35.665057
      ],
      [
       -79.87163,
       35.665305
      ],
      [
       -79.872654,
       35.665595
      ],
      [
       -79.872849,
       35.666172
      ],
      [
       -79.873092,
       35.66648
      ],
      [
       -79.873449,
       35.666579
      ],
      [
       -79.874385,
       35.666485
      ],
      [
       -79.874675,
       35.666644
      ],
      [
       -79.874871,
       35.666655
      ],
      [
       -79.87634,
       35.66656
      ],
      [
       -79.877323,
       35.66666
      ],
      [
       -79.877659,
       35.666935
      ],
      [
       -79.877578,
       35.667111
      ],
      [
       -79.877254,
       35.667402
      ],
      [
       -79.877248,
       35.667649
      ],
      [
       -79.877335,
       35.667737
      ],
      [
       -79.877632,
       35.66782
      ],
      [
       -79.878965,
       35.66774
      ],
      [
       -79.879308,
       35.668116
      ],
      [
       -79.879804,
       35.668349
      ],
      [
       -79.88008,
       35.668594
      ],
      [
       -79.8802,
       35.669002
      ],
      [
       -79.880364,
       35.669126
      ],
      [
       -79.880731,
       35.669157
      ],
      [
       -79.881381,
       35.669425
      ],
      [
       -79.882046,
       35.669265
      ],
      [
       -79.882383,
       35.669657
      ],
      [
       -79.88271,
       35.669706
      ],
      [
       -79.883039,
       35.669619
      ],
      [
       -79.883888,
       35.668911
      ],
      [
       -79.884386,
       35.668845
      ],
      [
       -79.884904,
       35.669296
      ],
      [
       -79.885436,
       35.669401
      ],
      [
       -79.885766,
       35.669665
      ],
      [
       -79.88652,
       35.669912
      ],
      [
       -79.887005,
       35.670402
      ],
      [
       -79.887125,
       35.671083
      ],
      [
       -79.887287,
       35.671352
      ],
      [
       -79.887617,
       35.671512
      ],
      [
       -79.888533,
       35.671347
      ],
      [
       -79.888877,
       35.67115
      ],
      [
       -79.888944,
       35.670919
      ],
      [
       -79.888871,
       35.670128
      ],
      [
       -79.88906,
       35.669864
      ],
      [
       -79.889369,
       35.669814
      ],
      [
       -79.889685,
       35.66993
      ],
      [
       -79.890668,
       35.670562
      ],
      [
       -79.891315,
       35.670508
      ],
      [
       -79.891551,
       35.670574
      ],
      [
       -79.892016,
       35.670887
      ],
      [
       -79.892655,
       35.670739
      ],
      [
       -79.893114,
       35.670783
      ],
      [
       -79.893322,
       35.670932
      ],
      [
       -79.893827,
       35.67163
      ],
      [
       -79.894069,
       35.671652
      ],
      [
       -79.894965,
       35.671158
      ],
      [
       -79.895639,
       35.67118
      ],
      [
       -79.895794,
       35.671279
      ],
      [
       -79.896177,
       35.671812
      ],
      [
       -79.896703,
       35.671944
      ],
      [
       -79.896891,
       35.671878
      ],
      [
       -79.897215,
       35.671246
      ],
      [
       -79.897666,
       35.670642
      ],
      [
       -79.899384,
       35.669505
      ],
      [
       -79.899809,
       35.669549
      ],
      [
       -79.900307,
       35.669851
      ],
      [
       -79.900764,
       35.670423
      ],
      [
       -79.900981,
       35.670561
      ],
      [
       -79.901162,
       35.670577
      ],
      [
       -79.901391,
       35.670484
      ],
      [
       -79.901089,
       35.669907
      ],
      [
       -79.901163,
       35.669489
      ],
      [
       -79.901567,
       35.66922
      ],
      [
       -79.902018,
       35.669115
      ],
      [
       -79.902254,
       35.669132
      ],
      [
       -79.902726,
       35.668803
      ],
      [
       -79.902241,
       35.668401
      ],
      [
       -79.90218,
       35.668159
      ],
      [
       -79.902261,
       35.667906
      ],
      [
       -79.902968,
       35.667484
      ],
      [
       -79.903427,
       35.666846
      ],
      [
       -79.904356,
       35.666654
      ],
      [
       -79.904666,
       35.666775
      ],
      [
       -79.905326,
       35.666495
      ],
      [
       -79.905413,
       35.666275
      ],
      [
       -79.905394,
       35.665934
      ],
      [
       -79.90505,
       35.66539
      ],
      [
       -79.904997,
       35.665
      ],
      [
       -79.906304,
       35.664572
      ],
      [
       -79.906701,
       35.664577
      ],
      [
       -79.907549,
       35.665149
      ],
      [
       -79.907671,
       35.665446
      ],
      [
       -79.907508,
       35.666276
      ],
      [
       -79.908316,
       35.66721
      ],
      [
       -79.908808,
       35.66754
      ],
      [
       -79.909386,
       35.668167
      ],
      [
       -79.910336,
       35.668849
      ],
      [
       -79.911023,
       35.669228
      ],
      [
       -79.912363,
       35.669778
      ],
      [
       -79.912727,
       35.669811
      ],
      [
       -79.913097,
       35.669739
      ],
      [
       -79.913178,
       35.669597
      ],
      [
       -79.913051,
       35.668926
      ],
      [
       -79.913306,
       35.668497
      ],
      [
       -79.913307,
       35.6683
      ],
      [
       -79.913098,
       35.667915
      ],
      [
       -79.913098,
       35.667426
      ],
      [
       -79.913495,
       35.667058
      ],
      [
       -79.913974,
       35.666843
      ],
      [
       -79.91462,
       35.666827
      ],
      [
       -79.916452,
       35.666333
      ],
      [
       -79.91689,
       35.666366
      ],
      [
       -79.917638,
       35.666619
      ],
      [
       -79.917934,
       35.666734
      ],
      [
       -79.918257,
       35.667053
      ],
      [
       -79.91856,
       35.667058
      ],
      [
       -79.918823,
       35.666894
      ],
      [
       -79.91924,
       35.666454
      ],
      [
       -79.92021,
       35.666157
      ],
      [
       -79.920514,
       35.665487
      ],
      [
       -79.920682,
       35.665404
      ],
      [
       -79.921086,
       35.665504
      ],
      [
       -79.921753,
       35.665949
      ],
      [
       -79.923767,
       35.666612
      ],
      [
       -79.924367,
       35.66697
      ],
      [
       -79.924796,
       35.666796
      ],
      [
       -79.924985,
       35.666592
      ],
      [
       -79.925281,
       35.666499
      ],
      [
       -79.926036,
       35.666818
      ],
      [
       -79.927127,
       35.667076
      ],
      [
       -79.927962,
       35.667104
      ],
      [
       -79.930023,
       35.666615
      ],
      [
       -79.930501,
       35.666395
      ],
      [
       -79.930905,
       35.665961
      ],
      [
       -79.932043,
       35.665202
      ],
      [
       -79.932589,
       35.665059
      ],
      [
       -79.933,
       35.665059
      ],
      [
       -79.93428,
       35.665252
      ],
      [
       -79.934764,
       35.665224
      ],
      [
       -79.935297,
       35.665307
      ],
      [
       -79.936374,
       35.666543
      ],
      [
       -79.936616,
       35.666708
      ],
      [
       -79.936825,
       35.666736
      ],
      [
       -79.937297,
       35.666258
      ],
      [
       -79.937788,
       35.665246
      ],
      [
       -79.938873,
       35.664043
      ],
      [
       -79.939317,
       35.663257
      ],
      [
       -79.940307,
       35.662455
      ],
      [
       -79.941237,
       35.660723
      ],
      [
       -79.942051,
       35.660185
      ],
      [
       -79.942065,
       35.659717
      ],
      [
       -79.941917,
       35.659025
      ],
      [
       -79.940145,
       35.657673
      ],
      [
       -79.940085,
       35.65747
      ],
      [
       -79.940395,
       35.657244
      ],
      [
       -79.940637,
       35.657272
      ],
      [
       -79.941223,
       35.657552
      ],
      [
       -79.941418,
       35.65758
      ],
      [
       -79.941661,
       35.657464
      ],
      [
       -79.941829,
       35.656436
      ],
      [
       -79.942131,
       35.655513
      ],
      [
       -79.942495,
       35.654848
      ],
      [
       -79.942549,
       35.654299
      ],
      [
       -79.942852,
       35.654205
      ],
      [
       -79.943358,
       35.654249
      ],
      [
       -79.943815,
       35.654386
      ],
      [
       -79.943984,
       35.654309
      ],
      [
       -79.944257,
       35.654313
      ]
     ],
     "type": "LineString"
    },
    "properties": {
     "length_km": 12.99,
     "n_sites": 5,
     "name": "Taylors Creek",
     "order": 2,
     "riverKey": "taylors creek",
     "underground": 0,
     "waterway": "stream"
    },
    "type": "Feature"
   },
   {
    "geometry": {
     "coordinates": [
      [
       [
        -79.814015,
        35.649991
       ],
       [
        -79.814062,
        35.650854
       ],
       [
        -79.814217,
        35.651321
       ],
       [
        -79.813948,
        35.652568
       ],
       [
        -79.813624,
        35.653354
       ],
       [
        -79.813564,
        35.653942
       ],
       [
        -79.812944,
        35.654992
       ],
       [
        -79.812998,
        35.655657
       ],
       [
        -79.811207,
        35.65735
       ],
       [
        -79.811045,
        35.657981
       ],
       [
        -79.809927,
        35.659306
       ],
       [
        -79.809866,
        35.659553
       ],
       [
        -79.810271,
        35.660295
       ],
       [
        -79.809766,
        35.66101
       ],
       [
        -79.809779,
        35.661488
       ],
       [
        -79.809658,
        35.661829
       ],
       [
        -79.809698,
        35.662411
       ],
       [
        -79.809443,
        35.662884
       ],
       [
        -79.80928,
        35.663725
       ],
       [
        -79.809301,
        35.664247
       ],
       [
        -79.809206,
        35.664527
       ],
       [
        -79.807866,
        35.666489
       ],
       [
        -79.807596,
        35.667709
       ],
       [
        -79.80757,
        35.668226
       ],
       [
        -79.80726,
        35.668775
       ],
       [
        -79.806546,
        35.669385
       ],
       [
        -79.806014,
        35.669467
       ],
       [
        -79.805839,
        35.669792
       ],
       [
        -79.805306,
        35.67011
       ],
       [
        -79.805306,
        35.670385
       ],
       [
        -79.805407,
        35.670572
       ],
       [
        -79.805306,
        35.670825
       ],
       [
        -79.804525,
        35.671363
       ],
       [
        -79.804054,
        35.67133
       ],
       [
        -79.803851,
        35.671149
       ],
       [
        -79.802942,
        35.671391
       ],
       [
        -79.802188,
        35.671347
       ],
       [
        -79.800875,
        35.671951
       ],
       [
        -79.799999,
        35.671918
       ],
       [
        -79.798814,
        35.672088
       ],
       [
        -79.797581,
        35.671775
       ],
       [
        -79.797056,
        35.671313
       ],
       [
        -79.796726,
        35.671231
       ],
       [
        -79.796578,
        35.671423
       ],
       [
        -79.796119,
        35.671714
       ],
       [
        -79.795924,
        35.672236
       ],
       [
        -79.795453,
        35.67272
       ],
       [
        -79.795223,
        35.673561
       ],
       [
        -79.794711,
        35.6745
       ],
       [
        -79.794462,
        35.674803
       ],
       [
        -79.794172,
        35.674918
       ],
       [
        -79.79397,
        35.67455
       ],
       [
        -79.79364,
        35.674522
       ],
       [
        -79.79327,
        35.674363
       ],
       [
        -79.793034,
        35.674418
       ],
       [
        -79.792832,
        35.674214
       ],
       [
        -79.792691,
        35.674187
       ],
       [
        -79.792273,
        35.673884
       ],
       [
        -79.792111,
        35.673978
       ],
       [
        -79.791694,
        35.674692
       ],
       [
        -79.791289,
        35.675005
       ],
       [
        -79.790778,
        35.675066
       ],
       [
        -79.790158,
        35.674934
       ],
       [
        -79.789868,
        35.674615
       ],
       [
        -79.789788,
        35.673966
       ],
       [
        -79.78966,
        35.673642
       ],
       [
        -79.78966,
        35.673279
       ],
       [
        -79.789546,
        35.672977
       ],
       [
        -79.789222,
        35.672543
       ],
       [
        -79.789486,
        35.67185
       ],
       [
        -79.789761,
        35.671587
       ],
       [
        -79.789721,
        35.671235
       ],
       [
        -79.789432,
        35.671004
       ],
       [
        -79.789257,
        35.6709
       ],
       [
        -79.788577,
        35.670746
       ],
       [
        -79.788139,
        35.670289
       ],
       [
        -79.787809,
        35.670178
       ],
       [
        -79.787186,
        35.669786
       ],
       [
        -79.786433,
        35.669574
       ],
       [
        -79.785445,
        35.668805
       ],
       [
        -79.785277,
        35.668354
       ],
       [
        -79.78488,
        35.668365
       ],
       [
        -79.784617,
        35.668832
       ],
       [
        -79.784334,
        35.668898
       ],
       [
        -79.782792,
        35.668623
       ],
       [
        -79.7816,
        35.668562
       ],
       [
        -79.780566,
        35.66822
       ],
       [
        -79.780422,
        35.668012
       ],
       [
        -79.780036,
        35.667711
       ],
       [
        -79.7794,
        35.667372
       ],
       [
        -79.779232,
        35.666949
       ],
       [
        -79.77888,
        35.666572
       ],
       [
        -79.778893,
        35.666468
       ],
       [
        -79.779365,
        35.665456
       ],
       [
        -79.779534,
        35.664374
       ],
       [
        -79.780478,
        35.663962
       ],
       [
        -79.780578,
        35.663781
       ],
       [
        -79.780619,
        35.663352
       ],
       [
        -79.780504,
        35.66272
       ],
       [
        -79.779912,
        35.661873
       ],
       [
        -79.779785,
        35.660725
       ],
       [
        -79.779314,
        35.659884
       ],
       [
        -79.778883,
        35.659455
       ],
       [
        -79.778668,
        35.659444
       ],
       [
        -79.778028,
        35.659213
       ],
       [
        -79.776952,
        35.659363
       ],
       [
        -79.776055,
        35.65891
       ],
       [
        -79.775301,
        35.659355
       ],
       [
        -79.774015,
        35.659421
       ],
       [
        -79.773335,
        35.659211
       ],
       [
        -79.772896,
        35.65886
       ],
       [
        -79.772783,
        35.658579
       ],
       [
        -79.772891,
        35.658118
       ],
       [
        -79.77343,
        35.657436
       ],
       [
        -79.773625,
        35.657063
       ],
       [
        -79.773619,
        35.656431
       ],
       [
        -79.773417,
        35.655744
       ],
       [
        -79.773296,
        35.655617
       ],
       [
        -79.773,
        35.655573
       ],
       [
        -79.772589,
        35.65571
       ],
       [
        -79.772286,
        35.655985
       ],
       [
        -79.771976,
        35.655985
       ],
       [
        -79.77172,
        35.655826
       ],
       [
        -79.771337,
        35.655138
       ],
       [
        -79.771021,
        35.654847
       ],
       [
        -79.77071,
        35.654671
       ],
       [
        -79.77028,
        35.65461
       ]
      ],
      [
       [
        -79.785051,
        35.697065
       ],
       [
        -79.785469,
        35.69641
       ],
       [
        -79.785806,
        35.696059
       ],
       [
        -79.787093,
        35.695031
       ],
       [
        -79.787733,
        35.694938
       ],
       [
        -79.788434,
        35.69513
       ],
       [
        -79.789006,
        35.695504
       ],
       [
        -79.789956,
        35.695757
       ],
       [
        -79.790608,
        35.695825
       ],
       [
        -79.791223,
        35.695664
       ],
       [
        -79.791344,
        35.695554
       ],
       [
        -79.791505,
        35.695191
       ],
       [
        -79.791526,
        35.694911
       ],
       [
        -79.791169,
        35.694301
       ],
       [
        -79.791331,
        35.694004
       ],
       [
        -79.791372,
        35.693515
       ],
       [
        -79.791312,
        35.692185
       ],
       [
        -79.791426,
        35.692053
       ],
       [
        -79.791749,
        35.691966
       ],
       [
        -79.792429,
        35.69152
       ],
       [
        -79.79276,
        35.690278
       ],
       [
        -79.79305,
        35.689658
       ],
       [
        -79.792842,
        35.68919
       ],
       [
        -79.792458,
        35.689031
       ],
       [
        -79.792437,
        35.688943
       ],
       [
        -79.792552,
        35.688762
       ],
       [
        -79.792761,
        35.688679
       ],
       [
        -79.792882,
        35.688371
       ],
       [
        -79.793118,
        35.688234
       ],
       [
        -79.793077,
        35.687926
       ],
       [
        -79.792667,
        35.687646
       ],
       [
        -79.792585,
        35.687497
       ],
       [
        -79.792667,
        35.687421
       ],
       [
        -79.793064,
        35.687349
       ],
       [
        -79.793265,
        35.687168
       ],
       [
        -79.793442,
        35.686217
       ]
      ],
      [
       [
        -79.82296,
        35.661829
       ],
       [
        -79.822259,
        35.661462
       ],
       [
        -79.821165,
        35.661118
       ],
       [
        -79.82066,
        35.660729
       ],
       [
        -79.820464,
        35.660202
       ],
       [
        -79.820212,
        35.659996
       ],
       [
        -79.819314,
        35.659606
       ],
       [
        -79.819202,
        35.659469
       ],
       [
        -79.819174,
        35.659079
       ],
       [
        -79.819034,
        35.65885
       ],
       [
        -79.817884,
        35.658163
       ],
       [
        -79.817323,
        35.657934
       ],
       [
        -79.816032,
        35.657956
       ],
       [
        -79.815528,
        35.657658
       ],
       [
        -79.814349,
        35.657451
       ],
       [
        -79.813031,
        35.656878
       ],
       [
        -79.812498,
        35.656717
       ],
       [
        -79.812134,
        35.656465
       ]
      ]
     ],
     "type": "MultiLineString"
    },
    "properties": {
     "length_km": 11.52,
     "n_sites": 8,
     "name": "Vestal Creek",
     "order": 2,
     "riverKey": "vestal creek",
     "underground": 0,
     "waterway": "stream"
    },
    "type": "Feature"
   },
   {
    "geometry": {
     "coordinates": [
      [
       -79.785006,
       35.70365
      ],
      [
       -79.785136,
       35.703588
      ],
      [
       -79.785271,
       35.703274
      ],
      [
       -79.785379,
       35.702384
      ],
      [
       -79.785568,
       35.701719
      ],
      [
       -79.785346,
       35.701389
      ],
      [
       -79.784949,
       35.700229
      ],
      [
       -79.784787,
       35.699378
      ],
      [
       -79.784862,
       35.698125
      ],
      [
       -79.785051,
       35.697065
      ]
     ],
     "type": "LineString"
    },
    "properties": {
     "length_km": 0.75,
     "n_sites": 8,
     "name": "Vestal Creek",
     "order": 2,
     "riverKey": "vestal creek",
     "underground": 1,
     "waterway": "stream"
    },
    "type": "Feature"
   },
   {
    "geometry": {
     "coordinates": [
      [
       -79.91186,
       35.737168
      ],
      [
       -79.912724,
       35.736536
      ],
      [
       -79.913532,
       35.736239
      ],
      [
       -79.91395,
       35.73625
      ],
      [
       -79.914463,
       35.736597
      ],
      [
       -79.914928,
       35.737372
      ],
      [
       -79.916787,
       35.737993
      ],
      [
       -79.917219,
       35.738851
      ],
      [
       -79.918621,
       35.738538
      ],
      [
       -79.919032,
       35.738153
      ],
      [
       -79.91877,
       35.737114
      ],
      [
       -79.919073,
       35.736405
      ],
      [
       -79.919754,
       35.73607
      ],
      [
       -79.920549,
       35.736131
      ],
      [
       -79.920914,
       35.736026
      ],
      [
       -79.921534,
       35.735169
      ],
      [
       -79.921716,
       35.734609
      ],
      [
       -79.921669,
       35.733729
      ],
      [
       -79.923125,
       35.732262
      ],
      [
       -79.923395,
       35.731515
      ],
      [
       -79.92349,
       35.730091
      ],
      [
       -79.923739,
       35.729745
      ],
      [
       -79.924933,
       35.728756
      ],
      [
       -79.925754,
       35.728926
      ],
      [
       -79.926058,
       35.729267
      ],
      [
       -79.926348,
       35.729355
      ],
      [
       -79.929267,
       35.729213
      ],
      [
       -79.929596,
       35.728899
      ],
      [
       -79.929206,
       35.728377
      ],
      [
       -79.929583,
       35.727405
      ],
      [
       -79.929893,
       35.727311
      ],
      [
       -79.930365,
       35.726448
      ],
      [
       -79.930817,
       35.726057
      ]
     ],
     "type": "LineString"
    },
    "properties": {
     "length_km": 2.99,
     "n_sites": 0,
     "name": null,
     "order": 2,
     "riverKey": null,
     "underground": 0,
     "waterway": "stream"
    },
    "type": "Feature"
   },
   {
    "geometry": {
     "coordinates": [
      [
       -79.912532,
       35.743659
      ],
      [
       -79.913408,
       35.743807
      ],
      [
       -79.914001,
       35.744412
      ],
      [
       -79.914311,
       35.744456
      ],
      [
       -79.914683,
       35.744362
      ],
      [
       -79.915478,
       35.743775
      ],
      [
       -79.917601,
       35.743489
      ],
      [
       -79.918168,
       35.743209
      ],
      [
       -79.919705,
       35.742885
      ],
      [
       -79.920541,
       35.743308
      ],
      [
       -79.921485,
       35.74338
      ],
      [
       -79.92168,
       35.743572
      ],
      [
       -79.921862,
       35.744545
      ],
      [
       -79.922509,
       35.744979
      ],
      [
       -79.923022,
       35.745084
      ],
      [
       -79.923338,
       35.745793
      ],
      [
       -79.924174,
       35.746266
      ],
      [
       -79.924349,
       35.747052
      ],
      [
       -79.924915,
       35.7477
      ],
      [
       -79.925124,
       35.748629
      ]
     ],
     "type": "LineString"
    },
    "properties": {
     "length_km": 1.62,
     "n_sites": 0,
     "name": null,
     "order": 2,
     "riverKey": null,
     "underground": 0,
     "waterway": "stream"
    },
    "type": "Feature"
   },
   {
    "geometry": {
     "coordinates": [
      [
       -79.912448,
       35.717323
      ],
      [
       -79.912805,
       35.716943
      ],
      [
       -79.913701,
       35.716669
      ],
      [
       -79.914281,
       35.716696
      ],
      [
       -79.914884,
       35.717075
      ],
      [
       -79.915272,
       35.717135
      ],
      [
       -79.915952,
       35.716746
      ],
      [
       -79.915925,
       35.716405
      ],
      [
       -79.916687,
       35.716219
      ],
      [
       -79.916343,
       35.715872
      ],
      [
       -79.916343,
       35.715537
      ],
      [
       -79.916579,
       35.715301
      ],
      [
       -79.916343,
       35.714641
      ],
      [
       -79.916512,
       35.713888
      ],
      [
       -79.916243,
       35.71369
      ],
      [
       -79.916431,
       35.713399
      ],
      [
       -79.916243,
       35.712053
      ],
      [
       -79.91714,
       35.710668
      ],
      [
       -79.918204,
       35.710454
      ],
      [
       -79.919107,
       35.710454
      ],
      [
       -79.919539,
       35.710234
      ],
      [
       -79.920631,
       35.710218
      ],
      [
       -79.921385,
       35.710658
      ],
      [
       -79.922174,
       35.710762
      ],
      [
       -79.922335,
       35.710037
      ],
      [
       -79.922773,
       35.709443
      ],
      [
       -79.923467,
       35.709059
      ],
      [
       -79.924384,
       35.709548
      ],
      [
       -79.924182,
       35.710328
      ],
      [
       -79.92468,
       35.711015
      ],
      [
       -79.924612,
       35.712554
      ],
      [
       -79.924727,
       35.712714
      ]
     ],
     "type": "LineString"
    },
    "properties": {
     "length_km": 2.34,
     "n_sites": 0,
     "name": null,
     "order": 2,
     "riverKey": null,
     "underground": 0,
     "waterway": "stream"
    },
    "type": "Feature"
   },
   {
    "geometry": {
     "coordinates": [
      [
       -79.92281,
       35.776167
      ],
      [
       -79.922343,
       35.775791
      ],
      [
       -79.921844,
       35.775632
      ],
      [
       -79.920981,
       35.774456
      ],
      [
       -79.920462,
       35.774137
      ],
      [
       -79.919201,
       35.774362
      ],
      [
       -79.918742,
       35.774823
      ],
      [
       -79.91761,
       35.774856
      ],
      [
       -79.917354,
       35.773092
      ],
      [
       -79.917488,
       35.772817
      ],
      [
       -79.916774,
       35.771339
      ],
      [
       -79.91647,
       35.770119
      ],
      [
       -79.915709,
       35.768728
      ],
      [
       -79.914771,
       35.769212
      ],
      [
       -79.914016,
       35.769371
      ],
      [
       -79.913652,
       35.769662
      ],
      [
       -79.911852,
       35.770008
      ],
      [
       -79.911534,
       35.771069
      ],
      [
       -79.910812,
       35.771211
      ],
      [
       -79.910219,
       35.770953
      ],
      [
       -79.909876,
       35.77048
      ],
      [
       -79.909735,
       35.768513
      ],
      [
       -79.909478,
       35.7681
      ]
     ],
     "type": "LineString"
    },
    "properties": {
     "length_km": 2.28,
     "n_sites": 0,
     "name": null,
     "order": 2,
     "riverKey": null,
     "underground": 0,
     "waterway": "stream"
    },
    "type": "Feature"
   },
   {
    "geometry": {
     "coordinates": [
      [
       -79.917761,
       35.72513
      ],
      [
       -79.917987,
       35.724623
      ],
      [
       -79.918906,
       35.723796
      ],
      [
       -79.920447,
       35.723153
      ],
      [
       -79.920753,
       35.722899
      ],
      [
       -79.921914,
       35.72289
      ],
      [
       -79.922381,
       35.723139
      ]
     ],
     "type": "LineString"
    },
    "properties": {
     "length_km": 0.54,
     "n_sites": 0,
     "name": null,
     "order": 2,
     "riverKey": null,
     "underground": 0,
     "waterway": "stream"
    },
    "type": "Feature"
   },
   {
    "geometry": {
     "coordinates": [
      [
       -79.921246,
       35.800627
      ],
      [
       -79.921084,
       35.799341
      ],
      [
       -79.920564,
       35.79833
      ],
      [
       -79.919652,
       35.797596
      ],
      [
       -79.919269,
       35.797455
      ],
      [
       -79.917793,
       35.795993
      ],
      [
       -79.916652,
       35.795207
      ]
     ],
     "type": "LineString"
    },
    "properties": {
     "length_km": 0.76,
     "n_sites": 0,
     "name": null,
     "order": 2,
     "riverKey": null,
     "underground": 0,
     "waterway": "stream"
    },
    "type": "Feature"
   },
   {
    "geometry": {
     "coordinates": [
      [
       -79.921422,
       35.767278
      ],
      [
       -79.920861,
       35.766717
      ],
      [
       -79.920248,
       35.766431
      ],
      [
       -79.919102,
       35.766278
      ],
      [
       -79.916438,
       35.767459
      ],
      [
       -79.915042,
       35.767453
      ],
      [
       -79.913572,
       35.767139
      ],
      [
       -79.913066,
       35.766864
      ],
      [
       -79.912608,
       35.766331
      ]
     ],
     "type": "LineString"
    },
    "properties": {
     "length_km": 0.91,
     "n_sites": 0,
     "name": null,
     "order": 2,
     "riverKey": null,
     "underground": 0,
     "waterway": "stream"
    },
    "type": "Feature"
   },
   {
    "geometry": {
     "coordinates": [
      [
       -79.920467,
       35.785475
      ],
      [
       -79.920021,
       35.784898
      ],
      [
       -79.919839,
       35.783848
      ],
      [
       -79.920022,
       35.782897
      ],
      [
       -79.919476,
       35.781748
      ],
      [
       -79.91812,
       35.780863
      ],
      [
       -79.916043,
       35.780824
      ],
      [
       -79.915369,
       35.780687
      ],
      [
       -79.914707,
       35.779741
      ],
      [
       -79.914843,
       35.778263
      ],
      [
       -79.914115,
       35.777983
      ],
      [
       -79.913063,
       35.777301
      ],
      [
       -79.911538,
       35.777669
      ],
      [
       -79.910911,
       35.777586
      ],
      [
       -79.910271,
       35.777114
      ],
      [
       -79.90965,
       35.776152
      ],
      [
       -79.909185,
       35.775789
      ],
      [
       -79.908371,
       35.773497
      ],
      [
       -79.907642,
       35.772782
      ],
      [
       -79.907313,
       35.772216
      ],
      [
       -79.907542,
       35.771722
      ],
      [
       -79.907663,
       35.770089
      ],
      [
       -79.907941,
       35.769655
      ]
     ],
     "type": "LineString"
    },
    "properties": {
     "length_km": 2.51,
     "n_sites": 0,
     "name": null,
     "order": 2,
     "riverKey": null,
     "underground": 0,
     "waterway": "stream"
    },
    "type": "Feature"
   },
   {
    "geometry": {
     "coordinates": [
      [
       -79.921555,
       35.703007
      ],
      [
       -79.920181,
       35.702084
      ],
      [
       -79.918901,
       35.700699
      ],
      [
       -79.918201,
       35.700171
      ],
      [
       -79.915331,
       35.698862
      ]
     ],
     "type": "LineString"
    },
    "properties": {
     "length_km": 0.74,
     "n_sites": 0,
     "name": null,
     "order": 2,
     "riverKey": null,
     "underground": 0,
     "waterway": "stream"
    },
    "type": "Feature"
   },
   {
    "geometry": {
     "coordinates": [
      [
       -79.918582,
       35.80407
      ],
      [
       -79.917514,
       35.803638
      ],
      [
       -79.915821,
       35.803269
      ],
      [
       -79.915018,
       35.803368
      ],
      [
       -79.914113,
       35.803775
      ],
      [
       -79.912501,
       35.803796
      ],
      [
       -79.911685,
       35.803153
      ],
      [
       -79.911111,
       35.80334
      ],
      [
       -79.910552,
       35.803774
      ],
      [
       -79.91008,
       35.803845
      ],
      [
       -79.908609,
       35.80335
      ],
      [
       -79.907725,
       35.802866
      ],
      [
       -79.90724,
       35.802811
      ],
      [
       -79.906356,
       35.802937
      ],
      [
       -79.905175,
       35.803448
      ]
     ],
     "type": "LineString"
    },
    "properties": {
     "length_km": 1.34,
     "n_sites": 0,
     "name": null,
     "order": 2,
     "riverKey": null,
     "underground": 0,
     "waterway": "stream"
    },
    "type": "Feature"
   },
   {
    "geometry": {
     "coordinates": [
      [
       -79.917914,
       35.793567
      ],
      [
       -79.917395,
       35.793811
      ],
      [
       -79.917435,
       35.794465
      ],
      [
       -79.917172,
       35.794965
      ],
      [
       -79.916652,
       35.795207
      ]
     ],
     "type": "LineString"
    },
    "properties": {
     "length_km": 0.24,
     "n_sites": 0,
     "name": null,
     "order": 2,
     "riverKey": null,
     "underground": 0,
     "waterway": "stream"
    },
    "type": "Feature"
   },
   {
    "geometry": {
     "coordinates": [
      [
       -79.918348,
       35.727035
      ],
      [
       -79.918377,
       35.725937
      ]
     ],
     "type": "LineString"
    },
    "properties": {
     "length_km": 0.12,
     "n_sites": 0,
     "name": null,
     "order": 2,
     "riverKey": null,
     "underground": 0,
     "waterway": "stream"
    },
    "type": "Feature"
   },
   {
    "geometry": {
     "coordinates": [
      [
       -79.916652,
       35.795207
      ],
      [
       -79.915592,
       35.79508
      ],
      [
       -79.914692,
       35.794404
      ],
      [
       -79.914353,
       35.794527
      ],
      [
       -79.913976,
       35.795131
      ],
      [
       -79.913531,
       35.795173
      ],
      [
       -79.912766,
       35.794924
      ],
      [
       -79.911843,
       35.794127
      ],
      [
       -79.911418,
       35.79411
      ],
      [
       -79.910736,
       35.79438
      ],
      [
       -79.909166,
       35.792848
      ],
      [
       -79.908566,
       35.791062
      ],
      [
       -79.908803,
       35.789803
      ],
      [
       -79.908014,
       35.788704
      ],
      [
       -79.907097,
       35.788242
      ],
      [
       -79.905788,
       35.788582
      ],
      [
       -79.905128,
       35.78823
      ],
      [
       -79.903961,
       35.788192
      ],
      [
       -79.903158,
       35.787851
      ],
      [
       -79.902828,
       35.787208
      ],
      [
       -79.902503,
       35.786932
      ]
     ],
     "type": "LineString"
    },
    "properties": {
     "length_km": 1.97,
     "n_sites": 0,
     "name": null,
     "order": 2,
     "riverKey": null,
     "underground": 0,
     "waterway": "stream"
    },
    "type": "Feature"
   },
   {
    "geometry": {
     "coordinates": [
      [
       -79.914018,
       35.631401
      ],
      [
       -79.914193,
       35.63163
      ],
      [
       -79.913754,
       35.632006
      ],
      [
       -79.913591,
       35.63247
      ],
      [
       -79.913748,
       35.633263
      ],
      [
       -79.914829,
       35.634721
      ],
      [
       -79.915903,
       35.635703
      ],
      [
       -79.916639,
       35.635699
      ],
      [
       -79.917231,
       35.635352
      ],
      [
       -79.91752,
       35.635647
      ],
      [
       -79.918171,
       35.635941
      ]
     ],
     "type": "LineString"
    },
    "properties": {
     "length_km": 0.81,
     "n_sites": 0,
     "name": null,
     "order": 2,
     "riverKey": null,
     "underground": 0,
     "waterway": "stream"
    },
    "type": "Feature"
   },
   {
    "geometry": {
     "coordinates": [
      [
       -79.912301,
       35.73015
      ],
      [
       -79.912867,
       35.729595
      ],
      [
       -79.91394,
       35.729117
      ],
      [
       -79.914385,
       35.728375
      ],
      [
       -79.9144,
       35.727853
      ],
      [
       -79.914899,
       35.727672
      ],
      [
       -79.915429,
       35.727106
      ],
      [
       -79.916137,
       35.726996
      ],
      [
       -79.916421,
       35.726067
      ],
      [
       -79.916879,
       35.725824
      ]
     ],
     "type": "LineString"
    },
    "properties": {
     "length_km": 0.69,
     "n_sites": 0,
     "name": null,
     "order": 2,
     "riverKey": null,
     "underground": 0,
     "waterway": "stream"
    },
    "type": "Feature"
   },
   {
    "geometry": {
     "coordinates": [
      [
       -79.91818,
       35.618321
      ],
      [
       -79.917277,
       35.619426
      ],
      [
       -79.916632,
       35.619849
      ],
      [
       -79.915925,
       35.620684
      ],
      [
       -79.915816,
       35.621167
      ],
      [
       -79.915386,
       35.621502
      ],
      [
       -79.915393,
       35.621651
      ],
      [
       -79.915662,
       35.62175
      ],
      [
       -79.915264,
       35.622288
      ],
      [
       -79.915311,
       35.62269
      ],
      [
       -79.915062,
       35.623091
      ],
      [
       -79.915122,
       35.623547
      ],
      [
       -79.914793,
       35.624294
      ],
      [
       -79.914018,
       35.624943
      ],
      [
       -79.913762,
       35.624816
      ],
      [
       -79.913721,
       35.625135
      ],
      [
       -79.912741,
       35.626014
      ],
      [
       -79.912566,
       35.627498
      ],
      [
       -79.91202,
       35.628366
      ],
      [
       -79.912774,
       35.62891
      ],
      [
       -79.912875,
       35.629311
      ],
      [
       -79.912787,
       35.629542
      ],
      [
       -79.912303,
       35.629633
      ],
      [
       -79.912056,
       35.629856
      ],
      [
       -79.912464,
       35.630486
      ],
      [
       -79.912058,
       35.630886
      ],
      [
       -79.912187,
       35.631537
      ],
      [
       -79.911921,
       35.631916
      ],
      [
       -79.912113,
       35.632315
      ]
     ],
     "type": "LineString"
    },
    "properties": {
     "length_km": 1.91,
     "n_sites": 0,
     "name": null,
     "order": 2,
     "riverKey": null,
     "underground": 0,
     "waterway": "stream"
    },
    "type": "Feature"
   },
   {
    "geometry": {
     "coordinates": [
      [
       -79.916381,
       35.702347
      ],
      [
       -79.916219,
       35.701957
      ],
      [
       -79.914043,
       35.700494
      ]
     ],
     "type": "LineString"
    },
    "properties": {
     "length_km": 0.3,
     "n_sites": 0,
     "name": null,
     "order": 2,
     "riverKey": null,
     "underground": 0,
     "waterway": "stream"
    },
    "type": "Feature"
   },
   {
    "geometry": {
     "coordinates": [
      [
       -79.914948,
       35.787155
      ],
      [
       -79.913856,
       35.786496
      ],
      [
       -79.912709,
       35.786188
      ],
      [
       -79.912271,
       35.786193
      ],
      [
       -79.911218,
       35.786754
      ],
      [
       -79.909782,
       35.786566
      ],
      [
       -79.908656,
       35.785852
      ],
      [
       -79.908117,
       35.785027
      ],
      [
       -79.906836,
       35.783807
      ],
      [
       -79.905366,
       35.78318
      ]
     ],
     "type": "LineString"
    },
    "properties": {
     "length_km": 1.08,
     "n_sites": 0,
     "name": null,
     "order": 2,
     "riverKey": null,
     "underground": 0,
     "waterway": "stream"
    },
    "type": "Feature"
   },
   {
    "geometry": {
     "coordinates": [
      [
       -79.910909,
       35.650163
      ],
      [
       -79.910564,
       35.652317
      ],
      [
       -79.910234,
       35.653026
      ],
      [
       -79.910361,
       35.654158
      ],
      [
       -79.910914,
       35.655285
      ],
      [
       -79.912125,
       35.655835
      ],
      [
       -79.912704,
       35.657159
      ],
      [
       -79.912939,
       35.658863
      ],
      [
       -79.913256,
       35.659671
      ],
      [
       -79.9131,
       35.660319
      ],
      [
       -79.913417,
       35.660858
      ],
      [
       -79.913255,
       35.661309
      ],
      [
       -79.912932,
       35.661611
      ],
      [
       -79.912951,
       35.662248
      ],
      [
       -79.913463,
       35.663991
      ],
      [
       -79.914332,
       35.66437
      ],
      [
       -79.914519,
       35.66503
      ],
      [
       -79.915072,
       35.665096
      ],
      [
       -79.915254,
       35.665398
      ],
      [
       -79.917234,
       35.665001
      ],
      [
       -79.918009,
       35.665121
      ],
      [
       -79.918466,
       35.665415
      ],
      [
       -79.919955,
       35.665454
      ],
      [
       -79.919018,
       35.664827
      ],
      [
       -79.918804,
       35.664091
      ],
      [
       -79.918406,
       35.663761
      ],
      [
       -79.918581,
       35.663058
      ],
      [
       -79.919073,
       35.662667
      ],
      [
       -79.918824,
       35.662096
      ],
      [
       -79.919033,
       35.661716
      ],
      [
       -79.919006,
       35.661156
      ],
      [
       -79.918568,
       35.660733
      ],
      [
       -79.918622,
       35.66026
      ],
      [
       -79.918353,
       35.659392
      ],
      [
       -79.917814,
       35.658787
      ],
      [
       -79.917882,
       35.658375
      ],
      [
       -79.918199,
       35.658106
      ],
      [
       -79.917828,
       35.657303
      ],
      [
       -79.91799,
       35.65588
      ],
      [
       -79.91789,
       35.655467
      ],
      [
       -79.917587,
       35.654863
      ],
      [
       -79.916732,
       35.654159
      ],
      [
       -79.916645,
       35.653401
      ]
     ],
     "type": "LineString"
    },
    "properties": {
     "length_km": 3.87,
     "n_sites": 0,
     "name": null,
     "order": 2,
     "riverKey": null,
     "underground": 0,
     "waterway": "stream"
    },
    "type": "Feature"
   },
   {
    "geometry": {
     "coordinates": [
      [
       -79.916942,
       35.630342
      ],
      [
       -79.916606,
       35.629891
      ],
      [
       -79.916032,
       35.629855
      ],
      [
       -79.915589,
       35.630249
      ],
      [
       -79.914775,
       35.630569
      ],
      [
       -79.914453,
       35.631126
      ],
      [
       -79.914018,
       35.631401
      ]
     ],
     "type": "LineString"
    },
    "properties": {
     "length_km": 0.37,
     "n_sites": 0,
     "name": null,
     "order": 2,
     "riverKey": null,
     "underground": 0,
     "waterway": "stream"
    },
    "type": "Feature"
   },
   {
    "geometry": {
     "coordinates": [
      [
       -79.914445,
       35.670741
      ],
      [
       -79.913786,
       35.670238
      ],
      [
       -79.913666,
       35.669133
      ],
      [
       -79.913306,
       35.668497
      ]
     ],
     "type": "LineString"
    },
    "properties": {
     "length_km": 0.28,
     "n_sites": 0,
     "name": null,
     "order": 2,
     "riverKey": null,
     "underground": 0,
     "waterway": "stream"
    },
    "type": "Feature"
   },
   {
    "geometry": {
     "coordinates": [
      [
       -79.912232,
       35.698719
      ],
      [
       -79.912973,
       35.698868
      ],
      [
       -79.913249,
       35.698472
      ]
     ],
     "type": "LineString"
    },
    "properties": {
     "length_km": 0.12,
     "n_sites": 0,
     "name": null,
     "order": 2,
     "riverKey": null,
     "underground": 0,
     "waterway": "stream"
    },
    "type": "Feature"
   },
   {
    "geometry": {
     "coordinates": [
      [
       -79.912113,
       35.632315
      ],
      [
       -79.912893,
       35.632348
      ],
      [
       -79.912942,
       35.631992
      ],
      [
       -79.913326,
       35.631453
      ],
      [
       -79.914018,
       35.631401
      ]
     ],
     "type": "LineString"
    },
    "properties": {
     "length_km": 0.24,
     "n_sites": 0,
     "name": null,
     "order": 2,
     "riverKey": null,
     "underground": 0,
     "waterway": "stream"
    },
    "type": "Feature"
   },
   {
    "geometry": {
     "coordinates": [
      [
       -79.911542,
       35.723033
      ],
      [
       -79.911501,
       35.722725
      ],
      [
       -79.912149,
       35.72101
      ],
      [
       -79.912089,
       35.720367
      ],
      [
       -79.912298,
       35.719642
      ],
      [
       -79.912151,
       35.718845
      ],
      [
       -79.912339,
       35.717554
      ]
     ],
     "type": "LineString"
    },
    "properties": {
     "length_km": 0.62,
     "n_sites": 0,
     "name": null,
     "order": 2,
     "riverKey": null,
     "underground": 0,
     "waterway": "stream"
    },
    "type": "Feature"
   },
   {
    "geometry": {
     "coordinates": [
      [
       -79.909731,
       35.700257
      ],
      [
       -79.910594,
       35.700587
      ],
      [
       -79.911436,
       35.701203
      ],
      [
       -79.912029,
       35.700978
      ],
      [
       -79.912447,
       35.701099
      ]
     ],
     "type": "LineString"
    },
    "properties": {
     "length_km": 0.29,
     "n_sites": 0,
     "name": null,
     "order": 2,
     "riverKey": null,
     "underground": 0,
     "waterway": "stream"
    },
    "type": "Feature"
   },
   {
    "geometry": {
     "coordinates": [
      [
       -79.909749,
       35.740069
      ],
      [
       -79.910518,
       35.73952
      ],
      [
       -79.910694,
       35.737997
      ],
      [
       -79.910903,
       35.737602
      ],
      [
       -79.91186,
       35.737168
      ]
     ],
     "type": "LineString"
    },
    "properties": {
     "length_km": 0.41,
     "n_sites": 0,
     "name": null,
     "order": 2,
     "riverKey": null,
     "underground": 0,
     "waterway": "stream"
    },
    "type": "Feature"
   },
   {
    "geometry": {
     "coordinates": [
      [
       -79.906752,
       35.735441
      ],
      [
       -79.907271,
       35.735501
      ],
      [
       -79.907985,
       35.736007
      ],
      [
       -79.908619,
       35.736007
      ],
      [
       -79.90967,
       35.736711
      ],
      [
       -79.910229,
       35.736706
      ],
      [
       -79.91186,
       35.737168
      ]
     ],
     "type": "LineString"
    },
    "properties": {
     "length_km": 0.52,
     "n_sites": 0,
     "name": null,
     "order": 2,
     "riverKey": null,
     "underground": 0,
     "waterway": "stream"
    },
    "type": "Feature"
   },
   {
    "geometry": {
     "coordinates": [
      [
       -79.911231,
       35.633505
      ],
      [
       -79.91153,
       35.632788
      ],
      [
       -79.912113,
       35.632315
      ]
     ],
     "type": "LineString"
    },
    "properties": {
     "length_km": 0.16,
     "n_sites": 0,
     "name": null,
     "order": 2,
     "riverKey": null,
     "underground": 0,
     "waterway": "stream"
    },
    "type": "Feature"
   },
   {
    "geometry": {
     "coordinates": [
      [
       -79.909921,
       35.756554
      ],
      [
       -79.910245,
       35.754801
      ],
      [
       -79.910172,
       35.75341
      ],
      [
       -79.90997,
       35.751844
      ],
      [
       -79.909579,
       35.750728
      ],
      [
       -79.909916,
       35.750135
      ],
      [
       -79.90984,
       35.749269
      ],
      [
       -79.910285,
       35.74867
      ],
      [
       -79.909828,
       35.747142
      ],
      [
       -79.908702,
       35.746279
      ]
     ],
     "type": "LineString"
    },
    "properties": {
     "length_km": 1.22,
     "n_sites": 0,
     "name": null,
     "order": 2,
     "riverKey": null,
     "underground": 0,
     "waterway": "stream"
    },
    "type": "Feature"
   },
   {
    "geometry": {
     "coordinates": [
      [
       -79.903047,
       35.743134
      ],
      [
       -79.90385,
       35.74281
      ],
      [
       -79.905718,
       35.74075
      ],
      [
       -79.906777,
       35.740629
      ],
      [
       -79.908643,
       35.740157
      ],
      [
       -79.909749,
       35.740069
      ]
     ],
     "type": "LineString"
    },
    "properties": {
     "length_km": 0.74,
     "n_sites": 0,
     "name": null,
     "order": 2,
     "riverKey": null,
     "underground": 0,
     "waterway": "stream"
    },
    "type": "Feature"
   },
   {
    "geometry": {
     "coordinates": [
      [
       -79.908702,
       35.746279
      ],
      [
       -79.908352,
       35.745757
      ],
      [
       -79.908332,
       35.745081
      ],
      [
       -79.908487,
       35.744438
      ],
      [
       -79.908926,
       35.743696
      ],
      [
       -79.909512,
       35.743487
      ],
      [
       -79.9097,
       35.743213
      ],
      [
       -79.909593,
       35.742218
      ],
      [
       -79.909749,
       35.740069
      ]
     ],
     "type": "LineString"
    },
    "properties": {
     "length_km": 0.75,
     "n_sites": 0,
     "name": null,
     "order": 2,
     "riverKey": null,
     "underground": 0,
     "waterway": "stream"
    },
    "type": "Feature"
   },
   {
    "geometry": {
     "coordinates": [
      [
       -79.90598,
       35.697904
      ],
      [
       -79.906214,
       35.699349
      ],
      [
       -79.906571,
       35.700103
      ],
      [
       -79.906631,
       35.701389
      ],
      [
       -79.906861,
       35.701614
      ],
      [
       -79.908053,
       35.702043
      ],
      [
       -79.908713,
       35.702829
      ],
      [
       -79.908915,
       35.703351
      ],
      [
       -79.910127,
       35.703632
      ]
     ],
     "type": "LineString"
    },
    "properties": {
     "length_km": 0.82,
     "n_sites": 0,
     "name": null,
     "order": 2,
     "riverKey": null,
     "underground": 0,
     "waterway": "stream"
    },
    "type": "Feature"
   },
   {
    "geometry": {
     "coordinates": [
      [
       -79.909807,
       35.7137
      ],
      [
       -79.909989,
       35.713414
      ],
      [
       -79.909713,
       35.712771
      ],
      [
       -79.909653,
       35.710897
      ],
      [
       -79.90869,
       35.709979
      ],
      [
       -79.908697,
       35.70883
      ],
      [
       -79.908293,
       35.708017
      ],
      [
       -79.907863,
       35.706319
      ]
     ],
     "type": "LineString"
    },
    "properties": {
     "length_km": 0.87,
     "n_sites": 0,
     "name": null,
     "order": 2,
     "riverKey": null,
     "underground": 0,
     "waterway": "stream"
    },
    "type": "Feature"
   },
   {
    "geometry": {
     "coordinates": [
      [
       -79.898432,
       35.755484
      ],
      [
       -79.89912,
       35.755243
      ],
      [
       -79.900806,
       35.754089
      ],
      [
       -79.902236,
       35.753809
      ],
      [
       -79.903254,
       35.753458
      ],
      [
       -79.904515,
       35.752667
      ],
      [
       -79.905769,
       35.752541
      ],
      [
       -79.906154,
       35.752294
      ],
      [
       -79.906154,
       35.750612
      ],
      [
       -79.906356,
       35.75037
      ],
      [
       -79.906903,
       35.750161
      ],
      [
       -79.90719,
       35.749884
      ],
      [
       -79.907197,
       35.749609
      ],
      [
       -79.907474,
       35.74945
      ],
      [
       -79.907326,
       35.748549
      ],
      [
       -79.907454,
       35.74812
      ],
      [
       -79.908553,
       35.746768
      ],
      [
       -79.908702,
       35.746279
      ]
     ],
     "type": "LineString"
    },
    "properties": {
     "length_km": 1.56,
     "n_sites": 0,
     "name": null,
     "order": 2,
     "riverKey": null,
     "underground": 0,
     "waterway": "stream"
    },
    "type": "Feature"
   },
   {
    "geometry": {
     "coordinates": [
      [
       -79.901813,
       35.646918
      ],
      [
       -79.90209,
       35.646528
      ],
      [
       -79.902776,
       35.646088
      ],
      [
       -79.903673,
       35.644088
      ],
      [
       -79.903568,
       35.643254
      ],
      [
       -79.903747,
       35.642802
      ],
      [
       -79.904183,
       35.642947
      ],
      [
       -79.904346,
       35.64279
      ],
      [
       -79.904539,
       35.642832
      ],
      [
       -79.904704,
       35.642467
      ],
      [
       -79.905141,
       35.642297
      ],
      [
       -79.90587,
       35.64164
      ],
      [
       -79.905933,
       35.64116
      ],
      [
       -79.906313,
       35.640929
      ],
      [
       -79.906456,
       35.64034
      ],
      [
       -79.907329,
       35.639907
      ]
     ],
     "type": "LineString"
    },
    "properties": {
     "length_km": 1.04,
     "n_sites": 0,
     "name": null,
     "order": 2,
     "riverKey": null,
     "underground": 0,
     "waterway": "stream"
    },
    "type": "Feature"
   },
   {
    "geometry": {
     "coordinates": [
      [
       -79.905484,
       35.637948
      ],
      [
       -79.906353,
       35.637702
      ],
      [
       -79.906208,
       35.636984
      ]
     ],
     "type": "LineString"
    },
    "properties": {
     "length_km": 0.16,
     "n_sites": 0,
     "name": null,
     "order": 2,
     "riverKey": null,
     "underground": 0,
     "waterway": "stream"
    },
    "type": "Feature"
   },
   {
    "geometry": {
     "coordinates": [
      [
       -79.902222,
       35.768994
      ],
      [
       -79.902579,
       35.769258
      ],
      [
       -79.903577,
       35.769116
      ],
      [
       -79.904279,
       35.769442
      ]
     ],
     "type": "LineString"
    },
    "properties": {
     "length_km": 0.21,
     "n_sites": 0,
     "name": null,
     "order": 2,
     "riverKey": null,
     "underground": 0,
     "waterway": "stream"
    },
    "type": "Feature"
   },
   {
    "geometry": {
     "coordinates": [
      [
       -79.891591,
       35.691493
      ],
      [
       -79.893701,
       35.691091
      ],
      [
       -79.894611,
       35.691113
      ],
      [
       -79.896646,
       35.689921
      ],
      [
       -79.89784,
       35.687327
      ],
      [
       -79.899039,
       35.686377
      ],
      [
       -79.899781,
       35.686037
      ],
      [
       -79.899767,
       35.685339
      ],
      [
       -79.901284,
       35.683262
      ],
      [
       -79.902334,
       35.683921
      ],
      [
       -79.903526,
       35.684372
      ],
      [
       -79.904227,
       35.684263
      ],
      [
       -79.905116,
       35.684461
      ]
     ],
     "type": "LineString"
    },
    "properties": {
     "length_km": 1.77,
     "n_sites": 0,
     "name": null,
     "order": 2,
     "riverKey": null,
     "underground": 0,
     "waterway": "stream"
    },
    "type": "Feature"
   },
   {
    "geometry": {
     "coordinates": [
      [
       -79.89828,
       35.655754
      ],
      [
       -79.898321,
       35.656106
      ],
      [
       -79.897188,
       35.659809
      ],
      [
       -79.897489,
       35.660991
      ],
      [
       -79.898271,
       35.661294
      ],
      [
       -79.900028,
       35.662454
      ],
      [
       -79.900957,
       35.662449
      ],
      [
       -79.901846,
       35.6629
      ],
      [
       -79.902829,
       35.663169
      ],
      [
       -79.902916,
       35.66379
      ],
      [
       -79.903421,
       35.663889
      ],
      [
       -79.90369,
       35.664588
      ],
      [
       -79.903885,
       35.664654
      ],
      [
       -79.904283,
       35.66445
      ],
      [
       -79.90528,
       35.66489
      ]
     ],
     "type": "LineString"
    },
    "properties": {
     "length_km": 1.51,
     "n_sites": 0,
     "name": null,
     "order": 2,
     "riverKey": null,
     "underground": 0,
     "waterway": "stream"
    },
    "type": "Feature"
   },
   {
    "geometry": {
     "coordinates": [
      [
       -79.887923,
       35.774265
      ],
      [
       -79.888577,
       35.77409
      ],
      [
       -79.889259,
       35.773661
      ],
      [
       -79.890919,
       35.772332
      ],
      [
       -79.892348,
       35.771948
      ],
      [
       -79.89351,
       35.772085
      ],
      [
       -79.894265,
       35.772605
      ],
      [
       -79.894903,
       35.772624
      ],
      [
       -79.895383,
       35.773042
      ],
      [
       -79.896238,
       35.773074
      ],
      [
       -79.896792,
       35.772884
      ],
      [
       -79.898606,
       35.771252
      ],
      [
       -79.900799,
       35.769587
      ],
      [
       -79.901042,
       35.769593
      ],
      [
       -79.902188,
       35.770368
      ],
      [
       -79.903126,
       35.770313
      ],
      [
       -79.903779,
       35.770036
      ]
     ],
     "type": "LineString"
    },
    "properties": {
     "length_km": 1.76,
     "n_sites": 0,
     "name": null,
     "order": 2,
     "riverKey": null,
     "underground": 0,
     "waterway": "stream"
    },
    "type": "Feature"
   },
   {
    "geometry": {
     "coordinates": [
      [
       -79.903702,
       35.761658
      ],
      [
       -79.902097,
       35.761547
      ],
      [
       -79.899636,
       35.762107
      ],
      [
       -79.899332,
       35.762365
      ],
      [
       -79.898685,
       35.762508
      ],
      [
       -79.898375,
       35.762762
      ],
      [
       -79.897699,
       35.76466
      ],
      [
       -79.897861,
       35.765091
      ],
      [
       -79.897732,
       35.765937
      ],
      [
       -79.898534,
       35.766608
      ],
      [
       -79.899162,
       35.766883
      ],
      [
       -79.90053,
       35.768367
      ],
      [
       -79.901838,
       35.768758
      ]
     ],
     "type": "LineString"
    },
    "properties": {
     "length_km": 1.38,
     "n_sites": 0,
     "name": null,
     "order": 2,
     "riverKey": null,
     "underground": 0,
     "waterway": "stream"
    },
    "type": "Feature"
   },
   {
    "geometry": {
     "coordinates": [
      [
       -79.898969,
       35.703936
      ],
      [
       -79.899886,
       35.703832
      ],
      [
       -79.900904,
       35.703305
      ],
      [
       -79.902338,
       35.703904
      ],
      [
       -79.903558,
       35.704955
      ],
      [
       -79.904191,
       35.704993
      ]
     ],
     "type": "LineString"
    },
    "properties": {
     "length_km": 0.56,
     "n_sites": 0,
     "name": null,
     "order": 2,
     "riverKey": null,
     "underground": 0,
     "waterway": "stream"
    },
    "type": "Feature"
   },
   {
    "geometry": {
     "coordinates": [
      [
       -79.891575,
       35.779867
      ],
      [
       -79.894056,
       35.779357
      ],
      [
       -79.894178,
       35.779549
      ],
      [
       -79.894097,
       35.780604
      ],
      [
       -79.894285,
       35.780978
      ],
      [
       -79.895161,
       35.781561
      ],
      [
       -79.896585,
       35.781968
      ],
      [
       -79.896861,
       35.781732
      ],
      [
       -79.896842,
       35.780193
      ],
      [
       -79.897038,
       35.779748
      ],
      [
       -79.89755,
       35.779319
      ],
      [
       -79.899156,
       35.778468
      ],
      [
       -79.901146,
       35.778177
      ],
      [
       -79.901605,
       35.777936
      ],
      [
       -79.902299,
       35.777238
      ],
      [
       -79.902671,
       35.776012
      ]
     ],
     "type": "LineString"
    },
    "properties": {
     "length_km": 1.63,
     "n_sites": 0,
     "name": null,
     "order": 2,
     "riverKey": null,
     "underground": 0,
     "waterway": "stream"
    },
    "type": "Feature"
   },
   {
    "geometry": {
     "coordinates": [
      [
       -79.90256,
       35.676541
      ],
      [
       -79.903704,
       35.677321
      ],
      [
       -79.904102,
       35.677844
      ],
      [
       -79.903637,
       35.679014
      ],
      [
       -79.903582,
       35.680795
      ]
     ],
     "type": "LineString"
    },
    "properties": {
     "length_km": 0.54,
     "n_sites": 0,
     "name": null,
     "order": 2,
     "riverKey": null,
     "underground": 0,
     "waterway": "stream"
    },
    "type": "Feature"
   },
   {
    "geometry": {
     "coordinates": [
      [
       -79.892095,
       35.789644
      ],
      [
       -79.896351,
       35.789898
      ],
      [
       -79.896851,
       35.789805
      ],
      [
       -79.897369,
       35.789893
      ],
      [
       -79.898361,
       35.789657
      ],
      [
       -79.900357,
       35.790158
      ],
      [
       -79.901957,
       35.789257
      ]
     ],
     "type": "LineString"
    },
    "properties": {
     "length_km": 0.94,
     "n_sites": 0,
     "name": null,
     "order": 2,
     "riverKey": null,
     "underground": 0,
     "waterway": "stream"
    },
    "type": "Feature"
   },
   {
    "geometry": {
     "coordinates": [
      [
       -79.901249,
       35.726003
      ],
      [
       -79.901582,
       35.724556
      ],
      [
       -79.901887,
       35.724176
      ],
      [
       -79.901714,
       35.722473
      ],
      [
       -79.901029,
       35.721843
      ],
      [
       -79.900302,
       35.72149
      ],
      [
       -79.900194,
       35.720501
      ],
      [
       -79.899857,
       35.719847
      ],
      [
       -79.899163,
       35.719138
      ],
      [
       -79.897836,
       35.718247
      ],
      [
       -79.898032,
       35.717148
      ],
      [
       -79.898653,
       35.71612
      ],
      [
       -79.89872,
       35.715697
      ],
      [
       -79.898579,
       35.715488
      ],
      [
       -79.898768,
       35.714983
      ]
     ],
     "type": "LineString"
    },
    "properties": {
     "length_km": 1.4,
     "n_sites": 0,
     "name": null,
     "order": 2,
     "riverKey": null,
     "underground": 0,
     "waterway": "stream"
    },
    "type": "Feature"
   },
   {
    "geometry": {
     "coordinates": [
      [
       -79.893494,
       35.704982
      ],
      [
       -79.893919,
       35.705243
      ],
      [
       -79.894016,
       35.705512
      ],
      [
       -79.893649,
       35.706821
      ],
      [
       -79.893809,
       35.707325
      ],
      [
       -79.893674,
       35.709093
      ],
      [
       -79.893839,
       35.709337
      ],
      [
       -79.894701,
       35.709645
      ],
      [
       -79.895119,
       35.709585
      ],
      [
       -79.896791,
       35.707805
      ],
      [
       -79.89766,
       35.707541
      ],
      [
       -79.898253,
       35.707602
      ],
      [
       -79.89896,
       35.707926
      ],
      [
       -79.898906,
       35.7093
      ],
      [
       -79.899135,
       35.709746
      ],
      [
       -79.899087,
       35.710317
      ],
      [
       -79.899485,
       35.711241
      ],
      [
       -79.899848,
       35.711609
      ],
      [
       -79.900125,
       35.711664
      ],
      [
       -79.900529,
       35.710982
      ],
      [
       -79.901068,
       35.710472
      ]
     ],
     "type": "LineString"
    },
    "properties": {
     "length_km": 1.71,
     "n_sites": 0,
     "name": null,
     "order": 2,
     "riverKey": null,
     "underground": 0,
     "waterway": "stream"
    },
    "type": "Feature"
   },
   {
    "geometry": {
     "coordinates": [
      [
       -79.897654,
       35.800768
      ],
      [
       -79.897755,
       35.800498
      ],
      [
       -79.898327,
       35.800293
      ],
      [
       -79.898624,
       35.800364
      ],
      [
       -79.898991,
       35.800102
      ],
      [
       -79.898957,
       35.799512
      ]
     ],
     "type": "LineString"
    },
    "properties": {
     "length_km": 0.23,
     "n_sites": 0,
     "name": null,
     "order": 2,
     "riverKey": null,
     "underground": 0,
     "waterway": "stream"
    },
    "type": "Feature"
   },
   {
    "geometry": {
     "coordinates": [
      [
       -79.889353,
       35.805223
      ],
      [
       -79.890123,
       35.805174
      ],
      [
       -79.891277,
       35.804367
      ],
      [
       -79.892498,
       35.804153
      ],
      [
       -79.893436,
       35.803769
      ],
      [
       -79.895905,
       35.803671
      ],
      [
       -79.897261,
       35.80344
      ],
      [
       -79.89882,
       35.802638
      ]
     ],
     "type": "LineString"
    },
    "properties": {
     "length_km": 0.93,
     "n_sites": 0,
     "name": null,
     "order": 2,
     "riverKey": null,
     "underground": 0,
     "waterway": "stream"
    },
    "type": "Feature"
   },
   {
    "geometry": {
     "coordinates": [
      [
       -79.896517,
       35.808282
      ],
      [
       -79.897103,
       35.807787
      ],
      [
       -79.897631,
       35.80671
      ],
      [
       -79.898913,
       35.805743
      ],
      [
       -79.898542,
       35.804699
      ],
      [
       -79.89882,
       35.802638
      ]
     ],
     "type": "LineString"
    },
    "properties": {
     "length_km": 0.71,
     "n_sites": 0,
     "name": null,
     "order": 2,
     "riverKey": null,
     "underground": 0,
     "waterway": "stream"
    },
    "type": "Feature"
   },
   {
    "geometry": {
     "coordinates": [
      [
       -79.89882,
       35.802638
      ],
      [
       -79.898605,
       35.801435
      ],
      [
       -79.897654,
       35.800768
      ]
     ],
     "type": "LineString"
    },
    "properties": {
     "length_km": 0.25,
     "n_sites": 0,
     "name": null,
     "order": 2,
     "riverKey": null,
     "underground": 0,
     "waterway": "stream"
    },
    "type": "Feature"
   },
   {
    "geometry": {
     "coordinates": [
      [
       -79.887079,
       35.75398
      ],
      [
       -79.887125,
       35.75548
      ],
      [
       -79.887966,
       35.758954
      ],
      [
       -79.888336,
       35.759537
      ],
      [
       -79.889375,
       35.760427
      ],
      [
       -79.889563,
       35.760906
      ],
      [
       -79.890162,
       35.761549
      ],
      [
       -79.890971,
       35.761879
      ],
      [
       -79.891484,
       35.761731
      ],
      [
       -79.892928,
       35.760896
      ],
      [
       -79.89379,
       35.761017
      ],
      [
       -79.893959,
       35.760775
      ],
      [
       -79.894795,
       35.760446
      ],
      [
       -79.89526,
       35.76121
      ],
      [
       -79.896528,
       35.76159
      ],
      [
       -79.897742,
       35.761183
      ],
      [
       -79.898065,
       35.761365
      ],
      [
       -79.898348,
       35.761832
      ]
     ],
     "type": "LineString"
    },
    "properties": {
     "length_km": 1.83,
     "n_sites": 0,
     "name": null,
     "order": 2,
     "riverKey": null,
     "underground": 0,
     "waterway": "stream"
    },
    "type": "Feature"
   },
   {
    "geometry": {
     "coordinates": [
      [
       -79.887553,
       35.800511
      ],
      [
       -79.887874,
       35.80042
      ],
      [
       -79.888199,
       35.799819
      ],
      [
       -79.889013,
       35.800005
      ],
      [
       -79.890054,
       35.799557
      ],
      [
       -79.890165,
       35.799277
      ],
      [
       -79.890602,
       35.799279
      ],
      [
       -79.891255,
       35.798903
      ],
      [
       -79.892063,
       35.799329
      ],
      [
       -79.89249,
       35.799257
      ],
      [
       -79.892829,
       35.799372
      ],
      [
       -79.89302,
       35.799575
      ],
      [
       -79.89399,
       35.798912
      ],
      [
       -79.894261,
       35.799322
      ],
      [
       -79.894609,
       35.799291
      ],
      [
       -79.894906,
       35.799031
      ],
      [
       -79.894941,
       35.79921
      ],
      [
       -79.896029,
       35.799503
      ],
      [
       -79.896859,
       35.800022
      ],
      [
       -79.897168,
       35.800566
      ],
      [
       -79.897654,
       35.800768
      ]
     ],
     "type": "LineString"
    },
    "properties": {
     "length_km": 1.19,
     "n_sites": 0,
     "name": null,
     "order": 2,
     "riverKey": null,
     "underground": 0,
     "waterway": "stream"
    },
    "type": "Feature"
   },
   {
    "geometry": {
     "coordinates": [
      [
       -79.890195,
       35.794438
      ],
      [
       -79.891964,
       35.794057
      ],
      [
       -79.893071,
       35.794327
      ],
      [
       -79.894021,
       35.794195
      ],
      [
       -79.894993,
       35.794261
      ],
      [
       -79.895964,
       35.794031
      ],
      [
       -79.896591,
       35.794361
      ],
      [
       -79.897133,
       35.795055
      ]
     ],
     "type": "LineString"
    },
    "properties": {
     "length_km": 0.7,
     "n_sites": 0,
     "name": null,
     "order": 2,
     "riverKey": null,
     "underground": 0,
     "waterway": "stream"
    },
    "type": "Feature"
   },
   {
    "geometry": {
     "coordinates": [
      [
       -79.895982,
       35.647219
      ],
      [
       -79.896722,
       35.646755
      ],
      [
       -79.897102,
       35.646229
      ],
      [
       -79.897531,
       35.645949
      ],
      [
       -79.898245,
       35.644861
      ],
      [
       -79.898448,
       35.643504
      ],
      [
       -79.898775,
       35.642676
      ]
     ],
     "type": "LineString"
    },
    "properties": {
     "length_km": 0.59,
     "n_sites": 0,
     "name": null,
     "order": 2,
     "riverKey": null,
     "underground": 0,
     "waterway": "stream"
    },
    "type": "Feature"
   },
   {
    "geometry": {
     "coordinates": [
      [
       -79.897092,
       35.737009
      ],
      [
       -79.897362,
       35.736328
      ],
      [
       -79.897456,
       35.734482
      ],
      [
       -79.897707,
       35.733361
      ],
      [
       -79.897558,
       35.732773
      ],
      [
       -79.896778,
       35.731404
      ],
      [
       -79.895693,
       35.730211
      ],
      [
       -79.895768,
       35.729579
      ],
      [
       -79.895526,
       35.728892
      ],
      [
       -79.895903,
       35.728359
      ],
      [
       -79.896235,
       35.726353
      ],
      [
       -79.895824,
       35.725946
      ]
     ],
     "type": "LineString"
    },
    "properties": {
     "length_km": 1.31,
     "n_sites": 0,
     "name": null,
     "order": 2,
     "riverKey": null,
     "underground": 0,
     "waterway": "stream"
    },
    "type": "Feature"
   },
   {
    "geometry": {
     "coordinates": [
      [
       -79.889345,
       35.712337
      ],
      [
       -79.889713,
       35.712182
      ],
      [
       -79.890205,
       35.71238
      ],
      [
       -79.890824,
       35.712315
      ],
      [
       -79.891498,
       35.712518
      ],
      [
       -79.892644,
       35.711985
      ],
      [
       -79.892981,
       35.71203
      ],
      [
       -79.893534,
       35.712272
      ],
      [
       -79.893984,
       35.712904
      ],
      [
       -79.89511,
       35.712651
      ],
      [
       -79.895581,
       35.713333
      ],
      [
       -79.896606,
       35.713119
      ],
      [
       -79.897097,
       35.713301
      ],
      [
       -79.897434,
       35.713674
      ],
      [
       -79.897285,
       35.714499
      ]
     ],
     "type": "LineString"
    },
    "properties": {
     "length_km": 0.98,
     "n_sites": 0,
     "name": null,
     "order": 2,
     "riverKey": null,
     "underground": 0,
     "waterway": "stream"
    },
    "type": "Feature"
   },
   {
    "geometry": {
     "coordinates": [
      [
       -79.896796,
       35.747567
      ],
      [
       -79.896533,
       35.746957
      ],
      [
       -79.895111,
       35.746637
      ]
     ],
     "type": "LineString"
    },
    "properties": {
     "length_km": 0.21,
     "n_sites": 0,
     "name": null,
     "order": 2,
     "riverKey": null,
     "underground": 0,
     "waterway": "stream"
    },
    "type": "Feature"
   },
   {
    "geometry": {
     "coordinates": [
      [
       -79.896842,
       35.724402
      ],
      [
       -79.896849,
       35.725051
      ],
      [
       -79.896666,
       35.725331
      ],
      [
       -79.895824,
       35.725946
      ]
     ],
     "type": "LineString"
    },
    "properties": {
     "length_km": 0.21,
     "n_sites": 0,
     "name": null,
     "order": 2,
     "riverKey": null,
     "underground": 0,
     "waterway": "stream"
    },
    "type": "Feature"
   },
   {
    "geometry": {
     "coordinates": [
      [
       -79.895824,
       35.725946
      ],
      [
       -79.894779,
       35.725248
      ],
      [
       -79.893506,
       35.723846
      ],
      [
       -79.893399,
       35.72351
      ],
      [
       -79.893756,
       35.722923
      ],
      [
       -79.894593,
       35.722181
      ],
      [
       -79.8952,
       35.721236
      ]
     ],
     "type": "LineString"
    },
    "properties": {
     "length_km": 0.66,
     "n_sites": 0,
     "name": null,
     "order": 2,
     "riverKey": null,
     "underground": 0,
     "waterway": "stream"
    },
    "type": "Feature"
   },
   {
    "geometry": {
     "coordinates": [
      [
       -79.894816,
       35.672828
      ],
      [
       -79.895456,
       35.67268
      ],
      [
       -79.895949,
       35.671922
      ],
      [
       -79.896177,
       35.671812
      ]
     ],
     "type": "LineString"
    },
    "properties": {
     "length_km": 0.18,
     "n_sites": 0,
     "name": null,
     "order": 2,
     "riverKey": null,
     "underground": 0,
     "waterway": "stream"
    },
    "type": "Feature"
   },
   {
    "geometry": {
     "coordinates": [
      [
       -79.894975,
       35.748407
      ],
      [
       -79.895184,
       35.74733
      ],
      [
       -79.895111,
       35.746637
      ]
     ],
     "type": "LineString"
    },
    "properties": {
     "length_km": 0.2,
     "n_sites": 0,
     "name": null,
     "order": 2,
     "riverKey": null,
     "underground": 0,
     "waterway": "stream"
    },
    "type": "Feature"
   },
   {
    "geometry": {
     "coordinates": [
      [
       -79.895111,
       35.746637
      ],
      [
       -79.894639,
       35.746401
      ],
      [
       -79.89356,
       35.746269
      ],
      [
       -79.893189,
       35.745906
      ],
      [
       -79.893744,
       35.743779
      ],
      [
       -79.893785,
       35.742581
      ],
      [
       -79.893563,
       35.742213
      ],
      [
       -79.892768,
       35.741657
      ],
      [
       -79.892357,
       35.740454
      ],
      [
       -79.89167,
       35.739849
      ],
      [
       -79.890991,
       35.737425
      ],
      [
       -79.891146,
       35.736469
      ]
     ],
     "type": "LineString"
    },
    "properties": {
     "length_km": 1.33,
     "n_sites": 0,
     "name": null,
     "order": 2,
     "riverKey": null,
     "underground": 0,
     "waterway": "stream"
    },
    "type": "Feature"
   },
   {
    "geometry": {
     "coordinates": [
      [
       -79.895368,
       35.702526
      ],
      [
       -79.895425,
       35.70327
      ],
      [
       -79.895284,
       35.703473
      ],
      [
       -79.89401,
       35.704567
      ],
      [
       -79.893471,
       35.704737
      ],
      [
       -79.893485,
       35.70497
      ],
      [
       -79.892952,
       35.704709
      ],
      [
       -79.892447,
       35.703956
      ],
      [
       -79.89182,
       35.703769
      ],
      [
       -79.89116,
       35.704406
      ],
      [
       -79.890796,
       35.70451
      ],
      [
       -79.890526,
       35.704994
      ],
      [
       -79.890297,
       35.705016
      ],
      [
       -79.889085,
       35.704235
      ],
      [
       -79.889192,
       35.703916
      ],
      [
       -79.889522,
       35.703834
      ],
      [
       -79.889388,
       35.703576
      ]
     ],
     "type": "LineString"
    },
    "properties": {
     "length_km": 1.01,
     "n_sites": 0,
     "name": null,
     "order": 2,
     "riverKey": null,
     "underground": 0,
     "waterway": "stream"
    },
    "type": "Feature"
   },
   {
    "geometry": {
     "coordinates": [
      [
       -79.894588,
       35.618325
      ],
      [
       -79.894056,
       35.619292
      ],
      [
       -79.894143,
       35.620441
      ],
      [
       -79.894695,
       35.62059
      ],
      [
       -79.895267,
       35.621178
      ],
      [
       -79.894882,
       35.622508
      ],
      [
       -79.895111,
       35.622947
      ],
      [
       -79.894464,
       35.624079
      ],
      [
       -79.894558,
       35.624519
      ]
     ],
     "type": "LineString"
    },
    "properties": {
     "length_km": 0.77,
     "n_sites": 0,
     "name": null,
     "order": 2,
     "riverKey": null,
     "underground": 0,
     "waterway": "stream"
    },
    "type": "Feature"
   },
   {
    "geometry": {
     "coordinates": [
      [
       -79.877409,
       35.636793
      ],
      [
       -79.879594,
       35.638105
      ],
      [
       -79.880327,
       35.638924
      ],
      [
       -79.881464,
       35.6391
      ],
      [
       -79.881895,
       35.639326
      ],
      [
       -79.881989,
       35.639661
      ],
      [
       -79.882386,
       35.639568
      ],
      [
       -79.882427,
       35.639744
      ],
      [
       -79.883497,
       35.640272
      ],
      [
       -79.88386,
       35.640255
      ],
      [
       -79.885255,
       35.639366
      ],
      [
       -79.88586,
       35.63936
      ],
      [
       -79.886116,
       35.639471
      ],
      [
       -79.886964,
       35.640449
      ],
      [
       -79.887866,
       35.640339
      ],
      [
       -79.88967,
       35.640478
      ],
      [
       -79.890741,
       35.640808
      ],
      [
       -79.891373,
       35.641308
      ],
      [
       -79.892149,
       35.640957
      ],
      [
       -79.893434,
       35.639726
      ],
      [
       -79.894161,
       35.639908
      ]
     ],
     "type": "LineString"
    },
    "properties": {
     "length_km": 1.88,
     "n_sites": 0,
     "name": null,
     "order": 2,
     "riverKey": null,
     "underground": 0,
     "waterway": "stream"
    },
    "type": "Feature"
   },
   {
    "geometry": {
     "coordinates": [
      [
       -79.891395,
       35.672745
      ],
      [
       -79.892284,
       35.672371
      ],
      [
       -79.893201,
       35.671311
      ],
      [
       -79.893457,
       35.671206
      ]
     ],
     "type": "LineString"
    },
    "properties": {
     "length_km": 0.26,
     "n_sites": 0,
     "name": null,
     "order": 2,
     "riverKey": null,
     "underground": 0,
     "waterway": "stream"
    },
    "type": "Feature"
   },
   {
    "geometry": {
     "coordinates": [
      [
       -79.884254,
       35.783738
      ],
      [
       -79.88451,
       35.783607
      ],
      [
       -79.884559,
       35.782898
      ],
      [
       -79.885233,
       35.782128
      ],
      [
       -79.886597,
       35.782443
      ],
      [
       -79.887283,
       35.782446
      ],
      [
       -79.887911,
       35.782064
      ],
      [
       -79.888649,
       35.782102
      ],
      [
       -79.889443,
       35.781207
      ],
      [
       -79.88976,
       35.780548
      ],
      [
       -79.890144,
       35.780267
      ],
      [
       -79.891575,
       35.779867
      ]
     ],
     "type": "LineString"
    },
    "properties": {
     "length_km": 0.92,
     "n_sites": 0,
     "name": null,
     "order": 2,
     "riverKey": null,
     "underground": 0,
     "waterway": "stream"
    },
    "type": "Feature"
   },
   {
    "geometry": {
     "coordinates": [
      [
       -79.891084,
       35.787638
      ],
      [
       -79.89037,
       35.785912
      ],
      [
       -79.8911,
       35.78423
      ],
      [
       -79.890709,
       35.783433
      ],
      [
       -79.890569,
       35.781636
      ],
      [
       -79.891575,
       35.779867
      ]
     ],
     "type": "LineString"
    },
    "properties": {
     "length_km": 0.91,
     "n_sites": 0,
     "name": null,
     "order": 2,
     "riverKey": null,
     "underground": 0,
     "waterway": "stream"
    },
    "type": "Feature"
   },
   {
    "geometry": {
     "coordinates": [
      [
       -79.883381,
       35.718587
      ],
      [
       -79.884648,
       35.718022
      ],
      [
       -79.885288,
       35.717956
      ],
      [
       -79.885922,
       35.7181
      ],
      [
       -79.88675,
       35.718748
      ],
      [
       -79.88712,
       35.719963
      ],
      [
       -79.888582,
       35.720783
      ],
      [
       -79.889134,
       35.721855
      ],
      [
       -79.890003,
       35.72219
      ],
      [
       -79.891559,
       35.722169
      ]
     ],
     "type": "LineString"
    },
    "properties": {
     "length_km": 1.01,
     "n_sites": 0,
     "name": null,
     "order": 2,
     "riverKey": null,
     "underground": 0,
     "waterway": "stream"
    },
    "type": "Feature"
   },
   {
    "geometry": {
     "coordinates": [
      [
       -79.891207,
       35.736062
      ],
      [
       -79.891005,
       35.735584
      ],
      [
       -79.890318,
       35.735457
      ],
      [
       -79.889456,
       35.73411
      ],
      [
       -79.889227,
       35.733984
      ],
      [
       -79.889133,
       35.733698
      ],
      [
       -79.889383,
       35.733044
      ],
      [
       -79.889208,
       35.732555
      ],
      [
       -79.888743,
       35.731857
      ],
      [
       -79.888245,
       35.731659
      ],
      [
       -79.888319,
       35.731455
      ],
      [
       -79.888939,
       35.731225
      ],
      [
       -79.88933,
       35.730434
      ],
      [
       -79.889081,
       35.729466
      ],
      [
       -79.889136,
       35.728829
      ],
      [
       -79.888792,
       35.727878
      ],
      [
       -79.888606,
       35.725388
      ],
      [
       -79.888579,
       35.724437
      ],
      [
       -79.888883,
       35.723443
      ]
     ],
     "type": "LineString"
    },
    "properties": {
     "length_km": 1.58,
     "n_sites": 0,
     "name": null,
     "order": 2,
     "riverKey": null,
     "underground": 0,
     "waterway": "stream"
    },
    "type": "Feature"
   },
   {
    "geometry": {
     "coordinates": [
      [
       -79.88456,
       35.679716
      ],
      [
       -79.884836,
       35.679941
      ],
      [
       -79.884809,
       35.680227
      ],
      [
       -79.885402,
       35.6807
      ],
      [
       -79.885428,
       35.681612
      ],
      [
       -79.88633,
       35.682283
      ],
      [
       -79.886222,
       35.682734
      ],
      [
       -79.886538,
       35.683047
      ],
      [
       -79.886673,
       35.683531
      ],
      [
       -79.887137,
       35.683768
      ],
      [
       -79.887346,
       35.684235
      ],
      [
       -79.888485,
       35.684345
      ],
      [
       -79.889468,
       35.684164
      ],
      [
       -79.889839,
       35.683862
      ],
      [
       -79.891415,
       35.683659
      ]
     ],
     "type": "LineString"
    },
    "properties": {
     "length_km": 1.0,
     "n_sites": 0,
     "name": null,
     "order": 2,
     "riverKey": null,
     "underground": 0,
     "waterway": "stream"
    },
    "type": "Feature"
   },
   {
    "geometry": {
     "coordinates": [
      [
       -79.884253,
       35.623767
      ],
      [
       -79.885786,
       35.625043
      ],
      [
       -79.886045,
       35.625522
      ],
      [
       -79.887027,
       35.625863
      ],
      [
       -79.886858,
       35.626803
      ],
      [
       -79.886993,
       35.627116
      ],
      [
       -79.886743,
       35.627836
      ],
      [
       -79.886749,
       35.629419
      ],
      [
       -79.886957,
       35.629935
      ],
      [
       -79.887967,
       35.630744
      ],
      [
       -79.888754,
       35.630821
      ],
      [
       -79.889205,
       35.631415
      ],
      [
       -79.890618,
       35.631514
      ],
      [
       -79.890874,
       35.631932
      ],
      [
       -79.891405,
       35.631817
      ]
     ],
     "type": "LineString"
    },
    "properties": {
     "length_km": 1.32,
     "n_sites": 0,
     "name": null,
     "order": 2,
     "riverKey": null,
     "underground": 0,
     "waterway": "stream"
    },
    "type": "Feature"
   },
   {
    "geometry": {
     "coordinates": [
      [
       -79.890587,
       35.649112
      ],
      [
       -79.891362,
       35.649442
      ],
      [
       -79.892014,
       35.649953
      ],
      [
       -79.892748,
       35.651026
      ],
      [
       -79.89299,
       35.651778
      ],
      [
       -79.892788,
       35.652174
      ],
      [
       -79.892013,
       35.652723
      ],
      [
       -79.891602,
       35.653234
      ],
      [
       -79.891102,
       35.654223
      ],
      [
       -79.891224,
       35.655262
      ],
      [
       -79.890482,
       35.655745
      ],
      [
       -79.890482,
       35.656152
      ],
      [
       -79.88999,
       35.657295
      ],
      [
       -79.888602,
       35.65863
      ],
      [
       -79.887948,
       35.659669
      ],
      [
       -79.88786,
       35.660202
      ],
      [
       -79.887388,
       35.661114
      ],
      [
       -79.887286,
       35.662136
      ],
      [
       -79.888033,
       35.663263
      ],
      [
       -79.887918,
       35.664038
      ],
      [
       -79.88859,
       35.66567
      ],
      [
       -79.888327,
       35.666615
      ],
      [
       -79.88865,
       35.667105
      ],
      [
       -79.888319,
       35.668621
      ],
      [
       -79.888635,
       35.669408
      ],
      [
       -79.88906,
       35.669864
      ]
     ],
     "type": "LineString"
    },
    "properties": {
     "length_km": 2.61,
     "n_sites": 0,
     "name": null,
     "order": 2,
     "riverKey": null,
     "underground": 0,
     "waterway": "stream"
    },
    "type": "Feature"
   },
   {
    "geometry": {
     "coordinates": [
      [
       -79.889165,
       35.74597
      ],
      [
       -79.887972,
       35.745678
      ],
      [
       -79.886766,
       35.745156
      ],
      [
       -79.886328,
       35.74443
      ],
      [
       -79.885836,
       35.74426
      ]
     ],
     "type": "LineString"
    },
    "properties": {
     "length_km": 0.37,
     "n_sites": 0,
     "name": null,
     "order": 2,
     "riverKey": null,
     "underground": 0,
     "waterway": "stream"
    },
    "type": "Feature"
   },
   {
    "geometry": {
     "coordinates": [
      [
       -79.879091,
       35.696701
      ],
      [
       -79.88052,
       35.6963
      ],
      [
       -79.881221,
       35.696345
      ],
      [
       -79.881806,
       35.696658
      ],
      [
       -79.882211,
       35.69723
      ],
      [
       -79.882601,
       35.697318
      ],
      [
       -79.882634,
       35.69772
      ],
      [
       -79.883119,
       35.698099
      ],
      [
       -79.8839,
       35.698297
      ],
      [
       -79.88516,
       35.698314
      ],
      [
       -79.885531,
       35.699326
      ],
      [
       -79.886008,
       35.700002
      ],
      [
       -79.887665,
       35.700365
      ],
      [
       -79.888157,
       35.700794
      ],
      [
       -79.888688,
       35.701712
      ],
      [
       -79.889388,
       35.703576
      ]
     ],
     "type": "LineString"
    },
    "properties": {
     "length_km": 1.42,
     "n_sites": 0,
     "name": null,
     "order": 2,
     "riverKey": null,
     "underground": 0,
     "waterway": "stream"
    },
    "type": "Feature"
   },
   {
    "geometry": {
     "coordinates": [
      [
       -79.875056,
       35.711631
      ],
      [
       -79.875306,
       35.712016
      ],
      [
       -79.876936,
       35.712346
      ],
      [
       -79.877941,
       35.711847
      ],
      [
       -79.878837,
       35.711996
      ],
      [
       -79.879464,
       35.711804
      ],
      [
       -79.881216,
       35.71186
      ],
      [
       -79.881857,
       35.710909
      ],
      [
       -79.88274,
       35.710404
      ],
      [
       -79.883617,
       35.709201
      ],
      [
       -79.884931,
       35.708443
      ],
      [
       -79.885923,
       35.707498
      ],
      [
       -79.886451,
       35.706507
      ],
      [
       -79.886389,
       35.704937
      ],
      [
       -79.887152,
       35.703674
      ],
      [
       -79.887353,
       35.703624
      ],
      [
       -79.887596,
       35.703822
      ],
      [
       -79.887959,
       35.703526
      ],
      [
       -79.889388,
       35.703576
      ]
     ],
     "type": "LineString"
    },
    "properties": {
     "length_km": 1.94,
     "n_sites": 0,
     "name": null,
     "order": 2,
     "riverKey": null,
     "underground": 0,
     "waterway": "stream"
    },
    "type": "Feature"
   },
   {
    "geometry": {
     "coordinates": [
      [
       -79.877343,
       35.807114
      ],
      [
       -79.877384,
       35.806652
      ],
      [
       -79.87783,
       35.806257
      ],
      [
       -79.878922,
       35.805851
      ],
      [
       -79.879409,
       35.80584
      ],
      [
       -79.881669,
       35.804709
      ],
      [
       -79.883005,
       35.804457
      ],
      [
       -79.883795,
       35.804584
      ],
      [
       -79.884807,
       35.804528
      ],
      [
       -79.884908,
       35.804337
      ],
      [
       -79.88474,
       35.80376
      ],
      [
       -79.884829,
       35.803391
      ],
      [
       -79.885199,
       35.803161
      ],
      [
       -79.885225,
       35.802684
      ],
      [
       -79.886025,
       35.802476
      ],
      [
       -79.886733,
       35.802034
      ],
      [
       -79.886643,
       35.801626
      ],
      [
       -79.887217,
       35.800698
      ],
      [
       -79.887553,
       35.800511
      ]
     ],
     "type": "LineString"
    },
    "properties": {
     "length_km": 1.37,
     "n_sites": 0,
     "name": null,
     "order": 2,
     "riverKey": null,
     "underground": 0,
     "waterway": "stream"
    },
    "type": "Feature"
   },
   {
    "geometry": {
     "coordinates": [
      [
       -79.886591,
       35.799336
      ],
      [
       -79.886985,
       35.799895
      ],
      [
       -79.887576,
       35.800321
      ],
      [
       -79.887553,
       35.800511
      ]
     ],
     "type": "LineString"
    },
    "properties": {
     "length_km": 0.16,
     "n_sites": 0,
     "name": null,
     "order": 2,
     "riverKey": null,
     "underground": 0,
     "waterway": "stream"
    },
    "type": "Feature"
   },
   {
    "geometry": {
     "coordinates": [
      [
       -79.886558,
       35.722804
      ],
      [
       -79.886559,
       35.722584
      ],
      [
       -79.886889,
       35.722507
      ],
      [
       -79.888317,
       35.723542
      ]
     ],
     "type": "LineString"
    },
    "properties": {
     "length_km": 0.23,
     "n_sites": 0,
     "name": null,
     "order": 2,
     "riverKey": null,
     "underground": 0,
     "waterway": "stream"
    },
    "type": "Feature"
   },
   {
    "geometry": {
     "coordinates": [
      [
       -79.886226,
       35.790548
      ],
      [
       -79.885589,
       35.789925
      ],
      [
       -79.885222,
       35.788564
      ],
      [
       -79.88527,
       35.787894
      ],
      [
       -79.885067,
       35.787558
      ],
      [
       -79.885224,
       35.787047
      ],
      [
       -79.884583,
       35.786475
      ],
      [
       -79.884314,
       35.785964
      ],
      [
       -79.884254,
       35.783738
      ]
     ],
     "type": "LineString"
    },
    "properties": {
     "length_km": 0.81,
     "n_sites": 0,
     "name": null,
     "order": 2,
     "riverKey": null,
     "underground": 0,
     "waterway": "stream"
    },
    "type": "Feature"
   },
   {
    "geometry": {
     "coordinates": [
      [
       -79.881068,
       35.675334
      ],
      [
       -79.881627,
       35.67501
      ],
      [
       -79.882051,
       35.67495
      ],
      [
       -79.882569,
       35.675148
      ],
      [
       -79.883196,
       35.675659
      ],
      [
       -79.884247,
       35.675633
      ],
      [
       -79.885089,
       35.675072
      ],
      [
       -79.886518,
       35.673397
      ],
      [
       -79.886566,
       35.672352
      ],
      [
       -79.886997,
       35.671451
      ],
      [
       -79.887287,
       35.671352
      ]
     ],
     "type": "LineString"
    },
    "properties": {
     "length_km": 0.9,
     "n_sites": 0,
     "name": null,
     "order": 2,
     "riverKey": null,
     "underground": 0,
     "waterway": "stream"
    },
    "type": "Feature"
   },
   {
    "geometry": {
     "coordinates": [
      [
       -79.884789,
       35.747568
      ],
      [
       -79.886118,
       35.746051
      ],
      [
       -79.886186,
       35.7451
      ],
      [
       -79.885836,
       35.74426
      ]
     ],
     "type": "LineString"
    },
    "properties": {
     "length_km": 0.41,
     "n_sites": 0,
     "name": null,
     "order": 2,
     "riverKey": null,
     "underground": 0,
     "waterway": "stream"
    },
    "type": "Feature"
   },
   {
    "geometry": {
     "coordinates": [
      [
       -79.885836,
       35.74426
      ],
      [
       -79.885122,
       35.743721
      ],
      [
       -79.883902,
       35.743484
      ],
      [
       -79.88374,
       35.742984
      ],
      [
       -79.883484,
       35.742851
      ],
      [
       -79.882884,
       35.743159
      ],
      [
       -79.881057,
       35.743114
      ],
      [
       -79.880754,
       35.742575
      ],
      [
       -79.880175,
       35.742201
      ],
      [
       -79.879777,
       35.741608
      ],
      [
       -79.878908,
       35.741003
      ],
      [
       -79.878456,
       35.741156
      ]
     ],
     "type": "LineString"
    },
    "properties": {
     "length_km": 0.87,
     "n_sites": 0,
     "name": null,
     "order": 2,
     "riverKey": null,
     "underground": 0,
     "waterway": "stream"
    },
    "type": "Feature"
   },
   {
    "geometry": {
     "coordinates": [
      [
       -79.880347,
       35.783568
      ],
      [
       -79.880818,
       35.783435
      ],
      [
       -79.881301,
       35.783703
      ],
      [
       -79.881575,
       35.783547
      ],
      [
       -79.881934,
       35.783593
      ],
      [
       -79.88237,
       35.783772
      ],
      [
       -79.882507,
       35.784128
      ],
      [
       -79.882878,
       35.784199
      ],
      [
       -79.884254,
       35.783738
      ]
     ],
     "type": "LineString"
    },
    "properties": {
     "length_km": 0.42,
     "n_sites": 0,
     "name": null,
     "order": 2,
     "riverKey": null,
     "underground": 0,
     "waterway": "stream"
    },
    "type": "Feature"
   },
   {
    "geometry": {
     "coordinates": [
      [
       -79.884807,
       35.644224
      ],
      [
       -79.884806,
       35.64507
      ],
      [
       -79.88461,
       35.64562
      ],
      [
       -79.884758,
       35.646125
      ],
      [
       -79.88403,
       35.647565
      ],
      [
       -79.884117,
       35.64806
      ],
      [
       -79.883791,
       35.651852
      ],
      [
       -79.883387,
       35.653291
      ],
      [
       -79.88342,
       35.654242
      ],
      [
       -79.883177,
       35.654517
      ],
      [
       -79.882993,
       35.656907
      ],
      [
       -79.882717,
       35.657419
      ],
      [
       -79.88236,
       35.657583
      ],
      [
       -79.882676,
       35.658017
      ],
      [
       -79.881921,
       35.659424
      ],
      [
       -79.881679,
       35.65966
      ],
      [
       -79.881086,
       35.659786
      ],
      [
       -79.880345,
       35.660479
      ],
      [
       -79.880156,
       35.660935
      ],
      [
       -79.88027,
       35.66133
      ],
      [
       -79.879973,
       35.661622
      ],
      [
       -79.879879,
       35.662248
      ],
      [
       -79.879541,
       35.662891
      ],
      [
       -79.879722,
       35.663556
      ]
     ],
     "type": "LineString"
    },
    "properties": {
     "length_km": 2.32,
     "n_sites": 0,
     "name": null,
     "order": 2,
     "riverKey": null,
     "underground": 0,
     "waterway": "stream"
    },
    "type": "Feature"
   },
   {
    "geometry": {
     "coordinates": [
      [
       -79.882756,
       35.68692
      ],
      [
       -79.883254,
       35.689113
      ]
     ],
     "type": "LineString"
    },
    "properties": {
     "length_km": 0.25,
     "n_sites": 0,
     "name": null,
     "order": 2,
     "riverKey": null,
     "underground": 0,
     "waterway": "stream"
    },
    "type": "Feature"
   },
   {
    "geometry": {
     "coordinates": [
      [
       -79.881977,
       35.770993
      ],
      [
       -79.881067,
       35.770278
      ],
      [
       -79.880199,
       35.76809
      ],
      [
       -79.879525,
       35.767342
      ],
      [
       -79.878069,
       35.766303
      ],
      [
       -79.876107,
       35.765719
      ],
      [
       -79.875805,
       35.765285
      ],
      [
       -79.875812,
       35.764537
      ],
      [
       -79.875441,
       35.764103
      ],
      [
       -79.875131,
       35.763938
      ],
      [
       -79.87478,
       35.764235
      ],
      [
       -79.874555,
       35.764169
      ]
     ],
     "type": "LineString"
    },
    "properties": {
     "length_km": 1.13,
     "n_sites": 0,
     "name": null,
     "order": 2,
     "riverKey": null,
     "underground": 0,
     "waterway": "stream"
    },
    "type": "Feature"
   },
   {
    "geometry": {
     "coordinates": [
      [
       -79.882704,
       35.685348
      ],
      [
       -79.882596,
       35.68592
      ],
      [
       -79.882756,
       35.68692
      ]
     ],
     "type": "LineString"
    },
    "properties": {
     "length_km": 0.18,
     "n_sites": 0,
     "name": null,
     "order": 2,
     "riverKey": null,
     "underground": 0,
     "waterway": "stream"
    },
    "type": "Feature"
   },
   {
    "geometry": {
     "coordinates": [
      [
       -79.868678,
       35.683173
      ],
      [
       -79.86909,
       35.683596
      ],
      [
       -79.86942,
       35.68475
      ],
      [
       -79.870283,
       35.685134
      ],
      [
       -79.871866,
       35.684584
      ],
      [
       -79.872816,
       35.684732
      ],
      [
       -79.873967,
       35.684401
      ],
      [
       -79.874372,
       35.68412
      ],
      [
       -79.874991,
       35.684115
      ],
      [
       -79.875999,
       35.684361
      ],
      [
       -79.876312,
       35.68418
      ],
      [
       -79.877309,
       35.68412
      ],
      [
       -79.878374,
       35.683824
      ],
      [
       -79.879674,
       35.683814
      ],
      [
       -79.879963,
       35.684248
      ],
      [
       -79.880441,
       35.684347
      ],
      [
       -79.880845,
       35.684672
      ],
      [
       -79.880649,
       35.685194
      ],
      [
       -79.88098,
       35.68554
      ],
      [
       -79.880905,
       35.685892
      ],
      [
       -79.882756,
       35.68692
      ]
     ],
     "type": "LineString"
    },
    "properties": {
     "length_km": 1.68,
     "n_sites": 0,
     "name": null,
     "order": 2,
     "riverKey": null,
     "underground": 0,
     "waterway": "stream"
    },
    "type": "Feature"
   },
   {
    "geometry": {
     "coordinates": [
      [
       -79.88102,
       35.761094
      ],
      [
       -79.880372,
       35.761671
      ],
      [
       -79.879758,
       35.761693
      ],
      [
       -79.879159,
       35.76144
      ],
      [
       -79.877999,
       35.760257
      ],
      [
       -79.877994,
       35.759043
      ],
      [
       -79.875898,
       35.756755
      ],
      [
       -79.874759,
       35.756266
      ],
      [
       -79.87326,
       35.756279
      ],
      [
       -79.871345,
       35.755874
      ],
      [
       -79.871035,
       35.755478
      ],
      [
       -79.870993,
       35.754154
      ],
      [
       -79.86957,
       35.753693
      ],
      [
       -79.869415,
       35.753154
      ],
      [
       -79.868794,
       35.752737
      ]
     ],
     "type": "LineString"
    },
    "properties": {
     "length_km": 1.73,
     "n_sites": 0,
     "name": null,
     "order": 2,
     "riverKey": null,
     "underground": 0,
     "waterway": "stream"
    },
    "type": "Feature"
   },
   {
    "geometry": {
     "coordinates": [
      [
       -79.876889,
       35.792786
      ],
      [
       -79.87664,
       35.792374
      ],
      [
       -79.876715,
       35.791973
      ],
      [
       -79.878253,
       35.791457
      ],
      [
       -79.878969,
       35.790078
      ],
      [
       -79.879107,
       35.78934
      ],
      [
       -79.879857,
       35.789342
      ],
      [
       -79.880285,
       35.788391
      ],
      [
       -79.880818,
       35.787749
      ],
      [
       -79.880856,
       35.786769
      ],
      [
       -79.880699,
       35.786632
      ],
      [
       -79.879814,
       35.786682
      ],
      [
       -79.87887,
       35.786267
      ],
      [
       -79.879012,
       35.785962
      ],
      [
       -79.878894,
       35.785201
      ],
      [
       -79.880061,
       35.78496
      ],
      [
       -79.880319,
       35.784301
      ],
      [
       -79.880347,
       35.783568
      ]
     ],
     "type": "LineString"
    },
    "properties": {
     "length_km": 1.46,
     "n_sites": 0,
     "name": null,
     "order": 2,
     "riverKey": null,
     "underground": 0,
     "waterway": "stream"
    },
    "type": "Feature"
   },
   {
    "geometry": {
     "coordinates": [
      [
       -79.873206,
       35.783615
      ],
      [
       -79.873489,
       35.78383
      ],
      [
       -79.875088,
       35.783542
      ],
      [
       -79.877644,
       35.78373
      ],
      [
       -79.877875,
       35.783863
      ],
      [
       -79.87875,
       35.783664
      ],
      [
       -79.87896,
       35.783478
      ],
      [
       -79.880347,
       35.783568
      ]
     ],
     "type": "LineString"
    },
    "properties": {
     "length_km": 0.68,
     "n_sites": 0,
     "name": null,
     "order": 2,
     "riverKey": null,
     "underground": 0,
     "waterway": "stream"
    },
    "type": "Feature"
   },
   {
    "geometry": {
     "coordinates": [
      [
       -79.882241,
       35.626317
      ],
      [
       -79.881923,
       35.627691
      ],
      [
       -79.881378,
       35.628092
      ],
      [
       -79.88127,
       35.628455
      ],
      [
       -79.879533,
       35.6293
      ],
      [
       -79.879276,
       35.629575
      ],
      [
       -79.878664,
       35.629234
      ],
      [
       -79.877547,
       35.629431
      ],
      [
       -79.876867,
       35.629128
      ],
      [
       -79.875905,
       35.628947
      ],
      [
       -79.875575,
       35.628672
      ],
      [
       -79.875199,
       35.627698
      ],
      [
       -79.874201,
       35.626942
      ]
     ],
     "type": "LineString"
    },
    "properties": {
     "length_km": 1.09,
     "n_sites": 0,
     "name": null,
     "order": 2,
     "riverKey": null,
     "underground": 0,
     "waterway": "stream"
    },
    "type": "Feature"
   },
   {
    "geometry": {
     "coordinates": [
      [
       -79.879595,
       35.754608
      ],
      [
       -79.879131,
       35.753701
      ],
      [
       -79.879603,
       35.752971
      ],
      [
       -79.8793,
       35.752344
      ],
      [
       -79.880077,
       35.750509
      ],
      [
       -79.880037,
       35.750135
      ]
     ],
     "type": "LineString"
    },
    "properties": {
     "length_km": 0.53,
     "n_sites": 0,
     "name": null,
     "order": 2,
     "riverKey": null,
     "underground": 0,
     "waterway": "stream"
    },
    "type": "Feature"
   },
   {
    "geometry": {
     "coordinates": [
      [
       -79.879084,
       35.670843
      ],
      [
       -79.879718,
       35.669766
      ],
      [
       -79.880364,
       35.669126
      ]
     ],
     "type": "LineString"
    },
    "properties": {
     "length_km": 0.22,
     "n_sites": 0,
     "name": null,
     "order": 2,
     "riverKey": null,
     "underground": 0,
     "waterway": "stream"
    },
    "type": "Feature"
   },
   {
    "geometry": {
     "coordinates": [
      [
       -79.878609,
       35.744789
      ],
      [
       -79.87871,
       35.744404
      ],
      [
       -79.878555,
       35.743805
      ],
      [
       -79.878873,
       35.743613
      ],
      [
       -79.878941,
       35.742959
      ],
      [
       -79.87884,
       35.742387
      ],
      [
       -79.878517,
       35.74197
      ]
     ],
     "type": "LineString"
    },
    "properties": {
     "length_km": 0.34,
     "n_sites": 0,
     "name": null,
     "order": 2,
     "riverKey": null,
     "underground": 0,
     "waterway": "stream"
    },
    "type": "Feature"
   },
   {
    "geometry": {
     "coordinates": [
      [
       -79.879722,
       35.663556
      ],
      [
       -79.880019,
       35.66366
      ],
      [
       -79.880186,
       35.664023
      ],
      [
       -79.879432,
       35.665386
      ],
      [
       -79.879357,
       35.665875
      ],
      [
       -79.87999,
       35.666491
      ],
      [
       -79.879262,
       35.667249
      ],
      [
       -79.879322,
       35.667908
      ]
     ],
     "type": "LineString"
    },
    "properties": {
     "length_km": 0.56,
     "n_sites": 0,
     "name": null,
     "order": 2,
     "riverKey": null,
     "underground": 0,
     "waterway": "stream"
    },
    "type": "Feature"
   },
   {
    "geometry": {
     "coordinates": [
      [
       -79.876075,
       35.659817
      ],
      [
       -79.876169,
       35.660488
      ],
      [
       -79.876526,
       35.661125
      ],
      [
       -79.877495,
       35.661835
      ],
      [
       -79.878081,
       35.661972
      ],
      [
       -79.879042,
       35.663369
      ],
      [
       -79.879722,
       35.663556
      ]
     ],
     "type": "LineString"
    },
    "properties": {
     "length_km": 0.57,
     "n_sites": 0,
     "name": null,
     "order": 2,
     "riverKey": null,
     "underground": 0,
     "waterway": "stream"
    },
    "type": "Feature"
   },
   {
    "geometry": {
     "coordinates": [
      [
       -79.879892,
       35.643172
      ],
      [
       -79.879387,
       35.643991
      ],
      [
       -79.879285,
       35.645463
      ],
      [
       -79.879083,
       35.646051
      ],
      [
       -79.878584,
       35.64632
      ],
      [
       -79.878166,
       35.647573
      ],
      [
       -79.877195,
       35.64843
      ],
      [
       -79.876939,
       35.648853
      ],
      [
       -79.876398,
       35.651705
      ]
     ],
     "type": "LineString"
    },
    "properties": {
     "length_km": 1.03,
     "n_sites": 0,
     "name": null,
     "order": 2,
     "riverKey": null,
     "underground": 0,
     "waterway": "stream"
    },
    "type": "Feature"
   },
   {
    "geometry": {
     "coordinates": [
      [
       -79.873498,
       35.803774
      ],
      [
       -79.873086,
       35.803411
      ],
      [
       -79.872519,
       35.802026
      ],
      [
       -79.8716,
       35.800785
      ],
      [
       -79.870768,
       35.797757
      ],
      [
       -79.870991,
       35.797367
      ],
      [
       -79.872,
       35.796877
      ],
      [
       -79.872102,
       35.79646
      ],
      [
       -79.872604,
       35.79641
      ],
      [
       -79.87246,
       35.795844
      ],
      [
       -79.872608,
       35.79523
      ],
      [
       -79.872937,
       35.794908
      ],
      [
       -79.873032,
       35.794519
      ],
      [
       -79.873505,
       35.794255
      ],
      [
       -79.87368,
       35.794227
      ],
      [
       -79.874489,
       35.794674
      ],
      [
       -79.875563,
       35.793783
      ],
      [
       -79.876493,
       35.793776
      ],
      [
       -79.876878,
       35.793584
      ],
      [
       -79.876887,
       35.795435
      ],
      [
       -79.877088,
       35.79579
      ],
      [
       -79.877041,
       35.79633
      ],
      [
       -79.877255,
       35.797123
      ],
      [
       -79.876971,
       35.799156
      ],
      [
       -79.877309,
       35.799862
      ]
     ],
     "type": "LineString"
    },
    "properties": {
     "length_km": 2.32,
     "n_sites": 0,
     "name": null,
     "order": 2,
     "riverKey": null,
     "underground": 0,
     "waterway": "stream"
    },
    "type": "Feature"
   },
   {
    "geometry": {
     "coordinates": [
      [
       -79.878127,
       35.741543
      ],
      [
       -79.877624,
       35.741515
      ],
      [
       -79.87739,
       35.741328
      ],
      [
       -79.877534,
       35.74038
      ],
      [
       -79.876364,
       35.739569
      ],
      [
       -79.876274,
       35.73837
      ],
      [
       -79.876657,
       35.737989
      ]
     ],
     "type": "LineString"
    },
    "properties": {
     "length_km": 0.51,
     "n_sites": 0,
     "name": null,
     "order": 2,
     "riverKey": null,
     "underground": 0,
     "waterway": "stream"
    },
    "type": "Feature"
   },
   {
    "geometry": {
     "coordinates": [
      [
       -79.871769,
       35.67883
      ],
      [
       -79.871808,
       35.67846
      ],
      [
       -79.872501,
       35.677543
      ],
      [
       -79.873072,
       35.675966
      ],
      [
       -79.874607,
       35.6748
      ],
      [
       -79.87595,
       35.674293
      ],
      [
       -79.877257,
       35.672376
      ],
      [
       -79.879084,
       35.670843
      ]
     ],
     "type": "LineString"
    },
    "properties": {
     "length_km": 1.15,
     "n_sites": 0,
     "name": null,
     "order": 2,
     "riverKey": null,
     "underground": 0,
     "waterway": "stream"
    },
    "type": "Feature"
   },
   {
    "geometry": {
     "coordinates": [
      [
       -79.877353,
       35.670969
      ],
      [
       -79.879084,
       35.670843
      ]
     ],
     "type": "LineString"
    },
    "properties": {
     "length_km": 0.16,
     "n_sites": 0,
     "name": null,
     "order": 2,
     "riverKey": null,
     "underground": 0,
     "waterway": "stream"
    },
    "type": "Feature"
   },
   {
    "geometry": {
     "coordinates": [
      [
       -79.876729,
       35.772848
      ],
      [
       -79.876683,
       35.771935
      ],
      [
       -79.876407,
       35.771341
      ],
      [
       -79.87649,
       35.770303
      ],
      [
       -79.876273,
       35.769423
      ],
      [
       -79.874603,
       35.76632
      ],
      [
       -79.874258,
       35.765347
      ],
      [
       -79.874555,
       35.764169
      ]
     ],
     "type": "LineString"
    },
    "properties": {
     "length_km": 1.01,
     "n_sites": 0,
     "name": null,
     "order": 2,
     "riverKey": null,
     "underground": 0,
     "waterway": "stream"
    },
    "type": "Feature"
   },
   {
    "geometry": {
     "coordinates": [
      [
       -79.872276,
       35.72129
      ],
      [
       -79.872512,
       35.721966
      ],
      [
       -79.873031,
       35.722246
      ],
      [
       -79.873233,
       35.722779
      ],
      [
       -79.873827,
       35.723053
      ],
      [
       -79.873955,
       35.723713
      ],
      [
       -79.874629,
       35.723976
      ],
      [
       -79.874898,
       35.72425
      ],
      [
       -79.875274,
       35.725673
      ],
      [
       -79.875347,
       35.727058
      ],
      [
       -79.877099,
       35.728164
      ]
     ],
     "type": "LineString"
    },
    "properties": {
     "length_km": 0.95,
     "n_sites": 0,
     "name": null,
     "order": 2,
     "riverKey": null,
     "underground": 0,
     "waterway": "stream"
    },
    "type": "Feature"
   },
   {
    "geometry": {
     "coordinates": [
      [
       -79.874249,
       35.700575
      ],
      [
       -79.874463,
       35.699655
      ],
      [
       -79.875493,
       35.69787
      ],
      [
       -79.875958,
       35.696589
      ],
      [
       -79.876291,
       35.693446
      ]
     ],
     "type": "LineString"
    },
    "properties": {
     "length_km": 0.82,
     "n_sites": 0,
     "name": null,
     "order": 2,
     "riverKey": null,
     "underground": 0,
     "waterway": "stream"
    },
    "type": "Feature"
   },
   {
    "geometry": {
     "coordinates": [
      [
       -79.875523,
       35.717138
      ],
      [
       -79.875173,
       35.717863
      ],
      [
       -79.87476,
       35.717958
      ],
      [
       -79.874579,
       35.718305
      ],
      [
       -79.873743,
       35.718794
      ],
      [
       -79.873171,
       35.720119
      ],
      [
       -79.872276,
       35.72129
      ]
     ],
     "type": "LineString"
    },
    "properties": {
     "length_km": 0.57,
     "n_sites": 0,
     "name": null,
     "order": 2,
     "riverKey": null,
     "underground": 0,
     "waterway": "stream"
    },
    "type": "Feature"
   },
   {
    "geometry": {
     "coordinates": [
      [
       -79.876398,
       35.651705
      ],
      [
       -79.876411,
       35.652975
      ],
      [
       -79.87678,
       35.653744
      ],
      [
       -79.876268,
       35.654744
      ],
      [
       -79.876766,
       35.655415
      ],
      [
       -79.876906,
       35.656894
      ],
      [
       -79.876508,
       35.657316
      ],
      [
       -79.87568,
       35.657767
      ],
      [
       -79.875538,
       35.658547
      ]
     ],
     "type": "LineString"
    },
    "properties": {
     "length_km": 0.84,
     "n_sites": 0,
     "name": null,
     "order": 2,
     "riverKey": null,
     "underground": 0,
     "waterway": "stream"
    },
    "type": "Feature"
   },
   {
    "geometry": {
     "coordinates": [
      [
       -79.873866,
       35.63839
      ],
      [
       -79.873429,
       35.639484
      ],
      [
       -79.874056,
       35.640412
      ],
      [
       -79.87442,
       35.641341
      ],
      [
       -79.874958,
       35.642021
      ],
      [
       -79.875106,
       35.642735
      ],
      [
       -79.875138,
       35.645599
      ],
      [
       -79.875413,
       35.646077
      ],
      [
       -79.87577,
       35.646214
      ],
      [
       -79.875385,
       35.647715
      ],
      [
       -79.875356,
       35.649737
      ],
      [
       -79.875625,
       35.65027
      ],
      [
       -79.875719,
       35.651056
      ],
      [
       -79.876398,
       35.651705
      ]
     ],
     "type": "LineString"
    },
    "properties": {
     "length_km": 1.58,
     "n_sites": 0,
     "name": null,
     "order": 2,
     "riverKey": null,
     "underground": 0,
     "waterway": "stream"
    },
    "type": "Feature"
   },
   {
    "geometry": {
     "coordinates": [
      [
       -79.875538,
       35.658547
      ],
      [
       -79.875456,
       35.659141
      ],
      [
       -79.876075,
       35.659817
      ]
     ],
     "type": "LineString"
    },
    "properties": {
     "length_km": 0.16,
     "n_sites": 0,
     "name": null,
     "order": 2,
     "riverKey": null,
     "underground": 0,
     "waterway": "stream"
    },
    "type": "Feature"
   },
   {
    "geometry": {
     "coordinates": [
      [
       -79.874063,
       35.659357
      ],
      [
       -79.875469,
       35.659498
      ],
      [
       -79.876075,
       35.659817
      ]
     ],
     "type": "LineString"
    },
    "properties": {
     "length_km": 0.19,
     "n_sites": 0,
     "name": null,
     "order": 2,
     "riverKey": null,
     "underground": 0,
     "waterway": "stream"
    },
    "type": "Feature"
   },
   {
    "geometry": {
     "coordinates": [
      [
       -79.874555,
       35.764169
      ],
      [
       -79.87367,
       35.763237
      ],
      [
       -79.871997,
       35.762781
      ],
      [
       -79.871404,
       35.76237
      ],
      [
       -79.869806,
       35.762227
      ]
     ],
     "type": "LineString"
    },
    "properties": {
     "length_km": 0.51,
     "n_sites": 0,
     "name": null,
     "order": 2,
     "riverKey": null,
     "underground": 0,
     "waterway": "stream"
    },
    "type": "Feature"
   },
   {
    "geometry": {
     "coordinates": [
      [
       -79.874756,
       35.745113
      ],
      [
       -79.874038,
       35.744811
      ],
      [
       -79.873242,
       35.744009
      ],
      [
       -79.872992,
       35.74335
      ],
      [
       -79.872139,
       35.742438
      ],
      [
       -79.872068,
       35.74218
      ],
      [
       -79.871582,
       35.741878
      ],
      [
       -79.871224,
       35.741218
      ],
      [
       -79.871266,
       35.740489
      ],
      [
       -79.871494,
       35.740045
      ],
      [
       -79.871406,
       35.739099
      ],
      [
       -79.872634,
       35.738081
      ]
     ],
     "type": "LineString"
    },
    "properties": {
     "length_km": 0.95,
     "n_sites": 0,
     "name": null,
     "order": 2,
     "riverKey": null,
     "underground": 0,
     "waterway": "stream"
    },
    "type": "Feature"
   },
   {
    "geometry": {
     "coordinates": [
      [
       -79.873692,
       35.655654
      ],
      [
       -79.873913,
       35.656477
      ],
      [
       -79.874942,
       35.656718
      ],
      [
       -79.874892,
       35.657788
      ],
      [
       -79.875538,
       35.658547
      ]
     ],
     "type": "LineString"
    },
    "properties": {
     "length_km": 0.41,
     "n_sites": 0,
     "name": null,
     "order": 2,
     "riverKey": null,
     "underground": 0,
     "waterway": "stream"
    },
    "type": "Feature"
   },
   {
    "geometry": {
     "coordinates": [
      [
       -79.871537,
       35.705572
      ],
      [
       -79.871847,
       35.706221
      ],
      [
       -79.872125,
       35.708216
      ],
      [
       -79.871465,
       35.709464
      ],
      [
       -79.872605,
       35.710156
      ],
      [
       -79.87282,
       35.710738
      ],
      [
       -79.874757,
       35.711611
      ]
     ],
     "type": "LineString"
    },
    "properties": {
     "length_km": 0.85,
     "n_sites": 0,
     "name": null,
     "order": 2,
     "riverKey": null,
     "underground": 0,
     "waterway": "stream"
    },
    "type": "Feature"
   },
   {
    "geometry": {
     "coordinates": [
      [
       -79.870522,
       35.783666
      ],
      [
       -79.871014,
       35.783572
      ],
      [
       -79.87152,
       35.783198
      ],
      [
       -79.873206,
       35.783615
      ]
     ],
     "type": "LineString"
    },
    "properties": {
     "length_km": 0.27,
     "n_sites": 0,
     "name": null,
     "order": 2,
     "riverKey": null,
     "underground": 0,
     "waterway": "stream"
    },
    "type": "Feature"
   },
   {
    "geometry": {
     "coordinates": [
      [
       -79.867517,
       35.777347
      ],
      [
       -79.867861,
       35.777523
      ],
      [
       -79.868738,
       35.778688
      ],
      [
       -79.868994,
       35.778644
      ],
      [
       -79.869264,
       35.77883
      ],
      [
       -79.869709,
       35.778698
      ],
      [
       -79.870033,
       35.779
      ],
      [
       -79.871463,
       35.779231
      ],
      [
       -79.873656,
       35.780103
      ],
      [
       -79.873785,
       35.781702
      ],
      [
       -79.873206,
       35.783615
      ]
     ],
     "type": "LineString"
    },
    "properties": {
     "length_km": 1.08,
     "n_sites": 0,
     "name": null,
     "order": 2,
     "riverKey": null,
     "underground": 0,
     "waterway": "stream"
    },
    "type": "Feature"
   },
   {
    "geometry": {
     "coordinates": [
      [
       -79.873286,
       35.773162
      ],
      [
       -79.873334,
       35.77286
      ],
      [
       -79.87261,
       35.770909
      ],
      [
       -79.872185,
       35.7703
      ],
      [
       -79.872045,
       35.769137
      ],
      [
       -79.871108,
       35.768387
      ],
      [
       -79.870643,
       35.768327
      ],
      [
       -79.870558,
       35.768069
      ],
      [
       -79.870314,
       35.766102
      ],
      [
       -79.870414,
       35.765228
      ],
      [
       -79.869679,
       35.764058
      ],
      [
       -79.869766,
       35.763585
      ],
      [
       -79.869611,
       35.763321
      ],
      [
       -79.86988,
       35.76248
      ],
      [
       -79.869806,
       35.762227
      ]
     ],
     "type": "LineString"
    },
    "properties": {
     "length_km": 1.33,
     "n_sites": 0,
     "name": null,
     "order": 2,
     "riverKey": null,
     "underground": 0,
     "waterway": "stream"
    },
    "type": "Feature"
   },
   {
    "geometry": {
     "coordinates": [
      [
       -79.872022,
       35.65755
      ],
      [
       -79.871759,
       35.658253
      ],
      [
       -79.871908,
       35.658709
      ],
      [
       -79.8731,
       35.658802
      ],
      [
       -79.874063,
       35.659357
      ]
     ],
     "type": "LineString"
    },
    "properties": {
     "length_km": 0.35,
     "n_sites": 0,
     "name": null,
     "order": 2,
     "riverKey": null,
     "underground": 0,
     "waterway": "stream"
    },
    "type": "Feature"
   },
   {
    "geometry": {
     "coordinates": [
      [
       -79.872401,
       35.660061
      ],
      [
       -79.872831,
       35.659566
      ],
      [
       -79.874063,
       35.659357
      ]
     ],
     "type": "LineString"
    },
    "properties": {
     "length_km": 0.18,
     "n_sites": 0,
     "name": null,
     "order": 2,
     "riverKey": null,
     "underground": 0,
     "waterway": "stream"
    },
    "type": "Feature"
   },
   {
    "geometry": {
     "coordinates": [
      [
       -79.873252,
       35.654163
      ],
      [
       -79.873225,
       35.654653
      ],
      [
       -79.873692,
       35.655654
      ]
     ],
     "type": "LineString"
    },
    "properties": {
     "length_km": 0.17,
     "n_sites": 0,
     "name": null,
     "order": 2,
     "riverKey": null,
     "underground": 0,
     "waterway": "stream"
    },
    "type": "Feature"
   },
   {
    "geometry": {
     "coordinates": [
      [
       -79.870565,
       35.655192
      ],
      [
       -79.87101,
       35.655445
      ],
      [
       -79.872215,
       35.655291
      ],
      [
       -79.872674,
       35.655593
      ],
      [
       -79.873381,
       35.655537
      ],
      [
       -79.873692,
       35.655654
      ]
     ],
     "type": "LineString"
    },
    "properties": {
     "length_km": 0.31,
     "n_sites": 0,
     "name": null,
     "order": 2,
     "riverKey": null,
     "underground": 0,
     "waterway": "stream"
    },
    "type": "Feature"
   },
   {
    "geometry": {
     "coordinates": [
      [
       -79.868431,
       35.717774
      ],
      [
       -79.868897,
       35.718384
      ],
      [
       -79.869841,
       35.718351
      ],
      [
       -79.870333,
       35.718576
      ],
      [
       -79.872276,
       35.72129
      ]
     ],
     "type": "LineString"
    },
    "properties": {
     "length_km": 0.56,
     "n_sites": 0,
     "name": null,
     "order": 2,
     "riverKey": null,
     "underground": 0,
     "waterway": "stream"
    },
    "type": "Feature"
   },
   {
    "geometry": {
     "coordinates": [
      [
       -79.867471,
       35.669884
      ],
      [
       -79.867673,
       35.669472
      ],
      [
       -79.868063,
       35.669335
      ],
      [
       -79.868022,
       35.668961
      ],
      [
       -79.868258,
       35.668637
      ],
      [
       -79.868327,
       35.668072
      ],
      [
       -79.868718,
       35.667747
      ],
      [
       -79.869515,
       35.667944
      ],
      [
       -79.869896,
       35.66743
      ],
      [
       -79.871604,
       35.667179
      ],
      [
       -79.872183,
       35.66659
      ],
      [
       -79.873044,
       35.666441
      ]
     ],
     "type": "LineString"
    },
    "properties": {
     "length_km": 0.75,
     "n_sites": 0,
     "name": null,
     "order": 2,
     "riverKey": null,
     "underground": 0,
     "waterway": "stream"
    },
    "type": "Feature"
   },
   {
    "geometry": {
     "coordinates": [
      [
       -79.868794,
       35.752737
      ],
      [
       -79.868503,
       35.751066
      ],
      [
       -79.868388,
       35.750786
      ],
      [
       -79.868125,
       35.750682
      ],
      [
       -79.86887,
       35.749551
      ],
      [
       -79.868991,
       35.748935
      ],
      [
       -79.868728,
       35.74865
      ],
      [
       -79.869479,
       35.747
      ],
      [
       -79.869472,
       35.746306
      ],
      [
       -79.869079,
       35.745804
      ],
      [
       -79.869067,
       35.744669
      ],
      [
       -79.869834,
       35.744032
      ],
      [
       -79.870366,
       35.743145
      ],
      [
       -79.870121,
       35.741948
      ],
      [
       -79.869886,
       35.741697
      ],
      [
       -79.869802,
       35.741067
      ],
      [
       -79.869487,
       35.740564
      ],
      [
       -79.869398,
       35.739429
      ],
      [
       -79.869472,
       35.739176
      ],
      [
       -79.8707,
       35.738158
      ],
      [
       -79.871395,
       35.73809
      ]
     ],
     "type": "LineString"
    },
    "properties": {
     "length_km": 1.85,
     "n_sites": 0,
     "name": null,
     "order": 2,
     "riverKey": null,
     "underground": 0,
     "waterway": "stream"
    },
    "type": "Feature"
   },
   {
    "geometry": {
     "coordinates": [
      [
       -79.859107,
       35.789975
      ],
      [
       -79.860193,
       35.789611
      ],
      [
       -79.861657,
       35.789496
      ],
      [
       -79.864165,
       35.789027
      ],
      [
       -79.864536,
       35.788324
      ],
      [
       -79.864292,
       35.78762
      ],
      [
       -79.864643,
       35.787312
      ],
      [
       -79.864858,
       35.785845
      ],
      [
       -79.865094,
       35.7854
      ],
      [
       -79.865579,
       35.785312
      ],
      [
       -79.867265,
       35.784426
      ],
      [
       -79.86773,
       35.783948
      ],
      [
       -79.867858,
       35.783563
      ],
      [
       -79.869605,
       35.783452
      ],
      [
       -79.870522,
       35.783666
      ]
     ],
     "type": "LineString"
    },
    "properties": {
     "length_km": 1.48,
     "n_sites": 0,
     "name": null,
     "order": 2,
     "riverKey": null,
     "underground": 0,
     "waterway": "stream"
    },
    "type": "Feature"
   },
   {
    "geometry": {
     "coordinates": [
      [
       -79.868584,
       35.790355
      ],
      [
       -79.868867,
       35.78924
      ],
      [
       -79.869352,
       35.788668
      ],
      [
       -79.869675,
       35.787678
      ],
      [
       -79.870053,
       35.787195
      ],
      [
       -79.870059,
       35.786717
      ],
      [
       -79.870375,
       35.786068
      ],
      [
       -79.870293,
       35.784688
      ],
      [
       -79.870522,
       35.783666
      ]
     ],
     "type": "LineString"
    },
    "properties": {
     "length_km": 0.78,
     "n_sites": 0,
     "name": null,
     "order": 2,
     "riverKey": null,
     "underground": 0,
     "waterway": "stream"
    },
    "type": "Feature"
   },
   {
    "geometry": {
     "coordinates": [
      [
       -79.869806,
       35.762227
      ],
      [
       -79.868935,
       35.761272
      ],
      [
       -79.868226,
       35.759815
      ],
      [
       -79.867173,
       35.758602
      ],
      [
       -79.866998,
       35.758184
      ],
      [
       -79.86635,
       35.757876
      ],
      [
       -79.865939,
       35.757272
      ]
     ],
     "type": "LineString"
    },
    "properties": {
     "length_km": 0.66,
     "n_sites": 0,
     "name": null,
     "order": 2,
     "riverKey": null,
     "underground": 0,
     "waterway": "stream"
    },
    "type": "Feature"
   },
   {
    "geometry": {
     "coordinates": [
      [
       -79.862645,
       35.653883
      ],
      [
       -79.864579,
       35.655019
      ],
      [
       -79.8652,
       35.656289
      ],
      [
       -79.865496,
       35.656541
      ],
      [
       -79.867213,
       35.655859
      ],
      [
       -79.868735,
       35.656081
      ],
      [
       -79.869407,
       35.655561
      ],
      [
       -79.870565,
       35.655192
      ]
     ],
     "type": "LineString"
    },
    "properties": {
     "length_km": 0.92,
     "n_sites": 0,
     "name": null,
     "order": 2,
     "riverKey": null,
     "underground": 0,
     "waterway": "stream"
    },
    "type": "Feature"
   },
   {
    "geometry": {
     "coordinates": [
      [
       -79.867543,
       35.646945
      ],
      [
       -79.868021,
       35.647098
      ],
      [
       -79.868075,
       35.647241
      ],
      [
       -79.867907,
       35.647923
      ],
      [
       -79.86749,
       35.648121
      ],
      [
       -79.86708,
       35.649588
      ],
      [
       -79.867439,
       35.651677
      ],
      [
       -79.867796,
       35.652166
      ],
      [
       -79.868752,
       35.652583
      ],
      [
       -79.869305,
       35.653061
      ],
      [
       -79.869426,
       35.653424
      ],
      [
       -79.869164,
       35.654655
      ],
      [
       -79.870376,
       35.654951
      ],
      [
       -79.870565,
       35.655192
      ]
     ],
     "type": "LineString"
    },
    "properties": {
     "length_km": 1.15,
     "n_sites": 0,
     "name": null,
     "order": 2,
     "riverKey": null,
     "underground": 0,
     "waterway": "stream"
    },
    "type": "Feature"
   },
   {
    "geometry": {
     "coordinates": [
      [
       -79.865939,
       35.757272
      ],
      [
       -79.865703,
       35.7568
      ],
      [
       -79.865756,
       35.756426
      ],
      [
       -79.86643,
       35.755486
      ],
      [
       -79.866949,
       35.75526
      ],
      [
       -79.867353,
       35.754183
      ],
      [
       -79.867157,
       35.753666
      ],
      [
       -79.867399,
       35.75349
      ],
      [
       -79.868255,
       35.753363
      ],
      [
       -79.868593,
       35.753144
      ],
      [
       -79.868794,
       35.752737
      ]
     ],
     "type": "LineString"
    },
    "properties": {
     "length_km": 0.65,
     "n_sites": 0,
     "name": null,
     "order": 2,
     "riverKey": null,
     "underground": 0,
     "waterway": "stream"
    },
    "type": "Feature"
   },
   {
    "geometry": {
     "coordinates": [
      [
       -79.868011,
       35.803824
      ],
      [
       -79.867766,
       35.803303
      ],
      [
       -79.867519,
       35.801666
      ],
      [
       -79.86758,
       35.80099
      ]
     ],
     "type": "LineString"
    },
    "properties": {
     "length_km": 0.32,
     "n_sites": 0,
     "name": null,
     "order": 2,
     "riverKey": null,
     "underground": 0,
     "waterway": "stream"
    },
    "type": "Feature"
   },
   {
    "geometry": {
     "coordinates": [
      [
       -79.868771,
       35.700902
      ],
      [
       -79.869175,
       35.699612
      ]
     ],
     "type": "LineString"
    },
    "properties": {
     "length_km": 0.15,
     "n_sites": 0,
     "name": null,
     "order": 2,
     "riverKey": null,
     "underground": 0,
     "waterway": "stream"
    },
    "type": "Feature"
   },
   {
    "geometry": {
     "coordinates": [
      [
       -79.865132,
       35.803975
      ],
      [
       -79.864882,
       35.803036
      ],
      [
       -79.864997,
       35.802805
      ],
      [
       -79.865732,
       35.802634
      ],
      [
       -79.86673,
       35.801523
      ],
      [
       -79.866811,
       35.801243
      ],
      [
       -79.86758,
       35.80099
      ]
     ],
     "type": "LineString"
    },
    "properties": {
     "length_km": 0.46,
     "n_sites": 0,
     "name": null,
     "order": 2,
     "riverKey": null,
     "underground": 0,
     "waterway": "stream"
    },
    "type": "Feature"
   },
   {
    "geometry": {
     "coordinates": [
      [
       -79.86758,
       35.80099
      ],
      [
       -79.868887,
       35.799429
      ],
      [
       -79.870236,
       35.798428
      ],
      [
       -79.870639,
       35.797587
      ],
      [
       -79.870362,
       35.797591
      ],
      [
       -79.870235,
       35.797376
      ],
      [
       -79.869702,
       35.797448
      ],
      [
       -79.869238,
       35.797861
      ],
      [
       -79.868677,
       35.79806
      ],
      [
       -79.867018,
       35.79827
      ],
      [
       -79.866107,
       35.798561
      ],
      [
       -79.863301,
       35.798491
      ],
      [
       -79.862464,
       35.798791
      ],
      [
       -79.861736,
       35.798588
      ],
      [
       -79.861416,
       35.798768
      ],
      [
       -79.861131,
       35.798648
      ],
      [
       -79.860996,
       35.799013
      ],
      [
       -79.860522,
       35.799033
      ]
     ],
     "type": "LineString"
    },
    "properties": {
     "length_km": 1.49,
     "n_sites": 0,
     "name": null,
     "order": 2,
     "riverKey": null,
     "underground": 0,
     "waterway": "stream"
    },
    "type": "Feature"
   },
   {
    "geometry": {
     "coordinates": [
      [
       -79.868466,
       35.697012
      ],
      [
       -79.867738,
       35.696363
      ],
      [
       -79.86767,
       35.695871
      ],
      [
       -79.867812,
       35.695633
      ],
      [
       -79.867603,
       35.695409
      ],
      [
       -79.867593,
       35.695038
      ]
     ],
     "type": "LineString"
    },
    "properties": {
     "length_km": 0.25,
     "n_sites": 0,
     "name": null,
     "order": 2,
     "riverKey": null,
     "underground": 0,
     "waterway": "stream"
    },
    "type": "Feature"
   },
   {
    "geometry": {
     "coordinates": [
      [
       -79.865488,
       35.811416
      ],
      [
       -79.865792,
       35.811097
      ],
      [
       -79.86567,
       35.810575
      ],
      [
       -79.865035,
       35.809795
      ],
      [
       -79.864589,
       35.808301
      ],
      [
       -79.864716,
       35.806504
      ],
      [
       -79.865309,
       35.80553
      ],
      [
       -79.865403,
       35.804596
      ],
      [
       -79.865132,
       35.803975
      ]
     ],
     "type": "LineString"
    },
    "properties": {
     "length_km": 0.88,
     "n_sites": 0,
     "name": null,
     "order": 2,
     "riverKey": null,
     "underground": 0,
     "waterway": "stream"
    },
    "type": "Feature"
   },
   {
    "geometry": {
     "coordinates": [
      [
       -79.864502,
       35.64056
      ],
      [
       -79.866099,
       35.640944
      ],
      [
       -79.866859,
       35.640987
      ],
      [
       -79.86696,
       35.641108
      ],
      [
       -79.86717,
       35.643658
      ],
      [
       -79.867285,
       35.643807
      ],
      [
       -79.86773,
       35.643867
      ],
      [
       -79.867965,
       35.64435
      ],
      [
       -79.867401,
       35.646522
      ],
      [
       -79.867543,
       35.646945
      ]
     ],
     "type": "LineString"
    },
    "properties": {
     "length_km": 0.93,
     "n_sites": 0,
     "name": null,
     "order": 2,
     "riverKey": null,
     "underground": 0,
     "waterway": "stream"
    },
    "type": "Feature"
   },
   {
    "geometry": {
     "coordinates": [
      [
       -79.860223,
       35.645453
      ],
      [
       -79.860756,
       35.645975
      ],
      [
       -79.861894,
       35.646507
      ],
      [
       -79.862136,
       35.646777
      ],
      [
       -79.862716,
       35.646798
      ],
      [
       -79.863799,
       35.647194
      ],
      [
       -79.864507,
       35.647226
      ],
      [
       -79.865496,
       35.646836
      ],
      [
       -79.866958,
       35.647044
      ],
      [
       -79.867543,
       35.646945
      ]
     ],
     "type": "LineString"
    },
    "properties": {
     "length_km": 0.74,
     "n_sites": 0,
     "name": null,
     "order": 2,
     "riverKey": null,
     "underground": 0,
     "waterway": "stream"
    },
    "type": "Feature"
   },
   {
    "geometry": {
     "coordinates": [
      [
       -79.8658,
       35.669539
      ],
      [
       -79.86673,
       35.670066
      ],
      [
       -79.867195,
       35.670104
      ]
     ],
     "type": "LineString"
    },
    "properties": {
     "length_km": 0.14,
     "n_sites": 0,
     "name": null,
     "order": 2,
     "riverKey": null,
     "underground": 0,
     "waterway": "stream"
    },
    "type": "Feature"
   },
   {
    "geometry": {
     "coordinates": [
      [
       -79.864057,
       35.766407
      ],
      [
       -79.864083,
       35.765753
      ],
      [
       -79.864602,
       35.765077
      ],
      [
       -79.864574,
       35.764148
      ],
      [
       -79.865031,
       35.761795
      ],
      [
       -79.864518,
       35.759268
      ],
      [
       -79.864962,
       35.758344
      ],
      [
       -79.865939,
       35.757272
      ]
     ],
     "type": "LineString"
    },
    "properties": {
     "length_km": 1.07,
     "n_sites": 0,
     "name": null,
     "order": 2,
     "riverKey": null,
     "underground": 0,
     "waterway": "stream"
    },
    "type": "Feature"
   },
   {
    "geometry": {
     "coordinates": [
      [
       -79.857607,
       35.809304
      ],
      [
       -79.857741,
       35.8081
      ],
      [
       -79.857545,
       35.807562
      ],
      [
       -79.8577,
       35.807045
      ],
      [
       -79.857598,
       35.806754
      ],
      [
       -79.857935,
       35.806165
      ],
      [
       -79.857928,
       35.805863
      ],
      [
       -79.858347,
       35.805555
      ],
      [
       -79.858345,
       35.804104
      ],
      [
       -79.859318,
       35.804022
      ],
      [
       -79.86099,
       35.803087
      ],
      [
       -79.861624,
       35.802916
      ],
      [
       -79.863155,
       35.803278
      ],
      [
       -79.863547,
       35.803619
      ],
      [
       -79.86437,
       35.803888
      ],
      [
       -79.865132,
       35.803975
      ]
     ],
     "type": "LineString"
    },
    "properties": {
     "length_km": 1.28,
     "n_sites": 0,
     "name": null,
     "order": 2,
     "riverKey": null,
     "underground": 0,
     "waterway": "stream"
    },
    "type": "Feature"
   },
   {
    "geometry": {
     "coordinates": [
      [
       -79.865788,
       35.704228
      ],
      [
       -79.864522,
       35.704289
      ],
      [
       -79.862817,
       35.703526
      ],
      [
       -79.861758,
       35.703378
      ],
      [
       -79.860762,
       35.704961
      ]
     ],
     "type": "LineString"
    },
    "properties": {
     "length_km": 0.59,
     "n_sites": 0,
     "name": null,
     "order": 2,
     "riverKey": null,
     "underground": 0,
     "waterway": "stream"
    },
    "type": "Feature"
   },
   {
    "geometry": {
     "coordinates": [
      [
       -79.866899,
       35.624026
      ],
      [
       -79.866542,
       35.623273
      ],
      [
       -79.865094,
       35.622004
      ]
     ],
     "type": "LineString"
    },
    "properties": {
     "length_km": 0.28,
     "n_sites": 0,
     "name": null,
     "order": 2,
     "riverKey": null,
     "underground": 0,
     "waterway": "stream"
    },
    "type": "Feature"
   },
   {
    "geometry": {
     "coordinates": [
      [
       -79.865437,
       35.712934
      ],
      [
       -79.863974,
       35.712962
      ],
      [
       -79.863252,
       35.71144
      ],
      [
       -79.862612,
       35.711094
      ]
     ],
     "type": "LineString"
    },
    "properties": {
     "length_km": 0.38,
     "n_sites": 0,
     "name": null,
     "order": 2,
     "riverKey": null,
     "underground": 0,
     "waterway": "stream"
    },
    "type": "Feature"
   },
   {
    "geometry": {
     "coordinates": [
      [
       -79.862142,
       35.67081
      ],
      [
       -79.862512,
       35.670426
      ],
      [
       -79.862857,
       35.670409
      ],
      [
       -79.863315,
       35.670634
      ],
      [
       -79.8658,
       35.669539
      ]
     ],
     "type": "LineString"
    },
    "properties": {
     "length_km": 0.39,
     "n_sites": 0,
     "name": null,
     "order": 2,
     "riverKey": null,
     "underground": 0,
     "waterway": "stream"
    },
    "type": "Feature"
   },
   {
    "geometry": {
     "coordinates": [
      [
       -79.862182,
       35.667787
      ],
      [
       -79.862405,
       35.668089
      ],
      [
       -79.863361,
       35.668655
      ],
      [
       -79.864978,
       35.668555
      ],
      [
       -79.865375,
       35.668737
      ],
      [
       -79.8658,
       35.669539
      ]
     ],
     "type": "LineString"
    },
    "properties": {
     "length_km": 0.43,
     "n_sites": 0,
     "name": null,
     "order": 2,
     "riverKey": null,
     "underground": 0,
     "waterway": "stream"
    },
    "type": "Feature"
   },
   {
    "geometry": {
     "coordinates": [
      [
       -79.864638,
       35.717936
      ],
      [
       -79.864854,
       35.718479
      ],
      [
       -79.864348,
       35.71898
      ],
      [
       -79.864079,
       35.719975
      ],
      [
       -79.86284,
       35.720992
      ],
      [
       -79.862746,
       35.722547
      ],
      [
       -79.862976,
       35.723124
      ],
      [
       -79.862532,
       35.724191
      ]
     ],
     "type": "LineString"
    },
    "properties": {
     "length_km": 0.77,
     "n_sites": 0,
     "name": null,
     "order": 2,
     "riverKey": null,
     "underground": 0,
     "waterway": "stream"
    },
    "type": "Feature"
   },
   {
    "geometry": {
     "coordinates": [
      [
       -79.86468,
       35.710467
      ],
      [
       -79.863851,
       35.710539
      ],
      [
       -79.8634,
       35.710116
      ],
      [
       -79.863097,
       35.710055
      ],
      [
       -79.862612,
       35.711094
      ]
     ],
     "type": "LineString"
    },
    "properties": {
     "length_km": 0.29,
     "n_sites": 0,
     "name": null,
     "order": 2,
     "riverKey": null,
     "underground": 0,
     "waterway": "stream"
    },
    "type": "Feature"
   },
   {
    "geometry": {
     "coordinates": [
      [
       -79.862195,
       35.664973
      ],
      [
       -79.862753,
       35.664044
      ],
      [
       -79.864132,
       35.662433
      ],
      [
       -79.864557,
       35.662202
      ],
      [
       -79.865035,
       35.662186
      ]
     ],
     "type": "LineString"
    },
    "properties": {
     "length_km": 0.42,
     "n_sites": 0,
     "name": null,
     "order": 2,
     "riverKey": null,
     "underground": 0,
     "waterway": "stream"
    },
    "type": "Feature"
   },
   {
    "geometry": {
     "coordinates": [
      [
       -79.865408,
       35.634673
      ],
      [
       -79.864754,
       35.633009
      ]
     ],
     "type": "LineString"
    },
    "properties": {
     "length_km": 0.19,
     "n_sites": 0,
     "name": null,
     "order": 2,
     "riverKey": null,
     "underground": 0,
     "waterway": "stream"
    },
    "type": "Feature"
   },
   {
    "geometry": {
     "coordinates": [
      [
       -79.865444,
       35.628573
      ],
      [
       -79.865296,
       35.627968
      ],
      [
       -79.865013,
       35.627699
      ],
      [
       -79.864784,
       35.627694
      ]
     ],
     "type": "LineString"
    },
    "properties": {
     "length_km": 0.13,
     "n_sites": 0,
     "name": null,
     "order": 2,
     "riverKey": null,
     "underground": 0,
     "waterway": "stream"
    },
    "type": "Feature"
   },
   {
    "geometry": {
     "coordinates": [
      [
       -79.861674,
       35.685171
      ],
      [
       -79.862241,
       35.68577
      ],
      [
       -79.86358,
       35.685846
      ],
      [
       -79.863951,
       35.685989
      ],
      [
       -79.864147,
       35.687643
      ],
      [
       -79.864681,
       35.688632
      ],
      [
       -79.86454,
       35.689143
      ],
      [
       -79.864896,
       35.68939
      ],
      [
       -79.864964,
       35.690214
      ],
      [
       -79.865288,
       35.690654
      ],
      [
       -79.865087,
       35.691616
      ],
      [
       -79.863847,
       35.691952
      ],
      [
       -79.86349,
       35.692221
      ],
      [
       -79.863214,
       35.693227
      ],
      [
       -79.863148,
       35.694475
      ]
     ],
     "type": "LineString"
    },
    "properties": {
     "length_km": 1.32,
     "n_sites": 0,
     "name": null,
     "order": 2,
     "riverKey": null,
     "underground": 0,
     "waterway": "stream"
    },
    "type": "Feature"
   },
   {
    "geometry": {
     "coordinates": [
      [
       -79.862612,
       35.711094
      ],
      [
       -79.860685,
       35.710793
      ],
      [
       -79.860125,
       35.71015
      ],
      [
       -79.859485,
       35.709853
      ],
      [
       -79.858973,
       35.70982
      ],
      [
       -79.85877,
       35.709974
      ]
     ],
     "type": "LineString"
    },
    "properties": {
     "length_km": 0.4,
     "n_sites": 0,
     "name": null,
     "order": 2,
     "riverKey": null,
     "underground": 0,
     "waterway": "stream"
    },
    "type": "Feature"
   },
   {
    "geometry": {
     "coordinates": [
      [
       -79.85812,
       35.664455
      ],
      [
       -79.859795,
       35.661913
      ],
      [
       -79.860199,
       35.66177
      ],
      [
       -79.861108,
       35.661968
      ],
      [
       -79.861216,
       35.661715
      ],
      [
       -79.86228,
       35.661214
      ],
      [
       -79.862873,
       35.661412
      ]
     ],
     "type": "LineString"
    },
    "properties": {
     "length_km": 0.64,
     "n_sites": 0,
     "name": null,
     "order": 2,
     "riverKey": null,
     "underground": 0,
     "waterway": "stream"
    },
    "type": "Feature"
   },
   {
    "geometry": {
     "coordinates": [
      [
       -79.861041,
       35.775993
      ],
      [
       -79.860583,
       35.776081
      ],
      [
       -79.859936,
       35.776818
      ],
      [
       -79.859686,
       35.776878
      ],
      [
       -79.858931,
       35.776378
      ],
      [
       -79.858613,
       35.775862
      ],
      [
       -79.858222,
       35.77595
      ],
      [
       -79.857986,
       35.775466
      ],
      [
       -79.858167,
       35.775082
      ],
      [
       -79.858039,
       35.774268
      ],
      [
       -79.857425,
       35.773477
      ],
      [
       -79.857371,
       35.773125
      ],
      [
       -79.856325,
       35.772027
      ],
      [
       -79.855678,
       35.771725
      ],
      [
       -79.855299,
       35.771109
      ],
      [
       -79.855003,
       35.770961
      ]
     ],
     "type": "LineString"
    },
    "properties": {
     "length_km": 1.02,
     "n_sites": 0,
     "name": null,
     "order": 2,
     "riverKey": null,
     "underground": 0,
     "waterway": "stream"
    },
    "type": "Feature"
   },
   {
    "geometry": {
     "coordinates": [
      [
       -79.855175,
       35.715779
      ],
      [
       -79.85591,
       35.716867
      ],
      [
       -79.856859,
       35.717371
      ],
      [
       -79.857478,
       35.71743
      ],
      [
       -79.85779,
       35.71768
      ],
      [
       -79.857886,
       35.719383
      ],
      [
       -79.858354,
       35.719758
      ],
      [
       -79.858819,
       35.719818
      ],
      [
       -79.860302,
       35.721006
      ],
      [
       -79.860538,
       35.721383
      ],
      [
       -79.860738,
       35.722416
      ],
      [
       -79.860267,
       35.722779
      ],
      [
       -79.860159,
       35.723285
      ],
      [
       -79.860726,
       35.723796
      ]
     ],
     "type": "LineString"
    },
    "properties": {
     "length_km": 1.17,
     "n_sites": 0,
     "name": null,
     "order": 2,
     "riverKey": null,
     "underground": 0,
     "waterway": "stream"
    },
    "type": "Feature"
   },
   {
    "geometry": {
     "coordinates": [
      [
       -79.860762,
       35.704961
      ],
      [
       -79.860641,
       35.705654
      ],
      [
       -79.859772,
       35.706814
      ],
      [
       -79.859382,
       35.708287
      ],
      [
       -79.858945,
       35.708837
      ],
      [
       -79.85877,
       35.709974
      ]
     ],
     "type": "LineString"
    },
    "properties": {
     "length_km": 0.6,
     "n_sites": 0,
     "name": null,
     "order": 2,
     "riverKey": null,
     "underground": 0,
     "waterway": "stream"
    },
    "type": "Feature"
   },
   {
    "geometry": {
     "coordinates": [
      [
       -79.859939,
       35.702478
      ],
      [
       -79.860108,
       35.702956
      ],
      [
       -79.860007,
       35.703945
      ],
      [
       -79.860762,
       35.704961
      ]
     ],
     "type": "LineString"
    },
    "properties": {
     "length_km": 0.3,
     "n_sites": 0,
     "name": null,
     "order": 2,
     "riverKey": null,
     "underground": 0,
     "waterway": "stream"
    },
    "type": "Feature"
   },
   {
    "geometry": {
     "coordinates": [
      [
       -79.859753,
       35.744202
      ],
      [
       -79.859609,
       35.743221
      ],
      [
       -79.860146,
       35.742776
      ]
     ],
     "type": "LineString"
    },
    "properties": {
     "length_km": 0.18,
     "n_sites": 0,
     "name": null,
     "order": 2,
     "riverKey": null,
     "underground": 0,
     "waterway": "stream"
    },
    "type": "Feature"
   },
   {
    "geometry": {
     "coordinates": [
      [
       -79.859345,
       35.675929
      ],
      [
       -79.859274,
       35.675172
      ],
      [
       -79.859548,
       35.674972
      ],
      [
       -79.859793,
       35.673527
      ],
      [
       -79.860083,
       35.672994
      ],
      [
       -79.861002,
       35.672488
      ],
      [
       -79.86092,
       35.672179
      ],
      [
       -79.861106,
       35.671941
      ]
     ],
     "type": "LineString"
    },
    "properties": {
     "length_km": 0.51,
     "n_sites": 0,
     "name": null,
     "order": 2,
     "riverKey": null,
     "underground": 0,
     "waterway": "stream"
    },
    "type": "Feature"
   },
   {
    "geometry": {
     "coordinates": [
      [
       -79.85877,
       35.709974
      ],
      [
       -79.858344,
       35.711555
      ],
      [
       -79.858147,
       35.714838
      ],
      [
       -79.857842,
       35.715282
      ],
      [
       -79.857846,
       35.715597
      ],
      [
       -79.857136,
       35.716284
      ]
     ],
     "type": "LineString"
    },
    "properties": {
     "length_km": 0.74,
     "n_sites": 0,
     "name": null,
     "order": 2,
     "riverKey": null,
     "underground": 0,
     "waterway": "stream"
    },
    "type": "Feature"
   },
   {
    "geometry": {
     "coordinates": [
      [
       -79.855124,
       35.682784
      ],
      [
       -79.856027,
       35.681612
      ],
      [
       -79.857044,
       35.680985
      ],
      [
       -79.857488,
       35.680358
      ],
      [
       -79.857945,
       35.677747
      ],
      [
       -79.858365,
       35.676973
      ],
      [
       -79.858211,
       35.676794
      ],
      [
       -79.859191,
       35.676067
      ]
     ],
     "type": "LineString"
    },
    "properties": {
     "length_km": 0.88,
     "n_sites": 0,
     "name": null,
     "order": 2,
     "riverKey": null,
     "underground": 0,
     "waterway": "stream"
    },
    "type": "Feature"
   },
   {
    "geometry": {
     "coordinates": [
      [
       -79.856499,
       35.795933
      ],
      [
       -79.855264,
       35.793916
      ],
      [
       -79.854468,
       35.793092
      ],
      [
       -79.852531,
       35.791802
      ]
     ],
     "type": "LineString"
    },
    "properties": {
     "length_km": 0.59,
     "n_sites": 0,
     "name": null,
     "order": 2,
     "riverKey": null,
     "underground": 0,
     "waterway": "stream"
    },
    "type": "Feature"
   },
   {
    "geometry": {
     "coordinates": [
      [
       -79.856671,
       35.777033
      ],
      [
       -79.856098,
       35.776302
      ],
      [
       -79.85535,
       35.775868
      ],
      [
       -79.855228,
       35.775643
      ],
      [
       -79.854896,
       35.773516
      ],
      [
       -79.855058,
       35.772956
      ],
      [
       -79.854821,
       35.77145
      ],
      [
       -79.855003,
       35.770961
      ]
     ],
     "type": "LineString"
    },
    "properties": {
     "length_km": 0.73,
     "n_sites": 0,
     "name": null,
     "order": 2,
     "riverKey": null,
     "underground": 0,
     "waterway": "stream"
    },
    "type": "Feature"
   },
   {
    "geometry": {
     "coordinates": [
      [
       -79.857017,
       35.654379
      ],
      [
       -79.856923,
       35.655171
      ],
      [
       -79.855846,
       35.656974
      ],
      [
       -79.856655,
       35.658227
      ],
      [
       -79.857396,
       35.658787
      ],
      [
       -79.858097,
       35.659045
      ],
      [
       -79.858029,
       35.659468
      ],
      [
       -79.858252,
       35.660155
      ]
     ],
     "type": "LineString"
    },
    "properties": {
     "length_km": 0.76,
     "n_sites": 0,
     "name": null,
     "order": 2,
     "riverKey": null,
     "underground": 0,
     "waterway": "stream"
    },
    "type": "Feature"
   },
   {
    "geometry": {
     "coordinates": [
      [
       -79.858527,
       35.633841
      ],
      [
       -79.858527,
       35.633572
      ],
      [
       -79.857941,
       35.632786
      ],
      [
       -79.857906,
       35.632027
      ],
      [
       -79.857604,
       35.631714
      ],
      [
       -79.857778,
       35.631192
      ],
      [
       -79.857475,
       35.630857
      ],
      [
       -79.856633,
       35.628664
      ],
      [
       -79.856215,
       35.628159
      ]
     ],
     "type": "LineString"
    },
    "properties": {
     "length_km": 0.69,
     "n_sites": 0,
     "name": null,
     "order": 2,
     "riverKey": null,
     "underground": 0,
     "waterway": "stream"
    },
    "type": "Feature"
   },
   {
    "geometry": {
     "coordinates": [
      [
       -79.855773,
       35.673049
      ],
      [
       -79.855611,
       35.671719
      ],
      [
       -79.855832,
       35.670147
      ],
      [
       -79.856263,
       35.669004
      ],
      [
       -79.857138,
       35.668608
      ],
      [
       -79.857293,
       35.668375
      ],
      [
       -79.857407,
       35.666629
      ],
      [
       -79.857695,
       35.666432
      ],
      [
       -79.857474,
       35.666092
      ],
      [
       -79.857834,
       35.665909
      ],
      [
       -79.857697,
       35.665527
      ]
     ],
     "type": "LineString"
    },
    "properties": {
     "length_km": 0.93,
     "n_sites": 0,
     "name": null,
     "order": 2,
     "riverKey": null,
     "underground": 0,
     "waterway": "stream"
    },
    "type": "Feature"
   },
   {
    "geometry": {
     "coordinates": [
      [
       -79.85457,
       35.732195
      ],
      [
       -79.855856,
       35.730881
      ],
      [
       -79.855916,
       35.729376
      ],
      [
       -79.856569,
       35.727551
      ],
      [
       -79.8564,
       35.725924
      ],
      [
       -79.856811,
       35.725671
      ]
     ],
     "type": "LineString"
    },
    "properties": {
     "length_km": 0.79,
     "n_sites": 0,
     "name": null,
     "order": 2,
     "riverKey": null,
     "underground": 0,
     "waterway": "stream"
    },
    "type": "Feature"
   },
   {
    "geometry": {
     "coordinates": [
      [
       -79.855149,
       35.690691
      ],
      [
       -79.855344,
       35.690696
      ],
      [
       -79.855399,
       35.691191
      ],
      [
       -79.856713,
       35.691751
      ],
      [
       -79.857178,
       35.692971
      ]
     ],
     "type": "LineString"
    },
    "properties": {
     "length_km": 0.35,
     "n_sites": 0,
     "name": null,
     "order": 2,
     "riverKey": null,
     "underground": 0,
     "waterway": "stream"
    },
    "type": "Feature"
   },
   {
    "geometry": {
     "coordinates": [
      [
       -79.855003,
       35.770961
      ],
      [
       -79.854598,
       35.769999
      ],
      [
       -79.854604,
       35.76862
      ],
      [
       -79.853848,
       35.767862
      ],
      [
       -79.853956,
       35.767131
      ],
      [
       -79.853834,
       35.766675
      ],
      [
       -79.854131,
       35.766224
      ],
      [
       -79.855061,
       35.766421
      ],
      [
       -79.855135,
       35.766328
      ],
      [
       -79.854878,
       35.765487
      ],
      [
       -79.854386,
       35.765031
      ],
      [
       -79.85413,
       35.764476
      ],
      [
       -79.854197,
       35.763855
      ],
      [
       -79.854608,
       35.763553
      ],
      [
       -79.854661,
       35.762943
      ],
      [
       -79.854425,
       35.762481
      ],
      [
       -79.853784,
       35.761965
      ],
      [
       -79.853643,
       35.76152
      ],
      [
       -79.853824,
       35.761432
      ],
      [
       -79.853757,
       35.761157
      ],
      [
       -79.854067,
       35.760849
      ],
      [
       -79.854131,
       35.760121
      ]
     ],
     "type": "LineString"
    },
    "properties": {
     "length_km": 1.44,
     "n_sites": 0,
     "name": null,
     "order": 2,
     "riverKey": null,
     "underground": 0,
     "waterway": "stream"
    },
    "type": "Feature"
   },
   {
    "geometry": {
     "coordinates": [
      [
       -79.853406,
       35.707784
      ],
      [
       -79.852955,
       35.70968
      ],
      [
       -79.852524,
       35.710482
      ],
      [
       -79.852565,
       35.711488
      ],
      [
       -79.853253,
       35.712609
      ],
      [
       -79.85479,
       35.71368
      ],
      [
       -79.854743,
       35.715032
      ],
      [
       -79.855175,
       35.715779
      ]
     ],
     "type": "LineString"
    },
    "properties": {
     "length_km": 0.99,
     "n_sites": 0,
     "name": null,
     "order": 2,
     "riverKey": null,
     "underground": 0,
     "waterway": "stream"
    },
    "type": "Feature"
   },
   {
    "geometry": {
     "coordinates": [
      [
       -79.849324,
       35.691825
      ],
      [
       -79.849586,
       35.692556
      ],
      [
       -79.849748,
       35.694166
      ],
      [
       -79.850126,
       35.695166
      ],
      [
       -79.849742,
       35.695562
      ],
      [
       -79.850416,
       35.696579
      ],
      [
       -79.849507,
       35.698453
      ],
      [
       -79.849231,
       35.698777
      ],
      [
       -79.848786,
       35.698964
      ],
      [
       -79.848645,
       35.700168
      ],
      [
       -79.847392,
       35.700937
      ],
      [
       -79.847433,
       35.701465
      ],
      [
       -79.84779,
       35.701745
      ],
      [
       -79.848202,
       35.702624
      ],
      [
       -79.848579,
       35.702833
      ],
      [
       -79.848875,
       35.703438
      ],
      [
       -79.850028,
       35.703932
      ],
      [
       -79.849563,
       35.704526
      ],
      [
       -79.849631,
       35.705356
      ],
      [
       -79.849483,
       35.706026
      ],
      [
       -79.849996,
       35.707059
      ],
      [
       -79.850642,
       35.707488
      ],
      [
       -79.849842,
       35.70934
      ],
      [
       -79.85059,
       35.710483
      ],
      [
       -79.850375,
       35.710851
      ],
      [
       -79.850462,
       35.711461
      ],
      [
       -79.850248,
       35.712318
      ],
      [
       -79.851184,
       35.712489
      ],
      [
       -79.851338,
       35.714823
      ],
      [
       -79.852435,
       35.716077
      ],
      [
       -79.853006,
       35.716423
      ],
      [
       -79.854238,
       35.715747
      ],
      [
       -79.855175,
       35.715779
      ]
     ],
     "type": "LineString"
    },
    "properties": {
     "length_km": 3.41,
     "n_sites": 0,
     "name": null,
     "order": 2,
     "riverKey": null,
     "underground": 0,
     "waterway": "stream"
    },
    "type": "Feature"
   },
   {
    "geometry": {
     "coordinates": [
      [
       -79.854411,
       35.642267
      ],
      [
       -79.854141,
       35.641328
      ],
      [
       -79.852794,
       35.63935
      ],
      [
       -79.852961,
       35.637871
      ],
      [
       -79.852334,
       35.635195
      ],
      [
       -79.852286,
       35.633865
      ],
      [
       -79.853323,
       35.632122
      ],
      [
       -79.853423,
       35.631617
      ],
      [
       -79.854412,
       35.631006
      ],
      [
       -79.855152,
       35.629445
      ],
      [
       -79.855764,
       35.629143
      ],
      [
       -79.856215,
       35.628159
      ]
     ],
     "type": "LineString"
    },
    "properties": {
     "length_km": 1.72,
     "n_sites": 0,
     "name": null,
     "order": 2,
     "riverKey": null,
     "underground": 0,
     "waterway": "stream"
    },
    "type": "Feature"
   },
   {
    "geometry": {
     "coordinates": [
      [
       -79.856215,
       35.628159
      ],
      [
       -79.856215,
       35.627945
      ],
      [
       -79.855824,
       35.627549
      ],
      [
       -79.856086,
       35.626538
      ],
      [
       -79.855991,
       35.625884
      ],
      [
       -79.855601,
       35.625532
      ],
      [
       -79.855478,
       35.625037
      ],
      [
       -79.855067,
       35.624877
      ],
      [
       -79.854204,
       35.624031
      ],
      [
       -79.854271,
       35.623789
      ],
      [
       -79.854911,
       35.623311
      ],
      [
       -79.854964,
       35.623058
      ]
     ],
     "type": "LineString"
    },
    "properties": {
     "length_km": 0.67,
     "n_sites": 0,
     "name": null,
     "order": 2,
     "riverKey": null,
     "underground": 0,
     "waterway": "stream"
    },
    "type": "Feature"
   },
   {
    "geometry": {
     "coordinates": [
      [
       -79.84668,
       35.752047
      ],
      [
       -79.848548,
       35.751684
      ],
      [
       -79.850165,
       35.751051
      ],
      [
       -79.85208,
       35.750595
      ],
      [
       -79.852966,
       35.74987
      ],
      [
       -79.853633,
       35.749826
      ],
      [
       -79.853762,
       35.74926
      ]
     ],
     "type": "LineString"
    },
    "properties": {
     "length_km": 0.75,
     "n_sites": 0,
     "name": null,
     "order": 2,
     "riverKey": null,
     "underground": 0,
     "waterway": "stream"
    },
    "type": "Feature"
   },
   {
    "geometry": {
     "coordinates": [
      [
       -79.836013,
       35.753346
      ],
      [
       -79.836486,
       35.75333
      ],
      [
       -79.837053,
       35.753555
      ],
      [
       -79.837822,
       35.753132
      ],
      [
       -79.839615,
       35.752692
      ],
      [
       -79.839911,
       35.752241
      ],
      [
       -79.843939,
       35.74907
      ],
      [
       -79.84462,
       35.748927
      ],
      [
       -79.846319,
       35.748976
      ],
      [
       -79.846831,
       35.748789
      ],
      [
       -79.847404,
       35.747542
      ],
      [
       -79.847761,
       35.747135
      ],
      [
       -79.848246,
       35.746898
      ],
      [
       -79.849116,
       35.746805
      ],
      [
       -79.850181,
       35.747277
      ],
      [
       -79.850579,
       35.748167
      ],
      [
       -79.850614,
       35.749508
      ],
      [
       -79.850857,
       35.749887
      ],
      [
       -79.851146,
       35.749975
      ],
      [
       -79.851672,
       35.749937
      ],
      [
       -79.852413,
       35.749502
      ],
      [
       -79.852856,
       35.748758
      ],
      [
       -79.853777,
       35.747932
      ]
     ],
     "type": "LineString"
    },
    "properties": {
     "length_km": 2.3,
     "n_sites": 0,
     "name": null,
     "order": 2,
     "riverKey": null,
     "underground": 0,
     "waterway": "stream"
    },
    "type": "Feature"
   },
   {
    "geometry": {
     "coordinates": [
      [
       -79.845149,
       35.802218
      ],
      [
       -79.845828,
       35.801501
      ],
      [
       -79.846301,
       35.801556
      ],
      [
       -79.846882,
       35.800959
      ],
      [
       -79.848495,
       35.800849
      ],
      [
       -79.849567,
       35.800134
      ],
      [
       -79.849722,
       35.799101
      ],
      [
       -79.850686,
       35.797677
      ],
      [
       -79.850888,
       35.797072
      ],
      [
       -79.851198,
       35.796875
      ],
      [
       -79.851454,
       35.796242
      ],
      [
       -79.851339,
       35.795654
      ],
      [
       -79.851467,
       35.79511
      ],
      [
       -79.851217,
       35.794462
      ],
      [
       -79.8514,
       35.794132
      ],
      [
       -79.851804,
       35.794055
      ],
      [
       -79.851938,
       35.793242
      ],
      [
       -79.851627,
       35.792522
      ],
      [
       -79.851843,
       35.792093
      ],
      [
       -79.852282,
       35.792016
      ],
      [
       -79.852531,
       35.791802
      ]
     ],
     "type": "LineString"
    },
    "properties": {
     "length_km": 1.56,
     "n_sites": 0,
     "name": null,
     "order": 2,
     "riverKey": null,
     "underground": 0,
     "waterway": "stream"
    },
    "type": "Feature"
   },
   {
    "geometry": {
     "coordinates": [
      [
       -79.852531,
       35.791802
      ],
      [
       -79.851269,
       35.790219
      ],
      [
       -79.852307,
       35.789609
      ],
      [
       -79.852476,
       35.789262
      ],
      [
       -79.852692,
       35.787933
      ],
      [
       -79.852192,
       35.787031
      ],
      [
       -79.852542,
       35.786707
      ],
      [
       -79.852467,
       35.785624
      ],
      [
       -79.852042,
       35.784833
      ],
      [
       -79.852621,
       35.783124
      ],
      [
       -79.851765,
       35.782486
      ],
      [
       -79.850321,
       35.781981
      ],
      [
       -79.849269,
       35.781284
      ],
      [
       -79.847994,
       35.780866
      ],
      [
       -79.846955,
       35.780878
      ]
     ],
     "type": "LineString"
    },
    "properties": {
     "length_km": 1.67,
     "n_sites": 0,
     "name": null,
     "order": 2,
     "riverKey": null,
     "underground": 0,
     "waterway": "stream"
    },
    "type": "Feature"
   },
   {
    "geometry": {
     "coordinates": [
      [
       -79.851928,
       35.800683
      ],
      [
       -79.85099,
       35.800727
      ],
      [
       -79.849722,
       35.800211
      ],
      [
       -79.84952,
       35.801398
      ],
      [
       -79.849096,
       35.802167
      ],
      [
       -79.849231,
       35.802563
      ],
      [
       -79.84832,
       35.803828
      ],
      [
       -79.848584,
       35.805718
      ]
     ],
     "type": "LineString"
    },
    "properties": {
     "length_km": 0.86,
     "n_sites": 0,
     "name": null,
     "order": 2,
     "riverKey": null,
     "underground": 0,
     "waterway": "stream"
    },
    "type": "Feature"
   },
   {
    "geometry": {
     "coordinates": [
      [
       -79.853809,
       35.649116
      ],
      [
       -79.852663,
       35.647577
      ],
      [
       -79.850272,
       35.645451
      ],
      [
       -79.848049,
       35.644122
      ],
      [
       -79.846333,
       35.643721
      ],
      [
       -79.846117,
       35.642836
      ],
      [
       -79.845787,
       35.642314
      ],
      [
       -79.845847,
       35.641858
      ]
     ],
     "type": "LineString"
    },
    "properties": {
     "length_km": 1.15,
     "n_sites": 0,
     "name": null,
     "order": 2,
     "riverKey": null,
     "underground": 0,
     "waterway": "stream"
    },
    "type": "Feature"
   },
   {
    "geometry": {
     "coordinates": [
      [
       -79.853171,
       35.686841
      ],
      [
       -79.85317,
       35.687088
      ],
      [
       -79.852379,
       35.686989
      ],
      [
       -79.851843,
       35.687597
      ],
      [
       -79.850579,
       35.687942
      ],
      [
       -79.84964,
       35.685495
      ],
      [
       -79.849804,
       35.684945
      ],
      [
       -79.849727,
       35.684516
      ],
      [
       -79.849913,
       35.68436
      ]
     ],
     "type": "LineString"
    },
    "properties": {
     "length_km": 0.72,
     "n_sites": 0,
     "name": null,
     "order": 2,
     "riverKey": null,
     "underground": 0,
     "waterway": "stream"
    },
    "type": "Feature"
   },
   {
    "geometry": {
     "coordinates": [
      [
       -79.852009,
       35.672418
      ],
      [
       -79.851624,
       35.671869
      ],
      [
       -79.850997,
       35.669808
      ],
      [
       -79.850383,
       35.669149
      ],
      [
       -79.850074,
       35.669259
      ],
      [
       -79.849764,
       35.668946
      ],
      [
       -79.848672,
       35.668919
      ],
      [
       -79.84837,
       35.668435
      ],
      [
       -79.847642,
       35.66782
      ],
      [
       -79.847298,
       35.666924
      ]
     ],
     "type": "LineString"
    },
    "properties": {
     "length_km": 0.83,
     "n_sites": 0,
     "name": null,
     "order": 2,
     "riverKey": null,
     "underground": 0,
     "waterway": "stream"
    },
    "type": "Feature"
   },
   {
    "geometry": {
     "coordinates": [
      [
       -79.851196,
       35.655292
      ],
      [
       -79.850449,
       35.654399
      ],
      [
       -79.850477,
       35.654203
      ],
      [
       -79.849816,
       35.653823
      ],
      [
       -79.84942,
       35.652962
      ],
      [
       -79.848188,
       35.652095
      ],
      [
       -79.846691,
       35.651374
      ],
      [
       -79.846486,
       35.650716
      ]
     ],
     "type": "LineString"
    },
    "properties": {
     "length_km": 0.7,
     "n_sites": 0,
     "name": null,
     "order": 2,
     "riverKey": null,
     "underground": 0,
     "waterway": "stream"
    },
    "type": "Feature"
   },
   {
    "geometry": {
     "coordinates": [
      [
       -79.850031,
       35.688288
      ],
      [
       -79.849898,
       35.688426
      ],
      [
       -79.850177,
       35.688868
      ],
      [
       -79.848949,
       35.690894
      ]
     ],
     "type": "LineString"
    },
    "properties": {
     "length_km": 0.33,
     "n_sites": 0,
     "name": null,
     "order": 2,
     "riverKey": null,
     "underground": 0,
     "waterway": "stream"
    },
    "type": "Feature"
   },
   {
    "geometry": {
     "coordinates": [
      [
       -79.850183,
       35.652714
      ],
      [
       -79.848752,
       35.651781
      ],
      [
       -79.848536,
       35.651465
      ],
      [
       -79.848277,
       35.651511
      ],
      [
       -79.846486,
       35.650716
      ]
     ],
     "type": "LineString"
    },
    "properties": {
     "length_km": 0.41,
     "n_sites": 0,
     "name": null,
     "order": 2,
     "riverKey": null,
     "underground": 0,
     "waterway": "stream"
    },
    "type": "Feature"
   },
   {
    "geometry": {
     "coordinates": [
      [
       -79.848499,
       35.764044
      ],
      [
       -79.847588,
       35.763522
      ],
      [
       -79.847491,
       35.763233
      ]
     ],
     "type": "LineString"
    },
    "properties": {
     "length_km": 0.13,
     "n_sites": 0,
     "name": null,
     "order": 2,
     "riverKey": null,
     "underground": 0,
     "waterway": "stream"
    },
    "type": "Feature"
   },
   {
    "geometry": {
     "coordinates": [
      [
       -79.846994,
       35.759879
      ],
      [
       -79.84754,
       35.760483
      ],
      [
       -79.848457,
       35.760758
      ]
     ],
     "type": "LineString"
    },
    "properties": {
     "length_km": 0.17,
     "n_sites": 0,
     "name": null,
     "order": 2,
     "riverKey": null,
     "underground": 0,
     "waterway": "stream"
    },
    "type": "Feature"
   },
   {
    "geometry": {
     "coordinates": [
      [
       -79.845538,
       35.723081
      ],
      [
       -79.846316,
       35.722415
      ],
      [
       -79.84732,
       35.722426
      ],
      [
       -79.848296,
       35.721431
      ],
      [
       -79.849003,
       35.72101
      ]
     ],
     "type": "LineString"
    },
    "properties": {
     "length_km": 0.41,
     "n_sites": 0,
     "name": null,
     "order": 2,
     "riverKey": null,
     "underground": 0,
     "waterway": "stream"
    },
    "type": "Feature"
   },
   {
    "geometry": {
     "coordinates": [
      [
       -79.847249,
       35.790193
      ],
      [
       -79.846129,
       35.789094
      ]
     ],
     "type": "LineString"
    },
    "properties": {
     "length_km": 0.16,
     "n_sites": 0,
     "name": null,
     "order": 2,
     "riverKey": null,
     "underground": 0,
     "waterway": "stream"
    },
    "type": "Feature"
   },
   {
    "geometry": {
     "coordinates": [
      [
       -79.848988,
       35.665165
      ],
      [
       -79.847338,
       35.664891
      ],
      [
       -79.84723,
       35.665572
      ],
      [
       -79.847439,
       35.666413
      ],
      [
       -79.847298,
       35.666924
      ]
     ],
     "type": "LineString"
    },
    "properties": {
     "length_km": 0.38,
     "n_sites": 0,
     "name": null,
     "order": 2,
     "riverKey": null,
     "underground": 0,
     "waterway": "stream"
    },
    "type": "Feature"
   },
   {
    "geometry": {
     "coordinates": [
      [
       -79.849208,
       35.62701
      ],
      [
       -79.84885,
       35.626089
      ],
      [
       -79.849193,
       35.625688
      ],
      [
       -79.849543,
       35.625677
      ],
      [
       -79.849078,
       35.625331
      ],
      [
       -79.848641,
       35.625232
      ],
      [
       -79.848126,
       35.624522
      ]
     ],
     "type": "LineString"
    },
    "properties": {
     "length_km": 0.38,
     "n_sites": 0,
     "name": null,
     "order": 2,
     "riverKey": null,
     "underground": 0,
     "waterway": "stream"
    },
    "type": "Feature"
   },
   {
    "geometry": {
     "coordinates": [
      [
       -79.846129,
       35.789094
      ],
      [
       -79.846115,
       35.788511
      ],
      [
       -79.846594,
       35.788286
      ],
      [
       -79.846641,
       35.788033
      ],
      [
       -79.847241,
       35.787379
      ],
      [
       -79.846762,
       35.78645
      ],
      [
       -79.846687,
       35.785351
      ],
      [
       -79.846949,
       35.783433
      ],
      [
       -79.847603,
       35.781949
      ],
      [
       -79.847259,
       35.781152
      ],
      [
       -79.846955,
       35.780878
      ]
     ],
     "type": "LineString"
    },
    "properties": {
     "length_km": 0.99,
     "n_sites": 0,
     "name": null,
     "order": 2,
     "riverKey": null,
     "underground": 0,
     "waterway": "stream"
    },
    "type": "Feature"
   },
   {
    "geometry": {
     "coordinates": [
      [
       -79.846955,
       35.780878
      ],
      [
       -79.844938,
       35.779642
      ]
     ],
     "type": "LineString"
    },
    "properties": {
     "length_km": 0.23,
     "n_sites": 0,
     "name": null,
     "order": 2,
     "riverKey": null,
     "underground": 0,
     "waterway": "stream"
    },
    "type": "Feature"
   },
   {
    "geometry": {
     "coordinates": [
      [
       -79.844403,
       35.756807
      ],
      [
       -79.847033,
       35.758538
      ],
      [
       -79.847209,
       35.759158
      ],
      [
       -79.846994,
       35.759879
      ]
     ],
     "type": "LineString"
    },
    "properties": {
     "length_km": 0.46,
     "n_sites": 0,
     "name": null,
     "order": 2,
     "riverKey": null,
     "underground": 0,
     "waterway": "stream"
    },
    "type": "Feature"
   },
   {
    "geometry": {
     "coordinates": [
      [
       -79.845011,
       35.759758
      ],
      [
       -79.845935,
       35.759956
      ],
      [
       -79.846994,
       35.759879
      ]
     ],
     "type": "LineString"
    },
    "properties": {
     "length_km": 0.18,
     "n_sites": 0,
     "name": null,
     "order": 2,
     "riverKey": null,
     "underground": 0,
     "waterway": "stream"
    },
    "type": "Feature"
   },
   {
    "geometry": {
     "coordinates": [
      [
       -79.839095,
       35.798803
      ],
      [
       -79.841053,
       35.797608
      ],
      [
       -79.841491,
       35.797526
      ],
      [
       -79.842806,
       35.796168
      ],
      [
       -79.843022,
       35.795525
      ],
      [
       -79.842833,
       35.794915
      ],
      [
       -79.842886,
       35.794354
      ],
      [
       -79.84342,
       35.793695
      ],
      [
       -79.843756,
       35.793629
      ],
      [
       -79.844843,
       35.793843
      ],
      [
       -79.84497,
       35.794024
      ],
      [
       -79.84516,
       35.793865
      ],
      [
       -79.845375,
       35.793359
      ],
      [
       -79.845159,
       35.793232
      ],
      [
       -79.845065,
       35.79287
      ],
      [
       -79.845307,
       35.791776
      ],
      [
       -79.845003,
       35.791133
      ],
      [
       -79.845083,
       35.789408
      ],
      [
       -79.84536,
       35.789056
      ],
      [
       -79.846129,
       35.789094
      ]
     ],
     "type": "LineString"
    },
    "properties": {
     "length_km": 1.56,
     "n_sites": 0,
     "name": null,
     "order": 2,
     "riverKey": null,
     "underground": 0,
     "waterway": "stream"
    },
    "type": "Feature"
   },
   {
    "geometry": {
     "coordinates": [
      [
       -79.84392,
       35.673795
      ],
      [
       -79.844061,
       35.673152
      ],
      [
       -79.845124,
       35.670799
      ],
      [
       -79.84503,
       35.669656
      ],
      [
       -79.845453,
       35.668255
      ],
      [
       -79.846201,
       35.667474
      ],
      [
       -79.847298,
       35.666924
      ]
     ],
     "type": "LineString"
    },
    "properties": {
     "length_km": 0.86,
     "n_sites": 0,
     "name": null,
     "order": 2,
     "riverKey": null,
     "underground": 0,
     "waterway": "stream"
    },
    "type": "Feature"
   },
   {
    "geometry": {
     "coordinates": [
      [
       -79.845535,
       35.707291
      ],
      [
       -79.846061,
       35.70833
      ],
      [
       -79.847268,
       35.709291
      ],
      [
       -79.847571,
       35.710912
      ],
      [
       -79.848333,
       35.711681
      ],
      [
       -79.847141,
       35.713028
      ],
      [
       -79.846818,
       35.714095
      ],
      [
       -79.846502,
       35.71432
      ]
     ],
     "type": "LineString"
    },
    "properties": {
     "length_km": 0.91,
     "n_sites": 0,
     "name": null,
     "order": 2,
     "riverKey": null,
     "underground": 0,
     "waterway": "stream"
    },
    "type": "Feature"
   },
   {
    "geometry": {
     "coordinates": [
      [
       -79.847221,
       35.663967
      ],
      [
       -79.84698,
       35.6635
      ],
      [
       -79.846832,
       35.66244
      ],
      [
       -79.846548,
       35.662099
      ],
      [
       -79.846513,
       35.661511
      ],
      [
       -79.843349,
       35.660347
      ]
     ],
     "type": "LineString"
    },
    "properties": {
     "length_km": 0.6,
     "n_sites": 0,
     "name": null,
     "order": 2,
     "riverKey": null,
     "underground": 0,
     "waterway": "stream"
    },
    "type": "Feature"
   },
   {
    "geometry": {
     "coordinates": [
      [
       -79.841447,
       35.786507
      ],
      [
       -79.84264,
       35.785512
      ],
      [
       -79.843462,
       35.783407
      ],
      [
       -79.843766,
       35.783
      ],
      [
       -79.843961,
       35.781983
      ],
      [
       -79.844938,
       35.779642
      ]
     ],
     "type": "LineString"
    },
    "properties": {
     "length_km": 0.84,
     "n_sites": 0,
     "name": null,
     "order": 2,
     "riverKey": null,
     "underground": 0,
     "waterway": "stream"
    },
    "type": "Feature"
   },
   {
    "geometry": {
     "coordinates": [
      [
       -79.844938,
       35.779642
      ],
      [
       -79.842672,
       35.778263
      ],
      [
       -79.842361,
       35.777483
      ],
      [
       -79.841929,
       35.777043
      ],
      [
       -79.841868,
       35.776669
      ],
      [
       -79.841457,
       35.776279
      ],
      [
       -79.840681,
       35.775906
      ]
     ],
     "type": "LineString"
    },
    "properties": {
     "length_km": 0.59,
     "n_sites": 0,
     "name": null,
     "order": 2,
     "riverKey": null,
     "underground": 0,
     "waterway": "stream"
    },
    "type": "Feature"
   },
   {
    "geometry": {
     "coordinates": [
      [
       -79.84474,
       35.772931
      ],
      [
       -79.84298,
       35.772349
      ],
      [
       -79.842352,
       35.771915
      ]
     ],
     "type": "LineString"
    },
    "properties": {
     "length_km": 0.25,
     "n_sites": 0,
     "name": null,
     "order": 2,
     "riverKey": null,
     "underground": 0,
     "waterway": "stream"
    },
    "type": "Feature"
   },
   {
    "geometry": {
     "coordinates": [
      [
       -79.846486,
       35.650716
      ],
      [
       -79.846416,
       35.650435
      ],
      [
       -79.846078,
       35.650442
      ],
      [
       -79.845778,
       35.650174
      ],
      [
       -79.84552,
       35.650227
      ],
      [
       -79.844994,
       35.650053
      ],
      [
       -79.844738,
       35.649747
      ],
      [
       -79.844268,
       35.64981
      ],
      [
       -79.843778,
       35.649482
      ],
      [
       -79.843813,
       35.648101
      ],
      [
       -79.843654,
       35.647639
      ]
     ],
     "type": "LineString"
    },
    "properties": {
     "length_km": 0.53,
     "n_sites": 0,
     "name": null,
     "order": 2,
     "riverKey": null,
     "underground": 0,
     "waterway": "stream"
    },
    "type": "Feature"
   },
   {
    "geometry": {
     "coordinates": [
      [
       -79.838235,
       35.721214
      ],
      [
       -79.83874,
       35.721285
      ],
      [
       -79.839414,
       35.721142
      ],
      [
       -79.840263,
       35.721279
      ],
      [
       -79.840681,
       35.721499
      ],
      [
       -79.841625,
       35.721444
      ],
      [
       -79.842049,
       35.721641
      ],
      [
       -79.842838,
       35.722361
      ],
      [
       -79.844418,
       35.722775
      ]
     ],
     "type": "LineString"
    },
    "properties": {
     "length_km": 0.62,
     "n_sites": 0,
     "name": null,
     "order": 2,
     "riverKey": null,
     "underground": 0,
     "waterway": "stream"
    },
    "type": "Feature"
   },
   {
    "geometry": {
     "coordinates": [
      [
       -79.843265,
       35.631603
      ],
      [
       -79.843352,
       35.632213
      ],
      [
       -79.843891,
       35.63306
      ],
      [
       -79.844316,
       35.633329
      ],
      [
       -79.845036,
       35.633444
      ]
     ],
     "type": "LineString"
    },
    "properties": {
     "length_km": 0.29,
     "n_sites": 0,
     "name": null,
     "order": 2,
     "riverKey": null,
     "underground": 0,
     "waterway": "stream"
    },
    "type": "Feature"
   },
   {
    "geometry": {
     "coordinates": [
      [
       -79.830118,
       35.763658
      ],
      [
       -79.830758,
       35.763839
      ],
      [
       -79.831803,
       35.763806
      ],
      [
       -79.832268,
       35.76186
      ],
      [
       -79.832693,
       35.761728
      ],
      [
       -79.832612,
       35.761536
      ],
      [
       -79.832821,
       35.761157
      ],
      [
       -79.833583,
       35.760997
      ],
      [
       -79.833583,
       35.761239
      ],
      [
       -79.834143,
       35.761305
      ],
      [
       -79.834614,
       35.76092
      ],
      [
       -79.835686,
       35.760711
      ],
      [
       -79.836132,
       35.7612
      ],
      [
       -79.83655,
       35.761255
      ],
      [
       -79.837082,
       35.76081
      ],
      [
       -79.837379,
       35.760996
      ],
      [
       -79.837648,
       35.760755
      ],
      [
       -79.838869,
       35.761095
      ],
      [
       -79.83926,
       35.761524
      ],
      [
       -79.839982,
       35.761463
      ],
      [
       -79.840467,
       35.761969
      ],
      [
       -79.841108,
       35.762276
      ],
      [
       -79.841951,
       35.763919
      ],
      [
       -79.842417,
       35.764425
      ],
      [
       -79.842923,
       35.764677
      ]
     ],
     "type": "LineString"
    },
    "properties": {
     "length_km": 1.74,
     "n_sites": 0,
     "name": null,
     "order": 2,
     "riverKey": null,
     "underground": 0,
     "waterway": "stream"
    },
    "type": "Feature"
   },
   {
    "geometry": {
     "coordinates": [
      [
       -79.833131,
       35.720718
      ],
      [
       -79.832573,
       35.719456
      ],
      [
       -79.832661,
       35.718483
      ],
      [
       -79.832357,
       35.716527
      ],
      [
       -79.832653,
       35.714658
      ],
      [
       -79.833927,
       35.714812
      ],
      [
       -79.834675,
       35.7144
      ],
      [
       -79.836191,
       35.714267
      ],
      [
       -79.837956,
       35.715438
      ],
      [
       -79.839823,
       35.715805
      ],
      [
       -79.841326,
       35.715382
      ],
      [
       -79.841454,
       35.71519
      ],
      [
       -79.842189,
       35.714937
      ],
      [
       -79.842957,
       35.714096
      ],
      [
       -79.843456,
       35.714035
      ]
     ],
     "type": "LineString"
    },
    "properties": {
     "length_km": 1.8,
     "n_sites": 0,
     "name": null,
     "order": 2,
     "riverKey": null,
     "underground": 0,
     "waterway": "stream"
    },
    "type": "Feature"
   },
   {
    "geometry": {
     "coordinates": [
      [
       -79.837407,
       35.727264
      ],
      [
       -79.837792,
       35.729584
      ],
      [
       -79.83844,
       35.730798
      ],
      [
       -79.838426,
       35.731777
      ],
      [
       -79.839107,
       35.731952
      ],
      [
       -79.839619,
       35.731776
      ],
      [
       -79.841567,
       35.731561
      ],
      [
       -79.841898,
       35.731792
      ],
      [
       -79.842275,
       35.731715
      ]
     ],
     "type": "LineString"
    },
    "properties": {
     "length_km": 0.88,
     "n_sites": 0,
     "name": null,
     "order": 2,
     "riverKey": null,
     "underground": 0,
     "waterway": "stream"
    },
    "type": "Feature"
   },
   {
    "geometry": {
     "coordinates": [
      [
       -79.843061,
       35.664051
      ],
      [
       -79.842515,
       35.663578
      ],
      [
       -79.841801,
       35.663227
      ]
     ],
     "type": "LineString"
    },
    "properties": {
     "length_km": 0.15,
     "n_sites": 0,
     "name": null,
     "order": 2,
     "riverKey": null,
     "underground": 0,
     "waterway": "stream"
    },
    "type": "Feature"
   },
   {
    "geometry": {
     "coordinates": [
      [
       -79.826158,
       35.774136
      ],
      [
       -79.826377,
       35.774034
      ],
      [
       -79.827126,
       35.774084
      ],
      [
       -79.827888,
       35.77382
      ],
      [
       -79.830086,
       35.773935
      ],
      [
       -79.830828,
       35.773825
      ],
      [
       -79.831644,
       35.774424
      ],
      [
       -79.833033,
       35.774445
      ],
      [
       -79.833451,
       35.77427
      ],
      [
       -79.833599,
       35.773698
      ],
      [
       -79.834524,
       35.773368
      ],
      [
       -79.8366,
       35.77351
      ],
      [
       -79.837909,
       35.774131
      ],
      [
       -79.839581,
       35.774477
      ],
      [
       -79.840094,
       35.774477
      ],
      [
       -79.841139,
       35.774191
      ]
     ],
     "type": "LineString"
    },
    "properties": {
     "length_km": 1.48,
     "n_sites": 0,
     "name": null,
     "order": 2,
     "riverKey": null,
     "underground": 0,
     "waterway": "stream"
    },
    "type": "Feature"
   },
   {
    "geometry": {
     "coordinates": [
      [
       -79.829456,
       35.660234
      ],
      [
       -79.829995,
       35.660151
      ],
      [
       -79.830607,
       35.660267
      ],
      [
       -79.830898,
       35.660481
      ],
      [
       -79.832453,
       35.660607
      ],
      [
       -79.832763,
       35.660876
      ],
      [
       -79.834574,
       35.659667
      ],
      [
       -79.835169,
       35.659018
      ],
      [
       -79.835526,
       35.659146
      ],
      [
       -79.835623,
       35.658864
      ],
      [
       -79.836386,
       35.658737
      ],
      [
       -79.836626,
       35.658428
      ],
      [
       -79.837281,
       35.6581
      ],
      [
       -79.837456,
       35.658237
      ],
      [
       -79.838507,
       35.658314
      ],
      [
       -79.839012,
       35.658001
      ],
      [
       -79.839321,
       35.658199
      ],
      [
       -79.839503,
       35.657237
      ],
      [
       -79.839711,
       35.656995
      ],
      [
       -79.839449,
       35.65644
      ],
      [
       -79.839685,
       35.656198
      ],
      [
       -79.839751,
       35.655714
      ],
      [
       -79.84027,
       35.655165
      ],
      [
       -79.840916,
       35.655016
      ],
      [
       -79.841408,
       35.654719
      ],
      [
       -79.84134,
       35.653895
      ],
      [
       -79.841623,
       35.653702
      ],
      [
       -79.841791,
       35.652966
      ],
      [
       -79.842269,
       35.652609
      ],
      [
       -79.842612,
       35.652543
      ]
     ],
     "type": "LineString"
    },
    "properties": {
     "length_km": 1.87,
     "n_sites": 0,
     "name": null,
     "order": 2,
     "riverKey": null,
     "underground": 0,
     "waterway": "stream"
    },
    "type": "Feature"
   },
   {
    "geometry": {
     "coordinates": [
      [
       -79.831252,
       35.643164
      ],
      [
       -79.831633,
       35.643102
      ],
      [
       -79.832145,
       35.639646
      ],
      [
       -79.83232,
       35.639357
      ],
      [
       -79.833057,
       35.63922
      ],
      [
       -79.833613,
       35.639327
      ],
      [
       -79.833856,
       35.639761
      ],
      [
       -79.834502,
       35.640151
      ],
      [
       -79.835464,
       35.640371
      ],
      [
       -79.836084,
       35.639958
      ],
      [
       -79.836225,
       35.639645
      ],
      [
       -79.836858,
       35.639282
      ],
      [
       -79.836892,
       35.639024
      ],
      [
       -79.837214,
       35.639002
      ],
      [
       -79.837322,
       35.637941
      ],
      [
       -79.837962,
       35.63787
      ],
      [
       -79.839133,
       35.636441
      ],
      [
       -79.839139,
       35.636017
      ],
      [
       -79.839853,
       35.635819
      ],
      [
       -79.840169,
       35.635281
      ],
      [
       -79.840586,
       35.635275
      ],
      [
       -79.841348,
       35.63594
      ],
      [
       -79.842761,
       35.636181
      ]
     ],
     "type": "LineString"
    },
    "properties": {
     "length_km": 1.85,
     "n_sites": 0,
     "name": null,
     "order": 2,
     "riverKey": null,
     "underground": 0,
     "waterway": "stream"
    },
    "type": "Feature"
   },
   {
    "geometry": {
     "coordinates": [
      [
       -79.840864,
       35.637528
      ],
      [
       -79.841611,
       35.637072
      ],
      [
       -79.842506,
       35.636885
      ]
     ],
     "type": "LineString"
    },
    "properties": {
     "length_km": 0.17,
     "n_sites": 0,
     "name": null,
     "order": 2,
     "riverKey": null,
     "underground": 0,
     "waterway": "stream"
    },
    "type": "Feature"
   },
   {
    "geometry": {
     "coordinates": [
      [
       -79.841185,
       35.690002
      ],
      [
       -79.841044,
       35.690666
      ],
      [
       -79.840595,
       35.691033
      ],
      [
       -79.840511,
       35.691376
      ],
      [
       -79.840453,
       35.693162
      ],
      [
       -79.8402,
       35.694215
      ],
      [
       -79.8402,
       35.694879
      ],
      [
       -79.840957,
       35.696025
      ],
      [
       -79.840676,
       35.696368
      ],
      [
       -79.84062,
       35.696849
      ],
      [
       -79.840114,
       35.697307
      ],
      [
       -79.839862,
       35.697856
      ],
      [
       -79.839272,
       35.698314
      ],
      [
       -79.839271,
       35.698749
      ],
      [
       -79.839608,
       35.699505
      ],
      [
       -79.839018,
       35.700237
      ],
      [
       -79.839046,
       35.70081
      ],
      [
       -79.840056,
       35.701268
      ],
      [
       -79.840224,
       35.702299
      ],
      [
       -79.840954,
       35.70294
      ],
      [
       -79.840729,
       35.703352
      ],
      [
       -79.840252,
       35.703535
      ],
      [
       -79.840055,
       35.703925
      ],
      [
       -79.839998,
       35.704841
      ],
      [
       -79.840139,
       35.704978
      ],
      [
       -79.840532,
       35.704887
      ],
      [
       -79.8407,
       35.705024
      ],
      [
       -79.840924,
       35.705574
      ],
      [
       -79.840924,
       35.706146
      ]
     ],
     "type": "LineString"
    },
    "properties": {
     "length_km": 2.08,
     "n_sites": 0,
     "name": null,
     "order": 2,
     "riverKey": null,
     "underground": 0,
     "waterway": "stream"
    },
    "type": "Feature"
   },
   {
    "geometry": {
     "coordinates": [
      [
       -79.83524,
       35.805386
      ],
      [
       -79.835867,
       35.804204
      ],
      [
       -79.836008,
       35.803671
      ],
      [
       -79.83588,
       35.803056
      ],
      [
       -79.836049,
       35.80272
      ],
      [
       -79.837533,
       35.801148
      ],
      [
       -79.838092,
       35.800961
      ]
     ],
     "type": "LineString"
    },
    "properties": {
     "length_km": 0.59,
     "n_sites": 0,
     "name": null,
     "order": 2,
     "riverKey": null,
     "underground": 0,
     "waterway": "stream"
    },
    "type": "Feature"
   },
   {
    "geometry": {
     "coordinates": [
      [
       -79.83715,
       35.809661
      ],
      [
       -79.837252,
       35.809249
      ],
      [
       -79.837758,
       35.808639
      ],
      [
       -79.838351,
       35.8081
      ],
      [
       -79.838877,
       35.807924
      ],
      [
       -79.839707,
       35.807336
      ],
      [
       -79.839443,
       35.806611
      ],
      [
       -79.839565,
       35.806369
      ],
      [
       -79.839268,
       35.806017
      ],
      [
       -79.839376,
       35.805193
      ],
      [
       -79.83897,
       35.80394
      ],
      [
       -79.839051,
       35.803379
      ],
      [
       -79.838599,
       35.802835
      ],
      [
       -79.838092,
       35.800961
      ]
     ],
     "type": "LineString"
    },
    "properties": {
     "length_km": 1.1,
     "n_sites": 0,
     "name": null,
     "order": 2,
     "riverKey": null,
     "underground": 0,
     "waterway": "stream"
    },
    "type": "Feature"
   },
   {
    "geometry": {
     "coordinates": [
      [
       -79.838092,
       35.800961
      ],
      [
       -79.838173,
       35.800428
      ],
      [
       -79.83882,
       35.799334
      ],
      [
       -79.838796,
       35.798968
      ],
      [
       -79.8382,
       35.79917
      ],
      [
       -79.837761,
       35.799153
      ],
      [
       -79.83733,
       35.799511
      ],
      [
       -79.835637,
       35.799549
      ],
      [
       -79.834767,
       35.800143
      ],
      [
       -79.833208,
       35.800495
      ]
     ],
     "type": "LineString"
    },
    "properties": {
     "length_km": 0.79,
     "n_sites": 0,
     "name": null,
     "order": 2,
     "riverKey": null,
     "underground": 0,
     "waterway": "stream"
    },
    "type": "Feature"
   },
   {
    "geometry": {
     "coordinates": [
      [
       -79.839797,
       35.669562
      ],
      [
       -79.838867,
       35.669108
      ],
      [
       -79.838247,
       35.668223
      ],
      [
       -79.838294,
       35.667872
      ]
     ],
     "type": "LineString"
    },
    "properties": {
     "length_km": 0.25,
     "n_sites": 0,
     "name": null,
     "order": 2,
     "riverKey": null,
     "underground": 0,
     "waterway": "stream"
    },
    "type": "Feature"
   },
   {
    "geometry": {
     "coordinates": [
      [
       -79.83802,
       35.784205
      ],
      [
       -79.837662,
       35.783513
      ],
      [
       -79.836198,
       35.782963
      ],
      [
       -79.835915,
       35.781881
      ]
     ],
     "type": "LineString"
    },
    "properties": {
     "length_km": 0.35,
     "n_sites": 0,
     "name": null,
     "order": 2,
     "riverKey": null,
     "underground": 0,
     "waterway": "stream"
    },
    "type": "Feature"
   },
   {
    "geometry": {
     "coordinates": [
      [
       -79.838053,
       35.780446
      ],
      [
       -79.837965,
       35.780226
      ],
      [
       -79.83729,
       35.779731
      ],
      [
       -79.836926,
       35.779061
      ],
      [
       -79.836952,
       35.778605
      ]
     ],
     "type": "LineString"
    },
    "properties": {
     "length_km": 0.24,
     "n_sites": 0,
     "name": null,
     "order": 2,
     "riverKey": null,
     "underground": 0,
     "waterway": "stream"
    },
    "type": "Feature"
   },
   {
    "geometry": {
     "coordinates": [
      [
       -79.832847,
       35.674324
      ],
      [
       -79.832901,
       35.673967
      ],
      [
       -79.833446,
       35.673286
      ],
      [
       -79.833325,
       35.672747
      ],
      [
       -79.833479,
       35.671659
      ],
      [
       -79.834455,
       35.671258
      ],
      [
       -79.834941,
       35.671208
      ],
      [
       -79.835896,
       35.669719
      ],
      [
       -79.836617,
       35.669081
      ],
      [
       -79.837284,
       35.668724
      ]
     ],
     "type": "LineString"
    },
    "properties": {
     "length_km": 0.81,
     "n_sites": 0,
     "name": null,
     "order": 2,
     "riverKey": null,
     "underground": 0,
     "waterway": "stream"
    },
    "type": "Feature"
   },
   {
    "geometry": {
     "coordinates": [
      [
       -79.835008,
       35.793955
      ],
      [
       -79.836175,
       35.793125
      ],
      [
       -79.836134,
       35.792114
      ],
      [
       -79.835,
       35.791037
      ],
      [
       -79.834622,
       35.790229
      ],
      [
       -79.834359,
       35.790036
      ],
      [
       -79.834116,
       35.789295
      ],
      [
       -79.833617,
       35.788547
      ],
      [
       -79.833306,
       35.78703
      ],
      [
       -79.832982,
       35.786673
      ]
     ],
     "type": "LineString"
    },
    "properties": {
     "length_km": 0.94,
     "n_sites": 0,
     "name": null,
     "order": 2,
     "riverKey": null,
     "underground": 0,
     "waterway": "stream"
    },
    "type": "Feature"
   },
   {
    "geometry": {
     "coordinates": [
      [
       -79.83195,
       35.755733
      ],
      [
       -79.833495,
       35.758101
      ],
      [
       -79.834312,
       35.758801
      ],
      [
       -79.834314,
       35.759054
      ],
      [
       -79.834877,
       35.759953
      ]
     ],
     "type": "LineString"
    },
    "properties": {
     "length_km": 0.54,
     "n_sites": 0,
     "name": null,
     "order": 2,
     "riverKey": null,
     "underground": 0,
     "waterway": "stream"
    },
    "type": "Feature"
   },
   {
    "geometry": {
     "coordinates": [
      [
       -79.827605,
       35.779552
      ],
      [
       -79.828968,
       35.781233
      ],
      [
       -79.830742,
       35.781898
      ],
      [
       -79.831153,
       35.782184
      ],
      [
       -79.832739,
       35.782178
      ],
      [
       -79.833568,
       35.782612
      ],
      [
       -79.834209,
       35.782568
      ]
     ],
     "type": "LineString"
    },
    "properties": {
     "length_km": 0.74,
     "n_sites": 0,
     "name": null,
     "order": 2,
     "riverKey": null,
     "underground": 0,
     "waterway": "stream"
    },
    "type": "Feature"
   },
   {
    "geometry": {
     "coordinates": [
      [
       -79.835212,
       35.67749
      ],
      [
       -79.834902,
       35.676478
      ],
      [
       -79.834127,
       35.675605
      ],
      [
       -79.83342,
       35.675336
      ],
      [
       -79.832847,
       35.674324
      ]
     ],
     "type": "LineString"
    },
    "properties": {
     "length_km": 0.43,
     "n_sites": 0,
     "name": null,
     "order": 2,
     "riverKey": null,
     "underground": 0,
     "waterway": "stream"
    },
    "type": "Feature"
   },
   {
    "geometry": {
     "coordinates": [
      [
       -79.831096,
       35.677331
      ],
      [
       -79.831217,
       35.67699
      ],
      [
       -79.831049,
       35.676622
      ],
      [
       -79.831466,
       35.675594
      ],
      [
       -79.831635,
       35.675435
      ],
      [
       -79.832288,
       35.675319
      ],
      [
       -79.832052,
       35.67477
      ],
      [
       -79.832847,
       35.674324
      ]
     ],
     "type": "LineString"
    },
    "properties": {
     "length_km": 0.44,
     "n_sites": 0,
     "name": null,
     "order": 2,
     "riverKey": null,
     "underground": 0,
     "waterway": "stream"
    },
    "type": "Feature"
   },
   {
    "geometry": {
     "coordinates": [
      [
       -79.830907,
       35.79667
      ],
      [
       -79.830003,
       35.795742
      ],
      [
       -79.829112,
       35.794362
      ],
      [
       -79.828417,
       35.791939
      ],
      [
       -79.828012,
       35.791373
      ],
      [
       -79.827978,
       35.791005
      ],
      [
       -79.827351,
       35.790494
      ],
      [
       -79.826978,
       35.789614
      ],
      [
       -79.828025,
       35.787652
      ]
     ],
     "type": "LineString"
    },
    "properties": {
     "length_km": 1.11,
     "n_sites": 0,
     "name": null,
     "order": 2,
     "riverKey": null,
     "underground": 0,
     "waterway": "stream"
    },
    "type": "Feature"
   },
   {
    "geometry": {
     "coordinates": [
      [
       -79.822103,
       35.748936
      ],
      [
       -79.822554,
       35.748535
      ],
      [
       -79.823093,
       35.748348
      ],
      [
       -79.825433,
       35.748722
      ],
      [
       -79.825932,
       35.748672
      ],
      [
       -79.826855,
       35.748243
      ],
      [
       -79.827536,
       35.747732
      ],
      [
       -79.828426,
       35.746375
      ],
      [
       -79.829114,
       35.746204
      ],
      [
       -79.830347,
       35.74494
      ],
      [
       -79.83092,
       35.744693
      ]
     ],
     "type": "LineString"
    },
    "properties": {
     "length_km": 1.03,
     "n_sites": 0,
     "name": null,
     "order": 2,
     "riverKey": null,
     "underground": 0,
     "waterway": "stream"
    },
    "type": "Feature"
   },
   {
    "geometry": {
     "coordinates": [
      [
       -79.821108,
       35.756437
      ],
      [
       -79.821675,
       35.756553
      ],
      [
       -79.821769,
       35.757014
      ],
      [
       -79.822019,
       35.757262
      ],
      [
       -79.823272,
       35.756498
      ],
      [
       -79.824669,
       35.756646
      ],
      [
       -79.825855,
       35.756966
      ],
      [
       -79.826247,
       35.757405
      ],
      [
       -79.826448,
       35.758344
      ],
      [
       -79.82661,
       35.758415
      ],
      [
       -79.826793,
       35.75902
      ],
      [
       -79.8281,
       35.759893
      ],
      [
       -79.828236,
       35.76069
      ],
      [
       -79.829018,
       35.761652
      ],
      [
       -79.829349,
       35.762493
      ],
      [
       -79.830118,
       35.763658
      ]
     ],
     "type": "LineString"
    },
    "properties": {
     "length_km": 1.39,
     "n_sites": 0,
     "name": null,
     "order": 2,
     "riverKey": null,
     "underground": 0,
     "waterway": "stream"
    },
    "type": "Feature"
   },
   {
    "geometry": {
     "coordinates": [
      [
       -79.826153,
       35.768088
      ],
      [
       -79.827873,
       35.768197
      ],
      [
       -79.828547,
       35.767615
      ],
      [
       -79.828978,
       35.76645
      ],
      [
       -79.828884,
       35.765785
      ],
      [
       -79.829039,
       35.764444
      ],
      [
       -79.829754,
       35.763724
      ],
      [
       -79.830118,
       35.763658
      ]
     ],
     "type": "LineString"
    },
    "properties": {
     "length_km": 0.74,
     "n_sites": 0,
     "name": null,
     "order": 2,
     "riverKey": null,
     "underground": 0,
     "waterway": "stream"
    },
    "type": "Feature"
   },
   {
    "geometry": {
     "coordinates": [
      [
       -79.830667,
       35.702172
      ],
      [
       -79.830782,
       35.702337
      ],
      [
       -79.830444,
       35.702793
      ],
      [
       -79.830815,
       35.703058
      ],
      [
       -79.830791,
       35.703936
      ]
     ],
     "type": "LineString"
    },
    "properties": {
     "length_km": 0.22,
     "n_sites": 0,
     "name": null,
     "order": 2,
     "riverKey": null,
     "underground": 0,
     "waterway": "stream"
    },
    "type": "Feature"
   },
   {
    "geometry": {
     "coordinates": [
      [
       -79.822159,
       35.682174
      ],
      [
       -79.82329,
       35.680272
      ],
      [
       -79.824374,
       35.679992
      ],
      [
       -79.824987,
       35.67942
      ],
      [
       -79.826166,
       35.678755
      ],
      [
       -79.826806,
       35.678013
      ],
      [
       -79.826853,
       35.677711
      ],
      [
       -79.828139,
       35.677199
      ],
      [
       -79.829568,
       35.677089
      ],
      [
       -79.830706,
       35.677468
      ],
      [
       -79.831096,
       35.677331
      ]
     ],
     "type": "LineString"
    },
    "properties": {
     "length_km": 1.09,
     "n_sites": 0,
     "name": null,
     "order": 2,
     "riverKey": null,
     "underground": 0,
     "waterway": "stream"
    },
    "type": "Feature"
   },
   {
    "geometry": {
     "coordinates": [
      [
       -79.825911,
       35.68607
      ],
      [
       -79.826308,
       35.685669
      ],
      [
       -79.826942,
       35.685669
      ],
      [
       -79.82814,
       35.685075
      ],
      [
       -79.828598,
       35.68413
      ],
      [
       -79.828389,
       35.683322
      ],
      [
       -79.82921,
       35.681536
      ],
      [
       -79.829365,
       35.68053
      ],
      [
       -79.82946,
       35.680338
      ],
      [
       -79.829905,
       35.680277
      ],
      [
       -79.83006,
       35.68003
      ],
      [
       -79.829999,
       35.679645
      ],
      [
       -79.83049,
       35.679013
      ],
      [
       -79.831096,
       35.677331
      ]
     ],
     "type": "LineString"
    },
    "properties": {
     "length_km": 1.18,
     "n_sites": 0,
     "name": null,
     "order": 2,
     "riverKey": null,
     "underground": 0,
     "waterway": "stream"
    },
    "type": "Feature"
   },
   {
    "geometry": {
     "coordinates": [
      [
       -79.829017,
       35.691917
      ],
      [
       -79.828351,
       35.693242
      ],
      [
       -79.828283,
       35.695182
      ],
      [
       -79.82852,
       35.69561
      ],
      [
       -79.829287,
       35.696204
      ],
      [
       -79.829644,
       35.696803
      ],
      [
       -79.830534,
       35.697611
      ],
      [
       -79.830838,
       35.698089
      ],
      [
       -79.831147,
       35.699688
      ],
      [
       -79.830602,
       35.701551
      ]
     ],
     "type": "LineString"
    },
    "properties": {
     "length_km": 1.17,
     "n_sites": 0,
     "name": null,
     "order": 2,
     "riverKey": null,
     "underground": 0,
     "waterway": "stream"
    },
    "type": "Feature"
   },
   {
    "geometry": {
     "coordinates": [
      [
       -79.828886,
       35.646979
      ],
      [
       -79.828977,
       35.646194
      ],
      [
       -79.829163,
       35.646077
      ],
      [
       -79.828992,
       35.645447
      ],
      [
       -79.829522,
       35.645162
      ],
      [
       -79.829989,
       35.644156
      ],
      [
       -79.830783,
       35.643626
      ],
      [
       -79.831032,
       35.643185
      ]
     ],
     "type": "LineString"
    },
    "properties": {
     "length_km": 0.5,
     "n_sites": 0,
     "name": null,
     "order": 2,
     "riverKey": null,
     "underground": 0,
     "waterway": "stream"
    },
    "type": "Feature"
   },
   {
    "geometry": {
     "coordinates": [
      [
       -79.82707,
       35.622997
      ],
      [
       -79.828033,
       35.623558
      ],
      [
       -79.829729,
       35.623371
      ]
     ],
     "type": "LineString"
    },
    "properties": {
     "length_km": 0.26,
     "n_sites": 0,
     "name": null,
     "order": 2,
     "riverKey": null,
     "underground": 0,
     "waterway": "stream"
    },
    "type": "Feature"
   },
   {
    "geometry": {
     "coordinates": [
      [
       -79.82635,
       35.629418
      ],
      [
       -79.826562,
       35.629174
      ],
      [
       -79.827465,
       35.628803
      ],
      [
       -79.827168,
       35.628078
      ],
      [
       -79.827666,
       35.627177
      ],
      [
       -79.827935,
       35.62705
      ],
      [
       -79.827996,
       35.626654
      ],
      [
       -79.828272,
       35.626462
      ],
      [
       -79.828211,
       35.626061
      ],
      [
       -79.828904,
       35.625643
      ],
      [
       -79.828909,
       35.624844
      ],
      [
       -79.829482,
       35.624269
      ]
     ],
     "type": "LineString"
    },
    "properties": {
     "length_km": 0.72,
     "n_sites": 0,
     "name": null,
     "order": 2,
     "riverKey": null,
     "underground": 0,
     "waterway": "stream"
    },
    "type": "Feature"
   },
   {
    "geometry": {
     "coordinates": [
      [
       -79.828876,
       35.648998
      ],
      [
       -79.82898,
       35.648807
      ],
      [
       -79.828806,
       35.648693
      ],
      [
       -79.829173,
       35.648344
      ],
      [
       -79.829083,
       35.647466
      ],
      [
       -79.828794,
       35.647665
      ],
      [
       -79.827764,
       35.647577
      ],
      [
       -79.827583,
       35.647841
      ],
      [
       -79.826875,
       35.648127
      ]
     ],
     "type": "LineString"
    },
    "properties": {
     "length_km": 0.43,
     "n_sites": 0,
     "name": null,
     "order": 2,
     "riverKey": null,
     "underground": 0,
     "waterway": "stream"
    },
    "type": "Feature"
   },
   {
    "geometry": {
     "coordinates": [
      [
       -79.827656,
       35.653326
      ],
      [
       -79.827711,
       35.652326
      ],
      [
       -79.828471,
       35.650214
      ]
     ],
     "type": "LineString"
    },
    "properties": {
     "length_km": 0.36,
     "n_sites": 0,
     "name": null,
     "order": 2,
     "riverKey": null,
     "underground": 0,
     "waterway": "stream"
    },
    "type": "Feature"
   },
   {
    "geometry": {
     "coordinates": [
      [
       -79.817833,
       35.785218
      ],
      [
       -79.818211,
       35.78568
      ],
      [
       -79.819688,
       35.786208
      ],
      [
       -79.82041,
       35.786741
      ],
      [
       -79.82099,
       35.786966
      ],
      [
       -79.82184,
       35.786905
      ],
      [
       -79.822319,
       35.786636
      ],
      [
       -79.823398,
       35.786806
      ],
      [
       -79.823897,
       35.786317
      ],
      [
       -79.824315,
       35.786246
      ],
      [
       -79.82472,
       35.786339
      ],
      [
       -79.825341,
       35.786872
      ],
      [
       -79.826176,
       35.786801
      ]
     ],
     "type": "LineString"
    },
    "properties": {
     "length_km": 0.89,
     "n_sites": 0,
     "name": null,
     "order": 2,
     "riverKey": null,
     "underground": 0,
     "waterway": "stream"
    },
    "type": "Feature"
   },
   {
    "geometry": {
     "coordinates": [
      [
       -79.826789,
       35.658899
      ],
      [
       -79.827402,
       35.658233
      ],
      [
       -79.827685,
       35.657437
      ],
      [
       -79.827361,
       35.655991
      ],
      [
       -79.827395,
       35.655535
      ],
      [
       -79.827806,
       35.654755
      ],
      [
       -79.827637,
       35.653919
      ]
     ],
     "type": "LineString"
    },
    "properties": {
     "length_km": 0.59,
     "n_sites": 0,
     "name": null,
     "order": 2,
     "riverKey": null,
     "underground": 0,
     "waterway": "stream"
    },
    "type": "Feature"
   },
   {
    "geometry": {
     "coordinates": [
      [
       -79.825059,
       35.800199
      ],
      [
       -79.82489,
       35.799309
      ],
      [
       -79.824526,
       35.798622
      ],
      [
       -79.824586,
       35.797303
      ],
      [
       -79.824262,
       35.796198
      ],
      [
       -79.824431,
       35.795671
      ],
      [
       -79.824067,
       35.794654
      ],
      [
       -79.824411,
       35.793923
      ],
      [
       -79.824397,
       35.793561
      ]
     ],
     "type": "LineString"
    },
    "properties": {
     "length_km": 0.76,
     "n_sites": 0,
     "name": null,
     "order": 2,
     "riverKey": null,
     "underground": 0,
     "waterway": "stream"
    },
    "type": "Feature"
   },
   {
    "geometry": {
     "coordinates": [
      [
       -79.819971,
       35.779063
      ],
      [
       -79.820423,
       35.778431
      ],
      [
       -79.820632,
       35.777755
      ],
      [
       -79.821205,
       35.777019
      ],
      [
       -79.82196,
       35.776387
      ],
      [
       -79.822237,
       35.775865
      ],
      [
       -79.82282,
       35.775744
      ],
      [
       -79.824026,
       35.775024
      ],
      [
       -79.824954,
       35.774815
      ]
     ],
     "type": "LineString"
    },
    "properties": {
     "length_km": 0.69,
     "n_sites": 0,
     "name": null,
     "order": 2,
     "riverKey": null,
     "underground": 0,
     "waterway": "stream"
    },
    "type": "Feature"
   },
   {
    "geometry": {
     "coordinates": [
      [
       -79.825579,
       35.72382
      ],
      [
       -79.825491,
       35.724002
      ],
      [
       -79.824662,
       35.724172
      ],
      [
       -79.82411,
       35.724628
      ],
      [
       -79.823543,
       35.724716
      ],
      [
       -79.823105,
       35.725161
      ],
      [
       -79.822957,
       35.7262
      ],
      [
       -79.823598,
       35.727387
      ],
      [
       -79.823247,
       35.728261
      ],
      [
       -79.823254,
       35.728976
      ],
      [
       -79.823584,
       35.729377
      ],
      [
       -79.82322,
       35.729915
      ],
      [
       -79.822283,
       35.730174
      ],
      [
       -79.82256,
       35.730569
      ],
      [
       -79.822055,
       35.730976
      ],
      [
       -79.822256,
       35.731163
      ],
      [
       -79.821994,
       35.731443
      ],
      [
       -79.822101,
       35.7324
      ],
      [
       -79.821394,
       35.732889
      ],
      [
       -79.821084,
       35.734394
      ],
      [
       -79.820976,
       35.734625
      ],
      [
       -79.820754,
       35.734625
      ]
     ],
     "type": "LineString"
    },
    "properties": {
     "length_km": 1.53,
     "n_sites": 0,
     "name": null,
     "order": 2,
     "riverKey": null,
     "underground": 0,
     "waterway": "stream"
    },
    "type": "Feature"
   },
   {
    "geometry": {
     "coordinates": [
      [
       -79.824537,
       35.634492
      ],
      [
       -79.824396,
       35.635448
      ],
      [
       -79.823696,
       35.63586
      ],
      [
       -79.823837,
       35.637086
      ],
      [
       -79.823669,
       35.637586
      ],
      [
       -79.823097,
       35.638037
      ],
      [
       -79.821488,
       35.638169
      ],
      [
       -79.821286,
       35.63829
      ],
      [
       -79.821306,
       35.639065
      ],
      [
       -79.820895,
       35.639845
      ]
     ],
     "type": "LineString"
    },
    "properties": {
     "length_km": 0.8,
     "n_sites": 0,
     "name": null,
     "order": 2,
     "riverKey": null,
     "underground": 0,
     "waterway": "stream"
    },
    "type": "Feature"
   },
   {
    "geometry": {
     "coordinates": [
      [
       -79.820826,
       35.707705
      ],
      [
       -79.82157,
       35.707965
      ],
      [
       -79.822006,
       35.708851
      ]
     ],
     "type": "LineString"
    },
    "properties": {
     "length_km": 0.18,
     "n_sites": 0,
     "name": null,
     "order": 2,
     "riverKey": null,
     "underground": 0,
     "waterway": "stream"
    },
    "type": "Feature"
   },
   {
    "geometry": {
     "coordinates": [
      [
       -79.822962,
       35.634421
      ],
      [
       -79.822565,
       35.635459
      ],
      [
       -79.821542,
       35.636696
      ],
      [
       -79.821371,
       35.638011
      ]
     ],
     "type": "LineString"
    },
    "properties": {
     "length_km": 0.43,
     "n_sites": 0,
     "name": null,
     "order": 2,
     "riverKey": null,
     "underground": 0,
     "waterway": "stream"
    },
    "type": "Feature"
   },
   {
    "geometry": {
     "coordinates": [
      [
       -79.822466,
       35.661488
      ],
      [
       -79.82087,
       35.661004
      ],
      [
       -79.820237,
       35.659927
      ],
      [
       -79.819233,
       35.659636
      ],
      [
       -79.819045,
       35.658866
      ],
      [
       -79.818129,
       35.658311
      ]
     ],
     "type": "LineString"
    },
    "properties": {
     "length_km": 0.57,
     "n_sites": 0,
     "name": null,
     "order": 2,
     "riverKey": null,
     "underground": 0,
     "waterway": "stream"
    },
    "type": "Feature"
   },
   {
    "geometry": {
     "coordinates": [
      [
       -79.822681,
       35.624201
      ],
      [
       -79.821181,
       35.624279
      ],
      [
       -79.820386,
       35.623998
      ],
      [
       -79.820058,
       35.623709
      ]
     ],
     "type": "LineString"
    },
    "properties": {
     "length_km": 0.26,
     "n_sites": 0,
     "name": null,
     "order": 2,
     "riverKey": null,
     "underground": 0,
     "waterway": "stream"
    },
    "type": "Feature"
   },
   {
    "geometry": {
     "coordinates": [
      [
       -79.822384,
       35.643786
      ],
      [
       -79.822229,
       35.643615
      ],
      [
       -79.821656,
       35.643775
      ],
      [
       -79.821475,
       35.643681
      ],
      [
       -79.820721,
       35.642148
      ]
     ],
     "type": "LineString"
    },
    "properties": {
     "length_km": 0.28,
     "n_sites": 0,
     "name": null,
     "order": 2,
     "riverKey": null,
     "underground": 0,
     "waterway": "stream"
    },
    "type": "Feature"
   },
   {
    "geometry": {
     "coordinates": [
      [
       -79.82058,
       35.683931
      ],
      [
       -79.820724,
       35.683124
      ],
      [
       -79.821485,
       35.682965
      ]
     ],
     "type": "LineString"
    },
    "properties": {
     "length_km": 0.16,
     "n_sites": 0,
     "name": null,
     "order": 2,
     "riverKey": null,
     "underground": 0,
     "waterway": "stream"
    },
    "type": "Feature"
   },
   {
    "geometry": {
     "coordinates": [
      [
       -79.819291,
       35.803871
      ],
      [
       -79.819548,
       35.804025
      ],
      [
       -79.819757,
       35.805437
      ],
      [
       -79.820169,
       35.805739
      ],
      [
       -79.820837,
       35.808042
      ],
      [
       -79.820365,
       35.809388
      ],
      [
       -79.819643,
       35.810081
      ],
      [
       -79.819022,
       35.810339
      ],
      [
       -79.818455,
       35.811147
      ]
     ],
     "type": "LineString"
    },
    "properties": {
     "length_km": 0.92,
     "n_sites": 0,
     "name": null,
     "order": 2,
     "riverKey": null,
     "underground": 0,
     "waterway": "stream"
    },
    "type": "Feature"
   },
   {
    "geometry": {
     "coordinates": [
      [
       -79.821092,
       35.654739
      ],
      [
       -79.82091,
       35.655475
      ],
      [
       -79.82019,
       35.656239
      ],
      [
       -79.820271,
       35.656954
      ],
      [
       -79.819981,
       35.657564
      ],
      [
       -79.818944,
       35.658421
      ],
      [
       -79.818372,
       35.658218
      ],
      [
       -79.818129,
       35.658311
      ]
     ],
     "type": "LineString"
    },
    "properties": {
     "length_km": 0.56,
     "n_sites": 0,
     "name": null,
     "order": 2,
     "riverKey": null,
     "underground": 0,
     "waterway": "stream"
    },
    "type": "Feature"
   },
   {
    "geometry": {
     "coordinates": [
      [
       -79.809869,
       35.724282
      ],
      [
       -79.809761,
       35.725612
      ],
      [
       -79.809208,
       35.726563
      ],
      [
       -79.809228,
       35.727489
      ],
      [
       -79.808899,
       35.729271
      ],
      [
       -79.809363,
       35.730921
      ],
      [
       -79.809868,
       35.731592
      ],
      [
       -79.81005,
       35.732636
      ],
      [
       -79.811338,
       35.733543
      ],
      [
       -79.811472,
       35.734752
      ],
      [
       -79.812146,
       35.73506
      ],
      [
       -79.813151,
       35.734697
      ],
      [
       -79.814647,
       35.734428
      ],
      [
       -79.815307,
       35.73451
      ],
      [
       -79.816049,
       35.73429
      ],
      [
       -79.816831,
       35.734455
      ],
      [
       -79.817207,
       35.733788
      ],
      [
       -79.818192,
       35.733537
      ],
      [
       -79.818281,
       35.733145
      ],
      [
       -79.819112,
       35.732805
      ],
      [
       -79.819756,
       35.732861
      ]
     ],
     "type": "LineString"
    },
    "properties": {
     "length_km": 2.12,
     "n_sites": 0,
     "name": null,
     "order": 2,
     "riverKey": null,
     "underground": 0,
     "waterway": "stream"
    },
    "type": "Feature"
   },
   {
    "geometry": {
     "coordinates": [
      [
       -79.818088,
       35.647199
      ],
      [
       -79.819177,
       35.644264
      ],
      [
       -79.819405,
       35.643831
      ],
      [
       -79.820324,
       35.64301
      ],
      [
       -79.820721,
       35.642148
      ]
     ],
     "type": "LineString"
    },
    "properties": {
     "length_km": 0.62,
     "n_sites": 0,
     "name": null,
     "order": 2,
     "riverKey": null,
     "underground": 0,
     "waterway": "stream"
    },
    "type": "Feature"
   },
   {
    "geometry": {
     "coordinates": [
      [
       -79.820721,
       35.642148
      ],
      [
       -79.820829,
       35.641499
      ],
      [
       -79.820478,
       35.640345
      ],
      [
       -79.819105,
       35.639862
      ],
      [
       -79.817846,
       35.639768
      ],
      [
       -79.817227,
       35.639433
      ],
      [
       -79.816627,
       35.639538
      ],
      [
       -79.814352,
       35.638219
      ],
      [
       -79.812345,
       35.637268
      ],
      [
       -79.812063,
       35.636828
      ]
     ],
     "type": "LineString"
    },
    "properties": {
     "length_km": 1.1,
     "n_sites": 0,
     "name": null,
     "order": 2,
     "riverKey": null,
     "underground": 0,
     "waterway": "stream"
    },
    "type": "Feature"
   },
   {
    "geometry": {
     "coordinates": [
      [
       -79.81652,
       35.716341
      ],
      [
       -79.817222,
       35.716825
      ],
      [
       -79.817249,
       35.718281
      ],
      [
       -79.817046,
       35.718507
      ],
      [
       -79.817147,
       35.718677
      ],
      [
       -79.816904,
       35.719342
      ],
      [
       -79.817107,
       35.719996
      ],
      [
       -79.81675,
       35.72043
      ],
      [
       -79.816837,
       35.720793
      ],
      [
       -79.817431,
       35.720913
      ],
      [
       -79.817532,
       35.721666
      ],
      [
       -79.817915,
       35.721914
      ],
      [
       -79.817491,
       35.723139
      ],
      [
       -79.817888,
       35.723947
      ],
      [
       -79.817896,
       35.724464
      ]
     ],
     "type": "LineString"
    },
    "properties": {
     "length_km": 1.03,
     "n_sites": 0,
     "name": null,
     "order": 2,
     "riverKey": null,
     "underground": 0,
     "waterway": "stream"
    },
    "type": "Feature"
   },
   {
    "geometry": {
     "coordinates": [
      [
       -79.818862,
       35.627897
      ],
      [
       -79.81809,
       35.628867
      ],
      [
       -79.817892,
       35.629497
      ],
      [
       -79.818021,
       35.632014
      ],
      [
       -79.817576,
       35.633146
      ],
      [
       -79.817684,
       35.63347
      ],
      [
       -79.816977,
       35.633635
      ],
      [
       -79.816687,
       35.633096
      ],
      [
       -79.816398,
       35.632915
      ],
      [
       -79.81524,
       35.632877
      ],
      [
       -79.814641,
       35.633575
      ],
      [
       -79.814426,
       35.634113
      ],
      [
       -79.814459,
       35.634591
      ],
      [
       -79.814143,
       35.63507
      ],
      [
       -79.812063,
       35.636828
      ]
     ],
     "type": "LineString"
    },
    "properties": {
     "length_km": 1.46,
     "n_sites": 0,
     "name": null,
     "order": 2,
     "riverKey": null,
     "underground": 0,
     "waterway": "stream"
    },
    "type": "Feature"
   },
   {
    "geometry": {
     "coordinates": [
      [
       -79.818129,
       35.658311
      ],
      [
       -79.817934,
       35.658075
      ],
      [
       -79.817375,
       35.657839
      ],
      [
       -79.816217,
       35.658108
      ]
     ],
     "type": "LineString"
    },
    "properties": {
     "length_km": 0.2,
     "n_sites": 0,
     "name": null,
     "order": 2,
     "riverKey": null,
     "underground": 0,
     "waterway": "stream"
    },
    "type": "Feature"
   },
   {
    "geometry": {
     "coordinates": [
      [
       -79.817746,
       35.670221
      ],
      [
       -79.816823,
       35.671386
      ],
      [
       -79.816352,
       35.6731
      ],
      [
       -79.815827,
       35.673656
      ],
      [
       -79.815085,
       35.674035
      ],
      [
       -79.812977,
       35.673122
      ],
      [
       -79.812122,
       35.672436
      ],
      [
       -79.81124,
       35.672468
      ],
      [
       -79.808984,
       35.671974
      ]
     ],
     "type": "LineString"
    },
    "properties": {
     "length_km": 1.12,
     "n_sites": 0,
     "name": null,
     "order": 2,
     "riverKey": null,
     "underground": 0,
     "waterway": "stream"
    },
    "type": "Feature"
   },
   {
    "geometry": {
     "coordinates": [
      [
       -79.815456,
       35.713857
      ],
      [
       -79.815988,
       35.715423
      ],
      [
       -79.81652,
       35.716341
      ]
     ],
     "type": "LineString"
    },
    "properties": {
     "length_km": 0.29,
     "n_sites": 0,
     "name": null,
     "order": 2,
     "riverKey": null,
     "underground": 0,
     "waterway": "stream"
    },
    "type": "Feature"
   },
   {
    "geometry": {
     "coordinates": [
      [
       -79.813966,
       35.716577
      ],
      [
       -79.815395,
       35.716286
      ],
      [
       -79.81652,
       35.716341
      ]
     ],
     "type": "LineString"
    },
    "properties": {
     "length_km": 0.24,
     "n_sites": 0,
     "name": null,
     "order": 2,
     "riverKey": null,
     "underground": 0,
     "waterway": "stream"
    },
    "type": "Feature"
   },
   {
    "geometry": {
     "coordinates": [
      [
       -79.816224,
       35.663532
      ],
      [
       -79.817308,
       35.661136
      ],
      [
       -79.81654,
       35.658575
      ],
      [
       -79.816217,
       35.658108
      ]
     ],
     "type": "LineString"
    },
    "properties": {
     "length_km": 0.64,
     "n_sites": 0,
     "name": null,
     "order": 2,
     "riverKey": null,
     "underground": 0,
     "waterway": "stream"
    },
    "type": "Feature"
   },
   {
    "geometry": {
     "coordinates": [
      [
       -79.816217,
       35.658108
      ],
      [
       -79.815577,
       35.657663
      ],
      [
       -79.8145,
       35.657548
      ],
      [
       -79.812762,
       35.656663
      ],
      [
       -79.812028,
       35.65658
      ]
     ],
     "type": "LineString"
    },
    "properties": {
     "length_km": 0.43,
     "n_sites": 0,
     "name": null,
     "order": 2,
     "riverKey": null,
     "underground": 0,
     "waterway": "stream"
    },
    "type": "Feature"
   },
   {
    "geometry": {
     "coordinates": [
      [
       -79.813914,
       35.788302
      ],
      [
       -79.813753,
       35.786351
      ],
      [
       -79.813976,
       35.785263
      ],
      [
       -79.813476,
       35.784378
      ],
      [
       -79.813348,
       35.78368
      ],
      [
       -79.813557,
       35.782724
      ],
      [
       -79.812829,
       35.781267
      ],
      [
       -79.812404,
       35.780789
      ],
      [
       -79.812316,
       35.780234
      ],
      [
       -79.812296,
       35.779311
      ],
      [
       -79.812437,
       35.778954
      ],
      [
       -79.812958,
       35.778505
      ],
      [
       -79.812936,
       35.777761
      ],
      [
       -79.813355,
       35.777212
      ],
      [
       -79.813328,
       35.776645
      ],
      [
       -79.813078,
       35.775722
      ],
      [
       -79.812626,
       35.775167
      ],
      [
       -79.812741,
       35.774887
      ],
      [
       -79.812296,
       35.774612
      ],
      [
       -79.812316,
       35.774376
      ],
      [
       -79.812053,
       35.774233
      ],
      [
       -79.812101,
       35.773788
      ],
      [
       -79.811945,
       35.773595
      ],
      [
       -79.811594,
       35.773557
      ],
      [
       -79.811574,
       35.77326
      ],
      [
       -79.812067,
       35.772941
      ],
      [
       -79.811999,
       35.772331
      ],
      [
       -79.812762,
       35.77171
      ],
      [
       -79.813132,
       35.770474
      ],
      [
       -79.813139,
       35.769699
      ],
      [
       -79.814251,
       35.768578
      ],
      [
       -79.814582,
       35.768424
      ],
      [
       -79.815189,
       35.767589
      ],
      [
       -79.815216,
       35.766594
      ],
      [
       -79.815452,
       35.766363
      ],
      [
       -79.815803,
       35.765071
      ],
      [
       -79.816437,
       35.764428
      ],
      [
       -79.816982,
       35.764291
      ],
      [
       -79.816882,
       35.763697
      ],
      [
       -79.817036,
       35.762851
      ],
      [
       -79.816295,
       35.762021
      ],
      [
       -79.814993,
       35.761433
      ],
      [
       -79.814232,
       35.759609
      ],
      [
       -79.813389,
       35.759477
      ],
      [
       -79.812525,
       35.758526
      ],
      [
       -79.811629,
       35.758905
      ]
     ],
     "type": "LineString"
    },
    "properties": {
     "length_km": 3.93,
     "n_sites": 0,
     "name": null,
     "order": 2,
     "riverKey": null,
     "underground": 0,
     "waterway": "stream"
    },
    "type": "Feature"
   },
   {
    "geometry": {
     "coordinates": [
      [
       -79.816101,
       35.626243
      ],
      [
       -79.812514,
       35.625589
      ]
     ],
     "type": "LineString"
    },
    "properties": {
     "length_km": 0.33,
     "n_sites": 0,
     "name": null,
     "order": 2,
     "riverKey": null,
     "underground": 0,
     "waterway": "stream"
    },
    "type": "Feature"
   },
   {
    "geometry": {
     "coordinates": [
      [
       -79.812356,
       35.713859
      ],
      [
       -79.812855,
       35.713779
      ],
      [
       -79.813305,
       35.714029
      ],
      [
       -79.814705,
       35.713804
      ]
     ],
     "type": "LineString"
    },
    "properties": {
     "length_km": 0.22,
     "n_sites": 0,
     "name": null,
     "order": 2,
     "riverKey": null,
     "underground": 0,
     "waterway": "stream"
    },
    "type": "Feature"
   },
   {
    "geometry": {
     "coordinates": [
      [
       -79.812363,
       35.803766
      ],
      [
       -79.812383,
       35.804344
      ],
      [
       -79.812147,
       35.804739
      ],
      [
       -79.812289,
       35.805558
      ],
      [
       -79.811978,
       35.806091
      ],
      [
       -79.812005,
       35.80674
      ],
      [
       -79.81179,
       35.806921
      ],
      [
       -79.812302,
       35.808053
      ],
      [
       -79.81187,
       35.809092
      ],
      [
       -79.811911,
       35.810619
      ],
      [
       -79.811438,
       35.811339
      ]
     ],
     "type": "LineString"
    },
    "properties": {
     "length_km": 0.89,
     "n_sites": 0,
     "name": null,
     "order": 2,
     "riverKey": null,
     "underground": 0,
     "waterway": "stream"
    },
    "type": "Feature"
   },
   {
    "geometry": {
     "coordinates": [
      [
       -79.812539,
       35.697232
      ],
      [
       -79.812397,
       35.697875
      ],
      [
       -79.811764,
       35.698488
      ]
     ],
     "type": "LineString"
    },
    "properties": {
     "length_km": 0.16,
     "n_sites": 0,
     "name": null,
     "order": 2,
     "riverKey": null,
     "underground": 0,
     "waterway": "stream"
    },
    "type": "Feature"
   },
   {
    "geometry": {
     "coordinates": [
      [
       -79.811109,
       35.790418
      ],
      [
       -79.810144,
       35.789928
      ],
      [
       -79.808545,
       35.78956
      ],
      [
       -79.805813,
       35.78995
      ],
      [
       -79.804468,
       35.790005
      ],
      [
       -79.803765,
       35.790478
      ]
     ],
     "type": "LineString"
    },
    "properties": {
     "length_km": 0.71,
     "n_sites": 0,
     "name": null,
     "order": 2,
     "riverKey": null,
     "underground": 0,
     "waterway": "stream"
    },
    "type": "Feature"
   },
   {
    "geometry": {
     "coordinates": [
      [
       -79.810363,
       35.685911
      ],
      [
       -79.810181,
       35.685241
      ],
      [
       -79.810626,
       35.684872
      ],
      [
       -79.811334,
       35.683861
      ],
      [
       -79.811717,
       35.682811
      ],
      [
       -79.812526,
       35.682185
      ],
      [
       -79.813051,
       35.680652
      ],
      [
       -79.812735,
       35.679761
      ],
      [
       -79.812512,
       35.678267
      ],
      [
       -79.811812,
       35.676349
      ]
     ],
     "type": "LineString"
    },
    "properties": {
     "length_km": 1.15,
     "n_sites": 0,
     "name": null,
     "order": 2,
     "riverKey": null,
     "underground": 0,
     "waterway": "stream"
    },
    "type": "Feature"
   },
   {
    "geometry": {
     "coordinates": [
      [
       -79.811623,
       35.675502
      ],
      [
       -79.810472,
       35.674634
      ],
      [
       -79.809354,
       35.674359
      ],
      [
       -79.808929,
       35.674535
      ],
      [
       -79.808519,
       35.674513
      ],
      [
       -79.807609,
       35.675464
      ],
      [
       -79.807017,
       35.675705
      ],
      [
       -79.805946,
       35.675458
      ],
      [
       -79.805366,
       35.674705
      ]
     ],
     "type": "LineString"
    },
    "properties": {
     "length_km": 0.72,
     "n_sites": 0,
     "name": null,
     "order": 2,
     "riverKey": null,
     "underground": 0,
     "waterway": "stream"
    },
    "type": "Feature"
   },
   {
    "geometry": {
     "coordinates": [
      [
       -79.812063,
       35.636828
      ],
      [
       -79.810427,
       35.636273
      ],
      [
       -79.809969,
       35.635548
      ],
      [
       -79.808798,
       35.634481
      ],
      [
       -79.808144,
       35.634459
      ],
      [
       -79.807754,
       35.634866
      ]
     ],
     "type": "LineString"
    },
    "properties": {
     "length_km": 0.53,
     "n_sites": 0,
     "name": null,
     "order": 2,
     "riverKey": null,
     "underground": 0,
     "waterway": "stream"
    },
    "type": "Feature"
   },
   {
    "geometry": {
     "coordinates": [
      [
       -79.803385,
       35.791236
      ],
      [
       -79.802818,
       35.792071
      ],
      [
       -79.801618,
       35.792016
      ],
      [
       -79.801206,
       35.792329
      ],
      [
       -79.800673,
       35.792489
      ],
      [
       -79.800013,
       35.793198
      ],
      [
       -79.800343,
       35.793698
      ],
      [
       -79.801537,
       35.794824
      ],
      [
       -79.802488,
       35.795402
      ],
      [
       -79.803634,
       35.795819
      ],
      [
       -79.80418,
       35.796364
      ],
      [
       -79.807472,
       35.797501
      ],
      [
       -79.809604,
       35.798903
      ]
     ],
     "type": "LineString"
    },
    "properties": {
     "length_km": 1.51,
     "n_sites": 0,
     "name": null,
     "order": 2,
     "riverKey": null,
     "underground": 0,
     "waterway": "stream"
    },
    "type": "Feature"
   },
   {
    "geometry": {
     "coordinates": [
      [
       -79.810778,
       35.699515
      ],
      [
       -79.810369,
       35.700557
      ],
      [
       -79.809311,
       35.701486
      ],
      [
       -79.807977,
       35.700409
      ],
      [
       -79.80793,
       35.698617
      ]
     ],
     "type": "LineString"
    },
    "properties": {
     "length_km": 0.63,
     "n_sites": 0,
     "name": null,
     "order": 2,
     "riverKey": null,
     "underground": 0,
     "waterway": "stream"
    },
    "type": "Feature"
   },
   {
    "geometry": {
     "coordinates": [
      [
       -79.810277,
       35.67071
      ],
      [
       -79.809832,
       35.671358
      ],
      [
       -79.808984,
       35.671974
      ]
     ],
     "type": "LineString"
    },
    "properties": {
     "length_km": 0.19,
     "n_sites": 0,
     "name": null,
     "order": 2,
     "riverKey": null,
     "underground": 0,
     "waterway": "stream"
    },
    "type": "Feature"
   },
   {
    "geometry": {
     "coordinates": [
      [
       -79.809413,
       35.692028
      ],
      [
       -79.808874,
       35.695232
      ],
      [
       -79.808207,
       35.696336
      ],
      [
       -79.807742,
       35.698337
      ]
     ],
     "type": "LineString"
    },
    "properties": {
     "length_km": 0.72,
     "n_sites": 0,
     "name": null,
     "order": 2,
     "riverKey": null,
     "underground": 0,
     "waterway": "stream"
    },
    "type": "Feature"
   },
   {
    "geometry": {
     "coordinates": [
      [
       -79.809128,
       35.701772
      ],
      [
       -79.808442,
       35.70269
      ],
      [
       -79.806803,
       35.703657
      ],
      [
       -79.806272,
       35.704383
      ],
      [
       -79.806278,
       35.70678
      ]
     ],
     "type": "LineString"
    },
    "properties": {
     "length_km": 0.66,
     "n_sites": 0,
     "name": null,
     "order": 2,
     "riverKey": null,
     "underground": 0,
     "waterway": "stream"
    },
    "type": "Feature"
   },
   {
    "geometry": {
     "coordinates": [
      [
       -79.808984,
       35.671974
      ],
      [
       -79.807792,
       35.672534
      ],
      [
       -79.807414,
       35.673304
      ],
      [
       -79.806411,
       35.673853
      ],
      [
       -79.805932,
       35.67426
      ],
      [
       -79.805798,
       35.674612
      ],
      [
       -79.805366,
       35.674705
      ]
     ],
     "type": "LineString"
    },
    "properties": {
     "length_km": 0.47,
     "n_sites": 0,
     "name": null,
     "order": 2,
     "riverKey": null,
     "underground": 0,
     "waterway": "stream"
    },
    "type": "Feature"
   },
   {
    "geometry": {
     "coordinates": [
      [
       -79.806578,
       35.771732
      ],
      [
       -79.80531,
       35.77088
      ],
      [
       -79.804143,
       35.769797
      ],
      [
       -79.803476,
       35.770237
      ],
      [
       -79.803267,
       35.770781
      ]
     ],
     "type": "LineString"
    },
    "properties": {
     "length_km": 0.45,
     "n_sites": 0,
     "name": null,
     "order": 2,
     "riverKey": null,
     "underground": 0,
     "waterway": "stream"
    },
    "type": "Feature"
   },
   {
    "geometry": {
     "coordinates": [
      [
       -79.808137,
       35.618288
      ],
      [
       -79.808419,
       35.618645
      ],
      [
       -79.808547,
       35.619431
      ],
      [
       -79.808405,
       35.619695
      ],
      [
       -79.80848,
       35.620481
      ],
      [
       -79.808069,
       35.622086
      ],
      [
       -79.808183,
       35.622388
      ],
      [
       -79.807759,
       35.622767
      ],
      [
       -79.806335,
       35.625935
      ],
      [
       -79.806557,
       35.627848
      ],
      [
       -79.806933,
       35.628167
      ],
      [
       -79.807526,
       35.62831
      ],
      [
       -79.807836,
       35.628986
      ],
      [
       -79.807907,
       35.629645
      ]
     ],
     "type": "LineString"
    },
    "properties": {
     "length_km": 1.37,
     "n_sites": 0,
     "name": null,
     "order": 2,
     "riverKey": null,
     "underground": 0,
     "waterway": "stream"
    },
    "type": "Feature"
   },
   {
    "geometry": {
     "coordinates": [
      [
       -79.806624,
       35.686483
      ],
      [
       -79.806564,
       35.686334
      ],
      [
       -79.805641,
       35.685971
      ],
      [
       -79.80583,
       35.684465
      ],
      [
       -79.805056,
       35.68374
      ],
      [
       -79.804934,
       35.683366
      ],
      [
       -79.804497,
       35.683152
      ],
      [
       -79.803439,
       35.683108
      ]
     ],
     "type": "LineString"
    },
    "properties": {
     "length_km": 0.57,
     "n_sites": 0,
     "name": null,
     "order": 2,
     "riverKey": null,
     "underground": 0,
     "waterway": "stream"
    },
    "type": "Feature"
   },
   {
    "geometry": {
     "coordinates": [
      [
       -79.806256,
       35.706856
      ],
      [
       -79.805918,
       35.707908
      ],
      [
       -79.805877,
       35.709784
      ],
      [
       -79.805444,
       35.711572
      ],
      [
       -79.804204,
       35.713044
      ],
      [
       -79.804216,
       35.71343
      ]
     ],
     "type": "LineString"
    },
    "properties": {
     "length_km": 0.77,
     "n_sites": 0,
     "name": null,
     "order": 2,
     "riverKey": null,
     "underground": 0,
     "waterway": "stream"
    },
    "type": "Feature"
   },
   {
    "geometry": {
     "coordinates": [
      [
       -79.807036,
       35.649666
      ],
      [
       -79.806345,
       35.649682
      ],
      [
       -79.805268,
       35.65011
      ],
      [
       -79.805228,
       35.651006
      ],
      [
       -79.804954,
       35.65106
      ],
      [
       -79.804733,
       35.651425
      ],
      [
       -79.804868,
       35.651604
      ],
      [
       -79.804704,
       35.65196
      ],
      [
       -79.804108,
       35.652105
      ],
      [
       -79.804202,
       35.652454
      ],
      [
       -79.803895,
       35.652506
      ],
      [
       -79.803633,
       35.652869
      ],
      [
       -79.803592,
       35.653876
      ],
      [
       -79.802736,
       35.655068
      ]
     ],
     "type": "LineString"
    },
    "properties": {
     "length_km": 0.84,
     "n_sites": 0,
     "name": null,
     "order": 2,
     "riverKey": null,
     "underground": 0,
     "waterway": "stream"
    },
    "type": "Feature"
   },
   {
    "geometry": {
     "coordinates": [
      [
       -79.804174,
       35.769649
      ],
      [
       -79.803597,
       35.768017
      ],
      [
       -79.803679,
       35.765857
      ],
      [
       -79.803908,
       35.764566
      ]
     ],
     "type": "LineString"
    },
    "properties": {
     "length_km": 0.57,
     "n_sites": 0,
     "name": null,
     "order": 2,
     "riverKey": null,
     "underground": 0,
     "waterway": "stream"
    },
    "type": "Feature"
   },
   {
    "geometry": {
     "coordinates": [
      [
       -79.805366,
       35.674705
      ],
      [
       -79.804107,
       35.673842
      ],
      [
       -79.801629,
       35.673072
      ],
      [
       -79.801622,
       35.672424
      ],
      [
       -79.801325,
       35.6721
      ],
      [
       -79.800921,
       35.67194
      ]
     ],
     "type": "LineString"
    },
    "properties": {
     "length_km": 0.55,
     "n_sites": 0,
     "name": null,
     "order": 2,
     "riverKey": null,
     "underground": 0,
     "waterway": "stream"
    },
    "type": "Feature"
   },
   {
    "geometry": {
     "coordinates": [
      [
       -79.804031,
       35.73296
      ],
      [
       -79.80304,
       35.734229
      ],
      [
       -79.802905,
       35.734894
      ],
      [
       -79.80246,
       35.735075
      ],
      [
       -79.801746,
       35.735674
      ],
      [
       -79.801024,
       35.736916
      ],
      [
       -79.80064,
       35.737043
      ],
      [
       -79.79867,
       35.73929
      ],
      [
       -79.797606,
       35.740845
      ],
      [
       -79.79619,
       35.74201
      ],
      [
       -79.795414,
       35.74323
      ],
      [
       -79.794463,
       35.743873
      ],
      [
       -79.794274,
       35.744159
      ]
     ],
     "type": "LineString"
    },
    "properties": {
     "length_km": 1.56,
     "n_sites": 0,
     "name": null,
     "order": 2,
     "riverKey": null,
     "underground": 0,
     "waterway": "stream"
    },
    "type": "Feature"
   },
   {
    "geometry": {
     "coordinates": [
      [
       -79.803861,
       35.741588
      ],
      [
       -79.803121,
       35.741962
      ],
      [
       -79.802975,
       35.742283
      ],
      [
       -79.80163,
       35.743538
      ]
     ],
     "type": "LineString"
    },
    "properties": {
     "length_km": 0.3,
     "n_sites": 0,
     "name": null,
     "order": 2,
     "riverKey": null,
     "underground": 0,
     "waterway": "stream"
    },
    "type": "Feature"
   },
   {
    "geometry": {
     "coordinates": [
      [
       -79.804131,
       35.714477
      ],
      [
       -79.803638,
       35.715885
      ],
      [
       -79.801291,
       35.716269
      ],
      [
       -79.800852,
       35.716428
      ],
      [
       -79.800293,
       35.716912
      ],
      [
       -79.799587,
       35.717963
      ],
      [
       -79.799039,
       35.719204
      ],
      [
       -79.798884,
       35.719203
      ],
      [
       -79.797462,
       35.721396
      ],
      [
       -79.797253,
       35.721478
      ],
      [
       -79.796451,
       35.721346
      ],
      [
       -79.796073,
       35.721967
      ],
      [
       -79.795739,
       35.72209
      ],
      [
       -79.794908,
       35.721626
      ],
      [
       -79.794382,
       35.721566
      ]
     ],
     "type": "LineString"
    },
    "properties": {
     "length_km": 1.41,
     "n_sites": 0,
     "name": null,
     "order": 2,
     "riverKey": null,
     "underground": 0,
     "waterway": "stream"
    },
    "type": "Feature"
   },
   {
    "geometry": {
     "coordinates": [
      [
       -79.801513,
       35.772578
      ],
      [
       -79.801815,
       35.772356
      ],
      [
       -79.801857,
       35.772103
      ],
      [
       -79.803217,
       35.770976
      ]
     ],
     "type": "LineString"
    },
    "properties": {
     "length_km": 0.24,
     "n_sites": 0,
     "name": null,
     "order": 2,
     "riverKey": null,
     "underground": 0,
     "waterway": "stream"
    },
    "type": "Feature"
   },
   {
    "geometry": {
     "coordinates": [
      [
       -79.802569,
       35.688494
      ],
      [
       -79.802704,
       35.686191
      ],
      [
       -79.803735,
       35.684493
      ],
      [
       -79.803756,
       35.683712
      ],
      [
       -79.803439,
       35.683108
      ]
     ],
     "type": "LineString"
    },
    "properties": {
     "length_km": 0.63,
     "n_sites": 0,
     "name": null,
     "order": 2,
     "riverKey": null,
     "underground": 0,
     "waterway": "stream"
    },
    "type": "Feature"
   },
   {
    "geometry": {
     "coordinates": [
      [
       -79.803439,
       35.683108
      ],
      [
       -79.802321,
       35.682168
      ],
      [
       -79.801742,
       35.682003
      ],
      [
       -79.801176,
       35.681635
      ],
      [
       -79.800576,
       35.681596
      ]
     ],
     "type": "LineString"
    },
    "properties": {
     "length_km": 0.32,
     "n_sites": 0,
     "name": null,
     "order": 2,
     "riverKey": null,
     "underground": 0,
     "waterway": "stream"
    },
    "type": "Feature"
   },
   {
    "geometry": {
     "coordinates": [
      [
       -79.799327,
       35.778612
      ],
      [
       -79.799321,
       35.777848
      ],
      [
       -79.799671,
       35.777249
      ],
      [
       -79.801486,
       35.775216
      ],
      [
       -79.80156,
       35.774271
      ],
      [
       -79.801789,
       35.773853
      ]
     ],
     "type": "LineString"
    },
    "properties": {
     "length_km": 0.59,
     "n_sites": 0,
     "name": null,
     "order": 2,
     "riverKey": null,
     "underground": 0,
     "waterway": "stream"
    },
    "type": "Feature"
   },
   {
    "geometry": {
     "coordinates": [
      [
       -79.800806,
       35.803601
      ],
      [
       -79.800719,
       35.805288
      ],
      [
       -79.799336,
       35.806173
      ],
      [
       -79.798836,
       35.806849
      ],
      [
       -79.798492,
       35.807063
      ],
      [
       -79.798452,
       35.808157
      ],
      [
       -79.798188,
       35.808305
      ],
      [
       -79.796569,
       35.808459
      ]
     ],
     "type": "LineString"
    },
    "properties": {
     "length_km": 0.77,
     "n_sites": 0,
     "name": null,
     "order": 2,
     "riverKey": null,
     "underground": 0,
     "waterway": "stream"
    },
    "type": "Feature"
   },
   {
    "geometry": {
     "coordinates": [
      [
       -79.801159,
       35.746288
      ],
      [
       -79.801332,
       35.746753
      ],
      [
       -79.802694,
       35.748364
      ],
      [
       -79.802825,
       35.748857
      ],
      [
       -79.802517,
       35.749325
      ],
      [
       -79.802511,
       35.749694
      ],
      [
       -79.801743,
       35.749897
      ],
      [
       -79.801473,
       35.750139
      ],
      [
       -79.801113,
       35.751179
      ],
      [
       -79.800632,
       35.751927
      ],
      [
       -79.800177,
       35.752406
      ],
      [
       -79.799004,
       35.753143
      ],
      [
       -79.79803,
       35.754277
      ],
      [
       -79.796924,
       35.755074
      ],
      [
       -79.796536,
       35.755983
      ],
      [
       -79.795717,
       35.756684
      ],
      [
       -79.795418,
       35.75719
      ],
      [
       -79.794288,
       35.757695
      ]
     ],
     "type": "LineString"
    },
    "properties": {
     "length_km": 1.63,
     "n_sites": 0,
     "name": null,
     "order": 2,
     "riverKey": null,
     "underground": 0,
     "waterway": "stream"
    },
    "type": "Feature"
   },
   {
    "geometry": {
     "coordinates": [
      [
       -79.801246,
       35.664939
      ],
      [
       -79.800364,
       35.667335
      ]
     ],
     "type": "LineString"
    },
    "properties": {
     "length_km": 0.28,
     "n_sites": 0,
     "name": null,
     "order": 2,
     "riverKey": null,
     "underground": 0,
     "waterway": "stream"
    },
    "type": "Feature"
   },
   {
    "geometry": {
     "coordinates": [
      [
       -79.799148,
       35.795379
      ],
      [
       -79.799371,
       35.794374
      ],
      [
       -79.799291,
       35.793895
      ],
      [
       -79.798933,
       35.793434
      ],
      [
       -79.797126,
       35.793615
      ],
      [
       -79.795905,
       35.792675
      ],
      [
       -79.794764,
       35.792439
      ],
      [
       -79.794448,
       35.791999
      ],
      [
       -79.795527,
       35.792263
      ],
      [
       -79.795986,
       35.792087
      ],
      [
       -79.796323,
       35.791592
      ],
      [
       -79.796734,
       35.79018
      ],
      [
       -79.797693,
       35.789812
      ],
      [
       -79.798131,
       35.789296
      ],
      [
       -79.79857,
       35.788213
      ],
      [
       -79.798482,
       35.787806
      ],
      [
       -79.797835,
       35.786971
      ],
      [
       -79.797868,
       35.78663
      ],
      [
       -79.798544,
       35.78535
      ],
      [
       -79.799218,
       35.784635
      ]
     ],
     "type": "LineString"
    },
    "properties": {
     "length_km": 1.82,
     "n_sites": 0,
     "name": null,
     "order": 2,
     "riverKey": null,
     "underground": 0,
     "waterway": "stream"
    },
    "type": "Feature"
   },
   {
    "geometry": {
     "coordinates": [
      [
       -79.800576,
       35.681596
      ],
      [
       -79.799707,
       35.681849
      ],
      [
       -79.799243,
       35.6817
      ],
      [
       -79.79865,
       35.680085
      ],
      [
       -79.798482,
       35.680035
      ],
      [
       -79.797956,
       35.680326
      ],
      [
       -79.797458,
       35.679859
      ],
      [
       -79.797397,
       35.679475
      ],
      [
       -79.797108,
       35.6792
      ],
      [
       -79.795417,
       35.678831
      ]
     ],
     "type": "LineString"
    },
    "properties": {
     "length_km": 0.7,
     "n_sites": 0,
     "name": null,
     "order": 2,
     "riverKey": null,
     "underground": 0,
     "waterway": "stream"
    },
    "type": "Feature"
   },
   {
    "geometry": {
     "coordinates": [
      [
       -79.797092,
       35.689784
      ],
      [
       -79.797024,
       35.689526
      ],
      [
       -79.797476,
       35.688416
      ],
      [
       -79.798353,
       35.687251
      ],
      [
       -79.798676,
       35.686449
      ],
      [
       -79.799222,
       35.685971
      ],
      [
       -79.799174,
       35.68569
      ],
      [
       -79.800543,
       35.68363
      ],
      [
       -79.800839,
       35.682421
      ],
      [
       -79.800576,
       35.681596
      ]
     ],
     "type": "LineString"
    },
    "properties": {
     "length_km": 1.0,
     "n_sites": 0,
     "name": null,
     "order": 2,
     "riverKey": null,
     "underground": 0,
     "waterway": "stream"
    },
    "type": "Feature"
   },
   {
    "geometry": {
     "coordinates": [
      [
       -79.80033,
       35.667873
      ],
      [
       -79.800289,
       35.668725
      ],
      [
       -79.799885,
       35.669588
      ],
      [
       -79.799111,
       35.670561
      ],
      [
       -79.799198,
       35.67122
      ],
      [
       -79.798436,
       35.672033
      ]
     ],
     "type": "LineString"
    },
    "properties": {
     "length_km": 0.51,
     "n_sites": 0,
     "name": null,
     "order": 2,
     "riverKey": null,
     "underground": 0,
     "waterway": "stream"
    },
    "type": "Feature"
   },
   {
    "geometry": {
     "coordinates": [
      [
       -79.799122,
       35.743253
      ],
      [
       -79.798616,
       35.743747
      ],
      [
       -79.797942,
       35.744121
      ],
      [
       -79.795913,
       35.744346
      ],
      [
       -79.794861,
       35.744126
      ],
      [
       -79.794274,
       35.744159
      ]
     ],
     "type": "LineString"
    },
    "properties": {
     "length_km": 0.48,
     "n_sites": 0,
     "name": null,
     "order": 2,
     "riverKey": null,
     "underground": 0,
     "waterway": "stream"
    },
    "type": "Feature"
   },
   {
    "geometry": {
     "coordinates": [
      [
       -79.797974,
       35.80121
      ],
      [
       -79.796631,
       35.801595
      ],
      [
       -79.793353,
       35.801429
      ],
      [
       -79.792995,
       35.799539
      ],
      [
       -79.79278,
       35.799132
      ],
      [
       -79.790514,
       35.796318
      ],
      [
       -79.790129,
       35.796103
      ]
     ],
     "type": "LineString"
    },
    "properties": {
     "length_km": 1.1,
     "n_sites": 0,
     "name": null,
     "order": 2,
     "riverKey": null,
     "underground": 0,
     "waterway": "stream"
    },
    "type": "Feature"
   },
   {
    "geometry": {
     "coordinates": [
      [
       -79.798573,
       35.725375
      ],
      [
       -79.797663,
       35.725479
      ],
      [
       -79.797427,
       35.725721
      ],
      [
       -79.796396,
       35.725793
      ],
      [
       -79.795877,
       35.726276
      ],
      [
       -79.795466,
       35.726408
      ],
      [
       -79.794421,
       35.725446
      ],
      [
       -79.793936,
       35.72538
      ],
      [
       -79.793309,
       35.725088
      ],
      [
       -79.793188,
       35.724863
      ],
      [
       -79.792562,
       35.724709
      ]
     ],
     "type": "LineString"
    },
    "properties": {
     "length_km": 0.66,
     "n_sites": 0,
     "name": null,
     "order": 2,
     "riverKey": null,
     "underground": 0,
     "waterway": "stream"
    },
    "type": "Feature"
   },
   {
    "geometry": {
     "coordinates": [
      [
       -79.797165,
       35.766703
      ],
      [
       -79.796301,
       35.765576
      ],
      [
       -79.796086,
       35.764405
      ],
      [
       -79.796288,
       35.763576
      ],
      [
       -79.796943,
       35.762839
      ],
      [
       -79.79726,
       35.761498
      ],
      [
       -79.797853,
       35.760504
      ]
     ],
     "type": "LineString"
    },
    "properties": {
     "length_km": 0.75,
     "n_sites": 0,
     "name": null,
     "order": 2,
     "riverKey": null,
     "underground": 0,
     "waterway": "stream"
    },
    "type": "Feature"
   },
   {
    "geometry": {
     "coordinates": [
      [
       -79.795468,
       35.752381
      ],
      [
       -79.796061,
       35.753205
      ],
      [
       -79.79627,
       35.754305
      ],
      [
       -79.796906,
       35.755012
      ]
     ],
     "type": "LineString"
    },
    "properties": {
     "length_km": 0.33,
     "n_sites": 0,
     "name": null,
     "order": 2,
     "riverKey": null,
     "underground": 0,
     "waterway": "stream"
    },
    "type": "Feature"
   },
   {
    "geometry": {
     "coordinates": [
      [
       -79.797925,
       35.668373
      ],
      [
       -79.797925,
       35.668851
      ],
      [
       -79.797615,
       35.669566
      ],
      [
       -79.797669,
       35.669994
      ],
      [
       -79.797305,
       35.670764
      ]
     ],
     "type": "LineString"
    },
    "properties": {
     "length_km": 0.28,
     "n_sites": 0,
     "name": null,
     "order": 2,
     "riverKey": null,
     "underground": 0,
     "waterway": "stream"
    },
    "type": "Feature"
   },
   {
    "geometry": {
     "coordinates": [
      [
       -79.797853,
       35.629837
      ],
      [
       -79.79794,
       35.630183
      ],
      [
       -79.798176,
       35.630342
      ],
      [
       -79.798088,
       35.631419
      ],
      [
       -79.797778,
       35.632315
      ],
      [
       -79.798148,
       35.632909
      ],
      [
       -79.797697,
       35.63392
      ],
      [
       -79.798,
       35.635574
      ],
      [
       -79.797749,
       35.637789
      ],
      [
       -79.797992,
       35.63968
      ],
      [
       -79.79783,
       35.640526
      ],
      [
       -79.798052,
       35.641037
      ],
      [
       -79.797355,
       35.642133
      ],
      [
       -79.796429,
       35.643059
      ]
     ],
     "type": "LineString"
    },
    "properties": {
     "length_km": 1.55,
     "n_sites": 0,
     "name": null,
     "order": 2,
     "riverKey": null,
     "underground": 0,
     "waterway": "stream"
    },
    "type": "Feature"
   },
   {
    "geometry": {
     "coordinates": [
      [
       -79.797179,
       35.66247
      ],
      [
       -79.796956,
       35.662135
      ],
      [
       -79.79699,
       35.661525
      ],
      [
       -79.796674,
       35.661509
      ],
      [
       -79.796284,
       35.661184
      ],
      [
       -79.795833,
       35.661162
      ],
      [
       -79.795287,
       35.660651
      ],
      [
       -79.794843,
       35.659294
      ]
     ],
     "type": "LineString"
    },
    "properties": {
     "length_km": 0.46,
     "n_sites": 0,
     "name": null,
     "order": 2,
     "riverKey": null,
     "underground": 0,
     "waterway": "stream"
    },
    "type": "Feature"
   },
   {
    "geometry": {
     "coordinates": [
      [
       -79.796132,
       35.702661
      ],
      [
       -79.795351,
       35.70044
      ],
      [
       -79.794873,
       35.700182
      ],
      [
       -79.794348,
       35.699457
      ],
      [
       -79.792656,
       35.698887
      ]
     ],
     "type": "LineString"
    },
    "properties": {
     "length_km": 0.57,
     "n_sites": 0,
     "name": null,
     "order": 2,
     "riverKey": null,
     "underground": 0,
     "waterway": "stream"
    },
    "type": "Feature"
   },
   {
    "geometry": {
     "coordinates": [
      [
       -79.794394,
       35.791977
      ],
      [
       -79.793234,
       35.790965
      ],
      [
       -79.792782,
       35.790762
      ],
      [
       -79.792134,
       35.790767
      ],
      [
       -79.792229,
       35.791234
      ],
      [
       -79.79179,
       35.79146
      ],
      [
       -79.791668,
       35.792471
      ],
      [
       -79.790717,
       35.792938
      ],
      [
       -79.789968,
       35.793064
      ],
      [
       -79.789544,
       35.793531
      ],
      [
       -79.789402,
       35.794031
      ]
     ],
     "type": "LineString"
    },
    "properties": {
     "length_km": 0.76,
     "n_sites": 0,
     "name": null,
     "order": 2,
     "riverKey": null,
     "underground": 0,
     "waterway": "stream"
    },
    "type": "Feature"
   },
   {
    "geometry": {
     "coordinates": [
      [
       -79.793442,
       35.686217
      ],
      [
       -79.794189,
       35.68575
      ],
      [
       -79.795126,
       35.684179
      ],
      [
       -79.795207,
       35.682986
      ],
      [
       -79.796144,
       35.681925
      ],
      [
       -79.79605,
       35.680832
      ]
     ],
     "type": "LineString"
    },
    "properties": {
     "length_km": 0.68,
     "n_sites": 0,
     "name": null,
     "order": 2,
     "riverKey": null,
     "underground": 0,
     "waterway": "stream"
    },
    "type": "Feature"
   },
   {
    "geometry": {
     "coordinates": [
      [
       -79.79605,
       35.680832
      ],
      [
       -79.796185,
       35.680507
      ],
      [
       -79.79599,
       35.680178
      ],
      [
       -79.79611,
       35.679876
      ],
      [
       -79.795754,
       35.679606
      ],
      [
       -79.795417,
       35.678831
      ]
     ],
     "type": "LineString"
    },
    "properties": {
     "length_km": 0.25,
     "n_sites": 0,
     "name": null,
     "order": 2,
     "riverKey": null,
     "underground": 0,
     "waterway": "stream"
    },
    "type": "Feature"
   },
   {
    "geometry": {
     "coordinates": [
      [
       -79.794602,
       35.681595
      ],
      [
       -79.795161,
       35.681442
      ],
      [
       -79.79605,
       35.680832
      ]
     ],
     "type": "LineString"
    },
    "properties": {
     "length_km": 0.16,
     "n_sites": 0,
     "name": null,
     "order": 2,
     "riverKey": null,
     "underground": 0,
     "waterway": "stream"
    },
    "type": "Feature"
   },
   {
    "geometry": {
     "coordinates": [
      [
       -79.794066,
       35.78353
      ],
      [
       -79.793532,
       35.784195
      ],
      [
       -79.792817,
       35.78475
      ],
      [
       -79.792574,
       35.784783
      ],
      [
       -79.792062,
       35.784491
      ],
      [
       -79.790868,
       35.784244
      ],
      [
       -79.789236,
       35.784254
      ],
      [
       -79.788636,
       35.783842
      ],
      [
       -79.788036,
       35.78393
      ],
      [
       -79.786976,
       35.783474
      ],
      [
       -79.786748,
       35.783496
      ]
     ],
     "type": "LineString"
    },
    "properties": {
     "length_km": 0.77,
     "n_sites": 0,
     "name": null,
     "order": 2,
     "riverKey": null,
     "underground": 0,
     "waterway": "stream"
    },
    "type": "Feature"
   },
   {
    "geometry": {
     "coordinates": [
      [
       -79.795417,
       35.678831
      ],
      [
       -79.795404,
       35.678298
      ],
      [
       -79.795061,
       35.678029
      ],
      [
       -79.795007,
       35.677545
      ],
      [
       -79.794259,
       35.676649
      ],
      [
       -79.794253,
       35.676193
      ],
      [
       -79.794031,
       35.675808
      ],
      [
       -79.794206,
       35.675396
      ],
      [
       -79.794145,
       35.674912
      ]
     ],
     "type": "LineString"
    },
    "properties": {
     "length_km": 0.48,
     "n_sites": 0,
     "name": null,
     "order": 2,
     "riverKey": null,
     "underground": 0,
     "waterway": "stream"
    },
    "type": "Feature"
   },
   {
    "geometry": {
     "coordinates": [
      [
       -79.794274,
       35.744159
      ],
      [
       -79.793337,
       35.744956
      ],
      [
       -79.792582,
       35.745197
      ],
      [
       -79.791759,
       35.745719
      ]
     ],
     "type": "LineString"
    },
    "properties": {
     "length_km": 0.29,
     "n_sites": 0,
     "name": null,
     "order": 2,
     "riverKey": null,
     "underground": 0,
     "waterway": "stream"
    },
    "type": "Feature"
   },
   {
    "geometry": {
     "coordinates": [
      [
       -79.792949,
       35.713509
      ],
      [
       -79.792841,
       35.714432
      ],
      [
       -79.79245,
       35.715037
      ],
      [
       -79.792497,
       35.715993
      ],
      [
       -79.79344,
       35.717444
      ],
      [
       -79.794249,
       35.717944
      ],
      [
       -79.794255,
       35.718433
      ],
      [
       -79.794626,
       35.71856
      ]
     ],
     "type": "LineString"
    },
    "properties": {
     "length_km": 0.65,
     "n_sites": 0,
     "name": null,
     "order": 2,
     "riverKey": null,
     "underground": 0,
     "waterway": "stream"
    },
    "type": "Feature"
   },
   {
    "geometry": {
     "coordinates": [
      [
       -79.792862,
       35.765719
      ],
      [
       -79.792233,
       35.765207
      ],
      [
       -79.791393,
       35.765249
      ],
      [
       -79.790267,
       35.766119
      ]
     ],
     "type": "LineString"
    },
    "properties": {
     "length_km": 0.3,
     "n_sites": 0,
     "name": null,
     "order": 2,
     "riverKey": null,
     "underground": 0,
     "waterway": "stream"
    },
    "type": "Feature"
   },
   {
    "geometry": {
     "coordinates": [
      [
       -79.79326,
       35.734596
      ],
      [
       -79.790496,
       35.734244
      ],
      [
       -79.789876,
       35.733809
      ],
      [
       -79.789512,
       35.733326
      ]
     ],
     "type": "LineString"
    },
    "properties": {
     "length_km": 0.39,
     "n_sites": 0,
     "name": null,
     "order": 2,
     "riverKey": null,
     "underground": 0,
     "waterway": "stream"
    },
    "type": "Feature"
   },
   {
    "geometry": {
     "coordinates": [
      [
       -79.79228,
       35.775852
      ],
      [
       -79.793413,
       35.77522
      ],
      [
       -79.794135,
       35.774429
      ],
      [
       -79.794135,
       35.773924
      ],
      [
       -79.79346,
       35.773418
      ],
      [
       -79.792841,
       35.772434
      ],
      [
       -79.791661,
       35.771082
      ],
      [
       -79.791375,
       35.770332
      ],
      [
       -79.791766,
       35.769851
      ]
     ],
     "type": "LineString"
    },
    "properties": {
     "length_km": 0.83,
     "n_sites": 0,
     "name": null,
     "order": 2,
     "riverKey": null,
     "underground": 0,
     "waterway": "stream"
    },
    "type": "Feature"
   },
   {
    "geometry": {
     "coordinates": [
      [
       -79.792151,
       35.769163
      ],
      [
       -79.791907,
       35.768657
      ],
      [
       -79.790732,
       35.767724
      ],
      [
       -79.789107,
       35.765828
      ],
      [
       -79.789033,
       35.765047
      ],
      [
       -79.78879,
       35.764663
      ],
      [
       -79.788312,
       35.764371
      ],
      [
       -79.787685,
       35.764272
      ]
     ],
     "type": "LineString"
    },
    "properties": {
     "length_km": 0.71,
     "n_sites": 0,
     "name": null,
     "order": 2,
     "riverKey": null,
     "underground": 0,
     "waterway": "stream"
    },
    "type": "Feature"
   },
   {
    "geometry": {
     "coordinates": [
      [
       -79.792852,
       35.625665
      ],
      [
       -79.791836,
       35.625219
      ],
      [
       -79.791081,
       35.625208
      ],
      [
       -79.790213,
       35.625499
      ],
      [
       -79.788626,
       35.626356
      ],
      [
       -79.787298,
       35.626449
      ],
      [
       -79.785905,
       35.625801
      ],
      [
       -79.784421,
       35.624571
      ],
      [
       -79.783911,
       35.624405
      ],
      [
       -79.782611,
       35.624351
      ]
     ],
     "type": "LineString"
    },
    "properties": {
     "length_km": 1.06,
     "n_sites": 0,
     "name": null,
     "order": 2,
     "riverKey": null,
     "underground": 0,
     "waterway": "stream"
    },
    "type": "Feature"
   },
   {
    "geometry": {
     "coordinates": [
      [
       -79.79169,
       35.701886
      ],
      [
       -79.792229,
       35.700638
      ],
      [
       -79.792475,
       35.698764
      ],
      [
       -79.792171,
       35.698121
      ],
      [
       -79.790818,
       35.697401
      ],
      [
       -79.790602,
       35.696611
      ],
      [
       -79.790754,
       35.69578
      ]
     ],
     "type": "LineString"
    },
    "properties": {
     "length_km": 0.76,
     "n_sites": 0,
     "name": null,
     "order": 2,
     "riverKey": null,
     "underground": 0,
     "waterway": "stream"
    },
    "type": "Feature"
   },
   {
    "geometry": {
     "coordinates": [
      [
       -79.790103,
       35.795125
      ],
      [
       -79.789699,
       35.794147
      ],
      [
       -79.789402,
       35.794031
      ]
     ],
     "type": "LineString"
    },
    "properties": {
     "length_km": 0.14,
     "n_sites": 0,
     "name": null,
     "order": 2,
     "riverKey": null,
     "underground": 0,
     "waterway": "stream"
    },
    "type": "Feature"
   },
   {
    "geometry": {
     "coordinates": [
      [
       -79.789402,
       35.794031
      ],
      [
       -79.787634,
       35.794696
      ],
      [
       -79.786677,
       35.794729
      ],
      [
       -79.786447,
       35.794987
      ],
      [
       -79.786541,
       35.795443
      ],
      [
       -79.78623,
       35.796201
      ],
      [
       -79.784726,
       35.796184
      ],
      [
       -79.784025,
       35.795921
      ],
      [
       -79.783068,
       35.796339
      ],
      [
       -79.782001,
       35.796255
      ],
      [
       -79.781314,
       35.795228
      ],
      [
       -79.780619,
       35.795183
      ],
      [
       -79.780066,
       35.794952
      ],
      [
       -79.779742,
       35.794491
      ],
      [
       -79.77834,
       35.793391
      ],
      [
       -79.774968,
       35.792242
      ],
      [
       -79.774543,
       35.791697
      ],
      [
       -79.774179,
       35.790538
      ],
      [
       -79.773572,
       35.789955
      ],
      [
       -79.77285,
       35.789779
      ],
      [
       -79.772392,
       35.789119
      ]
     ],
     "type": "LineString"
    },
    "properties": {
     "length_km": 2.09,
     "n_sites": 0,
     "name": null,
     "order": 2,
     "riverKey": null,
     "underground": 0,
     "waterway": "stream"
    },
    "type": "Feature"
   },
   {
    "geometry": {
     "coordinates": [
      [
       -79.790673,
       35.708793
      ],
      [
       -79.791333,
       35.707733
      ],
      [
       -79.79157,
       35.705826
      ],
      [
       -79.792203,
       35.705177
      ],
      [
       -79.792155,
       35.704396
      ],
      [
       -79.791793,
       35.703776
      ],
      [
       -79.791692,
       35.70206
      ],
      [
       -79.79089,
       35.702022
      ],
      [
       -79.789846,
       35.702726
      ]
     ],
     "type": "LineString"
    },
    "properties": {
     "length_km": 0.99,
     "n_sites": 0,
     "name": null,
     "order": 2,
     "riverKey": null,
     "underground": 0,
     "waterway": "stream"
    },
    "type": "Feature"
   },
   {
    "geometry": {
     "coordinates": [
      [
       -79.790214,
       35.664419
      ],
      [
       -79.789434,
       35.664136
      ],
      [
       -79.788578,
       35.664348
      ],
      [
       -79.787768,
       35.665297
      ],
      [
       -79.787654,
       35.665716
      ]
     ],
     "type": "LineString"
    },
    "properties": {
     "length_km": 0.33,
     "n_sites": 0,
     "name": null,
     "order": 2,
     "riverKey": null,
     "underground": 0,
     "waterway": "stream"
    },
    "type": "Feature"
   },
   {
    "geometry": {
     "coordinates": [
      [
       -79.790305,
       35.635776
      ],
      [
       -79.790183,
       35.635012
      ],
      [
       -79.788831,
       35.634177
      ],
      [
       -79.788265,
       35.634039
      ],
      [
       -79.787168,
       35.634111
      ],
      [
       -79.786258,
       35.634695
      ],
      [
       -79.785887,
       35.634558
      ],
      [
       -79.785719,
       35.634729
      ],
      [
       -79.785121,
       35.634412
      ],
      [
       -79.784346,
       35.634611
      ],
      [
       -79.783793,
       35.63418
      ],
      [
       -79.783536,
       35.634276
      ],
      [
       -79.783405,
       35.634065
      ],
      [
       -79.782,
       35.633785
      ],
      [
       -79.781374,
       35.633418
      ],
      [
       -79.780481,
       35.633696
      ],
      [
       -79.779359,
       35.633537
      ]
     ],
     "type": "LineString"
    },
    "properties": {
     "length_km": 1.21,
     "n_sites": 0,
     "name": null,
     "order": 2,
     "riverKey": null,
     "underground": 0,
     "waterway": "stream"
    },
    "type": "Feature"
   },
   {
    "geometry": {
     "coordinates": [
      [
       -79.789757,
       35.666153
      ],
      [
       -79.788603,
       35.666054
      ],
      [
       -79.787654,
       35.665716
      ]
     ],
     "type": "LineString"
    },
    "properties": {
     "length_km": 0.2,
     "n_sites": 0,
     "name": null,
     "order": 2,
     "riverKey": null,
     "underground": 0,
     "waterway": "stream"
    },
    "type": "Feature"
   },
   {
    "geometry": {
     "coordinates": [
      [
       -79.787402,
       35.801912
      ],
      [
       -79.787172,
       35.80262
      ],
      [
       -79.787597,
       35.80472
      ],
      [
       -79.786537,
       35.806088
      ],
      [
       -79.786132,
       35.807088
      ],
      [
       -79.785552,
       35.807269
      ],
      [
       -79.784796,
       35.80778
      ]
     ],
     "type": "LineString"
    },
    "properties": {
     "length_km": 0.76,
     "n_sites": 0,
     "name": null,
     "order": 2,
     "riverKey": null,
     "underground": 0,
     "waterway": "stream"
    },
    "type": "Feature"
   },
   {
    "geometry": {
     "coordinates": [
      [
       -79.785503,
       35.67673
      ],
      [
       -79.786056,
       35.676296
      ],
      [
       -79.786649,
       35.675136
      ],
      [
       -79.787443,
       35.674845
      ],
      [
       -79.787458,
       35.674087
      ],
      [
       -79.788023,
       35.673125
      ],
      [
       -79.788502,
       35.673038
      ],
      [
       -79.789222,
       35.672543
      ]
     ],
     "type": "LineString"
    },
    "properties": {
     "length_km": 0.62,
     "n_sites": 0,
     "name": null,
     "order": 2,
     "riverKey": null,
     "underground": 0,
     "waterway": "stream"
    },
    "type": "Feature"
   },
   {
    "geometry": {
     "coordinates": [
      [
       -79.789579,
       35.630231
      ],
      [
       -79.788085,
       35.630967
      ],
      [
       -79.786671,
       35.631308
      ],
      [
       -79.785203,
       35.631208
      ],
      [
       -79.784375,
       35.631384
      ],
      [
       -79.783601,
       35.631333
      ],
      [
       -79.781582,
       35.631059
      ],
      [
       -79.779643,
       35.630575
      ]
     ],
     "type": "LineString"
    },
    "properties": {
     "length_km": 0.94,
     "n_sites": 0,
     "name": null,
     "order": 2,
     "riverKey": null,
     "underground": 0,
     "waterway": "stream"
    },
    "type": "Feature"
   },
   {
    "geometry": {
     "coordinates": [
      [
       -79.787908,
       35.655643
      ],
      [
       -79.788117,
       35.655354
      ],
      [
       -79.788591,
       35.655341
      ],
      [
       -79.788892,
       35.655163
      ],
      [
       -79.788902,
       35.654536
      ]
     ],
     "type": "LineString"
    },
    "properties": {
     "length_km": 0.18,
     "n_sites": 0,
     "name": null,
     "order": 2,
     "riverKey": null,
     "underground": 0,
     "waterway": "stream"
    },
    "type": "Feature"
   },
   {
    "geometry": {
     "coordinates": [
      [
       -79.787411,
       35.710815
      ],
      [
       -79.786877,
       35.712859
      ],
      [
       -79.786878,
       35.71376
      ],
      [
       -79.786327,
       35.714355
      ],
      [
       -79.786257,
       35.714981
      ],
      [
       -79.783675,
       35.715617
      ],
      [
       -79.782442,
       35.716557
      ],
      [
       -79.780447,
       35.717089
      ],
      [
       -79.779429,
       35.718298
      ],
      [
       -79.779354,
       35.718936
      ],
      [
       -79.778329,
       35.720359
      ],
      [
       -79.778005,
       35.721469
      ],
      [
       -79.777345,
       35.721644
      ],
      [
       -79.777271,
       35.721787
      ]
     ],
     "type": "LineString"
    },
    "properties": {
     "length_km": 1.69,
     "n_sites": 0,
     "name": null,
     "order": 2,
     "riverKey": null,
     "underground": 0,
     "waterway": "stream"
    },
    "type": "Feature"
   },
   {
    "geometry": {
     "coordinates": [
      [
       -79.787654,
       35.665716
      ],
      [
       -79.787146,
       35.66613
      ],
      [
       -79.787171,
       35.666459
      ],
      [
       -79.786837,
       35.666987
      ],
      [
       -79.786534,
       35.667105
      ],
      [
       -79.786344,
       35.667639
      ],
      [
       -79.78589,
       35.6677
      ],
      [
       -79.785648,
       35.668024
      ],
      [
       -79.78528,
       35.668062
      ],
      [
       -79.785035,
       35.668316
      ]
     ],
     "type": "LineString"
    },
    "properties": {
     "length_km": 0.41,
     "n_sites": 0,
     "name": null,
     "order": 2,
     "riverKey": null,
     "underground": 0,
     "waterway": "stream"
    },
    "type": "Feature"
   },
   {
    "geometry": {
     "coordinates": [
      [
       -79.7872,
       35.657413
      ],
      [
       -79.787322,
       35.656297
      ]
     ],
     "type": "LineString"
    },
    "properties": {
     "length_km": 0.12,
     "n_sites": 0,
     "name": null,
     "order": 2,
     "riverKey": null,
     "underground": 0,
     "waterway": "stream"
    },
    "type": "Feature"
   },
   {
    "geometry": {
     "coordinates": [
      [
       -79.785409,
       35.774131
      ],
      [
       -79.784411,
       35.774751
      ],
      [
       -79.783634,
       35.775702
      ],
      [
       -79.783156,
       35.775751
      ],
      [
       -79.782542,
       35.775515
      ],
      [
       -79.782178,
       35.774482
      ],
      [
       -79.783777,
       35.77196
      ],
      [
       -79.783919,
       35.771426
      ],
      [
       -79.783522,
       35.769981
      ],
      [
       -79.782875,
       35.768992
      ]
     ],
     "type": "LineString"
    },
    "properties": {
     "length_km": 1.13,
     "n_sites": 0,
     "name": null,
     "order": 2,
     "riverKey": null,
     "underground": 0,
     "waterway": "stream"
    },
    "type": "Feature"
   },
   {
    "geometry": {
     "coordinates": [
      [
       -79.784178,
       35.638177
      ],
      [
       -79.78337,
       35.638479
      ],
      [
       -79.782741,
       35.639563
      ],
      [
       -79.782614,
       35.640105
      ],
      [
       -79.781878,
       35.640432
      ]
     ],
     "type": "LineString"
    },
    "properties": {
     "length_km": 0.35,
     "n_sites": 0,
     "name": null,
     "order": 2,
     "riverKey": null,
     "underground": 0,
     "waterway": "stream"
    },
    "type": "Feature"
   },
   {
    "geometry": {
     "coordinates": [
      [
       -79.783049,
       35.66391
      ],
      [
       -79.782043,
       35.664848
      ],
      [
       -79.781271,
       35.664831
      ],
      [
       -79.780991,
       35.665067
      ],
      [
       -79.780686,
       35.664985
      ]
     ],
     "type": "LineString"
    },
    "properties": {
     "length_km": 0.27,
     "n_sites": 0,
     "name": null,
     "order": 2,
     "riverKey": null,
     "underground": 0,
     "waterway": "stream"
    },
    "type": "Feature"
   },
   {
    "geometry": {
     "coordinates": [
      [
       -79.782257,
       35.708324
      ],
      [
       -79.781819,
       35.709082
      ],
      [
       -79.782034,
       35.710731
      ],
      [
       -79.781285,
       35.711775
      ],
      [
       -79.78088,
       35.712869
      ],
      [
       -79.779842,
       35.713858
      ],
      [
       -79.778393,
       35.714127
      ],
      [
       -79.77778,
       35.714439
      ],
      [
       -79.777018,
       35.715533
      ],
      [
       -79.776047,
       35.715544
      ]
     ],
     "type": "LineString"
    },
    "properties": {
     "length_km": 1.11,
     "n_sites": 0,
     "name": null,
     "order": 2,
     "riverKey": null,
     "underground": 0,
     "waterway": "stream"
    },
    "type": "Feature"
   },
   {
    "geometry": {
     "coordinates": [
      [
       -79.781842,
       35.685627
      ],
      [
       -79.780946,
       35.684626
      ],
      [
       -79.780237,
       35.683199
      ],
      [
       -79.778786,
       35.681504
      ],
      [
       -79.77899,
       35.677212
      ],
      [
       -79.778134,
       35.676849
      ],
      [
       -79.777023,
       35.675931
      ],
      [
       -79.776721,
       35.675474
      ],
      [
       -79.775731,
       35.674793
      ],
      [
       -79.775535,
       35.674435
      ],
      [
       -79.775705,
       35.672853
      ],
      [
       -79.775679,
       35.671534
      ],
      [
       -79.775489,
       35.670814
      ],
      [
       -79.775568,
       35.6695
      ]
     ],
     "type": "LineString"
    },
    "properties": {
     "length_km": 2.01,
     "n_sites": 0,
     "name": null,
     "order": 2,
     "riverKey": null,
     "underground": 0,
     "waterway": "stream"
    },
    "type": "Feature"
   },
   {
    "geometry": {
     "coordinates": [
      [
       -79.777574,
       35.616672
      ],
      [
       -79.77834,
       35.618359
      ],
      [
       -79.778562,
       35.61937
      ],
      [
       -79.779732,
       35.621459
      ],
      [
       -79.781098,
       35.62263
      ],
      [
       -79.781623,
       35.622883
      ],
      [
       -79.782504,
       35.623741
      ],
      [
       -79.782416,
       35.624422
      ]
     ],
     "type": "LineString"
    },
    "properties": {
     "length_km": 1.0,
     "n_sites": 0,
     "name": null,
     "order": 2,
     "riverKey": null,
     "underground": 0,
     "waterway": "stream"
    },
    "type": "Feature"
   },
   {
    "geometry": {
     "coordinates": [
      [
       -79.77961,
       35.755279
      ],
      [
       -79.77779,
       35.755147
      ],
      [
       -79.77721,
       35.756097
      ],
      [
       -79.776185,
       35.757229
      ]
     ],
     "type": "LineString"
    },
    "properties": {
     "length_km": 0.44,
     "n_sites": 0,
     "name": null,
     "order": 2,
     "riverKey": null,
     "underground": 0,
     "waterway": "stream"
    },
    "type": "Feature"
   },
   {
    "geometry": {
     "coordinates": [
      [
       -79.781297,
       35.640812
      ],
      [
       -79.780231,
       35.641682
      ],
      [
       -79.778953,
       35.641692
      ]
     ],
     "type": "LineString"
    },
    "properties": {
     "length_km": 0.25,
     "n_sites": 0,
     "name": null,
     "order": 2,
     "riverKey": null,
     "underground": 0,
     "waterway": "stream"
    },
    "type": "Feature"
   },
   {
    "geometry": {
     "coordinates": [
      [
       -79.780515,
       35.668179
      ],
      [
       -79.780324,
       35.668146
      ],
      [
       -79.780285,
       35.668309
      ],
      [
       -79.780038,
       35.668368
      ],
      [
       -79.778398,
       35.667853
      ],
      [
       -79.778383,
       35.667263
      ],
      [
       -79.77888,
       35.666572
      ]
     ],
     "type": "LineString"
    },
    "properties": {
     "length_km": 0.37,
     "n_sites": 0,
     "name": null,
     "order": 2,
     "riverKey": null,
     "underground": 0,
     "waterway": "stream"
    },
    "type": "Feature"
   },
   {
    "geometry": {
     "coordinates": [
      [
       -79.777728,
       35.758038
      ],
      [
       -79.776299,
       35.757823
      ],
      [
       -79.774518,
       35.759625
      ],
      [
       -79.774012,
       35.759779
      ],
      [
       -79.773062,
       35.759597
      ]
     ],
     "type": "LineString"
    },
    "properties": {
     "length_km": 0.53,
     "n_sites": 0,
     "name": null,
     "order": 2,
     "riverKey": null,
     "underground": 0,
     "waterway": "stream"
    },
    "type": "Feature"
   },
   {
    "geometry": {
     "coordinates": [
      [
       -79.776629,
       35.631929
      ],
      [
       -79.776961,
       35.631418
      ],
      [
       -79.779286,
       35.631432
      ]
     ],
     "type": "LineString"
    },
    "properties": {
     "length_km": 0.27,
     "n_sites": 0,
     "name": null,
     "order": 2,
     "riverKey": null,
     "underground": 0,
     "waterway": "stream"
    },
    "type": "Feature"
   },
   {
    "geometry": {
     "coordinates": [
      [
       -79.778507,
       35.672469
      ],
      [
       -79.77809,
       35.670831
      ],
      [
       -79.77855,
       35.669818
      ],
      [
       -79.778123,
       35.669135
      ],
      [
       -79.778315,
       35.668595
      ],
      [
       -79.778815,
       35.668335
      ],
      [
       -79.778486,
       35.667909
      ]
     ],
     "type": "LineString"
    },
    "properties": {
     "length_km": 0.56,
     "n_sites": 0,
     "name": null,
     "order": 2,
     "riverKey": null,
     "underground": 0,
     "waterway": "stream"
    },
    "type": "Feature"
   },
   {
    "geometry": {
     "coordinates": [
      [
       -79.778006,
       35.692128
      ],
      [
       -79.777413,
       35.692786
      ],
      [
       -79.776227,
       35.693258
      ],
      [
       -79.775621,
       35.693066
      ],
      [
       -79.774516,
       35.692296
      ],
      [
       -79.773509,
       35.69189
      ]
     ],
     "type": "LineString"
    },
    "properties": {
     "length_km": 0.5,
     "n_sites": 0,
     "name": null,
     "order": 2,
     "riverKey": null,
     "underground": 0,
     "waterway": "stream"
    },
    "type": "Feature"
   },
   {
    "geometry": {
     "coordinates": [
      [
       -79.777485,
       35.710741
      ],
      [
       -79.777734,
       35.711104
      ],
      [
       -79.777646,
       35.711494
      ],
      [
       -79.776979,
       35.712565
      ],
      [
       -79.776047,
       35.715544
      ]
     ],
     "type": "LineString"
    },
    "properties": {
     "length_km": 0.56,
     "n_sites": 0,
     "name": null,
     "order": 2,
     "riverKey": null,
     "underground": 0,
     "waterway": "stream"
    },
    "type": "Feature"
   },
   {
    "geometry": {
     "coordinates": [
      [
       -79.777271,
       35.721787
      ],
      [
       -79.777196,
       35.722392
      ],
      [
       -79.77791,
       35.723276
      ],
      [
       -79.777991,
       35.723601
      ],
      [
       -79.77766,
       35.724491
      ],
      [
       -79.777653,
       35.724991
      ],
      [
       -79.776904,
       35.726315
      ],
      [
       -79.776708,
       35.727206
      ],
      [
       -79.776223,
       35.727535
      ],
      [
       -79.776628,
       35.727788
      ],
      [
       -79.776648,
       35.727992
      ],
      [
       -79.775819,
       35.728112
      ],
      [
       -79.775522,
       35.728618
      ],
      [
       -79.775171,
       35.728859
      ],
      [
       -79.774517,
       35.7302
      ],
      [
       -79.774059,
       35.730238
      ],
      [
       -79.773836,
       35.730892
      ],
      [
       -79.772333,
       35.731579
      ],
      [
       -79.770243,
       35.731463
      ]
     ],
     "type": "LineString"
    },
    "properties": {
     "length_km": 1.57,
     "n_sites": 0,
     "name": null,
     "order": 2,
     "riverKey": null,
     "underground": 0,
     "waterway": "stream"
    },
    "type": "Feature"
   },
   {
    "geometry": {
     "coordinates": [
      [
       -79.776047,
       35.715544
      ],
      [
       -79.77567,
       35.716219
      ],
      [
       -79.775481,
       35.717379
      ],
      [
       -79.775924,
       35.718704
      ],
      [
       -79.776881,
       35.719787
      ],
      [
       -79.777332,
       35.721309
      ],
      [
       -79.777176,
       35.721622
      ],
      [
       -79.777271,
       35.721787
      ]
     ],
     "type": "LineString"
    },
    "properties": {
     "length_km": 0.74,
     "n_sites": 0,
     "name": null,
     "order": 2,
     "riverKey": null,
     "underground": 0,
     "waterway": "stream"
    },
    "type": "Feature"
   },
   {
    "geometry": {
     "coordinates": [
      [
       -79.776772,
       35.754141
      ],
      [
       -79.775814,
       35.756339
      ]
     ],
     "type": "LineString"
    },
    "properties": {
     "length_km": 0.26,
     "n_sites": 0,
     "name": null,
     "order": 2,
     "riverKey": null,
     "underground": 0,
     "waterway": "stream"
    },
    "type": "Feature"
   },
   {
    "geometry": {
     "coordinates": [
      [
       -79.776179,
       35.783729
      ],
      [
       -79.77452,
       35.783937
      ],
      [
       -79.77427,
       35.783839
      ],
      [
       -79.77382,
       35.78203
      ],
      [
       -79.773172,
       35.781596
      ],
      [
       -79.772539,
       35.780475
      ],
      [
       -79.771824,
       35.780167
      ]
     ],
     "type": "LineString"
    },
    "properties": {
     "length_km": 0.67,
     "n_sites": 0,
     "name": null,
     "order": 2,
     "riverKey": null,
     "underground": 0,
     "waterway": "stream"
    },
    "type": "Feature"
   },
   {
    "geometry": {
     "coordinates": [
      [
       -79.775122,
       35.637916
      ],
      [
       -79.776146,
       35.637724
      ],
      [
       -79.777701,
       35.637757
      ],
      [
       -79.778105,
       35.637933
      ]
     ],
     "type": "LineString"
    },
    "properties": {
     "length_km": 0.28,
     "n_sites": 0,
     "name": null,
     "order": 2,
     "riverKey": null,
     "underground": 0,
     "waterway": "stream"
    },
    "type": "Feature"
   },
   {
    "geometry": {
     "coordinates": [
      [
       -79.77582,
       35.699408
      ],
      [
       -79.775215,
       35.697468
      ],
      [
       -79.774528,
       35.696566
      ],
      [
       -79.774083,
       35.696264
      ],
      [
       -79.773693,
       35.695544
      ],
      [
       -79.772858,
       35.694725
      ],
      [
       -79.770857,
       35.693834
      ]
     ],
     "type": "LineString"
    },
    "properties": {
     "length_km": 0.8,
     "n_sites": 0,
     "name": null,
     "order": 2,
     "riverKey": null,
     "underground": 0,
     "waterway": "stream"
    },
    "type": "Feature"
   },
   {
    "geometry": {
     "coordinates": [
      [
       -79.774863,
       35.738982
      ],
      [
       -79.774142,
       35.738191
      ],
      [
       -79.773738,
       35.738185
      ],
      [
       -79.772935,
       35.738437
      ],
      [
       -79.772416,
       35.73902
      ],
      [
       -79.771364,
       35.739179
      ],
      [
       -79.770744,
       35.739547
      ],
      [
       -79.769578,
       35.739904
      ],
      [
       -79.768802,
       35.739953
      ],
      [
       -79.768041,
       35.739771
      ],
      [
       -79.766296,
       35.737973
      ]
     ],
     "type": "LineString"
    },
    "properties": {
     "length_km": 0.98,
     "n_sites": 0,
     "name": null,
     "order": 2,
     "riverKey": null,
     "underground": 0,
     "waterway": "stream"
    },
    "type": "Feature"
   },
   {
    "geometry": {
     "coordinates": [
      [
       -79.775485,
       35.668798
      ],
      [
       -79.775371,
       35.668385
      ],
      [
       -79.773681,
       35.666889
      ]
     ],
     "type": "LineString"
    },
    "properties": {
     "length_km": 0.27,
     "n_sites": 0,
     "name": null,
     "order": 2,
     "riverKey": null,
     "underground": 0,
     "waterway": "stream"
    },
    "type": "Feature"
   },
   {
    "geometry": {
     "coordinates": [
      [
       -79.773062,
       35.759597
      ],
      [
       -79.77267,
       35.759701
      ],
      [
       -79.771901,
       35.760861
      ]
     ],
     "type": "LineString"
    },
    "properties": {
     "length_km": 0.18,
     "n_sites": 0,
     "name": null,
     "order": 2,
     "riverKey": null,
     "underground": 0,
     "waterway": "stream"
    },
    "type": "Feature"
   },
   {
    "geometry": {
     "coordinates": [
      [
       -79.772469,
       35.757712
      ],
      [
       -79.772981,
       35.758569
      ],
      [
       -79.773062,
       35.759597
      ]
     ],
     "type": "LineString"
    },
    "properties": {
     "length_km": 0.22,
     "n_sites": 0,
     "name": null,
     "order": 2,
     "riverKey": null,
     "underground": 0,
     "waterway": "stream"
    },
    "type": "Feature"
   },
   {
    "geometry": {
     "coordinates": [
      [
       -79.773909,
       35.694016
      ],
      [
       -79.772804,
       35.694005
      ],
      [
       -79.771187,
       35.693587
      ]
     ],
     "type": "LineString"
    },
    "properties": {
     "length_km": 0.25,
     "n_sites": 0,
     "name": null,
     "order": 2,
     "riverKey": null,
     "underground": 0,
     "waterway": "stream"
    },
    "type": "Feature"
   },
   {
    "geometry": {
     "coordinates": [
      [
       -79.767956,
       35.630539
      ],
      [
       -79.76898,
       35.631231
      ],
      [
       -79.769727,
       35.631127
      ],
      [
       -79.770252,
       35.631292
      ],
      [
       -79.771359,
       35.631356
      ],
      [
       -79.771591,
       35.632232
      ],
      [
       -79.772042,
       35.632617
      ],
      [
       -79.772553,
       35.632672
      ],
      [
       -79.773873,
       35.632447
      ],
      [
       -79.774277,
       35.632546
      ]
     ],
     "type": "LineString"
    },
    "properties": {
     "length_km": 0.71,
     "n_sites": 0,
     "name": null,
     "order": 2,
     "riverKey": null,
     "underground": 0,
     "waterway": "stream"
    },
    "type": "Feature"
   },
   {
    "geometry": {
     "coordinates": [
      [
       -79.76948,
       35.674116
      ],
      [
       -79.769293,
       35.672716
      ],
      [
       -79.769542,
       35.672026
      ],
      [
       -79.770978,
       35.670483
      ],
      [
       -79.77275,
       35.669659
      ],
      [
       -79.773107,
       35.669054
      ],
      [
       -79.773101,
       35.668334
      ],
      [
       -79.773681,
       35.666889
      ]
     ],
     "type": "LineString"
    },
    "properties": {
     "length_km": 0.96,
     "n_sites": 0,
     "name": null,
     "order": 2,
     "riverKey": null,
     "underground": 0,
     "waterway": "stream"
    },
    "type": "Feature"
   },
   {
    "geometry": {
     "coordinates": [
      [
       -79.773681,
       35.666889
      ],
      [
       -79.773546,
       35.666197
      ],
      [
       -79.774012,
       35.665103
      ],
      [
       -79.774309,
       35.662564
      ],
      [
       -79.774148,
       35.661872
      ],
      [
       -79.773657,
       35.66097
      ]
     ],
     "type": "LineString"
    },
    "properties": {
     "length_km": 0.68,
     "n_sites": 0,
     "name": null,
     "order": 2,
     "riverKey": null,
     "underground": 0,
     "waterway": "stream"
    },
    "type": "Feature"
   },
   {
    "geometry": {
     "coordinates": [
      [
       -79.773343,
       35.682321
      ],
      [
       -79.771888,
       35.680996
      ],
      [
       -79.77106,
       35.680512
      ],
      [
       -79.770597,
       35.678198
      ],
      [
       -79.769492,
       35.67761
      ],
      [
       -79.769338,
       35.676829
      ],
      [
       -79.769621,
       35.67534
      ],
      [
       -79.769535,
       35.674714
      ]
     ],
     "type": "LineString"
    },
    "properties": {
     "length_km": 0.99,
     "n_sites": 0,
     "name": null,
     "order": 2,
     "riverKey": null,
     "underground": 0,
     "waterway": "stream"
    },
    "type": "Feature"
   },
   {
    "geometry": {
     "coordinates": [
      [
       -79.771757,
       35.662519
      ],
      [
       -79.773084,
       35.661728
      ],
      [
       -79.773657,
       35.66097
      ]
     ],
     "type": "LineString"
    },
    "properties": {
     "length_km": 0.25,
     "n_sites": 0,
     "name": null,
     "order": 2,
     "riverKey": null,
     "underground": 0,
     "waterway": "stream"
    },
    "type": "Feature"
   },
   {
    "geometry": {
     "coordinates": [
      [
       -79.773657,
       35.66097
      ],
      [
       -79.77285,
       35.65947
      ],
      [
       -79.772816,
       35.659217
      ],
      [
       -79.773065,
       35.659013
      ]
     ],
     "type": "LineString"
    },
    "properties": {
     "length_km": 0.24,
     "n_sites": 0,
     "name": null,
     "order": 2,
     "riverKey": null,
     "underground": 0,
     "waterway": "stream"
    },
    "type": "Feature"
   },
   {
    "geometry": {
     "coordinates": [
      [
       -79.759123,
       35.791873
      ],
      [
       -79.760492,
       35.791335
      ],
      [
       -79.762165,
       35.791231
      ],
      [
       -79.763164,
       35.791017
      ],
      [
       -79.763947,
       35.790616
      ],
      [
       -79.764689,
       35.789919
      ],
      [
       -79.76535,
       35.789963
      ],
      [
       -79.767165,
       35.789359
      ],
      [
       -79.770045,
       35.789695
      ],
      [
       -79.770659,
       35.789168
      ],
      [
       -79.770943,
       35.788602
      ],
      [
       -79.771685,
       35.788201
      ]
     ],
     "type": "LineString"
    },
    "properties": {
     "length_km": 1.3,
     "n_sites": 0,
     "name": null,
     "order": 2,
     "riverKey": null,
     "underground": 0,
     "waterway": "stream"
    },
    "type": "Feature"
   },
   {
    "geometry": {
     "coordinates": [
      [
       -79.771959,
       35.635442
      ],
      [
       -79.773206,
       35.634783
      ],
      [
       -79.773529,
       35.633975
      ],
      [
       -79.774008,
       35.633412
      ]
     ],
     "type": "LineString"
    },
    "properties": {
     "length_km": 0.3,
     "n_sites": 0,
     "name": null,
     "order": 2,
     "riverKey": null,
     "underground": 0,
     "waterway": "stream"
    },
    "type": "Feature"
   },
   {
    "geometry": {
     "coordinates": [
      [
       -79.772081,
       35.752375
      ],
      [
       -79.771912,
       35.752952
      ],
      [
       -79.77088,
       35.754221
      ],
      [
       -79.770893,
       35.754777
      ],
      [
       -79.77038,
       35.756529
      ],
      [
       -79.768977,
       35.757958
      ],
      [
       -79.768167,
       35.758243
      ],
      [
       -79.767398,
       35.759699
      ]
     ],
     "type": "LineString"
    },
    "properties": {
     "length_km": 0.95,
     "n_sites": 0,
     "name": null,
     "order": 2,
     "riverKey": null,
     "underground": 0,
     "waterway": "stream"
    },
    "type": "Feature"
   },
   {
    "geometry": {
     "coordinates": [
      [
       -79.772404,
       35.712174
      ],
      [
       -79.772201,
       35.711959
      ],
      [
       -79.771345,
       35.712382
      ],
      [
       -79.769949,
       35.715267
      ],
      [
       -79.769005,
       35.716503
      ],
      [
       -79.768189,
       35.717074
      ],
      [
       -79.766631,
       35.719442
      ],
      [
       -79.766634,
       35.720467
      ],
      [
       -79.767042,
       35.720871
      ]
     ],
     "type": "LineString"
    },
    "properties": {
     "length_km": 1.19,
     "n_sites": 0,
     "name": null,
     "order": 2,
     "riverKey": null,
     "underground": 0,
     "waterway": "stream"
    },
    "type": "Feature"
   },
   {
    "geometry": {
     "coordinates": [
      [
       -79.771522,
       35.721802
      ],
      [
       -79.772122,
       35.722357
      ],
      [
       -79.769956,
       35.725698
      ],
      [
       -79.770172,
       35.726236
      ],
      [
       -79.770104,
       35.726681
      ],
      [
       -79.769598,
       35.727346
      ],
      [
       -79.769199,
       35.728664
      ],
      [
       -79.769495,
       35.730149
      ],
      [
       -79.76991,
       35.730679
      ],
      [
       -79.769606,
       35.731122
      ],
      [
       -79.770243,
       35.731463
      ]
     ],
     "type": "LineString"
    },
    "properties": {
     "length_km": 1.21,
     "n_sites": 0,
     "name": null,
     "order": 2,
     "riverKey": null,
     "underground": 0,
     "waterway": "stream"
    },
    "type": "Feature"
   },
   {
    "geometry": {
     "coordinates": [
      [
       -79.755135,
       35.793888
      ],
      [
       -79.755432,
       35.793987
      ],
      [
       -79.756039,
       35.794636
      ],
      [
       -79.757556,
       35.795373
      ],
      [
       -79.758541,
       35.795434
      ],
      [
       -79.759599,
       35.795758
      ],
      [
       -79.761245,
       35.795699
      ],
      [
       -79.764166,
       35.796425
      ],
      [
       -79.766075,
       35.796195
      ],
      [
       -79.766142,
       35.796882
      ],
      [
       -79.766493,
       35.797173
      ],
      [
       -79.768475,
       35.797086
      ],
      [
       -79.770304,
       35.796653
      ]
     ],
     "type": "LineString"
    },
    "properties": {
     "length_km": 1.54,
     "n_sites": 0,
     "name": null,
     "order": 2,
     "riverKey": null,
     "underground": 0,
     "waterway": "stream"
    },
    "type": "Feature"
   },
   {
    "geometry": {
     "coordinates": [
      [
       -79.766608,
       35.78338
      ],
      [
       -79.767701,
       35.783281
      ],
      [
       -79.767823,
       35.782314
      ],
      [
       -79.768688,
       35.780149
      ],
      [
       -79.768661,
       35.77944
      ],
      [
       -79.768972,
       35.777841
      ],
      [
       -79.769276,
       35.777143
      ],
      [
       -79.769202,
       35.776802
      ],
      [
       -79.769539,
       35.776588
      ],
      [
       -79.769823,
       35.776627
      ]
     ],
     "type": "LineString"
    },
    "properties": {
     "length_km": 0.9,
     "n_sites": 0,
     "name": null,
     "order": 2,
     "riverKey": null,
     "underground": 0,
     "waterway": "stream"
    },
    "type": "Feature"
   },
   {
    "geometry": {
     "coordinates": [
      [
       -79.770243,
       35.731463
      ],
      [
       -79.770337,
       35.732204
      ],
      [
       -79.770019,
       35.733265
      ],
      [
       -79.769628,
       35.733738
      ],
      [
       -79.769499,
       35.735282
      ],
      [
       -79.768839,
       35.735815
      ],
      [
       -79.767335,
       35.736061
      ],
      [
       -79.766505,
       35.737309
      ],
      [
       -79.766586,
       35.737902
      ],
      [
       -79.766296,
       35.737973
      ]
     ],
     "type": "LineString"
    },
    "properties": {
     "length_km": 0.91,
     "n_sites": 0,
     "name": null,
     "order": 2,
     "riverKey": null,
     "underground": 0,
     "waterway": "stream"
    },
    "type": "Feature"
   },
   {
    "geometry": {
     "coordinates": [
      [
       -79.767353,
       35.767107
      ],
      [
       -79.768427,
       35.765036
      ],
      [
       -79.769196,
       35.762756
      ],
      [
       -79.769163,
       35.762135
      ],
      [
       -79.768853,
       35.761365
      ]
     ],
     "type": "LineString"
    },
    "properties": {
     "length_km": 0.67,
     "n_sites": 0,
     "name": null,
     "order": 2,
     "riverKey": null,
     "underground": 0,
     "waterway": "stream"
    },
    "type": "Feature"
   },
   {
    "geometry": {
     "coordinates": [
      [
       -79.768552,
       35.685078
      ],
      [
       -79.768303,
       35.684424
      ],
      [
       -79.767765,
       35.683699
      ],
      [
       -79.766816,
       35.683139
      ],
      [
       -79.766424,
       35.68249
      ],
      [
       -79.766097,
       35.682375
      ],
      [
       -79.76608,
       35.682028
      ],
      [
       -79.76561,
       35.681616
      ],
      [
       -79.765644,
       35.68139
      ],
      [
       -79.765169,
       35.681014
      ],
      [
       -79.765098,
       35.680661
      ],
      [
       -79.764533,
       35.680153
      ],
      [
       -79.764808,
       35.679879
      ],
      [
       -79.764414,
       35.679507
      ],
      [
       -79.764072,
       35.679553
      ],
      [
       -79.764019,
       35.67914
      ],
      [
       -79.763648,
       35.679262
      ],
      [
       -79.763559,
       35.679141
      ],
      [
       -79.763719,
       35.678939
      ],
      [
       -79.762863,
       35.678649
      ],
      [
       -79.762399,
       35.67797
      ],
      [
       -79.761837,
       35.677778
      ],
      [
       -79.761668,
       35.677773
      ],
      [
       -79.76146,
       35.678152
      ],
      [
       -79.760673,
       35.677988
      ],
      [
       -79.760177,
       35.678161
      ],
      [
       -79.757676,
       35.681001
      ],
      [
       -79.756435,
       35.68188
      ],
      [
       -79.755075,
       35.682511
      ],
      [
       -79.754475,
       35.682654
      ],
      [
       -79.75366,
       35.682527
      ],
      [
       -79.752912,
       35.682758
      ],
      [
       -79.751956,
       35.682076
      ],
      [
       -79.751162,
       35.682004
      ]
     ],
     "type": "LineString"
    },
    "properties": {
     "length_km": 2.42,
     "n_sites": 0,
     "name": null,
     "order": 2,
     "riverKey": null,
     "underground": 0,
     "waterway": "stream"
    },
    "type": "Feature"
   },
   {
    "geometry": {
     "coordinates": [
      [
       -79.762584,
       35.780125
      ],
      [
       -79.762853,
       35.780597
      ],
      [
       -79.763993,
       35.781669
      ],
      [
       -79.765941,
       35.783149
      ],
      [
       -79.766608,
       35.78338
      ]
     ],
     "type": "LineString"
    },
    "properties": {
     "length_km": 0.52,
     "n_sites": 0,
     "name": null,
     "order": 2,
     "riverKey": null,
     "underground": 0,
     "waterway": "stream"
    },
    "type": "Feature"
   },
   {
    "geometry": {
     "coordinates": [
      [
       -79.757352,
       35.787162
      ],
      [
       -79.759423,
       35.786471
      ],
      [
       -79.760382,
       35.785592
      ],
      [
       -79.762183,
       35.785554
      ],
      [
       -79.764672,
       35.784703
      ],
      [
       -79.765367,
       35.784396
      ],
      [
       -79.766608,
       35.78338
      ]
     ],
     "type": "LineString"
    },
    "properties": {
     "length_km": 0.97,
     "n_sites": 0,
     "name": null,
     "order": 2,
     "riverKey": null,
     "underground": 0,
     "waterway": "stream"
    },
    "type": "Feature"
   },
   {
    "geometry": {
     "coordinates": [
      [
       -79.768444,
       35.638469
      ],
      [
       -79.76907,
       35.638139
      ],
      [
       -79.770376,
       35.638046
      ],
      [
       -79.771467,
       35.638723
      ],
      [
       -79.771412,
       35.63936
      ],
      [
       -79.771069,
       35.639739
      ],
      [
       -79.770954,
       35.640272
      ],
      [
       -79.770361,
       35.641107
      ],
      [
       -79.769565,
       35.642921
      ],
      [
       -79.768279,
       35.644052
      ],
      [
       -79.767073,
       35.646888
      ],
      [
       -79.766351,
       35.647987
      ],
      [
       -79.765839,
       35.648498
      ],
      [
       -79.765341,
       35.648547
      ],
      [
       -79.764398,
       35.64994
      ],
      [
       -79.764061,
       35.65002
      ],
      [
       -79.763908,
       35.650408
      ],
      [
       -79.76307,
       35.650937
      ]
     ],
     "type": "LineString"
    },
    "properties": {
     "length_km": 1.92,
     "n_sites": 0,
     "name": null,
     "order": 2,
     "riverKey": null,
     "underground": 0,
     "waterway": "stream"
    },
    "type": "Feature"
   },
   {
    "geometry": {
     "coordinates": [
      [
       -79.76589,
       35.799795
      ],
      [
       -79.765763,
       35.799498
      ],
      [
       -79.765297,
       35.799294
      ],
      [
       -79.765305,
       35.797739
      ],
      [
       -79.763733,
       35.798959
      ],
      [
       -79.761357,
       35.800145
      ],
      [
       -79.759643,
       35.800468
      ]
     ],
     "type": "LineString"
    },
    "properties": {
     "length_km": 0.86,
     "n_sites": 0,
     "name": null,
     "order": 2,
     "riverKey": null,
     "underground": 0,
     "waterway": "stream"
    },
    "type": "Feature"
   },
   {
    "geometry": {
     "coordinates": [
      [
       -79.766587,
       35.74631
      ],
      [
       -79.767174,
       35.745877
      ],
      [
       -79.767491,
       35.745239
      ],
      [
       -79.767364,
       35.744178
      ],
      [
       -79.766926,
       35.74326
      ],
      [
       -79.76665,
       35.74304
      ],
      [
       -79.764392,
       35.742292
      ],
      [
       -79.763672,
       35.740868
      ],
      [
       -79.762519,
       35.740516
      ]
     ],
     "type": "LineString"
    },
    "properties": {
     "length_km": 0.91,
     "n_sites": 0,
     "name": null,
     "order": 2,
     "riverKey": null,
     "underground": 0,
     "waterway": "stream"
    },
    "type": "Feature"
   },
   {
    "geometry": {
     "coordinates": [
      [
       -79.766296,
       35.737973
      ],
      [
       -79.76604,
       35.737924
      ],
      [
       -79.765156,
       35.73866
      ],
      [
       -79.764361,
       35.738357
      ],
      [
       -79.763208,
       35.738857
      ],
      [
       -79.762815,
       35.739408
      ],
      [
       -79.762519,
       35.740516
      ]
     ],
     "type": "LineString"
    },
    "properties": {
     "length_km": 0.53,
     "n_sites": 0,
     "name": null,
     "order": 2,
     "riverKey": null,
     "underground": 0,
     "waterway": "stream"
    },
    "type": "Feature"
   },
   {
    "geometry": {
     "coordinates": [
      [
       -79.765932,
       35.748503
      ],
      [
       -79.76589,
       35.750135
      ],
      [
       -79.765482,
       35.751516
      ],
      [
       -79.765629,
       35.752659
      ],
      [
       -79.764933,
       35.755731
      ],
      [
       -79.762855,
       35.757758
      ],
      [
       -79.761708,
       35.757955
      ],
      [
       -79.761486,
       35.758235
      ]
     ],
     "type": "LineString"
    },
    "properties": {
     "length_km": 1.25,
     "n_sites": 0,
     "name": null,
     "order": 2,
     "riverKey": null,
     "underground": 0,
     "waterway": "stream"
    },
    "type": "Feature"
   },
   {
    "geometry": {
     "coordinates": [
      [
       -79.763253,
       35.768535
      ],
      [
       -79.76349,
       35.767276
      ],
      [
       -79.763362,
       35.765825
      ],
      [
       -79.763491,
       35.765254
      ],
      [
       -79.763916,
       35.764078
      ],
      [
       -79.764876,
       35.762908
      ],
      [
       -79.765212,
       35.761693
      ],
      [
       -79.764909,
       35.76044
      ]
     ],
     "type": "LineString"
    },
    "properties": {
     "length_km": 0.94,
     "n_sites": 0,
     "name": null,
     "order": 2,
     "riverKey": null,
     "underground": 0,
     "waterway": "stream"
    },
    "type": "Feature"
   },
   {
    "geometry": {
     "coordinates": [
      [
       -79.765139,
       35.703316
      ],
      [
       -79.763257,
       35.705251
      ],
      [
       -79.762826,
       35.705498
      ],
      [
       -79.762077,
       35.706586
      ]
     ],
     "type": "LineString"
    },
    "properties": {
     "length_km": 0.46,
     "n_sites": 0,
     "name": null,
     "order": 2,
     "riverKey": null,
     "underground": 0,
     "waterway": "stream"
    },
    "type": "Feature"
   },
   {
    "geometry": {
     "coordinates": [
      [
       -79.765498,
       35.666705
      ],
      [
       -79.764879,
       35.666655
      ],
      [
       -79.763114,
       35.666957
      ],
      [
       -79.761463,
       35.667967
      ],
      [
       -79.760466,
       35.667879
      ],
      [
       -79.759511,
       35.666988
      ],
      [
       -79.758925,
       35.666905
      ],
      [
       -79.758198,
       35.666284
      ],
      [
       -79.757901,
       35.66624
      ],
      [
       -79.755991,
       35.663541
      ],
      [
       -79.754793,
       35.663133
      ],
      [
       -79.75323,
       35.663111
      ]
     ],
     "type": "LineString"
    },
    "properties": {
     "length_km": 1.41,
     "n_sites": 0,
     "name": null,
     "order": 2,
     "riverKey": null,
     "underground": 0,
     "waterway": "stream"
    },
    "type": "Feature"
   },
   {
    "geometry": {
     "coordinates": [
      [
       -79.763963,
       35.718633
      ],
      [
       -79.762634,
       35.72093
      ],
      [
       -79.761521,
       35.722386
      ],
      [
       -79.760994,
       35.724172
      ],
      [
       -79.759261,
       35.725539
      ],
      [
       -79.758169,
       35.725715
      ],
      [
       -79.757145,
       35.725549
      ]
     ],
     "type": "LineString"
    },
    "properties": {
     "length_km": 1.09,
     "n_sites": 0,
     "name": null,
     "order": 2,
     "riverKey": null,
     "underground": 0,
     "waterway": "stream"
    },
    "type": "Feature"
   },
   {
    "geometry": {
     "coordinates": [
      [
       -79.758054,
       35.776935
      ],
      [
       -79.758466,
       35.777084
      ],
      [
       -79.759153,
       35.777057
      ],
      [
       -79.761035,
       35.776618
      ],
      [
       -79.761878,
       35.776778
      ],
      [
       -79.762592,
       35.778531
      ],
      [
       -79.76247,
       35.779432
      ],
      [
       -79.762584,
       35.780125
      ]
     ],
     "type": "LineString"
    },
    "properties": {
     "length_km": 0.74,
     "n_sites": 0,
     "name": null,
     "order": 2,
     "riverKey": null,
     "underground": 0,
     "waterway": "stream"
    },
    "type": "Feature"
   },
   {
    "geometry": {
     "coordinates": [
      [
       -79.754211,
       35.78493
      ],
      [
       -79.754299,
       35.784138
      ],
      [
       -79.755144,
       35.782462
      ],
      [
       -79.755906,
       35.781644
      ],
      [
       -79.756379,
       35.780831
      ],
      [
       -79.75787,
       35.780716
      ],
      [
       -79.75924,
       35.779782
      ],
      [
       -79.760345,
       35.779365
      ],
      [
       -79.760932,
       35.779453
      ],
      [
       -79.762584,
       35.780125
      ]
     ],
     "type": "LineString"
    },
    "properties": {
     "length_km": 1.13,
     "n_sites": 0,
     "name": null,
     "order": 2,
     "riverKey": null,
     "underground": 0,
     "waterway": "stream"
    },
    "type": "Feature"
   },
   {
    "geometry": {
     "coordinates": [
      [
       -79.763598,
       35.709241
      ],
      [
       -79.76186,
       35.709399
      ],
      [
       -79.761287,
       35.709729
      ]
     ],
     "type": "LineString"
    },
    "properties": {
     "length_km": 0.22,
     "n_sites": 0,
     "name": null,
     "order": 2,
     "riverKey": null,
     "underground": 0,
     "waterway": "stream"
    },
    "type": "Feature"
   },
   {
    "geometry": {
     "coordinates": [
      [
       -79.764423,
       35.652509
      ],
      [
       -79.76416,
       35.65169
      ],
      [
       -79.763387,
       35.651239
      ]
     ],
     "type": "LineString"
    },
    "properties": {
     "length_km": 0.18,
     "n_sites": 0,
     "name": null,
     "order": 2,
     "riverKey": null,
     "underground": 0,
     "waterway": "stream"
    },
    "type": "Feature"
   },
   {
    "geometry": {
     "coordinates": [
      [
       -79.762519,
       35.740516
      ],
      [
       -79.762472,
       35.741033
      ],
      [
       -79.761999,
       35.74189
      ],
      [
       -79.761359,
       35.742208
      ],
      [
       -79.759789,
       35.741796
      ],
      [
       -79.758946,
       35.741762
      ],
      [
       -79.758764,
       35.741597
      ],
      [
       -79.758818,
       35.741262
      ],
      [
       -79.758461,
       35.74152
      ],
      [
       -79.758635,
       35.742114
      ],
      [
       -79.75823,
       35.743674
      ],
      [
       -79.758868,
       35.746752
      ],
      [
       -79.758497,
       35.747598
      ],
      [
       -79.757309,
       35.749411
      ]
     ],
     "type": "LineString"
    },
    "properties": {
     "length_km": 1.48,
     "n_sites": 0,
     "name": null,
     "order": 2,
     "riverKey": null,
     "underground": 0,
     "waterway": "stream"
    },
    "type": "Feature"
   },
   {
    "geometry": {
     "coordinates": [
      [
       -79.758412,
       35.766752
      ],
      [
       -79.758264,
       35.766049
      ],
      [
       -79.758366,
       35.765241
      ],
      [
       -79.759142,
       35.764164
      ],
      [
       -79.759716,
       35.762224
      ],
      [
       -79.759939,
       35.761884
      ],
      [
       -79.761214,
       35.761241
      ],
      [
       -79.761302,
       35.760659
      ]
     ],
     "type": "LineString"
    },
    "properties": {
     "length_km": 0.77,
     "n_sites": 0,
     "name": null,
     "order": 2,
     "riverKey": null,
     "underground": 0,
     "waterway": "stream"
    },
    "type": "Feature"
   },
   {
    "geometry": {
     "coordinates": [
      [
       -79.762021,
       35.699403
      ],
      [
       -79.761188,
       35.696457
      ]
     ],
     "type": "LineString"
    },
    "properties": {
     "length_km": 0.34,
     "n_sites": 0,
     "name": null,
     "order": 2,
     "riverKey": null,
     "underground": 0,
     "waterway": "stream"
    },
    "type": "Feature"
   },
   {
    "geometry": {
     "coordinates": [
      [
       -79.762876,
       35.63978
      ],
      [
       -79.761992,
       35.641896
      ],
      [
       -79.761904,
       35.643022
      ],
      [
       -79.761351,
       35.643951
      ],
      [
       -79.758623,
       35.646703
      ],
      [
       -79.757895,
       35.646939
      ],
      [
       -79.757599,
       35.647241
      ],
      [
       -79.756669,
       35.647713
      ],
      [
       -79.755807,
       35.647988
      ]
     ],
     "type": "LineString"
    },
    "properties": {
     "length_km": 1.18,
     "n_sites": 0,
     "name": null,
     "order": 2,
     "riverKey": null,
     "underground": 0,
     "waterway": "stream"
    },
    "type": "Feature"
   },
   {
    "geometry": {
     "coordinates": [
      [
       -79.76075,
       35.75846
      ],
      [
       -79.76036,
       35.758312
      ],
      [
       -79.759949,
       35.757487
      ],
      [
       -79.759693,
       35.75735
      ]
     ],
     "type": "LineString"
    },
    "properties": {
     "length_km": 0.17,
     "n_sites": 0,
     "name": null,
     "order": 2,
     "riverKey": null,
     "underground": 0,
     "waterway": "stream"
    },
    "type": "Feature"
   },
   {
    "geometry": {
     "coordinates": [
      [
       -79.752297,
       35.801075
      ],
      [
       -79.753092,
       35.801465
      ],
      [
       -79.756222,
       35.801758
      ],
      [
       -79.75728,
       35.804001
      ],
      [
       -79.759506,
       35.804788
      ],
      [
       -79.759903,
       35.805524
      ]
     ],
     "type": "LineString"
    },
    "properties": {
     "length_km": 0.94,
     "n_sites": 0,
     "name": null,
     "order": 2,
     "riverKey": null,
     "underground": 0,
     "waterway": "stream"
    },
    "type": "Feature"
   },
   {
    "geometry": {
     "coordinates": [
      [
       -79.758704,
       35.740256
      ],
      [
       -79.758165,
       35.740338
      ],
      [
       -79.757396,
       35.740047
      ],
      [
       -79.756117,
       35.740075
      ],
      [
       -79.754667,
       35.741093
      ],
      [
       -79.754241,
       35.741045
      ],
      [
       -79.753783,
       35.741194
      ],
      [
       -79.753627,
       35.741419
      ],
      [
       -79.753722,
       35.741842
      ],
      [
       -79.753499,
       35.742018
      ],
      [
       -79.752892,
       35.742204
      ],
      [
       -79.752535,
       35.74254
      ],
      [
       -79.751287,
       35.743187
      ],
      [
       -79.75012,
       35.743478
      ],
      [
       -79.749035,
       35.743326
      ],
      [
       -79.748483,
       35.742821
      ],
      [
       -79.747667,
       35.742838
      ]
     ],
     "type": "LineString"
    },
    "properties": {
     "length_km": 1.2,
     "n_sites": 0,
     "name": null,
     "order": 2,
     "riverKey": null,
     "underground": 0,
     "waterway": "stream"
    },
    "type": "Feature"
   },
   {
    "geometry": {
     "coordinates": [
      [
       -79.759021,
       35.673253
      ],
      [
       -79.758611,
       35.672802
      ],
      [
       -79.757547,
       35.672291
      ],
      [
       -79.756935,
       35.672136
      ],
      [
       -79.756201,
       35.672268
      ],
      [
       -79.755197,
       35.671597
      ],
      [
       -79.754477,
       35.670888
      ],
      [
       -79.753427,
       35.669024
      ],
      [
       -79.752398,
       35.667771
      ],
      [
       -79.751995,
       35.666638
      ],
      [
       -79.752138,
       35.665286
      ],
      [
       -79.753035,
       35.663819
      ],
      [
       -79.75323,
       35.663111
      ]
     ],
     "type": "LineString"
    },
    "properties": {
     "length_km": 1.46,
     "n_sites": 0,
     "name": null,
     "order": 2,
     "riverKey": null,
     "underground": 0,
     "waterway": "stream"
    },
    "type": "Feature"
   },
   {
    "geometry": {
     "coordinates": [
      [
       -79.757445,
       35.702105
      ],
      [
       -79.758807,
       35.700143
      ],
      [
       -79.758572,
       35.699621
      ],
      [
       -79.757397,
       35.69836
      ],
      [
       -79.757675,
       35.69806
      ],
      [
       -79.757293,
       35.697773
      ],
      [
       -79.757675,
       35.697521
      ],
      [
       -79.757503,
       35.697271
      ],
      [
       -79.757753,
       35.697
      ],
      [
       -79.757843,
       35.696551
      ],
      [
       -79.757694,
       35.696264
      ],
      [
       -79.757976,
       35.695818
      ],
      [
       -79.75773,
       35.695481
      ],
      [
       -79.757771,
       35.695134
      ],
      [
       -79.757576,
       35.695005
      ],
      [
       -79.757549,
       35.694464
      ]
     ],
     "type": "LineString"
    },
    "properties": {
     "length_km": 1.0,
     "n_sites": 0,
     "name": null,
     "order": 2,
     "riverKey": null,
     "underground": 0,
     "waterway": "stream"
    },
    "type": "Feature"
   },
   {
    "geometry": {
     "coordinates": [
      [
       -79.74909,
       35.718476
      ],
      [
       -79.749522,
       35.718296
      ],
      [
       -79.750599,
       35.717322
      ],
      [
       -79.751174,
       35.717318
      ],
      [
       -79.751575,
       35.717641
      ],
      [
       -79.75211,
       35.71771
      ],
      [
       -79.752683,
       35.718155
      ],
      [
       -79.754339,
       35.71898
      ],
      [
       -79.7556,
       35.718606
      ],
      [
       -79.756112,
       35.71808
      ],
      [
       -79.757025,
       35.71814
      ]
     ],
     "type": "LineString"
    },
    "properties": {
     "length_km": 0.87,
     "n_sites": 0,
     "name": null,
     "order": 2,
     "riverKey": null,
     "underground": 0,
     "waterway": "stream"
    },
    "type": "Feature"
   },
   {
    "geometry": {
     "coordinates": [
      [
       -79.74761,
       35.803193
      ],
      [
       -79.747648,
       35.803939
      ],
      [
       -79.747896,
       35.804609
      ],
      [
       -79.74883,
       35.805347
      ],
      [
       -79.750033,
       35.805475
      ],
      [
       -79.751227,
       35.804981
      ],
      [
       -79.751835,
       35.804998
      ],
      [
       -79.75315,
       35.80568
      ],
      [
       -79.753938,
       35.806758
      ],
      [
       -79.755456,
       35.807204
      ]
     ],
     "type": "LineString"
    },
    "properties": {
     "length_km": 0.99,
     "n_sites": 0,
     "name": null,
     "order": 2,
     "riverKey": null,
     "underground": 0,
     "waterway": "stream"
    },
    "type": "Feature"
   },
   {
    "geometry": {
     "coordinates": [
      [
       -79.7572,
       35.678396
      ],
      [
       -79.756573,
       35.678215
      ],
      [
       -79.755266,
       35.67834
      ],
      [
       -79.754593,
       35.678488
      ],
      [
       -79.754303,
       35.678911
      ]
     ],
     "type": "LineString"
    },
    "properties": {
     "length_km": 0.3,
     "n_sites": 0,
     "name": null,
     "order": 2,
     "riverKey": null,
     "underground": 0,
     "waterway": "stream"
    },
    "type": "Feature"
   },
   {
    "geometry": {
     "coordinates": [
      [
       -79.755511,
       35.769389
      ],
      [
       -79.756213,
       35.767856
      ],
      [
       -79.755958,
       35.767174
      ],
      [
       -79.754037,
       35.765184
      ],
      [
       -79.753255,
       35.764788
      ],
      [
       -79.752089,
       35.763804
      ],
      [
       -79.75209,
       35.762616
      ],
      [
       -79.752563,
       35.761649
      ],
      [
       -79.753986,
       35.761485
      ],
      [
       -79.754431,
       35.760903
      ],
      [
       -79.754384,
       35.760568
      ],
      [
       -79.754047,
       35.760243
      ],
      [
       -79.753642,
       35.760022
      ],
      [
       -79.7529,
       35.759904
      ],
      [
       -79.75239,
       35.759419
      ],
      [
       -79.75337,
       35.758099
      ]
     ],
     "type": "LineString"
    },
    "properties": {
     "length_km": 1.67,
     "n_sites": 0,
     "name": null,
     "order": 2,
     "riverKey": null,
     "underground": 0,
     "waterway": "stream"
    },
    "type": "Feature"
   },
   {
    "geometry": {
     "coordinates": [
      [
       -79.757237,
       35.65422
      ],
      [
       -79.756798,
       35.652131
      ],
      [
       -79.757368,
       35.651694
      ],
      [
       -79.757237,
       35.651252
      ],
      [
       -79.756694,
       35.65106
      ],
      [
       -79.756168,
       35.65106
      ],
      [
       -79.755501,
       35.650408
      ],
      [
       -79.755582,
       35.649578
      ],
      [
       -79.755845,
       35.64936
      ],
      [
       -79.756082,
       35.649367
      ]
     ],
     "type": "LineString"
    },
    "properties": {
     "length_km": 0.7,
     "n_sites": 0,
     "name": null,
     "order": 2,
     "riverKey": null,
     "underground": 0,
     "waterway": "stream"
    },
    "type": "Feature"
   },
   {
    "geometry": {
     "coordinates": [
      [
       -79.755833,
       35.729587
      ],
      [
       -79.755711,
       35.729573
      ],
      [
       -79.75587,
       35.729224
      ],
      [
       -79.755737,
       35.729003
      ],
      [
       -79.755089,
       35.728777
      ],
      [
       -79.754763,
       35.728928
      ],
      [
       -79.754514,
       35.729341
      ],
      [
       -79.753794,
       35.729442
      ],
      [
       -79.753573,
       35.72968
      ]
     ],
     "type": "LineString"
    },
    "properties": {
     "length_km": 0.33,
     "n_sites": 0,
     "name": null,
     "order": 2,
     "riverKey": null,
     "underground": 0,
     "waterway": "stream"
    },
    "type": "Feature"
   },
   {
    "geometry": {
     "coordinates": [
      [
       -79.75692,
       35.637453
      ],
      [
       -79.756558,
       35.638068
      ],
      [
       -79.756294,
       35.638161
      ],
      [
       -79.756327,
       35.638358
      ],
      [
       -79.755648,
       35.638653
      ],
      [
       -79.755582,
       35.639066
      ],
      [
       -79.755255,
       35.639428
      ],
      [
       -79.754494,
       35.639831
      ],
      [
       -79.753981,
       35.640359
      ],
      [
       -79.753847,
       35.640694
      ],
      [
       -79.754068,
       35.641612
      ],
      [
       -79.753745,
       35.642266
      ],
      [
       -79.752936,
       35.642804
      ],
      [
       -79.751891,
       35.644051
      ],
      [
       -79.750922,
       35.644309
      ],
      [
       -79.75004,
       35.644869
      ],
      [
       -79.749756,
       35.645709
      ],
      [
       -79.749156,
       35.646083
      ],
      [
       -79.748447,
       35.646286
      ]
     ],
     "type": "LineString"
    },
    "properties": {
     "length_km": 1.36,
     "n_sites": 0,
     "name": null,
     "order": 2,
     "riverKey": null,
     "underground": 0,
     "waterway": "stream"
    },
    "type": "Feature"
   },
   {
    "geometry": {
     "coordinates": [
      [
       -79.753251,
       35.70199
      ],
      [
       -79.753295,
       35.701548
      ],
      [
       -79.752503,
       35.698046
      ],
      [
       -79.753076,
       35.697211
      ],
      [
       -79.753892,
       35.696541
      ],
      [
       -79.754998,
       35.695135
      ],
      [
       -79.7556,
       35.693985
      ]
     ],
     "type": "LineString"
    },
    "properties": {
     "length_km": 0.98,
     "n_sites": 0,
     "name": null,
     "order": 2,
     "riverKey": null,
     "underground": 0,
     "waterway": "stream"
    },
    "type": "Feature"
   },
   {
    "geometry": {
     "coordinates": [
      [
       -79.754586,
       35.751379
      ],
      [
       -79.753291,
       35.75267
      ],
      [
       -79.752878,
       35.755011
      ],
      [
       -79.752971,
       35.757182
      ],
      [
       -79.752694,
       35.757357
      ]
     ],
     "type": "LineString"
    },
    "properties": {
     "length_km": 0.72,
     "n_sites": 0,
     "name": null,
     "order": 2,
     "riverKey": null,
     "underground": 0,
     "waterway": "stream"
    },
    "type": "Feature"
   },
   {
    "geometry": {
     "coordinates": [
      [
       -79.750755,
       35.726493
      ],
      [
       -79.752043,
       35.725712
      ],
      [
       -79.752497,
       35.725063
      ],
      [
       -79.75325,
       35.72452
      ],
      [
       -79.754386,
       35.725409
      ],
      [
       -79.754239,
       35.726449
      ],
      [
       -79.754711,
       35.726986
      ]
     ],
     "type": "LineString"
    },
    "properties": {
     "length_km": 0.65,
     "n_sites": 0,
     "name": null,
     "order": 2,
     "riverKey": null,
     "underground": 0,
     "waterway": "stream"
    },
    "type": "Feature"
   },
   {
    "geometry": {
     "coordinates": [
      [
       -79.755006,
       35.674718
      ],
      [
       -79.754622,
       35.674207
      ],
      [
       -79.755014,
       35.673454
      ],
      [
       -79.755499,
       35.67318
      ]
     ],
     "type": "LineString"
    },
    "properties": {
     "length_km": 0.21,
     "n_sites": 0,
     "name": null,
     "order": 2,
     "riverKey": null,
     "underground": 0,
     "waterway": "stream"
    },
    "type": "Feature"
   },
   {
    "geometry": {
     "coordinates": [
      [
       -79.750587,
       35.692825
      ],
      [
       -79.751847,
       35.69288
      ],
      [
       -79.753524,
       35.693529
      ],
      [
       -79.754554,
       35.693068
      ]
     ],
     "type": "LineString"
    },
    "properties": {
     "length_km": 0.39,
     "n_sites": 0,
     "name": null,
     "order": 2,
     "riverKey": null,
     "underground": 0,
     "waterway": "stream"
    },
    "type": "Feature"
   },
   {
    "geometry": {
     "coordinates": [
      [
       -79.754416,
       35.659716
      ],
      [
       -79.752768,
       35.660791
      ],
      [
       -79.752033,
       35.661511
      ],
      [
       -79.751649,
       35.661516
      ]
     ],
     "type": "LineString"
    },
    "properties": {
     "length_km": 0.33,
     "n_sites": 0,
     "name": null,
     "order": 2,
     "riverKey": null,
     "underground": 0,
     "waterway": "stream"
    },
    "type": "Feature"
   },
   {
    "geometry": {
     "coordinates": [
      [
       -79.7541,
       35.678933
      ],
      [
       -79.753104,
       35.678828
      ],
      [
       -79.750921,
       35.678206
      ],
      [
       -79.753233,
       35.676361
      ]
     ],
     "type": "LineString"
    },
    "properties": {
     "length_km": 0.59,
     "n_sites": 0,
     "name": null,
     "order": 2,
     "riverKey": null,
     "underground": 0,
     "waterway": "stream"
    },
    "type": "Feature"
   },
   {
    "geometry": {
     "coordinates": [
      [
       -79.749293,
       35.689023
      ],
      [
       -79.749037,
       35.688243
      ],
      [
       -79.749191,
       35.687455
      ],
      [
       -79.749534,
       35.686829
      ],
      [
       -79.752109,
       35.685362
      ],
      [
       -79.753396,
       35.684247
      ]
     ],
     "type": "LineString"
    },
    "properties": {
     "length_km": 0.71,
     "n_sites": 0,
     "name": null,
     "order": 2,
     "riverKey": null,
     "underground": 0,
     "waterway": "stream"
    },
    "type": "Feature"
   },
   {
    "geometry": {
     "coordinates": [
      [
       -79.75323,
       35.663111
      ],
      [
       -79.751649,
       35.661516
      ]
     ],
     "type": "LineString"
    },
    "properties": {
     "length_km": 0.23,
     "n_sites": 0,
     "name": null,
     "order": 2,
     "riverKey": null,
     "underground": 0,
     "waterway": "stream"
    },
    "type": "Feature"
   },
   {
    "geometry": {
     "coordinates": [
      [
       -79.751369,
       35.779366
      ],
      [
       -79.751904,
       35.77674
      ],
      [
       -79.751466,
       35.776152
      ],
      [
       -79.751352,
       35.775008
      ],
      [
       -79.751407,
       35.774437
      ],
      [
       -79.751663,
       35.774223
      ],
      [
       -79.751765,
       35.773805
      ],
      [
       -79.751448,
       35.773558
      ],
      [
       -79.75068,
       35.772244
      ],
      [
       -79.749952,
       35.772172
      ],
      [
       -79.749511,
       35.771245
      ],
      [
       -79.748449,
       35.77077
      ]
     ],
     "type": "LineString"
    },
    "properties": {
     "length_km": 1.13,
     "n_sites": 0,
     "name": null,
     "order": 2,
     "riverKey": null,
     "underground": 0,
     "waterway": "stream"
    },
    "type": "Feature"
   },
   {
    "geometry": {
     "coordinates": [
      [
       -79.748449,
       35.77077
      ],
      [
       -79.74829,
       35.770067
      ],
      [
       -79.747519,
       35.768949
      ],
      [
       -79.747582,
       35.768534
      ],
      [
       -79.74802,
       35.767876
      ],
      [
       -79.747874,
       35.767128
      ],
      [
       -79.748118,
       35.7662
      ],
      [
       -79.74897,
       35.765471
      ],
      [
       -79.74937,
       35.765487
      ],
      [
       -79.749967,
       35.765138
      ],
      [
       -79.750481,
       35.765161
      ],
      [
       -79.750828,
       35.765434
      ],
      [
       -79.751138,
       35.765432
      ],
      [
       -79.751532,
       35.764961
      ],
      [
       -79.751523,
       35.764353
      ]
     ],
     "type": "LineString"
    },
    "properties": {
     "length_km": 1.0,
     "n_sites": 0,
     "name": null,
     "order": 2,
     "riverKey": null,
     "underground": 0,
     "waterway": "stream"
    },
    "type": "Feature"
   },
   {
    "geometry": {
     "coordinates": [
      [
       -79.751134,
       35.786895
      ],
      [
       -79.749878,
       35.788774
      ],
      [
       -79.748923,
       35.789841
      ],
      [
       -79.748163,
       35.790207
      ],
      [
       -79.747825,
       35.79113
      ],
      [
       -79.747449,
       35.791336
      ],
      [
       -79.746789,
       35.791349
      ],
      [
       -79.746581,
       35.791509
      ],
      [
       -79.746623,
       35.791926
      ],
      [
       -79.746263,
       35.792651
      ]
     ],
     "type": "LineString"
    },
    "properties": {
     "length_km": 0.83,
     "n_sites": 0,
     "name": null,
     "order": 2,
     "riverKey": null,
     "underground": 0,
     "waterway": "stream"
    },
    "type": "Feature"
   },
   {
    "geometry": {
     "coordinates": [
      [
       -79.750822,
       35.701337
      ],
      [
       -79.750883,
       35.700881
      ],
      [
       -79.751524,
       35.700387
      ],
      [
       -79.751574,
       35.699647
      ],
      [
       -79.752125,
       35.698697
      ]
     ],
     "type": "LineString"
    },
    "properties": {
     "length_km": 0.33,
     "n_sites": 0,
     "name": null,
     "order": 2,
     "riverKey": null,
     "underground": 0,
     "waterway": "stream"
    },
    "type": "Feature"
   },
   {
    "geometry": {
     "coordinates": [
      [
       -79.743379,
       35.731986
      ],
      [
       -79.743386,
       35.732975
      ],
      [
       -79.744332,
       35.735338
      ],
      [
       -79.745283,
       35.73614
      ],
      [
       -79.746651,
       35.736235
      ],
      [
       -79.747305,
       35.736621
      ],
      [
       -79.748147,
       35.736848
      ],
      [
       -79.748349,
       35.736708
      ],
      [
       -79.74845,
       35.736258
      ],
      [
       -79.749419,
       35.735394
      ],
      [
       -79.74975,
       35.735355
      ],
      [
       -79.751333,
       35.735845
      ]
     ],
     "type": "LineString"
    },
    "properties": {
     "length_km": 1.17,
     "n_sites": 0,
     "name": null,
     "order": 2,
     "riverKey": null,
     "underground": 0,
     "waterway": "stream"
    },
    "type": "Feature"
   },
   {
    "geometry": {
     "coordinates": [
      [
       -79.74651,
       35.727236
      ],
      [
       -79.74705,
       35.726972
      ],
      [
       -79.747865,
       35.727169
      ],
      [
       -79.749347,
       35.726795
      ],
      [
       -79.750297,
       35.72699
      ],
      [
       -79.750755,
       35.726493
      ]
     ],
     "type": "LineString"
    },
    "properties": {
     "length_km": 0.43,
     "n_sites": 0,
     "name": null,
     "order": 2,
     "riverKey": null,
     "underground": 0,
     "waterway": "stream"
    },
    "type": "Feature"
   },
   {
    "geometry": {
     "coordinates": [
      [
       -79.749811,
       35.725672
      ],
      [
       -79.750034,
       35.726027
      ],
      [
       -79.750755,
       35.726493
      ]
     ],
     "type": "LineString"
    },
    "properties": {
     "length_km": 0.13,
     "n_sites": 0,
     "name": null,
     "order": 2,
     "riverKey": null,
     "underground": 0,
     "waterway": "stream"
    },
    "type": "Feature"
   },
   {
    "geometry": {
     "coordinates": [
      [
       -79.749668,
       35.793683
      ],
      [
       -79.74924,
       35.793599
      ],
      [
       -79.748927,
       35.793349
      ],
      [
       -79.748881,
       35.793097
      ],
      [
       -79.748153,
       35.792447
      ],
      [
       -79.747918,
       35.792576
      ],
      [
       -79.747614,
       35.792512
      ],
      [
       -79.74742,
       35.79276
      ],
      [
       -79.746679,
       35.792784
      ],
      [
       -79.746263,
       35.792651
      ]
     ],
     "type": "LineString"
    },
    "properties": {
     "length_km": 0.4,
     "n_sites": 0,
     "name": null,
     "order": 2,
     "riverKey": null,
     "underground": 0,
     "waterway": "stream"
    },
    "type": "Feature"
   },
   {
    "geometry": {
     "coordinates": [
      [
       -79.751649,
       35.661516
      ],
      [
       -79.750795,
       35.660801
      ],
      [
       -79.750735,
       35.659411
      ],
      [
       -79.750385,
       35.658487
      ],
      [
       -79.750205,
       35.65729
      ],
      [
       -79.750569,
       35.656982
      ],
      [
       -79.750622,
       35.656646
      ],
      [
       -79.750899,
       35.656361
      ],
      [
       -79.751229,
       35.656284
      ],
      [
       -79.75133,
       35.656075
      ],
      [
       -79.751088,
       35.655432
      ],
      [
       -79.751176,
       35.655146
      ],
      [
       -79.750584,
       35.654651
      ],
      [
       -79.750901,
       35.653871
      ],
      [
       -79.750901,
       35.653437
      ],
      [
       -79.75074,
       35.653019
      ],
      [
       -79.749751,
       35.652337
      ]
     ],
     "type": "LineString"
    },
    "properties": {
     "length_km": 1.18,
     "n_sites": 0,
     "name": null,
     "order": 2,
     "riverKey": null,
     "underground": 0,
     "waterway": "stream"
    },
    "type": "Feature"
   },
   {
    "geometry": {
     "coordinates": [
      [
       -79.749753,
       35.747915
      ],
      [
       -79.749186,
       35.747041
      ],
      [
       -79.749476,
       35.746184
      ],
      [
       -79.749219,
       35.745552
      ],
      [
       -79.748282,
       35.744569
      ],
      [
       -79.747304,
       35.744481
      ]
     ],
     "type": "LineString"
    },
    "properties": {
     "length_km": 0.51,
     "n_sites": 0,
     "name": null,
     "order": 2,
     "riverKey": null,
     "underground": 0,
     "waterway": "stream"
    },
    "type": "Feature"
   },
   {
    "geometry": {
     "coordinates": [
      [
       -79.747594,
       35.773691
      ],
      [
       -79.747259,
       35.773149
      ],
      [
       -79.747505,
       35.771637
      ],
      [
       -79.748449,
       35.77077
      ]
     ],
     "type": "LineString"
    },
    "properties": {
     "length_km": 0.37,
     "n_sites": 0,
     "name": null,
     "order": 2,
     "riverKey": null,
     "underground": 0,
     "waterway": "stream"
    },
    "type": "Feature"
   },
   {
    "geometry": {
     "coordinates": [
      [
       -79.746281,
       35.658628
      ],
      [
       -79.747849,
       35.657264
      ],
      [
       -79.748522,
       35.657181
      ],
      [
       -79.749754,
       35.657357
      ]
     ],
     "type": "LineString"
    },
    "properties": {
     "length_km": 0.38,
     "n_sites": 0,
     "name": null,
     "order": 2,
     "riverKey": null,
     "underground": 0,
     "waterway": "stream"
    },
    "type": "Feature"
   },
   {
    "geometry": {
     "coordinates": [
      [
       -79.749152,
       35.653526
      ],
      [
       -79.749529,
       35.653098
      ],
      [
       -79.749643,
       35.652588
      ],
      [
       -79.749427,
       35.652006
      ],
      [
       -79.749568,
       35.651175
      ],
      [
       -79.749372,
       35.650273
      ],
      [
       -79.748274,
       35.649026
      ],
      [
       -79.748212,
       35.647783
      ],
      [
       -79.746757,
       35.646587
      ],
      [
       -79.746568,
       35.645889
      ]
     ],
     "type": "LineString"
    },
    "properties": {
     "length_km": 0.95,
     "n_sites": 0,
     "name": null,
     "order": 2,
     "riverKey": null,
     "underground": 0,
     "waterway": "stream"
    },
    "type": "Feature"
   },
   {
    "geometry": {
     "coordinates": [
      [
       -79.749464,
       35.629566
      ],
      [
       -79.748752,
       35.63122
      ],
      [
       -79.748645,
       35.632555
      ],
      [
       -79.748363,
       35.632693
      ],
      [
       -79.748215,
       35.633033
      ],
      [
       -79.74835,
       35.633473
      ],
      [
       -79.748067,
       35.634336
      ],
      [
       -79.747758,
       35.634572
      ],
      [
       -79.747624,
       35.635177
      ],
      [
       -79.747113,
       35.635617
      ],
      [
       -79.747005,
       35.636156
      ],
      [
       -79.745606,
       35.637283
      ],
      [
       -79.745579,
       35.637552
      ],
      [
       -79.74498,
       35.638168
      ],
      [
       -79.745822,
       35.638893
      ],
      [
       -79.746072,
       35.63969
      ],
      [
       -79.745311,
       35.640365
      ],
      [
       -79.745261,
       35.641311
      ],
      [
       -79.744998,
       35.64186
      ],
      [
       -79.744484,
       35.642454
      ],
      [
       -79.743664,
       35.642807
      ],
      [
       -79.743239,
       35.643879
      ],
      [
       -79.742164,
       35.644105
      ]
     ],
     "type": "LineString"
    },
    "properties": {
     "length_km": 1.96,
     "n_sites": 0,
     "name": null,
     "order": 2,
     "riverKey": null,
     "underground": 0,
     "waterway": "stream"
    },
    "type": "Feature"
   },
   {
    "geometry": {
     "coordinates": [
      [
       -79.74692,
       35.78469
      ],
      [
       -79.746752,
       35.785732
      ],
      [
       -79.746203,
       35.786355
      ],
      [
       -79.745444,
       35.786581
      ],
      [
       -79.744712,
       35.787085
      ],
      [
       -79.742399,
       35.786876
      ],
      [
       -79.741734,
       35.787341
      ],
      [
       -79.740906,
       35.787503
      ],
      [
       -79.740624,
       35.787685
      ],
      [
       -79.740674,
       35.787992
      ],
      [
       -79.740367,
       35.788627
      ],
      [
       -79.740417,
       35.789071
      ],
      [
       -79.740095,
       35.789314
      ],
      [
       -79.739982,
       35.789628
      ],
      [
       -79.739282,
       35.789729
      ],
      [
       -79.738994,
       35.790064
      ],
      [
       -79.738223,
       35.790135
      ]
     ],
     "type": "LineString"
    },
    "properties": {
     "length_km": 1.18,
     "n_sites": 0,
     "name": null,
     "order": 2,
     "riverKey": null,
     "underground": 0,
     "waterway": "stream"
    },
    "type": "Feature"
   },
   {
    "geometry": {
     "coordinates": [
      [
       -79.746609,
       35.798569
      ],
      [
       -79.746431,
       35.79822
      ],
      [
       -79.74614,
       35.798072
      ],
      [
       -79.74611,
       35.797545
      ],
      [
       -79.745461,
       35.796397
      ],
      [
       -79.745369,
       35.795718
      ],
      [
       -79.744867,
       35.795143
      ],
      [
       -79.744529,
       35.794055
      ],
      [
       -79.744132,
       35.793388
      ]
     ],
     "type": "LineString"
    },
    "properties": {
     "length_km": 0.63,
     "n_sites": 0,
     "name": null,
     "order": 2,
     "riverKey": null,
     "underground": 0,
     "waterway": "stream"
    },
    "type": "Feature"
   },
   {
    "geometry": {
     "coordinates": [
      [
       -79.746263,
       35.792651
      ],
      [
       -79.745488,
       35.793245
      ],
      [
       -79.744597,
       35.793104
      ],
      [
       -79.744132,
       35.793388
      ]
     ],
     "type": "LineString"
    },
    "properties": {
     "length_km": 0.23,
     "n_sites": 0,
     "name": null,
     "order": 2,
     "riverKey": null,
     "underground": 0,
     "waterway": "stream"
    },
    "type": "Feature"
   },
   {
    "geometry": {
     "coordinates": [
      [
       -79.747221,
       35.702687
      ],
      [
       -79.746601,
       35.702831
      ],
      [
       -79.745489,
       35.702797
      ],
      [
       -79.744499,
       35.702089
      ],
      [
       -79.74344,
       35.701864
      ],
      [
       -79.742476,
       35.700897
      ],
      [
       -79.739734,
       35.701047
      ],
      [
       -79.738623,
       35.701443
      ],
      [
       -79.738003,
       35.701372
      ],
      [
       -79.737498,
       35.701762
      ],
      [
       -79.736824,
       35.701543
      ],
      [
       -79.736346,
       35.701554
      ],
      [
       -79.735625,
       35.701285
      ],
      [
       -79.735496,
       35.701027
      ],
      [
       -79.735247,
       35.701043
      ]
     ],
     "type": "LineString"
    },
    "properties": {
     "length_km": 1.23,
     "n_sites": 0,
     "name": null,
     "order": 2,
     "riverKey": null,
     "underground": 0,
     "waterway": "stream"
    },
    "type": "Feature"
   },
   {
    "geometry": {
     "coordinates": [
      [
       -79.746827,
       35.707737
      ],
      [
       -79.745991,
       35.707952
      ],
      [
       -79.74554,
       35.708634
      ],
      [
       -79.745561,
       35.709579
      ],
      [
       -79.744592,
       35.709645
      ],
      [
       -79.74414,
       35.710223
      ],
      [
       -79.743716,
       35.710399
      ],
      [
       -79.743116,
       35.710317
      ],
      [
       -79.74199,
       35.709795
      ],
      [
       -79.741081,
       35.709729
      ],
      [
       -79.740124,
       35.709933
      ],
      [
       -79.739639,
       35.709774
      ],
      [
       -79.738979,
       35.709791
      ],
      [
       -79.738689,
       35.709967
      ],
      [
       -79.7385,
       35.710462
      ]
     ],
     "type": "LineString"
    },
    "properties": {
     "length_km": 1.02,
     "n_sites": 0,
     "name": null,
     "order": 2,
     "riverKey": null,
     "underground": 0,
     "waterway": "stream"
    },
    "type": "Feature"
   },
   {
    "geometry": {
     "coordinates": [
      [
       -79.739813,
       35.683117
      ],
      [
       -79.741206,
       35.682861
      ],
      [
       -79.743058,
       35.682761
      ],
      [
       -79.743784,
       35.681249
      ],
      [
       -79.743864,
       35.680365
      ],
      [
       -79.744261,
       35.679941
      ],
      [
       -79.744416,
       35.679331
      ],
      [
       -79.74521,
       35.678166
      ],
      [
       -79.746099,
       35.67755
      ],
      [
       -79.747087,
       35.675978
      ],
      [
       -79.747296,
       35.675181
      ]
     ],
     "type": "LineString"
    },
    "properties": {
     "length_km": 1.24,
     "n_sites": 0,
     "name": null,
     "order": 2,
     "riverKey": null,
     "underground": 0,
     "waterway": "stream"
    },
    "type": "Feature"
   },
   {
    "geometry": {
     "coordinates": [
      [
       -79.745509,
       35.711618
      ],
      [
       -79.744889,
       35.711728
      ],
      [
       -79.744586,
       35.712064
      ],
      [
       -79.74404,
       35.712278
      ],
      [
       -79.743414,
       35.712196
      ],
      [
       -79.743076,
       35.712399
      ],
      [
       -79.742888,
       35.712339
      ],
      [
       -79.742895,
       35.711866
      ],
      [
       -79.742457,
       35.711482
      ],
      [
       -79.741526,
       35.711394
      ],
      [
       -79.740913,
       35.71084
      ],
      [
       -79.740084,
       35.710411
      ],
      [
       -79.739484,
       35.710274
      ],
      [
       -79.7385,
       35.710462
      ]
     ],
     "type": "LineString"
    },
    "properties": {
     "length_km": 0.79,
     "n_sites": 0,
     "name": null,
     "order": 2,
     "riverKey": null,
     "underground": 0,
     "waterway": "stream"
    },
    "type": "Feature"
   },
   {
    "geometry": {
     "coordinates": [
      [
       -79.743634,
       35.658596
      ],
      [
       -79.744362,
       35.658635
      ],
      [
       -79.745203,
       35.658458
      ],
      [
       -79.746281,
       35.658628
      ]
     ],
     "type": "LineString"
    },
    "properties": {
     "length_km": 0.24,
     "n_sites": 0,
     "name": null,
     "order": 2,
     "riverKey": null,
     "underground": 0,
     "waterway": "stream"
    },
    "type": "Feature"
   },
   {
    "geometry": {
     "coordinates": [
      [
       -79.74419,
       35.664872
      ],
      [
       -79.744156,
       35.664482
      ],
      [
       -79.744466,
       35.66374
      ],
      [
       -79.744351,
       35.662888
      ],
      [
       -79.744465,
       35.662476
      ],
      [
       -79.745293,
       35.661799
      ],
      [
       -79.745918,
       35.660365
      ],
      [
       -79.746531,
       35.659771
      ],
      [
       -79.746281,
       35.658628
      ]
     ],
     "type": "LineString"
    },
    "properties": {
     "length_km": 0.76,
     "n_sites": 0,
     "name": null,
     "order": 2,
     "riverKey": null,
     "underground": 0,
     "waterway": "stream"
    },
    "type": "Feature"
   },
   {
    "geometry": {
     "coordinates": [
      [
       -79.744132,
       35.793388
      ],
      [
       -79.743219,
       35.793638
      ],
      [
       -79.743095,
       35.793357
      ],
      [
       -79.742429,
       35.792942
      ],
      [
       -79.741628,
       35.79276
      ],
      [
       -79.740686,
       35.792802
      ],
      [
       -79.740105,
       35.792471
      ]
     ],
     "type": "LineString"
    },
    "properties": {
     "length_km": 0.42,
     "n_sites": 0,
     "name": null,
     "order": 2,
     "riverKey": null,
     "underground": 0,
     "waterway": "stream"
    },
    "type": "Feature"
   },
   {
    "geometry": {
     "coordinates": [
      [
       -79.744059,
       35.774556
      ],
      [
       -79.743927,
       35.773781
      ],
      [
       -79.743208,
       35.772013
      ],
      [
       -79.743242,
       35.771101
      ],
      [
       -79.74212,
       35.769047
      ]
     ],
     "type": "LineString"
    },
    "properties": {
     "length_km": 0.64,
     "n_sites": 0,
     "name": null,
     "order": 2,
     "riverKey": null,
     "underground": 0,
     "waterway": "stream"
    },
    "type": "Feature"
   },
   {
    "geometry": {
     "coordinates": [
      [
       -79.743838,
       35.783152
      ],
      [
       -79.743508,
       35.783137
      ],
      [
       -79.742804,
       35.782655
      ],
      [
       -79.742259,
       35.781806
      ],
      [
       -79.742003,
       35.781767
      ],
      [
       -79.741576,
       35.781395
      ],
      [
       -79.741535,
       35.780295
      ],
      [
       -79.740754,
       35.779315
      ],
      [
       -79.740548,
       35.778777
      ],
      [
       -79.739885,
       35.778488
      ]
     ],
     "type": "LineString"
    },
    "properties": {
     "length_km": 0.68,
     "n_sites": 0,
     "name": null,
     "order": 2,
     "riverKey": null,
     "underground": 0,
     "waterway": "stream"
    },
    "type": "Feature"
   },
   {
    "geometry": {
     "coordinates": [
      [
       -79.744457,
       35.731018
      ],
      [
       -79.743986,
       35.730991
      ],
      [
       -79.743736,
       35.731161
      ],
      [
       -79.743379,
       35.731986
      ]
     ],
     "type": "LineString"
    },
    "properties": {
     "length_km": 0.17,
     "n_sites": 0,
     "name": null,
     "order": 2,
     "riverKey": null,
     "underground": 0,
     "waterway": "stream"
    },
    "type": "Feature"
   },
   {
    "geometry": {
     "coordinates": [
      [
       -79.74147,
       35.728925
      ],
      [
       -79.742266,
       35.730448
      ],
      [
       -79.743379,
       35.731986
      ]
     ],
     "type": "LineString"
    },
    "properties": {
     "length_km": 0.38,
     "n_sites": 0,
     "name": null,
     "order": 2,
     "riverKey": null,
     "underground": 0,
     "waterway": "stream"
    },
    "type": "Feature"
   },
   {
    "geometry": {
     "coordinates": [
      [
       -79.742005,
       35.768431
      ],
      [
       -79.741714,
       35.768056
      ],
      [
       -79.740912,
       35.768025
      ],
      [
       -79.740755,
       35.767789
      ],
      [
       -79.740113,
       35.767554
      ],
      [
       -79.739943,
       35.767169
      ],
      [
       -79.73968,
       35.767088
      ],
      [
       -79.739718,
       35.766858
      ],
      [
       -79.739387,
       35.766726
      ],
      [
       -79.739332,
       35.766469
      ],
      [
       -79.738926,
       35.766212
      ],
      [
       -79.739304,
       35.765222
      ],
      [
       -79.739169,
       35.764828
      ]
     ],
     "type": "LineString"
    },
    "properties": {
     "length_km": 0.58,
     "n_sites": 0,
     "name": null,
     "order": 2,
     "riverKey": null,
     "underground": 0,
     "waterway": "stream"
    },
    "type": "Feature"
   },
   {
    "geometry": {
     "coordinates": [
      [
       -79.741519,
       35.797476
      ],
      [
       -79.740984,
       35.797318
      ],
      [
       -79.740738,
       35.796779
      ],
      [
       -79.740225,
       35.794754
      ],
      [
       -79.740404,
       35.793061
      ],
      [
       -79.740105,
       35.792471
      ]
     ],
     "type": "LineString"
    },
    "properties": {
     "length_km": 0.6,
     "n_sites": 0,
     "name": null,
     "order": 2,
     "riverKey": null,
     "underground": 0,
     "waterway": "stream"
    },
    "type": "Feature"
   },
   {
    "geometry": {
     "coordinates": [
      [
       -79.743983,
       35.626864
      ],
      [
       -79.743721,
       35.627584
      ],
      [
       -79.742543,
       35.628376
      ],
      [
       -79.742442,
       35.628711
      ],
      [
       -79.741628,
       35.629091
      ],
      [
       -79.740828,
       35.629267
      ],
      [
       -79.740538,
       35.628915
      ],
      [
       -79.739265,
       35.628361
      ],
      [
       -79.739238,
       35.628086
      ],
      [
       -79.738834,
       35.627641
      ],
      [
       -79.738074,
       35.627191
      ],
      [
       -79.735165,
       35.626593
      ],
      [
       -79.734734,
       35.626604
      ],
      [
       -79.734499,
       35.626808
      ]
     ],
     "type": "LineString"
    },
    "properties": {
     "length_km": 1.12,
     "n_sites": 0,
     "name": null,
     "order": 2,
     "riverKey": null,
     "underground": 0,
     "waterway": "stream"
    },
    "type": "Feature"
   },
   {
    "geometry": {
     "coordinates": [
      [
       -79.741774,
       35.740477
      ],
      [
       -79.74102,
       35.741659
      ],
      [
       -79.740359,
       35.742077
      ],
      [
       -79.739422,
       35.742099
      ],
      [
       -79.738236,
       35.742342
      ],
      [
       -79.737292,
       35.741358
      ],
      [
       -79.736905,
       35.74126
      ]
     ],
     "type": "LineString"
    },
    "properties": {
     "length_km": 0.59,
     "n_sites": 0,
     "name": null,
     "order": 2,
     "riverKey": null,
     "underground": 0,
     "waterway": "stream"
    },
    "type": "Feature"
   },
   {
    "geometry": {
     "coordinates": [
      [
       -79.741865,
       35.714928
      ],
      [
       -79.739655,
       35.7145
      ]
     ],
     "type": "LineString"
    },
    "properties": {
     "length_km": 0.21,
     "n_sites": 0,
     "name": null,
     "order": 2,
     "riverKey": null,
     "underground": 0,
     "waterway": "stream"
    },
    "type": "Feature"
   },
   {
    "geometry": {
     "coordinates": [
      [
       -79.742666,
       35.650458
      ],
      [
       -79.742848,
       35.650282
      ],
      [
       -79.74284,
       35.649358
      ],
      [
       -79.742058,
       35.647886
      ],
      [
       -79.741842,
       35.646551
      ],
      [
       -79.741733,
       35.64527
      ],
      [
       -79.741867,
       35.643962
      ]
     ],
     "type": "LineString"
    },
    "properties": {
     "length_km": 0.74,
     "n_sites": 0,
     "name": null,
     "order": 2,
     "riverKey": null,
     "underground": 0,
     "waterway": "stream"
    },
    "type": "Feature"
   },
   {
    "geometry": {
     "coordinates": [
      [
       -79.742179,
       35.668715
      ],
      [
       -79.741991,
       35.669088
      ],
      [
       -79.741177,
       35.66921
      ],
      [
       -79.739257,
       35.668875
      ]
     ],
     "type": "LineString"
    },
    "properties": {
     "length_km": 0.3,
     "n_sites": 0,
     "name": null,
     "order": 2,
     "riverKey": null,
     "underground": 0,
     "waterway": "stream"
    },
    "type": "Feature"
   },
   {
    "geometry": {
     "coordinates": [
      [
       -79.740052,
       35.802172
      ],
      [
       -79.73977,
       35.801463
      ],
      [
       -79.738332,
       35.800134
      ],
      [
       -79.738173,
       35.798377
      ],
      [
       -79.737326,
       35.797764
      ],
      [
       -79.73657,
       35.795608
      ],
      [
       -79.735886,
       35.795073
      ],
      [
       -79.735935,
       35.794398
      ],
      [
       -79.736668,
       35.792911
      ],
      [
       -79.736935,
       35.791643
      ],
      [
       -79.736666,
       35.791152
      ],
      [
       -79.735774,
       35.790634
      ]
     ],
     "type": "LineString"
    },
    "properties": {
     "length_km": 1.47,
     "n_sites": 0,
     "name": null,
     "order": 2,
     "riverKey": null,
     "underground": 0,
     "waterway": "stream"
    },
    "type": "Feature"
   },
   {
    "geometry": {
     "coordinates": [
      [
       -79.740105,
       35.792471
      ],
      [
       -79.739529,
       35.792283
      ],
      [
       -79.738945,
       35.791632
      ],
      [
       -79.738569,
       35.79177
      ],
      [
       -79.738489,
       35.791046
      ],
      [
       -79.738664,
       35.79093
      ],
      [
       -79.738773,
       35.791089
      ],
      [
       -79.738873,
       35.790912
      ],
      [
       -79.7387,
       35.790412
      ],
      [
       -79.738223,
       35.790135
      ]
     ],
     "type": "LineString"
    },
    "properties": {
     "length_km": 0.44,
     "n_sites": 0,
     "name": null,
     "order": 2,
     "riverKey": null,
     "underground": 0,
     "waterway": "stream"
    },
    "type": "Feature"
   },
   {
    "geometry": {
     "coordinates": [
      [
       -79.74133,
       35.688494
      ],
      [
       -79.740758,
       35.688907
      ],
      [
       -79.740765,
       35.690671
      ],
      [
       -79.740314,
       35.691352
      ],
      [
       -79.739973,
       35.693474
      ],
      [
       -79.737596,
       35.696514
      ],
      [
       -79.736527,
       35.698949
      ],
      [
       -79.735247,
       35.701043
      ]
     ],
     "type": "LineString"
    },
    "properties": {
     "length_km": 1.53,
     "n_sites": 0,
     "name": null,
     "order": 2,
     "riverKey": null,
     "underground": 0,
     "waterway": "stream"
    },
    "type": "Feature"
   },
   {
    "geometry": {
     "coordinates": [
      [
       -79.739431,
       35.777999
      ],
      [
       -79.739253,
       35.777616
      ],
      [
       -79.739324,
       35.777071
      ],
      [
       -79.738804,
       35.776885
      ],
      [
       -79.738688,
       35.776704
      ],
      [
       -79.738979,
       35.775846
      ],
      [
       -79.738776,
       35.775654
      ],
      [
       -79.738881,
       35.775302
      ],
      [
       -79.738604,
       35.773748
      ]
     ],
     "type": "LineString"
    },
    "properties": {
     "length_km": 0.52,
     "n_sites": 0,
     "name": null,
     "order": 2,
     "riverKey": null,
     "underground": 0,
     "waterway": "stream"
    },
    "type": "Feature"
   },
   {
    "geometry": {
     "coordinates": [
      [
       -79.741428,
       35.632163
      ],
      [
       -79.740095,
       35.632092
      ],
      [
       -79.7391,
       35.632351
      ],
      [
       -79.737982,
       35.63217
      ],
      [
       -79.736541,
       35.631654
      ],
      [
       -79.735389,
       35.630742
      ],
      [
       -79.73471,
       35.630556
      ],
      [
       -79.733861,
       35.62993
      ]
     ],
     "type": "LineString"
    },
    "properties": {
     "length_km": 0.78,
     "n_sites": 0,
     "name": null,
     "order": 2,
     "riverKey": null,
     "underground": 0,
     "waterway": "stream"
    },
    "type": "Feature"
   },
   {
    "geometry": {
     "coordinates": [
      [
       -79.737519,
       35.768154
      ],
      [
       -79.737754,
       35.767354
      ],
      [
       -79.739116,
       35.765299
      ],
      [
       -79.739169,
       35.764828
      ]
     ],
     "type": "LineString"
    },
    "properties": {
     "length_km": 0.4,
     "n_sites": 0,
     "name": null,
     "order": 2,
     "riverKey": null,
     "underground": 0,
     "waterway": "stream"
    },
    "type": "Feature"
   },
   {
    "geometry": {
     "coordinates": [
      [
       -79.739169,
       35.764828
      ],
      [
       -79.739209,
       35.764017
      ],
      [
       -79.73994,
       35.7635
      ],
      [
       -79.740017,
       35.762944
      ],
      [
       -79.740424,
       35.762376
      ],
      [
       -79.74034,
       35.76159
      ],
      [
       -79.740776,
       35.760315
      ],
      [
       -79.74005,
       35.759568
      ],
      [
       -79.73869,
       35.758605
      ],
      [
       -79.738546,
       35.758299
      ],
      [
       -79.739141,
       35.75751
      ],
      [
       -79.739874,
       35.757249
      ],
      [
       -79.740211,
       35.756331
      ],
      [
       -79.740077,
       35.755369
      ],
      [
       -79.740764,
       35.75423
      ],
      [
       -79.7405,
       35.75371
      ],
      [
       -79.739219,
       35.752838
      ],
      [
       -79.738787,
       35.751668
      ]
     ],
     "type": "LineString"
    },
    "properties": {
     "length_km": 1.73,
     "n_sites": 0,
     "name": null,
     "order": 2,
     "riverKey": null,
     "underground": 0,
     "waterway": "stream"
    },
    "type": "Feature"
   },
   {
    "geometry": {
     "coordinates": [
      [
       -79.740577,
       35.657966
      ],
      [
       -79.740731,
       35.657378
      ],
      [
       -79.741182,
       35.656864
      ],
      [
       -79.740928,
       35.656265
      ],
      [
       -79.740939,
       35.65535
      ],
      [
       -79.740764,
       35.654993
      ],
      [
       -79.740043,
       35.654504
      ],
      [
       -79.739927,
       35.653564
      ],
      [
       -79.739139,
       35.651591
      ],
      [
       -79.737838,
       35.650026
      ],
      [
       -79.737386,
       35.64913
      ],
      [
       -79.737393,
       35.648762
      ]
     ],
     "type": "LineString"
    },
    "properties": {
     "length_km": 1.13,
     "n_sites": 0,
     "name": null,
     "order": 2,
     "riverKey": null,
     "underground": 0,
     "waterway": "stream"
    },
    "type": "Feature"
   },
   {
    "geometry": {
     "coordinates": [
      [
       -79.737044,
       35.774615
      ],
      [
       -79.737456,
       35.774676
      ],
      [
       -79.738136,
       35.774507
      ],
      [
       -79.738604,
       35.773748
      ]
     ],
     "type": "LineString"
    },
    "properties": {
     "length_km": 0.2,
     "n_sites": 0,
     "name": null,
     "order": 2,
     "riverKey": null,
     "underground": 0,
     "waterway": "stream"
    },
    "type": "Feature"
   },
   {
    "geometry": {
     "coordinates": [
      [
       -79.738604,
       35.773748
      ],
      [
       -79.73853,
       35.771951
      ],
      [
       -79.738861,
       35.770839
      ],
      [
       -79.738762,
       35.770152
      ],
      [
       -79.738333,
       35.769467
      ],
      [
       -79.7377,
       35.769501
      ],
      [
       -79.737736,
       35.768805
      ],
      [
       -79.737519,
       35.768154
      ]
     ],
     "type": "LineString"
    },
    "properties": {
     "length_km": 0.7,
     "n_sites": 0,
     "name": null,
     "order": 2,
     "riverKey": null,
     "underground": 0,
     "waterway": "stream"
    },
    "type": "Feature"
   },
   {
    "geometry": {
     "coordinates": [
      [
       -79.739143,
       35.737181
      ],
      [
       -79.738968,
       35.737467
      ],
      [
       -79.738422,
       35.737703
      ],
      [
       -79.738341,
       35.738082
      ],
      [
       -79.737627,
       35.738896
      ],
      [
       -79.736866,
       35.739248
      ],
      [
       -79.736819,
       35.740133
      ],
      [
       -79.736543,
       35.74082
      ],
      [
       -79.736648,
       35.741272
      ],
      [
       -79.735836,
       35.742046
      ],
      [
       -79.735108,
       35.742305
      ],
      [
       -79.734731,
       35.7427
      ],
      [
       -79.733923,
       35.744838
      ],
      [
       -79.733358,
       35.745592
      ],
      [
       -79.732759,
       35.746167
      ],
      [
       -79.731989,
       35.746548
      ],
      [
       -79.73079,
       35.747587
      ],
      [
       -79.73046,
       35.747708
      ],
      [
       -79.730224,
       35.74806
      ],
      [
       -79.730507,
       35.748461
      ],
      [
       -79.730433,
       35.748665
      ],
      [
       -79.730116,
       35.748841
      ],
      [
       -79.72955,
       35.748857
      ]
     ],
     "type": "LineString"
    },
    "properties": {
     "length_km": 1.7,
     "n_sites": 0,
     "name": null,
     "order": 2,
     "riverKey": null,
     "underground": 0,
     "waterway": "stream"
    },
    "type": "Feature"
   },
   {
    "geometry": {
     "coordinates": [
      [
       -79.738223,
       35.790135
      ],
      [
       -79.737149,
       35.790362
      ],
      [
       -79.73674,
       35.790676
      ],
      [
       -79.735774,
       35.790634
      ]
     ],
     "type": "LineString"
    },
    "properties": {
     "length_km": 0.24,
     "n_sites": 0,
     "name": null,
     "order": 2,
     "riverKey": null,
     "underground": 0,
     "waterway": "stream"
    },
    "type": "Feature"
   },
   {
    "geometry": {
     "coordinates": [
      [
       -79.737826,
       35.785525
      ],
      [
       -79.737174,
       35.785672
      ],
      [
       -79.736699,
       35.785622
      ],
      [
       -79.734838,
       35.784922
      ],
      [
       -79.734299,
       35.785121
      ],
      [
       -79.733702,
       35.785602
      ],
      [
       -79.732686,
       35.785704
      ],
      [
       -79.731073,
       35.785565
      ],
      [
       -79.72939,
       35.785928
      ],
      [
       -79.728813,
       35.786283
      ],
      [
       -79.728294,
       35.786212
      ],
      [
       -79.727557,
       35.786387
      ]
     ],
     "type": "LineString"
    },
    "properties": {
     "length_km": 1.0,
     "n_sites": 0,
     "name": null,
     "order": 2,
     "riverKey": null,
     "underground": 0,
     "waterway": "stream"
    },
    "type": "Feature"
   },
   {
    "geometry": {
     "coordinates": [
      [
       -79.738347,
       35.751508
      ],
      [
       -79.737811,
       35.752375
      ],
      [
       -79.736452,
       35.752939
      ],
      [
       -79.735784,
       35.753039
      ],
      [
       -79.73519,
       35.752701
      ],
      [
       -79.733113,
       35.752157
      ],
      [
       -79.73269,
       35.751754
      ],
      [
       -79.732691,
       35.751495
      ]
     ],
     "type": "LineString"
    },
    "properties": {
     "length_km": 0.66,
     "n_sites": 0,
     "name": null,
     "order": 2,
     "riverKey": null,
     "underground": 0,
     "waterway": "stream"
    },
    "type": "Feature"
   },
   {
    "geometry": {
     "coordinates": [
      [
       -79.7385,
       35.710462
      ],
      [
       -79.73811,
       35.71067
      ],
      [
       -79.736803,
       35.710385
      ],
      [
       -79.73658,
       35.710198
      ],
      [
       -79.73594,
       35.710177
      ],
      [
       -79.735745,
       35.710369
      ]
     ],
     "type": "LineString"
    },
    "properties": {
     "length_km": 0.28,
     "n_sites": 0,
     "name": null,
     "order": 2,
     "riverKey": null,
     "underground": 0,
     "waterway": "stream"
    },
    "type": "Feature"
   },
   {
    "geometry": {
     "coordinates": [
      [
       -79.733869,
       35.774194
      ],
      [
       -79.734072,
       35.773482
      ],
      [
       -79.734487,
       35.77315
      ],
      [
       -79.734827,
       35.771468
      ],
      [
       -79.735324,
       35.771043
      ],
      [
       -79.735777,
       35.7702
      ],
      [
       -79.736213,
       35.769864
      ],
      [
       -79.736812,
       35.76967
      ],
      [
       -79.736924,
       35.769263
      ],
      [
       -79.737179,
       35.769058
      ],
      [
       -79.737102,
       35.768729
      ],
      [
       -79.737519,
       35.768154
      ]
     ],
     "type": "LineString"
    },
    "properties": {
     "length_km": 0.79,
     "n_sites": 0,
     "name": null,
     "order": 2,
     "riverKey": null,
     "underground": 0,
     "waterway": "stream"
    },
    "type": "Feature"
   },
   {
    "geometry": {
     "coordinates": [
      [
       -79.738207,
       35.681357
      ],
      [
       -79.738651,
       35.680279
      ],
      [
       -79.739385,
       35.679394
      ],
      [
       -79.739478,
       35.678058
      ],
      [
       -79.738696,
       35.677405
      ],
      [
       -79.738158,
       35.677323
      ],
      [
       -79.737531,
       35.676735
      ],
      [
       -79.737005,
       35.676125
      ],
      [
       -79.736202,
       35.674554
      ],
      [
       -79.735405,
       35.674081
      ]
     ],
     "type": "LineString"
    },
    "properties": {
     "length_km": 0.99,
     "n_sites": 0,
     "name": null,
     "order": 2,
     "riverKey": null,
     "underground": 0,
     "waterway": "stream"
    },
    "type": "Feature"
   },
   {
    "geometry": {
     "coordinates": [
      [
       -79.736137,
       35.805902
      ],
      [
       -79.737047,
       35.803772
      ],
      [
       -79.736976,
       35.803084
      ],
      [
       -79.736452,
       35.802378
      ],
      [
       -79.736127,
       35.802122
      ],
      [
       -79.735593,
       35.802012
      ],
      [
       -79.734381,
       35.802216
      ],
      [
       -79.733056,
       35.80277
      ],
      [
       -79.73189,
       35.802244
      ]
     ],
     "type": "LineString"
    },
    "properties": {
     "length_km": 0.88,
     "n_sites": 0,
     "name": null,
     "order": 2,
     "riverKey": null,
     "underground": 0,
     "waterway": "stream"
    },
    "type": "Feature"
   },
   {
    "geometry": {
     "coordinates": [
      [
       -79.737271,
       35.725283
      ],
      [
       -79.73594,
       35.721833
      ],
      [
       -79.736222,
       35.720767
      ],
      [
       -79.735952,
       35.720278
      ],
      [
       -79.735629,
       35.720075
      ],
      [
       -79.734462,
       35.718641
      ],
      [
       -79.733943,
       35.717684
      ],
      [
       -79.732715,
       35.716811
      ],
      [
       -79.731508,
       35.715465
      ],
      [
       -79.730626,
       35.714872
      ],
      [
       -79.729056,
       35.714382
      ]
     ],
     "type": "LineString"
    },
    "properties": {
     "length_km": 1.51,
     "n_sites": 0,
     "name": null,
     "order": 2,
     "riverKey": null,
     "underground": 0,
     "waterway": "stream"
    },
    "type": "Feature"
   },
   {
    "geometry": {
     "coordinates": [
      [
       -79.737204,
       35.729015
      ],
      [
       -79.737641,
       35.728845
      ],
      [
       -79.738012,
       35.728141
      ],
      [
       -79.737485,
       35.726174
      ],
      [
       -79.736279,
       35.726751
      ],
      [
       -79.735908,
       35.727238
      ]
     ],
     "type": "LineString"
    },
    "properties": {
     "length_km": 0.54,
     "n_sites": 0,
     "name": null,
     "order": 2,
     "riverKey": null,
     "underground": 0,
     "waterway": "stream"
    },
    "type": "Feature"
   },
   {
    "geometry": {
     "coordinates": [
      [
       -79.738558,
       35.638094
      ],
      [
       -79.737299,
       35.637946
      ],
      [
       -79.736599,
       35.638013
      ],
      [
       -79.736033,
       35.6387
      ],
      [
       -79.735448,
       35.639085
      ],
      [
       -79.735119,
       35.639854
      ],
      [
       -79.734668,
       35.64008
      ],
      [
       -79.734089,
       35.640663
      ],
      [
       -79.732756,
       35.641246
      ],
      [
       -79.731928,
       35.641218
      ]
     ],
     "type": "LineString"
    },
    "properties": {
     "length_km": 0.77,
     "n_sites": 0,
     "name": null,
     "order": 2,
     "riverKey": null,
     "underground": 0,
     "waterway": "stream"
    },
    "type": "Feature"
   },
   {
    "geometry": {
     "coordinates": [
      [
       -79.735774,
       35.790634
      ],
      [
       -79.733631,
       35.790521
      ],
      [
       -79.732856,
       35.790292
      ],
      [
       -79.731895,
       35.789557
      ],
      [
       -79.731858,
       35.789118
      ],
      [
       -79.731571,
       35.788668
      ],
      [
       -79.731113,
       35.788561
      ],
      [
       -79.730732,
       35.788045
      ],
      [
       -79.730169,
       35.78769
      ],
      [
       -79.729455,
       35.7875
      ],
      [
       -79.728493,
       35.787893
      ],
      [
       -79.728028,
       35.786806
      ],
      [
       -79.727557,
       35.786387
      ]
     ],
     "type": "LineString"
    },
    "properties": {
     "length_km": 1.02,
     "n_sites": 0,
     "name": null,
     "order": 2,
     "riverKey": null,
     "underground": 0,
     "waterway": "stream"
    },
    "type": "Feature"
   },
   {
    "geometry": {
     "coordinates": [
      [
       -79.737342,
       35.688105
      ],
      [
       -79.737322,
       35.689501
      ],
      [
       -79.736535,
       35.689826
      ],
      [
       -79.736149,
       35.690191
      ],
      [
       -79.736057,
       35.690512
      ],
      [
       -79.735276,
       35.691343
      ],
      [
       -79.734946,
       35.692294
      ],
      [
       -79.734495,
       35.692717
      ],
      [
       -79.733188,
       35.692548
      ],
      [
       -79.732644,
       35.692831
      ],
      [
       -79.731153,
       35.693002
      ],
      [
       -79.730561,
       35.692865
      ],
      [
       -79.729914,
       35.6924
      ],
      [
       -79.728961,
       35.692594
      ],
      [
       -79.726337,
       35.692044
      ],
      [
       -79.725986,
       35.691913
      ],
      [
       -79.725952,
       35.691687
      ],
      [
       -79.725319,
       35.691094
      ],
      [
       -79.72422,
       35.690369
      ]
     ],
     "type": "LineString"
    },
    "properties": {
     "length_km": 1.67,
     "n_sites": 0,
     "name": null,
     "order": 2,
     "riverKey": null,
     "underground": 0,
     "waterway": "stream"
    },
    "type": "Feature"
   },
   {
    "geometry": {
     "coordinates": [
      [
       -79.737776,
       35.658605
      ],
      [
       -79.736691,
       35.658138
      ],
      [
       -79.736167,
       35.658061
      ],
      [
       -79.734738,
       35.657369
      ],
      [
       -79.733997,
       35.657397
      ],
      [
       -79.7336,
       35.657601
      ],
      [
       -79.732671,
       35.657711
      ],
      [
       -79.731176,
       35.657497
      ],
      [
       -79.730442,
       35.657734
      ]
     ],
     "type": "LineString"
    },
    "properties": {
     "length_km": 0.71,
     "n_sites": 0,
     "name": null,
     "order": 2,
     "riverKey": null,
     "underground": 0,
     "waterway": "stream"
    },
    "type": "Feature"
   },
   {
    "geometry": {
     "coordinates": [
      [
       -79.735909,
       35.648548
      ],
      [
       -79.736942,
       35.648823
      ],
      [
       -79.737393,
       35.648762
      ]
     ],
     "type": "LineString"
    },
    "properties": {
     "length_km": 0.14,
     "n_sites": 0,
     "name": null,
     "order": 2,
     "riverKey": null,
     "underground": 0,
     "waterway": "stream"
    },
    "type": "Feature"
   },
   {
    "geometry": {
     "coordinates": [
      [
       -79.737393,
       35.648762
      ],
      [
       -79.738805,
       35.647058
      ],
      [
       -79.738415,
       35.646338
      ],
      [
       -79.737809,
       35.646179
      ],
      [
       -79.737034,
       35.645607
      ],
      [
       -79.736791,
       35.644904
      ],
      [
       -79.736804,
       35.643481
      ]
     ],
     "type": "LineString"
    },
    "properties": {
     "length_km": 0.71,
     "n_sites": 0,
     "name": null,
     "order": 2,
     "riverKey": null,
     "underground": 0,
     "waterway": "stream"
    },
    "type": "Feature"
   },
   {
    "geometry": {
     "coordinates": [
      [
       -79.737058,
       35.663644
      ],
      [
       -79.734749,
       35.663156
      ],
      [
       -79.733758,
       35.662602
      ],
      [
       -79.733064,
       35.661503
      ],
      [
       -79.730921,
       35.659003
      ],
      [
       -79.730442,
       35.657734
      ]
     ],
     "type": "LineString"
    },
    "properties": {
     "length_km": 0.95,
     "n_sites": 0,
     "name": null,
     "order": 2,
     "riverKey": null,
     "underground": 0,
     "waterway": "stream"
    },
    "type": "Feature"
   },
   {
    "geometry": {
     "coordinates": [
      [
       -79.735247,
       35.701043
      ],
      [
       -79.734978,
       35.70167
      ],
      [
       -79.734952,
       35.702615
      ],
      [
       -79.734245,
       35.702994
      ],
      [
       -79.733727,
       35.704066
      ],
      [
       -79.73314,
       35.704842
      ],
      [
       -79.733444,
       35.705523
      ],
      [
       -79.733276,
       35.706089
      ],
      [
       -79.732225,
       35.706441
      ]
     ],
     "type": "LineString"
    },
    "properties": {
     "length_km": 0.73,
     "n_sites": 0,
     "name": null,
     "order": 2,
     "riverKey": null,
     "underground": 0,
     "waterway": "stream"
    },
    "type": "Feature"
   },
   {
    "geometry": {
     "coordinates": [
      [
       -79.73349,
       35.757876
      ],
      [
       -79.732554,
       35.75696
      ],
      [
       -79.731752,
       35.756605
      ]
     ],
     "type": "LineString"
    },
    "properties": {
     "length_km": 0.21,
     "n_sites": 0,
     "name": null,
     "order": 2,
     "riverKey": null,
     "underground": 0,
     "waterway": "stream"
    },
    "type": "Feature"
   },
   {
    "geometry": {
     "coordinates": [
      [
       -79.729179,
       35.677463
      ],
      [
       -79.729819,
       35.676963
      ],
      [
       -79.729994,
       35.676458
      ],
      [
       -79.730613,
       35.676205
      ],
      [
       -79.730815,
       35.675506
      ],
      [
       -79.731118,
       35.675177
      ],
      [
       -79.731893,
       35.674847
      ],
      [
       -79.731973,
       35.674572
      ],
      [
       -79.732835,
       35.674011
      ],
      [
       -79.733886,
       35.673864
      ],
      [
       -79.734612,
       35.673175
      ],
      [
       -79.73499,
       35.673158
      ],
      [
       -79.734285,
       35.671964
      ]
     ],
     "type": "LineString"
    },
    "properties": {
     "length_km": 0.92,
     "n_sites": 0,
     "name": null,
     "order": 2,
     "riverKey": null,
     "underground": 0,
     "waterway": "stream"
    },
    "type": "Feature"
   },
   {
    "geometry": {
     "coordinates": [
      [
       -79.728361,
       35.621501
      ],
      [
       -79.731733,
       35.622665
      ],
      [
       -79.734069,
       35.622846
      ],
      [
       -79.734521,
       35.623258
      ],
      [
       -79.734804,
       35.623961
      ]
     ],
     "type": "LineString"
    },
    "properties": {
     "length_km": 0.69,
     "n_sites": 0,
     "name": null,
     "order": 2,
     "riverKey": null,
     "underground": 0,
     "waterway": "stream"
    },
    "type": "Feature"
   },
   {
    "geometry": {
     "coordinates": [
      [
       -79.732895,
       35.737453
      ],
      [
       -79.733036,
       35.737755
      ],
      [
       -79.732902,
       35.738354
      ],
      [
       -79.731918,
       35.740058
      ],
      [
       -79.731805,
       35.740926
      ],
      [
       -79.730915,
       35.741476
      ],
      [
       -79.730753,
       35.741888
      ],
      [
       -79.730862,
       35.742487
      ],
      [
       -79.729608,
       35.744103
      ],
      [
       -79.72882,
       35.744439
      ],
      [
       -79.72857,
       35.744708
      ],
      [
       -79.728335,
       35.745192
      ],
      [
       -79.728309,
       35.746352
      ],
      [
       -79.72723,
       35.747
      ],
      [
       -79.726165,
       35.747336
      ]
     ],
     "type": "LineString"
    },
    "properties": {
     "length_km": 1.37,
     "n_sites": 0,
     "name": null,
     "order": 2,
     "riverKey": null,
     "underground": 0,
     "waterway": "stream"
    },
    "type": "Feature"
   },
   {
    "geometry": {
     "coordinates": [
      [
       -79.731572,
       35.802216
      ],
      [
       -79.730765,
       35.801103
      ],
      [
       -79.73047,
       35.800083
      ],
      [
       -79.730186,
       35.799868
      ],
      [
       -79.730297,
       35.799412
      ],
      [
       -79.72999,
       35.798931
      ],
      [
       -79.729967,
       35.798358
      ],
      [
       -79.729757,
       35.798146
      ],
      [
       -79.72913,
       35.798203
      ],
      [
       -79.728975,
       35.798104
      ],
      [
       -79.728952,
       35.797858
      ],
      [
       -79.728663,
       35.797781
      ],
      [
       -79.728531,
       35.797315
      ],
      [
       -79.727717,
       35.79656
      ]
     ],
     "type": "LineString"
    },
    "properties": {
     "length_km": 0.79,
     "n_sites": 0,
     "name": null,
     "order": 2,
     "riverKey": null,
     "underground": 0,
     "waterway": "stream"
    },
    "type": "Feature"
   },
   {
    "geometry": {
     "coordinates": [
      [
       -79.730011,
       35.806277
      ],
      [
       -79.730033,
       35.805551
      ],
      [
       -79.730849,
       35.803427
      ],
      [
       -79.731474,
       35.802404
      ]
     ],
     "type": "LineString"
    },
    "properties": {
     "length_km": 0.45,
     "n_sites": 0,
     "name": null,
     "order": 2,
     "riverKey": null,
     "underground": 0,
     "waterway": "stream"
    },
    "type": "Feature"
   },
   {
    "geometry": {
     "coordinates": [
      [
       -79.732663,
       35.681567
      ],
      [
       -79.731559,
       35.682749
      ],
      [
       -79.731257,
       35.683662
      ],
      [
       -79.730348,
       35.684767
      ]
     ],
     "type": "LineString"
    },
    "properties": {
     "length_km": 0.42,
     "n_sites": 0,
     "name": null,
     "order": 2,
     "riverKey": null,
     "underground": 0,
     "waterway": "stream"
    },
    "type": "Feature"
   },
   {
    "geometry": {
     "coordinates": [
      [
       -79.731046,
       35.780191
      ],
      [
       -79.730774,
       35.77967
      ],
      [
       -79.730786,
       35.778577
      ],
      [
       -79.730619,
       35.778256
      ]
     ],
     "type": "LineString"
    },
    "properties": {
     "length_km": 0.22,
     "n_sites": 0,
     "name": null,
     "order": 2,
     "riverKey": null,
     "underground": 0,
     "waterway": "stream"
    },
    "type": "Feature"
   },
   {
    "geometry": {
     "coordinates": [
      [
       -79.729585,
       35.759229
      ],
      [
       -79.730872,
       35.755124
      ],
      [
       -79.730933,
       35.754018
      ],
      [
       -79.731385,
       35.753109
      ],
      [
       -79.73141,
       35.751651
      ]
     ],
     "type": "LineString"
    },
    "properties": {
     "length_km": 0.86,
     "n_sites": 0,
     "name": null,
     "order": 2,
     "riverKey": null,
     "underground": 0,
     "waterway": "stream"
    },
    "type": "Feature"
   },
   {
    "geometry": {
     "coordinates": [
      [
       -79.733042,
       35.647637
      ],
      [
       -79.732268,
       35.645989
      ],
      [
       -79.732395,
       35.644818
      ],
      [
       -79.732293,
       35.643576
      ],
      [
       -79.732663,
       35.642229
      ]
     ],
     "type": "LineString"
    },
    "properties": {
     "length_km": 0.62,
     "n_sites": 0,
     "name": null,
     "order": 2,
     "riverKey": null,
     "underground": 0,
     "waterway": "stream"
    },
    "type": "Feature"
   },
   {
    "geometry": {
     "coordinates": [
      [
       -79.729741,
       35.774955
      ],
      [
       -79.729315,
       35.775893
      ],
      [
       -79.729293,
       35.776691
      ],
      [
       -79.729483,
       35.776902
      ],
      [
       -79.729345,
       35.777478
      ]
     ],
     "type": "LineString"
    },
    "properties": {
     "length_km": 0.29,
     "n_sites": 0,
     "name": null,
     "order": 2,
     "riverKey": null,
     "underground": 0,
     "waterway": "stream"
    },
    "type": "Feature"
   },
   {
    "geometry": {
     "coordinates": [
      [
       -79.731415,
       35.651578
      ],
      [
       -79.72856,
       35.65087
      ],
      [
       -79.727725,
       35.65087
      ],
      [
       -79.726735,
       35.650393
      ],
      [
       -79.725496,
       35.650316
      ],
      [
       -79.72483,
       35.650025
      ]
     ],
     "type": "LineString"
    },
    "properties": {
     "length_km": 0.63,
     "n_sites": 0,
     "name": null,
     "order": 2,
     "riverKey": null,
     "underground": 0,
     "waterway": "stream"
    },
    "type": "Feature"
   },
   {
    "geometry": {
     "coordinates": [
      [
       -79.728774,
       35.764811
      ],
      [
       -79.729168,
       35.763943
      ],
      [
       -79.728799,
       35.763072
      ],
      [
       -79.729259,
       35.762382
      ],
      [
       -79.729516,
       35.761432
      ],
      [
       -79.729195,
       35.76086
      ],
      [
       -79.729143,
       35.759999
      ],
      [
       -79.729501,
       35.759889
      ]
     ],
     "type": "LineString"
    },
    "properties": {
     "length_km": 0.6,
     "n_sites": 0,
     "name": null,
     "order": 2,
     "riverKey": null,
     "underground": 0,
     "waterway": "stream"
    },
    "type": "Feature"
   },
   {
    "geometry": {
     "coordinates": [
      [
       -79.729001,
       35.770129
      ],
      [
       -79.728546,
       35.768779
      ],
      [
       -79.728962,
       35.768276
      ],
      [
       -79.729243,
       35.767429
      ],
      [
       -79.728985,
       35.767034
      ],
      [
       -79.728892,
       35.766104
      ],
      [
       -79.728598,
       35.766014
      ]
     ],
     "type": "LineString"
    },
    "properties": {
     "length_km": 0.5,
     "n_sites": 0,
     "name": null,
     "order": 2,
     "riverKey": null,
     "underground": 0,
     "waterway": "stream"
    },
    "type": "Feature"
   },
   {
    "geometry": {
     "coordinates": [
      [
       -79.730348,
       35.684767
      ],
      [
       -79.729338,
       35.685652
      ],
      [
       -79.728094,
       35.687491
      ],
      [
       -79.727136,
       35.688258
      ],
      [
       -79.726672,
       35.688895
      ],
      [
       -79.725423,
       35.689041
      ],
      [
       -79.724941,
       35.68999
      ],
      [
       -79.72422,
       35.690369
      ]
     ],
     "type": "LineString"
    },
    "properties": {
     "length_km": 0.88,
     "n_sites": 0,
     "name": null,
     "order": 2,
     "riverKey": null,
     "underground": 0,
     "waterway": "stream"
    },
    "type": "Feature"
   },
   {
    "geometry": {
     "coordinates": [
      [
       -79.729801,
       35.682728
      ],
      [
       -79.729808,
       35.683195
      ],
      [
       -79.730348,
       35.684767
      ]
     ],
     "type": "LineString"
    },
    "properties": {
     "length_km": 0.23,
     "n_sites": 0,
     "name": null,
     "order": 2,
     "riverKey": null,
     "underground": 0,
     "waterway": "stream"
    },
    "type": "Feature"
   },
   {
    "geometry": {
     "coordinates": [
      [
       -79.730442,
       35.657734
      ],
      [
       -79.729822,
       35.657547
      ],
      [
       -79.727728,
       35.655916
      ],
      [
       -79.727371,
       35.655443
      ],
      [
       -79.727646,
       35.654767
      ],
      [
       -79.726764,
       35.653888
      ]
     ],
     "type": "LineString"
    },
    "properties": {
     "length_km": 0.59,
     "n_sites": 0,
     "name": null,
     "order": 2,
     "riverKey": null,
     "underground": 0,
     "waterway": "stream"
    },
    "type": "Feature"
   },
   {
    "geometry": {
     "coordinates": [
      [
       -79.725759,
       35.625468
      ],
      [
       -79.726064,
       35.626318
      ],
      [
       -79.726655,
       35.627051
      ],
      [
       -79.728879,
       35.628101
      ],
      [
       -79.729451,
       35.628541
      ],
      [
       -79.729936,
       35.629436
      ],
      [
       -79.730441,
       35.629689
      ],
      [
       -79.730849,
       35.630978
      ]
     ],
     "type": "LineString"
    },
    "properties": {
     "length_km": 0.81,
     "n_sites": 0,
     "name": null,
     "order": 2,
     "riverKey": null,
     "underground": 0,
     "waterway": "stream"
    },
    "type": "Feature"
   },
   {
    "geometry": {
     "coordinates": [
      [
       -79.727344,
       35.767817
      ],
      [
       -79.728291,
       35.765379
      ]
     ],
     "type": "LineString"
    },
    "properties": {
     "length_km": 0.28,
     "n_sites": 0,
     "name": null,
     "order": 2,
     "riverKey": null,
     "underground": 0,
     "waterway": "stream"
    },
    "type": "Feature"
   },
   {
    "geometry": {
     "coordinates": [
      [
       -79.729199,
       35.705052
      ],
      [
       -79.728445,
       35.705887
      ],
      [
       -79.726882,
       35.706168
      ]
     ],
     "type": "LineString"
    },
    "properties": {
     "length_km": 0.26,
     "n_sites": 0,
     "name": null,
     "order": 2,
     "riverKey": null,
     "underground": 0,
     "waterway": "stream"
    },
    "type": "Feature"
   },
   {
    "geometry": {
     "coordinates": [
      [
       -79.726823,
       35.801291
      ],
      [
       -79.726679,
       35.800812
      ],
      [
       -79.727049,
       35.799727
      ],
      [
       -79.726802,
       35.799075
      ],
      [
       -79.72706,
       35.798167
      ],
      [
       -79.726961,
       35.797452
      ],
      [
       -79.727717,
       35.79656
      ]
     ],
     "type": "LineString"
    },
    "properties": {
     "length_km": 0.56,
     "n_sites": 0,
     "name": null,
     "order": 2,
     "riverKey": null,
     "underground": 0,
     "waterway": "stream"
    },
    "type": "Feature"
   },
   {
    "geometry": {
     "coordinates": [
      [
       -79.727717,
       35.79656
      ],
      [
       -79.7271,
       35.796033
      ],
      [
       -79.726576,
       35.795201
      ],
      [
       -79.725786,
       35.794908
      ],
      [
       -79.726013,
       35.794699
      ],
      [
       -79.726011,
       35.794336
      ],
      [
       -79.725482,
       35.793837
      ],
      [
       -79.72546,
       35.793519
      ],
      [
       -79.725156,
       35.79334
      ],
      [
       -79.724801,
       35.79279
      ],
      [
       -79.724556,
       35.791999
      ]
     ],
     "type": "LineString"
    },
    "properties": {
     "length_km": 0.64,
     "n_sites": 0,
     "name": null,
     "order": 2,
     "riverKey": null,
     "underground": 0,
     "waterway": "stream"
    },
    "type": "Feature"
   },
   {
    "geometry": {
     "coordinates": [
      [
       -79.728616,
       35.726952
      ],
      [
       -79.729122,
       35.72727
      ],
      [
       -79.729378,
       35.72771
      ],
      [
       -79.729137,
       35.729199
      ],
      [
       -79.727782,
       35.729925
      ]
     ],
     "type": "LineString"
    },
    "properties": {
     "length_km": 0.43,
     "n_sites": 0,
     "name": null,
     "order": 2,
     "riverKey": null,
     "underground": 0,
     "waterway": "stream"
    },
    "type": "Feature"
   },
   {
    "geometry": {
     "coordinates": [
      [
       -79.727557,
       35.786387
      ],
      [
       -79.726864,
       35.786091
      ],
      [
       -79.726001,
       35.784833
      ]
     ],
     "type": "LineString"
    },
    "properties": {
     "length_km": 0.23,
     "n_sites": 0,
     "name": null,
     "order": 2,
     "riverKey": null,
     "underground": 0,
     "waterway": "stream"
    },
    "type": "Feature"
   },
   {
    "geometry": {
     "coordinates": [
      [
       -79.728379,
       35.709344
      ],
      [
       -79.727785,
       35.707998
      ],
      [
       -79.727927,
       35.707498
      ],
      [
       -79.728425,
       35.706959
      ],
      [
       -79.728284,
       35.706481
      ]
     ],
     "type": "LineString"
    },
    "properties": {
     "length_km": 0.35,
     "n_sites": 0,
     "name": null,
     "order": 2,
     "riverKey": null,
     "underground": 0,
     "waterway": "stream"
    },
    "type": "Feature"
   },
   {
    "geometry": {
     "coordinates": [
      [
       -79.727782,
       35.729925
      ],
      [
       -79.727709,
       35.731827
      ],
      [
       -79.727062,
       35.732344
      ],
      [
       -79.726005,
       35.734509
      ],
      [
       -79.725096,
       35.73574
      ],
      [
       -79.724637,
       35.736071
      ],
      [
       -79.72461,
       35.73634
      ],
      [
       -79.723849,
       35.737439
      ],
      [
       -79.723775,
       35.738077
      ],
      [
       -79.72333,
       35.738637
      ],
      [
       -79.723743,
       35.741687
      ],
      [
       -79.722867,
       35.742187
      ],
      [
       -79.721594,
       35.744249
      ]
     ],
     "type": "LineString"
    },
    "properties": {
     "length_km": 1.77,
     "n_sites": 0,
     "name": null,
     "order": 2,
     "riverKey": null,
     "underground": 0,
     "waterway": "stream"
    },
    "type": "Feature"
   },
   {
    "geometry": {
     "coordinates": [
      [
       -79.727666,
       35.728354
      ],
      [
       -79.727566,
       35.729222
      ],
      [
       -79.727782,
       35.729925
      ]
     ],
     "type": "LineString"
    },
    "properties": {
     "length_km": 0.18,
     "n_sites": 0,
     "name": null,
     "order": 2,
     "riverKey": null,
     "underground": 0,
     "waterway": "stream"
    },
    "type": "Feature"
   },
   {
    "geometry": {
     "coordinates": [
      [
       -79.726817,
       35.77779
      ],
      [
       -79.725547,
       35.778049
      ],
      [
       -79.724244,
       35.777561
      ],
      [
       -79.723429,
       35.777674
      ],
      [
       -79.722681,
       35.777527
      ]
     ],
     "type": "LineString"
    },
    "properties": {
     "length_km": 0.39,
     "n_sites": 0,
     "name": null,
     "order": 2,
     "riverKey": null,
     "underground": 0,
     "waterway": "stream"
    },
    "type": "Feature"
   },
   {
    "geometry": {
     "coordinates": [
      [
       -79.724556,
       35.791999
      ],
      [
       -79.724492,
       35.790693
      ],
      [
       -79.725329,
       35.78891
      ],
      [
       -79.725978,
       35.78678
      ],
      [
       -79.726001,
       35.784833
      ]
     ],
     "type": "LineString"
    },
    "properties": {
     "length_km": 0.82,
     "n_sites": 0,
     "name": null,
     "order": 2,
     "riverKey": null,
     "underground": 0,
     "waterway": "stream"
    },
    "type": "Feature"
   },
   {
    "geometry": {
     "coordinates": [
      [
       -79.726001,
       35.784833
      ],
      [
       -79.725723,
       35.784594
      ],
      [
       -79.724648,
       35.78419
      ],
      [
       -79.723907,
       35.783213
      ],
      [
       -79.723065,
       35.783127
      ],
      [
       -79.722526,
       35.783417
      ]
     ],
     "type": "LineString"
    },
    "properties": {
     "length_km": 0.41,
     "n_sites": 0,
     "name": null,
     "order": 2,
     "riverKey": null,
     "underground": 0,
     "waterway": "stream"
    },
    "type": "Feature"
   },
   {
    "geometry": {
     "coordinates": [
      [
       -79.726693,
       35.722012
      ],
      [
       -79.725979,
       35.721292
      ],
      [
       -79.725897,
       35.720292
      ],
      [
       -79.726463,
       35.719534
      ],
      [
       -79.726719,
       35.718715
      ],
      [
       -79.7275,
       35.71795
      ],
      [
       -79.727466,
       35.716857
      ],
      [
       -79.728072,
       35.715939
      ],
      [
       -79.728359,
       35.714379
      ],
      [
       -79.727809,
       35.713955
      ],
      [
       -79.72737,
       35.713856
      ],
      [
       -79.727236,
       35.713642
      ],
      [
       -79.726946,
       35.71362
      ],
      [
       -79.726676,
       35.713257
      ],
      [
       -79.725921,
       35.712873
      ],
      [
       -79.725672,
       35.712554
      ],
      [
       -79.725308,
       35.712456
      ],
      [
       -79.725059,
       35.712038
      ],
      [
       -79.725166,
       35.711351
      ],
      [
       -79.724862,
       35.710675
      ],
      [
       -79.723393,
       35.709824
      ],
      [
       -79.722753,
       35.709159
      ],
      [
       -79.722038,
       35.70922
      ],
      [
       -79.720833,
       35.709011
      ],
      [
       -79.720327,
       35.708297
      ],
      [
       -79.718244,
       35.706781
      ]
     ],
     "type": "LineString"
    },
    "properties": {
     "length_km": 2.28,
     "n_sites": 0,
     "name": null,
     "order": 2,
     "riverKey": null,
     "underground": 0,
     "waterway": "stream"
    },
    "type": "Feature"
   },
   {
    "geometry": {
     "coordinates": [
      [
       -79.725757,
       35.773408
      ],
      [
       -79.72508,
       35.773218
      ],
      [
       -79.723416,
       35.773211
      ],
      [
       -79.722811,
       35.773604
      ],
      [
       -79.722309,
       35.773418
      ]
     ],
     "type": "LineString"
    },
    "properties": {
     "length_km": 0.33,
     "n_sites": 0,
     "name": null,
     "order": 2,
     "riverKey": null,
     "underground": 0,
     "waterway": "stream"
    },
    "type": "Feature"
   },
   {
    "geometry": {
     "coordinates": [
      [
       -79.726771,
       35.698078
      ],
      [
       -79.72462,
       35.696793
      ],
      [
       -79.724216,
       35.695863
      ],
      [
       -79.723993,
       35.695684
      ],
      [
       -79.723159,
       35.695761
      ],
      [
       -79.722593,
       35.695244
      ],
      [
       -79.721588,
       35.694684
      ],
      [
       -79.720436,
       35.695069
      ],
      [
       -79.720201,
       35.695745
      ],
      [
       -79.720275,
       35.696289
      ],
      [
       -79.719689,
       35.696289
      ],
      [
       -79.719595,
       35.697465
      ],
      [
       -79.718281,
       35.697998
      ],
      [
       -79.717682,
       35.698653
      ],
      [
       -79.717622,
       35.699136
      ],
      [
       -79.717986,
       35.699647
      ],
      [
       -79.717851,
       35.699977
      ],
      [
       -79.716787,
       35.700444
      ],
      [
       -79.71554,
       35.700373
      ],
      [
       -79.715022,
       35.700775
      ],
      [
       -79.714503,
       35.700775
      ],
      [
       -79.714328,
       35.701093
      ]
     ],
     "type": "LineString"
    },
    "properties": {
     "length_km": 1.83,
     "n_sites": 0,
     "name": null,
     "order": 2,
     "riverKey": null,
     "underground": 0,
     "waterway": "stream"
    },
    "type": "Feature"
   },
   {
    "geometry": {
     "coordinates": [
      [
       -79.72074,
       35.798894
      ],
      [
       -79.721781,
       35.797126
      ],
      [
       -79.722093,
       35.796939
      ],
      [
       -79.722174,
       35.796173
      ],
      [
       -79.723115,
       35.795863
      ],
      [
       -79.723568,
       35.794855
      ],
      [
       -79.72411,
       35.794354
      ],
      [
       -79.724218,
       35.793325
      ],
      [
       -79.723737,
       35.792943
      ],
      [
       -79.724154,
       35.792792
      ],
      [
       -79.724556,
       35.791999
      ]
     ],
     "type": "LineString"
    },
    "properties": {
     "length_km": 0.93,
     "n_sites": 0,
     "name": null,
     "order": 2,
     "riverKey": null,
     "underground": 0,
     "waterway": "stream"
    },
    "type": "Feature"
   },
   {
    "geometry": {
     "coordinates": [
      [
       -79.726482,
       35.641145
      ],
      [
       -79.726105,
       35.640913
      ],
      [
       -79.72572,
       35.639715
      ]
     ],
     "type": "LineString"
    },
    "properties": {
     "length_km": 0.18,
     "n_sites": 0,
     "name": null,
     "order": 2,
     "riverKey": null,
     "underground": 0,
     "waterway": "stream"
    },
    "type": "Feature"
   },
   {
    "geometry": {
     "coordinates": [
      [
       -79.723374,
       35.784631
      ],
      [
       -79.723485,
       35.783704
      ],
      [
       -79.722526,
       35.783417
      ]
     ],
     "type": "LineString"
    },
    "properties": {
     "length_km": 0.2,
     "n_sites": 0,
     "name": null,
     "order": 2,
     "riverKey": null,
     "underground": 0,
     "waterway": "stream"
    },
    "type": "Feature"
   },
   {
    "geometry": {
     "coordinates": [
      [
       -79.722791,
       35.803556
      ],
      [
       -79.722699,
       35.801671
      ],
      [
       -79.721615,
       35.800807
      ],
      [
       -79.720696,
       35.80057
      ],
      [
       -79.720568,
       35.800411
      ],
      [
       -79.720913,
       35.79959
      ],
      [
       -79.72074,
       35.798894
      ]
     ],
     "type": "LineString"
    },
    "properties": {
     "length_km": 0.63,
     "n_sites": 0,
     "name": null,
     "order": 2,
     "riverKey": null,
     "underground": 0,
     "waterway": "stream"
    },
    "type": "Feature"
   },
   {
    "geometry": {
     "coordinates": [
      [
       -79.722505,
       35.748189
      ],
      [
       -79.723173,
       35.747392
      ],
      [
       -79.723287,
       35.746957
      ],
      [
       -79.723131,
       35.746441
      ],
      [
       -79.723603,
       35.746051
      ]
     ],
     "type": "LineString"
    },
    "properties": {
     "length_km": 0.28,
     "n_sites": 0,
     "name": null,
     "order": 2,
     "riverKey": null,
     "underground": 0,
     "waterway": "stream"
    },
    "type": "Feature"
   },
   {
    "geometry": {
     "coordinates": [
      [
       -79.72422,
       35.690369
      ],
      [
       -79.723661,
       35.690534
      ],
      [
       -79.723237,
       35.69104
      ],
      [
       -79.722726,
       35.691106
      ],
      [
       -79.722416,
       35.691573
      ],
      [
       -79.721722,
       35.691738
      ],
      [
       -79.72123,
       35.692244
      ]
     ],
     "type": "LineString"
    },
    "properties": {
     "length_km": 0.36,
     "n_sites": 0,
     "name": null,
     "order": 2,
     "riverKey": null,
     "underground": 0,
     "waterway": "stream"
    },
    "type": "Feature"
   },
   {
    "geometry": {
     "coordinates": [
      [
       -79.723259,
       35.678092
      ],
      [
       -79.723036,
       35.677729
      ],
      [
       -79.723265,
       35.676828
      ],
      [
       -79.72309,
       35.67557
      ],
      [
       -79.723634,
       35.674179
      ],
      [
       -79.723992,
       35.67375
      ],
      [
       -79.725628,
       35.672975
      ],
      [
       -79.725944,
       35.672299
      ],
      [
       -79.726381,
       35.671875
      ],
      [
       -79.726401,
       35.671298
      ],
      [
       -79.726644,
       35.670853
      ],
      [
       -79.726461,
       35.669694
      ],
      [
       -79.726158,
       35.669309
      ],
      [
       -79.726232,
       35.668534
      ],
      [
       -79.72605,
       35.667649
      ],
      [
       -79.725544,
       35.666787
      ],
      [
       -79.72448,
       35.666402
      ]
     ],
     "type": "LineString"
    },
    "properties": {
     "length_km": 1.52,
     "n_sites": 0,
     "name": null,
     "order": 2,
     "riverKey": null,
     "underground": 0,
     "waterway": "stream"
    },
    "type": "Feature"
   },
   {
    "geometry": {
     "coordinates": [
      [
       -79.722526,
       35.783417
      ],
      [
       -79.72178,
       35.783468
      ],
      [
       -79.721224,
       35.783074
      ],
      [
       -79.720511,
       35.781085
      ],
      [
       -79.720772,
       35.780831
      ],
      [
       -79.721251,
       35.780771
      ],
      [
       -79.721651,
       35.781264
      ],
      [
       -79.722216,
       35.781119
      ],
      [
       -79.722376,
       35.779678
      ],
      [
       -79.722696,
       35.77892
      ],
      [
       -79.722681,
       35.777527
      ]
     ],
     "type": "LineString"
    },
    "properties": {
     "length_km": 0.97,
     "n_sites": 0,
     "name": null,
     "order": 2,
     "riverKey": null,
     "underground": 0,
     "waterway": "stream"
    },
    "type": "Feature"
   },
   {
    "geometry": {
     "coordinates": [
      [
       -79.722681,
       35.777527
      ],
      [
       -79.72251,
       35.7772
      ],
      [
       -79.721294,
       35.776818
      ],
      [
       -79.721014,
       35.776274
      ],
      [
       -79.720158,
       35.775383
      ]
     ],
     "type": "LineString"
    },
    "properties": {
     "length_km": 0.35,
     "n_sites": 0,
     "name": null,
     "order": 2,
     "riverKey": null,
     "underground": 0,
     "waterway": "stream"
    },
    "type": "Feature"
   },
   {
    "geometry": {
     "coordinates": [
      [
       -79.718624,
       35.656243
      ],
      [
       -79.719176,
       35.654813
      ],
      [
       -79.719586,
       35.653027
      ],
      [
       -79.721086,
       35.650631
      ],
      [
       -79.722371,
       35.649119
      ],
      [
       -79.722809,
       35.648806
      ],
      [
       -79.723287,
       35.647091
      ]
     ],
     "type": "LineString"
    },
    "properties": {
     "length_km": 1.12,
     "n_sites": 0,
     "name": null,
     "order": 2,
     "riverKey": null,
     "underground": 0,
     "waterway": "stream"
    },
    "type": "Feature"
   },
   {
    "geometry": {
     "coordinates": [
      [
       -79.721667,
       35.744469
      ],
      [
       -79.72126,
       35.744736
      ],
      [
       -79.72094,
       35.744718
      ],
      [
       -79.719882,
       35.743979
      ]
     ],
     "type": "LineString"
    },
    "properties": {
     "length_km": 0.2,
     "n_sites": 0,
     "name": null,
     "order": 2,
     "riverKey": null,
     "underground": 0,
     "waterway": "stream"
    },
    "type": "Feature"
   },
   {
    "geometry": {
     "coordinates": [
      [
       -79.717851,
       35.805491
      ],
      [
       -79.718583,
       35.804325
      ],
      [
       -79.719274,
       35.802629
      ],
      [
       -79.719777,
       35.800128
      ],
      [
       -79.72074,
       35.798894
      ]
     ],
     "type": "LineString"
    },
    "properties": {
     "length_km": 0.79,
     "n_sites": 0,
     "name": null,
     "order": 2,
     "riverKey": null,
     "underground": 0,
     "waterway": "stream"
    },
    "type": "Feature"
   },
   {
    "geometry": {
     "coordinates": [
      [
       -79.722784,
       35.668447
      ],
      [
       -79.723107,
       35.667892
      ],
      [
       -79.72283,
       35.667387
      ]
     ],
     "type": "LineString"
    },
    "properties": {
     "length_km": 0.13,
     "n_sites": 0,
     "name": null,
     "order": 2,
     "riverKey": null,
     "underground": 0,
     "waterway": "stream"
    },
    "type": "Feature"
   },
   {
    "geometry": {
     "coordinates": [
      [
       -79.720955,
       35.750135
      ],
      [
       -79.721447,
       35.749222
      ],
      [
       -79.722161,
       35.748447
      ],
      [
       -79.720698,
       35.748145
      ]
     ],
     "type": "LineString"
    },
    "properties": {
     "length_km": 0.35,
     "n_sites": 0,
     "name": null,
     "order": 2,
     "riverKey": null,
     "underground": 0,
     "waterway": "stream"
    },
    "type": "Feature"
   },
   {
    "geometry": {
     "coordinates": [
      [
       -79.720683,
       35.761458
      ],
      [
       -79.720353,
       35.761438
      ],
      [
       -79.720058,
       35.761789
      ],
      [
       -79.719224,
       35.762111
      ],
      [
       -79.718247,
       35.762196
      ],
      [
       -79.717243,
       35.762552
      ]
     ],
     "type": "LineString"
    },
    "properties": {
     "length_km": 0.35,
     "n_sites": 0,
     "name": null,
     "order": 2,
     "riverKey": null,
     "underground": 0,
     "waterway": "stream"
    },
    "type": "Feature"
   },
   {
    "geometry": {
     "coordinates": [
      [
       -79.72123,
       35.692244
      ],
      [
       -79.721331,
       35.693041
      ],
      [
       -79.721696,
       35.693771
      ],
      [
       -79.721669,
       35.694491
      ]
     ],
     "type": "LineString"
    },
    "properties": {
     "length_km": 0.26,
     "n_sites": 0,
     "name": null,
     "order": 2,
     "riverKey": null,
     "underground": 0,
     "waterway": "stream"
    },
    "type": "Feature"
   },
   {
    "geometry": {
     "coordinates": [
      [
       -79.720931,
       35.720871
      ],
      [
       -79.719812,
       35.72036
      ],
      [
       -79.719179,
       35.71981
      ],
      [
       -79.718774,
       35.719129
      ],
      [
       -79.718564,
       35.717585
      ],
      [
       -79.718739,
       35.714639
      ],
      [
       -79.719662,
       35.712798
      ],
      [
       -79.718541,
       35.708764
      ],
      [
       -79.718244,
       35.706781
      ]
     ],
     "type": "LineString"
    },
    "properties": {
     "length_km": 1.68,
     "n_sites": 0,
     "name": null,
     "order": 2,
     "riverKey": null,
     "underground": 0,
     "waterway": "stream"
    },
    "type": "Feature"
   },
   {
    "geometry": {
     "coordinates": [
      [
       -79.72147,
       35.683083
      ],
      [
       -79.721308,
       35.683742
      ],
      [
       -79.720661,
       35.684193
      ],
      [
       -79.720439,
       35.684605
      ]
     ],
     "type": "LineString"
    },
    "properties": {
     "length_km": 0.2,
     "n_sites": 0,
     "name": null,
     "order": 2,
     "riverKey": null,
     "underground": 0,
     "waterway": "stream"
    },
    "type": "Feature"
   },
   {
    "geometry": {
     "coordinates": [
      [
       -79.720439,
       35.684605
      ],
      [
       -79.719995,
       35.686292
      ],
      [
       -79.720117,
       35.687644
      ],
      [
       -79.71976,
       35.689013
      ],
      [
       -79.719182,
       35.690266
      ],
      [
       -79.720772,
       35.691392
      ],
      [
       -79.72123,
       35.692244
      ]
     ],
     "type": "LineString"
    },
    "properties": {
     "length_km": 0.94,
     "n_sites": 0,
     "name": null,
     "order": 2,
     "riverKey": null,
     "underground": 0,
     "waterway": "stream"
    },
    "type": "Feature"
   },
   {
    "geometry": {
     "coordinates": [
      [
       -79.721839,
       35.621888
      ],
      [
       -79.721927,
       35.622894
      ],
      [
       -79.72147,
       35.624021
      ],
      [
       -79.71994,
       35.625296
      ],
      [
       -79.719495,
       35.626274
      ],
      [
       -79.71827,
       35.627171
      ],
      [
       -79.717617,
       35.627968
      ],
      [
       -79.716998,
       35.628407
      ]
     ],
     "type": "LineString"
    },
    "properties": {
     "length_km": 0.89,
     "n_sites": 0,
     "name": null,
     "order": 2,
     "riverKey": null,
     "underground": 0,
     "waterway": "stream"
    },
    "type": "Feature"
   },
   {
    "geometry": {
     "coordinates": [
      [
       -79.718546,
       35.683122
      ],
      [
       -79.718809,
       35.683688
      ],
      [
       -79.720311,
       35.684292
      ],
      [
       -79.720439,
       35.684605
      ]
     ],
     "type": "LineString"
    },
    "properties": {
     "length_km": 0.26,
     "n_sites": 0,
     "name": null,
     "order": 2,
     "riverKey": null,
     "underground": 0,
     "waterway": "stream"
    },
    "type": "Feature"
   },
   {
    "geometry": {
     "coordinates": [
      [
       -79.718005,
       35.787985
      ],
      [
       -79.717109,
       35.788077
      ],
      [
       -79.71668,
       35.787975
      ]
     ],
     "type": "LineString"
    },
    "properties": {
     "length_km": 0.12,
     "n_sites": 0,
     "name": null,
     "order": 2,
     "riverKey": null,
     "underground": 0,
     "waterway": "stream"
    },
    "type": "Feature"
   },
   {
    "geometry": {
     "coordinates": [
      [
       -79.717959,
       35.661249
      ],
      [
       -79.718902,
       35.662156
      ],
      [
       -79.719791,
       35.662387
      ]
     ],
     "type": "LineString"
    },
    "properties": {
     "length_km": 0.22,
     "n_sites": 0,
     "name": null,
     "order": 2,
     "riverKey": null,
     "underground": 0,
     "waterway": "stream"
    },
    "type": "Feature"
   },
   {
    "geometry": {
     "coordinates": [
      [
       -79.715013,
       35.671604
      ],
      [
       -79.716016,
       35.671301
      ],
      [
       -79.716104,
       35.670889
      ],
      [
       -79.715942,
       35.670422
      ],
      [
       -79.716467,
       35.669416
      ],
      [
       -79.717026,
       35.668993
      ],
      [
       -79.717699,
       35.66769
      ],
      [
       -79.719484,
       35.66587
      ]
     ],
     "type": "LineString"
    },
    "properties": {
     "length_km": 0.8,
     "n_sites": 0,
     "name": null,
     "order": 2,
     "riverKey": null,
     "underground": 0,
     "waterway": "stream"
    },
    "type": "Feature"
   },
   {
    "geometry": {
     "coordinates": [
      [
       -79.717066,
       35.79109
      ],
      [
       -79.717114,
       35.789995
      ],
      [
       -79.716684,
       35.789204
      ],
      [
       -79.71668,
       35.787975
      ]
     ],
     "type": "LineString"
    },
    "properties": {
     "length_km": 0.35,
     "n_sites": 0,
     "name": null,
     "order": 2,
     "riverKey": null,
     "underground": 0,
     "waterway": "stream"
    },
    "type": "Feature"
   },
   {
    "geometry": {
     "coordinates": [
      [
       -79.718244,
       35.706781
      ],
      [
       -79.717126,
       35.706358
      ],
      [
       -79.715306,
       35.706331
      ],
      [
       -79.715482,
       35.706974
      ],
      [
       -79.715301,
       35.708402
      ],
      [
       -79.714694,
       35.709298
      ],
      [
       -79.714149,
       35.711447
      ],
      [
       -79.713401,
       35.712255
      ],
      [
       -79.713199,
       35.713574
      ],
      [
       -79.712896,
       35.714151
      ],
      [
       -79.713422,
       35.715245
      ]
     ],
     "type": "LineString"
    },
    "properties": {
     "length_km": 1.33,
     "n_sites": 0,
     "name": null,
     "order": 2,
     "riverKey": null,
     "underground": 0,
     "waterway": "stream"
    },
    "type": "Feature"
   },
   {
    "geometry": {
     "coordinates": [
      [
       -79.714463,
       35.725065
      ],
      [
       -79.714847,
       35.725258
      ],
      [
       -79.715757,
       35.726291
      ],
      [
       -79.71633,
       35.727422
      ],
      [
       -79.716764,
       35.727852
      ],
      [
       -79.716772,
       35.728826
      ],
      [
       -79.717227,
       35.729714
      ],
      [
       -79.716952,
       35.730115
      ],
      [
       -79.716978,
       35.730352
      ],
      [
       -79.717774,
       35.731725
      ],
      [
       -79.718549,
       35.732297
      ],
      [
       -79.718698,
       35.73261
      ],
      [
       -79.717748,
       35.73438
      ],
      [
       -79.717583,
       35.736793
      ]
     ],
     "type": "LineString"
    },
    "properties": {
     "length_km": 1.45,
     "n_sites": 0,
     "name": null,
     "order": 2,
     "riverKey": null,
     "underground": 0,
     "waterway": "stream"
    },
    "type": "Feature"
   },
   {
    "geometry": {
     "coordinates": [
      [
       -79.71668,
       35.787975
      ],
      [
       -79.715391,
       35.787064
      ],
      [
       -79.714834,
       35.786362
      ],
      [
       -79.713919,
       35.785755
      ],
      [
       -79.713286,
       35.785647
      ],
      [
       -79.713033,
       35.78495
      ],
      [
       -79.713145,
       35.784581
      ],
      [
       -79.714227,
       35.784223
      ]
     ],
     "type": "LineString"
    },
    "properties": {
     "length_km": 0.64,
     "n_sites": 0,
     "name": null,
     "order": 2,
     "riverKey": null,
     "underground": 0,
     "waterway": "stream"
    },
    "type": "Feature"
   },
   {
    "geometry": {
     "coordinates": [
      [
       -79.713285,
       35.728055
      ],
      [
       -79.71315,
       35.729407
      ],
      [
       -79.712786,
       35.730067
      ],
      [
       -79.71253,
       35.731364
      ],
      [
       -79.712807,
       35.733089
      ],
      [
       -79.713629,
       35.733248
      ],
      [
       -79.714978,
       35.734402
      ],
      [
       -79.7158,
       35.735864
      ],
      [
       -79.715558,
       35.736373
      ],
      [
       -79.715698,
       35.737091
      ],
      [
       -79.716785,
       35.737326
      ],
      [
       -79.717021,
       35.737584
      ],
      [
       -79.716792,
       35.738177
      ],
      [
       -79.716799,
       35.739035
      ],
      [
       -79.716293,
       35.73954
      ],
      [
       -79.717548,
       35.740892
      ],
      [
       -79.717527,
       35.741101
      ],
      [
       -79.716941,
       35.741733
      ]
     ],
     "type": "LineString"
    },
    "properties": {
     "length_km": 1.82,
     "n_sites": 0,
     "name": null,
     "order": 2,
     "riverKey": null,
     "underground": 0,
     "waterway": "stream"
    },
    "type": "Feature"
   },
   {
    "geometry": {
     "coordinates": [
      [
       -79.700166,
       35.775957
      ],
      [
       -79.700353,
       35.775372
      ],
      [
       -79.700741,
       35.77497
      ],
      [
       -79.701669,
       35.774557
      ],
      [
       -79.702027,
       35.773713
      ],
      [
       -79.704209,
       35.772229
      ],
      [
       -79.704613,
       35.772195
      ],
      [
       -79.705493,
       35.772704
      ],
      [
       -79.706261,
       35.772767
      ],
      [
       -79.70671,
       35.773448
      ],
      [
       -79.707493,
       35.773616
      ],
      [
       -79.707846,
       35.774066
      ],
      [
       -79.708136,
       35.774146
      ],
      [
       -79.708641,
       35.773949
      ],
      [
       -79.708673,
       35.773683
      ],
      [
       -79.710348,
       35.772047
      ],
      [
       -79.710448,
       35.771701
      ],
      [
       -79.710756,
       35.7716
      ],
      [
       -79.711101,
       35.770615
      ],
      [
       -79.711536,
       35.77013
      ],
      [
       -79.71268,
       35.769973
      ],
      [
       -79.71307,
       35.770802
      ],
      [
       -79.715093,
       35.771115
      ],
      [
       -79.71602,
       35.770744
      ],
      [
       -79.715987,
       35.770277
      ]
     ],
     "type": "LineString"
    },
    "properties": {
     "length_km": 2.13,
     "n_sites": 0,
     "name": null,
     "order": 2,
     "riverKey": null,
     "underground": 0,
     "waterway": "stream"
    },
    "type": "Feature"
   },
   {
    "geometry": {
     "coordinates": [
      [
       -79.717922,
       35.631996
      ],
      [
       -79.716999,
       35.632859
      ],
      [
       -79.716933,
       35.633749
      ],
      [
       -79.716589,
       35.634629
      ],
      [
       -79.717748,
       35.635969
      ],
      [
       -79.718247,
       35.636947
      ],
      [
       -79.717992,
       35.638052
      ]
     ],
     "type": "LineString"
    },
    "properties": {
     "length_km": 0.75,
     "n_sites": 0,
     "name": null,
     "order": 2,
     "riverKey": null,
     "underground": 0,
     "waterway": "stream"
    },
    "type": "Feature"
   },
   {
    "geometry": {
     "coordinates": [
      [
       -79.70859,
       35.766612
      ],
      [
       -79.70957,
       35.767098
      ],
      [
       -79.710518,
       35.766747
      ],
      [
       -79.712028,
       35.766655
      ],
      [
       -79.713189,
       35.765953
      ],
      [
       -79.71492,
       35.765911
      ],
      [
       -79.715344,
       35.765769
      ]
     ],
     "type": "LineString"
    },
    "properties": {
     "length_km": 0.66,
     "n_sites": 0,
     "name": null,
     "order": 2,
     "riverKey": null,
     "underground": 0,
     "waterway": "stream"
    },
    "type": "Feature"
   },
   {
    "geometry": {
     "coordinates": [
      [
       -79.715793,
       35.646945
      ],
      [
       -79.71511,
       35.645495
      ],
      [
       -79.71493,
       35.644477
      ],
      [
       -79.715731,
       35.644087
      ],
      [
       -79.716142,
       35.643433
      ],
      [
       -79.716896,
       35.643048
      ],
      [
       -79.717276,
       35.642333
      ]
     ],
     "type": "LineString"
    },
    "properties": {
     "length_km": 0.62,
     "n_sites": 0,
     "name": null,
     "order": 2,
     "riverKey": null,
     "underground": 0,
     "waterway": "stream"
    },
    "type": "Feature"
   },
   {
    "geometry": {
     "coordinates": [
      [
       -79.716998,
       35.628407
      ],
      [
       -79.715713,
       35.629815
      ],
      [
       -79.713728,
       35.631002
      ],
      [
       -79.713263,
       35.631728
      ],
      [
       -79.713708,
       35.632415
      ],
      [
       -79.713351,
       35.63231
      ],
      [
       -79.712624,
       35.632832
      ],
      [
       -79.714436,
       35.633931
      ],
      [
       -79.714469,
       35.634662
      ],
      [
       -79.714261,
       35.634937
      ],
      [
       -79.71418,
       35.635855
      ],
      [
       -79.71447,
       35.636558
      ],
      [
       -79.714948,
       35.636811
      ],
      [
       -79.71521,
       35.637366
      ],
      [
       -79.715823,
       35.637619
      ],
      [
       -79.716335,
       35.637586
      ],
      [
       -79.71684,
       35.637954
      ]
     ],
     "type": "LineString"
    },
    "properties": {
     "length_km": 1.51,
     "n_sites": 0,
     "name": null,
     "order": 2,
     "riverKey": null,
     "underground": 0,
     "waterway": "stream"
    },
    "type": "Feature"
   },
   {
    "geometry": {
     "coordinates": [
      [
       -79.715518,
       35.621917
      ],
      [
       -79.715594,
       35.623379
      ],
      [
       -79.71595,
       35.624319
      ],
      [
       -79.716001,
       35.625484
      ],
      [
       -79.716641,
       35.626797
      ],
      [
       -79.716271,
       35.627913
      ],
      [
       -79.716998,
       35.628407
      ]
     ],
     "type": "LineString"
    },
    "properties": {
     "length_km": 0.77,
     "n_sites": 0,
     "name": null,
     "order": 2,
     "riverKey": null,
     "underground": 0,
     "waterway": "stream"
    },
    "type": "Feature"
   },
   {
    "geometry": {
     "coordinates": [
      [
       -79.710053,
       35.764258
      ],
      [
       -79.710367,
       35.763863
      ],
      [
       -79.710951,
       35.763587
      ],
      [
       -79.711419,
       35.761855
      ],
      [
       -79.712844,
       35.758996
      ],
      [
       -79.714234,
       35.758058
      ],
      [
       -79.714743,
       35.75747
      ],
      [
       -79.7148,
       35.757056
      ],
      [
       -79.714482,
       35.75687
      ],
      [
       -79.71427,
       35.756293
      ],
      [
       -79.714415,
       35.755718
      ],
      [
       -79.714205,
       35.754627
      ]
     ],
     "type": "LineString"
    },
    "properties": {
     "length_km": 1.23,
     "n_sites": 0,
     "name": null,
     "order": 2,
     "riverKey": null,
     "underground": 0,
     "waterway": "stream"
    },
    "type": "Feature"
   },
   {
    "geometry": {
     "coordinates": [
      [
       -79.714874,
       35.682403
      ],
      [
       -79.714242,
       35.683051
      ],
      [
       -79.714006,
       35.683552
      ],
      [
       -79.713415,
       35.683993
      ],
      [
       -79.712928,
       35.683995
      ],
      [
       -79.712444,
       35.684239
      ],
      [
       -79.712026,
       35.683926
      ],
      [
       -79.711595,
       35.68397
      ],
      [
       -79.709736,
       35.685492
      ],
      [
       -79.708914,
       35.685602
      ],
      [
       -79.707904,
       35.685383
      ],
      [
       -79.705499,
       35.684603
      ],
      [
       -79.705304,
       35.684394
      ],
      [
       -79.70494,
       35.684586
      ],
      [
       -79.703586,
       35.68446
      ],
      [
       -79.702986,
       35.684724
      ]
     ],
     "type": "LineString"
    },
    "properties": {
     "length_km": 1.31,
     "n_sites": 0,
     "name": null,
     "order": 2,
     "riverKey": null,
     "underground": 0,
     "waterway": "stream"
    },
    "type": "Feature"
   },
   {
    "geometry": {
     "coordinates": [
      [
       -79.70551,
       35.672309
      ],
      [
       -79.706204,
       35.672183
      ],
      [
       -79.707396,
       35.67232
      ],
      [
       -79.708116,
       35.672072
      ],
      [
       -79.710306,
       35.672627
      ],
      [
       -79.711377,
       35.672412
      ],
      [
       -79.711578,
       35.672226
      ],
      [
       -79.712359,
       35.672291
      ],
      [
       -79.71271,
       35.671868
      ],
      [
       -79.713323,
       35.671978
      ],
      [
       -79.714535,
       35.671609
      ],
      [
       -79.715013,
       35.671604
      ]
     ],
     "type": "LineString"
    },
    "properties": {
     "length_km": 0.92,
     "n_sites": 0,
     "name": null,
     "order": 2,
     "riverKey": null,
     "underground": 0,
     "waterway": "stream"
    },
    "type": "Feature"
   },
   {
    "geometry": {
     "coordinates": [
      [
       -79.714119,
       35.678529
      ],
      [
       -79.714584,
       35.677924
      ],
      [
       -79.714178,
       35.673978
      ],
      [
       -79.714555,
       35.673093
      ],
      [
       -79.714609,
       35.67239
      ],
      [
       -79.715013,
       35.671604
      ]
     ],
     "type": "LineString"
    },
    "properties": {
     "length_km": 0.8,
     "n_sites": 0,
     "name": null,
     "order": 2,
     "riverKey": null,
     "underground": 0,
     "waterway": "stream"
    },
    "type": "Feature"
   },
   {
    "geometry": {
     "coordinates": [
      [
       -79.712572,
       35.79906
      ],
      [
       -79.711552,
       35.797103
      ],
      [
       -79.711311,
       35.79607
      ],
      [
       -79.710794,
       35.795425
      ],
      [
       -79.71031,
       35.794403
      ],
      [
       -79.709814,
       35.793751
      ],
      [
       -79.709244,
       35.793341
      ],
      [
       -79.708507,
       35.791888
      ],
      [
       -79.708218,
       35.790736
      ],
      [
       -79.708248,
       35.79008
      ]
     ],
     "type": "LineString"
    },
    "properties": {
     "length_km": 1.09,
     "n_sites": 0,
     "name": null,
     "order": 2,
     "riverKey": null,
     "underground": 0,
     "waterway": "stream"
    },
    "type": "Feature"
   },
   {
    "geometry": {
     "coordinates": [
      [
       -79.705038,
       35.760607
      ],
      [
       -79.706446,
       35.759439
      ],
      [
       -79.70857,
       35.758608
      ],
      [
       -79.7093,
       35.757858
      ],
      [
       -79.709574,
       35.757401
      ],
      [
       -79.70969,
       35.755424
      ],
      [
       -79.710126,
       35.755086
      ],
      [
       -79.710558,
       35.754105
      ],
      [
       -79.711963,
       35.753613
      ],
      [
       -79.712744,
       35.753511
      ],
      [
       -79.713239,
       35.753093
      ]
     ],
     "type": "LineString"
    },
    "properties": {
     "length_km": 1.22,
     "n_sites": 0,
     "name": null,
     "order": 2,
     "riverKey": null,
     "underground": 0,
     "waterway": "stream"
    },
    "type": "Feature"
   },
   {
    "geometry": {
     "coordinates": [
      [
       -79.712203,
       35.801634
      ],
      [
       -79.711621,
       35.80163
      ],
      [
       -79.711077,
       35.801901
      ],
      [
       -79.710641,
       35.801881
      ]
     ],
     "type": "LineString"
    },
    "properties": {
     "length_km": 0.15,
     "n_sites": 0,
     "name": null,
     "order": 2,
     "riverKey": null,
     "underground": 0,
     "waterway": "stream"
    },
    "type": "Feature"
   },
   {
    "geometry": {
     "coordinates": [
      [
       -79.708507,
       35.779922
      ],
      [
       -79.709569,
       35.780497
      ],
      [
       -79.710811,
       35.780851
      ],
      [
       -79.711413,
       35.781295
      ],
      [
       -79.711511,
       35.782914
      ],
      [
       -79.71184,
       35.78427
      ]
     ],
     "type": "LineString"
    },
    "properties": {
     "length_km": 0.64,
     "n_sites": 0,
     "name": null,
     "order": 2,
     "riverKey": null,
     "underground": 0,
     "waterway": "stream"
    },
    "type": "Feature"
   },
   {
    "geometry": {
     "coordinates": [
      [
       -79.709342,
       35.783752
      ],
      [
       -79.711666,
       35.784117
      ],
      [
       -79.711762,
       35.784294
      ]
     ],
     "type": "LineString"
    },
    "properties": {
     "length_km": 0.24,
     "n_sites": 0,
     "name": null,
     "order": 2,
     "riverKey": null,
     "underground": 0,
     "waterway": "stream"
    },
    "type": "Feature"
   },
   {
    "geometry": {
     "coordinates": [
      [
       -79.711403,
       35.803322
      ],
      [
       -79.711092,
       35.802357
      ],
      [
       -79.710641,
       35.801881
      ]
     ],
     "type": "LineString"
    },
    "properties": {
     "length_km": 0.18,
     "n_sites": 0,
     "name": null,
     "order": 2,
     "riverKey": null,
     "underground": 0,
     "waterway": "stream"
    },
    "type": "Feature"
   },
   {
    "geometry": {
     "coordinates": [
      [
       -79.712234,
       35.707282
      ],
      [
       -79.713332,
       35.706281
      ],
      [
       -79.713898,
       35.705913
      ],
      [
       -79.714511,
       35.705759
      ],
      [
       -79.714591,
       35.704358
      ],
      [
       -79.714025,
       35.703056
      ],
      [
       -79.713675,
       35.702682
      ],
      [
       -79.710615,
       35.701023
      ]
     ],
     "type": "LineString"
    },
    "properties": {
     "length_km": 0.97,
     "n_sites": 0,
     "name": null,
     "order": 2,
     "riverKey": null,
     "underground": 0,
     "waterway": "stream"
    },
    "type": "Feature"
   },
   {
    "geometry": {
     "coordinates": [
      [
       -79.710641,
       35.801881
      ],
      [
       -79.709995,
       35.801493
      ],
      [
       -79.709266,
       35.801302
      ],
      [
       -79.707999,
       35.801356
      ],
      [
       -79.707194,
       35.801717
      ]
     ],
     "type": "LineString"
    },
    "properties": {
     "length_km": 0.34,
     "n_sites": 0,
     "name": null,
     "order": 2,
     "riverKey": null,
     "underground": 0,
     "waterway": "stream"
    },
    "type": "Feature"
   },
   {
    "geometry": {
     "coordinates": [
      [
       -79.711144,
       35.656948
      ],
      [
       -79.711641,
       35.655332
      ],
      [
       -79.712159,
       35.654854
      ],
      [
       -79.712402,
       35.654073
      ],
      [
       -79.712725,
       35.653771
      ],
      [
       -79.712697,
       35.652947
      ],
      [
       -79.712953,
       35.652556
      ],
      [
       -79.713014,
       35.651968
      ]
     ],
     "type": "LineString"
    },
    "properties": {
     "length_km": 0.6,
     "n_sites": 0,
     "name": null,
     "order": 2,
     "riverKey": null,
     "underground": 0,
     "waterway": "stream"
    },
    "type": "Feature"
   },
   {
    "geometry": {
     "coordinates": [
      [
       -79.71302,
       35.651083
      ],
      [
       -79.712488,
       35.64977
      ],
      [
       -79.712285,
       35.647506
      ]
     ],
     "type": "LineString"
    },
    "properties": {
     "length_km": 0.41,
     "n_sites": 0,
     "name": null,
     "order": 2,
     "riverKey": null,
     "underground": 0,
     "waterway": "stream"
    },
    "type": "Feature"
   },
   {
    "geometry": {
     "coordinates": [
      [
       -79.71225,
       35.646019
      ],
      [
       -79.71213,
       35.645539
      ],
      [
       -79.711685,
       35.645077
      ],
      [
       -79.70949,
       35.644621
      ],
      [
       -79.709322,
       35.643901
      ],
      [
       -79.708817,
       35.64344
      ],
      [
       -79.708688,
       35.642781
      ],
      [
       -79.708816,
       35.641176
      ],
      [
       -79.708574,
       35.640819
      ],
      [
       -79.70825,
       35.639384
      ],
      [
       -79.7072,
       35.638489
      ],
      [
       -79.706413,
       35.638225
      ],
      [
       -79.705685,
       35.638165
      ]
     ],
     "type": "LineString"
    },
    "properties": {
     "length_km": 1.21,
     "n_sites": 0,
     "name": null,
     "order": 2,
     "riverKey": null,
     "underground": 0,
     "waterway": "stream"
    },
    "type": "Feature"
   },
   {
    "geometry": {
     "coordinates": [
      [
       -79.709008,
       35.80766
      ],
      [
       -79.709004,
       35.807025
      ],
      [
       -79.70871,
       35.806255
      ],
      [
       -79.707394,
       35.805046
      ],
      [
       -79.707108,
       35.803835
      ]
     ],
     "type": "LineString"
    },
    "properties": {
     "length_km": 0.48,
     "n_sites": 0,
     "name": null,
     "order": 2,
     "riverKey": null,
     "underground": 0,
     "waterway": "stream"
    },
    "type": "Feature"
   },
   {
    "geometry": {
     "coordinates": [
      [
       -79.701864,
       35.781442
      ],
      [
       -79.701962,
       35.782095
      ],
      [
       -79.703944,
       35.784359
      ],
      [
       -79.704115,
       35.785118
      ],
      [
       -79.704394,
       35.78538
      ],
      [
       -79.704969,
       35.785754
      ],
      [
       -79.705819,
       35.785817
      ],
      [
       -79.70663,
       35.786242
      ],
      [
       -79.707224,
       35.786285
      ],
      [
       -79.707974,
       35.786667
      ],
      [
       -79.709282,
       35.786636
      ]
     ],
     "type": "LineString"
    },
    "properties": {
     "length_km": 0.99,
     "n_sites": 0,
     "name": null,
     "order": 2,
     "riverKey": null,
     "underground": 0,
     "waterway": "stream"
    },
    "type": "Feature"
   },
   {
    "geometry": {
     "coordinates": [
      [
       -79.709865,
       35.719087
      ],
      [
       -79.708288,
       35.718818
      ],
      [
       -79.706496,
       35.719665
      ],
      [
       -79.707709,
       35.720181
      ],
      [
       -79.708249,
       35.720774
      ],
      [
       -79.708686,
       35.721687
      ],
      [
       -79.709731,
       35.722253
      ]
     ],
     "type": "LineString"
    },
    "properties": {
     "length_km": 0.76,
     "n_sites": 0,
     "name": null,
     "order": 2,
     "riverKey": null,
     "underground": 0,
     "waterway": "stream"
    },
    "type": "Feature"
   },
   {
    "geometry": {
     "coordinates": [
      [
       -79.710422,
       35.681079
      ],
      [
       -79.709324,
       35.681492
      ],
      [
       -79.708812,
       35.682267
      ],
      [
       -79.708449,
       35.68247
      ],
      [
       -79.707466,
       35.682404
      ],
      [
       -79.704535,
       35.681635
      ],
      [
       -79.70366,
       35.681949
      ]
     ],
     "type": "LineString"
    },
    "properties": {
     "length_km": 0.7,
     "n_sites": 0,
     "name": null,
     "order": 2,
     "riverKey": null,
     "underground": 0,
     "waterway": "stream"
    },
    "type": "Feature"
   },
   {
    "geometry": {
     "coordinates": [
      [
       -79.70967,
       35.663631
      ],
      [
       -79.708828,
       35.662603
      ],
      [
       -79.708754,
       35.661834
      ],
      [
       -79.708208,
       35.661109
      ],
      [
       -79.708201,
       35.660707
      ],
      [
       -79.707777,
       35.66002
      ],
      [
       -79.707885,
       35.659465
      ],
      [
       -79.707514,
       35.658817
      ],
      [
       -79.706894,
       35.658218
      ],
      [
       -79.706746,
       35.6573
      ],
      [
       -79.706571,
       35.657174
      ],
      [
       -79.706995,
       35.656883
      ],
      [
       -79.706914,
       35.656569
      ],
      [
       -79.707096,
       35.65635
      ],
      [
       -79.706915,
       35.656212
      ],
      [
       -79.70721,
       35.656014
      ],
      [
       -79.707244,
       35.655794
      ],
      [
       -79.707048,
       35.655025
      ],
      [
       -79.707681,
       35.653997
      ],
      [
       -79.707648,
       35.652354
      ],
      [
       -79.707856,
       35.652118
      ]
     ],
     "type": "LineString"
    },
    "properties": {
     "length_km": 1.43,
     "n_sites": 0,
     "name": null,
     "order": 2,
     "riverKey": null,
     "underground": 0,
     "waterway": "stream"
    },
    "type": "Feature"
   },
   {
    "geometry": {
     "coordinates": [
      [
       -79.709091,
       35.689697
      ],
      [
       -79.708336,
       35.6904
      ],
      [
       -79.708289,
       35.690856
      ],
      [
       -79.708505,
       35.691274
      ],
      [
       -79.708228,
       35.691857
      ],
      [
       -79.708305,
       35.692604
      ]
     ],
     "type": "LineString"
    },
    "properties": {
     "length_km": 0.36,
     "n_sites": 0,
     "name": null,
     "order": 2,
     "riverKey": null,
     "underground": 0,
     "waterway": "stream"
    },
    "type": "Feature"
   },
   {
    "geometry": {
     "coordinates": [
      [
       -79.709203,
       35.654063
      ],
      [
       -79.70892,
       35.654063
      ],
      [
       -79.708712,
       35.653503
      ],
      [
       -79.707944,
       35.652832
      ],
      [
       -79.707991,
       35.652277
      ],
      [
       -79.707856,
       35.652118
      ]
     ],
     "type": "LineString"
    },
    "properties": {
     "length_km": 0.28,
     "n_sites": 0,
     "name": null,
     "order": 2,
     "riverKey": null,
     "underground": 0,
     "waterway": "stream"
    },
    "type": "Feature"
   },
   {
    "geometry": {
     "coordinates": [
      [
       -79.708078,
       35.708563
      ],
      [
       -79.708077,
       35.708003
      ],
      [
       -79.70714,
       35.706151
      ],
      [
       -79.706318,
       35.703442
      ],
      [
       -79.706008,
       35.703108
      ]
     ],
     "type": "LineString"
    },
    "properties": {
     "length_km": 0.64,
     "n_sites": 0,
     "name": null,
     "order": 2,
     "riverKey": null,
     "underground": 0,
     "waterway": "stream"
    },
    "type": "Feature"
   },
   {
    "geometry": {
     "coordinates": [
      [
       -79.707718,
       35.727831
      ],
      [
       -79.707664,
       35.728364
      ],
      [
       -79.707191,
       35.729216
      ],
      [
       -79.706228,
       35.729683
      ],
      [
       -79.705608,
       35.730194
      ],
      [
       -79.705008,
       35.731304
      ]
     ],
     "type": "LineString"
    },
    "properties": {
     "length_km": 0.48,
     "n_sites": 0,
     "name": null,
     "order": 2,
     "riverKey": null,
     "underground": 0,
     "waterway": "stream"
    },
    "type": "Feature"
   },
   {
    "geometry": {
     "coordinates": [
      [
       -79.707503,
       35.737052
      ],
      [
       -79.706964,
       35.737866
      ],
      [
       -79.705683,
       35.738438
      ],
      [
       -79.705353,
       35.738773
      ],
      [
       -79.704424,
       35.739861
      ],
      [
       -79.704464,
       35.740416
      ],
      [
       -79.703749,
       35.74085
      ],
      [
       -79.703419,
       35.741556
      ]
     ],
     "type": "LineString"
    },
    "properties": {
     "length_km": 0.66,
     "n_sites": 0,
     "name": null,
     "order": 2,
     "riverKey": null,
     "underground": 0,
     "waterway": "stream"
    },
    "type": "Feature"
   },
   {
    "geometry": {
     "coordinates": [
      [
       -79.70733,
       35.742724
      ],
      [
       -79.707087,
       35.743999
      ],
      [
       -79.706601,
       35.744603
      ]
     ],
     "type": "LineString"
    },
    "properties": {
     "length_km": 0.22,
     "n_sites": 0,
     "name": null,
     "order": 2,
     "riverKey": null,
     "underground": 0,
     "waterway": "stream"
    },
    "type": "Feature"
   },
   {
    "geometry": {
     "coordinates": [
      [
       -79.707245,
       35.694115
      ],
      [
       -79.707502,
       35.69572
      ],
      [
       -79.707098,
       35.696248
      ],
      [
       -79.705259,
       35.697644
      ],
      [
       -79.704747,
       35.698227
      ],
      [
       -79.704376,
       35.698903
      ],
      [
       -79.704585,
       35.700485
      ]
     ],
     "type": "LineString"
    },
    "properties": {
     "length_km": 0.81,
     "n_sites": 0,
     "name": null,
     "order": 2,
     "riverKey": null,
     "underground": 0,
     "waterway": "stream"
    },
    "type": "Feature"
   },
   {
    "geometry": {
     "coordinates": [
      [
       -79.707856,
       35.652118
      ],
      [
       -79.707748,
       35.651667
      ],
      [
       -79.707896,
       35.651255
      ],
      [
       -79.707674,
       35.650848
      ],
      [
       -79.707909,
       35.650442
      ],
      [
       -79.707708,
       35.649711
      ],
      [
       -79.707054,
       35.648875
      ],
      [
       -79.706644,
       35.64881
      ],
      [
       -79.706226,
       35.648458
      ],
      [
       -79.706098,
       35.64804
      ],
      [
       -79.705633,
       35.647898
      ],
      [
       -79.705781,
       35.647579
      ],
      [
       -79.705667,
       35.647419
      ]
     ],
     "type": "LineString"
    },
    "properties": {
     "length_km": 0.63,
     "n_sites": 0,
     "name": null,
     "order": 2,
     "riverKey": null,
     "underground": 0,
     "waterway": "stream"
    },
    "type": "Feature"
   },
   {
    "geometry": {
     "coordinates": [
      [
       -79.706789,
       35.667769
      ],
      [
       -79.70695,
       35.667324
      ],
      [
       -79.706822,
       35.666626
      ],
      [
       -79.706129,
       35.665736
      ],
      [
       -79.706001,
       35.664917
      ],
      [
       -79.704458,
       35.663879
      ],
      [
       -79.703845,
       35.663637
      ],
      [
       -79.703393,
       35.663121
      ],
      [
       -79.702491,
       35.662769
      ],
      [
       -79.70235,
       35.662577
      ],
      [
       -79.702512,
       35.66206
      ],
      [
       -79.701918,
       35.661807
      ],
      [
       -79.701427,
       35.66122
      ]
     ],
     "type": "LineString"
    },
    "properties": {
     "length_km": 0.97,
     "n_sites": 0,
     "name": null,
     "order": 2,
     "riverKey": null,
     "underground": 0,
     "waterway": "stream"
    },
    "type": "Feature"
   },
   {
    "geometry": {
     "coordinates": [
      [
       -79.707225,
       35.631542
      ],
      [
       -79.706135,
       35.632581
      ],
      [
       -79.705368,
       35.633065
      ],
      [
       -79.705038,
       35.633576
      ],
      [
       -79.70483,
       35.63451
      ],
      [
       -79.703975,
       35.635346
      ],
      [
       -79.703638,
       35.636566
      ],
      [
       -79.702911,
       35.637379
      ]
     ],
     "type": "LineString"
    },
    "properties": {
     "length_km": 0.78,
     "n_sites": 0,
     "name": null,
     "order": 2,
     "riverKey": null,
     "underground": 0,
     "waterway": "stream"
    },
    "type": "Feature"
   }
  ],
  "type": "FeatureCollection"
 },
 "type": "FeatureCollection"
}
