{
 "features": [
  {
   "geometry": {
    "coordinates": [
     -81.672581,
     36.206911
    ],
    "type": "Point"
   },
   "properties": {
    "accumulation": 27256.0,
    "bank_slope_deg": 2.8,
    "bank_slope_score": 1.0,
    "beach_dist_km": 416.76,
    "bridge_proximity_bonus": 0.0,
    "catchment_area_km2": 2.7196,
    "channel_width_m": 4.73,
    "channel_width_score": 1.0,
    "composite_score": 58.0837,
    "cso_density": 0.0,
    "dem_lat": 36.206891,
    "dem_lon": -81.672626,
    "ej_index": 0.7231,
    "elevation_m": 954.693,
    "estuary_dist_km": 524.12,
    "feasibility_score": 60.0,
    "flood_q10_cfs": null,
    "flow_score": 27.533,
    "flow_velocity_ms": 0.1508,
    "generation_score": 76.0253,
    "impact_score": 64.6427,
    "impervious_pct": 22.63,
    "land_ownership": 0.5,
    "lat": 36.2069,
    "litter_complaint_density": 0.0,
    "lon": -81.6726,
    "npdes_points": 0,
    "pixel_col": 386.0,
    "pixel_row": 528.0,
    "population_density": 1234.5,
    "position_along": 0.5,
    "protected_area_score": 0.0,
    "rank": 1,
    "river_name": "Boone Creek",
    "road_access_m": 161.4,
    "road_access_score": 1.0,
    "road_density_km_km2": 7.435,
    "robustness_pct": 95.0,
    "runoff_coeff_C": 0.2537,
    "seasonal_cv": 0.7614,
    "segment_id": 8,
    "segment_length_m": 1457.629,
    "snap_dist_m": 4.6,
    "stream_order": 3,
    "superfund_score": 0.0,
    "tourism_amenity_density": 45.0408,
    "tri_facility_density": 0.7354,
    "usgs_mean_q_cfs": 7.0,
    "velocity_feasibility": 0.7,
    "water_intake_score": 0.0
   },
   "type": "Feature"
  },
  {
   "geometry": {
    "coordinates": [
     -81.665936,
     36.202706
    ],
    "type": "Point"
   },
   "properties": {
    "accumulation": 74027.0,
    "bank_slope_deg": 2.12,
    "bank_slope_score": 1.0,
    "beach_dist_km": 416.0,
    "bridge_proximity_bonus": 0.0,
    "catchment_area_km2": 7.3864,
    "channel_width_m": 7.15,
    "channel_width_score": 1.0,
    "composite_score": 50.8512,
    "cso_density": 0.0,
    "ej_index": 0.7162,
    "elevation_m": 950.926,
    "estuary_dist_km": 523.43,
    "feasibility_score": 60.0,
    "flood_q10_cfs": null,
    "flow_score": 29.4213,
    "flow_velocity_ms": 0.141,
    "generation_score": 52.7707,
    "impact_score": 62.2156,
    "impervious_pct": 19.65,
    "land_ownership": 0.5,
    "lat": 36.2027,
    "litter_complaint_density": 0.0,
    "lon": -81.6659,
    "npdes_points": 0,
    "pixel_col": 446.0,
    "pixel_row": 574.0,
    "population_density": 772.5,
    "position_along": 0.5,
    "protected_area_score": 0.0,
    "rank": 2,
    "river_name": "Boone Creek",
    "road_access_m": 123.0,
    "road_access_score": 1.0,
    "road_density_km_km2": 5.679,
    "robustness_pct": 86.5,
    "runoff_coeff_C": 0.2268,
    "seasonal_cv": 0.7223,
    "segment_id": 11,
    "segment_length_m": 401.6884,
    "stream_order": 3,
    "superfund_score": 0.0,
    "tourism_amenity_density": 28.7275,
    "tri_facility_density": 0.4062,
    "usgs_mean_q_cfs": 11.062,
    "velocity_feasibility": 0.7,
    "water_intake_score": 0.0
   },
   "type": "Feature"
  },
  {
   "geometry": {
    "coordinates": [
     -81.639832,
     36.22056
    ],
    "type": "Point"
   },
   "properties": {
    "accumulation": 403467.0,
    "bank_slope_deg": 10.86,
    "bank_slope_score": 1.0,
    "beach_dist_km": 415.03,
    "bridge_proximity_bonus": 0.2,
    "catchment_area_km2": 40.2577,
    "channel_width_m": 14.46,
    "channel_width_score": 1.0,
    "composite_score": 50.5707,
    "cso_density": 0.0,
    "dem_lat": 36.220555,
    "dem_lon": -81.639842,
    "ej_index": 0.5343,
    "elevation_m": 936.7234,
    "estuary_dist_km": 521.58,
    "feasibility_score": 73.3333,
    "flood_q10_cfs": null,
    "flow_score": 60.0418,
    "flow_velocity_ms": 0.2382,
    "generation_score": 33.4433,
    "impact_score": 48.4242,
    "impervious_pct": 7.38,
    "land_ownership": 0.5,
    "lat": 36.2206,
    "litter_complaint_density": 0.0,
    "lon": -81.6398,
    "npdes_points": 5,
    "pixel_col": 680.0,
    "pixel_row": 375.0,
    "population_density": 280.1,
    "position_along": 0.1,
    "protected_area_score": 0.0,
    "rank": 3,
    "river_name": "South Fork New River",
    "road_access_m": 47.7,
    "road_access_score": 1.0,
    "road_density_km_km2": 3.669,
    "robustness_pct": 76.5,
    "runoff_coeff_C": 0.1164,
    "seasonal_cv": 0.5251,
    "segment_id": 23,
    "segment_length_m": 7952.0208,
    "snap_dist_m": 1.0,
    "stream_order": 3,
    "superfund_score": 0.0,
    "tourism_amenity_density": 4.2972,
    "tri_facility_density": 0.0745,
    "usgs_mean_q_cfs": 92.046,
    "velocity_feasibility": 0.7,
    "water_intake_score": 0.0
   },
   "type": "Feature"
  },
  {
   "geometry": {
    "coordinates": [
     -81.652569,
     36.215279
    ],
    "type": "Point"
   },
   "properties": {
    "accumulation": 34629.0,
    "bank_slope_deg": 4.53,
    "bank_slope_score": 1.0,
    "beach_dist_km": 415.71,
    "bridge_proximity_bonus": 0.0,
    "catchment_area_km2": 3.4553,
    "channel_width_m": 5.22,
    "channel_width_score": 1.0,
    "composite_score": 48.4804,
    "cso_density": 0.0,
    "dem_lat": 36.215235,
    "dem_lon": -81.652742,
    "ej_index": 0.8556,
    "elevation_m": 947.8137,
    "estuary_dist_km": 522.58,
    "feasibility_score": 60.0,
    "flood_q10_cfs": null,
    "flow_score": 27.0263,
    "flow_velocity_ms": 0.196,
    "generation_score": 41.2321,
    "impact_score": 67.8473,
    "impervious_pct": 18.38,
    "land_ownership": 0.5,
    "lat": 36.2152,
    "litter_complaint_density": 0.0,
    "lon": -81.6527,
    "npdes_points": 0,
    "pixel_col": 565.0,
    "pixel_row": 437.0,
    "population_density": 413.8,
    "position_along": 0.5,
    "protected_area_score": 0.0,
    "rank": 4,
    "river_name": "Hardin Creek",
    "road_access_m": 137.7,
    "road_access_score": 1.0,
    "road_density_km_km2": 4.919,
    "robustness_pct": 48.0,
    "runoff_coeff_C": 0.2154,
    "seasonal_cv": 0.8135,
    "segment_id": 6,
    "segment_length_m": 1709.4829,
    "snap_dist_m": 16.3,
    "stream_order": 3,
    "superfund_score": 0.0,
    "tourism_amenity_density": 8.3556,
    "tri_facility_density": 0.2894,
    "usgs_mean_q_cfs": 3.993,
    "velocity_feasibility": 0.7,
    "water_intake_score": 0.0
   },
   "type": "Feature"
  },
  {
   "geometry": {
    "coordinates": [
     -81.679068,
     36.201933
    ],
    "type": "Point"
   },
   "properties": {
    "accumulation": 31601.0,
    "bank_slope_deg": 4.67,
    "bank_slope_score": 1.0,
    "beach_dist_km": 416.97,
    "bridge_proximity_bonus": 0.0,
    "catchment_area_km2": 3.1531,
    "channel_width_m": 5.02,
    "channel_width_score": 1.0,
    "composite_score": 48.2499,
    "cso_density": 0.0,
    "ej_index": 0.6867,
    "elevation_m": 962.2147,
    "estuary_dist_km": 524.56,
    "feasibility_score": 60.0,
    "flood_q10_cfs": null,
    "flow_score": 25.0537,
    "flow_velocity_ms": 0.1808,
    "generation_score": 52.1009,
    "impact_score": 57.8541,
    "impervious_pct": 12.73,
    "land_ownership": 0.5,
    "lat": 36.2019,
    "litter_complaint_density": 0.0,
    "lon": -81.6791,
    "npdes_points": 0,
    "pixel_col": 328.0,
    "pixel_row": 583.0,
    "population_density": 820.6,
    "position_along": 0.5,
    "protected_area_score": 0.0,
    "rank": 5,
    "river_name": "Hodges Creek",
    "road_access_m": 164.5,
    "road_access_score": 1.0,
    "road_density_km_km2": 5.257,
    "robustness_pct": 52.5,
    "runoff_coeff_C": 0.1646,
    "seasonal_cv": 0.8073,
    "segment_id": 10,
    "segment_length_m": 2501.0351,
    "stream_order": 3,
    "superfund_score": 0.0,
    "tourism_amenity_density": 40.3458,
    "tri_facility_density": 0.6343,
    "usgs_mean_q_cfs": 4.041,
    "velocity_feasibility": 0.7,
    "water_intake_score": 0.0
   },
   "type": "Feature"
  },
  {
   "geometry": {
    "coordinates": [
     -81.645008,
     36.214782
    ],
    "type": "Point"
   },
   "properties": {
    "accumulation": 357978.0,
    "bank_slope_deg": 6.35,
    "bank_slope_score": 1.0,
    "beach_dist_km": 415.09,
    "bridge_proximity_bonus": 0.0,
    "catchment_area_km2": 35.7189,
    "channel_width_m": 13.76,
    "channel_width_score": 1.0,
    "composite_score": 47.6641,
    "cso_density": 0.0,
    "dem_lat": 36.214784,
    "dem_lon": -81.645009,
    "ej_index": 0.592,
    "elevation_m": 938.2316,
    "estuary_dist_km": 521.89,
    "feasibility_score": 60.0,
    "flood_q10_cfs": null,
    "flow_score": 52.6353,
    "flow_velocity_ms": 0.1186,
    "generation_score": 32.7483,
    "impact_score": 52.2693,
    "impervious_pct": 7.21,
    "land_ownership": 0.5,
    "lat": 36.2148,
    "litter_complaint_density": 0.0,
    "lon": -81.645,
    "npdes_points": 4,
    "pixel_col": 636.0,
    "pixel_row": 440.0,
    "population_density": 367.4,
    "position_along": 0.5,
    "protected_area_score": 0.0,
    "rank": 6,
    "river_name": "South Fork New River",
    "road_access_m": 126.5,
    "road_access_score": 1.0,
    "road_density_km_km2": 4.292,
    "robustness_pct": 42.5,
    "runoff_coeff_C": 0.1149,
    "seasonal_cv": 0.5259,
    "segment_id": 22,
    "segment_length_m": 1043.4061,
    "snap_dist_m": 0.3,
    "stream_order": 3,
    "superfund_score": 0.0,
    "tourism_amenity_density": 6.5254,
    "tri_facility_density": 0.084,
    "usgs_mean_q_cfs": 84.78,
    "velocity_feasibility": 0.7,
    "water_intake_score": 0.0
   },
   "type": "Feature"
  },
  {
   "geometry": {
    "coordinates": [
     -81.68663,
     36.218528
    ],
    "type": "Point"
   },
   "properties": {
    "accumulation": 20594.0,
    "bank_slope_deg": 3.44,
    "bank_slope_score": 1.0,
    "beach_dist_km": 418.5,
    "bridge_proximity_bonus": 0.0,
    "catchment_area_km2": 2.0549,
    "channel_width_m": 4.21,
    "channel_width_score": 1.0,
    "composite_score": 47.4889,
    "cso_density": 0.0,
    "ej_index": 0.7927,
    "elevation_m": 983.3601,
    "estuary_dist_km": 525.63,
    "feasibility_score": 60.0,
    "flood_q10_cfs": null,
    "flow_score": 11.3865,
    "flow_velocity_ms": 0.2095,
    "generation_score": 61.1709,
    "impact_score": 57.6366,
    "impervious_pct": 19.59,
    "land_ownership": 0.5,
    "lat": 36.2185,
    "litter_complaint_density": 0.0,
    "lon": -81.6866,
    "npdes_points": 1,
    "pixel_col": 261.0,
    "pixel_row": 398.0,
    "population_density": 1681.9,
    "position_along": 0.5,
    "protected_area_score": 0.0,
    "rank": 7,
    "river_name": "Boone Creek",
    "road_access_m": 17.4,
    "road_access_score": 1.0,
    "road_density_km_km2": 8.731,
    "robustness_pct": 38.0,
    "runoff_coeff_C": 0.2263,
    "seasonal_cv": 0.7969,
    "segment_id": 5,
    "segment_length_m": 454.7669,
    "stream_order": 1,
    "superfund_score": 0.0,
    "tourism_amenity_density": 41.8578,
    "tri_facility_density": 0.0,
    "usgs_mean_q_cfs": 4.282,
    "velocity_feasibility": 0.7,
    "water_intake_score": 0.0
   },
   "type": "Feature"
  },
  {
   "geometry": {
    "coordinates": [
     -81.654104,
     36.211504
    ],
    "type": "Point"
   },
   "properties": {
    "accumulation": 315004.0,
    "bank_slope_deg": 5.43,
    "bank_slope_score": 1.0,
    "beach_dist_km": 415.6,
    "bridge_proximity_bonus": 0.0,
    "catchment_area_km2": 31.4309,
    "channel_width_m": 13.05,
    "channel_width_score": 1.0,
    "composite_score": 46.4552,
    "cso_density": 0.0,
    "dem_lat": 36.211498,
    "dem_lon": -81.654109,
    "ej_index": 0.6647,
    "elevation_m": 940.5461,
    "estuary_dist_km": 522.61,
    "feasibility_score": 43.3333,
    "flood_q10_cfs": null,
    "flow_score": 49.3571,
    "flow_velocity_ms": 0.089,
    "generation_score": 36.5156,
    "impact_score": 55.5374,
    "impervious_pct": 6.63,
    "land_ownership": 0.5,
    "lat": 36.2115,
    "litter_complaint_density": 0.0,
    "lon": -81.6541,
    "npdes_points": 4,
    "pixel_col": 553.0,
    "pixel_row": 478.0,
    "population_density": 496.6,
    "position_along": 0.5,
    "protected_area_score": 0.0,
    "rank": 8,
    "river_name": "South Fork New River",
    "road_access_m": 308.7,
    "road_access_score": 0.8,
    "road_density_km_km2": 5.027,
    "robustness_pct": 27.0,
    "runoff_coeff_C": 0.1097,
    "seasonal_cv": 0.5257,
    "segment_id": 21,
    "segment_length_m": 2709.2114,
    "snap_dist_m": 0.8,
    "stream_order": 3,
    "superfund_score": 0.0,
    "tourism_amenity_density": 11.6183,
    "tri_facility_density": 0.1273,
    "usgs_mean_q_cfs": 80.723,
    "velocity_feasibility": 0.7,
    "water_intake_score": 0.0
   },
   "type": "Feature"
  },
  {
   "geometry": {
    "coordinates": [
     -81.657668,
     36.200114
    ],
    "type": "Point"
   },
   "properties": {
    "accumulation": 168777.0,
    "bank_slope_deg": 6.23,
    "bank_slope_score": 1.0,
    "beach_dist_km": 415.22,
    "bridge_proximity_bonus": 0.0,
    "catchment_area_km2": 16.8405,
    "channel_width_m": 10.07,
    "channel_width_score": 1.0,
    "composite_score": 45.4143,
    "cso_density": 0.0,
    "dem_lat": 36.200126,
    "dem_lon": -81.657676,
    "ej_index": 0.68,
    "elevation_m": 945.7366,
    "estuary_dist_km": 522.64,
    "feasibility_score": 60.0,
    "flood_q10_cfs": null,
    "flow_score": 35.7973,
    "flow_velocity_ms": 0.1335,
    "generation_score": 35.4839,
    "impact_score": 56.0659,
    "impervious_pct": 11.44,
    "land_ownership": 0.5,
    "lat": 36.2001,
    "litter_complaint_density": 0.0,
    "lon": -81.6577,
    "npdes_points": 1,
    "pixel_col": 521.0,
    "pixel_row": 602.0,
    "population_density": 533.3,
    "position_along": 0.5,
    "protected_area_score": 0.0,
    "rank": 9,
    "river_name": "Winkler Creek",
    "road_access_m": 154.4,
    "road_access_score": 1.0,
    "road_density_km_km2": 5.411,
    "robustness_pct": 0.0,
    "runoff_coeff_C": 0.153,
    "seasonal_cv": 0.5901,
    "segment_id": 18,
    "segment_length_m": 1925.8125,
    "snap_dist_m": 1.6,
    "stream_order": 3,
    "superfund_score": 0.0,
    "tourism_amenity_density": 7.5599,
    "tri_facility_density": 0.1781,
    "usgs_mean_q_cfs": 28.977,
    "velocity_feasibility": 0.7,
    "water_intake_score": 0.0
   },
   "type": "Feature"
  },
  {
   "geometry": {
    "coordinates": [
     -81.649422,
     36.203809
    ],
    "type": "Point"
   },
   "properties": {
    "accumulation": 129478.0,
    "bank_slope_deg": 7.26,
    "bank_slope_score": 1.0,
    "beach_dist_km": 414.8,
    "bridge_proximity_bonus": 0.0,
    "catchment_area_km2": 12.9192,
    "channel_width_m": 9.02,
    "channel_width_score": 1.0,
    "composite_score": 45.0703,
    "cso_density": 0.0,
    "dem_lat": 36.203811,
    "dem_lon": -81.649484,
    "ej_index": 0.7024,
    "elevation_m": 943.4313,
    "estuary_dist_km": 522.02,
    "feasibility_score": 60.0,
    "flood_q10_cfs": null,
    "flow_score": 41.3697,
    "flow_velocity_ms": 0.2325,
    "generation_score": 24.9318,
    "impact_score": 60.8277,
    "impervious_pct": 3.94,
    "land_ownership": 0.5,
    "lat": 36.2038,
    "litter_complaint_density": 0.0,
    "lon": -81.6495,
    "npdes_points": 1,
    "pixel_col": 594.0,
    "pixel_row": 560.0,
    "population_density": 445.2,
    "position_along": 0.5,
    "protected_area_score": 0.0,
    "rank": 10,
    "river_name": "Middle Fork New River",
    "road_access_m": 131.0,
    "road_access_score": 1.0,
    "road_density_km_km2": 5.383,
    "robustness_pct": 10.0,
    "runoff_coeff_C": 0.0855,
    "seasonal_cv": 0.5461,
    "segment_id": 20,
    "segment_length_m": 192.924,
    "snap_dist_m": 5.6,
    "stream_order": 3,
    "superfund_score": 0.0,
    "tourism_amenity_density": 6.6845,
    "tri_facility_density": 0.1548,
    "usgs_mean_q_cfs": 51.765,
    "velocity_feasibility": 0.7,
    "water_intake_score": 0.0
   },
   "type": "Feature"
  },
  {
   "geometry": {
    "coordinates": [
     -81.636962,
     36.228726
    ],
    "type": "Point"
   },
   "properties": {
    "accumulation": 416936.0,
    "bank_slope_deg": 6.56,
    "bank_slope_score": 1.0,
    "beach_dist_km": 415.29,
    "bridge_proximity_bonus": 0.0,
    "catchment_area_km2": 41.6017,
    "channel_width_m": 14.66,
    "channel_width_score": 1.0,
    "composite_score": 43.2254,
    "cso_density": 0.0,
    "dem_lat": 36.228624,
    "dem_lon": -81.63704,
    "ej_index": 0.5009,
    "elevation_m": 935.0869,
    "estuary_dist_km": 521.54,
    "feasibility_score": 43.3333,
    "flood_q10_cfs": null,
    "flow_score": 57.3101,
    "flow_velocity_ms": 0.1548,
    "generation_score": 29.9675,
    "impact_score": 44.6919,
    "impervious_pct": 7.38,
    "land_ownership": 0.5,
    "lat": 36.2286,
    "litter_complaint_density": 0.0,
    "lon": -81.637,
    "npdes_points": 5,
    "pixel_col": 708.0,
    "pixel_row": 289.0,
    "population_density": 191.6,
    "position_along": 0.3,
    "protected_area_score": 0.0,
    "rank": 11,
    "river_name": "South Fork New River",
    "road_access_m": 412.3,
    "road_access_score": 0.8,
    "road_density_km_km2": 2.828,
    "robustness_pct": 7.5,
    "runoff_coeff_C": 0.1164,
    "seasonal_cv": 0.5251,
    "segment_id": 23,
    "segment_length_m": 7952.0208,
    "snap_dist_m": 13.3,
    "stream_order": 3,
    "superfund_score": 0.0,
    "tourism_amenity_density": 2.7852,
    "tri_facility_density": 0.0481,
    "usgs_mean_q_cfs": 92.046,
    "velocity_feasibility": 0.7,
    "water_intake_score": 0.0
   },
   "type": "Feature"
  },
  {
   "geometry": {
    "coordinates": [
     -81.673343,
     36.198665
    ],
    "type": "Point"
   },
   "properties": {
    "accumulation": 76596.0,
    "bank_slope_deg": 5.73,
    "bank_slope_score": 1.0,
    "beach_dist_km": 416.35,
    "bridge_proximity_bonus": 0.0,
    "catchment_area_km2": 7.6427,
    "channel_width_m": 7.26,
    "channel_width_score": 1.0,
    "composite_score": 42.6039,
    "cso_density": 0.0,
    "dem_lat": 36.198699,
    "dem_lon": -81.673428,
    "ej_index": 0.6686,
    "elevation_m": 956.9688,
    "estuary_dist_km": 523.99,
    "feasibility_score": 60.0,
    "flood_q10_cfs": null,
    "flow_score": 31.3633,
    "flow_velocity_ms": 0.2278,
    "generation_score": 29.7615,
    "impact_score": 56.1153,
    "impervious_pct": 1.63,
    "land_ownership": 0.5,
    "lat": 36.1987,
    "litter_complaint_density": 0.0,
    "lon": -81.6734,
    "npdes_points": 0,
    "pixel_col": 379.0,
    "pixel_row": 615.0,
    "population_density": 685.4,
    "position_along": 0.5,
    "protected_area_score": 0.0,
    "rank": 12,
    "river_name": "Winkler Creek",
    "road_access_m": 131.7,
    "road_access_score": 1.0,
    "road_density_km_km2": 5.125,
    "robustness_pct": 0.0,
    "runoff_coeff_C": 0.0647,
    "seasonal_cv": 0.5834,
    "segment_id": 17,
    "segment_length_m": 1946.3785,
    "snap_dist_m": 8.5,
    "stream_order": 3,
    "superfund_score": 0.0,
    "tourism_amenity_density": 29.762,
    "tri_facility_density": 0.3925,
    "usgs_mean_q_cfs": 16.678,
    "velocity_feasibility": 0.7,
    "water_intake_score": 0.0
   },
   "type": "Feature"
  },
  {
   "geometry": {
    "coordinates": [
     -81.657633,
     36.189048
    ],
    "type": "Point"
   },
   "properties": {
    "accumulation": 24007.0,
    "bank_slope_deg": 4.59,
    "bank_slope_score": 1.0,
    "beach_dist_km": 414.59,
    "bridge_proximity_bonus": 0.0,
    "catchment_area_km2": 2.3954,
    "channel_width_m": 4.48,
    "channel_width_score": 1.0,
    "composite_score": 41.0158,
    "cso_density": 0.0,
    "dem_lat": 36.189027,
    "dem_lon": -81.657666,
    "ej_index": 0.6078,
    "elevation_m": 961.3126,
    "estuary_dist_km": 522.38,
    "feasibility_score": 70.0,
    "flood_q10_cfs": null,
    "flow_score": 46.6424,
    "flow_velocity_ms": 0.5,
    "generation_score": 10.43,
    "impact_score": 52.4206,
    "impervious_pct": null,
    "land_ownership": 0.5,
    "lat": 36.189,
    "litter_complaint_density": 0.0,
    "lon": -81.6577,
    "npdes_points": 0,
    "pixel_col": 517.0,
    "pixel_row": 724.0,
    "population_density": 438.3,
    "position_along": 0.25,
    "protected_area_score": 0.0,
    "rank": 13,
    "river_name": "Middle Fork South Fork New River",
    "road_access_m": 203.4,
    "road_access_score": 0.8,
    "road_density_km_km2": 4.148,
    "robustness_pct": 2.5,
    "runoff_coeff_C": null,
    "seasonal_cv": null,
    "segment_id": 19,
    "segment_length_m": 3079.5131,
    "snap_dist_m": 3.7,
    "stream_order": 3,
    "superfund_score": 0.0,
    "tourism_amenity_density": 4.4563,
    "tri_facility_density": 0.0,
    "usgs_mean_q_cfs": null,
    "velocity_feasibility": 1.0,
    "water_intake_score": 0.0
   },
   "type": "Feature"
  },
  {
   "geometry": {
    "coordinates": [
     -81.649714,
     36.197963
    ],
    "type": "Point"
   },
   "properties": {
    "accumulation": 40389.0,
    "bank_slope_deg": 3.51,
    "bank_slope_score": 1.0,
    "beach_dist_km": 414.49,
    "bridge_proximity_bonus": 0.0,
    "catchment_area_km2": 4.03,
    "channel_width_m": 5.56,
    "channel_width_score": 1.0,
    "composite_score": 38.6629,
    "cso_density": 0.0,
    "ej_index": 0.5881,
    "elevation_m": 946.8205,
    "estuary_dist_km": 521.9,
    "feasibility_score": 60.0,
    "flood_q10_cfs": null,
    "flow_score": 31.3093,
    "flow_velocity_ms": 0.1507,
    "generation_score": 17.8655,
    "impact_score": 54.9197,
    "impervious_pct": 4.58,
    "land_ownership": 0.5,
    "lat": 36.198,
    "litter_complaint_density": 0.0,
    "lon": -81.6497,
    "npdes_points": 0,
    "pixel_col": 591.0,
    "pixel_row": 625.0,
    "population_density": 466.7,
    "position_along": 0.75,
    "protected_area_score": 0.0,
    "rank": 14,
    "river_name": "Middle Fork South Fork New River",
    "road_access_m": 70.1,
    "road_access_score": 1.0,
    "road_density_km_km2": 5.279,
    "robustness_pct": 0.0,
    "runoff_coeff_C": 0.0912,
    "seasonal_cv": 0.5695,
    "segment_id": 19,
    "segment_length_m": 3079.5131,
    "stream_order": 3,
    "superfund_score": 0.0,
    "tourism_amenity_density": 9.1514,
    "tri_facility_density": 0.0,
    "usgs_mean_q_cfs": 32.716,
    "velocity_feasibility": 0.7,
    "water_intake_score": 0.0
   },
   "type": "Feature"
  },
  {
   "geometry": {
    "coordinates": [
     -81.627712,
     36.2494
    ],
    "type": "Point"
   },
   "properties": {
    "accumulation": 632707.0,
    "bank_slope_deg": 3.85,
    "bank_slope_score": 1.0,
    "beach_dist_km": 415.79,
    "bridge_proximity_bonus": 0.0,
    "catchment_area_km2": 63.1312,
    "channel_width_m": 17.43,
    "channel_width_score": 0.5,
    "composite_score": 38.0413,
    "cso_density": 0.0,
    "dem_lat": 36.249425,
    "dem_lon": -81.627696,
    "ej_index": 0.3977,
    "elevation_m": 925.9485,
    "estuary_dist_km": 521.24,
    "feasibility_score": 16.6667,
    "flood_q10_cfs": null,
    "flow_score": 76.3499,
    "flow_velocity_ms": 0.2644,
    "generation_score": 19.2707,
    "impact_score": 35.5753,
    "impervious_pct": 5.62,
    "land_ownership": 0.5,
    "lat": 36.2494,
    "litter_complaint_density": 0.0,
    "lon": -81.6277,
    "npdes_points": 4,
    "pixel_col": 794.0,
    "pixel_row": 58.0,
    "population_density": 90.6,
    "position_along": 0.5,
    "protected_area_score": 0.0,
    "rank": 15,
    "river_name": "South Fork New River",
    "road_access_m": 352.1,
    "road_access_score": 0.8,
    "road_density_km_km2": 1.193,
    "robustness_pct": 11.0,
    "runoff_coeff_C": 0.1006,
    "seasonal_cv": 0.5047,
    "segment_id": 24,
    "segment_length_m": 2545.1285,
    "snap_dist_m": 3.2,
    "stream_order": 3,
    "superfund_score": 0.0,
    "tourism_amenity_density": 0.1592,
    "tri_facility_density": 0.0,
    "usgs_mean_q_cfs": 130.093,
    "velocity_feasibility": 0.7,
    "water_intake_score": 0.0
   },
   "type": "Feature"
  },
  {
   "geometry": {
    "coordinates": [
     -81.63537,
     36.212859
    ],
    "type": "Point"
   },
   "properties": {
    "accumulation": 28220.0,
    "bank_slope_deg": 4.75,
    "bank_slope_score": 1.0,
    "beach_dist_km": 414.24,
    "bridge_proximity_bonus": 0.0,
    "catchment_area_km2": 2.8158,
    "channel_width_m": 4.79,
    "channel_width_score": 1.0,
    "composite_score": 37.3428,
    "cso_density": 0.0,
    "dem_lat": 36.212855,
    "dem_lon": -81.635372,
    "ej_index": 0.6347,
    "elevation_m": 943.3875,
    "estuary_dist_km": 521.0,
    "feasibility_score": 60.0,
    "flood_q10_cfs": null,
    "flow_score": 22.4951,
    "flow_velocity_ms": 0.1544,
    "generation_score": 15.1208,
    "impact_score": 60.6093,
    "impervious_pct": 4.39,
    "land_ownership": 0.5,
    "lat": 36.2129,
    "litter_complaint_density": 0.0,
    "lon": -81.6354,
    "npdes_points": 0,
    "pixel_col": 718.0,
    "pixel_row": 463.0,
    "population_density": 248.1,
    "position_along": 0.5,
    "protected_area_score": 0.0,
    "rank": 16,
    "river_name": "Mutton Creek",
    "road_access_m": 76.0,
    "road_access_score": 1.0,
    "road_density_km_km2": 5.674,
    "robustness_pct": 0.0,
    "runoff_coeff_C": 0.0895,
    "seasonal_cv": 0.7807,
    "segment_id": 9,
    "segment_length_m": 1164.3995,
    "snap_dist_m": 0.4,
    "stream_order": 3,
    "superfund_score": 0.0,
    "tourism_amenity_density": 5.1725,
    "tri_facility_density": 0.0,
    "usgs_mean_q_cfs": 4.955,
    "velocity_feasibility": 0.7,
    "water_intake_score": 0.0
   },
   "type": "Feature"
  },
  {
   "geometry": {
    "coordinates": [
     -81.64375,
     36.199833
    ],
    "type": "Point"
   },
   "properties": {
    "accumulation": 67720.0,
    "bank_slope_deg": 2.5,
    "bank_slope_score": 1.0,
    "beach_dist_km": 414.14,
    "bridge_proximity_bonus": 0.0,
    "catchment_area_km2": 6.7571,
    "channel_width_m": 6.89,
    "channel_width_score": 1.0,
    "composite_score": 36.7251,
    "cso_density": 0.0,
    "dem_lat": 36.199825,
    "dem_lon": -81.643785,
    "ej_index": 0.658,
    "elevation_m": 946.3046,
    "estuary_dist_km": 521.42,
    "feasibility_score": 43.3333,
    "flood_q10_cfs": null,
    "flow_score": 28.4236,
    "flow_velocity_ms": 0.1433,
    "generation_score": 13.716,
    "impact_score": 63.3482,
    "impervious_pct": 2.89,
    "land_ownership": 0.5,
    "lat": 36.1998,
    "litter_complaint_density": 0.0,
    "lon": -81.6438,
    "npdes_points": 0,
    "pixel_col": 643.0,
    "pixel_row": 605.0,
    "population_density": 374.0,
    "position_along": 0.75,
    "protected_area_score": 0.0,
    "rank": 17,
    "river_name": "East Fork New River",
    "road_access_m": 210.7,
    "road_access_score": 0.8,
    "road_density_km_km2": 4.73,
    "robustness_pct": 0.5,
    "runoff_coeff_C": 0.076,
    "seasonal_cv": 0.6146,
    "segment_id": 15,
    "segment_length_m": 3041.5651,
    "snap_dist_m": 3.3,
    "stream_order": 3,
    "superfund_score": 0.0,
    "tourism_amenity_density": 10.5042,
    "tri_facility_density": 0.0,
    "usgs_mean_q_cfs": 19.958,
    "velocity_feasibility": 0.7,
    "water_intake_score": 0.0
   },
   "type": "Feature"
  },
  {
   "geometry": {
    "coordinates": [
     -81.629231,
     36.236557
    ],
    "type": "Point"
   },
   "properties": {
    "accumulation": 457586.0,
    "bank_slope_deg": 4.63,
    "bank_slope_score": 1.0,
    "beach_dist_km": 415.16,
    "bridge_proximity_bonus": 0.0,
    "catchment_area_km2": 45.6577,
    "channel_width_m": 15.24,
    "channel_width_score": 0.5,
    "composite_score": 36.6608,
    "cso_density": 0.0,
    "dem_lat": 36.236572,
    "dem_lon": -81.629231,
    "ej_index": 0.4332,
    "elevation_m": 930.2378,
    "estuary_dist_km": 521.05,
    "feasibility_score": 16.6667,
    "flood_q10_cfs": null,
    "flow_score": 59.9991,
    "flow_velocity_ms": 0.159,
    "generation_score": 22.7035,
    "impact_score": 41.1666,
    "impervious_pct": 7.18,
    "land_ownership": 0.5,
    "lat": 36.2366,
    "litter_complaint_density": 0.0,
    "lon": -81.6292,
    "npdes_points": 4,
    "pixel_col": 779.0,
    "pixel_row": 200.0,
    "population_density": 126.7,
    "position_along": 0.7,
    "protected_area_score": 0.0,
    "rank": 18,
    "river_name": "South Fork New River",
    "road_access_m": 223.3,
    "road_access_score": 0.8,
    "road_density_km_km2": 1.897,
    "robustness_pct": 1.0,
    "runoff_coeff_C": 0.1146,
    "seasonal_cv": 0.524,
    "segment_id": 23,
    "segment_length_m": 7952.0208,
    "snap_dist_m": 1.7,
    "stream_order": 3,
    "superfund_score": 0.0,
    "tourism_amenity_density": 1.0345,
    "tri_facility_density": 0.0,
    "usgs_mean_q_cfs": 98.092,
    "velocity_feasibility": 0.7,
    "water_intake_score": 0.0
   },
   "type": "Feature"
  },
  {
   "geometry": {
    "coordinates": [
     -81.637133,
     36.233632
    ],
    "type": "Point"
   },
   "properties": {
    "accumulation": 448935.0,
    "bank_slope_deg": 10.3,
    "bank_slope_score": 1.0,
    "beach_dist_km": 415.59,
    "bridge_proximity_bonus": 0.0,
    "catchment_area_km2": 44.7945,
    "channel_width_m": 15.12,
    "channel_width_score": 0.5,
    "composite_score": 35.8962,
    "cso_density": 0.0,
    "dem_lat": 36.233627,
    "dem_lon": -81.637143,
    "ej_index": 0.4836,
    "elevation_m": 932.2421,
    "estuary_dist_km": 521.67,
    "feasibility_score": 0.0,
    "flood_q10_cfs": null,
    "flow_score": 60.4679,
    "flow_velocity_ms": 0.1804,
    "generation_score": 27.8211,
    "impact_score": 41.4431,
    "impervious_pct": 7.18,
    "land_ownership": 0.5,
    "lat": 36.2336,
    "litter_complaint_density": 0.0,
    "lon": -81.6371,
    "npdes_points": 5,
    "pixel_col": 705.0,
    "pixel_row": 230.0,
    "population_density": 156.2,
    "position_along": 0.5,
    "protected_area_score": 0.0,
    "rank": 19,
    "river_name": "South Fork New River",
    "road_access_m": 550.7,
    "road_access_score": 0.6,
    "road_density_km_km2": 2.46,
    "robustness_pct": 1.5,
    "runoff_coeff_C": 0.1146,
    "seasonal_cv": 0.524,
    "segment_id": 23,
    "segment_length_m": 7952.0208,
    "snap_dist_m": 1.1,
    "stream_order": 3,
    "superfund_score": 0.0,
    "tourism_amenity_density": 1.3528,
    "tri_facility_density": 0.0223,
    "usgs_mean_q_cfs": 98.092,
    "velocity_feasibility": 0.7,
    "water_intake_score": 0.0
   },
   "type": "Feature"
  },
  {
   "geometry": {
    "coordinates": [
     -81.632983,
     36.191961
    ],
    "type": "Point"
   },
   "properties": {
    "accumulation": 41467.0,
    "bank_slope_deg": 2.88,
    "bank_slope_score": 1.0,
    "beach_dist_km": 412.86,
    "bridge_proximity_bonus": 0.0,
    "catchment_area_km2": 4.1376,
    "channel_width_m": 5.62,
    "channel_width_score": 1.0,
    "composite_score": 35.4013,
    "cso_density": 0.0,
    "dem_lat": 36.191975,
    "dem_lon": -81.632972,
    "ej_index": 0.4595,
    "elevation_m": 950.5501,
    "estuary_dist_km": 520.28,
    "feasibility_score": 60.0,
    "flood_q10_cfs": null,
    "flow_score": 27.3389,
    "flow_velocity_ms": 0.1376,
    "generation_score": 10.3424,
    "impact_score": 54.8797,
    "impervious_pct": 2.89,
    "land_ownership": 0.5,
    "lat": 36.192,
    "litter_complaint_density": 0.0,
    "lon": -81.633,
    "npdes_points": 0,
    "pixel_col": 738.0,
    "pixel_row": 694.0,
    "population_density": 201.2,
    "position_along": 0.25,
    "protected_area_score": 0.0,
    "rank": 20,
    "river_name": "East Fork New River",
    "road_access_m": 157.0,
    "road_access_score": 1.0,
    "road_density_km_km2": 4.195,
    "robustness_pct": 0.0,
    "runoff_coeff_C": 0.076,
    "seasonal_cv": 0.6146,
    "segment_id": 15,
    "segment_length_m": 3041.5651,
    "snap_dist_m": 1.8,
    "stream_order": 3,
    "superfund_score": 0.0,
    "tourism_amenity_density": 5.5704,
    "tri_facility_density": 0.0,
    "usgs_mean_q_cfs": 19.958,
    "velocity_feasibility": 0.7,
    "water_intake_score": 0.0
   },
   "type": "Feature"
  },
  {
   "geometry": {
    "coordinates": [
     -81.637337,
     36.241477
    ],
    "type": "Point"
   },
   "properties": {
    "accumulation": 474579.0,
    "bank_slope_deg": 7.22,
    "bank_slope_score": 1.0,
    "beach_dist_km": 416.07,
    "bridge_proximity_bonus": 0.0,
    "catchment_area_km2": 47.3532,
    "channel_width_m": 15.47,
    "channel_width_score": 0.5,
    "composite_score": 33.2528,
    "cso_density": 0.0,
    "dem_lat": 36.241529,
    "dem_lon": -81.637397,
    "ej_index": 0.4465,
    "elevation_m": 928.1816,
    "estuary_dist_km": 521.89,
    "feasibility_score": 0.0,
    "flood_q10_cfs": null,
    "flow_score": 58.6061,
    "flow_velocity_ms": 0.0968,
    "generation_score": 25.7385,
    "impact_score": 36.2659,
    "impervious_pct": 7.18,
    "land_ownership": 0.5,
    "lat": 36.2415,
    "litter_complaint_density": 0.0,
    "lon": -81.6374,
    "npdes_points": 5,
    "pixel_col": 706.0,
    "pixel_row": 143.0,
    "population_density": 119.0,
    "position_along": 0.9,
    "protected_area_score": 0.0,
    "rank": 21,
    "river_name": "South Fork New River",
    "road_access_m": 835.5,
    "road_access_score": 0.6,
    "road_density_km_km2": 1.94,
    "robustness_pct": 0.0,
    "runoff_coeff_C": 0.1146,
    "seasonal_cv": 0.524,
    "segment_id": 23,
    "segment_length_m": 7952.0208,
    "snap_dist_m": 7.9,
    "stream_order": 3,
    "superfund_score": 0.0,
    "tourism_amenity_density": 0.8754,
    "tri_facility_density": 0.0,
    "usgs_mean_q_cfs": 98.092,
    "velocity_feasibility": 0.7,
    "water_intake_score": 0.0
   },
   "type": "Feature"
  },
  {
   "geometry": {
    "coordinates": [
     -81.656448,
     36.23901
    ],
    "type": "Point"
   },
   "properties": {
    "accumulation": 24926.0,
    "bank_slope_deg": 4.43,
    "bank_slope_score": 1.0,
    "beach_dist_km": 417.38,
    "bridge_proximity_bonus": 0.0,
    "catchment_area_km2": 2.4871,
    "channel_width_m": 4.55,
    "channel_width_score": 1.0,
    "composite_score": 32.0285,
    "cso_density": 0.0,
    "dem_lat": 36.239011,
    "dem_lon": -81.656445,
    "ej_index": 0.7004,
    "elevation_m": 962.5408,
    "estuary_dist_km": 523.49,
    "feasibility_score": 60.0,
    "flood_q10_cfs": null,
    "flow_score": 23.6006,
    "flow_velocity_ms": 0.2114,
    "generation_score": 11.7735,
    "impact_score": 45.3211,
    "impervious_pct": 2.39,
    "land_ownership": 0.5,
    "lat": 36.239,
    "litter_complaint_density": 0.0,
    "lon": -81.6564,
    "npdes_points": 1,
    "pixel_col": 532.0,
    "pixel_row": 169.0,
    "population_density": 147.8,
    "position_along": 0.5,
    "protected_area_score": 0.0,
    "rank": 22,
    "river_name": "Norris Branch",
    "road_access_m": 103.4,
    "road_access_score": 1.0,
    "road_density_km_km2": 4.007,
    "robustness_pct": 0.0,
    "runoff_coeff_C": 0.0715,
    "seasonal_cv": 0.7812,
    "segment_id": 3,
    "segment_length_m": 820.931,
    "snap_dist_m": 0.3,
    "stream_order": 3,
    "superfund_score": 0.0,
    "tourism_amenity_density": 1.5915,
    "tri_facility_density": 0.0,
    "usgs_mean_q_cfs": 2.982,
    "velocity_feasibility": 0.7,
    "water_intake_score": 0.0
   },
   "type": "Feature"
  },
  {
   "geometry": {
    "coordinates": [
     -81.651433,
     36.245211
    ],
    "type": "Point"
   },
   "properties": {
    "accumulation": 119123.0,
    "bank_slope_deg": 7.27,
    "bank_slope_score": 1.0,
    "beach_dist_km": 417.35,
    "bridge_proximity_bonus": 0.2,
    "catchment_area_km2": 11.886,
    "channel_width_m": 8.72,
    "channel_width_score": 1.0,
    "composite_score": 31.5442,
    "cso_density": 0.0,
    "dem_lat": 36.245159,
    "dem_lon": -81.651458,
    "ej_index": 0.5224,
    "elevation_m": 948.9779,
    "estuary_dist_km": 523.21,
    "feasibility_score": 73.3333,
    "flood_q10_cfs": null,
    "flow_score": 35.1023,
    "flow_velocity_ms": 0.2205,
    "generation_score": 6.2825,
    "impact_score": 32.9462,
    "impervious_pct": 0.82,
    "land_ownership": 0.5,
    "lat": 36.2452,
    "litter_complaint_density": 0.0,
    "lon": -81.6515,
    "npdes_points": 1,
    "pixel_col": 580.0,
    "pixel_row": 104.0,
    "population_density": 103.2,
    "position_along": 0.25,
    "protected_area_score": 0.0,
    "rank": 23,
    "river_name": "Howard Creek",
    "road_access_m": 134.1,
    "road_access_score": 1.0,
    "road_density_km_km2": 2.117,
    "robustness_pct": 0.0,
    "runoff_coeff_C": 0.0574,
    "seasonal_cv": 0.5541,
    "segment_id": 4,
    "segment_length_m": 4130.1904,
    "snap_dist_m": 6.2,
    "stream_order": 3,
    "superfund_score": 0.0,
    "tourism_amenity_density": 0.3979,
    "tri_facility_density": 0.0,
    "usgs_mean_q_cfs": 28.712,
    "velocity_feasibility": 0.7,
    "water_intake_score": 0.0
   },
   "type": "Feature"
  },
  {
   "geometry": {
    "coordinates": [
     -81.706995,
     36.209108
    ],
    "type": "Point"
   },
   "properties": {
    "accumulation": 29391.0,
    "bank_slope_deg": 0.79,
    "bank_slope_score": 1.0,
    "beach_dist_km": 419.53,
    "bridge_proximity_bonus": 0.0,
    "catchment_area_km2": 2.9326,
    "channel_width_m": 4.88,
    "channel_width_score": 1.0,
    "composite_score": 31.1231,
    "cso_density": 0.0,
    "ej_index": 0.6786,
    "elevation_m": 1003.3657,
    "estuary_dist_km": 527.18,
    "feasibility_score": 60.0,
    "flood_q10_cfs": null,
    "flow_score": 28.7723,
    "flow_velocity_ms": 0.1471,
    "generation_score": 24.1424,
    "impact_score": 25.6245,
    "impervious_pct": 11.99,
    "land_ownership": 0.5,
    "lat": 36.2091,
    "litter_complaint_density": 0.0,
    "lon": -81.707,
    "npdes_points": 1,
    "pixel_col": 75.0,
    "pixel_row": 502.0,
    "population_density": 324.8,
    "position_along": 0.5,
    "protected_area_score": 0.0,
    "rank": 24,
    "river_name": "Laurel Fork",
    "road_access_m": 45.9,
    "road_access_score": 1.0,
    "road_density_km_km2": 3.344,
    "robustness_pct": 0.0,
    "runoff_coeff_C": 0.1579,
    "seasonal_cv": 0.4298,
    "segment_id": 7,
    "segment_length_m": 1506.1541,
    "stream_order": 3,
    "superfund_score": 0.0,
    "tourism_amenity_density": 5.4113,
    "tri_facility_density": 0.0,
    "usgs_mean_q_cfs": 2.86,
    "velocity_feasibility": 0.7,
    "water_intake_score": 0.0
   },
   "type": "Feature"
  },
  {
   "geometry": {
    "coordinates": [
     -81.677969,
     36.193354
    ],
    "type": "Point"
   },
   "properties": {
    "accumulation": 21608.0,
    "bank_slope_deg": 7.92,
    "bank_slope_score": 1.0,
    "beach_dist_km": 416.4,
    "bridge_proximity_bonus": 0.0,
    "catchment_area_km2": 2.156,
    "channel_width_m": 4.29,
    "channel_width_score": 1.0,
    "composite_score": 29.6701,
    "cso_density": 0.0,
    "dem_lat": 36.193345,
    "dem_lon": -81.678062,
    "ej_index": 0.6053,
    "elevation_m": 997.3116,
    "estuary_dist_km": 524.27,
    "feasibility_score": 60.0,
    "flood_q10_cfs": null,
    "flow_score": 26.714,
    "flow_velocity_ms": 0.2193,
    "generation_score": 6.6125,
    "impact_score": 40.0264,
    "impervious_pct": 0.57,
    "land_ownership": 0.5,
    "lat": 36.1933,
    "litter_complaint_density": 0.0,
    "lon": -81.6781,
    "npdes_points": 0,
    "pixel_col": 334.0,
    "pixel_row": 675.0,
    "population_density": 247.5,
    "position_along": 0.5,
    "protected_area_score": 0.0,
    "rank": 25,
    "river_name": "Flannery Fork",
    "road_access_m": 122.1,
    "road_access_score": 1.0,
    "road_density_km_km2": 3.102,
    "robustness_pct": 0.0,
    "runoff_coeff_C": 0.0551,
    "seasonal_cv": 0.6194,
    "segment_id": 14,
    "segment_length_m": 538.1063,
    "snap_dist_m": 8.5,
    "stream_order": 3,
    "superfund_score": 0.0,
    "tourism_amenity_density": 4.6951,
    "tri_facility_density": 0.0,
    "usgs_mean_q_cfs": 8.314,
    "velocity_feasibility": 0.7,
    "water_intake_score": 0.0
   },
   "type": "Feature"
  },
  {
   "geometry": {
    "coordinates": [
     -81.667235,
     36.242355
    ],
    "type": "Point"
   },
   "properties": {
    "accumulation": 71287.0,
    "bank_slope_deg": 3.38,
    "bank_slope_score": 1.0,
    "beach_dist_km": 418.4,
    "bridge_proximity_bonus": 0.0,
    "catchment_area_km2": 7.113,
    "channel_width_m": 7.04,
    "channel_width_score": 1.0,
    "composite_score": 29.024,
    "cso_density": 0.0,
    "dem_lat": 36.242288,
    "dem_lon": -81.667341,
    "ej_index": 0.624,
    "elevation_m": 964.8494,
    "estuary_dist_km": 524.53,
    "feasibility_score": 60.0,
    "flood_q10_cfs": null,
    "flow_score": 32.3495,
    "flow_velocity_ms": 0.2101,
    "generation_score": 7.3057,
    "impact_score": 32.483,
    "impervious_pct": 0.6,
    "land_ownership": 0.5,
    "lat": 36.2423,
    "litter_complaint_density": 0.0,
    "lon": -81.6673,
    "npdes_points": 1,
    "pixel_col": 437.0,
    "pixel_row": 136.0,
    "population_density": 126.3,
    "position_along": 0.5,
    "protected_area_score": 0.0,
    "rank": 26,
    "river_name": "Howard Creek",
    "road_access_m": 109.1,
    "road_access_score": 1.0,
    "road_density_km_km2": 2.695,
    "robustness_pct": 0.0,
    "runoff_coeff_C": 0.0554,
    "seasonal_cv": 0.5541,
    "segment_id": 2,
    "segment_length_m": 2320.2297,
    "snap_dist_m": 12.1,
    "stream_order": 3,
    "superfund_score": 0.0,
    "tourism_amenity_density": 0.557,
    "tri_facility_density": 0.0,
    "usgs_mean_q_cfs": 25.424,
    "velocity_feasibility": 0.7,
    "water_intake_score": 0.0
   },
   "type": "Feature"
  },
  {
   "geometry": {
    "coordinates": [
     -81.712974,
     36.207634
    ],
    "type": "Point"
   },
   "properties": {
    "accumulation": 67087.0,
    "bank_slope_deg": 12.55,
    "bank_slope_score": 1.0,
    "beach_dist_km": 419.93,
    "bridge_proximity_bonus": 0.0,
    "catchment_area_km2": 6.6939,
    "channel_width_m": 6.87,
    "channel_width_score": 1.0,
    "composite_score": 27.7866,
    "cso_density": 0.0,
    "dem_lat": 36.20788,
    "dem_lon": -81.713037,
    "ej_index": 0.6361,
    "elevation_m": 956.4368,
    "estuary_dist_km": 527.68,
    "feasibility_score": 60.0,
    "flood_q10_cfs": null,
    "flow_score": 37.2233,
    "flow_velocity_ms": 0.2996,
    "generation_score": 13.7228,
    "impact_score": 17.8799,
    "impervious_pct": 6.45,
    "land_ownership": 0.5,
    "lat": 36.2079,
    "litter_complaint_density": 0.0,
    "lon": -81.713,
    "npdes_points": 1,
    "pixel_col": 19.0,
    "pixel_row": 513.0,
    "population_density": 197.4,
    "position_along": 0.5,
    "protected_area_score": 0.0,
    "rank": 27,
    "river_name": "Laurel Fork",
    "road_access_m": 193.8,
    "road_access_score": 1.0,
    "road_density_km_km2": 1.929,
    "robustness_pct": 0.0,
    "runoff_coeff_C": 0.1081,
    "seasonal_cv": 0.3462,
    "segment_id": 13,
    "segment_length_m": 386.852,
    "snap_dist_m": 27.9,
    "stream_order": 3,
    "superfund_score": 0.0,
    "tourism_amenity_density": 1.4324,
    "tri_facility_density": 0.0,
    "usgs_mean_q_cfs": 8.596,
    "velocity_feasibility": 0.7,
    "water_intake_score": 0.0
   },
   "type": "Feature"
  },
  {
   "geometry": {
    "coordinates": [
     -81.686481,
     36.193134
    ],
    "type": "Point"
   },
   "properties": {
    "accumulation": 44345.0,
    "bank_slope_deg": 1.28,
    "bank_slope_score": 1.0,
    "beach_dist_km": 417.04,
    "bridge_proximity_bonus": 0.0,
    "catchment_area_km2": 4.4247,
    "channel_width_m": 5.78,
    "channel_width_score": 1.0,
    "composite_score": 26.9461,
    "cso_density": 0.0,
    "dem_lat": 36.193121,
    "dem_lon": -81.68649,
    "ej_index": 0.579,
    "elevation_m": 998.917,
    "estuary_dist_km": 525.0,
    "feasibility_score": 60.0,
    "flood_q10_cfs": null,
    "flow_score": 25.6791,
    "flow_velocity_ms": 0.1834,
    "generation_score": 5.8636,
    "impact_score": 32.5576,
    "impervious_pct": 0.55,
    "land_ownership": 0.5,
    "lat": 36.1931,
    "litter_complaint_density": 0.0,
    "lon": -81.6865,
    "npdes_points": 0,
    "pixel_col": 261.0,
    "pixel_row": 680.0,
    "population_density": 164.1,
    "position_along": 0.5,
    "protected_area_score": 0.0,
    "rank": 28,
    "river_name": "Winkler Creek",
    "road_access_m": 84.1,
    "road_access_score": 1.0,
    "road_density_km_km2": 3.4,
    "robustness_pct": 0.0,
    "runoff_coeff_C": 0.055,
    "seasonal_cv": 0.6413,
    "segment_id": 16,
    "segment_length_m": 1981.9028,
    "snap_dist_m": 1.6,
    "stream_order": 3,
    "superfund_score": 0.0,
    "tourism_amenity_density": 2.3077,
    "tri_facility_density": 0.0,
    "usgs_mean_q_cfs": 7.78,
    "velocity_feasibility": 0.7,
    "water_intake_score": 0.0
   },
   "type": "Feature"
  },
  {
   "geometry": {
    "coordinates": [
     -81.683122,
     36.241137
    ],
    "type": "Point"
   },
   "properties": {
    "accumulation": 37178.0,
    "bank_slope_deg": 9.28,
    "bank_slope_score": 1.0,
    "beach_dist_km": 419.52,
    "bridge_proximity_bonus": 0.0,
    "catchment_area_km2": 3.7096,
    "channel_width_m": 5.38,
    "channel_width_score": 1.0,
    "composite_score": 25.6843,
    "cso_density": 0.0,
    "dem_lat": 36.240959,
    "dem_lon": -81.683059,
    "ej_index": 0.7591,
    "elevation_m": 1022.693,
    "estuary_dist_km": 525.87,
    "feasibility_score": 43.3333,
    "flood_q10_cfs": null,
    "flow_score": 29.5426,
    "flow_velocity_ms": 0.2891,
    "generation_score": 5.1934,
    "impact_score": 34.1355,
    "impervious_pct": 0.94,
    "land_ownership": 0.5,
    "lat": 36.241,
    "litter_complaint_density": 0.0,
    "lon": -81.6831,
    "npdes_points": 1,
    "pixel_col": 295.0,
    "pixel_row": 148.0,
    "population_density": 163.1,
    "position_along": 0.5,
    "protected_area_score": 0.0,
    "rank": 29,
    "river_name": "Doe Fork",
    "road_access_m": 325.2,
    "road_access_score": 0.8,
    "road_density_km_km2": 0.826,
    "robustness_pct": 0.0,
    "runoff_coeff_C": 0.0585,
    "seasonal_cv": 0.6307,
    "segment_id": 1,
    "segment_length_m": 1809.6666,
    "snap_dist_m": 20.5,
    "stream_order": 3,
    "superfund_score": 0.0,
    "tourism_amenity_density": 0.6366,
    "tri_facility_density": 0.0,
    "usgs_mean_q_cfs": 4.863,
    "velocity_feasibility": 0.7,
    "water_intake_score": 0.0
   },
   "type": "Feature"
  },
  {
   "geometry": {
    "coordinates": [
     -81.703504,
     36.200286
    ],
    "type": "Point"
   },
   "properties": {
    "accumulation": 27489.0,
    "bank_slope_deg": 7.84,
    "bank_slope_score": 1.0,
    "beach_dist_km": 418.77,
    "bridge_proximity_bonus": 0.0,
    "catchment_area_km2": 2.7428,
    "channel_width_m": 4.74,
    "channel_width_score": 1.0,
    "composite_score": 25.0536,
    "cso_density": 0.0,
    "dem_lat": 36.200208,
    "dem_lon": -81.703654,
    "ej_index": 0.5744,
    "elevation_m": 1023.9369,
    "estuary_dist_km": 526.68,
    "feasibility_score": 60.0,
    "flood_q10_cfs": null,
    "flow_score": 29.1259,
    "flow_velocity_ms": 0.1988,
    "generation_score": 8.5712,
    "impact_score": 20.6693,
    "impervious_pct": 3.03,
    "land_ownership": 0.5,
    "lat": 36.2002,
    "litter_complaint_density": 0.0,
    "lon": -81.7037,
    "npdes_points": 0,
    "pixel_col": 104.0,
    "pixel_row": 597.0,
    "population_density": 118.9,
    "position_along": 0.5,
    "protected_area_score": 0.0,
    "rank": 30,
    "river_name": "Laurel Fork",
    "road_access_m": 186.5,
    "road_access_score": 1.0,
    "road_density_km_km2": 3.741,
    "robustness_pct": 0.0,
    "runoff_coeff_C": 0.0773,
    "seasonal_cv": 0.3889,
    "segment_id": 12,
    "segment_length_m": 2687.1038,
    "snap_dist_m": 16.0,
    "stream_order": 3,
    "superfund_score": 0.0,
    "tourism_amenity_density": 1.7507,
    "tri_facility_density": 0.0,
    "usgs_mean_q_cfs": 3.814,
    "velocity_feasibility": 0.7,
    "water_intake_score": 0.0
   },
   "type": "Feature"
  },
  {
   "geometry": {
    "coordinates": [
     -81.64276,
     36.243711
    ],
    "type": "Point"
   },
   "properties": {
    "accumulation": 138830.0,
    "bank_slope_deg": 3.2,
    "bank_slope_score": 1.0,
    "beach_dist_km": 416.61,
    "bridge_proximity_bonus": 0.0,
    "catchment_area_km2": 13.8524,
    "channel_width_m": 9.29,
    "channel_width_score": 1.0,
    "composite_score": 24.7169,
    "cso_density": 0.0,
    "dem_lat": 36.243738,
    "dem_lon": -81.642741,
    "ej_index": 0.459,
    "elevation_m": 933.5091,
    "estuary_dist_km": 522.41,
    "feasibility_score": 26.6667,
    "flood_q10_cfs": null,
    "flow_score": 35.1077,
    "flow_velocity_ms": 0.1855,
    "generation_score": 6.2416,
    "impact_score": 33.5582,
    "impervious_pct": 0.86,
    "land_ownership": 0.5,
    "lat": 36.2437,
    "litter_complaint_density": 0.0,
    "lon": -81.6427,
    "npdes_points": 1,
    "pixel_col": 658.0,
    "pixel_row": 121.0,
    "population_density": 104.3,
    "position_along": 0.75,
    "protected_area_score": 0.0,
    "rank": 31,
    "river_name": "Howard Creek",
    "road_access_m": 538.7,
    "road_access_score": 0.6,
    "road_density_km_km2": 2.054,
    "robustness_pct": 0.0,
    "runoff_coeff_C": 0.0577,
    "seasonal_cv": 0.5564,
    "segment_id": 4,
    "segment_length_m": 4130.1904,
    "snap_dist_m": 3.5,
    "stream_order": 3,
    "superfund_score": 0.0,
    "tourism_amenity_density": 0.6366,
    "tri_facility_density": 0.0,
    "usgs_mean_q_cfs": 32.364,
    "velocity_feasibility": 0.7,
    "water_intake_score": 0.0
   },
   "type": "Feature"
  },
  {
   "geometry": {
    "coordinates": [
     -81.67803,
     36.246398
    ],
    "type": "Point"
   },
   "properties": {
    "accumulation": 20181.0,
    "bank_slope_deg": 3.67,
    "bank_slope_score": 1.0,
    "beach_dist_km": 419.45,
    "bridge_proximity_bonus": 0.0,
    "catchment_area_km2": 2.0136,
    "channel_width_m": 4.17,
    "channel_width_score": 1.0,
    "composite_score": 20.6852,
    "cso_density": 0.0,
    "dem_lat": 36.246418,
    "dem_lon": -81.677997,
    "ej_index": 0.6003,
    "elevation_m": 977.0408,
    "estuary_dist_km": 525.56,
    "feasibility_score": 43.3333,
    "flood_q10_cfs": null,
    "flow_score": 26.7533,
    "flow_velocity_ms": 0.1518,
    "generation_score": 1.1736,
    "impact_score": 23.816,
    "impervious_pct": 0.41,
    "land_ownership": 0.5,
    "lat": 36.2464,
    "litter_complaint_density": 0.0,
    "lon": -81.678,
    "npdes_points": 0,
    "pixel_col": 341.0,
    "pixel_row": 89.0,
    "population_density": 119.7,
    "position_along": 0.5,
    "protected_area_score": 0.0,
    "rank": 32,
    "river_name": "Howard Creek",
    "road_access_m": 400.6,
    "road_access_score": 0.8,
    "road_density_km_km2": 1.003,
    "robustness_pct": 0.0,
    "runoff_coeff_C": 0.0537,
    "seasonal_cv": 0.5715,
    "segment_id": 0,
    "segment_length_m": 76.4841,
    "snap_dist_m": 3.7,
    "stream_order": 3,
    "superfund_score": 0.0,
    "tourism_amenity_density": 0.4775,
    "tri_facility_density": 0.0,
    "usgs_mean_q_cfs": 18.258,
    "velocity_feasibility": 0.7,
    "water_intake_score": 0.0
   },
   "type": "Feature"
  }
 ],
 "note": "GRIME region 'Boone, NC' \u2014 real-data pipeline (DEM\u2192streams\u2192candidates\u2192region-appropriate real parameters\u2192shipped scoring, math unchanged). Width curve: Bieger et al. 2015 JAWRA Table 3, Appalachian Highlands. Flood: not applicable here (documented fallback). NC Blue Ridge (outside SIR 2014-5030 urban coverage)",
 "provenance": {
  "candidates_pre_gate": 32,
  "constant": [
   "bank_slope_score",
   "cso_density",
   "flood_q10_cfs",
   "land_ownership",
   "litter_complaint_density",
   "protected_area_score",
   "superfund_score",
   "water_intake_score"
  ],
  "hard_gate_removed": 0,
  "n_parameters": 27,
  "parameters": {
   "bank_slope_score": {
    "kind": "real",
    "n_real": 32,
    "n_sites": 32,
    "source": "region DEM gradient (3x3)"
   },
   "beach_dist_km": {
    "kind": "real",
    "n_real": 32,
    "n_sites": 32,
    "source": "haversine to region ref: Wrightsville Beach (shipped NC reference)"
   },
   "bridge_proximity_bonus": {
    "kind": "real",
    "n_real": 32,
    "n_sites": 32,
    "source": "FHWA/BTS NBI (NTAD), 50 m proximity"
   },
   "catchment_area_km2": {
    "kind": "real",
    "n_real": 32,
    "n_sites": 32,
    "source": "DEM flow accumulation (pipeline)"
   },
   "channel_width_score": {
    "kind": "real",
    "n_real": 32,
    "n_sites": 32,
    "source": "Bieger 2015 AHI width curve on DEM drainage area \u2192 shipped width curve"
   },
   "cso_density": {
    "kind": "real",
    "n_real": 32,
    "n_sites": 32,
    "source": "EPA ECHO CSO inventory (national bulk), Cauchy proximity"
   },
   "ej_index": {
    "kind": "real",
    "n_real": 32,
    "n_sites": 32,
    "source": "Census ACS C17002+B03002 two-component demographic index, percentile-ranked within region"
   },
   "estuary_dist_km": {
    "kind": "real",
    "n_real": 32,
    "n_sites": 32,
    "source": "haversine to region ref: Pamlico Sound (shipped NC reference)"
   },
   "flood_q10_cfs": {
    "kind": "fallback",
    "n_real": 0,
    "n_sites": 32,
    "source": "flood regression not valid here (NC Blue Ridge (outside SIR 2014-5030 urban coverage)...) \u2014 NaN, dropped by constant-column handling"
   },
   "flow_velocity_ms": {
    "kind": "real",
    "n_real": 31,
    "n_sites": 32,
    "source": "Manning (region DEM/D8) blended with EROM continuity (shipped M4 logic)"
   },
   "impervious_pct": {
    "kind": "real",
    "n_real": 31,
    "n_sites": 32,
    "source": "EPA StreamCat pctimp2019 (per NHDPlus watershed)"
   },
   "land_ownership": {
    "kind": "fallback",
    "n_real": 0,
    "n_sites": 32,
    "source": "no parcel integration for this region (Durham only) \u2014 unknown 0.5"
   },
   "litter_complaint_density": {
    "kind": "fallback",
    "n_real": 0,
    "n_sites": 32,
    "source": "no machine-readable 311/litter source for this region"
   },
   "npdes_points": {
    "kind": "real",
    "n_real": 32,
    "n_sites": 32,
    "source": "EPA ECHO NPDES outfalls (national bulk), per catchment"
   },
   "population_density": {
    "kind": "real",
    "n_real": 32,
    "n_sites": 32,
    "source": "Census ACS 2022 B01003 block groups (bbox, multi-county), area-weighted"
   },
   "protected_area_score": {
    "kind": "fallback",
    "n_real": 0,
    "n_sites": 32,
    "source": "PAD-US services unreachable; OSM proxy saturates \u2014 documented fallback"
   },
   "road_access_score": {
    "kind": "real",
    "n_real": 32,
    "n_sites": 32,
    "source": "OSM drive network nearest-node distance"
   },
   "road_density_km_km2": {
    "kind": "real",
    "n_real": 32,
    "n_sites": 32,
    "source": "OSM drive network (osmnx, cached) clipped per catchment"
   },
   "runoff_coeff_C": {
    "kind": "real",
    "n_real": 31,
    "n_sites": 32,
    "source": "derived from real impervious_pct (C=0.05+0.009*I)"
   },
   "seasonal_cv": {
    "kind": "real",
    "n_real": 31,
    "n_sites": 32,
    "source": "CV of NHDPlus EROM monthly flows per COMID"
   },
   "stream_order": {
    "kind": "real",
    "n_real": 32,
    "n_sites": 32,
    "source": "DEM stream-network confluence heuristic (pipeline)"
   },
   "superfund_score": {
    "kind": "fallback",
    "n_real": 0,
    "n_sites": 32,
    "source": "not wired (low weight; roadmap)"
   },
   "tourism_amenity_density": {
    "kind": "real",
    "n_real": 32,
    "n_sites": 32,
    "source": "OSM leisure/tourism features per 2 km radius"
   },
   "tri_facility_density": {
    "kind": "real",
    "n_real": 32,
    "n_sites": 32,
    "source": "EPA Envirofacts TRI state=NC (sign-fixed), per catchment"
   },
   "usgs_mean_q_cfs": {
    "kind": "real",
    "n_real": 31,
    "n_sites": 32,
    "source": "NHDPlus EROM qe_ma per COMID (snap-guarded)"
   },
   "velocity_feasibility": {
    "kind": "real",
    "n_real": 31,
    "n_sites": 32,
    "source": "shipped step curve on the computed velocity"
   },
   "water_intake_score": {
    "kind": "fallback",
    "n_real": 0,
    "n_sites": 32,
    "source": "no public surface-intake point layer (NC OneMap is wells-only and NC-only)"
   }
  },
  "varying": [
   "beach_dist_km",
   "bridge_proximity_bonus",
   "catchment_area_km2",
   "channel_width_score",
   "ej_index",
   "estuary_dist_km",
   "flow_velocity_ms",
   "impervious_pct",
   "npdes_points",
   "population_density",
   "road_access_score",
   "road_density_km_km2",
   "runoff_coeff_C",
   "seasonal_cv",
   "stream_order",
   "tourism_amenity_density",
   "tri_facility_density",
   "usgs_mean_q_cfs",
   "velocity_feasibility"
  ]
 },
 "region": {
  "bbox": [
   -81.7151,
   36.1735,
   -81.6152,
   36.2541
  ],
  "beach_ref": {
   "label": "Wrightsville Beach (shipped NC reference)",
   "lat": 34.21,
   "lon": -77.79
  },
  "center": [
   -81.665197,
   36.213842
  ],
  "estuary_ref": {
   "label": "Pamlico Sound (shipped NC reference)",
   "lat": 35.05,
   "lon": -76.05
  },
  "flood_method": "none",
  "name": "Boone, NC",
  "notes": "NC Blue Ridge (outside SIR 2014-5030 urban coverage)",
  "slug": "boone",
  "state": "NC",
  "utm_epsg": 32617,
  "width_curve": {
   "a": 3.12,
   "b": 0.415,
   "code": "AHI",
   "source": "Bieger et al. 2015 JAWRA Table 3, Appalachian Highlands"
  }
 },
 "streams": {
  "features": [
   {
    "geometry": {
     "coordinates": [
      [
       [
        -81.680538,
        36.212722
       ],
       [
        -81.679948,
        36.212715
       ],
       [
        -81.679698,
        36.212634
       ],
       [
        -81.678568,
        36.211975
       ]
      ],
      [
       [
        -81.678305,
        36.211919
       ],
       [
        -81.677522,
        36.211711
       ],
       [
        -81.677023,
        36.211726
       ],
       [
        -81.676297,
        36.211898
       ],
       [
        -81.675894,
        36.211795
       ]
      ],
      [
       [
        -81.673024,
        36.208108
       ],
       [
        -81.672908,
        36.207379
       ],
       [
        -81.67243,
        36.206695
       ],
       [
        -81.672114,
        36.20641
       ],
       [
        -81.671116,
        36.205949
       ]
      ]
     ],
     "type": "MultiLineString"
    },
    "properties": {
     "length_km": 0.74,
     "n_sites": 3,
     "name": "Boone Creek",
     "order": 2,
     "riverKey": "boone creek",
     "source": "osm",
     "waterway": "stream"
    },
    "type": "Feature"
   },
   {
    "geometry": {
     "coordinates": [
      [
       [
        -81.704182,
        36.239276
       ],
       [
        -81.704108,
        36.239815
       ],
       [
        -81.703851,
        36.240202
       ],
       [
        -81.703878,
        36.240354
       ],
       [
        -81.703572,
        36.240981
       ],
       [
        -81.703532,
        36.241387
       ],
       [
        -81.70303,
        36.242244
       ],
       [
        -81.702277,
        36.243223
       ],
       [
        -81.701748,
        36.243602
       ],
       [
        -81.699903,
        36.243651
       ],
       [
        -81.699197,
        36.243844
       ],
       [
        -81.698614,
        36.244344
       ],
       [
        -81.698037,
        36.244531
       ],
       [
        -81.696877,
        36.244471
       ],
       [
        -81.69649,
        36.244542
       ],
       [
        -81.695988,
        36.244388
       ],
       [
        -81.695235,
        36.24435
       ],
       [
        -81.695011,
        36.244279
       ],
       [
        -81.694865,
        36.244077
       ],
       [
        -81.694258,
        36.244048
       ],
       [
        -81.693424,
        36.243817
       ],
       [
        -81.691042,
        36.243625
       ],
       [
        -81.687942,
        36.242163
       ],
       [
        -81.686717,
        36.242134
       ]
      ],
      [
       [
        -81.686666,
        36.242178
       ],
       [
        -81.686293,
        36.242311
       ],
       [
        -81.685996,
        36.242228
       ],
       [
        -81.685971,
        36.24172
       ],
       [
        -81.685803,
        36.241561
       ],
       [
        -81.685464,
        36.241633
       ],
       [
        -81.684502,
        36.241656
       ],
       [
        -81.68362,
        36.241113
       ],
       [
        -81.683247,
        36.241108
       ],
       [
        -81.682372,
        36.241311
       ],
       [
        -81.68189,
        36.241888
       ],
       [
        -81.681904,
        36.242053
       ],
       [
        -81.681612,
        36.242542
       ],
       [
        -81.681544,
        36.243048
       ],
       [
        -81.681442,
        36.243224
       ],
       [
        -81.681137,
        36.243433
       ],
       [
        -81.680201,
        36.243466
       ],
       [
        -81.679787,
        36.243707
       ],
       [
        -81.678111,
        36.24535
       ],
       [
        -81.677833,
        36.245713
       ],
       [
        -81.677786,
        36.246254
       ]
      ]
     ],
     "type": "MultiLineString"
    },
    "properties": {
     "length_km": 3.21,
     "n_sites": 1,
     "name": "Doe Fork",
     "order": 2,
     "riverKey": "doe fork",
     "source": "osm",
     "waterway": "stream"
    },
    "type": "Feature"
   },
   {
    "geometry": {
     "coordinates": [
      [
       [
        -81.635411,
        36.192797
       ],
       [
        -81.635739,
        36.192875
       ],
       [
        -81.635966,
        36.193029
       ],
       [
        -81.635986,
        36.193135
       ],
       [
        -81.635753,
        36.193416
       ],
       [
        -81.635892,
        36.193571
       ],
       [
        -81.636221,
        36.193693
       ],
       [
        -81.636062,
        36.1941
       ],
       [
        -81.636145,
        36.194228
       ],
       [
        -81.636625,
        36.194452
       ],
       [
        -81.63727,
        36.194542
       ],
       [
        -81.637714,
        36.19452
       ],
       [
        -81.638049,
        36.194879
       ],
       [
        -81.638636,
        36.19479
       ],
       [
        -81.638926,
        36.19489
       ],
       [
        -81.63935,
        36.195252
       ],
       [
        -81.639738,
        36.195359
       ],
       [
        -81.639993,
        36.195782
       ],
       [
        -81.640231,
        36.195976
       ],
       [
        -81.64056,
        36.196032
       ],
       [
        -81.640784,
        36.19624
       ],
       [
        -81.641081,
        36.196338
       ],
       [
        -81.6411,
        36.196584
       ],
       [
        -81.641426,
        36.19661
       ],
       [
        -81.641572,
        36.196746
       ],
       [
        -81.641612,
        36.197056
       ],
       [
        -81.64205,
        36.197057
       ],
       [
        -81.642009,
        36.197332
       ],
       [
        -81.642497,
        36.197359
       ],
       [
        -81.642599,
        36.197483
       ],
       [
        -81.642581,
        36.197681
       ],
       [
        -81.643473,
        36.198415
       ],
       [
        -81.643527,
        36.198574
       ],
       [
        -81.643465,
        36.198981
       ],
       [
        -81.643937,
        36.200391
       ],
       [
        -81.644145,
        36.200763
       ],
       [
        -81.645232,
        36.201066
       ],
       [
        -81.646275,
        36.201089
       ],
       [
        -81.646698,
        36.201181
       ],
       [
        -81.647618,
        36.201172
       ],
       [
        -81.648515,
        36.202447
       ],
       [
        -81.648854,
        36.202603
       ],
       [
        -81.64936,
        36.202689
       ],
       [
        -81.649695,
        36.202963
       ]
      ],
      [
       [
        -81.610498,
        36.182359
       ],
       [
        -81.610556,
        36.182544
       ],
       [
        -81.610432,
        36.183038
       ],
       [
        -81.611001,
        36.18418
       ],
       [
        -81.611178,
        36.184271
       ],
       [
        -81.61201,
        36.184286
       ],
       [
        -81.612527,
        36.184425
       ],
       [
        -81.612954,
        36.184644
       ],
       [
        -81.613483,
        36.185073
       ],
       [
        -81.614452,
        36.185117
       ],
       [
        -81.615517,
        36.184858
       ],
       [
        -81.616045,
        36.184643
       ],
       [
        -81.616276,
        36.184731
       ],
       [
        -81.617361,
        36.184763
       ],
       [
        -81.618276,
        36.185054
       ],
       [
        -81.61873,
        36.1849
       ],
       [
        -81.619876,
        36.185064
       ],
       [
        -81.620676,
        36.184993
       ],
       [
        -81.621666,
        36.18513
       ],
       [
        -81.622032,
        36.185437
       ],
       [
        -81.622574,
        36.186082
       ],
       [
        -81.62267,
        36.186404
       ],
       [
        -81.622887,
        36.186688
       ],
       [
        -81.623659,
        36.187256
       ],
       [
        -81.623901,
        36.187587
       ],
       [
        -81.624267,
        36.187685
       ],
       [
        -81.625126,
        36.188102
       ],
       [
        -81.62597,
        36.188183
       ],
       [
        -81.627097,
        36.188479
       ],
       [
        -81.627382,
        36.18863
       ],
       [
        -81.627569,
        36.188641
       ],
       [
        -81.627969,
        36.188425
       ],
       [
        -81.628267,
        36.188421
       ],
       [
        -81.628686,
        36.188558
       ],
       [
        -81.628797,
        36.188828
       ],
       [
        -81.628643,
        36.189508
       ],
       [
        -81.628182,
        36.1906
       ],
       [
        -81.628286,
        36.191198
       ],
       [
        -81.628563,
        36.191394
       ],
       [
        -81.629515,
        36.191838
       ],
       [
        -81.63,
        36.191751
       ],
       [
        -81.630656,
        36.191822
       ],
       [
        -81.631058,
        36.192033
       ],
       [
        -81.631365,
        36.1921
       ],
       [
        -81.632032,
        36.192089
       ],
       [
        -81.632905,
        36.191921
       ],
       [
        -81.633862,
        36.19241
       ],
       [
        -81.634022,
        36.192711
       ],
       [
        -81.634179,
        36.192739
       ],
       [
        -81.634215,
        36.192656
       ],
       [
        -81.634337,
        36.192647
       ],
       [
        -81.634649,
        36.192959
       ],
       [
        -81.63484,
        36.192957
       ],
       [
        -81.634901,
        36.192727
       ],
       [
        -81.635238,
        36.192761
       ]
      ]
     ],
     "type": "MultiLineString"
    },
    "properties": {
     "length_km": 5.11,
     "n_sites": 2,
     "name": "East Fork New River",
     "order": 4,
     "riverKey": "east fork new river",
     "source": "osm",
     "waterway": "river"
    },
    "type": "Feature"
   },
   {
    "geometry": {
     "coordinates": [
      [
       [
        -81.700027,
        36.153663
       ],
       [
        -81.699799,
        36.153873
       ],
       [
        -81.699032,
        36.154307
       ],
       [
        -81.697832,
        36.154631
       ],
       [
        -81.697297,
        36.15501
       ],
       [
        -81.69689,
        36.155126
       ],
       [
        -81.695684,
        36.155868
       ],
       [
        -81.694695,
        36.156605
       ],
       [
        -81.693865,
        36.157662
       ],
       [
        -81.693431,
        36.15776
       ]
      ],
      [
       [
        -81.693291,
        36.157711
       ],
       [
        -81.692983,
        36.157655
       ],
       [
        -81.692818,
        36.157715
       ],
       [
        -81.692567,
        36.157962
       ],
       [
        -81.692174,
        36.158814
       ],
       [
        -81.692269,
        36.159083
       ],
       [
        -81.692221,
        36.159254
       ],
       [
        -81.691761,
        36.159743
       ],
       [
        -81.691266,
        36.160776
       ],
       [
        -81.690609,
        36.161551
       ],
       [
        -81.690378,
        36.161952
       ],
       [
        -81.690269,
        36.162926
       ],
       [
        -81.690534,
        36.163843
       ],
       [
        -81.690432,
        36.164277
       ],
       [
        -81.690712,
        36.16479
       ],
       [
        -81.69111,
        36.165255
       ],
       [
        -81.691089,
        36.165375
       ],
       [
        -81.690846,
        36.165568
       ],
       [
        -81.690979,
        36.165727
       ],
       [
        -81.690575,
        36.165871
       ],
       [
        -81.689918,
        36.166514
       ],
       [
        -81.689294,
        36.16769
       ],
       [
        -81.688711,
        36.168377
       ],
       [
        -81.688339,
        36.168586
       ],
       [
        -81.687179,
        36.169025
       ],
       [
        -81.68699,
        36.169306
       ],
       [
        -81.686947,
        36.169883
       ],
       [
        -81.686598,
        36.170102
       ],
       [
        -81.685948,
        36.170331
       ],
       [
        -81.685749,
        36.170509
       ],
       [
        -81.685292,
        36.171348
       ],
       [
        -81.68537,
        36.171614
       ],
       [
        -81.6852,
        36.171883
       ],
       [
        -81.684669,
        36.172122
       ],
       [
        -81.684531,
        36.171922
       ],
       [
        -81.684244,
        36.171928
       ]
      ],
      [
       [
        -81.684013,
        36.171899
       ],
       [
        -81.683651,
        36.172185
       ],
       [
        -81.682598,
        36.172334
       ],
       [
        -81.68236,
        36.172554
       ],
       [
        -81.681974,
        36.17418
       ],
       [
        -81.682035,
        36.174708
       ],
       [
        -81.68194,
        36.175461
       ],
       [
        -81.68156,
        36.175939
       ],
       [
        -81.681343,
        36.176428
       ],
       [
        -81.681684,
        36.177731
       ],
       [
        -81.68196,
        36.177934
       ],
       [
        -81.681952,
        36.178116
       ],
       [
        -81.681786,
        36.178211
       ],
       [
        -81.681402,
        36.178267
       ],
       [
        -81.681038,
        36.178516
       ],
       [
        -81.680745,
        36.178603
       ],
       [
        -81.680512,
        36.17899
       ],
       [
        -81.680504,
        36.179233
       ],
       [
        -81.680776,
        36.180057
       ],
       [
        -81.680677,
        36.180858
       ],
       [
        -81.680516,
        36.18111
       ],
       [
        -81.680186,
        36.181267
       ],
       [
        -81.679453,
        36.181425
       ],
       [
        -81.679303,
        36.182259
       ],
       [
        -81.680048,
        36.183122
       ],
       [
        -81.680279,
        36.183847
       ],
       [
        -81.680258,
        36.184326
       ],
       [
        -81.680035,
        36.184518
       ],
       [
        -81.679336,
        36.184793
       ],
       [
        -81.678963,
        36.184859
       ],
       [
        -81.678553,
        36.184804
       ]
      ],
      [
       [
        -81.678471,
        36.184753
       ],
       [
        -81.678042,
        36.184766
       ],
       [
        -81.677679,
        36.184891
       ],
       [
        -81.67758,
        36.185106
       ],
       [
        -81.677655,
        36.185331
       ],
       [
        -81.677574,
        36.185529
       ],
       [
        -81.677641,
        36.185925
       ],
       [
        -81.67695,
        36.187353
       ],
       [
        -81.677004,
        36.18776
       ],
       [
        -81.677533,
        36.188398
       ],
       [
        -81.677438,
        36.188491
       ],
       [
        -81.677045,
        36.18853
       ],
       [
        -81.676841,
        36.188645
       ],
       [
        -81.676414,
        36.189167
       ],
       [
        -81.676224,
        36.189645
       ],
       [
        -81.676332,
        36.189931
       ],
       [
        -81.678829,
        36.192084
       ],
       [
        -81.678306,
        36.192493
       ],
       [
        -81.67802,
        36.192926
       ],
       [
        -81.677946,
        36.193207
       ],
       [
        -81.677993,
        36.193514
       ],
       [
        -81.678222,
        36.193642
       ],
       [
        -81.678264,
        36.194295
       ],
       [
        -81.678488,
        36.19474
       ],
       [
        -81.678495,
        36.194844
       ],
       [
        -81.678342,
        36.194943
       ],
       [
        -81.678251,
        36.195518
       ]
      ]
     ],
     "type": "MultiLineString"
    },
    "properties": {
     "length_km": 6.16,
     "n_sites": 1,
     "name": "Flannery Fork",
     "order": 2,
     "riverKey": "flannery fork",
     "source": "osm",
     "waterway": "stream"
    },
    "type": "Feature"
   },
   {
    "geometry": {
     "coordinates": [
      [
       -81.655949,
       36.217517
      ],
      [
       -81.655594,
       36.217359
      ],
      [
       -81.653895,
       36.216158
      ],
      [
       -81.653299,
       36.215826
      ],
      [
       -81.653165,
       36.215595
      ],
      [
       -81.652596,
       36.215347
      ],
      [
       -81.652414,
       36.214881
      ],
      [
       -81.652144,
       36.214532
      ],
      [
       -81.65198,
       36.213992
      ],
      [
       -81.651673,
       36.213656
      ],
      [
       -81.650932,
       36.213593
      ],
      [
       -81.650769,
       36.213438
      ],
      [
       -81.650632,
       36.21312
      ],
      [
       -81.650251,
       36.212985
      ],
      [
       -81.650088,
       36.212621
      ],
      [
       -81.649749,
       36.212469
      ],
      [
       -81.649653,
       36.21204
      ],
      [
       -81.649196,
       36.211849
      ],
      [
       -81.649042,
       36.21161
      ],
      [
       -81.648694,
       36.211486
      ],
      [
       -81.648465,
       36.211309
      ],
      [
       -81.64823,
       36.211288
      ],
      [
       -81.647819,
       36.211609
      ],
      [
       -81.647367,
       36.211659
      ],
      [
       -81.647092,
       36.211912
      ],
      [
       -81.647109,
       36.212084
      ]
     ],
     "type": "LineString"
    },
    "properties": {
     "length_km": 1.2,
     "n_sites": 1,
     "name": "Hardin Creek",
     "order": 2,
     "riverKey": "hardin creek",
     "source": "osm",
     "waterway": "stream"
    },
    "type": "Feature"
   },
   {
    "geometry": {
     "coordinates": [
      [
       [
        -81.698874,
        36.216634
       ],
       [
        -81.699059,
        36.21635
       ],
       [
        -81.69942,
        36.215108
       ],
       [
        -81.699682,
        36.214837
       ],
       [
        -81.69976,
        36.214524
       ],
       [
        -81.699656,
        36.214244
       ]
      ],
      [
       [
        -81.699648,
        36.214161
       ],
       [
        -81.699717,
        36.213798
       ],
       [
        -81.700073,
        36.213369
       ],
       [
        -81.700202,
        36.213081
       ],
       [
        -81.700126,
        36.212877
       ],
       [
        -81.700161,
        36.212011
       ],
       [
        -81.700041,
        36.211874
       ],
       [
        -81.699961,
        36.211512
       ],
       [
        -81.699511,
        36.210501
       ]
      ],
      [
       [
        -81.689464,
        36.203595
       ],
       [
        -81.68841,
        36.203216
       ],
       [
        -81.6884,
        36.203064
       ],
       [
        -81.68769,
        36.202621
       ],
       [
        -81.687325,
        36.202596
       ],
       [
        -81.687141,
        36.202667
       ],
       [
        -81.685907,
        36.202415
       ]
      ],
      [
       [
        -81.670044,
        36.202339
       ],
       [
        -81.669184,
        36.202543
       ],
       [
        -81.668326,
        36.203135
       ],
       [
        -81.667844,
        36.203377
       ]
      ]
     ],
     "type": "MultiLineString"
    },
    "properties": {
     "length_km": 1.31,
     "n_sites": 1,
     "name": "Hodges Creek",
     "order": 2,
     "riverKey": "hodges creek",
     "source": "osm",
     "waterway": "stream"
    },
    "type": "Feature"
   },
   {
    "geometry": {
     "coordinates": [
      [
       [
        -81.718749,
        36.278159
       ],
       [
        -81.717812,
        36.277417
       ],
       [
        -81.717398,
        36.277187
       ],
       [
        -81.716678,
        36.276951
       ],
       [
        -81.71581,
        36.276824
       ],
       [
        -81.715647,
        36.276715
       ],
       [
        -81.71564,
        36.276055
       ],
       [
        -81.715463,
        36.27589
       ],
       [
        -81.715599,
        36.275571
       ],
       [
        -81.715551,
        36.275319
       ],
       [
        -81.716406,
        36.274104
       ],
       [
        -81.716569,
        36.273708
       ],
       [
        -81.716535,
        36.273477
       ],
       [
        -81.716141,
        36.273115
       ],
       [
        -81.71612,
        36.272791
       ],
       [
        -81.715835,
        36.272439
       ],
       [
        -81.715535,
        36.271699
       ]
      ],
      [
       [
        -81.715376,
        36.271486
       ],
       [
        -81.715156,
        36.27101
       ],
       [
        -81.714721,
        36.270796
       ],
       [
        -81.714572,
        36.270642
       ],
       [
        -81.714484,
        36.270291
       ],
       [
        -81.713825,
        36.269373
       ],
       [
        -81.713282,
        36.268065
       ],
       [
        -81.712644,
        36.267389
       ],
       [
        -81.712379,
        36.267323
       ],
       [
        -81.711863,
        36.26701
       ],
       [
        -81.711252,
        36.266994
       ],
       [
        -81.710153,
        36.266296
       ],
       [
        -81.709759,
        36.266285
       ],
       [
        -81.709372,
        36.265906
       ],
       [
        -81.709236,
        36.265653
       ],
       [
        -81.708965,
        36.265456
       ],
       [
        -81.70908,
        36.26506
       ],
       [
        -81.708808,
        36.264752
       ],
       [
        -81.708747,
        36.264598
       ],
       [
        -81.708815,
        36.264455
       ],
       [
        -81.710437,
        36.264015
       ],
       [
        -81.710803,
        36.263774
       ],
       [
        -81.710946,
        36.263565
       ],
       [
        -81.710946,
        36.263433
       ],
       [
        -81.710579,
        36.263114
       ],
       [
        -81.710633,
        36.26285
       ],
       [
        -81.710043,
        36.262163
       ],
       [
        -81.7099,
        36.261746
       ],
       [
        -81.709683,
        36.261592
       ],
       [
        -81.708882,
        36.261169
       ],
       [
        -81.708502,
        36.261147
       ],
       [
        -81.708217,
        36.261241
       ],
       [
        -81.70741,
        36.261763
       ],
       [
        -81.706236,
        36.262186
       ],
       [
        -81.705822,
        36.261824
       ],
       [
        -81.705571,
        36.261192
       ],
       [
        -81.70515,
        36.260862
       ],
       [
        -81.704668,
        36.260296
       ],
       [
        -81.704301,
        36.260241
       ],
       [
        -81.704091,
        36.26034
       ],
       [
        -81.70367,
        36.260774
       ],
       [
        -81.702727,
        36.261154
       ],
       [
        -81.702368,
        36.261538
       ],
       [
        -81.702273,
        36.261901
       ],
       [
        -81.702083,
        36.262027
       ],
       [
        -81.701207,
        36.262297
       ],
       [
        -81.70042,
        36.262302
       ],
       [
        -81.700027,
        36.262116
       ],
       [
        -81.700013,
        36.26183
       ],
       [
        -81.70016,
        36.26141
       ],
       [
        -81.700559,
        36.260971
       ],
       [
        -81.7006,
        36.260714
       ],
       [
        -81.700052,
        36.260431
       ],
       [
        -81.699551,
        36.260379
       ],
       [
        -81.699255,
        36.260266
       ],
       [
        -81.698475,
        36.260351
       ]
      ],
      [
       [
        -81.69828,
        36.260383
       ],
       [
        -81.697528,
        36.260597
       ],
       [
        -81.697261,
        36.260925
       ],
       [
        -81.696954,
        36.2611
       ],
       [
        -81.696482,
        36.26127
       ],
       [
        -81.696285,
        36.261265
       ],
       [
        -81.695012,
        36.261852
       ],
       [
        -81.694157,
        36.261979
       ],
       [
        -81.693682,
        36.261847
       ],
       [
        -81.693465,
        36.261682
       ],
       [
        -81.69337,
        36.261479
       ],
       [
        -81.693498,
        36.261044
       ],
       [
        -81.693193,
        36.260215
       ],
       [
        -81.69341,
        36.259154
       ],
       [
        -81.693301,
        36.25889
       ],
       [
        -81.692962,
        36.258544
       ],
       [
        -81.692996,
        36.257972
       ],
       [
        -81.693437,
        36.257264
       ],
       [
        -81.694244,
        36.256642
       ],
       [
        -81.694333,
        36.25628
       ],
       [
        -81.693898,
        36.255945
       ],
       [
        -81.693376,
        36.255439
       ],
       [
        -81.693172,
        36.255131
       ],
       [
        -81.692901,
        36.254939
       ],
       [
        -81.692718,
        36.254554
       ],
       [
        -81.6925,
        36.254411
       ],
       [
        -81.691842,
        36.253636
       ],
       [
        -81.691754,
        36.253241
       ],
       [
        -81.691537,
        36.252911
       ],
       [
        -81.691693,
        36.252449
       ],
       [
        -81.691666,
        36.252274
       ],
       [
        -81.690994,
        36.251268
       ],
       [
        -81.690743,
        36.250378
       ],
       [
        -81.690498,
        36.25013
       ],
       [
        -81.689663,
        36.24971
       ],
       [
        -81.689093,
        36.249601
       ],
       [
        -81.688787,
        36.24945
       ],
       [
        -81.688859,
        36.249011
       ],
       [
        -81.689119,
        36.248463
       ],
       [
        -81.689082,
        36.248007
       ],
       [
        -81.688824,
        36.24787
       ],
       [
        -81.687616,
        36.247692
       ],
       [
        -81.686786,
        36.247692
       ],
       [
        -81.686326,
        36.247772
       ],
       [
        -81.686116,
        36.247639
       ],
       [
        -81.685798,
        36.247582
       ],
       [
        -81.685279,
        36.247641
       ],
       [
        -81.684475,
        36.24751
       ],
       [
        -81.683512,
        36.247736
       ],
       [
        -81.682623,
        36.247615
       ],
       [
        -81.682155,
        36.247686
       ],
       [
        -81.6818,
        36.247596
       ],
       [
        -81.681332,
        36.247737
       ],
       [
        -81.68061,
        36.247711
       ],
       [
        -81.679741,
        36.247189
       ],
       [
        -81.678328,
        36.246715
       ],
       [
        -81.677975,
        36.24634
       ],
       [
        -81.677786,
        36.246254
       ],
       [
        -81.677093,
        36.246411
       ],
       [
        -81.676327,
        36.246345
       ],
       [
        -81.675614,
        36.246015
       ],
       [
        -81.675078,
        36.246021
       ],
       [
        -81.674542,
        36.245707
       ],
       [
        -81.673477,
        36.245542
       ],
       [
        -81.67303,
        36.244998
       ],
       [
        -81.672826,
        36.244899
       ],
       [
        -81.672317,
        36.244833
       ],
       [
        -81.671293,
        36.244514
       ],
       [
        -81.670689,
        36.244465
       ],
       [
        -81.669651,
        36.244168
       ],
       [
        -81.669237,
        36.243965
       ],
       [
        -81.668593,
        36.243179
       ],
       [
        -81.668104,
        36.242964
       ],
       [
        -81.667731,
        36.24264
       ],
       [
        -81.667372,
        36.242497
       ],
       [
        -81.66706,
        36.242173
       ],
       [
        -81.66647,
        36.242008
       ],
       [
        -81.666069,
        36.241606
       ],
       [
        -81.664991,
        36.241304
       ],
       [
        -81.663892,
        36.241177
       ],
       [
        -81.66291,
        36.24125
       ],
       [
        -81.662187,
        36.240948
       ],
       [
        -81.661259,
        36.241562
       ],
       [
        -81.661122,
        36.241905
       ],
       [
        -81.66016,
        36.242468
       ],
       [
        -81.659623,
        36.242643
       ],
       [
        -81.658937,
        36.243008
       ],
       [
        -81.658701,
        36.243018
       ],
       [
        -81.656182,
        36.241955
       ],
       [
        -81.655681,
        36.242001
       ],
       [
        -81.655608,
        36.242077
       ],
       [
        -81.655693,
        36.242508
       ],
       [
        -81.655669,
        36.243358
       ],
       [
        -81.655268,
        36.244506
       ],
       [
        -81.654874,
        36.245319
       ],
       [
        -81.654711,
        36.245966
       ],
       [
        -81.654544,
        36.246143
       ],
       [
        -81.654139,
        36.246348
       ],
       [
        -81.653184,
        36.246715
       ],
       [
        -81.652709,
        36.24666
       ],
       [
        -81.652472,
        36.246495
       ],
       [
        -81.652262,
        36.24622
       ],
       [
        -81.652045,
        36.245621
       ],
       [
        -81.651746,
        36.245308
       ],
       [
        -81.650519,
        36.244928
       ],
       [
        -81.650322,
        36.244774
       ],
       [
        -81.650349,
        36.244334
       ],
       [
        -81.651394,
        36.243433
       ],
       [
        -81.651578,
        36.243153
       ],
       [
        -81.651591,
        36.24279
       ],
       [
        -81.651395,
        36.242626
       ],
       [
        -81.649679,
        36.241861
       ],
       [
        -81.649502,
        36.24168
       ],
       [
        -81.649252,
        36.240822
       ],
       [
        -81.648987,
        36.240542
       ],
       [
        -81.648777,
        36.240454
       ],
       [
        -81.648275,
        36.240525
       ],
       [
        -81.646669,
        36.241193
       ],
       [
        -81.646183,
        36.241304
       ],
       [
        -81.644733,
        36.241288
       ],
       [
        -81.643478,
        36.241139
       ],
       [
        -81.64322,
        36.241194
       ],
       [
        -81.643254,
        36.241458
       ],
       [
        -81.643715,
        36.241914
       ],
       [
        -81.645017,
        36.243827
       ],
       [
        -81.645132,
        36.244162
       ],
       [
        -81.644983,
        36.24436
       ],
       [
        -81.644481,
        36.244305
       ],
       [
        -81.643463,
        36.243761
       ],
       [
        -81.642785,
        36.243722
       ],
       [
        -81.642059,
        36.243386
       ],
       [
        -81.64151,
        36.243348
       ],
       [
        -81.63982,
        36.243792
       ],
       [
        -81.638972,
        36.244232
       ],
       [
        -81.637174,
        36.244737
       ],
       [
        -81.635993,
        36.245291
       ],
       [
        -81.635599,
        36.245368
       ],
       [
        -81.633822,
        36.245444
       ],
       [
        -81.633068,
        36.245631
       ],
       [
        -81.632678,
        36.245634
       ]
      ]
     ],
     "type": "MultiLineString"
    },
    "properties": {
     "length_km": 13.44,
     "n_sites": 4,
     "name": "Howard Creek",
     "order": 2,
     "riverKey": "howard creek",
     "source": "osm",
     "waterway": "stream"
    },
    "type": "Feature"
   },
   {
    "geometry": {
     "coordinates": [
      [
       [
        -81.710807,
        36.206791
       ],
       [
        -81.710676,
        36.20702
       ],
       [
        -81.710832,
        36.207399
       ],
       [
        -81.711423,
        36.207371
       ],
       [
        -81.712182,
        36.20758
       ],
       [
        -81.712806,
        36.207662
       ],
       [
        -81.713328,
        36.207574
       ],
       [
        -81.714325,
        36.207936
       ],
       [
        -81.714922,
        36.207953
       ],
       [
        -81.715166,
        36.207903
       ],
       [
        -81.715579,
        36.20765
       ],
       [
        -81.716875,
        36.207304
       ],
       [
        -81.717654,
        36.207271
       ],
       [
        -81.718183,
        36.206738
       ],
       [
        -81.71842,
        36.20632
       ],
       [
        -81.718718,
        36.206094
       ],
       [
        -81.718936,
        36.206045
       ],
       [
        -81.719566,
        36.2061
       ],
       [
        -81.720135,
        36.205643
       ],
       [
        -81.720617,
        36.205621
       ],
       [
        -81.721193,
        36.20533
       ],
       [
        -81.7216,
        36.205286
       ],
       [
        -81.721959,
        36.205154
       ],
       [
        -81.723322,
        36.205033
       ],
       [
        -81.724149,
        36.20479
       ],
       [
        -81.724556,
        36.204795
       ],
       [
        -81.724976,
        36.204895
       ],
       [
        -81.725621,
        36.204658
       ],
       [
        -81.725899,
        36.204696
       ],
       [
        -81.726387,
        36.204603
       ],
       [
        -81.727303,
        36.204668
       ],
       [
        -81.727458,
        36.204932
       ],
       [
        -81.728539,
        36.205785
       ],
       [
        -81.729013,
        36.205791
       ],
       [
        -81.730141,
        36.206023
       ],
       [
        -81.730506,
        36.20591
       ],
       [
        -81.730731,
        36.205523
       ],
       [
        -81.730951,
        36.205442
       ],
       [
        -81.731688,
        36.205376
       ],
       [
        -81.732842,
        36.204997
       ],
       [
        -81.734046,
        36.204785
       ],
       [
        -81.734874,
        36.204457
       ],
       [
        -81.735625,
        36.204391
       ],
       [
        -81.736239,
        36.204063
       ]
      ],
      [
       [
        -81.71951,
        36.186509
       ],
       [
        -81.719361,
        36.186849
       ],
       [
        -81.719246,
        36.187591
       ],
       [
        -81.718894,
        36.187861
       ],
       [
        -81.718656,
        36.188429
       ],
       [
        -81.718669,
        36.188612
       ],
       [
        -81.718504,
        36.18873
       ],
       [
        -81.718459,
        36.188882
       ],
       [
        -81.718301,
        36.188975
       ],
       [
        -81.718137,
        36.188964
       ],
       [
        -81.717903,
        36.189369
       ],
       [
        -81.717968,
        36.19012
       ],
       [
        -81.717728,
        36.190185
       ],
       [
        -81.717414,
        36.190609
       ],
       [
        -81.71746,
        36.190774
       ],
       [
        -81.717202,
        36.191017
       ],
       [
        -81.717282,
        36.191461
       ],
       [
        -81.716848,
        36.191911
       ],
       [
        -81.71659,
        36.191952
       ],
       [
        -81.715462,
        36.192428
       ],
       [
        -81.715247,
        36.193292
       ]
      ],
      [
       [
        -81.704273,
        36.201044
       ],
       [
        -81.704892,
        36.201039
       ],
       [
        -81.706057,
        36.201312
       ],
       [
        -81.70655,
        36.201239
       ],
       [
        -81.706765,
        36.201531
       ],
       [
        -81.706742,
        36.202031
       ],
       [
        -81.706871,
        36.202398
       ],
       [
        -81.706858,
        36.202844
       ],
       [
        -81.707306,
        36.203585
       ],
       [
        -81.707509,
        36.204102
       ],
       [
        -81.708357,
        36.204783
       ],
       [
        -81.708588,
        36.205124
       ],
       [
        -81.708623,
        36.205379
       ],
       [
        -81.708797,
        36.20556
       ],
       [
        -81.709579,
        36.205587
       ],
       [
        -81.709981,
        36.205518
       ],
       [
        -81.710447,
        36.205596
       ],
       [
        -81.710685,
        36.205718
       ],
       [
        -81.710873,
        36.206023
       ],
       [
        -81.710843,
        36.206566
       ]
      ],
      [
       [
        -81.710271,
        36.195756
       ],
       [
        -81.709243,
        36.196298
       ],
       [
        -81.708717,
        36.196458
       ],
       [
        -81.708616,
        36.196394
       ],
       [
        -81.708178,
        36.196464
       ]
      ],
      [
       [
        -81.70798,
        36.196496
       ],
       [
        -81.707515,
        36.19665
       ],
       [
        -81.707283,
        36.19653
       ],
       [
        -81.706809,
        36.196552
       ],
       [
        -81.706544,
        36.196914
       ],
       [
        -81.705704,
        36.197052
       ],
       [
        -81.705419,
        36.197393
       ],
       [
        -81.705148,
        36.197558
       ],
       [
        -81.705161,
        36.197964
       ],
       [
        -81.705094,
        36.198003
       ],
       [
        -81.704395,
        36.197744
       ],
       [
        -81.703487,
        36.197684
       ],
       [
        -81.702816,
        36.19791
       ],
       [
        -81.7023,
        36.197821
       ],
       [
        -81.702035,
        36.197844
       ],
       [
        -81.701175,
        36.198146
       ],
       [
        -81.700985,
        36.198965
       ],
       [
        -81.701128,
        36.199328
       ],
       [
        -81.701935,
        36.199839
       ],
       [
        -81.702761,
        36.199839
       ],
       [
        -81.703229,
        36.199937
       ],
       [
        -81.704095,
        36.201038
       ]
      ]
     ],
     "type": "MultiLineString"
    },
    "properties": {
     "length_km": 6.03,
     "n_sites": 3,
     "name": "Laurel Fork",
     "order": 2,
     "riverKey": "laurel fork",
     "source": "osm",
     "waterway": "stream"
    },
    "type": "Feature"
   },
   {
    "geometry": {
     "coordinates": [
      [
       [
        -81.658926,
        36.190127
       ],
       [
        -81.658962,
        36.19027
       ],
       [
        -81.65813,
        36.190842
       ],
       [
        -81.657438,
        36.191536
       ],
       [
        -81.656571,
        36.191772
       ],
       [
        -81.656257,
        36.191601
       ],
       [
        -81.655485,
        36.191424
       ],
       [
        -81.655097,
        36.191467
       ],
       [
        -81.65492,
        36.191545
       ],
       [
        -81.654095,
        36.192529
       ],
       [
        -81.653747,
        36.192693
       ],
       [
        -81.652791,
        36.192943
       ]
      ],
      [
       [
        -81.651948,
        36.193295
       ],
       [
        -81.650105,
        36.194744
       ],
       [
        -81.6494,
        36.195442
       ],
       [
        -81.648491,
        36.196829
       ],
       [
        -81.648052,
        36.197715
       ],
       [
        -81.648127,
        36.199356
       ],
       [
        -81.64824,
        36.199753
       ],
       [
        -81.648645,
        36.20017
       ],
       [
        -81.649084,
        36.20047
       ],
       [
        -81.649677,
        36.200606
       ],
       [
        -81.649922,
        36.200869
       ],
       [
        -81.649935,
        36.201172
       ],
       [
        -81.649757,
        36.20146
       ],
       [
        -81.649893,
        36.20204
       ],
       [
        -81.650299,
        36.202695
       ],
       [
        -81.650137,
        36.202946
       ],
       [
        -81.649695,
        36.202963
       ],
       [
        -81.649438,
        36.203402
       ],
       [
        -81.649411,
        36.204093
       ],
       [
        -81.649804,
        36.204573
       ]
      ],
      [
       [
        -81.64378,
        36.163649
       ],
       [
        -81.645868,
        36.164763
       ],
       [
        -81.646379,
        36.165286
       ],
       [
        -81.646972,
        36.165616
       ],
       [
        -81.647805,
        36.166243
       ],
       [
        -81.647868,
        36.166696
       ],
       [
        -81.647422,
        36.166994
       ],
       [
        -81.647235,
        36.168212
       ],
       [
        -81.646553,
        36.169406
       ]
      ]
     ],
     "type": "MultiLineString"
    },
    "properties": {
     "length_km": 3.09,
     "n_sites": 1,
     "name": "Middle Fork New River",
     "order": 2,
     "riverKey": "middle fork new river",
     "source": "osm",
     "waterway": "stream"
    },
    "type": "Feature"
   },
   {
    "geometry": {
     "coordinates": [
      [
       [
        -81.649037,
        36.181247
       ],
       [
        -81.649167,
        36.181148
       ],
       [
        -81.650104,
        36.180968
       ],
       [
        -81.650748,
        36.180579
       ],
       [
        -81.650973,
        36.180572
       ],
       [
        -81.651326,
        36.180858
       ],
       [
        -81.651495,
        36.181152
       ],
       [
        -81.651378,
        36.18136
       ],
       [
        -81.651676,
        36.181645
       ],
       [
        -81.651889,
        36.181715
       ],
       [
        -81.652287,
        36.181644
       ],
       [
        -81.652961,
        36.181731
       ],
       [
        -81.653355,
        36.181928
       ],
       [
        -81.65371,
        36.182283
       ],
       [
        -81.653803,
        36.18248
       ],
       [
        -81.653629,
        36.182603
       ],
       [
        -81.652817,
        36.182827
       ],
       [
        -81.652744,
        36.18297
       ],
       [
        -81.652194,
        36.183255
       ],
       [
        -81.65208,
        36.18339
       ],
       [
        -81.652082,
        36.183621
       ],
       [
        -81.652095,
        36.184028
       ],
       [
        -81.652329,
        36.184138
       ],
       [
        -81.65245,
        36.184507
       ],
       [
        -81.652744,
        36.184869
       ],
       [
        -81.653552,
        36.18542
       ],
       [
        -81.654044,
        36.186082
       ],
       [
        -81.654063,
        36.18632
       ],
       [
        -81.65362,
        36.186483
       ],
       [
        -81.653483,
        36.186635
       ],
       [
        -81.653504,
        36.187432
       ],
       [
        -81.653669,
        36.187657
       ],
       [
        -81.657316,
        36.188719
       ],
       [
        -81.65786,
        36.189282
       ],
       [
        -81.658926,
        36.190127
       ]
      ],
      [
       [
        -81.645489,
        36.170772
       ],
       [
        -81.645006,
        36.170903
       ],
       [
        -81.644952,
        36.171074
       ],
       [
        -81.645013,
        36.171249
       ],
       [
        -81.645575,
        36.171838
       ],
       [
        -81.645782,
        36.172335
       ],
       [
        -81.64717,
        36.173782
       ],
       [
        -81.647804,
        36.174135
       ],
       [
        -81.648111,
        36.17474
       ],
       [
        -81.6481,
        36.17514
       ],
       [
        -81.647841,
        36.176169
       ],
       [
        -81.647543,
        36.176588
       ],
       [
        -81.646828,
        36.177295
       ],
       [
        -81.647068,
        36.177781
       ],
       [
        -81.647078,
        36.178333
       ],
       [
        -81.646731,
        36.17898
       ],
       [
        -81.646307,
        36.179208
       ],
       [
        -81.646344,
        36.179505
       ],
       [
        -81.646995,
        36.180642
       ],
       [
        -81.647712,
        36.181357
       ],
       [
        -81.64816,
        36.181599
       ],
       [
        -81.648578,
        36.181543
       ]
      ],
      [
       [
        -81.646558,
        36.152706
       ],
       [
        -81.645794,
        36.152954
       ],
       [
        -81.645513,
        36.153305
       ],
       [
        -81.645013,
        36.153591
       ],
       [
        -81.644923,
        36.153736
       ],
       [
        -81.645151,
        36.154685
       ],
       [
        -81.645065,
        36.155116
       ],
       [
        -81.64511,
        36.156492
       ],
       [
        -81.645943,
        36.156978
       ],
       [
        -81.645809,
        36.157488
       ],
       [
        -81.646009,
        36.1578
       ],
       [
        -81.646085,
        36.158118
       ],
       [
        -81.646039,
        36.158314
       ],
       [
        -81.645932,
        36.158423
       ],
       [
        -81.645496,
        36.158467
       ],
       [
        -81.64552,
        36.158719
       ],
       [
        -81.645405,
        36.158906
       ],
       [
        -81.645466,
        36.15912
       ],
       [
        -81.645978,
        36.159884
       ],
       [
        -81.645295,
        36.160585
       ],
       [
        -81.64468,
        36.160949
       ],
       [
        -81.644144,
        36.161006
       ],
       [
        -81.642919,
        36.162067
       ]
      ]
     ],
     "type": "MultiLineString"
    },
    "properties": {
     "length_km": 4.75,
     "n_sites": 2,
     "name": "Middle Fork South Fork New River",
     "order": 2,
     "riverKey": "middle fork south fork new river",
     "source": "osm",
     "waterway": "stream"
    },
    "type": "Feature"
   },
   {
    "geometry": {
     "coordinates": [
      [
       [
        -81.630089,
        36.209983
       ],
       [
        -81.631076,
        36.211177
       ],
       [
        -81.631175,
        36.211535
       ],
       [
        -81.632416,
        36.212005
       ],
       [
        -81.633042,
        36.212348
       ],
       [
        -81.633547,
        36.212453
       ],
       [
        -81.633797,
        36.212584
       ],
       [
        -81.634716,
        36.212671
       ],
       [
        -81.63549,
        36.212893
       ],
       [
        -81.637374,
        36.213224
       ],
       [
        -81.638217,
        36.213292
       ],
       [
        -81.639053,
        36.213617
       ],
       [
        -81.639203,
        36.213839
       ],
       [
        -81.639243,
        36.214169
       ]
      ],
      [
       [
        -81.625048,
        36.205834
       ],
       [
        -81.625598,
        36.20624
       ],
       [
        -81.626525,
        36.206544
       ],
       [
        -81.628202,
        36.207362
       ],
       [
        -81.628754,
        36.207703
       ],
       [
        -81.628956,
        36.207675
       ],
       [
        -81.629248,
        36.207895
       ],
       [
        -81.629539,
        36.20823
       ],
       [
        -81.629931,
        36.209815
       ]
      ],
      [
       [
        -81.620236,
        36.203014
       ],
       [
        -81.62074,
        36.203057
       ],
       [
        -81.621288,
        36.203633
       ],
       [
        -81.622081,
        36.20424
       ]
      ],
      [
       [
        -81.614556,
        36.208066
       ],
       [
        -81.614736,
        36.207902
       ],
       [
        -81.614666,
        36.207699
       ],
       [
        -81.614943,
        36.207113
       ],
       [
        -81.614881,
        36.206885
       ],
       [
        -81.614474,
        36.206374
       ],
       [
        -81.614555,
        36.205627
       ],
       [
        -81.614738,
        36.205022
       ],
       [
        -81.615219,
        36.204467
       ],
       [
        -81.615734,
        36.20412
       ],
       [
        -81.616499,
        36.203433
       ],
       [
        -81.616765,
        36.203364
       ],
       [
        -81.617076,
        36.203021
       ],
       [
        -81.618189,
        36.202982
       ],
       [
        -81.618456,
        36.202993
       ],
       [
        -81.618649,
        36.203126
       ],
       [
        -81.618965,
        36.203054
       ],
       [
        -81.619368,
        36.203112
       ]
      ],
      [
       [
        -81.610749,
        36.210492
       ],
       [
        -81.611355,
        36.21012
       ],
       [
        -81.611433,
        36.209916
       ],
       [
        -81.611977,
        36.209648
       ],
       [
        -81.612111,
        36.209352
       ],
       [
        -81.612458,
        36.209247
       ],
       [
        -81.613224,
        36.208704
       ],
       [
        -81.61392,
        36.208778
       ],
       [
        -81.614114,
        36.208725
       ],
       [
        -81.614411,
        36.208573
       ],
       [
        -81.614539,
        36.20844
       ],
       [
        -81.614543,
        36.208281
       ]
      ]
     ],
     "type": "MultiLineString"
    },
    "properties": {
     "length_km": 3.26,
     "n_sites": 1,
     "name": "Mutton Creek",
     "order": 2,
     "riverKey": "mutton creek",
     "source": "osm",
     "waterway": "stream"
    },
    "type": "Feature"
   },
   {
    "geometry": {
     "coordinates": [
      [
       [
        -81.676999,
        36.238836
       ],
       [
        -81.676608,
        36.239315
       ],
       [
        -81.67611,
        36.239684
       ],
       [
        -81.675724,
        36.239618
       ],
       [
        -81.675161,
        36.239767
       ],
       [
        -81.674279,
        36.239796
       ],
       [
        -81.673678,
        36.239615
       ],
       [
        -81.671413,
        36.239342
       ],
       [
        -81.671061,
        36.239046
       ],
       [
        -81.670528,
        36.238982
       ],
       [
        -81.670234,
        36.238735
       ]
      ],
      [
       [
        -81.666842,
        36.237661
       ],
       [
        -81.666748,
        36.237535
       ],
       [
        -81.665658,
        36.237267
       ],
       [
        -81.664673,
        36.236671
       ],
       [
        -81.664147,
        36.236576
       ],
       [
        -81.663931,
        36.236365
       ],
       [
        -81.663527,
        36.235676
       ],
       [
        -81.66323,
        36.235439
       ]
      ],
      [
       [
        -81.663043,
        36.235419
       ],
       [
        -81.662374,
        36.235109
       ],
       [
        -81.661873,
        36.235098
       ],
       [
        -81.661647,
        36.234951
       ],
       [
        -81.660866,
        36.234791
       ],
       [
        -81.660456,
        36.234844
       ],
       [
        -81.659844,
        36.235104
       ],
       [
        -81.659375,
        36.235175
       ],
       [
        -81.658792,
        36.235082
       ],
       [
        -81.65831,
        36.235285
       ],
       [
        -81.657971,
        36.235345
       ],
       [
        -81.657414,
        36.235627
       ],
       [
        -81.657365,
        36.235718
       ]
      ],
      [
       [
        -81.657198,
        36.236021
       ],
       [
        -81.657066,
        36.2363
       ],
       [
        -81.657052,
        36.236596
       ],
       [
        -81.656539,
        36.237402
       ],
       [
        -81.656285,
        36.238056
       ]
      ],
      [
       [
        -81.656238,
        36.238197
       ],
       [
        -81.656254,
        36.238637
       ],
       [
        -81.656579,
        36.239263
       ],
       [
        -81.656782,
        36.240758
       ]
      ]
     ],
     "type": "MultiLineString"
    },
    "properties": {
     "length_km": 2.21,
     "n_sites": 1,
     "name": "Norris Branch",
     "order": 2,
     "riverKey": "norris branch",
     "source": "osm",
     "waterway": "stream"
    },
    "type": "Feature"
   },
   {
    "geometry": {
     "coordinates": [
      [
       [
        -81.649804,
        36.204573
       ],
       [
        -81.650669,
        36.205708
       ],
       [
        -81.652032,
        36.2071
       ],
       [
        -81.652847,
        36.208154
       ],
       [
        -81.653591,
        36.20854
       ],
       [
        -81.653924,
        36.208598
       ],
       [
        -81.655151,
        36.209247
       ],
       [
        -81.655391,
        36.209744
       ],
       [
        -81.655203,
        36.210684
       ],
       [
        -81.655271,
        36.210876
       ],
       [
        -81.656023,
        36.211333
       ],
       [
        -81.656224,
        36.211652
       ],
       [
        -81.656162,
        36.211786
       ],
       [
        -81.655891,
        36.212022
       ],
       [
        -81.655345,
        36.212112
       ],
       [
        -81.654842,
        36.21196
       ],
       [
        -81.653739,
        36.211279
       ],
       [
        -81.653295,
        36.211184
       ],
       [
        -81.652528,
        36.211254
       ],
       [
        -81.652038,
        36.211152
       ],
       [
        -81.651178,
        36.210515
       ],
       [
        -81.650007,
        36.209324
       ],
       [
        -81.649467,
        36.20901
       ],
       [
        -81.649201,
        36.208695
       ],
       [
        -81.648681,
        36.208331
       ],
       [
        -81.648274,
        36.208227
       ],
       [
        -81.647791,
        36.208236
       ],
       [
        -81.646144,
        36.208548
       ],
       [
        -81.645818,
        36.2087
       ],
       [
        -81.64575,
        36.209008
       ],
       [
        -81.645966,
        36.209426
       ],
       [
        -81.64659,
        36.211453
       ],
       [
        -81.647524,
        36.212583
       ],
       [
        -81.647598,
        36.212902
       ],
       [
        -81.647598,
        36.214021
       ],
       [
        -81.647518,
        36.214309
       ],
       [
        -81.64729,
        36.214468
       ],
       [
        -81.646131,
        36.214537
       ],
       [
        -81.643998,
        36.215002
       ],
       [
        -81.642135,
        36.215246
       ],
       [
        -81.640903,
        36.215498
       ],
       [
        -81.639941,
        36.215553
       ],
       [
        -81.637898,
        36.215817
       ],
       [
        -81.637635,
        36.216143
       ],
       [
        -81.637403,
        36.216949
       ],
       [
        -81.637561,
        36.217546
       ],
       [
        -81.638027,
        36.218433
       ],
       [
        -81.640214,
        36.22101
       ],
       [
        -81.640663,
        36.221751
       ],
       [
        -81.640842,
        36.222141
       ],
       [
        -81.64108,
        36.223123
       ],
       [
        -81.642346,
        36.224335
       ],
       [
        -81.64249,
        36.224686
       ],
       [
        -81.64249,
        36.225059
       ],
       [
        -81.64231,
        36.225777
       ],
       [
        -81.642919,
        36.226505
       ],
       [
        -81.643087,
        36.226903
       ],
       [
        -81.643092,
        36.2272
       ],
       [
        -81.642906,
        36.227575
       ],
       [
        -81.641553,
        36.228859
       ],
       [
        -81.640305,
        36.229271
       ],
       [
        -81.639776,
        36.22923
       ],
       [
        -81.639203,
        36.228952
       ],
       [
        -81.638863,
        36.228904
       ],
       [
        -81.638012,
        36.229092
       ],
       [
        -81.637587,
        36.229037
       ],
       [
        -81.636915,
        36.228703
       ],
       [
        -81.636454,
        36.228272
       ],
       [
        -81.636328,
        36.227978
       ],
       [
        -81.636687,
        36.227165
       ],
       [
        -81.63662,
        36.226979
       ],
       [
        -81.63504,
        36.226498
       ],
       [
        -81.634796,
        36.226531
       ],
       [
        -81.63456,
        36.226656
       ],
       [
        -81.633755,
        36.227774
       ],
       [
        -81.633815,
        36.227954
       ],
       [
        -81.633715,
        36.228357
       ],
       [
        -81.633291,
        36.228653
       ],
       [
        -81.632498,
        36.228906
       ],
       [
        -81.632409,
        36.229196
       ],
       [
        -81.632452,
        36.22961
       ],
       [
        -81.632302,
        36.230369
       ],
       [
        -81.632409,
        36.23062
       ],
       [
        -81.63389,
        36.231262
       ],
       [
        -81.635189,
        36.23207
       ],
       [
        -81.63629,
        36.232137
       ],
       [
        -81.636706,
        36.232623
       ],
       [
        -81.637063,
        36.233526
       ],
       [
        -81.637296,
        36.233879
       ],
       [
        -81.637562,
        36.234086
       ],
       [
        -81.638028,
        36.234233
       ],
       [
        -81.638908,
        36.234209
       ],
       [
        -81.640383,
        36.234449
       ],
       [
        -81.640507,
        36.23488
       ],
       [
        -81.640448,
        36.235328
       ],
       [
        -81.639844,
        36.235871
       ],
       [
        -81.639557,
        36.236464
       ],
       [
        -81.639313,
        36.236523
       ],
       [
        -81.636097,
        36.236511
       ],
       [
        -81.635368,
        36.236726
       ],
       [
        -81.633291,
        36.236306
       ],
       [
        -81.630881,
        36.236533
       ],
       [
        -81.628001,
        36.236574
       ],
       [
        -81.62773,
        36.236677
       ],
       [
        -81.627628,
        36.236845
       ],
       [
        -81.627604,
        36.237015
       ],
       [
        -81.628222,
        36.238501
       ],
       [
        -81.629559,
        36.239606
       ],
       [
        -81.630225,
        36.240007
       ],
       [
        -81.630752,
        36.240223
       ],
       [
        -81.63265,
        36.240696
       ],
       [
        -81.633182,
        36.24076
       ],
       [
        -81.633613,
        36.240698
       ],
       [
        -81.634215,
        36.240451
       ],
       [
        -81.634941,
        36.240035
       ],
       [
        -81.635567,
        36.23953
       ],
       [
        -81.636401,
        36.239424
       ],
       [
        -81.637139,
        36.239676
       ],
       [
        -81.637696,
        36.240356
       ],
       [
        -81.63785,
        36.240744
       ],
       [
        -81.637817,
        36.241013
       ],
       [
        -81.637682,
        36.241218
       ],
       [
        -81.637087,
        36.241664
       ],
       [
        -81.63669,
        36.241861
       ],
       [
        -81.634598,
        36.242651
       ],
       [
        -81.63239,
        36.243336
       ],
       [
        -81.632183,
        36.243509
       ],
       [
        -81.63215,
        36.243693
       ],
       [
        -81.632582,
        36.244985
       ],
       [
        -81.632678,
        36.245634
       ],
       [
        -81.632641,
        36.245969
       ],
       [
        -81.632767,
        36.246528
       ],
       [
        -81.632592,
        36.247732
       ],
       [
        -81.632801,
        36.248561
       ],
       [
        -81.632445,
        36.24899
       ],
       [
        -81.632356,
        36.24924
       ],
       [
        -81.632742,
        36.250304
       ],
       [
        -81.631852,
        36.251736
       ],
       [
        -81.631407,
        36.251869
       ],
       [
        -81.6308,
        36.251758
       ],
       [
        -81.630558,
        36.2516
       ],
       [
        -81.62974,
        36.250713
       ],
       [
        -81.628915,
        36.250094
       ],
       [
        -81.627806,
        36.24944
       ],
       [
        -81.62677,
        36.248997
       ],
       [
        -81.62624,
        36.24865
       ],
       [
        -81.625856,
        36.248637
       ],
       [
        -81.625161,
        36.248796
       ],
       [
        -81.624548,
        36.248818
       ],
       [
        -81.623244,
        36.248602
       ],
       [
        -81.621891,
        36.248715
       ],
       [
        -81.619831,
        36.248463
       ],
       [
        -81.61844,
        36.248499
       ],
       [
        -81.61761,
        36.248415
       ],
       [
        -81.617136,
        36.248268
       ],
       [
        -81.61676,
        36.248021
       ],
       [
        -81.616034,
        36.247281
       ],
       [
        -81.61572,
        36.247082
       ],
       [
        -81.614994,
        36.246823
       ],
       [
        -81.614601,
        36.24677
       ],
       [
        -81.614176,
        36.246533
       ],
       [
        -81.613811,
        36.246133
       ],
       [
        -81.613328,
        36.246015
       ],
       [
        -81.61245,
        36.245936
       ],
       [
        -81.611931,
        36.245098
       ],
       [
        -81.611129,
        36.24341
       ],
       [
        -81.610488,
        36.242659
       ],
       [
        -81.61019,
        36.2424
       ],
       [
        -81.608076,
        36.241355
       ],
       [
        -81.60782,
        36.24106
       ],
       [
        -81.607776,
        36.240693
       ],
       [
        -81.607876,
        36.240007
       ],
       [
        -81.608386,
        36.23883
       ],
       [
        -81.608319,
        36.238467
       ],
       [
        -81.60793,
        36.23823
       ],
       [
        -81.606973,
        36.23738
       ],
       [
        -81.606125,
        36.236988
       ],
       [
        -81.605575,
        36.23652
       ],
       [
        -81.605276,
        36.236384
       ],
       [
        -81.603761,
        36.236161
       ],
       [
        -81.603222,
        36.23621
       ],
       [
        -81.60267,
        36.23664
       ],
       [
        -81.602405,
        36.238607
       ],
       [
        -81.602109,
        36.239415
       ],
       [
        -81.601516,
        36.239798
       ],
       [
        -81.600942,
        36.239914
       ],
       [
        -81.599419,
        36.239913
       ],
       [
        -81.599131,
        36.239969
       ],
       [
        -81.598778,
        36.240323
       ],
       [
        -81.598556,
        36.240669
       ],
       [
        -81.598296,
        36.242263
       ],
       [
        -81.598457,
        36.243078
       ],
       [
        -81.598493,
        36.243953
       ],
       [
        -81.598709,
        36.244842
       ],
       [
        -81.598685,
        36.245481
       ],
       [
        -81.598595,
        36.245773
       ],
       [
        -81.598216,
        36.246365
       ],
       [
        -81.597706,
        36.246541
       ],
       [
        -81.596977,
        36.246572
       ],
       [
        -81.596002,
        36.246391
       ],
       [
        -81.594356,
        36.245849
       ],
       [
        -81.594198,
        36.245664
       ],
       [
        -81.594064,
        36.24529
       ],
       [
        -81.594146,
        36.244375
       ],
       [
        -81.59395,
        36.243533
       ],
       [
        -81.593704,
        36.243173
       ],
       [
        -81.59314,
        36.242921
       ]
      ],
      [
       [
        -81.594741,
        36.271072
       ],
       [
        -81.60026,
        36.271789
       ],
       [
        -81.601577,
        36.272139
       ],
       [
        -81.602499,
        36.27264
       ],
       [
        -81.603355,
        36.273246
       ],
       [
        -81.604458,
        36.274496
       ],
       [
        -81.606569,
        36.275902
       ],
       [
        -81.607385,
        36.276378
       ],
       [
        -81.608291,
        36.276763
       ],
       [
        -81.609329,
        36.277056
       ]
      ],
      [
       [
        -81.580212,
        36.24944
       ],
       [
        -81.580674,
        36.25
       ],
       [
        -81.581147,
        36.250287
       ],
       [
        -81.582493,
        36.250765
       ],
       [
        -81.583571,
        36.250983
       ],
       [
        -81.584416,
        36.251243
       ],
       [
        -81.584789,
        36.251494
       ],
       [
        -81.584985,
        36.25198
       ],
       [
        -81.584939,
        36.252236
       ],
       [
        -81.584823,
        36.252366
       ],
       [
        -81.584229,
        36.252619
       ],
       [
        -81.582394,
        36.252724
       ],
       [
        -81.581155,
        36.252411
       ],
       [
        -81.580852,
        36.252406
       ],
       [
        -81.580184,
        36.252497
       ],
       [
        -81.579248,
        36.252748
       ],
       [
        -81.578719,
        36.253029
       ],
       [
        -81.578509,
        36.253297
       ],
       [
        -81.578596,
        36.253549
       ],
       [
        -81.579682,
        36.254435
       ],
       [
        -81.579822,
        36.254781
       ],
       [
        -81.579608,
        36.255381
       ],
       [
        -81.579226,
        36.256016
       ],
       [
        -81.579308,
        36.256319
       ],
       [
        -81.579453,
        36.256463
       ],
       [
        -81.580303,
        36.25673
       ],
       [
        -81.581591,
        36.257356
       ],
       [
        -81.582611,
        36.257474
       ],
       [
        -81.584237,
        36.257048
       ],
       [
        -81.584698,
        36.256994
       ],
       [
        -81.585559,
        36.256702
       ],
       [
        -81.587144,
        36.25646
       ],
       [
        -81.589309,
        36.255982
       ],
       [
        -81.590187,
        36.255714
       ],
       [
        -81.590572,
        36.255733
       ],
       [
        -81.59139,
        36.256064
       ],
       [
        -81.592187,
        36.256602
       ],
       [
        -81.592672,
        36.257031
       ],
       [
        -81.593493,
        36.257952
       ],
       [
        -81.593701,
        36.25843
       ],
       [
        -81.594032,
        36.258806
       ],
       [
        -81.594708,
        36.259077
       ],
       [
        -81.596028,
        36.259259
       ],
       [
        -81.596515,
        36.259663
       ],
       [
        -81.596612,
        36.259968
       ],
       [
        -81.596509,
        36.260204
       ],
       [
        -81.59637,
        36.260295
       ],
       [
        -81.596048,
        36.26034
       ],
       [
        -81.594217,
        36.260025
       ],
       [
        -81.592289,
        36.259851
       ],
       [
        -81.591935,
        36.25976
       ],
       [
        -81.591243,
        36.259377
       ],
       [
        -81.590672,
        36.258821
       ],
       [
        -81.590128,
        36.258574
       ],
       [
        -81.588831,
        36.258471
       ],
       [
        -81.588359,
        36.258852
       ],
       [
        -81.588281,
        36.259228
       ],
       [
        -81.588399,
        36.259767
       ],
       [
        -81.589743,
        36.261523
       ],
       [
        -81.591421,
        36.262403
       ],
       [
        -81.592326,
        36.262975
       ],
       [
        -81.592575,
        36.263329
       ],
       [
        -81.592989,
        36.26486
       ],
       [
        -81.593239,
        36.265295
       ],
       [
        -81.593628,
        36.265719
       ],
       [
        -81.593718,
        36.265959
       ],
       [
        -81.593656,
        36.267035
       ],
       [
        -81.593386,
        36.267366
       ],
       [
        -81.5929,
        36.267524
       ],
       [
        -81.590529,
        36.267366
       ],
       [
        -81.589891,
        36.267111
       ],
       [
        -81.587842,
        36.265739
       ],
       [
        -81.587375,
        36.265608
       ],
       [
        -81.587139,
        36.265732
       ],
       [
        -81.586639,
        36.266233
       ],
       [
        -81.586554,
        36.266597
       ],
       [
        -81.586596,
        36.266798
       ],
       [
        -81.58727,
        36.267987
       ],
       [
        -81.588276,
        36.26938
       ],
       [
        -81.588695,
        36.269806
       ],
       [
        -81.590018,
        36.270827
       ],
       [
        -81.590687,
        36.271023
       ],
       [
        -81.591095,
        36.271025
       ],
       [
        -81.59191,
        36.270841
       ],
       [
        -81.592947,
        36.270915
       ]
      ]
     ],
     "type": "MultiLineString"
    },
    "properties": {
     "length_km": 26.05,
     "n_sites": 8,
     "name": "South Fork New River",
     "order": 4,
     "riverKey": "south fork new river",
     "source": "osm",
     "waterway": "river"
    },
    "type": "Feature"
   },
   {
    "geometry": {
     "coordinates": [
      [
       [
        -81.708048,
        36.166226
       ],
       [
        -81.707926,
        36.166396
       ],
       [
        -81.70714,
        36.166803
       ],
       [
        -81.706422,
        36.167435
       ],
       [
        -81.705561,
        36.167985
       ],
       [
        -81.704517,
        36.168573
       ],
       [
        -81.703711,
        36.168722
       ],
       [
        -81.703054,
        36.169057
       ],
       [
        -81.702369,
        36.169112
       ],
       [
        -81.701325,
        36.169497
       ],
       [
        -81.700098,
        36.169349
       ],
       [
        -81.698973,
        36.169569
       ],
       [
        -81.698099,
        36.169426
       ],
       [
        -81.697414,
        36.169552
       ],
       [
        -81.695774,
        36.170509
       ],
       [
        -81.695239,
        36.171086
       ],
       [
        -81.694636,
        36.171998
       ],
       [
        -81.694154,
        36.172174
       ],
       [
        -81.693714,
        36.172537
       ],
       [
        -81.693402,
        36.17268
       ],
       [
        -81.692358,
        36.172713
       ],
       [
        -81.691633,
        36.173224
       ],
       [
        -81.69145,
        36.173504
       ],
       [
        -81.691379,
        36.173985
       ],
       [
        -81.691206,
        36.174181
       ],
       [
        -81.690521,
        36.174636
       ],
       [
        -81.690067,
        36.175208
       ],
       [
        -81.689579,
        36.175417
       ],
       [
        -81.688383,
        36.175654
       ],
       [
        -81.688037,
        36.175935
       ],
       [
        -81.687672,
        36.176012
       ],
       [
        -81.686857,
        36.1758
       ],
       [
        -81.686598,
        36.175856
       ],
       [
        -81.68652,
        36.176002
       ],
       [
        -81.686598,
        36.17633
       ]
      ],
      [
       [
        -81.686515,
        36.177311
       ],
       [
        -81.686468,
        36.177753
       ],
       [
        -81.686535,
        36.178279
       ],
       [
        -81.686403,
        36.178443
       ],
       [
        -81.686061,
        36.178528
       ],
       [
        -81.685953,
        36.178627
       ],
       [
        -81.685885,
        36.179632
       ],
       [
        -81.685695,
        36.17994
       ],
       [
        -81.685566,
        36.180539
       ],
       [
        -81.685407,
        36.180637
       ],
       [
        -81.685275,
        36.180911
       ],
       [
        -81.685633,
        36.181293
       ]
      ],
      [
       [
        -81.6857,
        36.181394
       ],
       [
        -81.685953,
        36.18171
       ],
       [
        -81.686631,
        36.182199
       ],
       [
        -81.686678,
        36.182583
       ],
       [
        -81.686888,
        36.182858
       ],
       [
        -81.687844,
        36.183287
       ],
       [
        -81.688702,
        36.183504
       ],
       [
        -81.689603,
        36.183883
       ],
       [
        -81.689982,
        36.184085
       ],
       [
        -81.690275,
        36.184502
       ],
       [
        -81.690764,
        36.184503
       ],
       [
        -81.690922,
        36.185002
       ],
       [
        -81.690597,
        36.185678
       ],
       [
        -81.690509,
        36.186095
       ],
       [
        -81.690244,
        36.186474
       ],
       [
        -81.690197,
        36.186903
       ],
       [
        -81.690292,
        36.187348
       ],
       [
        -81.690058,
        36.187792
       ],
       [
        -81.689627,
        36.187845
       ],
       [
        -81.689625,
        36.188082
       ],
       [
        -81.689425,
        36.188146
       ],
       [
        -81.688733,
        36.188854
       ],
       [
        -81.688122,
        36.189832
       ],
       [
        -81.687607,
        36.190409
       ],
       [
        -81.686977,
        36.190695
       ],
       [
        -81.686922,
        36.190964
       ],
       [
        -81.68699,
        36.191333
       ],
       [
        -81.686861,
        36.191635
       ],
       [
        -81.686828,
        36.192514
       ],
       [
        -81.686604,
        36.192718
       ],
       [
        -81.686651,
        36.193135
       ],
       [
        -81.686509,
        36.193146
       ],
       [
        -81.686156,
        36.192987
       ],
       [
        -81.686048,
        36.193014
       ],
       [
        -81.685072,
        36.193789
       ],
       [
        -81.684346,
        36.194669
       ],
       [
        -81.683763,
        36.195048
       ],
       [
        -81.68316,
        36.195081
       ],
       [
        -81.682231,
        36.194751
       ],
       [
        -81.681817,
        36.194866
       ],
       [
        -81.681465,
        36.195284
       ],
       [
        -81.681173,
        36.195411
       ],
       [
        -81.680915,
        36.195383
       ],
       [
        -81.680446,
        36.195178
       ],
       [
        -81.67953,
        36.195097
       ],
       [
        -81.678782,
        36.195303
       ],
       [
        -81.678447,
        36.195488
       ],
       [
        -81.677342,
        36.195537
       ],
       [
        -81.677085,
        36.195614
       ],
       [
        -81.676607,
        36.19612
       ],
       [
        -81.675953,
        36.196079
       ],
       [
        -81.67524,
        36.196625
       ],
       [
        -81.674778,
        36.196537
       ],
       [
        -81.674321,
        36.196633
       ],
       [
        -81.67329,
        36.19634
       ],
       [
        -81.673014,
        36.196454
       ],
       [
        -81.672433,
        36.19696
       ],
       [
        -81.671849,
        36.197752
       ],
       [
        -81.671978,
        36.197995
       ],
       [
        -81.67215,
        36.198086
       ],
       [
        -81.67313,
        36.198156
       ],
       [
        -81.673433,
        36.198259
       ]
      ],
      [
       [
        -81.673545,
        36.198347
       ],
       [
        -81.673573,
        36.198456
       ],
       [
        -81.673368,
        36.198625
       ],
       [
        -81.672602,
        36.199872
       ],
       [
        -81.672056,
        36.200323
       ],
       [
        -81.671887,
        36.200363
       ],
       [
        -81.670329,
        36.200131
       ],
       [
        -81.66978,
        36.199956
       ],
       [
        -81.669367,
        36.199958
       ],
       [
        -81.66831,
        36.200207
       ],
       [
        -81.66745,
        36.20025
       ],
       [
        -81.66713,
        36.200373
       ],
       [
        -81.666854,
        36.200773
       ],
       [
        -81.666201,
        36.200954
       ],
       [
        -81.66562,
        36.201306
       ],
       [
        -81.665093,
        36.201387
       ],
       [
        -81.664492,
        36.20128
       ],
       [
        -81.663987,
        36.201038
       ],
       [
        -81.663844,
        36.200684
       ],
       [
        -81.663292,
        36.199976
       ],
       [
        -81.663204,
        36.199655
       ],
       [
        -81.662677,
        36.199075
       ],
       [
        -81.661347,
        36.19842
       ],
       [
        -81.660844,
        36.198456
       ],
       [
        -81.65919,
        36.199431
       ],
       [
        -81.657242,
        36.200305
       ],
       [
        -81.656724,
        36.200464
       ],
       [
        -81.65572,
        36.201154
       ],
       [
        -81.655226,
        36.201309
       ],
       [
        -81.654599,
        36.201241
       ],
       [
        -81.654378,
        36.20129
       ],
       [
        -81.65388,
        36.201565
       ],
       [
        -81.652923,
        36.201585
       ],
       [
        -81.652349,
        36.201847
       ],
       [
        -81.65158,
        36.202341
       ],
       [
        -81.650922,
        36.2031
       ],
       [
        -81.650404,
        36.203466
       ],
       [
        -81.65037,
        36.203709
       ],
       [
        -81.649985,
        36.204127
       ],
       [
        -81.649804,
        36.204573
       ]
      ]
     ],
     "type": "MultiLineString"
    },
    "properties": {
     "length_km": 9.22,
     "n_sites": 3,
     "name": "Winkler Creek",
     "order": 2,
     "riverKey": "winkler creek",
     "source": "osm",
     "waterway": "stream"
    },
    "type": "Feature"
   }
  ],
  "type": "FeatureCollection"
 },
 "type": "FeatureCollection"
}
