{
 "features": [
  {
   "geometry": {
    "coordinates": [
     -78.664775,
     35.759681
    ],
    "type": "Point"
   },
   "properties": {
    "accumulation": 333501.0,
    "bank_slope_deg": 0.69,
    "bank_slope_score": 1.0,
    "beach_dist_km": 189.85,
    "bridge_proximity_bonus": 0.0,
    "catchment_area_km2": 33.2899,
    "channel_width_m": 13.36,
    "channel_width_score": 1.0,
    "composite_score": 54.3217,
    "cso_density": 0.0,
    "ej_index": 0.7022,
    "elevation_m": 75.8395,
    "estuary_dist_km": 249.77,
    "feasibility_score": 79.3651,
    "flood_q10_cfs": 2941.09,
    "flow_score": 38.4831,
    "flow_velocity_ms": 0.0597,
    "generation_score": 41.474,
    "impact_score": 67.8466,
    "impervious_pct": 28.23,
    "land_ownership": 1.0,
    "lat": 35.7597,
    "litter_complaint_density": 0.0,
    "lon": -78.6648,
    "navigable_dist_m": null,
    "npdes_points": 6,
    "pixel_col": 2211.0,
    "pixel_row": 1188.0,
    "population_density": 1383.3,
    "position_along": 0.75,
    "protected_area_score": 69.3508,
    "rank": 1,
    "road_access_m": 127.8,
    "road_access_score": 1.0,
    "road_density_km_km2": 5.034,
    "robustness_pct": 88.0,
    "runoff_coeff_C": 0.3041,
    "seasonal_cv": 0.4633,
    "segment_id": 62,
    "segment_length_m": 4251.6176,
    "stream_order": 3,
    "superfund_score": 0.7511,
    "tourism_amenity_density": 5.093,
    "tri_facility_density": 0.0,
    "usgs_mean_q_cfs": 17.179,
    "velocity_feasibility": 0.7,
    "water_intake_score": 0.8081
   },
   "type": "Feature"
  },
  {
   "geometry": {
    "coordinates": [
     -78.695207,
     35.776359
    ],
    "type": "Point"
   },
   "properties": {
    "accumulation": 31092.0,
    "bank_slope_deg": 2.85,
    "bank_slope_score": 1.0,
    "beach_dist_km": 192.7,
    "bridge_proximity_bonus": 0.0,
    "catchment_area_km2": 3.1036,
    "channel_width_m": 4.99,
    "channel_width_score": 1.0,
    "composite_score": 52.5418,
    "cso_density": 0.0,
    "ej_index": 0.7312,
    "elevation_m": 94.5002,
    "estuary_dist_km": 252.95,
    "feasibility_score": 79.3651,
    "flood_q10_cfs": 822.43,
    "flow_score": 24.2484,
    "flow_velocity_ms": 0.1153,
    "generation_score": 53.5911,
    "impact_score": 61.6587,
    "impervious_pct": 36.18,
    "land_ownership": 1.0,
    "lat": 35.7764,
    "litter_complaint_density": 0.0,
    "lon": -78.6952,
    "navigable_dist_m": null,
    "npdes_points": 0,
    "pixel_col": 1929.0,
    "pixel_row": 1011.0,
    "population_density": 2139.0,
    "position_along": 0.5,
    "protected_area_score": 69.1443,
    "rank": 2,
    "road_access_m": 74.9,
    "road_access_score": 1.0,
    "road_density_km_km2": 10.011,
    "robustness_pct": 78.0,
    "runoff_coeff_C": 0.3756,
    "seasonal_cv": 0.4371,
    "segment_id": 57,
    "segment_length_m": 2201.512,
    "stream_order": 3,
    "superfund_score": 0.092,
    "tourism_amenity_density": 11.3796,
    "tri_facility_density": 0.0,
    "usgs_mean_q_cfs": 2.317,
    "velocity_feasibility": 0.7,
    "water_intake_score": 0.7682
   },
   "type": "Feature"
  },
  {
   "geometry": {
    "coordinates": [
     -78.682771,
     35.764136
    ],
    "type": "Point"
   },
   "properties": {
    "accumulation": 287310.0,
    "bank_slope_deg": 1.23,
    "bank_slope_score": 1.0,
    "beach_dist_km": 190.99,
    "bridge_proximity_bonus": 0.0,
    "catchment_area_km2": 28.6791,
    "channel_width_m": 12.56,
    "channel_width_score": 1.0,
    "composite_score": 52.0571,
    "cso_density": 0.0,
    "ej_index": 0.6786,
    "elevation_m": 82.5355,
    "estuary_dist_km": 251.46,
    "feasibility_score": 71.4286,
    "flood_q10_cfs": 2726.0,
    "flow_score": 37.9344,
    "flow_velocity_ms": 0.1362,
    "generation_score": 45.975,
    "impact_score": 60.2223,
    "impervious_pct": 28.71,
    "land_ownership": 1.0,
    "lat": 35.7641,
    "litter_complaint_density": 0.0,
    "lon": -78.6828,
    "navigable_dist_m": null,
    "npdes_points": 7,
    "pixel_col": 2047.0,
    "pixel_row": 1143.0,
    "population_density": 1384.8,
    "position_along": 0.25,
    "protected_area_score": 68.9418,
    "rank": 3,
    "road_access_m": 416.8,
    "road_access_score": 0.8,
    "road_density_km_km2": 7.683,
    "robustness_pct": 77.5,
    "runoff_coeff_C": 0.3084,
    "seasonal_cv": 0.4577,
    "segment_id": 62,
    "segment_length_m": 4251.6176,
    "stream_order": 3,
    "superfund_score": 0.1329,
    "tourism_amenity_density": 7.719,
    "tri_facility_density": 0.0,
    "usgs_mean_q_cfs": 13.803,
    "velocity_feasibility": 0.7,
    "water_intake_score": 0.7903
   },
   "type": "Feature"
  },
  {
   "geometry": {
    "coordinates": [
     -78.692907,
     35.76673
    ],
    "type": "Point"
   },
   "properties": {
    "accumulation": 228806.0,
    "bank_slope_deg": 4.3,
    "bank_slope_score": 1.0,
    "beach_dist_km": 191.65,
    "bridge_proximity_bonus": 0.0,
    "catchment_area_km2": 22.8393,
    "channel_width_m": 11.43,
    "channel_width_score": 1.0,
    "composite_score": 50.6455,
    "cso_density": 0.0,
    "ej_index": 0.6494,
    "elevation_m": 86.3199,
    "estuary_dist_km": 252.42,
    "feasibility_score": 79.3651,
    "flood_q10_cfs": 2336.22,
    "flow_score": 32.6957,
    "flow_velocity_ms": 0.0555,
    "generation_score": 43.7615,
    "impact_score": 58.1278,
    "impervious_pct": 26.67,
    "land_ownership": 1.0,
    "lat": 35.7667,
    "litter_complaint_density": 0.0,
    "lon": -78.6929,
    "navigable_dist_m": null,
    "npdes_points": 4,
    "pixel_col": 1953.0,
    "pixel_row": 1113.0,
    "population_density": 1520.0,
    "position_along": 0.5,
    "protected_area_score": 68.3552,
    "rank": 4,
    "road_access_m": 127.9,
    "road_access_score": 1.0,
    "road_density_km_km2": 8.251,
    "robustness_pct": 50.5,
    "runoff_coeff_C": 0.29,
    "seasonal_cv": 0.4513,
    "segment_id": 61,
    "segment_length_m": 1019.9103,
    "stream_order": 3,
    "superfund_score": 0.0928,
    "tourism_amenity_density": 8.2761,
    "tri_facility_density": 0.0,
    "usgs_mean_q_cfs": 10.587,
    "velocity_feasibility": 0.7,
    "water_intake_score": 0.7863
   },
   "type": "Feature"
  },
  {
   "geometry": {
    "coordinates": [
     -78.665228,
     35.779593
    ],
    "type": "Point"
   },
   "properties": {
    "accumulation": 31257.0,
    "bank_slope_deg": 1.47,
    "bank_slope_score": 1.0,
    "beach_dist_km": 191.88,
    "bridge_proximity_bonus": 0.0,
    "catchment_area_km2": 3.1201,
    "channel_width_m": 5.0,
    "channel_width_score": 1.0,
    "composite_score": 49.3373,
    "cso_density": 0.0,
    "ej_index": 0.6072,
    "elevation_m": 93.1553,
    "estuary_dist_km": 250.49,
    "feasibility_score": 66.6667,
    "flood_q10_cfs": 999.95,
    "flow_score": 10.2647,
    "flow_velocity_ms": 0.0368,
    "generation_score": 58.0033,
    "impact_score": 64.5672,
    "impervious_pct": 47.12,
    "land_ownership": 1.0,
    "lat": 35.7796,
    "litter_complaint_density": 0.0,
    "lon": -78.6652,
    "navigable_dist_m": null,
    "npdes_points": 4,
    "pixel_col": 2202.0,
    "pixel_row": 967.0,
    "population_density": 1721.3,
    "position_along": 0.5,
    "protected_area_score": 72.0216,
    "rank": 5,
    "road_access_m": 93.3,
    "road_access_score": 1.0,
    "road_density_km_km2": 8.968,
    "robustness_pct": 34.0,
    "runoff_coeff_C": 0.4741,
    "seasonal_cv": 0.4369,
    "segment_id": 56,
    "segment_length_m": 2277.3013,
    "stream_order": 1,
    "superfund_score": 0.2299,
    "tourism_amenity_density": 14.6423,
    "tri_facility_density": 0.0,
    "usgs_mean_q_cfs": 1.768,
    "velocity_feasibility": 0.3,
    "water_intake_score": 0.7584
   },
   "type": "Feature"
  },
  {
   "geometry": {
    "coordinates": [
     -78.820104,
     35.823029
    ],
    "type": "Point"
   },
   "properties": {
    "accumulation": 272581.0,
    "bank_slope_deg": 2.28,
    "bank_slope_score": 1.0,
    "beach_dist_km": 202.41,
    "bridge_proximity_bonus": 0.0,
    "catchment_area_km2": 27.2089,
    "channel_width_m": 12.29,
    "channel_width_score": 1.0,
    "composite_score": 49.0622,
    "cso_density": 0.0,
    "ej_index": 0.5481,
    "elevation_m": 86.6085,
    "estuary_dist_km": 265.26,
    "feasibility_score": 71.4286,
    "flood_q10_cfs": 2768.89,
    "flow_score": 37.2078,
    "flow_velocity_ms": 0.0566,
    "generation_score": 58.5955,
    "impact_score": 38.2245,
    "impervious_pct": 31.95,
    "land_ownership": 1.0,
    "lat": 35.823,
    "litter_complaint_density": 0.0,
    "lon": -78.8201,
    "navigable_dist_m": null,
    "npdes_points": 14,
    "pixel_col": 790.0,
    "pixel_row": 516.0,
    "population_density": 1006.2,
    "position_along": 0.5,
    "protected_area_score": 52.9855,
    "rank": 6,
    "road_access_m": 231.6,
    "road_access_score": 0.8,
    "road_density_km_km2": 7.197,
    "robustness_pct": 37.0,
    "runoff_coeff_C": 0.3375,
    "seasonal_cv": 0.4564,
    "segment_id": 53,
    "segment_length_m": 48.2406,
    "stream_order": 3,
    "superfund_score": 0.0399,
    "tourism_amenity_density": 7.6394,
    "tri_facility_density": 0.0368,
    "usgs_mean_q_cfs": 17.783,
    "velocity_feasibility": 0.7,
    "water_intake_score": 0.918
   },
   "type": "Feature"
  },
  {
   "geometry": {
    "coordinates": [
     -78.687558,
     35.844506
    ],
    "type": "Point"
   },
   "properties": {
    "accumulation": 832051.0,
    "bank_slope_deg": 2.82,
    "bank_slope_score": 1.0,
    "beach_dist_km": 199.28,
    "bridge_proximity_bonus": 0.0,
    "catchment_area_km2": 83.0548,
    "channel_width_m": 19.53,
    "channel_width_score": 0.5,
    "composite_score": 48.5257,
    "cso_density": 0.0,
    "ej_index": 0.3905,
    "elevation_m": 66.8078,
    "estuary_dist_km": 254.72,
    "feasibility_score": 57.1429,
    "flood_q10_cfs": 4688.52,
    "flow_score": 72.4317,
    "flow_velocity_ms": 0.0699,
    "generation_score": 28.5662,
    "impact_score": 44.255,
    "impervious_pct": 25.33,
    "land_ownership": 1.0,
    "lat": 35.8445,
    "litter_complaint_density": 0.0,
    "lon": -78.6876,
    "navigable_dist_m": null,
    "npdes_points": 1,
    "pixel_col": 1983.0,
    "pixel_row": 252.0,
    "population_density": 912.0,
    "position_along": 0.5,
    "protected_area_score": 64.7986,
    "rank": 7,
    "road_access_m": 64.0,
    "road_access_score": 1.0,
    "road_density_km_km2": 4.589,
    "robustness_pct": 38.0,
    "runoff_coeff_C": 0.278,
    "seasonal_cv": 0.5019,
    "segment_id": 48,
    "segment_length_m": 136.4452,
    "stream_order": 3,
    "superfund_score": 0.0332,
    "tourism_amenity_density": 10.5042,
    "tri_facility_density": 0.0,
    "usgs_mean_q_cfs": 97.641,
    "velocity_feasibility": 0.7,
    "water_intake_score": 0.7582
   },
   "type": "Feature"
  },
  {
   "geometry": {
    "coordinates": [
     -78.701136,
     35.761283
    ],
    "type": "Point"
   },
   "properties": {
    "accumulation": 178770.0,
    "bank_slope_deg": 3.08,
    "bank_slope_score": 1.0,
    "beach_dist_km": 191.42,
    "bridge_proximity_bonus": 0.0,
    "catchment_area_km2": 17.8447,
    "channel_width_m": 10.32,
    "channel_width_score": 1.0,
    "composite_score": 48.3223,
    "cso_density": 0.0,
    "ej_index": 0.6195,
    "elevation_m": 91.5626,
    "estuary_dist_km": 252.95,
    "feasibility_score": 79.3651,
    "flood_q10_cfs": 2054.43,
    "flow_score": 32.7012,
    "flow_velocity_ms": 0.1515,
    "generation_score": 37.8852,
    "impact_score": 56.2557,
    "impervious_pct": 27.26,
    "land_ownership": 1.0,
    "lat": 35.7613,
    "litter_complaint_density": 0.0,
    "lon": -78.7011,
    "navigable_dist_m": null,
    "npdes_points": 2,
    "pixel_col": 1881.0,
    "pixel_row": 1179.0,
    "population_density": 1240.4,
    "position_along": 0.9167,
    "protected_area_score": 66.8477,
    "rank": 8,
    "road_access_m": 113.7,
    "road_access_score": 1.0,
    "road_density_km_km2": 7.531,
    "robustness_pct": 9.5,
    "runoff_coeff_C": 0.2953,
    "seasonal_cv": 0.4476,
    "segment_id": 55,
    "segment_length_m": 9338.5815,
    "stream_order": 3,
    "superfund_score": 0.0753,
    "tourism_amenity_density": 7.719,
    "tri_facility_density": 0.0,
    "usgs_mean_q_cfs": 8.936,
    "velocity_feasibility": 0.7,
    "water_intake_score": 0.8005
   },
   "type": "Feature"
  },
  {
   "geometry": {
    "coordinates": [
     -78.736,
     35.770704
    ],
    "type": "Point"
   },
   "properties": {
    "accumulation": 89287.0,
    "bank_slope_deg": 4.77,
    "bank_slope_score": 1.0,
    "beach_dist_km": 193.76,
    "bridge_proximity_bonus": 0.0,
    "catchment_area_km2": 8.9126,
    "channel_width_m": 7.73,
    "channel_width_score": 1.0,
    "composite_score": 47.5019,
    "cso_density": 0.0,
    "ej_index": 0.635,
    "elevation_m": 111.8625,
    "estuary_dist_km": 256.26,
    "feasibility_score": 79.3651,
    "flood_q10_cfs": 1480.9,
    "flow_score": 28.2631,
    "flow_velocity_ms": 0.1385,
    "generation_score": 41.807,
    "impact_score": 53.2977,
    "impervious_pct": 31.4,
    "land_ownership": 1.0,
    "lat": 35.7707,
    "litter_complaint_density": 0.0,
    "lon": -78.736,
    "navigable_dist_m": null,
    "npdes_points": 1,
    "pixel_col": 1562.0,
    "pixel_row": 1082.0,
    "population_density": 1157.5,
    "position_along": 0.4167,
    "protected_area_score": 63.2247,
    "rank": 9,
    "road_access_m": 139.7,
    "road_access_score": 1.0,
    "road_density_km_km2": 10.67,
    "robustness_pct": 0.0,
    "runoff_coeff_C": 0.3326,
    "seasonal_cv": 0.4358,
    "segment_id": 55,
    "segment_length_m": 9338.5815,
    "stream_order": 3,
    "superfund_score": 0.0694,
    "tourism_amenity_density": 8.7535,
    "tri_facility_density": 0.0,
    "usgs_mean_q_cfs": 4.677,
    "velocity_feasibility": 0.7,
    "water_intake_score": 0.8211
   },
   "type": "Feature"
  },
  {
   "geometry": {
    "coordinates": [
     -78.829437,
     35.809414
    ],
    "type": "Point"
   },
   "properties": {
    "accumulation": 139499.0,
    "bank_slope_deg": 1.83,
    "bank_slope_score": 1.0,
    "beach_dist_km": 201.47,
    "bridge_proximity_bonus": 0.0,
    "catchment_area_km2": 13.9247,
    "channel_width_m": 9.31,
    "channel_width_score": 1.0,
    "composite_score": 47.3142,
    "cso_density": 0.0,
    "ej_index": 0.5027,
    "elevation_m": 88.9259,
    "estuary_dist_km": 265.6,
    "feasibility_score": 62.6984,
    "flood_q10_cfs": 1899.78,
    "flow_score": 31.6584,
    "flow_velocity_ms": 0.1224,
    "generation_score": 59.8719,
    "impact_score": 40.1111,
    "impervious_pct": 31.54,
    "land_ownership": 0.5,
    "lat": 35.8094,
    "litter_complaint_density": 0.0,
    "lon": -78.8294,
    "navigable_dist_m": null,
    "npdes_points": 4,
    "pixel_col": 707.0,
    "pixel_row": 668.0,
    "population_density": 1254.0,
    "position_along": 0.5,
    "protected_area_score": 52.6317,
    "rank": 10,
    "road_access_m": 184.2,
    "road_access_score": 1.0,
    "road_density_km_km2": 8.964,
    "robustness_pct": 8.0,
    "runoff_coeff_C": 0.3339,
    "seasonal_cv": 0.4411,
    "segment_id": 51,
    "segment_length_m": 1771.7787,
    "stream_order": 3,
    "superfund_score": 0.0282,
    "tourism_amenity_density": 10.1859,
    "tri_facility_density": 0.0718,
    "usgs_mean_q_cfs": 11.014,
    "velocity_feasibility": 0.7,
    "water_intake_score": 0.98
   },
   "type": "Feature"
  },
  {
   "geometry": {
    "coordinates": [
     -78.824498,
     35.820026
    ],
    "type": "Point"
   },
   "properties": {
    "accumulation": 248598.0,
    "bank_slope_deg": 5.58,
    "bank_slope_score": 1.0,
    "beach_dist_km": 202.3,
    "bridge_proximity_bonus": 0.0,
    "catchment_area_km2": 24.8149,
    "channel_width_m": 11.83,
    "channel_width_score": 1.0,
    "composite_score": 47.2644,
    "cso_density": 0.0,
    "ej_index": 0.5391,
    "elevation_m": 86.0499,
    "estuary_dist_km": 265.54,
    "feasibility_score": 62.6984,
    "flood_q10_cfs": 2641.75,
    "flow_score": 36.0674,
    "flow_velocity_ms": 0.0556,
    "generation_score": 56.8328,
    "impact_score": 39.3097,
    "impervious_pct": 32.24,
    "land_ownership": 0.5,
    "lat": 35.82,
    "litter_complaint_density": 0.0,
    "lon": -78.8245,
    "navigable_dist_m": null,
    "npdes_points": 10,
    "pixel_col": 750.0,
    "pixel_row": 550.0,
    "population_density": 1102.0,
    "position_along": 0.5,
    "protected_area_score": 52.5854,
    "rank": 11,
    "road_access_m": 143.3,
    "road_access_score": 1.0,
    "road_density_km_km2": 7.735,
    "robustness_pct": 7.5,
    "runoff_coeff_C": 0.3402,
    "seasonal_cv": 0.4532,
    "segment_id": 52,
    "segment_length_m": 1028.603,
    "stream_order": 3,
    "superfund_score": 0.038,
    "tourism_amenity_density": 9.3106,
    "tri_facility_density": 0.0403,
    "usgs_mean_q_cfs": 16.563,
    "velocity_feasibility": 0.7,
    "water_intake_score": 0.9386
   },
   "type": "Feature"
  },
  {
   "geometry": {
    "coordinates": [
     -78.836834,
     35.815135
    ],
    "type": "Point"
   },
   "properties": {
    "accumulation": 94412.0,
    "bank_slope_deg": 1.56,
    "bank_slope_score": 1.0,
    "beach_dist_km": 202.35,
    "bridge_proximity_bonus": 0.0,
    "catchment_area_km2": 9.4241,
    "channel_width_m": 7.92,
    "channel_width_score": 1.0,
    "composite_score": 46.7048,
    "cso_density": 0.0,
    "ej_index": 0.5054,
    "elevation_m": 89.5402,
    "estuary_dist_km": 266.43,
    "feasibility_score": 50.0,
    "flood_q10_cfs": 1549.5,
    "flow_score": 26.7269,
    "flow_velocity_ms": 0.0459,
    "generation_score": 69.8921,
    "impact_score": 38.518,
    "impervious_pct": 32.44,
    "land_ownership": 0.5,
    "lat": 35.8151,
    "litter_complaint_density": 0.0,
    "lon": -78.8368,
    "navigable_dist_m": null,
    "npdes_points": 3,
    "pixel_col": 640.0,
    "pixel_row": 608.0,
    "population_density": 1468.9,
    "position_along": 0.75,
    "protected_area_score": 51.2627,
    "rank": 12,
    "road_access_m": 149.0,
    "road_access_score": 1.0,
    "road_density_km_km2": 9.598,
    "robustness_pct": 22.0,
    "runoff_coeff_C": 0.342,
    "seasonal_cv": 0.4281,
    "segment_id": 27,
    "segment_length_m": 4091.0521,
    "stream_order": 3,
    "superfund_score": 0.033,
    "tourism_amenity_density": 9.3106,
    "tri_facility_density": 0.1061,
    "usgs_mean_q_cfs": 4.495,
    "velocity_feasibility": 0.3,
    "water_intake_score": 0.9957
   },
   "type": "Feature"
  },
  {
   "geometry": {
    "coordinates": [
     -78.715643,
     35.761137
    ],
    "type": "Point"
   },
   "properties": {
    "accumulation": 152081.0,
    "bank_slope_deg": 0.06,
    "bank_slope_score": 1.0,
    "beach_dist_km": 191.99,
    "bridge_proximity_bonus": 0.0,
    "catchment_area_km2": 15.1806,
    "channel_width_m": 9.65,
    "channel_width_score": 1.0,
    "composite_score": 46.0887,
    "cso_density": 0.0,
    "ej_index": 0.5753,
    "elevation_m": 103.2082,
    "estuary_dist_km": 254.19,
    "feasibility_score": 71.4286,
    "flood_q10_cfs": 1883.89,
    "flow_score": 29.9027,
    "flow_velocity_ms": 0.0893,
    "generation_score": 38.6578,
    "impact_score": 54.3379,
    "impervious_pct": 27.47,
    "land_ownership": 1.0,
    "lat": 35.7611,
    "litter_complaint_density": 0.0,
    "lon": -78.7156,
    "navigable_dist_m": null,
    "npdes_points": 4,
    "pixel_col": 1750.0,
    "pixel_row": 1183.0,
    "population_density": 1032.7,
    "position_along": 0.75,
    "protected_area_score": 65.0038,
    "rank": 13,
    "road_access_m": 329.9,
    "road_access_score": 0.8,
    "road_density_km_km2": 8.21,
    "robustness_pct": 0.0,
    "runoff_coeff_C": 0.2972,
    "seasonal_cv": 0.4457,
    "segment_id": 55,
    "segment_length_m": 9338.5815,
    "stream_order": 3,
    "superfund_score": 0.0618,
    "tourism_amenity_density": 9.231,
    "tri_facility_density": 0.0,
    "usgs_mean_q_cfs": 8.149,
    "velocity_feasibility": 0.7,
    "water_intake_score": 0.8077
   },
   "type": "Feature"
  },
  {
   "geometry": {
    "coordinates": [
     -78.722236,
     35.769069
    ],
    "type": "Point"
   },
   "properties": {
    "accumulation": 134245.0,
    "bank_slope_deg": 1.76,
    "bank_slope_score": 1.0,
    "beach_dist_km": 193.04,
    "bridge_proximity_bonus": 0.0,
    "catchment_area_km2": 13.4003,
    "channel_width_m": 9.16,
    "channel_width_score": 1.0,
    "composite_score": 45.0884,
    "cso_density": 0.0,
    "ej_index": 0.6014,
    "elevation_m": 104.8126,
    "estuary_dist_km": 255.03,
    "feasibility_score": 66.6667,
    "flood_q10_cfs": 1835.3,
    "flow_score": 28.5558,
    "flow_velocity_ms": 0.0498,
    "generation_score": 38.4625,
    "impact_score": 54.7024,
    "impervious_pct": 30.58,
    "land_ownership": 1.0,
    "lat": 35.7691,
    "litter_complaint_density": 0.0,
    "lon": -78.7222,
    "navigable_dist_m": null,
    "npdes_points": 1,
    "pixel_col": 1687.0,
    "pixel_row": 1097.0,
    "population_density": 1073.5,
    "position_along": 0.5833,
    "protected_area_score": 65.2411,
    "rank": 14,
    "road_access_m": 114.5,
    "road_access_score": 1.0,
    "road_density_km_km2": 9.015,
    "robustness_pct": 0.0,
    "runoff_coeff_C": 0.3252,
    "seasonal_cv": 0.4408,
    "segment_id": 55,
    "segment_length_m": 9338.5815,
    "stream_order": 3,
    "superfund_score": 0.067,
    "tourism_amenity_density": 10.1063,
    "tri_facility_density": 0.0,
    "usgs_mean_q_cfs": 6.307,
    "velocity_feasibility": 0.3,
    "water_intake_score": 0.8032
   },
   "type": "Feature"
  },
  {
   "geometry": {
    "coordinates": [
     -78.697616,
     35.844613
    ],
    "type": "Point"
   },
   "properties": {
    "accumulation": 788777.0,
    "bank_slope_deg": 6.3,
    "bank_slope_score": 1.0,
    "beach_dist_km": 199.66,
    "bridge_proximity_bonus": 0.0,
    "catchment_area_km2": 78.7352,
    "channel_width_m": 19.1,
    "channel_width_score": 0.5,
    "composite_score": 44.7904,
    "cso_density": 0.0,
    "ej_index": 0.41,
    "elevation_m": 67.0331,
    "estuary_dist_km": 255.58,
    "feasibility_score": 40.4762,
    "flood_q10_cfs": 4565.7,
    "flow_score": 69.3166,
    "flow_velocity_ms": 0.0692,
    "generation_score": 28.1859,
    "impact_score": 43.1135,
    "impervious_pct": 25.55,
    "land_ownership": 0.5,
    "lat": 35.8446,
    "litter_complaint_density": 0.0,
    "lon": -78.6976,
    "navigable_dist_m": null,
    "npdes_points": 1,
    "pixel_col": 1892.0,
    "pixel_row": 249.0,
    "population_density": 840.2,
    "position_along": 0.75,
    "protected_area_score": 63.726,
    "rank": 15,
    "road_access_m": 137.2,
    "road_access_score": 1.0,
    "road_density_km_km2": 4.851,
    "robustness_pct": 21.0,
    "runoff_coeff_C": 0.2799,
    "seasonal_cv": 0.4996,
    "segment_id": 47,
    "segment_length_m": 3831.5811,
    "stream_order": 3,
    "superfund_score": 0.0338,
    "tourism_amenity_density": 9.7085,
    "tri_facility_density": 0.0,
    "usgs_mean_q_cfs": 89.592,
    "velocity_feasibility": 0.7,
    "water_intake_score": 0.7558
   },
   "type": "Feature"
  },
  {
   "geometry": {
    "coordinates": [
     -78.833146,
     35.823617
    ],
    "type": "Point"
   },
   "properties": {
    "accumulation": 21655.0,
    "bank_slope_deg": 2.05,
    "bank_slope_score": 1.0,
    "beach_dist_km": 203.02,
    "bridge_proximity_bonus": 0.2,
    "catchment_area_km2": 2.1616,
    "channel_width_m": 4.3,
    "channel_width_score": 1.0,
    "composite_score": 43.9842,
    "cso_density": 0.0,
    "ej_index": 0.5728,
    "elevation_m": 90.1549,
    "estuary_dist_km": 266.4,
    "feasibility_score": 90.4762,
    "flood_q10_cfs": 637.71,
    "flow_score": 8.6272,
    "flow_velocity_ms": 0.0689,
    "generation_score": 54.3708,
    "impact_score": 39.8157,
    "impervious_pct": 37.22,
    "land_ownership": 1.0,
    "lat": 35.8236,
    "litter_complaint_density": 0.0,
    "lon": -78.8331,
    "navigable_dist_m": null,
    "npdes_points": 3,
    "pixel_col": 671.0,
    "pixel_row": 513.0,
    "population_density": 1688.4,
    "position_along": 0.5,
    "protected_area_score": 51.5529,
    "rank": 16,
    "road_access_m": 44.3,
    "road_access_score": 1.0,
    "road_density_km_km2": 11.702,
    "robustness_pct": 6.0,
    "runoff_coeff_C": 0.385,
    "seasonal_cv": 0.42,
    "segment_id": 20,
    "segment_length_m": 484.8307,
    "stream_order": 1,
    "superfund_score": 0.0486,
    "tourism_amenity_density": 9.5493,
    "tri_facility_density": 0.0,
    "usgs_mean_q_cfs": 1.348,
    "velocity_feasibility": 0.7,
    "water_intake_score": 0.9623
   },
   "type": "Feature"
  },
  {
   "geometry": {
    "coordinates": [
     -78.747955,
     35.775903
    ],
    "type": "Point"
   },
   "properties": {
    "accumulation": 52231.0,
    "bank_slope_deg": 2.18,
    "bank_slope_score": 1.0,
    "beach_dist_km": 194.76,
    "bridge_proximity_bonus": 0.0,
    "catchment_area_km2": 5.2137,
    "channel_width_m": 6.19,
    "channel_width_score": 1.0,
    "composite_score": 43.8226,
    "cso_density": 0.0,
    "ej_index": 0.6126,
    "elevation_m": 119.2923,
    "estuary_dist_km": 257.47,
    "feasibility_score": 62.6984,
    "flood_q10_cfs": 1047.05,
    "flow_score": 24.5683,
    "flow_velocity_ms": 0.1085,
    "generation_score": 42.8244,
    "impact_score": 51.4281,
    "impervious_pct": 27.64,
    "land_ownership": 0.5,
    "lat": 35.7759,
    "litter_complaint_density": 0.0,
    "lon": -78.748,
    "navigable_dist_m": null,
    "npdes_points": 2,
    "pixel_col": 1454.0,
    "pixel_row": 1026.0,
    "population_density": 1471.8,
    "position_along": 0.25,
    "protected_area_score": 62.1254,
    "rank": 17,
    "road_access_m": 128.9,
    "road_access_score": 1.0,
    "road_density_km_km2": 9.333,
    "robustness_pct": 0.0,
    "runoff_coeff_C": 0.2988,
    "seasonal_cv": 0.431,
    "segment_id": 55,
    "segment_length_m": 9338.5815,
    "stream_order": 3,
    "superfund_score": 0.0982,
    "tourism_amenity_density": 8.4352,
    "tri_facility_density": 0.0,
    "usgs_mean_q_cfs": 2.95,
    "velocity_feasibility": 0.7,
    "water_intake_score": 0.8358
   },
   "type": "Feature"
  },
  {
   "geometry": {
    "coordinates": [
     -78.678596,
     35.837592
    ],
    "type": "Point"
   },
   "properties": {
    "accumulation": 36852.0,
    "bank_slope_deg": 3.93,
    "bank_slope_score": 1.0,
    "beach_dist_km": 198.24,
    "bridge_proximity_bonus": 0.0,
    "catchment_area_km2": 3.6785,
    "channel_width_m": 5.36,
    "channel_width_score": 1.0,
    "composite_score": 43.6447,
    "cso_density": 0.0,
    "ej_index": 0.4989,
    "elevation_m": 66.4036,
    "estuary_dist_km": 253.7,
    "feasibility_score": 72.2222,
    "flood_q10_cfs": 496.31,
    "flow_score": 40.8363,
    "flow_velocity_ms": 0.5,
    "generation_score": 24.9939,
    "impact_score": 50.3473,
    "impervious_pct": null,
    "land_ownership": 0.5,
    "lat": 35.8376,
    "litter_complaint_density": 0.0,
    "lon": -78.6786,
    "navigable_dist_m": null,
    "npdes_points": 0,
    "pixel_col": 2065.0,
    "pixel_row": 326.0,
    "population_density": 1200.5,
    "position_along": 0.5,
    "protected_area_score": 66.298,
    "rank": 18,
    "road_access_m": 41.1,
    "road_access_score": 1.0,
    "road_density_km_km2": 11.423,
    "robustness_pct": 0.0,
    "runoff_coeff_C": null,
    "seasonal_cv": null,
    "segment_id": 15,
    "segment_length_m": 418.3223,
    "stream_order": 3,
    "superfund_score": 0.0381,
    "tourism_amenity_density": 12.4141,
    "tri_facility_density": 0.0,
    "usgs_mean_q_cfs": null,
    "velocity_feasibility": 1.0,
    "water_intake_score": 0.7535
   },
   "type": "Feature"
  },
  {
   "geometry": {
    "coordinates": [
     -78.713227,
     35.845291
    ],
    "type": "Point"
   },
   "properties": {
    "accumulation": 744800.0,
    "bank_slope_deg": 11.03,
    "bank_slope_score": 1.0,
    "beach_dist_km": 200.32,
    "bridge_proximity_bonus": 0.0,
    "catchment_area_km2": 74.3455,
    "channel_width_m": 18.65,
    "channel_width_score": 0.5,
    "composite_score": 43.4771,
    "cso_density": 0.0,
    "ej_index": 0.4562,
    "elevation_m": 68.1606,
    "estuary_dist_km": 256.93,
    "feasibility_score": 40.4762,
    "flood_q10_cfs": 4425.35,
    "flow_score": 67.4151,
    "flow_velocity_ms": 0.0683,
    "generation_score": 27.942,
    "impact_score": 40.5643,
    "impervious_pct": 25.59,
    "land_ownership": 0.5,
    "lat": 35.8453,
    "litter_complaint_density": 0.0,
    "lon": -78.7132,
    "navigable_dist_m": null,
    "npdes_points": 2,
    "pixel_col": 1750.0,
    "pixel_row": 248.0,
    "population_density": 730.6,
    "position_along": 0.25,
    "protected_area_score": 61.7672,
    "rank": 19,
    "road_access_m": 161.2,
    "road_access_score": 1.0,
    "road_density_km_km2": 4.741,
    "robustness_pct": 13.0,
    "runoff_coeff_C": 0.2803,
    "seasonal_cv": 0.4989,
    "segment_id": 47,
    "segment_length_m": 3831.5811,
    "stream_order": 3,
    "superfund_score": 0.0341,
    "tourism_amenity_density": 6.6049,
    "tri_facility_density": 0.0,
    "usgs_mean_q_cfs": 87.491,
    "velocity_feasibility": 0.7,
    "water_intake_score": 0.7623
   },
   "type": "Feature"
  },
  {
   "geometry": {
    "coordinates": [
     -78.702114,
     35.767876
    ],
    "type": "Point"
   },
   "properties": {
    "accumulation": 27699.0,
    "bank_slope_deg": 1.26,
    "bank_slope_score": 1.0,
    "beach_dist_km": 192.12,
    "bridge_proximity_bonus": 0.0,
    "catchment_area_km2": 2.7649,
    "channel_width_m": 4.76,
    "channel_width_score": 1.0,
    "composite_score": 43.1403,
    "cso_density": 0.0,
    "ej_index": 0.6089,
    "elevation_m": 97.8678,
    "estuary_dist_km": 253.25,
    "feasibility_score": 62.6984,
    "flood_q10_cfs": 615.56,
    "flow_score": 22.0826,
    "flow_velocity_ms": 0.1219,
    "generation_score": 37.7811,
    "impact_score": 56.2685,
    "impervious_pct": 24.6,
    "land_ownership": 0.5,
    "lat": 35.7679,
    "litter_complaint_density": 0.0,
    "lon": -78.7021,
    "navigable_dist_m": null,
    "npdes_points": 0,
    "pixel_col": 1871.0,
    "pixel_row": 1106.0,
    "population_density": 1528.1,
    "position_along": 0.5,
    "protected_area_score": 67.6494,
    "rank": 20,
    "road_access_m": 89.3,
    "road_access_score": 1.0,
    "road_density_km_km2": 7.785,
    "robustness_pct": 0.0,
    "runoff_coeff_C": 0.2714,
    "seasonal_cv": 0.4417,
    "segment_id": 60,
    "segment_length_m": 1625.7585,
    "stream_order": 3,
    "superfund_score": 0.078,
    "tourism_amenity_density": 8.9127,
    "tri_facility_density": 0.0,
    "usgs_mean_q_cfs": 1.534,
    "velocity_feasibility": 0.7,
    "water_intake_score": 0.7869
   },
   "type": "Feature"
  },
  {
   "geometry": {
    "coordinates": [
     -78.757981,
     35.784549
    ],
    "type": "Point"
   },
   "properties": {
    "accumulation": 28572.0,
    "bank_slope_deg": 1.22,
    "bank_slope_score": 1.0,
    "beach_dist_km": 196.03,
    "bridge_proximity_bonus": 0.0,
    "catchment_area_km2": 2.852,
    "channel_width_m": 4.82,
    "channel_width_score": 1.0,
    "composite_score": 43.0243,
    "cso_density": 0.0,
    "ej_index": 0.7569,
    "elevation_m": 128.5652,
    "estuary_dist_km": 258.62,
    "feasibility_score": 62.6984,
    "flood_q10_cfs": 664.56,
    "flow_score": 22.905,
    "flow_velocity_ms": 0.1125,
    "generation_score": 37.9695,
    "impact_score": 55.0081,
    "impervious_pct": 27.64,
    "land_ownership": 0.5,
    "lat": 35.7845,
    "litter_complaint_density": 0.0,
    "lon": -78.758,
    "navigable_dist_m": null,
    "npdes_points": 2,
    "pixel_col": 1361.0,
    "pixel_row": 933.0,
    "population_density": 1094.3,
    "position_along": 0.0833,
    "protected_area_score": 61.4161,
    "rank": 21,
    "road_access_m": 143.7,
    "road_access_score": 1.0,
    "road_density_km_km2": 8.823,
    "robustness_pct": 0.0,
    "runoff_coeff_C": 0.2988,
    "seasonal_cv": 0.431,
    "segment_id": 55,
    "segment_length_m": 9338.5815,
    "stream_order": 3,
    "superfund_score": 0.253,
    "tourism_amenity_density": 7.6394,
    "tri_facility_density": 0.0,
    "usgs_mean_q_cfs": 2.95,
    "velocity_feasibility": 0.7,
    "water_intake_score": 0.8326
   },
   "type": "Feature"
  },
  {
   "geometry": {
    "coordinates": [
     -78.660383,
     35.835045
    ],
    "type": "Point"
   },
   "properties": {
    "accumulation": 162502.0,
    "bank_slope_deg": 2.49,
    "bank_slope_score": 1.0,
    "beach_dist_km": 197.31,
    "bridge_proximity_bonus": 0.0,
    "catchment_area_km2": 16.2208,
    "channel_width_m": 9.92,
    "channel_width_score": 1.0,
    "composite_score": 42.9089,
    "cso_density": 0.0,
    "ej_index": 0.3059,
    "elevation_m": 63.2236,
    "estuary_dist_km": 252.06,
    "feasibility_score": 88.8889,
    "flood_q10_cfs": 1337.15,
    "flow_score": 46.3365,
    "flow_velocity_ms": 0.5,
    "generation_score": 16.6807,
    "impact_score": 43.2906,
    "impervious_pct": null,
    "land_ownership": 1.0,
    "lat": 35.835,
    "litter_complaint_density": 0.0,
    "lon": -78.6604,
    "navigable_dist_m": null,
    "npdes_points": 0,
    "pixel_col": 2231.0,
    "pixel_row": 352.0,
    "population_density": 1057.0,
    "position_along": 0.5,
    "protected_area_score": 67.3983,
    "rank": 22,
    "road_access_m": 113.6,
    "road_access_score": 1.0,
    "road_density_km_km2": 5.745,
    "robustness_pct": 3.5,
    "runoff_coeff_C": null,
    "seasonal_cv": null,
    "segment_id": 31,
    "segment_length_m": 1028.603,
    "stream_order": 3,
    "superfund_score": 0.0404,
    "tourism_amenity_density": 7.6394,
    "tri_facility_density": 0.0,
    "usgs_mean_q_cfs": null,
    "velocity_feasibility": 1.0,
    "water_intake_score": 0.75
   },
   "type": "Feature"
  },
  {
   "geometry": {
    "coordinates": [
     -78.725666,
     35.803809
    ],
    "type": "Point"
   },
   "properties": {
    "accumulation": 34573.0,
    "bank_slope_deg": 5.98,
    "bank_slope_score": 1.0,
    "beach_dist_km": 196.64,
    "bridge_proximity_bonus": 0.0,
    "catchment_area_km2": 3.4511,
    "channel_width_m": 5.22,
    "channel_width_score": 1.0,
    "composite_score": 42.3861,
    "cso_density": 0.0,
    "ej_index": 0.5695,
    "elevation_m": 108.0907,
    "estuary_dist_km": 256.51,
    "feasibility_score": 66.6667,
    "flood_q10_cfs": 1023.35,
    "flow_score": 24.1159,
    "flow_velocity_ms": 0.0375,
    "generation_score": 36.8071,
    "impact_score": 51.0499,
    "impervious_pct": 44.1,
    "land_ownership": 1.0,
    "lat": 35.8038,
    "litter_complaint_density": 0.0,
    "lon": -78.7257,
    "navigable_dist_m": null,
    "npdes_points": 0,
    "pixel_col": 1645.0,
    "pixel_row": 708.0,
    "population_density": 477.6,
    "position_along": 0.5,
    "protected_area_score": 65.3405,
    "rank": 23,
    "road_access_m": 92.0,
    "road_access_score": 1.0,
    "road_density_km_km2": 7.998,
    "robustness_pct": 0.0,
    "runoff_coeff_C": 0.4469,
    "seasonal_cv": 0.4359,
    "segment_id": 43,
    "segment_length_m": 1430.544,
    "stream_order": 3,
    "superfund_score": 0.2208,
    "tourism_amenity_density": 8.9127,
    "tri_facility_density": 0.0,
    "usgs_mean_q_cfs": 1.829,
    "velocity_feasibility": 0.3,
    "water_intake_score": 0.7654
   },
   "type": "Feature"
  },
  {
   "geometry": {
    "coordinates": [
     -78.87112,
     35.747031
    ],
    "type": "Point"
   },
   "properties": {
    "accumulation": 26008.0,
    "bank_slope_deg": 1.31,
    "bank_slope_score": 1.0,
    "beach_dist_km": 197.26,
    "bridge_proximity_bonus": 0.0,
    "catchment_area_km2": 2.5961,
    "channel_width_m": 4.64,
    "channel_width_score": 1.0,
    "composite_score": 42.2415,
    "cso_density": 0.0,
    "ej_index": 0.5115,
    "elevation_m": 99.761,
    "estuary_dist_km": 267.18,
    "feasibility_score": 79.3651,
    "flood_q10_cfs": 722.17,
    "flow_score": 23.7864,
    "flow_velocity_ms": 0.1118,
    "generation_score": 40.789,
    "impact_score": 40.5116,
    "impervious_pct": 36.44,
    "land_ownership": 1.0,
    "lat": 35.747,
    "litter_complaint_density": 0.0,
    "lon": -78.8711,
    "navigable_dist_m": null,
    "npdes_points": 0,
    "pixel_col": 344.0,
    "pixel_row": 1369.0,
    "population_density": 1002.7,
    "position_along": 0.5,
    "protected_area_score": 36.7855,
    "rank": 24,
    "road_access_m": 95.0,
    "road_access_score": 1.0,
    "road_density_km_km2": 9.892,
    "robustness_pct": 0.0,
    "runoff_coeff_C": 0.378,
    "seasonal_cv": 0.4244,
    "segment_id": 77,
    "segment_length_m": 751.8684,
    "stream_order": 3,
    "superfund_score": 0.0095,
    "tourism_amenity_density": 3.1035,
    "tri_facility_density": 0.0,
    "usgs_mean_q_cfs": 1.342,
    "velocity_feasibility": 0.7,
    "water_intake_score": 1.4284
   },
   "type": "Feature"
  },
  {
   "geometry": {
    "coordinates": [
     -78.780053,
     35.839651
    ],
    "type": "Point"
   },
   "properties": {
    "accumulation": 339966.0,
    "bank_slope_deg": 9.75,
    "bank_slope_score": 1.0,
    "beach_dist_km": 202.39,
    "bridge_proximity_bonus": 0.2,
    "catchment_area_km2": 33.9352,
    "channel_width_m": 13.47,
    "channel_width_score": 1.0,
    "composite_score": 42.1524,
    "cso_density": 0.0,
    "ej_index": 0.4014,
    "elevation_m": 78.8818,
    "estuary_dist_km": 262.42,
    "feasibility_score": 73.8095,
    "flood_q10_cfs": 3009.73,
    "flow_score": 48.7772,
    "flow_velocity_ms": 0.1477,
    "generation_score": 31.8668,
    "impact_score": 31.0887,
    "impervious_pct": 29.13,
    "land_ownership": 0.5,
    "lat": 35.8397,
    "litter_complaint_density": 0.0,
    "lon": -78.7801,
    "navigable_dist_m": null,
    "npdes_points": 4,
    "pixel_col": 1147.0,
    "pixel_row": 323.0,
    "population_density": 303.6,
    "position_along": 0.125,
    "protected_area_score": 54.9178,
    "rank": 25,
    "road_access_m": 179.4,
    "road_access_score": 1.0,
    "road_density_km_km2": 3.211,
    "robustness_pct": 0.5,
    "runoff_coeff_C": 0.3122,
    "seasonal_cv": 0.507,
    "segment_id": 38,
    "segment_length_m": 6052.4868,
    "stream_order": 3,
    "superfund_score": 0.0324,
    "tourism_amenity_density": 3.7401,
    "tri_facility_density": 0.0295,
    "usgs_mean_q_cfs": 55.401,
    "velocity_feasibility": 0.7,
    "water_intake_score": 0.8051
   },
   "type": "Feature"
  },
  {
   "geometry": {
    "coordinates": [
     -78.863649,
     35.777589
    ],
    "type": "Point"
   },
   "properties": {
    "accumulation": 40644.0,
    "bank_slope_deg": 1.91,
    "bank_slope_score": 1.0,
    "beach_dist_km": 199.87,
    "bridge_proximity_bonus": 0.0,
    "catchment_area_km2": 4.0571,
    "channel_width_m": 5.58,
    "channel_width_score": 1.0,
    "composite_score": 41.9689,
    "cso_density": 0.0,
    "ej_index": 0.4134,
    "elevation_m": 95.4229,
    "estuary_dist_km": 267.5,
    "feasibility_score": 79.3651,
    "flood_q10_cfs": 887.12,
    "flow_score": 24.5772,
    "flow_velocity_ms": 0.1208,
    "generation_score": 41.9214,
    "impact_score": 37.8112,
    "impervious_pct": 28.97,
    "land_ownership": 1.0,
    "lat": 35.7776,
    "litter_complaint_density": 0.0,
    "lon": -78.8636,
    "navigable_dist_m": null,
    "npdes_points": 1,
    "pixel_col": 403.0,
    "pixel_row": 1031.0,
    "population_density": 1396.9,
    "position_along": 0.25,
    "protected_area_score": 42.4823,
    "rank": 26,
    "road_access_m": 76.7,
    "road_access_score": 1.0,
    "road_density_km_km2": 9.601,
    "robustness_pct": 0.0,
    "runoff_coeff_C": 0.3107,
    "seasonal_cv": 0.419,
    "segment_id": 63,
    "segment_length_m": 3933.3268,
    "stream_order": 3,
    "superfund_score": 0.0129,
    "tourism_amenity_density": 8.1965,
    "tri_facility_density": 0.0,
    "usgs_mean_q_cfs": 3.383,
    "velocity_feasibility": 0.7,
    "water_intake_score": 1.2459
   },
   "type": "Feature"
  },
  {
   "geometry": {
    "coordinates": [
     -78.681183,
     35.829399
    ],
    "type": "Point"
   },
   "properties": {
    "accumulation": 68172.0,
    "bank_slope_deg": 9.05,
    "bank_slope_score": 1.0,
    "beach_dist_km": 197.51,
    "bridge_proximity_bonus": 0.0,
    "catchment_area_km2": 6.8049,
    "channel_width_m": 6.91,
    "channel_width_score": 1.0,
    "composite_score": 41.9338,
    "cso_density": 0.0,
    "ej_index": 0.377,
    "elevation_m": 72.2334,
    "estuary_dist_km": 253.62,
    "feasibility_score": 62.6984,
    "flood_q10_cfs": 1258.04,
    "flow_score": 26.4388,
    "flow_velocity_ms": 0.146,
    "generation_score": 38.3169,
    "impact_score": 48.0809,
    "impervious_pct": 26.66,
    "land_ownership": 0.5,
    "lat": 35.8294,
    "litter_complaint_density": 0.0,
    "lon": -78.6812,
    "navigable_dist_m": null,
    "npdes_points": 0,
    "pixel_col": 2043.0,
    "pixel_row": 415.0,
    "population_density": 1199.0,
    "position_along": 0.75,
    "protected_area_score": 67.343,
    "rank": 27,
    "road_access_m": 155.6,
    "road_access_score": 1.0,
    "road_density_km_km2": 10.433,
    "robustness_pct": 0.0,
    "runoff_coeff_C": 0.2899,
    "seasonal_cv": 0.4357,
    "segment_id": 29,
    "segment_length_m": 4243.4626,
    "stream_order": 3,
    "superfund_score": 0.0468,
    "tourism_amenity_density": 13.2894,
    "tri_facility_density": 0.0,
    "usgs_mean_q_cfs": 3.362,
    "velocity_feasibility": 0.7,
    "water_intake_score": 0.74
   },
   "type": "Feature"
  },
  {
   "geometry": {
    "coordinates": [
     -78.670695,
     35.838702
    ],
    "type": "Point"
   },
   "properties": {
    "accumulation": 115502.0,
    "bank_slope_deg": 5.19,
    "bank_slope_score": 1.0,
    "beach_dist_km": 198.06,
    "bridge_proximity_bonus": 0.0,
    "catchment_area_km2": 11.5293,
    "channel_width_m": 8.61,
    "channel_width_score": 1.0,
    "composite_score": 41.8279,
    "cso_density": 0.0,
    "ej_index": 0.3768,
    "elevation_m": 63.6517,
    "estuary_dist_km": 253.07,
    "feasibility_score": 72.2222,
    "flood_q10_cfs": 1106.76,
    "flow_score": 44.5507,
    "flow_velocity_ms": 0.5,
    "generation_score": 20.7853,
    "impact_score": 45.4043,
    "impervious_pct": null,
    "land_ownership": 0.5,
    "lat": 35.8387,
    "litter_complaint_density": 0.0,
    "lon": -78.6707,
    "navigable_dist_m": null,
    "npdes_points": 0,
    "pixel_col": 2136.0,
    "pixel_row": 310.0,
    "population_density": 1109.9,
    "position_along": 0.5,
    "protected_area_score": 66.468,
    "rank": 28,
    "road_access_m": 115.0,
    "road_access_score": 1.0,
    "road_density_km_km2": 8.72,
    "robustness_pct": 0.0,
    "runoff_coeff_C": null,
    "seasonal_cv": null,
    "segment_id": 30,
    "segment_length_m": 1425.8174,
    "stream_order": 3,
    "superfund_score": 0.0368,
    "tourism_amenity_density": 9.7085,
    "tri_facility_density": 0.0,
    "usgs_mean_q_cfs": null,
    "velocity_feasibility": 1.0,
    "water_intake_score": 0.7505
   },
   "type": "Feature"
  },
  {
   "geometry": {
    "coordinates": [
     -78.828255,
     35.774035
    ],
    "type": "Point"
   },
   "properties": {
    "accumulation": 29304.0,
    "bank_slope_deg": 1.04,
    "bank_slope_score": 1.0,
    "beach_dist_km": 197.96,
    "bridge_proximity_bonus": 0.0,
    "catchment_area_km2": 2.9251,
    "channel_width_m": 4.87,
    "channel_width_score": 1.0,
    "composite_score": 41.6753,
    "cso_density": 0.0,
    "ej_index": 0.3062,
    "elevation_m": 104.6708,
    "estuary_dist_km": 264.33,
    "feasibility_score": 79.3651,
    "flood_q10_cfs": 726.97,
    "flow_score": 22.5536,
    "flow_velocity_ms": 0.0751,
    "generation_score": 42.0527,
    "impact_score": 38.3879,
    "impervious_pct": 31.68,
    "land_ownership": 1.0,
    "lat": 35.774,
    "litter_complaint_density": 0.0,
    "lon": -78.8283,
    "navigable_dist_m": null,
    "npdes_points": 0,
    "pixel_col": 728.0,
    "pixel_row": 1061.0,
    "population_density": 1373.0,
    "position_along": 0.5,
    "protected_area_score": 52.1103,
    "rank": 29,
    "road_access_m": 122.9,
    "road_access_score": 1.0,
    "road_density_km_km2": 9.622,
    "robustness_pct": 0.0,
    "runoff_coeff_C": 0.3351,
    "seasonal_cv": 0.4231,
    "segment_id": 67,
    "segment_length_m": 1239.4174,
    "stream_order": 3,
    "superfund_score": 0.0181,
    "tourism_amenity_density": 9.7085,
    "tri_facility_density": 0.0,
    "usgs_mean_q_cfs": 1.479,
    "velocity_feasibility": 0.7,
    "water_intake_score": 1.0684
   },
   "type": "Feature"
  },
  {
   "geometry": {
    "coordinates": [
     -78.891256,
     35.73078
    ],
    "type": "Point"
   },
   "properties": {
    "accumulation": 144862.0,
    "bank_slope_deg": 0.59,
    "bank_slope_score": 1.0,
    "beach_dist_km": 196.63,
    "bridge_proximity_bonus": 0.2,
    "catchment_area_km2": 14.46,
    "channel_width_m": 9.45,
    "channel_width_score": 1.0,
    "composite_score": 41.4722,
    "cso_density": 0.0,
    "ej_index": 0.3454,
    "elevation_m": 83.8054,
    "estuary_dist_km": 268.44,
    "feasibility_score": 73.8095,
    "flood_q10_cfs": 1875.85,
    "flow_score": 30.3639,
    "flow_velocity_ms": 0.0986,
    "generation_score": 35.3405,
    "impact_score": 40.6921,
    "impervious_pct": 29.11,
    "land_ownership": 0.5,
    "lat": 35.7308,
    "litter_complaint_density": 0.0,
    "lon": -78.8913,
    "navigable_dist_m": null,
    "npdes_points": 0,
    "pixel_col": 165.0,
    "pixel_row": 1557.0,
    "population_density": 1179.3,
    "position_along": 0.5,
    "protected_area_score": 30.8552,
    "rank": 30,
    "road_access_m": 195.3,
    "road_access_score": 1.0,
    "road_density_km_km2": 6.967,
    "robustness_pct": 0.0,
    "runoff_coeff_C": 0.312,
    "seasonal_cv": 0.4285,
    "segment_id": 88,
    "segment_length_m": 556.4816,
    "stream_order": 3,
    "superfund_score": 0.0072,
    "tourism_amenity_density": 6.1275,
    "tri_facility_density": 0.0,
    "usgs_mean_q_cfs": 7.756,
    "velocity_feasibility": 0.7,
    "water_intake_score": 1.6767
   },
   "type": "Feature"
  },
  {
   "geometry": {
    "coordinates": [
     -78.829593,
     35.783173
    ],
    "type": "Point"
   },
   "properties": {
    "accumulation": 65895.0,
    "bank_slope_deg": 1.94,
    "bank_slope_score": 1.0,
    "beach_dist_km": 198.91,
    "bridge_proximity_bonus": 0.0,
    "catchment_area_km2": 6.5776,
    "channel_width_m": 6.82,
    "channel_width_score": 1.0,
    "composite_score": 41.4565,
    "cso_density": 0.0,
    "ej_index": 0.359,
    "elevation_m": 97.8,
    "estuary_dist_km": 264.74,
    "feasibility_score": 79.3651,
    "flood_q10_cfs": 1199.71,
    "flow_score": 25.1391,
    "flow_velocity_ms": 0.0913,
    "generation_score": 36.7062,
    "impact_score": 40.8503,
    "impervious_pct": 25.41,
    "land_ownership": 1.0,
    "lat": 35.7832,
    "litter_complaint_density": 0.0,
    "lon": -78.8296,
    "navigable_dist_m": null,
    "npdes_points": 0,
    "pixel_col": 711.0,
    "pixel_row": 959.0,
    "population_density": 1248.3,
    "position_along": 0.5,
    "protected_area_score": 52.7129,
    "rank": 31,
    "road_access_m": 155.3,
    "road_access_score": 1.0,
    "road_density_km_km2": 9.173,
    "robustness_pct": 0.0,
    "runoff_coeff_C": 0.2787,
    "seasonal_cv": 0.4215,
    "segment_id": 68,
    "segment_length_m": 1245.27,
    "stream_order": 3,
    "superfund_score": 0.0194,
    "tourism_amenity_density": 12.4141,
    "tri_facility_density": 0.0,
    "usgs_mean_q_cfs": 4.028,
    "velocity_feasibility": 0.7,
    "water_intake_score": 1.0488
   },
   "type": "Feature"
  },
  {
   "geometry": {
    "coordinates": [
     -78.787641,
     35.812799
    ],
    "type": "Point"
   },
   "properties": {
    "accumulation": 23641.0,
    "bank_slope_deg": 12.57,
    "bank_slope_score": 1.0,
    "beach_dist_km": 200.04,
    "bridge_proximity_bonus": 0.0,
    "catchment_area_km2": 2.3598,
    "channel_width_m": 4.46,
    "channel_width_score": 1.0,
    "composite_score": 41.4495,
    "cso_density": 0.0,
    "ej_index": 0.3993,
    "elevation_m": 101.6489,
    "estuary_dist_km": 262.13,
    "feasibility_score": 79.3651,
    "flood_q10_cfs": 597.29,
    "flow_score": 22.8938,
    "flow_velocity_ms": 0.1269,
    "generation_score": 41.1975,
    "impact_score": 38.2068,
    "impervious_pct": 29.7,
    "land_ownership": 1.0,
    "lat": 35.8128,
    "litter_complaint_density": 0.0,
    "lon": -78.7876,
    "navigable_dist_m": null,
    "npdes_points": 0,
    "pixel_col": 1086.0,
    "pixel_row": 622.0,
    "population_density": 1425.7,
    "position_along": 0.5,
    "protected_area_score": 58.2292,
    "rank": 32,
    "road_access_m": 69.3,
    "road_access_score": 1.0,
    "road_density_km_km2": 9.307,
    "robustness_pct": 0.0,
    "runoff_coeff_C": 0.3173,
    "seasonal_cv": 0.4246,
    "segment_id": 28,
    "segment_length_m": 566.4726,
    "stream_order": 3,
    "superfund_score": 0.0398,
    "tourism_amenity_density": 8.7535,
    "tri_facility_density": 0.0,
    "usgs_mean_q_cfs": 1.176,
    "velocity_feasibility": 0.7,
    "water_intake_score": 0.8476
   },
   "type": "Feature"
  },
  {
   "geometry": {
    "coordinates": [
     -78.781039,
     35.80845
    ],
    "type": "Point"
   },
   "properties": {
    "accumulation": 26120.0,
    "bank_slope_deg": 2.32,
    "bank_slope_score": 1.0,
    "beach_dist_km": 199.34,
    "bridge_proximity_bonus": 0.0,
    "catchment_area_km2": 2.6073,
    "channel_width_m": 4.64,
    "channel_width_score": 1.0,
    "composite_score": 41.0088,
    "cso_density": 0.0,
    "ej_index": 0.4321,
    "elevation_m": 108.8076,
    "estuary_dist_km": 261.41,
    "feasibility_score": 62.6984,
    "flood_q10_cfs": 632.07,
    "flow_score": 23.3326,
    "flow_velocity_ms": 0.1392,
    "generation_score": 46.1527,
    "impact_score": 39.7504,
    "impervious_pct": 28.64,
    "land_ownership": 0.5,
    "lat": 35.8084,
    "litter_complaint_density": 0.0,
    "lon": -78.781,
    "navigable_dist_m": null,
    "npdes_points": 0,
    "pixel_col": 1142.0,
    "pixel_row": 668.0,
    "population_density": 1877.0,
    "position_along": 0.5,
    "protected_area_score": 59.3192,
    "rank": 33,
    "road_access_m": 73.0,
    "road_access_score": 1.0,
    "road_density_km_km2": 9.686,
    "robustness_pct": 0.0,
    "runoff_coeff_C": 0.3078,
    "seasonal_cv": 0.4268,
    "segment_id": 36,
    "segment_length_m": 1819.7252,
    "stream_order": 3,
    "superfund_score": 0.05,
    "tourism_amenity_density": 8.0373,
    "tri_facility_density": 0.0,
    "usgs_mean_q_cfs": 1.702,
    "velocity_feasibility": 0.7,
    "water_intake_score": 0.8382
   },
   "type": "Feature"
  },
  {
   "geometry": {
    "coordinates": [
     -78.727878,
     35.812134
    ],
    "type": "Point"
   },
   "properties": {
    "accumulation": 64894.0,
    "bank_slope_deg": 3.49,
    "bank_slope_score": 1.0,
    "beach_dist_km": 197.56,
    "bridge_proximity_bonus": 0.0,
    "catchment_area_km2": 6.4777,
    "channel_width_m": 6.77,
    "channel_width_score": 1.0,
    "composite_score": 41.0039,
    "cso_density": 0.0,
    "ej_index": 0.5456,
    "elevation_m": 100.6262,
    "estuary_dist_km": 256.99,
    "feasibility_score": 71.4286,
    "flood_q10_cfs": 1493.07,
    "flow_score": 27.745,
    "flow_velocity_ms": 0.1196,
    "generation_score": 31.4229,
    "impact_score": 46.4216,
    "impervious_pct": 38.57,
    "land_ownership": 1.0,
    "lat": 35.8121,
    "litter_complaint_density": 0.0,
    "lon": -78.7279,
    "navigable_dist_m": null,
    "npdes_points": 0,
    "pixel_col": 1622.0,
    "pixel_row": 618.0,
    "population_density": 463.7,
    "position_along": 0.5,
    "protected_area_score": 63.8135,
    "rank": 34,
    "road_access_m": 208.3,
    "road_access_score": 0.8,
    "road_density_km_km2": 6.117,
    "robustness_pct": 0.0,
    "runoff_coeff_C": 0.3971,
    "seasonal_cv": 0.4355,
    "segment_id": 44,
    "segment_length_m": 767.0019,
    "stream_order": 3,
    "superfund_score": 0.1224,
    "tourism_amenity_density": 6.6049,
    "tri_facility_density": 0.0,
    "usgs_mean_q_cfs": 3.086,
    "velocity_feasibility": 0.7,
    "water_intake_score": 0.7682
   },
   "type": "Feature"
  },
  {
   "geometry": {
    "coordinates": [
     -78.826794,
     35.752923
    ],
    "type": "Point"
   },
   "properties": {
    "accumulation": 31746.0,
    "bank_slope_deg": 2.18,
    "bank_slope_score": 1.0,
    "beach_dist_km": 195.85,
    "bridge_proximity_bonus": 0.0,
    "catchment_area_km2": 3.1689,
    "channel_width_m": 5.04,
    "channel_width_score": 1.0,
    "composite_score": 40.8173,
    "cso_density": 0.0,
    "ej_index": 0.2584,
    "elevation_m": 114.3534,
    "estuary_dist_km": 263.53,
    "feasibility_score": 79.3651,
    "flood_q10_cfs": 796.18,
    "flow_score": 23.1494,
    "flow_velocity_ms": 0.0803,
    "generation_score": 38.551,
    "impact_score": 38.5328,
    "impervious_pct": 33.43,
    "land_ownership": 1.0,
    "lat": 35.7529,
    "litter_complaint_density": 0.0,
    "lon": -78.8268,
    "navigable_dist_m": null,
    "npdes_points": 0,
    "pixel_col": 746.0,
    "pixel_row": 1298.0,
    "population_density": 1237.7,
    "position_along": 0.25,
    "protected_area_score": 50.5091,
    "rank": 35,
    "road_access_m": 126.6,
    "road_access_score": 1.0,
    "road_density_km_km2": 7.138,
    "robustness_pct": 0.0,
    "runoff_coeff_C": 0.3509,
    "seasonal_cv": 0.4252,
    "segment_id": 73,
    "segment_length_m": 3977.1349,
    "stream_order": 3,
    "superfund_score": 0.0154,
    "tourism_amenity_density": 8.2761,
    "tri_facility_density": 0.0,
    "usgs_mean_q_cfs": 1.688,
    "velocity_feasibility": 0.7,
    "water_intake_score": 1.1391
   },
   "type": "Feature"
  },
  {
   "geometry": {
    "coordinates": [
     -78.810746,
     35.797635
    ],
    "type": "Point"
   },
   "properties": {
    "accumulation": 37043.0,
    "bank_slope_deg": 3.21,
    "bank_slope_score": 1.0,
    "beach_dist_km": 199.52,
    "bridge_proximity_bonus": 0.0,
    "catchment_area_km2": 3.6976,
    "channel_width_m": 5.37,
    "channel_width_score": 1.0,
    "composite_score": 40.6273,
    "cso_density": 0.0,
    "ej_index": 0.4565,
    "elevation_m": 104.3826,
    "estuary_dist_km": 263.6,
    "feasibility_score": 62.6984,
    "flood_q10_cfs": 910.96,
    "flow_score": 23.9243,
    "flow_velocity_ms": 0.0766,
    "generation_score": 43.3819,
    "impact_score": 40.7563,
    "impervious_pct": 34.48,
    "land_ownership": 0.5,
    "lat": 35.7976,
    "litter_complaint_density": 0.0,
    "lon": -78.8107,
    "navigable_dist_m": null,
    "npdes_points": 3,
    "pixel_col": 880.0,
    "pixel_row": 797.0,
    "population_density": 1252.4,
    "position_along": 0.25,
    "protected_area_score": 56.0529,
    "rank": 36,
    "road_access_m": 154.2,
    "road_access_score": 1.0,
    "road_density_km_km2": 7.814,
    "robustness_pct": 0.0,
    "runoff_coeff_C": 0.3603,
    "seasonal_cv": 0.4248,
    "segment_id": 49,
    "segment_length_m": 3279.2379,
    "stream_order": 3,
    "superfund_score": 0.0278,
    "tourism_amenity_density": 8.9923,
    "tri_facility_density": 0.0,
    "usgs_mean_q_cfs": 2.754,
    "velocity_feasibility": 0.7,
    "water_intake_score": 0.9495
   },
   "type": "Feature"
  },
  {
   "geometry": {
    "coordinates": [
     -78.882105,
     35.741045
    ],
    "type": "Point"
   },
   "properties": {
    "accumulation": 85462.0,
    "bank_slope_deg": 1.27,
    "bank_slope_score": 1.0,
    "beach_dist_km": 197.19,
    "bridge_proximity_bonus": 0.0,
    "catchment_area_km2": 8.5308,
    "channel_width_m": 7.59,
    "channel_width_score": 1.0,
    "composite_score": 40.5576,
    "cso_density": 0.0,
    "ej_index": 0.4231,
    "elevation_m": 90.4937,
    "estuary_dist_km": 267.95,
    "feasibility_score": 62.6984,
    "flood_q10_cfs": 1390.77,
    "flow_score": 27.3458,
    "flow_velocity_ms": 0.1207,
    "generation_score": 40.6054,
    "impact_score": 40.4493,
    "impervious_pct": 28.61,
    "land_ownership": 0.5,
    "lat": 35.741,
    "litter_complaint_density": 0.0,
    "lon": -78.8821,
    "navigable_dist_m": null,
    "npdes_points": 1,
    "pixel_col": 247.0,
    "pixel_row": 1441.0,
    "population_density": 1214.8,
    "position_along": 0.5,
    "protected_area_score": 33.8016,
    "rank": 37,
    "road_access_m": 63.5,
    "road_access_score": 1.0,
    "road_density_km_km2": 10.391,
    "robustness_pct": 0.0,
    "runoff_coeff_C": 0.3075,
    "seasonal_cv": 0.4209,
    "segment_id": 78,
    "segment_length_m": 2950.2461,
    "stream_order": 3,
    "superfund_score": 0.0083,
    "tourism_amenity_density": 5.1725,
    "tri_facility_density": 0.0,
    "usgs_mean_q_cfs": 4.4,
    "velocity_feasibility": 0.7,
    "water_intake_score": 1.545
   },
   "type": "Feature"
  },
  {
   "geometry": {
    "coordinates": [
     -78.879122,
     35.72961
    ],
    "type": "Point"
   },
   "properties": {
    "accumulation": 31843.0,
    "bank_slope_deg": 2.09,
    "bank_slope_score": 1.0,
    "beach_dist_km": 195.96,
    "bridge_proximity_bonus": 0.0,
    "catchment_area_km2": 3.1785,
    "channel_width_m": 5.04,
    "channel_width_score": 1.0,
    "composite_score": 40.5055,
    "cso_density": 0.0,
    "ej_index": 0.2501,
    "elevation_m": 92.1801,
    "estuary_dist_km": 267.35,
    "feasibility_score": 62.6984,
    "flood_q10_cfs": 784.58,
    "flow_score": 23.6631,
    "flow_velocity_ms": 0.108,
    "generation_score": 47.0777,
    "impact_score": 36.8723,
    "impervious_pct": 32.46,
    "land_ownership": 0.5,
    "lat": 35.7296,
    "litter_complaint_density": 0.0,
    "lon": -78.8791,
    "navigable_dist_m": null,
    "npdes_points": 0,
    "pixel_col": 274.0,
    "pixel_row": 1566.0,
    "population_density": 1722.9,
    "position_along": 0.5,
    "protected_area_score": 33.1493,
    "rank": 38,
    "road_access_m": 93.3,
    "road_access_score": 1.0,
    "road_density_km_km2": 10.18,
    "robustness_pct": 0.0,
    "runoff_coeff_C": 0.3421,
    "seasonal_cv": 0.4228,
    "segment_id": 87,
    "segment_length_m": 2342.3896,
    "stream_order": 3,
    "superfund_score": 0.0079,
    "tourism_amenity_density": 5.1725,
    "tri_facility_density": 0.0,
    "usgs_mean_q_cfs": 1.608,
    "velocity_feasibility": 0.7,
    "water_intake_score": 1.574
   },
   "type": "Feature"
  },
  {
   "geometry": {
    "coordinates": [
     -78.723134,
     35.845906
    ],
    "type": "Point"
   },
   "properties": {
    "accumulation": 556443.0,
    "bank_slope_deg": 5.67,
    "bank_slope_score": 1.0,
    "beach_dist_km": 200.77,
    "bridge_proximity_bonus": 0.0,
    "catchment_area_km2": 55.5438,
    "channel_width_m": 16.53,
    "channel_width_score": 0.5,
    "composite_score": 40.4116,
    "cso_density": 0.0,
    "ej_index": 0.4823,
    "elevation_m": 69.4571,
    "estuary_dist_km": 257.8,
    "feasibility_score": 40.4762,
    "flood_q10_cfs": 3763.86,
    "flow_score": 59.3572,
    "flow_velocity_ms": 0.064,
    "generation_score": 26.256,
    "impact_score": 38.747,
    "impervious_pct": 25.56,
    "land_ownership": 0.5,
    "lat": 35.8459,
    "litter_complaint_density": 0.0,
    "lon": -78.7231,
    "navigable_dist_m": null,
    "npdes_points": 2,
    "pixel_col": 1661.0,
    "pixel_row": 243.0,
    "population_density": 653.8,
    "position_along": 0.5,
    "protected_area_score": 60.9183,
    "rank": 39,
    "road_access_m": 71.7,
    "road_access_score": 1.0,
    "road_density_km_km2": 4.059,
    "robustness_pct": 5.0,
    "runoff_coeff_C": 0.28,
    "seasonal_cv": 0.4973,
    "segment_id": 40,
    "segment_length_m": 397.6303,
    "stream_order": 3,
    "superfund_score": 0.0337,
    "tourism_amenity_density": 4.3768,
    "tri_facility_density": 0.0,
    "usgs_mean_q_cfs": 80.014,
    "velocity_feasibility": 0.7,
    "water_intake_score": 0.7643
   },
   "type": "Feature"
  },
  {
   "geometry": {
    "coordinates": [
     -78.785479,
     35.836007
    ],
    "type": "Point"
   },
   "properties": {
    "accumulation": 237869.0,
    "bank_slope_deg": 9.87,
    "bank_slope_score": 1.0,
    "beach_dist_km": 202.25,
    "bridge_proximity_bonus": 0.0,
    "catchment_area_km2": 23.7439,
    "channel_width_m": 11.61,
    "channel_width_score": 1.0,
    "composite_score": 40.3185,
    "cso_density": 0.0,
    "ej_index": 0.4191,
    "elevation_m": 85.874,
    "estuary_dist_km": 262.76,
    "feasibility_score": 62.6984,
    "flood_q10_cfs": 2508.06,
    "flow_score": 42.1549,
    "flow_velocity_ms": 0.053,
    "generation_score": 36.3126,
    "impact_score": 31.6041,
    "impervious_pct": 30.25,
    "land_ownership": 0.5,
    "lat": 35.836,
    "litter_complaint_density": 0.0,
    "lon": -78.7855,
    "navigable_dist_m": null,
    "npdes_points": 3,
    "pixel_col": 1099.0,
    "pixel_row": 367.0,
    "population_density": 393.4,
    "position_along": 0.5,
    "protected_area_score": 55.2859,
    "rank": 40,
    "road_access_m": 142.5,
    "road_access_score": 1.0,
    "road_density_km_km2": 4.214,
    "robustness_pct": 0.0,
    "runoff_coeff_C": 0.3222,
    "seasonal_cv": 0.5043,
    "segment_id": 25,
    "segment_length_m": 165.4139,
    "stream_order": 3,
    "superfund_score": 0.0331,
    "tourism_amenity_density": 3.7401,
    "tri_facility_density": 0.0421,
    "usgs_mean_q_cfs": 52.231,
    "velocity_feasibility": 0.7,
    "water_intake_score": 0.8042
   },
   "type": "Feature"
  },
  {
   "geometry": {
    "coordinates": [
     -78.724407,
     35.809096
    ],
    "type": "Point"
   },
   "properties": {
    "accumulation": 23280.0,
    "bank_slope_deg": 6.47,
    "bank_slope_score": 1.0,
    "beach_dist_km": 197.12,
    "bridge_proximity_bonus": 0.0,
    "catchment_area_km2": 2.3238,
    "channel_width_m": 4.43,
    "channel_width_score": 1.0,
    "composite_score": 40.0433,
    "cso_density": 0.0,
    "ej_index": 0.5695,
    "elevation_m": 104.3735,
    "estuary_dist_km": 256.58,
    "feasibility_score": 62.6984,
    "flood_q10_cfs": 657.03,
    "flow_score": 23.7292,
    "flow_velocity_ms": 0.1332,
    "generation_score": 31.2145,
    "impact_score": 51.1395,
    "impervious_pct": 35.81,
    "land_ownership": 0.5,
    "lat": 35.8091,
    "litter_complaint_density": 0.0,
    "lon": -78.7244,
    "navigable_dist_m": null,
    "npdes_points": 0,
    "pixel_col": 1655.0,
    "pixel_row": 651.0,
    "population_density": 477.6,
    "position_along": 0.5,
    "protected_area_score": 65.0651,
    "rank": 41,
    "road_access_m": 76.8,
    "road_access_score": 1.0,
    "road_density_km_km2": 7.081,
    "robustness_pct": 0.0,
    "runoff_coeff_C": 0.3723,
    "seasonal_cv": 0.4346,
    "segment_id": 32,
    "segment_length_m": 289.4439,
    "stream_order": 3,
    "superfund_score": 0.1804,
    "tourism_amenity_density": 10.1859,
    "tri_facility_density": 0.0,
    "usgs_mean_q_cfs": 1.13,
    "velocity_feasibility": 0.7,
    "water_intake_score": 0.7672
   },
   "type": "Feature"
  },
  {
   "geometry": {
    "coordinates": [
     -78.881007,
     35.779247
    ],
    "type": "Point"
   },
   "properties": {
    "accumulation": 63167.0,
    "bank_slope_deg": 0.19,
    "bank_slope_score": 1.0,
    "beach_dist_km": 200.81,
    "bridge_proximity_bonus": 0.0,
    "catchment_area_km2": 6.3053,
    "channel_width_m": 6.7,
    "channel_width_score": 1.0,
    "composite_score": 39.801,
    "cso_density": 0.0,
    "ej_index": 0.5315,
    "elevation_m": 88.0109,
    "estuary_dist_km": 269.05,
    "feasibility_score": 79.3651,
    "flood_q10_cfs": 1236.78,
    "flow_score": 26.1831,
    "flow_velocity_ms": 0.1199,
    "generation_score": 32.9263,
    "impact_score": 38.2418,
    "impervious_pct": 28.97,
    "land_ownership": 1.0,
    "lat": 35.7792,
    "litter_complaint_density": 0.0,
    "lon": -78.881,
    "navigable_dist_m": null,
    "npdes_points": 2,
    "pixel_col": 246.0,
    "pixel_row": 1017.0,
    "population_density": 834.2,
    "position_along": 0.75,
    "protected_area_score": 39.5191,
    "rank": 42,
    "road_access_m": 159.8,
    "road_access_score": 1.0,
    "road_density_km_km2": 6.418,
    "robustness_pct": 0.0,
    "runoff_coeff_C": 0.3107,
    "seasonal_cv": 0.419,
    "segment_id": 63,
    "segment_length_m": 3933.3268,
    "stream_order": 3,
    "superfund_score": 0.011,
    "tourism_amenity_density": 4.138,
    "tri_facility_density": 0.0,
    "usgs_mean_q_cfs": 3.383,
    "velocity_feasibility": 0.7,
    "water_intake_score": 1.3536
   },
   "type": "Feature"
  },
  {
   "geometry": {
    "coordinates": [
     -78.798326,
     35.769611
    ],
    "type": "Point"
   },
   "properties": {
    "accumulation": 26786.0,
    "bank_slope_deg": 3.44,
    "bank_slope_score": 1.0,
    "beach_dist_km": 196.24,
    "bridge_proximity_bonus": 0.0,
    "catchment_area_km2": 2.6738,
    "channel_width_m": 4.69,
    "channel_width_score": 1.0,
    "composite_score": 39.7685,
    "cso_density": 0.0,
    "ej_index": 0.5175,
    "elevation_m": 118.4664,
    "estuary_dist_km": 261.6,
    "feasibility_score": 79.3651,
    "flood_q10_cfs": 601.47,
    "flow_score": 7.947,
    "flow_velocity_ms": 0.1065,
    "generation_score": 40.79,
    "impact_score": 45.4666,
    "impervious_pct": 24.72,
    "land_ownership": 1.0,
    "lat": 35.7696,
    "litter_complaint_density": 0.0,
    "lon": -78.7983,
    "navigable_dist_m": null,
    "npdes_points": 1,
    "pixel_col": 998.0,
    "pixel_row": 1107.0,
    "population_density": 1406.6,
    "position_along": 0.25,
    "protected_area_score": 57.7863,
    "rank": 43,
    "road_access_m": 93.7,
    "road_access_score": 1.0,
    "road_density_km_km2": 10.51,
    "robustness_pct": 0.0,
    "runoff_coeff_C": 0.2725,
    "seasonal_cv": 0.4251,
    "segment_id": 58,
    "segment_length_m": 4230.9256,
    "stream_order": 1,
    "superfund_score": 0.0273,
    "tourism_amenity_density": 7.0824,
    "tri_facility_density": 0.0,
    "usgs_mean_q_cfs": 1.38,
    "velocity_feasibility": 0.7,
    "water_intake_score": 0.983
   },
   "type": "Feature"
  },
  {
   "geometry": {
    "coordinates": [
     -78.784292,
     35.819852
    ],
    "type": "Point"
   },
   "properties": {
    "accumulation": 68961.0,
    "bank_slope_deg": 2.5,
    "bank_slope_score": 1.0,
    "beach_dist_km": 200.6,
    "bridge_proximity_bonus": 0.0,
    "catchment_area_km2": 6.8836,
    "channel_width_m": 6.95,
    "channel_width_score": 1.0,
    "composite_score": 39.695,
    "cso_density": 0.0,
    "ej_index": 0.349,
    "elevation_m": 93.8876,
    "estuary_dist_km": 262.09,
    "feasibility_score": 79.3651,
    "flood_q10_cfs": 1278.13,
    "flow_score": 26.7279,
    "flow_velocity_ms": 0.1438,
    "generation_score": 34.3755,
    "impact_score": 35.9854,
    "impervious_pct": 27.07,
    "land_ownership": 1.0,
    "lat": 35.8199,
    "litter_complaint_density": 0.0,
    "lon": -78.7843,
    "navigable_dist_m": null,
    "npdes_points": 0,
    "pixel_col": 1110.0,
    "pixel_row": 545.0,
    "population_density": 1062.7,
    "position_along": 0.25,
    "protected_area_score": 57.9187,
    "rank": 44,
    "road_access_m": 143.1,
    "road_access_score": 1.0,
    "road_density_km_km2": 8.204,
    "robustness_pct": 0.0,
    "runoff_coeff_C": 0.2936,
    "seasonal_cv": 0.4355,
    "segment_id": 37,
    "segment_length_m": 3105.2531,
    "stream_order": 3,
    "superfund_score": 0.0383,
    "tourism_amenity_density": 8.7535,
    "tri_facility_density": 0.0,
    "usgs_mean_q_cfs": 4.314,
    "velocity_feasibility": 0.7,
    "water_intake_score": 0.831
   },
   "type": "Feature"
  },
  {
   "geometry": {
    "coordinates": [
     -78.734309,
     35.806912
    ],
    "type": "Point"
   },
   "properties": {
    "accumulation": 26149.0,
    "bank_slope_deg": 5.67,
    "bank_slope_score": 1.0,
    "beach_dist_km": 197.3,
    "bridge_proximity_bonus": 0.0,
    "catchment_area_km2": 2.6102,
    "channel_width_m": 4.65,
    "channel_width_score": 1.0,
    "composite_score": 39.1595,
    "cso_density": 0.0,
    "ej_index": 0.5597,
    "elevation_m": 105.5928,
    "estuary_dist_km": 257.35,
    "feasibility_score": 62.6984,
    "flood_q10_cfs": 708.07,
    "flow_score": 23.6225,
    "flow_velocity_ms": 0.1193,
    "generation_score": 32.3941,
    "impact_score": 47.103,
    "impervious_pct": 35.08,
    "land_ownership": 0.5,
    "lat": 35.8069,
    "litter_complaint_density": 0.0,
    "lon": -78.7343,
    "navigable_dist_m": null,
    "npdes_points": 0,
    "pixel_col": 1569.0,
    "pixel_row": 676.0,
    "population_density": 457.2,
    "position_along": 0.5,
    "protected_area_score": 64.0799,
    "rank": 45,
    "road_access_m": 128.4,
    "road_access_score": 1.0,
    "road_density_km_km2": 8.613,
    "robustness_pct": 0.0,
    "runoff_coeff_C": 0.3657,
    "seasonal_cv": 0.4338,
    "segment_id": 42,
    "segment_length_m": 1725.2522,
    "stream_order": 3,
    "superfund_score": 0.1234,
    "tourism_amenity_density": 6.8437,
    "tri_facility_density": 0.0,
    "usgs_mean_q_cfs": 1.498,
    "velocity_feasibility": 0.7,
    "water_intake_score": 0.7712
   },
   "type": "Feature"
  },
  {
   "geometry": {
    "coordinates": [
     -78.835904,
     35.797325
    ],
    "type": "Point"
   },
   "properties": {
    "accumulation": 39743.0,
    "bank_slope_deg": 2.31,
    "bank_slope_score": 1.0,
    "beach_dist_km": 200.57,
    "bridge_proximity_bonus": 0.0,
    "catchment_area_km2": 3.9671,
    "channel_width_m": 5.53,
    "channel_width_score": 1.0,
    "composite_score": 39.1133,
    "cso_density": 0.0,
    "ej_index": 0.4511,
    "elevation_m": 92.7433,
    "estuary_dist_km": 265.75,
    "feasibility_score": 62.6984,
    "flood_q10_cfs": 1004.22,
    "flow_score": 24.6759,
    "flow_velocity_ms": 0.081,
    "generation_score": 38.2717,
    "impact_score": 40.1935,
    "impervious_pct": 37.02,
    "land_ownership": 0.5,
    "lat": 35.7973,
    "litter_complaint_density": 0.0,
    "lon": -78.8359,
    "navigable_dist_m": null,
    "npdes_points": 0,
    "pixel_col": 653.0,
    "pixel_row": 804.0,
    "population_density": 976.0,
    "position_along": 0.5,
    "protected_area_score": 51.1938,
    "rank": 46,
    "road_access_m": 101.4,
    "road_access_score": 1.0,
    "road_density_km_km2": 7.745,
    "robustness_pct": 0.0,
    "runoff_coeff_C": 0.3832,
    "seasonal_cv": 0.4183,
    "segment_id": 50,
    "segment_length_m": 1520.5845,
    "stream_order": 3,
    "superfund_score": 0.0215,
    "tourism_amenity_density": 10.9021,
    "tri_facility_density": 0.0,
    "usgs_mean_q_cfs": 2.214,
    "velocity_feasibility": 0.7,
    "water_intake_score": 1.0382
   },
   "type": "Feature"
  },
  {
   "geometry": {
    "coordinates": [
     -78.66305,
     35.840927
    ],
    "type": "Point"
   },
   "properties": {
    "accumulation": 24001.0,
    "bank_slope_deg": 6.28,
    "bank_slope_score": 1.0,
    "beach_dist_km": 198.01,
    "bridge_proximity_bonus": 0.0,
    "catchment_area_km2": 2.3958,
    "channel_width_m": 4.48,
    "channel_width_score": 1.0,
    "composite_score": 38.9162,
    "cso_density": 0.0,
    "ej_index": 0.2723,
    "elevation_m": 65.4934,
    "estuary_dist_km": 252.51,
    "feasibility_score": 72.2222,
    "flood_q10_cfs": 359.26,
    "flow_score": 40.1089,
    "flow_velocity_ms": 0.5,
    "generation_score": 18.9345,
    "impact_score": 41.251,
    "impervious_pct": null,
    "land_ownership": 0.5,
    "lat": 35.8409,
    "litter_complaint_density": 0.0,
    "lon": -78.6631,
    "navigable_dist_m": null,
    "npdes_points": 0,
    "pixel_col": 2201.0,
    "pixel_row": 287.0,
    "population_density": 1115.3,
    "position_along": 0.5,
    "protected_area_score": 66.4468,
    "rank": 47,
    "road_access_m": 103.2,
    "road_access_score": 1.0,
    "road_density_km_km2": 7.099,
    "robustness_pct": 0.0,
    "runoff_coeff_C": null,
    "seasonal_cv": null,
    "segment_id": 10,
    "segment_length_m": 773.5645,
    "stream_order": 3,
    "superfund_score": 0.0348,
    "tourism_amenity_density": 7.4007,
    "tri_facility_density": 0.0,
    "usgs_mean_q_cfs": null,
    "velocity_feasibility": 1.0,
    "water_intake_score": 0.7564
   },
   "type": "Feature"
  },
  {
   "geometry": {
    "coordinates": [
     -78.749464,
     35.84402
    ],
    "type": "Point"
   },
   "properties": {
    "accumulation": 397440.0,
    "bank_slope_deg": 8.56,
    "bank_slope_score": 1.0,
    "beach_dist_km": 201.6,
    "bridge_proximity_bonus": 0.0,
    "catchment_area_km2": 39.6722,
    "channel_width_m": 14.37,
    "channel_width_score": 1.0,
    "composite_score": 38.8893,
    "cso_density": 0.0,
    "ej_index": 0.4541,
    "elevation_m": 73.9639,
    "estuary_dist_km": 259.97,
    "feasibility_score": 63.4921,
    "flood_q10_cfs": 3242.96,
    "flow_score": 51.3459,
    "flow_velocity_ms": 0.1588,
    "generation_score": 21.5291,
    "impact_score": 33.5678,
    "impervious_pct": 28.27,
    "land_ownership": 1.0,
    "lat": 35.844,
    "litter_complaint_density": 0.0,
    "lon": -78.7495,
    "navigable_dist_m": null,
    "npdes_points": 2,
    "pixel_col": 1422.0,
    "pixel_row": 271.0,
    "population_density": 300.7,
    "position_along": 0.875,
    "protected_area_score": 58.6763,
    "rank": 48,
    "road_access_m": 534.5,
    "road_access_score": 0.6,
    "road_density_km_km2": 2.174,
    "robustness_pct": 0.0,
    "runoff_coeff_C": 0.3044,
    "seasonal_cv": 0.5082,
    "segment_id": 38,
    "segment_length_m": 6052.4868,
    "stream_order": 3,
    "superfund_score": 0.0332,
    "tourism_amenity_density": 1.512,
    "tri_facility_density": 0.0,
    "usgs_mean_q_cfs": 57.004,
    "velocity_feasibility": 0.7,
    "water_intake_score": 0.7715
   },
   "type": "Feature"
  },
  {
   "geometry": {
    "coordinates": [
     -78.729346,
     35.840286
    ],
    "type": "Point"
   },
   "properties": {
    "accumulation": 471901.0,
    "bank_slope_deg": 3.78,
    "bank_slope_score": 1.0,
    "beach_dist_km": 200.44,
    "bridge_proximity_bonus": 0.0,
    "catchment_area_km2": 47.1049,
    "channel_width_m": 15.43,
    "channel_width_score": 0.5,
    "composite_score": 38.6775,
    "cso_density": 0.0,
    "ej_index": 0.4941,
    "elevation_m": 70.0568,
    "estuary_dist_km": 258.12,
    "feasibility_score": 41.2698,
    "flood_q10_cfs": 3486.67,
    "flow_score": 52.9605,
    "flow_velocity_ms": 0.0844,
    "generation_score": 25.8498,
    "impact_score": 38.3065,
    "impervious_pct": 26.63,
    "land_ownership": 1.0,
    "lat": 35.8403,
    "litter_complaint_density": 0.0,
    "lon": -78.7293,
    "navigable_dist_m": null,
    "npdes_points": 2,
    "pixel_col": 1606.0,
    "pixel_row": 304.0,
    "population_density": 566.6,
    "position_along": 0.75,
    "protected_area_score": 61.2407,
    "rank": 49,
    "road_access_m": 513.0,
    "road_access_score": 0.6,
    "road_density_km_km2": 4.054,
    "robustness_pct": 0.5,
    "runoff_coeff_C": 0.2897,
    "seasonal_cv": 0.511,
    "segment_id": 39,
    "segment_length_m": 3426.8,
    "stream_order": 3,
    "superfund_score": 0.0377,
    "tourism_amenity_density": 3.0239,
    "tri_facility_density": 0.0,
    "usgs_mean_q_cfs": 62.627,
    "velocity_feasibility": 0.7,
    "water_intake_score": 0.7644
   },
   "type": "Feature"
  },
  {
   "geometry": {
    "coordinates": [
     -78.792394,
     35.736536
    ],
    "type": "Point"
   },
   "properties": {
    "accumulation": 157614.0,
    "bank_slope_deg": 3.12,
    "bank_slope_score": 1.0,
    "beach_dist_km": 192.75,
    "bridge_proximity_bonus": 0.0,
    "catchment_area_km2": 15.7329,
    "channel_width_m": 9.79,
    "channel_width_score": 1.0,
    "composite_score": 38.4491,
    "cso_density": 0.0,
    "ej_index": 0.3413,
    "elevation_m": 101.0563,
    "estuary_dist_km": 260.03,
    "feasibility_score": 62.6984,
    "flood_q10_cfs": 1828.32,
    "flow_score": 31.4069,
    "flow_velocity_ms": 0.1714,
    "generation_score": 28.6455,
    "impact_score": 41.9966,
    "impervious_pct": 23.87,
    "land_ownership": 0.5,
    "lat": 35.7365,
    "litter_complaint_density": 0.0,
    "lon": -78.7924,
    "navigable_dist_m": null,
    "npdes_points": 1,
    "pixel_col": 1058.0,
    "pixel_row": 1473.0,
    "population_density": 636.5,
    "position_along": 0.5,
    "protected_area_score": 53.5297,
    "rank": 50,
    "road_access_m": 56.7,
    "road_access_score": 1.0,
    "road_density_km_km2": 7.962,
    "robustness_pct": 0.0,
    "runoff_coeff_C": 0.2648,
    "seasonal_cv": 0.4285,
    "segment_id": 81,
    "segment_length_m": 267.7478,
    "stream_order": 3,
    "superfund_score": 0.02,
    "tourism_amenity_density": 6.1275,
    "tri_facility_density": 0.0,
    "usgs_mean_q_cfs": 6.105,
    "velocity_feasibility": 0.7,
    "water_intake_score": 1.0368
   },
   "type": "Feature"
  },
  {
   "geometry": {
    "coordinates": [
     -78.823572,
     35.82331
    ],
    "type": "Point"
   },
   "properties": {
    "accumulation": 21238.0,
    "bank_slope_deg": 3.3,
    "bank_slope_score": 1.0,
    "beach_dist_km": 202.58,
    "bridge_proximity_bonus": 0.0,
    "catchment_area_km2": 2.12,
    "channel_width_m": 4.26,
    "channel_width_score": 1.0,
    "composite_score": 38.3215,
    "cso_density": 0.0,
    "ej_index": 0.6532,
    "elevation_m": 86.5546,
    "estuary_dist_km": 265.57,
    "feasibility_score": 62.6984,
    "flood_q10_cfs": 585.43,
    "flow_score": 22.627,
    "flow_velocity_ms": 0.1025,
    "generation_score": 36.1339,
    "impact_score": 41.3993,
    "impervious_pct": 33.17,
    "land_ownership": 0.5,
    "lat": 35.8233,
    "litter_complaint_density": 0.0,
    "lon": -78.8236,
    "navigable_dist_m": null,
    "npdes_points": 2,
    "pixel_col": 758.0,
    "pixel_row": 515.0,
    "population_density": 811.9,
    "position_along": 0.5,
    "protected_area_score": 52.8049,
    "rank": 51,
    "road_access_m": 48.6,
    "road_access_score": 1.0,
    "road_density_km_km2": 7.413,
    "robustness_pct": 0.0,
    "runoff_coeff_C": 0.3485,
    "seasonal_cv": 0.4213,
    "segment_id": 19,
    "segment_length_m": 632.981,
    "stream_order": 3,
    "superfund_score": 0.0424,
    "tourism_amenity_density": 7.9577,
    "tri_facility_density": 0.0,
    "usgs_mean_q_cfs": 0.993,
    "velocity_feasibility": 0.7,
    "water_intake_score": 0.9291
   },
   "type": "Feature"
  },
  {
   "geometry": {
    "coordinates": [
     -78.671443,
     35.813091
    ],
    "type": "Point"
   },
   "properties": {
    "accumulation": 33337.0,
    "bank_slope_deg": 5.49,
    "bank_slope_score": 1.0,
    "beach_dist_km": 195.49,
    "bridge_proximity_bonus": 0.0,
    "catchment_area_km2": 3.3277,
    "channel_width_m": 5.14,
    "channel_width_score": 1.0,
    "composite_score": 38.2937,
    "cso_density": 0.0,
    "ej_index": 0.131,
    "elevation_m": 84.7787,
    "estuary_dist_km": 252.2,
    "feasibility_score": 79.3651,
    "flood_q10_cfs": 632.58,
    "flow_score": 22.1355,
    "flow_velocity_ms": 0.1325,
    "generation_score": 29.6843,
    "impact_score": 39.8327,
    "impervious_pct": 18.18,
    "land_ownership": 1.0,
    "lat": 35.8131,
    "litter_complaint_density": 0.0,
    "lon": -78.6714,
    "navigable_dist_m": null,
    "npdes_points": 0,
    "pixel_col": 2136.0,
    "pixel_row": 595.0,
    "population_density": 914.3,
    "position_along": 0.5,
    "protected_area_score": 69.7896,
    "rank": 52,
    "road_access_m": 150.0,
    "road_access_score": 1.0,
    "road_density_km_km2": 9.746,
    "robustness_pct": 0.0,
    "runoff_coeff_C": 0.2136,
    "seasonal_cv": 0.4334,
    "segment_id": 34,
    "segment_length_m": 2243.7782,
    "stream_order": 3,
    "superfund_score": 0.07,
    "tourism_amenity_density": 7.4803,
    "tri_facility_density": 0.0,
    "usgs_mean_q_cfs": 2.307,
    "velocity_feasibility": 0.7,
    "water_intake_score": 0.7301
   },
   "type": "Feature"
  },
  {
   "geometry": {
    "coordinates": [
     -78.718676,
     35.835494
    ],
    "type": "Point"
   },
   "properties": {
    "accumulation": 170943.0,
    "bank_slope_deg": 7.74,
    "bank_slope_score": 1.0,
    "beach_dist_km": 199.55,
    "bridge_proximity_bonus": 0.0,
    "catchment_area_km2": 17.0634,
    "channel_width_m": 10.13,
    "channel_width_score": 1.0,
    "composite_score": 37.8634,
    "cso_density": 0.0,
    "ej_index": 0.4745,
    "elevation_m": 77.4874,
    "estuary_dist_km": 257.04,
    "feasibility_score": 62.6984,
    "flood_q10_cfs": 1990.59,
    "flow_score": 32.3277,
    "flow_velocity_ms": 0.1636,
    "generation_score": 27.0298,
    "impact_score": 40.8926,
    "impervious_pct": 26.77,
    "land_ownership": 0.5,
    "lat": 35.8355,
    "litter_complaint_density": 0.0,
    "lon": -78.7187,
    "navigable_dist_m": null,
    "npdes_points": 1,
    "pixel_col": 1700.0,
    "pixel_row": 355.0,
    "population_density": 681.5,
    "position_along": 0.5,
    "protected_area_score": 62.4334,
    "rank": 53,
    "road_access_m": 139.3,
    "road_access_score": 1.0,
    "road_density_km_km2": 4.824,
    "robustness_pct": 0.0,
    "runoff_coeff_C": 0.2909,
    "seasonal_cv": 0.4492,
    "segment_id": 46,
    "segment_length_m": 2703.7785,
    "stream_order": 3,
    "superfund_score": 0.0441,
    "tourism_amenity_density": 5.4113,
    "tri_facility_density": 0.0,
    "usgs_mean_q_cfs": 7.868,
    "velocity_feasibility": 0.7,
    "water_intake_score": 0.7589
   },
   "type": "Feature"
  },
  {
   "geometry": {
    "coordinates": [
     -78.812662,
     35.742444
    ],
    "type": "Point"
   },
   "properties": {
    "accumulation": 51929.0,
    "bank_slope_deg": 10.5,
    "bank_slope_score": 1.0,
    "beach_dist_km": 194.21,
    "bridge_proximity_bonus": 0.0,
    "catchment_area_km2": 5.1835,
    "channel_width_m": 6.18,
    "channel_width_score": 1.0,
    "composite_score": 37.7466,
    "cso_density": 0.0,
    "ej_index": 0.3712,
    "elevation_m": 107.3942,
    "estuary_dist_km": 261.97,
    "feasibility_score": 62.6984,
    "flood_q10_cfs": 1115.92,
    "flow_score": 26.1836,
    "flow_velocity_ms": 0.1353,
    "generation_score": 31.2118,
    "impact_score": 41.4413,
    "impervious_pct": 31.53,
    "land_ownership": 0.5,
    "lat": 35.7424,
    "litter_complaint_density": 0.0,
    "lon": -78.8127,
    "navigable_dist_m": null,
    "npdes_points": 0,
    "pixel_col": 877.0,
    "pixel_row": 1412.0,
    "population_density": 709.6,
    "position_along": 0.75,
    "protected_area_score": 51.0381,
    "rank": 54,
    "road_access_m": 134.4,
    "road_access_score": 1.0,
    "road_density_km_km2": 6.837,
    "robustness_pct": 0.0,
    "runoff_coeff_C": 0.3338,
    "seasonal_cv": 0.4213,
    "segment_id": 73,
    "segment_length_m": 3977.1349,
    "stream_order": 3,
    "superfund_score": 0.0165,
    "tourism_amenity_density": 5.9683,
    "tri_facility_density": 0.0,
    "usgs_mean_q_cfs": 3.396,
    "velocity_feasibility": 0.7,
    "water_intake_score": 1.1074
   },
   "type": "Feature"
  },
  {
   "geometry": {
    "coordinates": [
     -78.899177,
     35.85288
    ],
    "type": "Point"
   },
   "properties": {
    "accumulation": 155499.0,
    "bank_slope_deg": 1.41,
    "bank_slope_score": 1.0,
    "beach_dist_km": 208.73,
    "bridge_proximity_bonus": 0.0,
    "catchment_area_km2": 15.5218,
    "channel_width_m": 9.74,
    "channel_width_score": 1.0,
    "composite_score": 37.4821,
    "cso_density": 0.0,
    "ej_index": 0.6046,
    "elevation_m": 75.7475,
    "estuary_dist_km": 273.07,
    "feasibility_score": 79.3651,
    "flood_q10_cfs": 1844.77,
    "flow_score": 30.9171,
    "flow_velocity_ms": 0.1237,
    "generation_score": 29.8613,
    "impact_score": 29.6324,
    "impervious_pct": 25.06,
    "land_ownership": 1.0,
    "lat": 35.8529,
    "litter_complaint_density": 0.0,
    "lon": -78.8992,
    "navigable_dist_m": null,
    "npdes_points": 3,
    "pixel_col": 64.0,
    "pixel_row": 203.0,
    "population_density": 869.1,
    "position_along": 0.5,
    "protected_area_score": 40.9215,
    "rank": 55,
    "road_access_m": 162.8,
    "road_access_score": 1.0,
    "road_density_km_km2": 4.358,
    "robustness_pct": 0.0,
    "runoff_coeff_C": 0.2755,
    "seasonal_cv": 0.4532,
    "segment_id": 14,
    "segment_length_m": 1493.7458,
    "stream_order": 3,
    "superfund_score": 0.0147,
    "tourism_amenity_density": 3.1035,
    "tri_facility_density": 0.0,
    "usgs_mean_q_cfs": 11.125,
    "velocity_feasibility": 0.7,
    "water_intake_score": 1.1711
   },
   "type": "Feature"
  },
  {
   "geometry": {
    "coordinates": [
     -78.761295,
     35.842382
    ],
    "type": "Point"
   },
   "properties": {
    "accumulation": 379958.0,
    "bank_slope_deg": 6.79,
    "bank_slope_score": 1.0,
    "beach_dist_km": 201.91,
    "bridge_proximity_bonus": 0.0,
    "catchment_area_km2": 37.9272,
    "channel_width_m": 14.11,
    "channel_width_score": 1.0,
    "composite_score": 37.4794,
    "cso_density": 0.0,
    "ej_index": 0.4283,
    "elevation_m": 75.2907,
    "estuary_dist_km": 260.92,
    "feasibility_score": 63.4921,
    "flood_q10_cfs": 3163.15,
    "flow_score": 48.7203,
    "flow_velocity_ms": 0.0784,
    "generation_score": 19.9686,
    "impact_score": 32.6164,
    "impervious_pct": 28.27,
    "land_ownership": 1.0,
    "lat": 35.8424,
    "litter_complaint_density": 0.0,
    "lon": -78.7613,
    "navigable_dist_m": null,
    "npdes_points": 2,
    "pixel_col": 1316.0,
    "pixel_row": 290.0,
    "population_density": 184.5,
    "position_along": 0.625,
    "protected_area_score": 56.4901,
    "rank": 56,
    "road_access_m": 754.8,
    "road_access_score": 0.6,
    "road_density_km_km2": 1.961,
    "robustness_pct": 0.0,
    "runoff_coeff_C": 0.3044,
    "seasonal_cv": 0.5082,
    "segment_id": 38,
    "segment_length_m": 6052.4868,
    "stream_order": 3,
    "superfund_score": 0.0328,
    "tourism_amenity_density": 3.2627,
    "tri_facility_density": 0.0,
    "usgs_mean_q_cfs": 57.004,
    "velocity_feasibility": 0.7,
    "water_intake_score": 0.7768
   },
   "type": "Feature"
  },
  {
   "geometry": {
    "coordinates": [
     -78.689162,
     35.814931
    ],
    "type": "Point"
   },
   "properties": {
    "accumulation": 43673.0,
    "bank_slope_deg": 7.15,
    "bank_slope_score": 1.0,
    "beach_dist_km": 196.35,
    "bridge_proximity_bonus": 0.0,
    "catchment_area_km2": 4.3594,
    "channel_width_m": 5.75,
    "channel_width_score": 1.0,
    "composite_score": 37.3636,
    "cso_density": 0.0,
    "ej_index": 0.317,
    "elevation_m": 89.3978,
    "estuary_dist_km": 253.78,
    "feasibility_score": 50.0,
    "flood_q10_cfs": 899.4,
    "flow_score": 22.3062,
    "flow_velocity_ms": 0.0389,
    "generation_score": 32.7511,
    "impact_score": 48.2057,
    "impervious_pct": 26.66,
    "land_ownership": 0.5,
    "lat": 35.8149,
    "litter_complaint_density": 0.0,
    "lon": -78.6892,
    "navigable_dist_m": null,
    "npdes_points": 0,
    "pixel_col": 1976.0,
    "pixel_row": 578.0,
    "population_density": 955.4,
    "position_along": 0.25,
    "protected_area_score": 68.5737,
    "rank": 57,
    "road_access_m": 47.7,
    "road_access_score": 1.0,
    "road_density_km_km2": 8.041,
    "robustness_pct": 0.0,
    "runoff_coeff_C": 0.2899,
    "seasonal_cv": 0.4357,
    "segment_id": 29,
    "segment_length_m": 4243.4626,
    "stream_order": 3,
    "superfund_score": 0.0757,
    "tourism_amenity_density": 14.1648,
    "tri_facility_density": 0.0,
    "usgs_mean_q_cfs": 3.362,
    "velocity_feasibility": 0.3,
    "water_intake_score": 0.7371
   },
   "type": "Feature"
  },
  {
   "geometry": {
    "coordinates": [
     -78.895538,
     35.776641
    ],
    "type": "Point"
   },
   "properties": {
    "accumulation": 105741.0,
    "bank_slope_deg": 1.03,
    "bank_slope_score": 1.0,
    "beach_dist_km": 201.21,
    "bridge_proximity_bonus": 0.0,
    "catchment_area_km2": 10.555,
    "channel_width_m": 8.3,
    "channel_width_score": 1.0,
    "composite_score": 37.1947,
    "cso_density": 0.0,
    "ej_index": 0.6193,
    "elevation_m": 81.5295,
    "estuary_dist_km": 270.22,
    "feasibility_score": 71.4286,
    "flood_q10_cfs": 1482.15,
    "flow_score": 26.494,
    "flow_velocity_ms": 0.0651,
    "generation_score": 25.5231,
    "impact_score": 40.6665,
    "impervious_pct": 24.68,
    "land_ownership": 1.0,
    "lat": 35.7766,
    "litter_complaint_density": 0.0,
    "lon": -78.8955,
    "navigable_dist_m": null,
    "npdes_points": 2,
    "pixel_col": 114.0,
    "pixel_row": 1047.0,
    "population_density": 571.7,
    "position_along": 0.5,
    "protected_area_score": 36.0588,
    "rank": 58,
    "road_access_m": 313.2,
    "road_access_score": 0.8,
    "road_density_km_km2": 4.628,
    "robustness_pct": 0.0,
    "runoff_coeff_C": 0.2721,
    "seasonal_cv": 0.4225,
    "segment_id": 65,
    "segment_length_m": 1439.2367,
    "stream_order": 3,
    "superfund_score": 0.0093,
    "tourism_amenity_density": 3.581,
    "tri_facility_density": 0.0,
    "usgs_mean_q_cfs": 5.046,
    "velocity_feasibility": 0.7,
    "water_intake_score": 1.4665
   },
   "type": "Feature"
  },
  {
   "geometry": {
    "coordinates": [
     -78.769594,
     35.842275
    ],
    "type": "Point"
   },
   "properties": {
    "accumulation": 358168.0,
    "bank_slope_deg": 8.56,
    "bank_slope_score": 1.0,
    "beach_dist_km": 202.23,
    "bridge_proximity_bonus": 0.0,
    "catchment_area_km2": 35.7521,
    "channel_width_m": 13.76,
    "channel_width_score": 1.0,
    "composite_score": 37.0624,
    "cso_density": 0.0,
    "ej_index": 0.4065,
    "elevation_m": 77.9115,
    "estuary_dist_km": 261.62,
    "feasibility_score": 46.8254,
    "flood_q10_cfs": 3097.94,
    "flow_score": 48.458,
    "flow_velocity_ms": 0.1079,
    "generation_score": 28.2825,
    "impact_score": 31.4643,
    "impervious_pct": 29.13,
    "land_ownership": 0.5,
    "lat": 35.8423,
    "litter_complaint_density": 0.0,
    "lon": -78.7696,
    "navigable_dist_m": null,
    "npdes_points": 3,
    "pixel_col": 1241.0,
    "pixel_row": 293.0,
    "population_density": 209.0,
    "position_along": 0.375,
    "protected_area_score": 55.5569,
    "rank": 59,
    "road_access_m": 909.3,
    "road_access_score": 0.6,
    "road_density_km_km2": 2.284,
    "robustness_pct": 0.0,
    "runoff_coeff_C": 0.3122,
    "seasonal_cv": 0.507,
    "segment_id": 38,
    "segment_length_m": 6052.4868,
    "stream_order": 3,
    "superfund_score": 0.0322,
    "tourism_amenity_density": 3.5014,
    "tri_facility_density": 0.028,
    "usgs_mean_q_cfs": 55.401,
    "velocity_feasibility": 0.7,
    "water_intake_score": 0.7876
   },
   "type": "Feature"
  },
  {
   "geometry": {
    "coordinates": [
     -78.890889,
     35.793491
    ],
    "type": "Point"
   },
   "properties": {
    "accumulation": 30108.0,
    "bank_slope_deg": 1.69,
    "bank_slope_score": 1.0,
    "beach_dist_km": 202.62,
    "bridge_proximity_bonus": 0.0,
    "catchment_area_km2": 3.0054,
    "channel_width_m": 4.93,
    "channel_width_score": 1.0,
    "composite_score": 36.9951,
    "cso_density": 0.0,
    "ej_index": 0.645,
    "elevation_m": 88.6402,
    "estuary_dist_km": 270.36,
    "feasibility_score": 71.4286,
    "flood_q10_cfs": 676.11,
    "flow_score": 22.4139,
    "flow_velocity_ms": 0.0996,
    "generation_score": 28.2205,
    "impact_score": 40.7038,
    "impervious_pct": 26.37,
    "land_ownership": 1.0,
    "lat": 35.7935,
    "litter_complaint_density": 0.0,
    "lon": -78.8909,
    "navigable_dist_m": null,
    "npdes_points": 0,
    "pixel_col": 152.0,
    "pixel_row": 859.0,
    "population_density": 834.1,
    "position_along": 0.25,
    "protected_area_score": 39.6054,
    "rank": 60,
    "road_access_m": 305.9,
    "road_access_score": 0.8,
    "road_density_km_km2": 5.492,
    "robustness_pct": 0.0,
    "runoff_coeff_C": 0.2873,
    "seasonal_cv": 0.4197,
    "segment_id": 54,
    "segment_length_m": 3692.7118,
    "stream_order": 3,
    "superfund_score": 0.0113,
    "tourism_amenity_density": 5.4113,
    "tri_facility_density": 0.0,
    "usgs_mean_q_cfs": 1.474,
    "velocity_feasibility": 0.7,
    "water_intake_score": 1.3534
   },
   "type": "Feature"
  },
  {
   "geometry": {
    "coordinates": [
     -78.82657,
     35.799429
    ],
    "type": "Point"
   },
   "properties": {
    "accumulation": 58714.0,
    "bank_slope_deg": 0.5,
    "bank_slope_score": 1.0,
    "beach_dist_km": 200.37,
    "bridge_proximity_bonus": 0.0,
    "catchment_area_km2": 5.8608,
    "channel_width_m": 6.5,
    "channel_width_score": 1.0,
    "composite_score": 36.6212,
    "cso_density": 0.0,
    "ej_index": 0.4796,
    "elevation_m": 94.7907,
    "estuary_dist_km": 265.02,
    "feasibility_score": 42.0635,
    "flood_q10_cfs": 1301.89,
    "flow_score": 25.1339,
    "flow_velocity_ms": 0.0448,
    "generation_score": 39.1969,
    "impact_score": 40.897,
    "impervious_pct": 35.05,
    "land_ownership": 0.5,
    "lat": 35.7994,
    "litter_complaint_density": 0.0,
    "lon": -78.8266,
    "navigable_dist_m": null,
    "npdes_points": 2,
    "pixel_col": 733.0,
    "pixel_row": 778.0,
    "population_density": 985.2,
    "position_along": 0.75,
    "protected_area_score": 52.9791,
    "rank": 61,
    "road_access_m": 207.6,
    "road_access_score": 0.8,
    "road_density_km_km2": 7.487,
    "robustness_pct": 0.0,
    "runoff_coeff_C": 0.3654,
    "seasonal_cv": 0.4256,
    "segment_id": 49,
    "segment_length_m": 3279.2379,
    "stream_order": 3,
    "superfund_score": 0.024,
    "tourism_amenity_density": 10.4246,
    "tri_facility_density": 0.0,
    "usgs_mean_q_cfs": 3.048,
    "velocity_feasibility": 0.3,
    "water_intake_score": 0.9926
   },
   "type": "Feature"
  },
  {
   "geometry": {
    "coordinates": [
     -78.806782,
     35.820898
    ],
    "type": "Point"
   },
   "properties": {
    "accumulation": 25264.0,
    "bank_slope_deg": 2.17,
    "bank_slope_score": 1.0,
    "beach_dist_km": 201.64,
    "bridge_proximity_bonus": 0.0,
    "catchment_area_km2": 2.5218,
    "channel_width_m": 4.58,
    "channel_width_score": 1.0,
    "composite_score": 36.607,
    "cso_density": 0.0,
    "ej_index": 0.4513,
    "elevation_m": 90.0652,
    "estuary_dist_km": 264.05,
    "feasibility_score": 62.6984,
    "flood_q10_cfs": 625.64,
    "flow_score": 22.7099,
    "flow_velocity_ms": 0.109,
    "generation_score": 35.687,
    "impact_score": 36.0624,
    "impervious_pct": 29.49,
    "land_ownership": 0.5,
    "lat": 35.8209,
    "litter_complaint_density": 0.0,
    "lon": -78.8068,
    "navigable_dist_m": null,
    "npdes_points": 1,
    "pixel_col": 909.0,
    "pixel_row": 535.0,
    "population_density": 1011.9,
    "position_along": 0.25,
    "protected_area_score": 55.2493,
    "rank": 62,
    "road_access_m": 163.9,
    "road_access_score": 1.0,
    "road_density_km_km2": 7.753,
    "robustness_pct": 0.0,
    "runoff_coeff_C": 0.3154,
    "seasonal_cv": 0.424,
    "segment_id": 22,
    "segment_length_m": 3049.8617,
    "stream_order": 3,
    "superfund_score": 0.0341,
    "tourism_amenity_density": 7.0028,
    "tri_facility_density": 0.0,
    "usgs_mean_q_cfs": 1.8,
    "velocity_feasibility": 0.7,
    "water_intake_score": 0.8801
   },
   "type": "Feature"
  },
  {
   "geometry": {
    "coordinates": [
     -78.903832,
     35.774868
    ],
    "type": "Point"
   },
   "properties": {
    "accumulation": 183272.0,
    "bank_slope_deg": 0.31,
    "bank_slope_score": 1.0,
    "beach_dist_km": 201.42,
    "bridge_proximity_bonus": 0.0,
    "catchment_area_km2": 18.2941,
    "channel_width_m": 10.42,
    "channel_width_score": 1.0,
    "composite_score": 36.5882,
    "cso_density": 0.0,
    "ej_index": 0.6209,
    "elevation_m": 79.3827,
    "estuary_dist_km": 270.88,
    "feasibility_score": 62.6984,
    "flood_q10_cfs": 1975.58,
    "flow_score": 31.3658,
    "flow_velocity_ms": 0.1142,
    "generation_score": 23.5178,
    "impact_score": 40.9555,
    "impervious_pct": 23.43,
    "land_ownership": 0.5,
    "lat": 35.7749,
    "litter_complaint_density": 0.0,
    "lon": -78.9038,
    "navigable_dist_m": null,
    "npdes_points": 3,
    "pixel_col": 40.0,
    "pixel_row": 1068.0,
    "population_density": 516.5,
    "position_along": 0.5,
    "protected_area_score": 34.3006,
    "rank": 63,
    "road_access_m": 180.9,
    "road_access_score": 1.0,
    "road_density_km_km2": 3.1,
    "robustness_pct": 0.0,
    "runoff_coeff_C": 0.2609,
    "seasonal_cv": 0.4312,
    "segment_id": 66,
    "segment_length_m": 494.1116,
    "stream_order": 3,
    "superfund_score": 0.0085,
    "tourism_amenity_density": 3.1831,
    "tri_facility_density": 0.0,
    "usgs_mean_q_cfs": 8.458,
    "velocity_feasibility": 0.7,
    "water_intake_score": 1.5424
   },
   "type": "Feature"
  },
  {
   "geometry": {
    "coordinates": [
     -78.725897,
     35.846
    ],
    "type": "Point"
   },
   "properties": {
    "accumulation": 73270.0,
    "bank_slope_deg": 4.39,
    "bank_slope_score": 1.0,
    "beach_dist_km": 200.88,
    "bridge_proximity_bonus": 0.0,
    "catchment_area_km2": 7.3138,
    "channel_width_m": 7.12,
    "channel_width_score": 1.0,
    "composite_score": 36.4579,
    "cso_density": 0.0,
    "ej_index": 0.4929,
    "elevation_m": 70.5671,
    "estuary_dist_km": 258.04,
    "feasibility_score": 79.3651,
    "flood_q10_cfs": 1215.1,
    "flow_score": 27.7999,
    "flow_velocity_ms": 0.1399,
    "generation_score": 20.0968,
    "impact_score": 38.5803,
    "impervious_pct": 21.57,
    "land_ownership": 1.0,
    "lat": 35.846,
    "litter_complaint_density": 0.0,
    "lon": -78.7259,
    "navigable_dist_m": null,
    "npdes_points": 1,
    "pixel_col": 1636.0,
    "pixel_row": 244.0,
    "population_density": 505.3,
    "position_along": 0.5,
    "protected_area_score": 60.7321,
    "rank": 64,
    "road_access_m": 153.7,
    "road_access_score": 1.0,
    "road_density_km_km2": 3.028,
    "robustness_pct": 0.0,
    "runoff_coeff_C": 0.2441,
    "seasonal_cv": 0.487,
    "segment_id": 5,
    "segment_length_m": 238.779,
    "stream_order": 3,
    "superfund_score": 0.0336,
    "tourism_amenity_density": 4.0585,
    "tri_facility_density": 0.0,
    "usgs_mean_q_cfs": 17.261,
    "velocity_feasibility": 0.7,
    "water_intake_score": 0.7651
   },
   "type": "Feature"
  },
  {
   "geometry": {
    "coordinates": [
     -78.788159,
     35.835864
    ],
    "type": "Point"
   },
   "properties": {
    "accumulation": 173337.0,
    "bank_slope_deg": 0.0,
    "bank_slope_score": 1.0,
    "beach_dist_km": 202.35,
    "bridge_proximity_bonus": 0.0,
    "catchment_area_km2": 17.3024,
    "channel_width_m": 10.19,
    "channel_width_score": 1.0,
    "composite_score": 36.2937,
    "cso_density": 0.0,
    "ej_index": 0.4225,
    "elevation_m": 83.4724,
    "estuary_dist_km": 262.98,
    "feasibility_score": 54.7619,
    "flood_q10_cfs": 2014.31,
    "flow_score": 29.3044,
    "flow_velocity_ms": 0.0523,
    "generation_score": 37.372,
    "impact_score": 31.8055,
    "impervious_pct": 27.07,
    "land_ownership": 0.5,
    "lat": 35.8359,
    "litter_complaint_density": 0.0,
    "lon": -78.7882,
    "navigable_dist_m": null,
    "npdes_points": 2,
    "pixel_col": 1075.0,
    "pixel_row": 368.0,
    "population_density": 407.0,
    "position_along": 0.5,
    "protected_area_score": 54.8252,
    "rank": 65,
    "road_access_m": 246.7,
    "road_access_score": 0.8,
    "road_density_km_km2": 4.486,
    "robustness_pct": 0.0,
    "runoff_coeff_C": 0.2936,
    "seasonal_cv": 0.4355,
    "segment_id": 24,
    "segment_length_m": 432.7457,
    "stream_order": 3,
    "superfund_score": 0.0333,
    "tourism_amenity_density": 4.2176,
    "tri_facility_density": 0.0578,
    "usgs_mean_q_cfs": 4.314,
    "velocity_feasibility": 0.7,
    "water_intake_score": 0.8098
   },
   "type": "Feature"
  },
  {
   "geometry": {
    "coordinates": [
     -78.73718,
     35.841414
    ],
    "type": "Point"
   },
   "properties": {
    "accumulation": 458368.0,
    "bank_slope_deg": 11.09,
    "bank_slope_score": 1.0,
    "beach_dist_km": 200.86,
    "bridge_proximity_bonus": 0.0,
    "catchment_area_km2": 45.754,
    "channel_width_m": 15.25,
    "channel_width_score": 0.5,
    "composite_score": 36.1354,
    "cso_density": 0.0,
    "ej_index": 0.4839,
    "elevation_m": 70.9196,
    "estuary_dist_km": 258.83,
    "feasibility_score": 29.3651,
    "flood_q10_cfs": 3430.93,
    "flow_score": 54.3241,
    "flow_velocity_ms": 0.1586,
    "generation_score": 23.9247,
    "impact_score": 36.574,
    "impervious_pct": 26.63,
    "land_ownership": 1.0,
    "lat": 35.8414,
    "litter_complaint_density": 0.0,
    "lon": -78.7372,
    "navigable_dist_m": null,
    "npdes_points": 2,
    "pixel_col": 1534.0,
    "pixel_row": 293.0,
    "population_density": 475.6,
    "position_along": 0.25,
    "protected_area_score": 60.3151,
    "rank": 66,
    "road_access_m": 1202.4,
    "road_access_score": 0.3,
    "road_density_km_km2": 3.291,
    "robustness_pct": 0.5,
    "runoff_coeff_C": 0.2897,
    "seasonal_cv": 0.511,
    "segment_id": 39,
    "segment_length_m": 3426.8,
    "stream_order": 3,
    "superfund_score": 0.036,
    "tourism_amenity_density": 2.4669,
    "tri_facility_density": 0.0,
    "usgs_mean_q_cfs": 62.627,
    "velocity_feasibility": 0.7,
    "water_intake_score": 0.762
   },
   "type": "Feature"
  },
  {
   "geometry": {
    "coordinates": [
     -78.7993,
     35.737132
    ],
    "type": "Point"
   },
   "properties": {
    "accumulation": 115571.0,
    "bank_slope_deg": 0.33,
    "bank_slope_score": 1.0,
    "beach_dist_km": 193.11,
    "bridge_proximity_bonus": 0.0,
    "catchment_area_km2": 11.5362,
    "channel_width_m": 8.61,
    "channel_width_score": 1.0,
    "composite_score": 36.0032,
    "cso_density": 0.0,
    "ej_index": 0.3567,
    "elevation_m": 105.6134,
    "estuary_dist_km": 260.65,
    "feasibility_score": 50.0,
    "flood_q10_cfs": 1650.43,
    "flow_score": 27.6207,
    "flow_velocity_ms": 0.0484,
    "generation_score": 30.361,
    "impact_score": 41.6326,
    "impervious_pct": 28.9,
    "land_ownership": 0.5,
    "lat": 35.7371,
    "litter_complaint_density": 0.0,
    "lon": -78.7993,
    "navigable_dist_m": null,
    "npdes_points": 1,
    "pixel_col": 999.0,
    "pixel_row": 1468.0,
    "population_density": 608.0,
    "position_along": 0.5,
    "protected_area_score": 52.3897,
    "rank": 67,
    "road_access_m": 95.5,
    "road_access_score": 1.0,
    "road_density_km_km2": 7.368,
    "robustness_pct": 0.0,
    "runoff_coeff_C": 0.3101,
    "seasonal_cv": 0.4262,
    "segment_id": 80,
    "segment_length_m": 1393.4203,
    "stream_order": 3,
    "superfund_score": 0.0184,
    "tourism_amenity_density": 5.5704,
    "tri_facility_density": 0.0,
    "usgs_mean_q_cfs": 6.345,
    "velocity_feasibility": 0.3,
    "water_intake_score": 1.0628
   },
   "type": "Feature"
  },
  {
   "geometry": {
    "coordinates": [
     -78.902476,
     35.826656
    ],
    "type": "Point"
   },
   "properties": {
    "accumulation": 26103.0,
    "bank_slope_deg": 2.83,
    "bank_slope_score": 1.0,
    "beach_dist_km": 206.34,
    "bridge_proximity_bonus": 0.0,
    "catchment_area_km2": 2.6056,
    "channel_width_m": 4.64,
    "channel_width_score": 1.0,
    "composite_score": 35.9396,
    "cso_density": 0.0,
    "ej_index": 0.5487,
    "elevation_m": 80.624,
    "estuary_dist_km": 272.46,
    "feasibility_score": 62.6984,
    "flood_q10_cfs": 706.39,
    "flow_score": 9.4974,
    "flow_velocity_ms": 0.0987,
    "generation_score": 45.3383,
    "impact_score": 35.1967,
    "impervious_pct": 35.02,
    "land_ownership": 0.5,
    "lat": 35.8267,
    "litter_complaint_density": 0.0,
    "lon": -78.9025,
    "navigable_dist_m": null,
    "npdes_points": 0,
    "pixel_col": 40.0,
    "pixel_row": 493.0,
    "population_density": 1543.8,
    "position_along": 0.5,
    "protected_area_score": 40.6848,
    "rank": 68,
    "road_access_m": 129.7,
    "road_access_score": 1.0,
    "road_density_km_km2": 9.235,
    "robustness_pct": 0.0,
    "runoff_coeff_C": 0.3652,
    "seasonal_cv": 0.419,
    "segment_id": 21,
    "segment_length_m": 738.7432,
    "stream_order": 1,
    "superfund_score": 0.0129,
    "tourism_amenity_density": 7.6394,
    "tri_facility_density": 0.0,
    "usgs_mean_q_cfs": 1.899,
    "velocity_feasibility": 0.7,
    "water_intake_score": 1.2841
   },
   "type": "Feature"
  },
  {
   "geometry": {
    "coordinates": [
     -78.782597,
     35.726205
    ],
    "type": "Point"
   },
   "properties": {
    "accumulation": 54412.0,
    "bank_slope_deg": 4.32,
    "bank_slope_score": 1.0,
    "beach_dist_km": 191.32,
    "bridge_proximity_bonus": 0.0,
    "catchment_area_km2": 5.4314,
    "channel_width_m": 6.3,
    "channel_width_score": 1.0,
    "composite_score": 35.8852,
    "cso_density": 0.0,
    "ej_index": 0.3089,
    "elevation_m": 96.3717,
    "estuary_dist_km": 258.86,
    "feasibility_score": 79.3651,
    "flood_q10_cfs": 1053.33,
    "flow_score": 13.5056,
    "flow_velocity_ms": 0.1287,
    "generation_score": 27.3407,
    "impact_score": 41.3394,
    "impervious_pct": 26.22,
    "land_ownership": 1.0,
    "lat": 35.7262,
    "litter_complaint_density": 0.0,
    "lon": -78.7826,
    "navigable_dist_m": null,
    "npdes_points": 0,
    "pixel_col": 1153.0,
    "pixel_row": 1584.0,
    "population_density": 571.2,
    "position_along": 0.5,
    "protected_area_score": 53.0247,
    "rank": 69,
    "road_access_m": 170.8,
    "road_access_score": 1.0,
    "road_density_km_km2": 7.327,
    "robustness_pct": 0.0,
    "runoff_coeff_C": 0.286,
    "seasonal_cv": 0.4433,
    "segment_id": 86,
    "segment_length_m": 4817.7961,
    "stream_order": 1,
    "superfund_score": 0.0207,
    "tourism_amenity_density": 5.2521,
    "tri_facility_density": 0.0,
    "usgs_mean_q_cfs": 15.262,
    "velocity_feasibility": 0.7,
    "water_intake_score": 1.0204
   },
   "type": "Feature"
  },
  {
   "geometry": {
    "coordinates": [
     -78.900063,
     35.73807
    ],
    "type": "Point"
   },
   "properties": {
    "accumulation": 26130.0,
    "bank_slope_deg": 1.85,
    "bank_slope_score": 1.0,
    "beach_dist_km": 197.73,
    "bridge_proximity_bonus": 0.0,
    "catchment_area_km2": 2.6083,
    "channel_width_m": 4.64,
    "channel_width_score": 1.0,
    "composite_score": 35.8376,
    "cso_density": 0.0,
    "ej_index": 0.3826,
    "elevation_m": 88.0029,
    "estuary_dist_km": 269.42,
    "feasibility_score": 62.6984,
    "flood_q10_cfs": 706.19,
    "flow_score": 9.4405,
    "flow_velocity_ms": 0.0978,
    "generation_score": 40.1584,
    "impact_score": 40.0841,
    "impervious_pct": 34.96,
    "land_ownership": 0.5,
    "lat": 35.7381,
    "litter_complaint_density": 0.0,
    "lon": -78.9001,
    "navigable_dist_m": null,
    "npdes_points": 0,
    "pixel_col": 83.0,
    "pixel_row": 1475.0,
    "population_density": 1179.4,
    "position_along": 0.5,
    "protected_area_score": 29.9531,
    "rank": 70,
    "road_access_m": 99.3,
    "road_access_score": 1.0,
    "road_density_km_km2": 8.352,
    "robustness_pct": 0.0,
    "runoff_coeff_C": 0.3646,
    "seasonal_cv": 0.4195,
    "segment_id": 84,
    "segment_length_m": 1401.697,
    "stream_order": 1,
    "superfund_score": 0.007,
    "tourism_amenity_density": 4.4563,
    "tri_facility_density": 0.0,
    "usgs_mean_q_cfs": 1.816,
    "velocity_feasibility": 0.7,
    "water_intake_score": 1.7206
   },
   "type": "Feature"
  },
  {
   "geometry": {
    "coordinates": [
     -78.663078,
     35.811799
    ],
    "type": "Point"
   },
   "properties": {
    "accumulation": 27344.0,
    "bank_slope_deg": 4.39,
    "bank_slope_score": 1.0,
    "beach_dist_km": 195.05,
    "bridge_proximity_bonus": 0.0,
    "catchment_area_km2": 2.7295,
    "channel_width_m": 4.73,
    "channel_width_score": 1.0,
    "composite_score": 35.6722,
    "cso_density": 0.0,
    "ej_index": 0.15,
    "elevation_m": 77.0208,
    "estuary_dist_km": 251.44,
    "feasibility_score": 62.6984,
    "flood_q10_cfs": 562.66,
    "flow_score": 20.9296,
    "flow_velocity_ms": 0.0986,
    "generation_score": 30.3245,
    "impact_score": 39.7923,
    "impervious_pct": 20.02,
    "land_ownership": 0.5,
    "lat": 35.8118,
    "litter_complaint_density": 0.0,
    "lon": -78.6631,
    "navigable_dist_m": null,
    "npdes_points": 0,
    "pixel_col": 2213.0,
    "pixel_row": 606.0,
    "population_density": 1053.6,
    "position_along": 0.5,
    "protected_area_score": 70.3005,
    "rank": 71,
    "road_access_m": 157.4,
    "road_access_score": 1.0,
    "road_density_km_km2": 8.109,
    "robustness_pct": 0.0,
    "runoff_coeff_C": 0.2302,
    "seasonal_cv": 0.4352,
    "segment_id": 33,
    "segment_length_m": 1146.3645,
    "stream_order": 3,
    "superfund_score": 0.0779,
    "tourism_amenity_density": 5.2521,
    "tri_facility_density": 0.0,
    "usgs_mean_q_cfs": 1.44,
    "velocity_feasibility": 0.7,
    "water_intake_score": 0.7307
   },
   "type": "Feature"
  },
  {
   "geometry": {
    "coordinates": [
     -78.872755,
     35.752718
    ],
    "type": "Point"
   },
   "properties": {
    "accumulation": 25743.0,
    "bank_slope_deg": 1.88,
    "bank_slope_score": 1.0,
    "beach_dist_km": 197.88,
    "bridge_proximity_bonus": 0.0,
    "catchment_area_km2": 2.5697,
    "channel_width_m": 4.62,
    "channel_width_score": 1.0,
    "composite_score": 35.5623,
    "cso_density": 0.0,
    "ej_index": 0.4449,
    "elevation_m": 98.9436,
    "estuary_dist_km": 267.5,
    "feasibility_score": 62.6984,
    "flood_q10_cfs": 562.08,
    "flow_score": 21.3485,
    "flow_velocity_ms": 0.0962,
    "generation_score": 31.6478,
    "impact_score": 37.7535,
    "impervious_pct": 22.56,
    "land_ownership": 0.5,
    "lat": 35.7527,
    "litter_complaint_density": 0.0,
    "lon": -78.8728,
    "navigable_dist_m": null,
    "npdes_points": 0,
    "pixel_col": 328.0,
    "pixel_row": 1310.0,
    "population_density": 970.6,
    "position_along": 0.5,
    "protected_area_score": 37.2599,
    "rank": 72,
    "road_access_m": 77.2,
    "road_access_score": 1.0,
    "road_density_km_km2": 8.852,
    "robustness_pct": 0.0,
    "runoff_coeff_C": 0.253,
    "seasonal_cv": 0.4226,
    "segment_id": 72,
    "segment_length_m": 1117.8116,
    "stream_order": 3,
    "superfund_score": 0.0097,
    "tourism_amenity_density": 2.7852,
    "tri_facility_density": 0.0,
    "usgs_mean_q_cfs": 1.335,
    "velocity_feasibility": 0.7,
    "water_intake_score": 1.4151
   },
   "type": "Feature"
  },
  {
   "geometry": {
    "coordinates": [
     -78.896581,
     35.816374
    ],
    "type": "Point"
   },
   "properties": {
    "accumulation": 44509.0,
    "bank_slope_deg": 0.4,
    "bank_slope_score": 1.0,
    "beach_dist_km": 205.08,
    "bridge_proximity_bonus": 0.0,
    "catchment_area_km2": 4.4429,
    "channel_width_m": 5.79,
    "channel_width_score": 1.0,
    "composite_score": 35.5459,
    "cso_density": 0.0,
    "ej_index": 0.5046,
    "elevation_m": 81.4247,
    "estuary_dist_km": 271.6,
    "feasibility_score": 79.3651,
    "flood_q10_cfs": 947.99,
    "flow_score": 9.9142,
    "flow_velocity_ms": 0.092,
    "generation_score": 35.3546,
    "impact_score": 35.1874,
    "impervious_pct": 28.85,
    "land_ownership": 1.0,
    "lat": 35.8164,
    "litter_complaint_density": 0.0,
    "lon": -78.8966,
    "navigable_dist_m": null,
    "npdes_points": 1,
    "pixel_col": 97.0,
    "pixel_row": 604.0,
    "population_density": 921.2,
    "position_along": 0.5,
    "protected_area_score": 41.4187,
    "rank": 73,
    "road_access_m": 194.6,
    "road_access_score": 1.0,
    "road_density_km_km2": 8.633,
    "robustness_pct": 0.0,
    "runoff_coeff_C": 0.3096,
    "seasonal_cv": 0.4198,
    "segment_id": 26,
    "segment_length_m": 2175.2615,
    "stream_order": 1,
    "superfund_score": 0.0132,
    "tourism_amenity_density": 7.2415,
    "tri_facility_density": 0.0,
    "usgs_mean_q_cfs": 2.349,
    "velocity_feasibility": 0.7,
    "water_intake_score": 1.2881
   },
   "type": "Feature"
  },
  {
   "geometry": {
    "coordinates": [
     -78.690456,
     35.851374
    ],
    "type": "Point"
   },
   "properties": {
    "accumulation": 24918.0,
    "bank_slope_deg": 2.8,
    "bank_slope_score": 1.0,
    "beach_dist_km": 200.08,
    "bridge_proximity_bonus": 0.0,
    "catchment_area_km2": 2.4873,
    "channel_width_m": 4.55,
    "channel_width_score": 1.0,
    "composite_score": 35.4445,
    "cso_density": 0.0,
    "ej_index": 0.3649,
    "elevation_m": 73.7303,
    "estuary_dist_km": 255.22,
    "feasibility_score": 62.6984,
    "flood_q10_cfs": 537.53,
    "flow_score": 22.5368,
    "flow_velocity_ms": 0.1183,
    "generation_score": 28.0887,
    "impact_score": 39.9298,
    "impervious_pct": 21.41,
    "land_ownership": 0.5,
    "lat": 35.8514,
    "litter_complaint_density": 0.0,
    "lon": -78.6905,
    "navigable_dist_m": null,
    "npdes_points": 0,
    "pixel_col": 1953.0,
    "pixel_row": 177.0,
    "population_density": 859.0,
    "position_along": 0.5,
    "protected_area_score": 63.2563,
    "rank": 74,
    "road_access_m": 162.4,
    "road_access_score": 1.0,
    "road_density_km_km2": 7.431,
    "robustness_pct": 0.0,
    "runoff_coeff_C": 0.2427,
    "seasonal_cv": 0.4559,
    "segment_id": 2,
    "segment_length_m": 1944.0493,
    "stream_order": 3,
    "superfund_score": 0.029,
    "tourism_amenity_density": 7.2415,
    "tri_facility_density": 0.0,
    "usgs_mean_q_cfs": 8.182,
    "velocity_feasibility": 0.7,
    "water_intake_score": 0.759
   },
   "type": "Feature"
  },
  {
   "geometry": {
    "coordinates": [
     -78.88801,
     35.774528
    ],
    "type": "Point"
   },
   "properties": {
    "accumulation": 24730.0,
    "bank_slope_deg": 0.73,
    "bank_slope_score": 1.0,
    "beach_dist_km": 200.67,
    "bridge_proximity_bonus": 0.0,
    "catchment_area_km2": 2.4685,
    "channel_width_m": 4.54,
    "channel_width_score": 1.0,
    "composite_score": 35.4283,
    "cso_density": 0.0,
    "ej_index": 0.595,
    "elevation_m": 86.0067,
    "estuary_dist_km": 269.5,
    "feasibility_score": 79.3651,
    "flood_q10_cfs": 489.01,
    "flow_score": 20.5053,
    "flow_velocity_ms": 0.1035,
    "generation_score": 20.6543,
    "impact_score": 40.6696,
    "impervious_pct": 16.33,
    "land_ownership": 1.0,
    "lat": 35.7745,
    "litter_complaint_density": 0.0,
    "lon": -78.888,
    "navigable_dist_m": null,
    "npdes_points": 1,
    "pixel_col": 183.0,
    "pixel_row": 1069.0,
    "population_density": 562.3,
    "position_along": 0.5,
    "protected_area_score": 37.4485,
    "rank": 75,
    "road_access_m": 181.4,
    "road_access_score": 1.0,
    "road_density_km_km2": 5.374,
    "robustness_pct": 0.0,
    "runoff_coeff_C": 0.197,
    "seasonal_cv": 0.4248,
    "segment_id": 64,
    "segment_length_m": 852.7822,
    "stream_order": 3,
    "superfund_score": 0.0099,
    "tourism_amenity_density": 4.2972,
    "tri_facility_density": 0.0,
    "usgs_mean_q_cfs": 1.324,
    "velocity_feasibility": 0.7,
    "water_intake_score": 1.4201
   },
   "type": "Feature"
  },
  {
   "geometry": {
    "coordinates": [
     -78.774644,
     35.736207
    ],
    "type": "Point"
   },
   "properties": {
    "accumulation": 28454.0,
    "bank_slope_deg": 2.6,
    "bank_slope_score": 1.0,
    "beach_dist_km": 191.96,
    "bridge_proximity_bonus": 0.0,
    "catchment_area_km2": 2.8403,
    "channel_width_m": 4.81,
    "channel_width_score": 1.0,
    "composite_score": 35.4082,
    "cso_density": 0.0,
    "ej_index": 0.3348,
    "elevation_m": 104.8489,
    "estuary_dist_km": 258.49,
    "feasibility_score": 62.6984,
    "flood_q10_cfs": 702.12,
    "flow_score": 9.0437,
    "flow_velocity_ms": 0.105,
    "generation_score": 35.3066,
    "impact_score": 43.8352,
    "impervious_pct": 30.96,
    "land_ownership": 0.5,
    "lat": 35.7362,
    "litter_complaint_density": 0.0,
    "lon": -78.7746,
    "navigable_dist_m": null,
    "npdes_points": 0,
    "pixel_col": 1220.0,
    "pixel_row": 1473.0,
    "population_density": 740.6,
    "position_along": 0.5,
    "protected_area_score": 55.6496,
    "rank": 76,
    "road_access_m": 88.0,
    "road_access_score": 1.0,
    "road_density_km_km2": 10.276,
    "robustness_pct": 0.0,
    "runoff_coeff_C": 0.3286,
    "seasonal_cv": 0.4266,
    "segment_id": 76,
    "segment_length_m": 2081.0827,
    "stream_order": 1,
    "superfund_score": 0.0251,
    "tourism_amenity_density": 7.7986,
    "tri_facility_density": 0.0,
    "usgs_mean_q_cfs": 1.778,
    "velocity_feasibility": 0.7,
    "water_intake_score": 0.9784
   },
   "type": "Feature"
  },
  {
   "geometry": {
    "coordinates": [
     -78.808332,
     35.828585
    ],
    "type": "Point"
   },
   "properties": {
    "accumulation": 23775.0,
    "bank_slope_deg": 0.47,
    "bank_slope_score": 1.0,
    "beach_dist_km": 202.46,
    "bridge_proximity_bonus": 0.0,
    "catchment_area_km2": 2.3732,
    "channel_width_m": 4.47,
    "channel_width_score": 1.0,
    "composite_score": 35.0275,
    "cso_density": 0.0,
    "ej_index": 0.5451,
    "elevation_m": 84.4408,
    "estuary_dist_km": 264.45,
    "feasibility_score": 72.2222,
    "flood_q10_cfs": 356.71,
    "flow_score": 40.0957,
    "flow_velocity_ms": 0.5,
    "generation_score": 10.0733,
    "impact_score": 37.1607,
    "impervious_pct": null,
    "land_ownership": 0.5,
    "lat": 35.8286,
    "litter_complaint_density": 0.0,
    "lon": -78.8083,
    "navigable_dist_m": null,
    "npdes_points": 0,
    "pixel_col": 895.0,
    "pixel_row": 451.0,
    "population_density": 580.8,
    "position_along": 0.5,
    "protected_area_score": 53.8218,
    "rank": 77,
    "road_access_m": 124.0,
    "road_access_score": 1.0,
    "road_density_km_km2": 4.692,
    "robustness_pct": 0.0,
    "runoff_coeff_C": null,
    "seasonal_cv": null,
    "segment_id": 16,
    "segment_length_m": 2689.8928,
    "stream_order": 3,
    "superfund_score": 0.0381,
    "tourism_amenity_density": 6.6049,
    "tri_facility_density": 0.0,
    "usgs_mean_q_cfs": null,
    "velocity_feasibility": 1.0,
    "water_intake_score": 0.8732
   },
   "type": "Feature"
  },
  {
   "geometry": {
    "coordinates": [
     -78.794815,
     35.75381
    ],
    "type": "Point"
   },
   "properties": {
    "accumulation": 68813.0,
    "bank_slope_deg": 3.37,
    "bank_slope_score": 1.0,
    "beach_dist_km": 194.54,
    "bridge_proximity_bonus": 0.0,
    "catchment_area_km2": 6.8689,
    "channel_width_m": 6.94,
    "channel_width_score": 1.0,
    "composite_score": 34.9863,
    "cso_density": 0.0,
    "ej_index": 0.3325,
    "elevation_m": 107.8926,
    "estuary_dist_km": 260.79,
    "feasibility_score": 62.6984,
    "flood_q10_cfs": 1226.37,
    "flow_score": 10.9623,
    "flow_velocity_ms": 0.0859,
    "generation_score": 34.1032,
    "impact_score": 42.0334,
    "impervious_pct": 24.8,
    "land_ownership": 0.5,
    "lat": 35.7538,
    "litter_complaint_density": 0.0,
    "lon": -78.7948,
    "navigable_dist_m": null,
    "npdes_points": 0,
    "pixel_col": 1035.0,
    "pixel_row": 1282.0,
    "population_density": 1054.8,
    "position_along": 0.75,
    "protected_area_score": 56.2432,
    "rank": 78,
    "road_access_m": 148.8,
    "road_access_score": 1.0,
    "road_density_km_km2": 9.096,
    "robustness_pct": 0.0,
    "runoff_coeff_C": 0.2732,
    "seasonal_cv": 0.4229,
    "segment_id": 58,
    "segment_length_m": 4230.9256,
    "stream_order": 1,
    "superfund_score": 0.0234,
    "tourism_amenity_density": 7.8782,
    "tri_facility_density": 0.0,
    "usgs_mean_q_cfs": 3.541,
    "velocity_feasibility": 0.7,
    "water_intake_score": 1.0094
   },
   "type": "Feature"
  },
  {
   "geometry": {
    "coordinates": [
     -78.898278,
     35.782871
    ],
    "type": "Point"
   },
   "properties": {
    "accumulation": 61770.0,
    "bank_slope_deg": 0.66,
    "bank_slope_score": 1.0,
    "beach_dist_km": 201.94,
    "bridge_proximity_bonus": 0.0,
    "catchment_area_km2": 6.1658,
    "channel_width_m": 6.64,
    "channel_width_score": 1.0,
    "composite_score": 34.786,
    "cso_density": 0.0,
    "ej_index": 0.6178,
    "elevation_m": 82.7821,
    "estuary_dist_km": 270.66,
    "feasibility_score": 62.6984,
    "flood_q10_cfs": 1087.64,
    "flow_score": 23.9421,
    "flow_velocity_ms": 0.0771,
    "generation_score": 24.1516,
    "impact_score": 40.5009,
    "impervious_pct": 22.59,
    "land_ownership": 0.5,
    "lat": 35.7829,
    "litter_complaint_density": 0.0,
    "lon": -78.8983,
    "navigable_dist_m": null,
    "npdes_points": 2,
    "pixel_col": 90.0,
    "pixel_row": 980.0,
    "population_density": 640.3,
    "position_along": 0.75,
    "protected_area_score": 36.8412,
    "rank": 79,
    "road_access_m": 183.9,
    "road_access_score": 1.0,
    "road_density_km_km2": 3.774,
    "robustness_pct": 0.0,
    "runoff_coeff_C": 0.2533,
    "seasonal_cv": 0.4199,
    "segment_id": 54,
    "segment_length_m": 3692.7118,
    "stream_order": 3,
    "superfund_score": 0.0095,
    "tourism_amenity_density": 4.2972,
    "tri_facility_density": 0.0,
    "usgs_mean_q_cfs": 3.405,
    "velocity_feasibility": 0.7,
    "water_intake_score": 1.4539
   },
   "type": "Feature"
  },
  {
   "geometry": {
    "coordinates": [
     -78.817013,
     35.735489
    ],
    "type": "Point"
   },
   "properties": {
    "accumulation": 41864.0,
    "bank_slope_deg": 3.01,
    "bank_slope_score": 1.0,
    "beach_dist_km": 193.72,
    "bridge_proximity_bonus": 0.0,
    "catchment_area_km2": 4.1788,
    "channel_width_m": 5.65,
    "channel_width_score": 1.0,
    "composite_score": 34.7572,
    "cso_density": 0.0,
    "ej_index": 0.383,
    "elevation_m": 108.7444,
    "estuary_dist_km": 262.13,
    "feasibility_score": 54.7619,
    "flood_q10_cfs": 871.03,
    "flow_score": 23.3844,
    "flow_velocity_ms": 0.0945,
    "generation_score": 28.8844,
    "impact_score": 40.1049,
    "impervious_pct": 26.65,
    "land_ownership": 0.5,
    "lat": 35.7355,
    "litter_complaint_density": 0.0,
    "lon": -78.817,
    "navigable_dist_m": null,
    "npdes_points": 0,
    "pixel_col": 839.0,
    "pixel_row": 1486.0,
    "population_density": 740.5,
    "position_along": 0.5,
    "protected_area_score": 48.7355,
    "rank": 80,
    "road_access_m": 231.3,
    "road_access_score": 0.8,
    "road_density_km_km2": 6.82,
    "robustness_pct": 0.0,
    "runoff_coeff_C": 0.2898,
    "seasonal_cv": 0.4222,
    "segment_id": 79,
    "segment_length_m": 2618.8301,
    "stream_order": 3,
    "superfund_score": 0.0148,
    "tourism_amenity_density": 3.2627,
    "tri_facility_density": 0.0,
    "usgs_mean_q_cfs": 2.429,
    "velocity_feasibility": 0.7,
    "water_intake_score": 1.1492
   },
   "type": "Feature"
  },
  {
   "geometry": {
    "coordinates": [
     -78.825164,
     35.777047
    ],
    "type": "Point"
   },
   "properties": {
    "accumulation": 20146.0,
    "bank_slope_deg": 0.03,
    "bank_slope_score": 1.0,
    "beach_dist_km": 198.12,
    "bridge_proximity_bonus": 0.0,
    "catchment_area_km2": 2.011,
    "channel_width_m": 4.17,
    "channel_width_score": 1.0,
    "composite_score": 34.5755,
    "cso_density": 0.0,
    "ej_index": 0.3232,
    "elevation_m": 104.5041,
    "estuary_dist_km": 264.16,
    "feasibility_score": 58.7302,
    "flood_q10_cfs": 436.75,
    "flow_score": 19.2886,
    "flow_velocity_ms": 0.0457,
    "generation_score": 30.7343,
    "impact_score": 39.0785,
    "impervious_pct": 18.7,
    "land_ownership": 1.0,
    "lat": 35.777,
    "litter_complaint_density": 0.0,
    "lon": -78.8252,
    "navigable_dist_m": null,
    "npdes_points": 0,
    "pixel_col": 753.0,
    "pixel_row": 1026.0,
    "population_density": 1166.8,
    "position_along": 0.5,
    "protected_area_score": 53.1998,
    "rank": 81,
    "road_access_m": 201.7,
    "road_access_score": 0.8,
    "road_density_km_km2": 7.984,
    "robustness_pct": 0.0,
    "runoff_coeff_C": 0.2183,
    "seasonal_cv": 0.4241,
    "segment_id": 59,
    "segment_length_m": 475.5497,
    "stream_order": 3,
    "superfund_score": 0.0193,
    "tourism_amenity_density": 10.1063,
    "tri_facility_density": 0.0,
    "usgs_mean_q_cfs": 1.351,
    "velocity_feasibility": 0.3,
    "water_intake_score": 1.0453
   },
   "type": "Feature"
  },
  {
   "geometry": {
    "coordinates": [
     -78.786056,
     35.830598
    ],
    "type": "Point"
   },
   "properties": {
    "accumulation": 90598.0,
    "bank_slope_deg": 1.23,
    "bank_slope_score": 1.0,
    "beach_dist_km": 201.74,
    "bridge_proximity_bonus": 0.2,
    "catchment_area_km2": 9.0434,
    "channel_width_m": 7.78,
    "channel_width_score": 1.0,
    "composite_score": 34.5022,
    "cso_density": 0.0,
    "ej_index": 0.4066,
    "elevation_m": 85.393,
    "estuary_dist_km": 262.61,
    "feasibility_score": 65.873,
    "flood_q10_cfs": 1406.22,
    "flow_score": 28.2289,
    "flow_velocity_ms": 0.166,
    "generation_score": 25.2188,
    "impact_score": 33.3278,
    "impervious_pct": 27.07,
    "land_ownership": 0.5,
    "lat": 35.8306,
    "litter_complaint_density": 0.0,
    "lon": -78.7861,
    "navigable_dist_m": null,
    "npdes_points": 0,
    "pixel_col": 1093.0,
    "pixel_row": 424.0,
    "population_density": 567.7,
    "position_along": 0.75,
    "protected_area_score": 55.9193,
    "rank": 82,
    "road_access_m": 283.0,
    "road_access_score": 0.8,
    "road_density_km_km2": 5.169,
    "robustness_pct": 0.0,
    "runoff_coeff_C": 0.2936,
    "seasonal_cv": 0.4355,
    "segment_id": 37,
    "segment_length_m": 3105.2531,
    "stream_order": 3,
    "superfund_score": 0.0341,
    "tourism_amenity_density": 5.2521,
    "tri_facility_density": 0.0,
    "usgs_mean_q_cfs": 4.314,
    "velocity_feasibility": 0.7,
    "water_intake_score": 0.8233
   },
   "type": "Feature"
  },
  {
   "geometry": {
    "coordinates": [
     -78.767177,
     35.754606
    ],
    "type": "Point"
   },
   "properties": {
    "accumulation": 26336.0,
    "bank_slope_deg": 0.5,
    "bank_slope_score": 1.0,
    "beach_dist_km": 193.45,
    "bridge_proximity_bonus": 0.0,
    "catchment_area_km2": 2.6288,
    "channel_width_m": 4.66,
    "channel_width_score": 1.0,
    "composite_score": 34.4983,
    "cso_density": 0.0,
    "ej_index": 0.3322,
    "elevation_m": 112.8586,
    "estuary_dist_km": 258.42,
    "feasibility_score": 79.3651,
    "flood_q10_cfs": 502.89,
    "flow_score": 6.4329,
    "flow_velocity_ms": 0.1023,
    "generation_score": 27.9682,
    "impact_score": 41.9829,
    "impervious_pct": 15.22,
    "land_ownership": 1.0,
    "lat": 35.7546,
    "litter_complaint_density": 0.0,
    "lon": -78.7672,
    "navigable_dist_m": null,
    "npdes_points": 0,
    "pixel_col": 1285.0,
    "pixel_row": 1267.0,
    "population_density": 868.0,
    "position_along": 0.25,
    "protected_area_score": 59.0718,
    "rank": 83,
    "road_access_m": 70.7,
    "road_access_score": 1.0,
    "road_density_km_km2": 10.099,
    "robustness_pct": 0.0,
    "runoff_coeff_C": 0.187,
    "seasonal_cv": 0.4284,
    "segment_id": 70,
    "segment_length_m": 3617.9266,
    "stream_order": 1,
    "superfund_score": 0.0353,
    "tourism_amenity_density": 6.0479,
    "tri_facility_density": 0.0,
    "usgs_mean_q_cfs": 1.645,
    "velocity_feasibility": 0.7,
    "water_intake_score": 0.9234
   },
   "type": "Feature"
  },
  {
   "geometry": {
    "coordinates": [
     -78.723201,
     35.851326
    ],
    "type": "Point"
   },
   "properties": {
    "accumulation": 23753.0,
    "bank_slope_deg": 7.48,
    "bank_slope_score": 1.0,
    "beach_dist_km": 201.31,
    "bridge_proximity_bonus": 0.0,
    "catchment_area_km2": 2.371,
    "channel_width_m": 4.46,
    "channel_width_score": 1.0,
    "composite_score": 34.2865,
    "cso_density": 0.0,
    "ej_index": 0.4676,
    "elevation_m": 74.2627,
    "estuary_dist_km": 258.0,
    "feasibility_score": 62.6984,
    "flood_q10_cfs": 583.59,
    "flow_score": 22.4063,
    "flow_velocity_ms": 0.1018,
    "generation_score": 26.6447,
    "impact_score": 37.6227,
    "impervious_pct": 28.17,
    "land_ownership": 0.5,
    "lat": 35.8513,
    "litter_complaint_density": 0.0,
    "lon": -78.7232,
    "navigable_dist_m": null,
    "npdes_points": 0,
    "pixel_col": 1656.0,
    "pixel_row": 184.0,
    "population_density": 748.3,
    "position_along": 0.5,
    "protected_area_score": 60.1701,
    "rank": 84,
    "road_access_m": 102.6,
    "road_access_score": 1.0,
    "road_density_km_km2": 4.145,
    "robustness_pct": 0.0,
    "runoff_coeff_C": 0.3035,
    "seasonal_cv": 0.4537,
    "segment_id": 4,
    "segment_length_m": 1452.656,
    "stream_order": 3,
    "superfund_score": 0.0305,
    "tourism_amenity_density": 4.2972,
    "tri_facility_density": 0.0,
    "usgs_mean_q_cfs": 5.207,
    "velocity_feasibility": 0.7,
    "water_intake_score": 0.7676
   },
   "type": "Feature"
  },
  {
   "geometry": {
    "coordinates": [
     -78.730569,
     35.821788
    ],
    "type": "Point"
   },
   "properties": {
    "accumulation": 119320.0,
    "bank_slope_deg": 1.39,
    "bank_slope_score": 1.0,
    "beach_dist_km": 198.64,
    "bridge_proximity_bonus": 0.0,
    "catchment_area_km2": 11.9104,
    "channel_width_m": 8.72,
    "channel_width_score": 1.0,
    "composite_score": 34.1448,
    "cso_density": 0.0,
    "ej_index": 0.5046,
    "elevation_m": 91.8324,
    "estuary_dist_km": 257.56,
    "feasibility_score": 50.0,
    "flood_q10_cfs": 1671.54,
    "flow_score": 27.3597,
    "flow_velocity_ms": 0.048,
    "generation_score": 23.6044,
    "impact_score": 42.4117,
    "impervious_pct": 28.54,
    "land_ownership": 0.5,
    "lat": 35.8218,
    "litter_complaint_density": 0.0,
    "lon": -78.7306,
    "navigable_dist_m": null,
    "npdes_points": 0,
    "pixel_col": 1598.0,
    "pixel_row": 510.0,
    "population_density": 408.9,
    "position_along": 0.5,
    "protected_area_score": 63.1292,
    "rank": 85,
    "road_access_m": 128.5,
    "road_access_score": 1.0,
    "road_density_km_km2": 4.639,
    "robustness_pct": 0.0,
    "runoff_coeff_C": 0.3069,
    "seasonal_cv": 0.4442,
    "segment_id": 45,
    "segment_length_m": 2683.9184,
    "stream_order": 3,
    "superfund_score": 0.0692,
    "tourism_amenity_density": 5.093,
    "tri_facility_density": 0.0,
    "usgs_mean_q_cfs": 6.293,
    "velocity_feasibility": 0.3,
    "water_intake_score": 0.7659
   },
   "type": "Feature"
  },
  {
   "geometry": {
    "coordinates": [
     -78.754757,
     35.732436
    ],
    "type": "Point"
   },
   "properties": {
    "accumulation": 24186.0,
    "bank_slope_deg": 1.21,
    "bank_slope_score": 1.0,
    "beach_dist_km": 190.75,
    "bridge_proximity_bonus": 0.0,
    "catchment_area_km2": 2.4142,
    "channel_width_m": 4.5,
    "channel_width_score": 1.0,
    "composite_score": 34.1438,
    "cso_density": 0.0,
    "ej_index": 0.2547,
    "elevation_m": 102.78,
    "estuary_dist_km": 256.64,
    "feasibility_score": 62.6984,
    "flood_q10_cfs": 656.96,
    "flow_score": 8.862,
    "flow_velocity_ms": 0.1071,
    "generation_score": 36.1109,
    "impact_score": 38.9676,
    "impervious_pct": 34.16,
    "land_ownership": 0.5,
    "lat": 35.7324,
    "litter_complaint_density": 0.0,
    "lon": -78.7548,
    "navigable_dist_m": null,
    "npdes_points": 0,
    "pixel_col": 1401.0,
    "pixel_row": 1511.0,
    "population_density": 766.5,
    "position_along": 0.25,
    "protected_area_score": 57.042,
    "rank": 86,
    "road_access_m": 81.9,
    "road_access_score": 1.0,
    "road_density_km_km2": 9.234,
    "robustness_pct": 0.0,
    "runoff_coeff_C": 0.3574,
    "seasonal_cv": 0.4388,
    "segment_id": 82,
    "segment_length_m": 3353.3131,
    "stream_order": 1,
    "superfund_score": 0.0331,
    "tourism_amenity_density": 2.4669,
    "tri_facility_density": 0.0,
    "usgs_mean_q_cfs": 1.26,
    "velocity_feasibility": 0.7,
    "water_intake_score": 0.9251
   },
   "type": "Feature"
  },
  {
   "geometry": {
    "coordinates": [
     -78.659131,
     35.819078
    ],
    "type": "Point"
   },
   "properties": {
    "accumulation": 83332.0,
    "bank_slope_deg": 4.69,
    "bank_slope_score": 1.0,
    "beach_dist_km": 195.64,
    "bridge_proximity_bonus": 0.0,
    "catchment_area_km2": 8.3181,
    "channel_width_m": 7.52,
    "channel_width_score": 1.0,
    "composite_score": 34.0618,
    "cso_density": 0.0,
    "ej_index": 0.1873,
    "elevation_m": 70.7281,
    "estuary_dist_km": 251.37,
    "feasibility_score": 54.7619,
    "flood_q10_cfs": 1195.15,
    "flow_score": 25.8754,
    "flow_velocity_ms": 0.1486,
    "generation_score": 25.0699,
    "impact_score": 39.5255,
    "impervious_pct": 18.65,
    "land_ownership": 0.5,
    "lat": 35.8191,
    "litter_complaint_density": 0.0,
    "lon": -78.6591,
    "navigable_dist_m": null,
    "npdes_points": 0,
    "pixel_col": 2245.0,
    "pixel_row": 525.0,
    "population_density": 956.0,
    "position_along": 0.5,
    "protected_area_score": 69.6829,
    "rank": 87,
    "road_access_m": 295.4,
    "road_access_score": 0.8,
    "road_density_km_km2": 5.218,
    "robustness_pct": 0.0,
    "runoff_coeff_C": 0.2178,
    "seasonal_cv": 0.4397,
    "segment_id": 35,
    "segment_length_m": 781.8413,
    "stream_order": 3,
    "superfund_score": 0.0649,
    "tourism_amenity_density": 4.2176,
    "tri_facility_density": 0.0,
    "usgs_mean_q_cfs": 4.359,
    "velocity_feasibility": 0.7,
    "water_intake_score": 0.732
   },
   "type": "Feature"
  },
  {
   "geometry": {
    "coordinates": [
     -78.797448,
     35.727602
    ],
    "type": "Point"
   },
   "properties": {
    "accumulation": 32093.0,
    "bank_slope_deg": 0.04,
    "bank_slope_score": 1.0,
    "beach_dist_km": 192.1,
    "bridge_proximity_bonus": 0.0,
    "catchment_area_km2": 3.2035,
    "channel_width_m": 5.06,
    "channel_width_score": 1.0,
    "composite_score": 33.9754,
    "cso_density": 0.0,
    "ej_index": 0.3887,
    "elevation_m": 103.7295,
    "estuary_dist_km": 260.19,
    "feasibility_score": 71.4286,
    "flood_q10_cfs": 726.02,
    "flow_score": 8.0647,
    "flow_velocity_ms": 0.0599,
    "generation_score": 27.4955,
    "impact_score": 43.3209,
    "impervious_pct": 27.69,
    "land_ownership": 1.0,
    "lat": 35.7276,
    "litter_complaint_density": 0.0,
    "lon": -78.7974,
    "navigable_dist_m": null,
    "npdes_points": 0,
    "pixel_col": 1018.0,
    "pixel_row": 1572.0,
    "population_density": 551.1,
    "position_along": 0.1667,
    "protected_area_score": 50.5664,
    "rank": 88,
    "road_access_m": 273.9,
    "road_access_score": 0.8,
    "road_density_km_km2": 6.972,
    "robustness_pct": 0.0,
    "runoff_coeff_C": 0.2992,
    "seasonal_cv": 0.4233,
    "segment_id": 86,
    "segment_length_m": 4817.7961,
    "stream_order": 1,
    "superfund_score": 0.0173,
    "tourism_amenity_density": 6.207,
    "tri_facility_density": 0.0,
    "usgs_mean_q_cfs": 2.489,
    "velocity_feasibility": 0.7,
    "water_intake_score": 1.0733
   },
   "type": "Feature"
  },
  {
   "geometry": {
    "coordinates": [
     -78.665404,
     35.722629
    ],
    "type": "Point"
   },
   "properties": {
    "accumulation": 36967.0,
    "bank_slope_deg": 1.72,
    "bank_slope_score": 1.0,
    "beach_dist_km": 186.15,
    "bridge_proximity_bonus": 0.0,
    "catchment_area_km2": 3.69,
    "channel_width_m": 5.36,
    "channel_width_score": 1.0,
    "composite_score": 33.8754,
    "cso_density": 0.0,
    "ej_index": 0.6925,
    "elevation_m": 83.8718,
    "estuary_dist_km": 248.6,
    "feasibility_score": 62.6984,
    "flood_q10_cfs": 744.53,
    "flow_score": 8.2047,
    "flow_velocity_ms": 0.0916,
    "generation_score": 15.8939,
    "impact_score": 58.8376,
    "impervious_pct": 23.04,
    "land_ownership": 0.5,
    "lat": 35.7226,
    "litter_complaint_density": 0.0,
    "lon": -78.6654,
    "navigable_dist_m": null,
    "npdes_points": 1,
    "pixel_col": 2214.0,
    "pixel_row": 1601.0,
    "population_density": 166.8,
    "position_along": 0.5,
    "protected_area_score": 59.7923,
    "rank": 89,
    "road_access_m": 136.7,
    "road_access_score": 1.0,
    "road_density_km_km2": 2.02,
    "robustness_pct": 0.0,
    "runoff_coeff_C": 0.2574,
    "seasonal_cv": 0.4358,
    "segment_id": 85,
    "segment_length_m": 1815.8809,
    "stream_order": 1,
    "superfund_score": 0.0658,
    "tourism_amenity_density": 0.9549,
    "tri_facility_density": 0.0,
    "usgs_mean_q_cfs": 2.781,
    "velocity_feasibility": 0.7,
    "water_intake_score": 0.9211
   },
   "type": "Feature"
  },
  {
   "geometry": {
    "coordinates": [
     -78.722566,
     35.830983
    ],
    "type": "Point"
   },
   "properties": {
    "accumulation": 20573.0,
    "bank_slope_deg": 0.17,
    "bank_slope_score": 1.0,
    "beach_dist_km": 199.25,
    "bridge_proximity_bonus": 0.0,
    "catchment_area_km2": 2.0536,
    "channel_width_m": 4.21,
    "channel_width_score": 1.0,
    "composite_score": 33.539,
    "cso_density": 0.0,
    "ej_index": 0.4532,
    "elevation_m": 88.7119,
    "estuary_dist_km": 257.21,
    "feasibility_score": 62.6984,
    "flood_q10_cfs": 498.55,
    "flow_score": 21.5362,
    "flow_velocity_ms": 0.1123,
    "generation_score": 22.167,
    "impact_score": 40.3336,
    "impervious_pct": 25.36,
    "land_ownership": 0.5,
    "lat": 35.831,
    "litter_complaint_density": 0.0,
    "lon": -78.7226,
    "navigable_dist_m": null,
    "npdes_points": 0,
    "pixel_col": 1667.0,
    "pixel_row": 406.0,
    "population_density": 603.0,
    "position_along": 0.5,
    "protected_area_score": 62.8921,
    "rank": 90,
    "road_access_m": 105.5,
    "road_access_score": 1.0,
    "road_density_km_km2": 3.033,
    "robustness_pct": 0.0,
    "runoff_coeff_C": 0.2782,
    "seasonal_cv": 0.4289,
    "segment_id": 17,
    "segment_length_m": 502.3884,
    "stream_order": 3,
    "superfund_score": 0.0508,
    "tourism_amenity_density": 5.0134,
    "tri_facility_density": 0.0,
    "usgs_mean_q_cfs": 1.037,
    "velocity_feasibility": 0.7,
    "water_intake_score": 0.7598
   },
   "type": "Feature"
  },
  {
   "geometry": {
    "coordinates": [
     -78.763919,
     35.740548
    ],
    "type": "Point"
   },
   "properties": {
    "accumulation": 59187.0,
    "bank_slope_deg": 0.0,
    "bank_slope_score": 1.0,
    "beach_dist_km": 191.93,
    "bridge_proximity_bonus": 0.0,
    "catchment_area_km2": 5.908,
    "channel_width_m": 6.52,
    "channel_width_score": 1.0,
    "composite_score": 33.5118,
    "cso_density": 0.0,
    "ej_index": 0.3849,
    "elevation_m": 102.1145,
    "estuary_dist_km": 257.69,
    "feasibility_score": 62.6984,
    "flood_q10_cfs": 990.62,
    "flow_score": 8.6859,
    "flow_velocity_ms": 0.0536,
    "generation_score": 29.7092,
    "impact_score": 43.4094,
    "impervious_pct": 19.09,
    "land_ownership": 0.5,
    "lat": 35.7405,
    "litter_complaint_density": 0.0,
    "lon": -78.7639,
    "navigable_dist_m": null,
    "npdes_points": 0,
    "pixel_col": 1317.0,
    "pixel_row": 1423.0,
    "population_density": 880.2,
    "position_along": 0.75,
    "protected_area_score": 57.5494,
    "rank": 91,
    "road_access_m": 137.0,
    "road_access_score": 1.0,
    "road_density_km_km2": 9.673,
    "robustness_pct": 0.0,
    "runoff_coeff_C": 0.2218,
    "seasonal_cv": 0.4316,
    "segment_id": 70,
    "segment_length_m": 3617.9266,
    "stream_order": 1,
    "superfund_score": 0.0303,
    "tourism_amenity_density": 4.5359,
    "tri_facility_density": 0.0,
    "usgs_mean_q_cfs": 4.419,
    "velocity_feasibility": 0.7,
    "water_intake_score": 0.9401
   },
   "type": "Feature"
  },
  {
   "geometry": {
    "coordinates": [
     -78.803096,
     35.830812
    ],
    "type": "Point"
   },
   "properties": {
    "accumulation": 43257.0,
    "bank_slope_deg": 1.7,
    "bank_slope_score": 1.0,
    "beach_dist_km": 202.46,
    "bridge_proximity_bonus": 0.0,
    "catchment_area_km2": 4.3179,
    "channel_width_m": 5.73,
    "channel_width_score": 1.0,
    "composite_score": 33.1889,
    "cso_density": 0.0,
    "ej_index": 0.5157,
    "elevation_m": 85.9172,
    "estuary_dist_km": 264.08,
    "feasibility_score": 64.2857,
    "flood_q10_cfs": 560.02,
    "flow_score": 41.184,
    "flow_velocity_ms": 0.5,
    "generation_score": 8.7792,
    "impact_score": 35.3875,
    "impervious_pct": null,
    "land_ownership": 0.5,
    "lat": 35.8308,
    "litter_complaint_density": 0.0,
    "lon": -78.8031,
    "navigable_dist_m": null,
    "npdes_points": 0,
    "pixel_col": 941.0,
    "pixel_row": 426.0,
    "population_density": 550.2,
    "position_along": 0.75,
    "protected_area_score": 53.7123,
    "rank": 92,
    "road_access_m": 430.5,
    "road_access_score": 0.8,
    "road_density_km_km2": 3.887,
    "robustness_pct": 0.0,
    "runoff_coeff_C": null,
    "seasonal_cv": null,
    "segment_id": 22,
    "segment_length_m": 3049.8617,
    "stream_order": 3,
    "superfund_score": 0.0364,
    "tourism_amenity_density": 5.8092,
    "tri_facility_density": 0.0,
    "usgs_mean_q_cfs": null,
    "velocity_feasibility": 1.0,
    "water_intake_score": 0.8494
   },
   "type": "Feature"
  },
  {
   "geometry": {
    "coordinates": [
     -78.884329,
     35.855025
    ],
    "type": "Point"
   },
   "properties": {
    "accumulation": 72973.0,
    "bank_slope_deg": 0.6,
    "bank_slope_score": 1.0,
    "beach_dist_km": 208.29,
    "bridge_proximity_bonus": 0.0,
    "catchment_area_km2": 7.2841,
    "channel_width_m": 7.11,
    "channel_width_score": 1.0,
    "composite_score": 32.9156,
    "cso_density": 0.0,
    "ej_index": 0.6174,
    "elevation_m": 78.7777,
    "estuary_dist_km": 271.88,
    "feasibility_score": 54.7619,
    "flood_q10_cfs": 1519.51,
    "flow_score": 27.0316,
    "flow_velocity_ms": 0.0967,
    "generation_score": 29.0355,
    "impact_score": 30.776,
    "impervious_pct": 34.52,
    "land_ownership": 0.5,
    "lat": 35.855,
    "litter_complaint_density": 0.0,
    "lon": -78.8843,
    "navigable_dist_m": null,
    "npdes_points": 1,
    "pixel_col": 197.0,
    "pixel_row": 176.0,
    "population_density": 489.3,
    "position_along": 0.75,
    "protected_area_score": 42.551,
    "rank": 93,
    "road_access_m": 434.1,
    "road_access_score": 0.8,
    "road_density_km_km2": 4.785,
    "robustness_pct": 0.0,
    "runoff_coeff_C": 0.3607,
    "seasonal_cv": 0.4268,
    "segment_id": 7,
    "segment_length_m": 3393.987,
    "stream_order": 3,
    "superfund_score": 0.0218,
    "tourism_amenity_density": 4.2176,
    "tri_facility_density": 0.0,
    "usgs_mean_q_cfs": 2.457,
    "velocity_feasibility": 0.7,
    "water_intake_score": 1.0987
   },
   "type": "Feature"
  },
  {
   "geometry": {
    "coordinates": [
     -78.686891,
     35.717893
    ],
    "type": "Point"
   },
   "properties": {
    "accumulation": 45019.0,
    "bank_slope_deg": 0.31,
    "bank_slope_score": 1.0,
    "beach_dist_km": 186.53,
    "bridge_proximity_bonus": 0.0,
    "catchment_area_km2": 4.4938,
    "channel_width_m": 5.82,
    "channel_width_score": 1.0,
    "composite_score": 32.6738,
    "cso_density": 0.0,
    "ej_index": 0.5709,
    "elevation_m": 88.2481,
    "estuary_dist_km": 250.31,
    "feasibility_score": 79.3651,
    "flood_q10_cfs": 679.01,
    "flow_score": 9.1022,
    "flow_velocity_ms": 0.1655,
    "generation_score": 6.805,
    "impact_score": 54.8399,
    "impervious_pct": 9.29,
    "land_ownership": 1.0,
    "lat": 35.7179,
    "litter_complaint_density": 0.0,
    "lon": -78.6869,
    "navigable_dist_m": null,
    "npdes_points": 0,
    "pixel_col": 2022.0,
    "pixel_row": 1656.0,
    "population_density": 183.7,
    "position_along": 0.75,
    "protected_area_score": 58.289,
    "rank": 94,
    "road_access_m": 86.6,
    "road_access_score": 1.0,
    "road_density_km_km2": 1.428,
    "robustness_pct": 0.0,
    "runoff_coeff_C": 0.1336,
    "seasonal_cv": 0.4427,
    "segment_id": 83,
    "segment_length_m": 3437.6733,
    "stream_order": 1,
    "superfund_score": 0.0813,
    "tourism_amenity_density": 2.6261,
    "tri_facility_density": 0.0,
    "usgs_mean_q_cfs": 6.14,
    "velocity_feasibility": 0.7,
    "water_intake_score": 0.9174
   },
   "type": "Feature"
  },
  {
   "geometry": {
    "coordinates": [
     -78.770592,
     35.721764
    ],
    "type": "Point"
   },
   "properties": {
    "accumulation": 74024.0,
    "bank_slope_deg": 4.0,
    "bank_slope_score": 1.0,
    "beach_dist_km": 190.37,
    "bridge_proximity_bonus": 0.0,
    "catchment_area_km2": 7.389,
    "channel_width_m": 7.16,
    "channel_width_score": 1.0,
    "composite_score": 32.3051,
    "cso_density": 0.0,
    "ej_index": 0.2163,
    "elevation_m": 93.4263,
    "estuary_dist_km": 257.69,
    "feasibility_score": 62.6984,
    "flood_q10_cfs": 1329.95,
    "flow_score": 15.058,
    "flow_velocity_ms": 0.1226,
    "generation_score": 25.2247,
    "impact_score": 38.5614,
    "impervious_pct": 26.29,
    "land_ownership": 0.5,
    "lat": 35.7218,
    "litter_complaint_density": 0.0,
    "lon": -78.7706,
    "navigable_dist_m": null,
    "npdes_points": 0,
    "pixel_col": 1263.0,
    "pixel_row": 1632.0,
    "population_density": 650.8,
    "position_along": 0.8333,
    "protected_area_score": 53.2305,
    "rank": 95,
    "road_access_m": 189.6,
    "road_access_score": 1.0,
    "road_density_km_km2": 4.74,
    "robustness_pct": 0.0,
    "runoff_coeff_C": 0.2866,
    "seasonal_cv": 0.4465,
    "segment_id": 86,
    "segment_length_m": 4817.7961,
    "stream_order": 1,
    "superfund_score": 0.0239,
    "tourism_amenity_density": 4.2972,
    "tri_facility_density": 0.0,
    "usgs_mean_q_cfs": 17.184,
    "velocity_feasibility": 0.7,
    "water_intake_score": 0.9869
   },
   "type": "Feature"
  },
  {
   "geometry": {
    "coordinates": [
     -78.902188,
     35.768111
    ],
    "type": "Point"
   },
   "properties": {
    "accumulation": 22220.0,
    "bank_slope_deg": 1.49,
    "bank_slope_score": 1.0,
    "beach_dist_km": 200.7,
    "bridge_proximity_bonus": 0.2,
    "catchment_area_km2": 2.218,
    "channel_width_m": 4.34,
    "channel_width_score": 1.0,
    "composite_score": 32.2366,
    "cso_density": 0.0,
    "ej_index": 0.6601,
    "elevation_m": 82.6908,
    "estuary_dist_km": 270.53,
    "feasibility_score": 73.8095,
    "flood_q10_cfs": 503.34,
    "flow_score": 7.4584,
    "flow_velocity_ms": 0.1093,
    "generation_score": 21.5317,
    "impact_score": 42.8035,
    "impervious_pct": 22.59,
    "land_ownership": 0.5,
    "lat": 35.7681,
    "litter_complaint_density": 0.0,
    "lon": -78.9022,
    "navigable_dist_m": null,
    "npdes_points": 1,
    "pixel_col": 56.0,
    "pixel_row": 1143.0,
    "population_density": 375.0,
    "position_along": 0.5,
    "protected_area_score": 33.3682,
    "rank": 96,
    "road_access_m": 44.2,
    "road_access_score": 1.0,
    "road_density_km_km2": 5.019,
    "robustness_pct": 0.0,
    "runoff_coeff_C": 0.2533,
    "seasonal_cv": 0.4208,
    "segment_id": 69,
    "segment_length_m": 764.5777,
    "stream_order": 1,
    "superfund_score": 0.0082,
    "tourism_amenity_density": 3.1035,
    "tri_facility_density": 0.0,
    "usgs_mean_q_cfs": 1.476,
    "velocity_feasibility": 0.7,
    "water_intake_score": 1.5673
   },
   "type": "Feature"
  },
  {
   "geometry": {
    "coordinates": [
     -78.887471,
     35.850236
    ],
    "type": "Point"
   },
   "properties": {
    "accumulation": 54081.0,
    "bank_slope_deg": 5.55,
    "bank_slope_score": 1.0,
    "beach_dist_km": 207.96,
    "bridge_proximity_bonus": 0.0,
    "catchment_area_km2": 5.3983,
    "channel_width_m": 6.28,
    "channel_width_score": 1.0,
    "composite_score": 32.1805,
    "cso_density": 0.0,
    "ej_index": 0.6165,
    "elevation_m": 79.066,
    "estuary_dist_km": 271.98,
    "feasibility_score": 54.7619,
    "flood_q10_cfs": 1033.01,
    "flow_score": 24.7312,
    "flow_velocity_ms": 0.1235,
    "generation_score": 26.9145,
    "impact_score": 32.3637,
    "impervious_pct": 25.37,
    "land_ownership": 0.5,
    "lat": 35.8502,
    "litter_complaint_density": 0.0,
    "lon": -78.8875,
    "navigable_dist_m": null,
    "npdes_points": 0,
    "pixel_col": 170.0,
    "pixel_row": 226.0,
    "population_density": 598.6,
    "position_along": 0.5,
    "protected_area_score": 42.3599,
    "rank": 97,
    "road_access_m": 438.9,
    "road_access_score": 0.8,
    "road_density_km_km2": 7.096,
    "robustness_pct": 0.0,
    "runoff_coeff_C": 0.2783,
    "seasonal_cv": 0.4239,
    "segment_id": 13,
    "segment_length_m": 1224.6998,
    "stream_order": 3,
    "superfund_score": 0.0204,
    "tourism_amenity_density": 5.65,
    "tri_facility_density": 0.0,
    "usgs_mean_q_cfs": 2.601,
    "velocity_feasibility": 0.7,
    "water_intake_score": 1.1252
   },
   "type": "Feature"
  },
  {
   "geometry": {
    "coordinates": [
     -78.809514,
     35.848233
    ],
    "type": "Point"
   },
   "properties": {
    "accumulation": 23358.0,
    "bank_slope_deg": 0.52,
    "bank_slope_score": 1.0,
    "beach_dist_km": 204.45,
    "bridge_proximity_bonus": 0.0,
    "catchment_area_km2": 2.3316,
    "channel_width_m": 4.43,
    "channel_width_score": 1.0,
    "composite_score": 31.9343,
    "cso_density": 0.0,
    "ej_index": 0.7581,
    "elevation_m": 84.4437,
    "estuary_dist_km": 265.24,
    "feasibility_score": 56.3492,
    "flood_q10_cfs": 351.99,
    "flow_score": 40.0712,
    "flow_velocity_ms": 0.5,
    "generation_score": 6.4004,
    "impact_score": 38.4801,
    "impervious_pct": null,
    "land_ownership": 0.5,
    "lat": 35.8482,
    "litter_complaint_density": 0.0,
    "lon": -78.8095,
    "navigable_dist_m": null,
    "npdes_points": 3,
    "pixel_col": 879.0,
    "pixel_row": 236.0,
    "population_density": 102.7,
    "position_along": 0.5,
    "protected_area_score": 51.3763,
    "rank": 98,
    "road_access_m": 561.4,
    "road_access_score": 0.6,
    "road_density_km_km2": 3.35,
    "robustness_pct": 0.0,
    "runoff_coeff_C": null,
    "seasonal_cv": null,
    "segment_id": 8,
    "segment_length_m": 507.5309,
    "stream_order": 3,
    "superfund_score": 0.0473,
    "tourism_amenity_density": 3.8993,
    "tri_facility_density": 0.0,
    "usgs_mean_q_cfs": null,
    "velocity_feasibility": 1.0,
    "water_intake_score": 0.8473
   },
   "type": "Feature"
  },
  {
   "geometry": {
    "coordinates": [
     -78.880011,
     35.844881
    ],
    "type": "Point"
   },
   "properties": {
    "accumulation": 27157.0,
    "bank_slope_deg": 1.09,
    "bank_slope_score": 1.0,
    "beach_dist_km": 207.12,
    "bridge_proximity_bonus": 0.0,
    "catchment_area_km2": 2.7108,
    "channel_width_m": 4.72,
    "channel_width_score": 1.0,
    "composite_score": 31.4895,
    "cso_density": 0.0,
    "ej_index": 0.5872,
    "elevation_m": 81.4747,
    "estuary_dist_km": 271.15,
    "feasibility_score": 62.6984,
    "flood_q10_cfs": 543.44,
    "flow_score": 20.7483,
    "flow_velocity_ms": 0.0893,
    "generation_score": 22.8814,
    "impact_score": 33.4442,
    "impervious_pct": 18.33,
    "land_ownership": 0.5,
    "lat": 35.8449,
    "litter_complaint_density": 0.0,
    "lon": -78.88,
    "navigable_dist_m": null,
    "npdes_points": 1,
    "pixel_col": 241.0,
    "pixel_row": 284.0,
    "population_density": 448.8,
    "position_along": 0.5,
    "protected_area_score": 43.5591,
    "rank": 99,
    "road_access_m": 153.2,
    "road_access_score": 1.0,
    "road_density_km_km2": 7.424,
    "robustness_pct": 0.0,
    "runoff_coeff_C": 0.215,
    "seasonal_cv": 0.4193,
    "segment_id": 12,
    "segment_length_m": 678.5033,
    "stream_order": 3,
    "superfund_score": 0.0266,
    "tourism_amenity_density": 6.9232,
    "tri_facility_density": 0.0,
    "usgs_mean_q_cfs": 1.342,
    "velocity_feasibility": 0.7,
    "water_intake_score": 1.1069
   },
   "type": "Feature"
  },
  {
   "geometry": {
    "coordinates": [
     -78.722626,
     35.738793
    ],
    "type": "Point"
   },
   "properties": {
    "accumulation": 28239.0,
    "bank_slope_deg": 2.06,
    "bank_slope_score": 1.0,
    "beach_dist_km": 190.05,
    "bridge_proximity_bonus": 0.0,
    "catchment_area_km2": 2.8188,
    "channel_width_m": 4.8,
    "channel_width_score": 1.0,
    "composite_score": 31.4524,
    "cso_density": 0.0,
    "ej_index": 0.5037,
    "elevation_m": 115.4673,
    "estuary_dist_km": 254.07,
    "feasibility_score": 62.6984,
    "flood_q10_cfs": 624.48,
    "flow_score": 7.6009,
    "flow_velocity_ms": 0.0977,
    "generation_score": 19.5329,
    "impact_score": 47.6253,
    "impervious_pct": 24.59,
    "land_ownership": 0.5,
    "lat": 35.7388,
    "litter_complaint_density": 0.0,
    "lon": -78.7226,
    "navigable_dist_m": null,
    "npdes_points": 2,
    "pixel_col": 1693.0,
    "pixel_row": 1434.0,
    "population_density": 232.5,
    "position_along": 0.1667,
    "protected_area_score": 61.4383,
    "rank": 100,
    "road_access_m": 47.9,
    "road_access_score": 1.0,
    "road_density_km_km2": 2.831,
    "robustness_pct": 0.0,
    "runoff_coeff_C": 0.2713,
    "seasonal_cv": 0.4403,
    "segment_id": 75,
    "segment_length_m": 4948.8046,
    "stream_order": 1,
    "superfund_score": 0.0566,
    "tourism_amenity_density": 1.1937,
    "tri_facility_density": 0.0,
    "usgs_mean_q_cfs": 1.672,
    "velocity_feasibility": 0.7,
    "water_intake_score": 0.8633
   },
   "type": "Feature"
  },
  {
   "geometry": {
    "coordinates": [
     -78.797284,
     35.744533
    ],
    "type": "Point"
   },
   "properties": {
    "accumulation": 24331.0,
    "bank_slope_deg": 0.04,
    "bank_slope_score": 1.0,
    "beach_dist_km": 193.74,
    "bridge_proximity_bonus": 0.0,
    "catchment_area_km2": 2.4287,
    "channel_width_m": 4.51,
    "channel_width_score": 1.0,
    "composite_score": 30.9828,
    "cso_density": 0.0,
    "ej_index": 0.3,
    "elevation_m": 107.2595,
    "estuary_dist_km": 260.71,
    "feasibility_score": 50.0,
    "flood_q10_cfs": 474.75,
    "flow_score": 19.0406,
    "flow_velocity_ms": 0.0463,
    "generation_score": 21.9754,
    "impact_score": 40.4336,
    "impervious_pct": 15.34,
    "land_ownership": 0.5,
    "lat": 35.7445,
    "litter_complaint_density": 0.0,
    "lon": -78.7973,
    "navigable_dist_m": null,
    "npdes_points": 0,
    "pixel_col": 1015.0,
    "pixel_row": 1385.0,
    "population_density": 710.8,
    "position_along": 0.5,
    "protected_area_score": 54.3319,
    "rank": 101,
    "road_access_m": 182.4,
    "road_access_score": 1.0,
    "road_density_km_km2": 6.464,
    "robustness_pct": 0.0,
    "runoff_coeff_C": 0.1881,
    "seasonal_cv": 0.4276,
    "segment_id": 74,
    "segment_length_m": 2188.3868,
    "stream_order": 3,
    "superfund_score": 0.0204,
    "tourism_amenity_density": 6.2866,
    "tri_facility_density": 0.0,
    "usgs_mean_q_cfs": 1.243,
    "velocity_feasibility": 0.3,
    "water_intake_score": 1.0421
   },
   "type": "Feature"
  },
  {
   "geometry": {
    "coordinates": [
     -78.712054,
     35.72934
    ],
    "type": "Point"
   },
   "properties": {
    "accumulation": 47729.0,
    "bank_slope_deg": 4.99,
    "bank_slope_score": 1.0,
    "beach_dist_km": 188.68,
    "bridge_proximity_bonus": 0.0,
    "catchment_area_km2": 4.7643,
    "channel_width_m": 5.96,
    "channel_width_score": 1.0,
    "composite_score": 30.9457,
    "cso_density": 0.0,
    "ej_index": 0.5229,
    "elevation_m": 104.0471,
    "estuary_dist_km": 252.85,
    "feasibility_score": 71.4286,
    "flood_q10_cfs": 802.34,
    "flow_score": 8.2419,
    "flow_velocity_ms": 0.1104,
    "generation_score": 11.3234,
    "impact_score": 49.2463,
    "impervious_pct": 16.31,
    "land_ownership": 1.0,
    "lat": 35.7293,
    "litter_complaint_density": 0.0,
    "lon": -78.7121,
    "navigable_dist_m": null,
    "npdes_points": 0,
    "pixel_col": 1791.0,
    "pixel_row": 1535.0,
    "population_density": 183.2,
    "position_along": 0.5,
    "protected_area_score": 60.1405,
    "rank": 102,
    "road_access_m": 376.8,
    "road_access_score": 0.8,
    "road_density_km_km2": 2.025,
    "robustness_pct": 0.0,
    "runoff_coeff_C": 0.1968,
    "seasonal_cv": 0.4372,
    "segment_id": 75,
    "segment_length_m": 4948.8046,
    "stream_order": 1,
    "superfund_score": 0.0918,
    "tourism_amenity_density": 0.2387,
    "tri_facility_density": 0.0,
    "usgs_mean_q_cfs": 2.64,
    "velocity_feasibility": 0.7,
    "water_intake_score": 0.8823
   },
   "type": "Feature"
  },
  {
   "geometry": {
    "coordinates": [
     -78.881035,
     35.846604
    ],
    "type": "Point"
   },
   "properties": {
    "accumulation": 20490.0,
    "bank_slope_deg": 2.96,
    "bank_slope_score": 1.0,
    "beach_dist_km": 207.33,
    "bridge_proximity_bonus": 0.0,
    "catchment_area_km2": 2.0453,
    "channel_width_m": 4.2,
    "channel_width_score": 1.0,
    "composite_score": 30.9195,
    "cso_density": 0.0,
    "ej_index": 0.5886,
    "elevation_m": 80.6314,
    "estuary_dist_km": 271.3,
    "feasibility_score": 62.6984,
    "flood_q10_cfs": 497.12,
    "flow_score": 20.783,
    "flow_velocity_ms": 0.0582,
    "generation_score": 21.0916,
    "impact_score": 33.3049,
    "impervious_pct": 25.37,
    "land_ownership": 0.5,
    "lat": 35.8466,
    "litter_complaint_density": 0.0,
    "lon": -78.881,
    "navigable_dist_m": null,
    "npdes_points": 0,
    "pixel_col": 229.0,
    "pixel_row": 266.0,
    "population_density": 247.4,
    "position_along": 0.5,
    "protected_area_score": 43.3616,
    "rank": 103,
    "road_access_m": 108.0,
    "road_access_score": 1.0,
    "road_density_km_km2": 5.514,
    "robustness_pct": 0.0,
    "runoff_coeff_C": 0.2783,
    "seasonal_cv": 0.4239,
    "segment_id": 11,
    "segment_length_m": 278.7429,
    "stream_order": 3,
    "superfund_score": 0.0256,
    "tourism_amenity_density": 7.0824,
    "tri_facility_density": 0.0,
    "usgs_mean_q_cfs": 2.601,
    "velocity_feasibility": 0.7,
    "water_intake_score": 1.1066
   },
   "type": "Feature"
  },
  {
   "geometry": {
    "coordinates": [
     -78.658433,
     35.864504
    ],
    "type": "Point"
   },
   "properties": {
    "accumulation": 21478.0,
    "bank_slope_deg": 0.8,
    "bank_slope_score": 1.0,
    "beach_dist_km": 200.24,
    "bridge_proximity_bonus": 0.0,
    "catchment_area_km2": 2.1439,
    "channel_width_m": 4.28,
    "channel_width_score": 1.0,
    "composite_score": 30.772,
    "cso_density": 0.0,
    "ej_index": 0.455,
    "elevation_m": 77.6618,
    "estuary_dist_km": 253.01,
    "feasibility_score": 58.7302,
    "flood_q10_cfs": 535.2,
    "flow_score": 7.3726,
    "flow_velocity_ms": 0.0326,
    "generation_score": 26.4539,
    "impact_score": 40.6105,
    "impervious_pct": 27.56,
    "land_ownership": 1.0,
    "lat": 35.8645,
    "litter_complaint_density": 0.0,
    "lon": -78.6584,
    "navigable_dist_m": null,
    "npdes_points": 0,
    "pixel_col": 2239.0,
    "pixel_row": 20.0,
    "population_density": 1107.7,
    "position_along": 0.5,
    "protected_area_score": 61.6237,
    "rank": 104,
    "road_access_m": 403.4,
    "road_access_score": 0.8,
    "road_density_km_km2": 0.831,
    "robustness_pct": 0.0,
    "runoff_coeff_C": 0.298,
    "seasonal_cv": 0.4535,
    "segment_id": 0,
    "segment_length_m": 600.5839,
    "stream_order": 1,
    "superfund_score": 0.0213,
    "tourism_amenity_density": 2.2282,
    "tri_facility_density": 0.0,
    "usgs_mean_q_cfs": 8.233,
    "velocity_feasibility": 0.3,
    "water_intake_score": 0.8085
   },
   "type": "Feature"
  },
  {
   "geometry": {
    "coordinates": [
     -78.868327,
     35.851632
    ],
    "type": "Point"
   },
   "properties": {
    "accumulation": 48348.0,
    "bank_slope_deg": 0.2,
    "bank_slope_score": 1.0,
    "beach_dist_km": 207.27,
    "bridge_proximity_bonus": 0.0,
    "catchment_area_km2": 4.8261,
    "channel_width_m": 6.0,
    "channel_width_score": 1.0,
    "composite_score": 30.1444,
    "cso_density": 0.0,
    "ej_index": 0.6324,
    "elevation_m": 85.1206,
    "estuary_dist_km": 270.39,
    "feasibility_score": 42.0635,
    "flood_q10_cfs": 955.19,
    "flow_score": 22.4734,
    "flow_velocity_ms": 0.0394,
    "generation_score": 27.5621,
    "impact_score": 33.1598,
    "impervious_pct": 25.72,
    "land_ownership": 0.5,
    "lat": 35.8516,
    "litter_complaint_density": 0.0,
    "lon": -78.8683,
    "navigable_dist_m": null,
    "npdes_points": 0,
    "pixel_col": 342.0,
    "pixel_row": 211.0,
    "population_density": 749.7,
    "position_along": 0.25,
    "protected_area_score": 44.7113,
    "rank": 105,
    "road_access_m": 322.0,
    "road_access_score": 0.8,
    "road_density_km_km2": 6.04,
    "robustness_pct": 0.0,
    "runoff_coeff_C": 0.2815,
    "seasonal_cv": 0.4292,
    "segment_id": 7,
    "segment_length_m": 3393.987,
    "stream_order": 3,
    "superfund_score": 0.0446,
    "tourism_amenity_density": 5.3317,
    "tri_facility_density": 0.0,
    "usgs_mean_q_cfs": 2.71,
    "velocity_feasibility": 0.3,
    "water_intake_score": 1.041
   },
   "type": "Feature"
  },
  {
   "geometry": {
    "coordinates": [
     -78.745646,
     35.832822
    ],
    "type": "Point"
   },
   "properties": {
    "accumulation": 40340.0,
    "bank_slope_deg": 2.78,
    "bank_slope_score": 1.0,
    "beach_dist_km": 200.33,
    "bridge_proximity_bonus": 0.0,
    "catchment_area_km2": 4.0267,
    "channel_width_m": 5.56,
    "channel_width_score": 1.0,
    "composite_score": 30.0774,
    "cso_density": 0.0,
    "ej_index": 0.5114,
    "elevation_m": 79.2423,
    "estuary_dist_km": 259.24,
    "feasibility_score": 71.4286,
    "flood_q10_cfs": 681.56,
    "flow_score": 21.3834,
    "flow_velocity_ms": 0.0888,
    "generation_score": 8.4108,
    "impact_score": 38.3134,
    "impervious_pct": 14.23,
    "land_ownership": 1.0,
    "lat": 35.8328,
    "litter_complaint_density": 0.0,
    "lon": -78.7456,
    "navigable_dist_m": null,
    "npdes_points": 0,
    "pixel_col": 1460.0,
    "pixel_row": 393.0,
    "population_density": 91.3,
    "position_along": 0.5,
    "protected_area_score": 60.2871,
    "rank": 106,
    "road_access_m": 409.8,
    "road_access_score": 0.8,
    "road_density_km_km2": 1.393,
    "robustness_pct": 0.0,
    "runoff_coeff_C": 0.1781,
    "seasonal_cv": 0.4403,
    "segment_id": 18,
    "segment_length_m": 2637.2701,
    "stream_order": 3,
    "superfund_score": 0.0419,
    "tourism_amenity_density": 3.2627,
    "tri_facility_density": 0.0,
    "usgs_mean_q_cfs": 4.831,
    "velocity_feasibility": 0.7,
    "water_intake_score": 0.7754
   },
   "type": "Feature"
  },
  {
   "geometry": {
    "coordinates": [
     -78.754589,
     35.720362
    ],
    "type": "Point"
   },
   "properties": {
    "accumulation": 41325.0,
    "bank_slope_deg": 1.86,
    "bank_slope_score": 1.0,
    "beach_dist_km": 189.55,
    "bridge_proximity_bonus": 0.0,
    "catchment_area_km2": 4.125,
    "channel_width_m": 5.62,
    "channel_width_score": 1.0,
    "composite_score": 29.7116,
    "cso_density": 0.0,
    "ej_index": 0.1456,
    "elevation_m": 91.549,
    "estuary_dist_km": 256.25,
    "feasibility_score": 71.4286,
    "flood_q10_cfs": 845.82,
    "flow_score": 8.2172,
    "flow_velocity_ms": 0.0647,
    "generation_score": 20.816,
    "impact_score": 35.6607,
    "impervious_pct": 25.53,
    "land_ownership": 1.0,
    "lat": 35.7204,
    "litter_complaint_density": 0.0,
    "lon": -78.7546,
    "navigable_dist_m": null,
    "npdes_points": 0,
    "pixel_col": 1408.0,
    "pixel_row": 1645.0,
    "population_density": 499.8,
    "position_along": 0.75,
    "protected_area_score": 54.6374,
    "rank": 107,
    "road_access_m": 250.5,
    "road_access_score": 0.8,
    "road_density_km_km2": 2.795,
    "robustness_pct": 0.0,
    "runoff_coeff_C": 0.2798,
    "seasonal_cv": 0.4342,
    "segment_id": 82,
    "segment_length_m": 3353.3131,
    "stream_order": 1,
    "superfund_score": 0.0324,
    "tourism_amenity_density": 1.4324,
    "tri_facility_density": 0.0,
    "usgs_mean_q_cfs": 2.141,
    "velocity_feasibility": 0.7,
    "water_intake_score": 0.9523
   },
   "type": "Feature"
  },
  {
   "geometry": {
    "coordinates": [
     -78.730237,
     35.854028
    ],
    "type": "Point"
   },
   "properties": {
    "accumulation": 40602.0,
    "bank_slope_deg": 5.66,
    "bank_slope_score": 1.0,
    "beach_dist_km": 201.86,
    "bridge_proximity_bonus": 0.0,
    "catchment_area_km2": 4.0529,
    "channel_width_m": 5.58,
    "channel_width_score": 1.0,
    "composite_score": 29.6068,
    "cso_density": 0.0,
    "ej_index": 0.4691,
    "elevation_m": 74.0894,
    "estuary_dist_km": 258.7,
    "feasibility_score": 58.7302,
    "flood_q10_cfs": 743.6,
    "flow_score": 22.0329,
    "flow_velocity_ms": 0.0364,
    "generation_score": 15.0164,
    "impact_score": 35.947,
    "impervious_pct": 18.93,
    "land_ownership": 1.0,
    "lat": 35.854,
    "litter_complaint_density": 0.0,
    "lon": -78.7302,
    "navigable_dist_m": null,
    "npdes_points": 0,
    "pixel_col": 1594.0,
    "pixel_row": 154.0,
    "population_density": 343.5,
    "position_along": 0.5,
    "protected_area_score": 59.3864,
    "rank": 108,
    "road_access_m": 413.1,
    "road_access_score": 0.8,
    "road_density_km_km2": 2.416,
    "robustness_pct": 0.0,
    "runoff_coeff_C": 0.2204,
    "seasonal_cv": 0.4778,
    "segment_id": 3,
    "segment_length_m": 2833.367,
    "stream_order": 3,
    "superfund_score": 0.0295,
    "tourism_amenity_density": 3.581,
    "tri_facility_density": 0.0,
    "usgs_mean_q_cfs": 12.452,
    "velocity_feasibility": 0.3,
    "water_intake_score": 0.7577
   },
   "type": "Feature"
  },
  {
   "geometry": {
    "coordinates": [
     -78.700289,
     35.721641
    ],
    "type": "Point"
   },
   "properties": {
    "accumulation": 82623.0,
    "bank_slope_deg": 1.77,
    "bank_slope_score": 1.0,
    "beach_dist_km": 187.44,
    "bridge_proximity_bonus": 0.0,
    "catchment_area_km2": 8.2474,
    "channel_width_m": 7.49,
    "channel_width_score": 1.0,
    "composite_score": 28.475,
    "cso_density": 0.0,
    "ej_index": 0.5093,
    "elevation_m": 93.9751,
    "estuary_dist_km": 251.59,
    "feasibility_score": 54.7619,
    "flood_q10_cfs": 1061.37,
    "flow_score": 9.091,
    "flow_velocity_ms": 0.0925,
    "generation_score": 7.5307,
    "impact_score": 52.4291,
    "impervious_pct": 10.4,
    "land_ownership": 0.5,
    "lat": 35.7216,
    "litter_complaint_density": 0.0,
    "lon": -78.7003,
    "navigable_dist_m": null,
    "npdes_points": 0,
    "pixel_col": 1899.0,
    "pixel_row": 1619.0,
    "population_density": 192.2,
    "position_along": 0.8333,
    "protected_area_score": 58.842,
    "rank": 109,
    "road_access_m": 335.8,
    "road_access_score": 0.8,
    "road_density_km_km2": 1.45,
    "robustness_pct": 0.0,
    "runoff_coeff_C": 0.1436,
    "seasonal_cv": 0.4386,
    "segment_id": 75,
    "segment_length_m": 4948.8046,
    "stream_order": 1,
    "superfund_score": 0.1372,
    "tourism_amenity_density": 2.7056,
    "tri_facility_density": 0.0,
    "usgs_mean_q_cfs": 4.227,
    "velocity_feasibility": 0.7,
    "water_intake_score": 0.9042
   },
   "type": "Feature"
  },
  {
   "geometry": {
    "coordinates": [
     -78.692227,
     35.729075
    ],
    "type": "Point"
   },
   "properties": {
    "accumulation": 32806.0,
    "bank_slope_deg": 2.41,
    "bank_slope_score": 1.0,
    "beach_dist_km": 187.85,
    "bridge_proximity_bonus": 0.0,
    "catchment_area_km2": 3.2747,
    "channel_width_m": 5.1,
    "channel_width_score": 1.0,
    "composite_score": 26.819,
    "cso_density": 0.0,
    "ej_index": 0.5934,
    "elevation_m": 94.2204,
    "estuary_dist_km": 251.13,
    "feasibility_score": 50.7937,
    "flood_q10_cfs": 515.72,
    "flow_score": 4.2708,
    "flow_velocity_ms": 0.037,
    "generation_score": 5.6672,
    "impact_score": 54.7738,
    "impervious_pct": 7.2,
    "land_ownership": 1.0,
    "lat": 35.7291,
    "litter_complaint_density": 0.0,
    "lon": -78.6922,
    "navigable_dist_m": null,
    "npdes_points": 0,
    "pixel_col": 1969.0,
    "pixel_row": 1535.0,
    "population_density": 177.9,
    "position_along": 0.25,
    "protected_area_score": 60.5377,
    "rank": 110,
    "road_access_m": 536.4,
    "road_access_score": 0.6,
    "road_density_km_km2": 1.483,
    "robustness_pct": 0.0,
    "runoff_coeff_C": 0.1148,
    "seasonal_cv": 0.4348,
    "segment_id": 83,
    "segment_length_m": 3437.6733,
    "stream_order": 1,
    "superfund_score": 0.0797,
    "tourism_amenity_density": 3.1035,
    "tri_facility_density": 0.0,
    "usgs_mean_q_cfs": 1.934,
    "velocity_feasibility": 0.3,
    "water_intake_score": 0.8854
   },
   "type": "Feature"
  },
  {
   "geometry": {
    "coordinates": [
     -78.745376,
     35.717869
    ],
    "type": "Point"
   },
   "properties": {
    "accumulation": 20345.0,
    "bank_slope_deg": 2.22,
    "bank_slope_score": 1.0,
    "beach_dist_km": 188.92,
    "bridge_proximity_bonus": 0.0,
    "catchment_area_km2": 2.0308,
    "channel_width_m": 4.19,
    "channel_width_score": 1.0,
    "composite_score": 25.4033,
    "cso_density": 0.0,
    "ej_index": 0.1719,
    "elevation_m": 89.8897,
    "estuary_dist_km": 255.38,
    "feasibility_score": 62.6984,
    "flood_q10_cfs": 399.9,
    "flow_score": 5.3599,
    "flow_velocity_ms": 0.1042,
    "generation_score": 11.5849,
    "impact_score": 37.2768,
    "impervious_pct": 13.24,
    "land_ownership": 0.5,
    "lat": 35.7179,
    "litter_complaint_density": 0.0,
    "lon": -78.7454,
    "navigable_dist_m": null,
    "npdes_points": 0,
    "pixel_col": 1490.0,
    "pixel_row": 1671.0,
    "population_density": 332.8,
    "position_along": 0.5,
    "protected_area_score": 55.4754,
    "rank": 111,
    "road_access_m": 152.3,
    "road_access_score": 1.0,
    "road_density_km_km2": 2.234,
    "robustness_pct": 0.0,
    "runoff_coeff_C": 0.1692,
    "seasonal_cv": 0.4433,
    "segment_id": 90,
    "segment_length_m": 302.8632,
    "stream_order": 1,
    "superfund_score": 0.0419,
    "tourism_amenity_density": 1.1937,
    "tri_facility_density": 0.0,
    "usgs_mean_q_cfs": 1.044,
    "velocity_feasibility": 0.7,
    "water_intake_score": 0.9421
   },
   "type": "Feature"
  },
  {
   "geometry": {
    "coordinates": [
     -78.734879,
     35.719706
    ],
    "type": "Point"
   },
   "properties": {
    "accumulation": 30255.0,
    "bank_slope_deg": 6.54,
    "bank_slope_score": 1.0,
    "beach_dist_km": 188.66,
    "bridge_proximity_bonus": 0.0,
    "catchment_area_km2": 3.02,
    "channel_width_m": 4.94,
    "channel_width_score": 1.0,
    "composite_score": 24.575,
    "cso_density": 0.0,
    "ej_index": 0.169,
    "elevation_m": 92.9617,
    "estuary_dist_km": 254.52,
    "feasibility_score": 62.6984,
    "flood_q10_cfs": 487.92,
    "flow_score": 5.5886,
    "flow_velocity_ms": 0.1111,
    "generation_score": 8.458,
    "impact_score": 37.4521,
    "impervious_pct": 7.52,
    "land_ownership": 0.5,
    "lat": 35.7197,
    "litter_complaint_density": 0.0,
    "lon": -78.7349,
    "navigable_dist_m": null,
    "npdes_points": 0,
    "pixel_col": 1583.0,
    "pixel_row": 1646.0,
    "population_density": 290.5,
    "position_along": 0.5,
    "protected_area_score": 56.644,
    "rank": 112,
    "road_access_m": 105.5,
    "road_access_score": 1.0,
    "road_density_km_km2": 2.626,
    "robustness_pct": 0.0,
    "runoff_coeff_C": 0.1177,
    "seasonal_cv": 0.4388,
    "segment_id": 89,
    "segment_length_m": 1087.8387,
    "stream_order": 1,
    "superfund_score": 0.0632,
    "tourism_amenity_density": 0.2387,
    "tri_facility_density": 0.0,
    "usgs_mean_q_cfs": 1.596,
    "velocity_feasibility": 0.7,
    "water_intake_score": 0.9249
   },
   "type": "Feature"
  },
  {
   "geometry": {
    "coordinates": [
     -78.755255,
     35.812018
    ],
    "type": "Point"
   },
   "properties": {
    "accumulation": 34169.0,
    "bank_slope_deg": 2.33,
    "bank_slope_score": 1.0,
    "beach_dist_km": 198.64,
    "bridge_proximity_bonus": 0.0,
    "catchment_area_km2": 3.4107,
    "channel_width_m": 5.19,
    "channel_width_score": 1.0,
    "composite_score": 24.0271,
    "cso_density": 0.0,
    "ej_index": 0.4569,
    "elevation_m": 108.6563,
    "estuary_dist_km": 259.33,
    "feasibility_score": 46.8254,
    "flood_q10_cfs": 588.91,
    "flow_score": 6.59,
    "flow_velocity_ms": 0.0934,
    "generation_score": 11.8986,
    "impact_score": 39.2872,
    "impervious_pct": 13.03,
    "land_ownership": 0.5,
    "lat": 35.812,
    "litter_complaint_density": 0.0,
    "lon": -78.7553,
    "navigable_dist_m": null,
    "npdes_points": 0,
    "pixel_col": 1375.0,
    "pixel_row": 627.0,
    "population_density": 351.1,
    "position_along": 0.5,
    "protected_area_score": 60.7909,
    "rank": 113,
    "road_access_m": 501.0,
    "road_access_score": 0.6,
    "road_density_km_km2": 2.422,
    "robustness_pct": 0.0,
    "runoff_coeff_C": 0.1673,
    "seasonal_cv": 0.4302,
    "segment_id": 41,
    "segment_length_m": 2904.7238,
    "stream_order": 1,
    "superfund_score": 0.0836,
    "tourism_amenity_density": 4.2176,
    "tri_facility_density": 0.0,
    "usgs_mean_q_cfs": 2.513,
    "velocity_feasibility": 0.7,
    "water_intake_score": 0.7929
   },
   "type": "Feature"
  },
  {
   "geometry": {
    "coordinates": [
     -78.784412,
     35.845952
    ],
    "type": "Point"
   },
   "properties": {
    "accumulation": 39022.0,
    "bank_slope_deg": 1.71,
    "bank_slope_score": 1.0,
    "beach_dist_km": 203.2,
    "bridge_proximity_bonus": 0.0,
    "catchment_area_km2": 3.8952,
    "channel_width_m": 5.49,
    "channel_width_score": 1.0,
    "composite_score": 22.4462,
    "cso_density": 0.0,
    "ej_index": 0.3319,
    "elevation_m": 85.3603,
    "estuary_dist_km": 263.02,
    "feasibility_score": 46.8254,
    "flood_q10_cfs": 627.08,
    "flow_score": 20.3924,
    "flow_velocity_ms": 0.0943,
    "generation_score": 7.7768,
    "impact_score": 26.6375,
    "impervious_pct": 10.9,
    "land_ownership": 0.5,
    "lat": 35.846,
    "litter_complaint_density": 0.0,
    "lon": -78.7844,
    "navigable_dist_m": null,
    "npdes_points": 1,
    "pixel_col": 1105.0,
    "pixel_row": 257.0,
    "population_density": 90.9,
    "position_along": 0.5,
    "protected_area_score": 53.7789,
    "rank": 114,
    "road_access_m": 640.1,
    "road_access_score": 0.6,
    "road_density_km_km2": 1.464,
    "robustness_pct": 0.0,
    "runoff_coeff_C": 0.1481,
    "seasonal_cv": 0.4407,
    "segment_id": 6,
    "segment_length_m": 2400.2053,
    "stream_order": 3,
    "superfund_score": 0.0318,
    "tourism_amenity_density": 2.2282,
    "tri_facility_density": 0.0,
    "usgs_mean_q_cfs": 2.511,
    "velocity_feasibility": 0.7,
    "water_intake_score": 0.7964
   },
   "type": "Feature"
  }
 ],
 "note": "GRIME region 'Cary, NC' \u2014 real-data pipeline (DEM\u2192streams\u2192candidates\u2192stream mask (sites confined to \u00b1150 m of mapped OSM/NHD waterways)\u2192region-appropriate real parameters\u2192shipped scoring, math unchanged). Width curve: Bieger et al. 2015 JAWRA Table 3, Appalachian Highlands. Flood: SIR 2014-5030 HR1. NC Piedmont",
 "provenance": {
  "candidates_pre_gate": 114,
  "constant": [
   "bank_slope_score",
   "cso_density",
   "litter_complaint_density"
  ],
  "gated_navigable": 0,
  "hard_gate_removed": 0,
  "n_parameters": 27,
  "parameters": {
   "bank_slope_score": {
    "kind": "real",
    "n_real": 114,
    "n_sites": 114,
    "source": "region DEM gradient (3x3)"
   },
   "beach_dist_km": {
    "kind": "real",
    "n_real": 114,
    "n_sites": 114,
    "source": "haversine to region ref: Wrightsville Beach (shipped NC reference)"
   },
   "bridge_proximity_bonus": {
    "kind": "real",
    "n_real": 114,
    "n_sites": 114,
    "source": "FHWA/BTS NBI (NTAD), 50 m proximity"
   },
   "catchment_area_km2": {
    "kind": "real",
    "n_real": 114,
    "n_sites": 114,
    "source": "DEM flow accumulation (pipeline)"
   },
   "channel_width_score": {
    "kind": "real",
    "n_real": 114,
    "n_sites": 114,
    "source": "Bieger 2015 AHI width curve on DEM drainage area \u2192 shipped width curve"
   },
   "cso_density": {
    "kind": "real",
    "n_real": 114,
    "n_sites": 114,
    "source": "EPA ECHO CSO inventory (national bulk), Cauchy proximity"
   },
   "ej_index": {
    "kind": "real",
    "n_real": 114,
    "n_sites": 114,
    "source": "Census ACS C17002+B03002 two-component demographic index, percentile-ranked within region"
   },
   "estuary_dist_km": {
    "kind": "real",
    "n_real": 114,
    "n_sites": 114,
    "source": "haversine to region ref: Pamlico Sound (shipped NC reference)"
   },
   "flood_q10_cfs": {
    "kind": "real",
    "n_real": 114,
    "n_sites": 114,
    "source": "USGS SIR 2014-5030 Table 7 HR1 (NC Piedmont)"
   },
   "flow_velocity_ms": {
    "kind": "real",
    "n_real": 107,
    "n_sites": 114,
    "source": "Manning (region DEM/D8) blended with EROM continuity (shipped M4 logic)"
   },
   "impervious_pct": {
    "kind": "real",
    "n_real": 107,
    "n_sites": 114,
    "source": "EPA StreamCat pctimp2019 (per NHDPlus watershed)"
   },
   "land_ownership": {
    "kind": "real",
    "n_real": 107,
    "n_sites": 114,
    "source": "NC OneMap statewide parcels (NC Parcels Transformer) ownname"
   },
   "litter_complaint_density": {
    "kind": "fallback",
    "n_real": 0,
    "n_sites": 114,
    "source": "no machine-readable 311/litter source for this region"
   },
   "navigable_dist_m": {
    "kind": "real",
    "n_real": 114,
    "n_sites": 114,
    "source": "USACE/BTS NWN (NTAD): no navigable segment within this bbox (+2 km) \u2014 computed absence, gate passes all sites"
   },
   "npdes_points": {
    "kind": "real",
    "n_real": 114,
    "n_sites": 114,
    "source": "EPA ECHO NPDES outfalls (national bulk), per catchment"
   },
   "population_density": {
    "kind": "real",
    "n_real": 114,
    "n_sites": 114,
    "source": "Census ACS 2022 B01003 block groups (bbox, multi-county), area-weighted"
   },
   "protected_area_score": {
    "kind": "real",
    "n_real": 114,
    "n_sites": 114,
    "source": "USGS PAD-US 4.1 NC state clip (local GDB, retrieved 2026-07-10), shipped designation-weighted proximity curve"
   },
   "road_access_score": {
    "kind": "real",
    "n_real": 114,
    "n_sites": 114,
    "source": "OSM drive network nearest-node distance"
   },
   "road_density_km_km2": {
    "kind": "real",
    "n_real": 114,
    "n_sites": 114,
    "source": "OSM drive network (osmnx, cached) clipped per catchment"
   },
   "runoff_coeff_C": {
    "kind": "real",
    "n_real": 107,
    "n_sites": 114,
    "source": "derived from real impervious_pct (C=0.05+0.009*I)"
   },
   "seasonal_cv": {
    "kind": "real",
    "n_real": 107,
    "n_sites": 114,
    "source": "CV of NHDPlus EROM monthly flows per COMID"
   },
   "stream_order": {
    "kind": "real",
    "n_real": 114,
    "n_sites": 114,
    "source": "DEM stream-network confluence heuristic (pipeline)"
   },
   "superfund_score": {
    "kind": "real",
    "n_real": 114,
    "n_sites": 114,
    "source": "EPA Envirofacts SEMS state=NC (sign-fixed, georeferenced sites), shipped 500 m inverse-distance curve"
   },
   "tourism_amenity_density": {
    "kind": "real",
    "n_real": 114,
    "n_sites": 114,
    "source": "OSM leisure/tourism features per 2 km radius"
   },
   "tri_facility_density": {
    "kind": "real",
    "n_real": 114,
    "n_sites": 114,
    "source": "EPA Envirofacts TRI state=NC (sign-fixed), per catchment"
   },
   "usgs_mean_q_cfs": {
    "kind": "real",
    "n_real": 107,
    "n_sites": 114,
    "source": "NHDPlus EROM qe_ma per COMID (snap-guarded)"
   },
   "velocity_feasibility": {
    "kind": "real",
    "n_real": 107,
    "n_sites": 114,
    "source": "shipped step curve on the computed velocity"
   },
   "velocity_transport_favorability": {
    "kind": "derived",
    "n_real": 107,
    "n_sites": 114,
    "source": "scored form of flow_velocity_ms inside the Flow family \u2014 peaked Gaussian exp(-((v-0.9)/0.6)^2), model.json curves.velocity_transport_favorability; construct: transport/delivery favorability, deliberately distinct from velocity_feasibility (device operability)"
   },
   "water_intake_score": {
    "kind": "real",
    "n_real": 114,
    "n_sites": 114,
    "source": "NC OneMap / NC DEQ SWAP public water supply sources (source_typ='Surface Water'), shipped exp(-d/10km) curve"
   }
  },
  "stream_mask": {
   "buffer_m": 150.0,
   "pre_mask": 119,
   "removed": 5,
   "sources": [
    "osm-overpass (all waterway ways)",
    "usgs-nhdplus flowlines"
   ]
  },
  "varying": [
   "beach_dist_km",
   "bridge_proximity_bonus",
   "catchment_area_km2",
   "channel_width_score",
   "ej_index",
   "estuary_dist_km",
   "flood_q10_cfs",
   "flow_velocity_ms",
   "impervious_pct",
   "land_ownership",
   "npdes_points",
   "population_density",
   "protected_area_score",
   "road_access_score",
   "road_density_km_km2",
   "runoff_coeff_C",
   "seasonal_cv",
   "stream_order",
   "superfund_score",
   "tourism_amenity_density",
   "tri_facility_density",
   "usgs_mean_q_cfs",
   "velocity_feasibility",
   "water_intake_score"
  ]
 },
 "region": {
  "bbox": [
   -78.9061,
   35.7165,
   -78.6561,
   35.8665
  ],
  "beach_ref": {
   "label": "Wrightsville Beach (shipped NC reference)",
   "lat": 34.21,
   "lon": -77.79
  },
  "center": [
   -78.7811,
   35.7915
  ],
  "estuary_ref": {
   "label": "Pamlico Sound (shipped NC reference)",
   "lat": 35.05,
   "lon": -76.05
  },
  "flood_method": "sir2014_hr1",
  "name": "Cary, NC",
  "notes": "NC Piedmont",
  "slug": "cary",
  "state": "NC",
  "utm_epsg": 32617,
  "width_curve": {
   "a": 3.12,
   "b": 0.415,
   "code": "AHI",
   "source": "Bieger et al. 2015 JAWRA Table 3, Appalachian Highlands"
  }
 },
 "type": "FeatureCollection"
}
