{
 "features": [
  {
   "geometry": {
    "coordinates": [
     -80.815298,
     35.244209
    ],
    "type": "Point"
   },
   "properties": {
    "accumulation": 178527.0,
    "bank_slope_deg": 2.44,
    "bank_slope_score": 1.0,
    "beach_dist_km": 299.42,
    "bridge_proximity_bonus": 0.0,
    "catchment_area_km2": 17.8107,
    "channel_width_m": 10.31,
    "channel_width_score": 1.0,
    "composite_score": 58.9647,
    "cso_density": 0.0,
    "dem_lat": 35.244205,
    "dem_lon": -80.815291,
    "ej_index": 0.6852,
    "elevation_m": 204.4685,
    "estuary_dist_km": 433.76,
    "feasibility_score": 75.2381,
    "flood_q10_cfs": 2708.39,
    "flow_score": 36.5421,
    "flow_velocity_ms": 0.1313,
    "generation_score": 67.1693,
    "impact_score": 61.3087,
    "impervious_pct": 47.34,
    "land_ownership": 0.5,
    "lat": 35.2442,
    "litter_complaint_density": 0.0,
    "lon": -80.8153,
    "npdes_points": 8,
    "pixel_col": 1392.0,
    "pixel_row": 646.0,
    "population_density": 1317.5,
    "position_along": 0.5,
    "protected_area_score": 0.0,
    "rank": 1,
    "river_name": "Little Sugar Creek",
    "road_access_m": 109.7,
    "road_access_score": 1.0,
    "road_density_km_km2": 10.672,
    "robustness_pct": 76.5,
    "runoff_coeff_C": 0.4761,
    "seasonal_cv": 0.5226,
    "segment_id": 22,
    "segment_length_m": 1645.9998,
    "snap_dist_m": 0.8,
    "stream_order": 3,
    "superfund_score": 0.0,
    "tourism_amenity_density": 32.7859,
    "tri_facility_density": 0.9545,
    "usgs_mean_q_cfs": 17.335,
    "velocity_feasibility": 0.7,
    "water_intake_score": 0.0
   },
   "type": "Feature"
  },
  {
   "geometry": {
    "coordinates": [
     -80.852477,
     35.23884
    ],
    "type": "Point"
   },
   "properties": {
    "accumulation": 237620.0,
    "bank_slope_deg": 3.31,
    "bank_slope_score": 1.0,
    "beach_dist_km": 302.38,
    "bridge_proximity_bonus": 0.2,
    "catchment_area_km2": 23.7061,
    "channel_width_m": 11.61,
    "channel_width_score": 1.0,
    "composite_score": 58.535,
    "cso_density": 0.0,
    "dem_lat": 35.238859,
    "dem_lon": -80.852858,
    "ej_index": 0.625,
    "elevation_m": 197.9961,
    "estuary_dist_km": 437.16,
    "feasibility_score": 88.5714,
    "flood_q10_cfs": 2791.35,
    "flow_score": 34.6643,
    "flow_velocity_ms": 0.0557,
    "generation_score": 67.2866,
    "impact_score": 54.6572,
    "impervious_pct": 38.06,
    "land_ownership": 0.5,
    "lat": 35.2389,
    "litter_complaint_density": 0.0,
    "lon": -80.8529,
    "npdes_points": 12,
    "pixel_col": 1050.0,
    "pixel_row": 706.0,
    "population_density": 1681.5,
    "position_along": 0.25,
    "protected_area_score": 0.0,
    "rank": 2,
    "river_name": "Irwin Creek",
    "road_access_m": 86.6,
    "road_access_score": 1.0,
    "road_density_km_km2": 13.685,
    "robustness_pct": 63.5,
    "runoff_coeff_C": 0.3925,
    "seasonal_cv": 0.5026,
    "segment_id": 29,
    "segment_length_m": 3402.1642,
    "snap_dist_m": 34.7,
    "stream_order": 3,
    "superfund_score": 0.0,
    "tourism_amenity_density": 42.0965,
    "tri_facility_density": 0.7171,
    "usgs_mean_q_cfs": 15.009,
    "velocity_feasibility": 0.7,
    "water_intake_score": 0.0
   },
   "type": "Feature"
  },
  {
   "geometry": {
    "coordinates": [
     -80.829749,
     35.222585
    ],
    "type": "Point"
   },
   "properties": {
    "accumulation": 43469.0,
    "bank_slope_deg": 5.92,
    "bank_slope_score": 1.0,
    "beach_dist_km": 299.76,
    "bridge_proximity_bonus": 0.0,
    "catchment_area_km2": 4.3367,
    "channel_width_m": 5.74,
    "channel_width_score": 1.0,
    "composite_score": 57.5702,
    "cso_density": 0.0,
    "ej_index": 0.4524,
    "elevation_m": 197.2151,
    "estuary_dist_km": 435.02,
    "feasibility_score": 75.2381,
    "flood_q10_cfs": 1286.5,
    "flow_score": 29.5796,
    "flow_velocity_ms": 0.084,
    "generation_score": 70.6842,
    "impact_score": 58.9477,
    "impervious_pct": 47.34,
    "land_ownership": 0.5,
    "lat": 35.2226,
    "litter_complaint_density": 0.0,
    "lon": -80.8297,
    "npdes_points": 0,
    "pixel_col": 1260.0,
    "pixel_row": 887.0,
    "population_density": 2105.6,
    "position_along": 0.1667,
    "protected_area_score": 0.0,
    "rank": 3,
    "river_name": "Little Sugar Creek",
    "road_access_m": 45.9,
    "road_access_score": 1.0,
    "road_density_km_km2": 16.524,
    "robustness_pct": 55.0,
    "runoff_coeff_C": 0.4761,
    "seasonal_cv": 0.5226,
    "segment_id": 44,
    "segment_length_m": 5088.1674,
    "stream_order": 3,
    "superfund_score": 0.0,
    "tourism_amenity_density": 66.3676,
    "tri_facility_density": 0.6918,
    "usgs_mean_q_cfs": 17.335,
    "velocity_feasibility": 0.7,
    "water_intake_score": 0.0
   },
   "type": "Feature"
  },
  {
   "geometry": {
    "coordinates": [
     -80.872345,
     35.218359
    ],
    "type": "Point"
   },
   "properties": {
    "accumulation": 557231.0,
    "bank_slope_deg": 8.1,
    "bank_slope_score": 1.0,
    "beach_dist_km": 303.22,
    "bridge_proximity_bonus": 0.0,
    "catchment_area_km2": 55.592,
    "channel_width_m": 16.53,
    "channel_width_score": 0.5,
    "composite_score": 57.2332,
    "cso_density": 0.0,
    "dem_lat": 35.218408,
    "dem_lon": -80.87243,
    "ej_index": 0.6075,
    "elevation_m": 187.2886,
    "estuary_dist_km": 438.89,
    "feasibility_score": 48.5714,
    "flood_q10_cfs": 4513.38,
    "flow_score": 63.5438,
    "flow_velocity_ms": 0.1557,
    "generation_score": 66.7328,
    "impact_score": 46.8057,
    "impervious_pct": 38.67,
    "land_ownership": 0.5,
    "lat": 35.2184,
    "litter_complaint_density": 0.0,
    "lon": -80.8724,
    "npdes_points": 24,
    "pixel_col": 871.0,
    "pixel_row": 934.0,
    "population_density": 1348.8,
    "position_along": 0.25,
    "protected_area_score": 0.0,
    "rank": 4,
    "river_name": "Irwin Creek",
    "road_access_m": 67.1,
    "road_access_score": 1.0,
    "road_density_km_km2": 11.066,
    "robustness_pct": 59.5,
    "runoff_coeff_C": 0.398,
    "seasonal_cv": 0.2647,
    "segment_id": 39,
    "segment_length_m": 3215.1054,
    "snap_dist_m": 9.5,
    "stream_order": 3,
    "superfund_score": 0.0,
    "tourism_amenity_density": 26.2606,
    "tri_facility_density": 0.5576,
    "usgs_mean_q_cfs": 48.748,
    "velocity_feasibility": 0.7,
    "water_intake_score": 0.0
   },
   "type": "Feature"
  },
  {
   "geometry": {
    "coordinates": [
     -80.862197,
     35.227699
    ],
    "type": "Point"
   },
   "properties": {
    "accumulation": 270129.0,
    "bank_slope_deg": 2.83,
    "bank_slope_score": 1.0,
    "beach_dist_km": 302.78,
    "bridge_proximity_bonus": 0.0,
    "catchment_area_km2": 26.9494,
    "channel_width_m": 12.24,
    "channel_width_score": 1.0,
    "composite_score": 56.2331,
    "cso_density": 0.0,
    "dem_lat": 35.228138,
    "dem_lon": -80.862665,
    "ej_index": 0.5776,
    "elevation_m": 193.9898,
    "estuary_dist_km": 438.02,
    "feasibility_score": 75.2381,
    "flood_q10_cfs": 2996.82,
    "flow_score": 37.3094,
    "flow_velocity_ms": 0.1252,
    "generation_score": 67.3248,
    "impact_score": 51.4088,
    "impervious_pct": 38.06,
    "land_ownership": 0.5,
    "lat": 35.2281,
    "litter_complaint_density": 0.0,
    "lon": -80.8627,
    "npdes_points": 14,
    "pixel_col": 958.0,
    "pixel_row": 826.0,
    "population_density": 1651.4,
    "position_along": 0.75,
    "protected_area_score": 0.0,
    "rank": 5,
    "river_name": "Irwin Creek",
    "road_access_m": 92.0,
    "road_access_score": 1.0,
    "road_density_km_km2": 12.857,
    "robustness_pct": 26.5,
    "runoff_coeff_C": 0.3925,
    "seasonal_cv": 0.5026,
    "segment_id": 29,
    "segment_length_m": 3402.1642,
    "snap_dist_m": 64.7,
    "stream_order": 3,
    "superfund_score": 0.0,
    "tourism_amenity_density": 42.4944,
    "tri_facility_density": 0.705,
    "usgs_mean_q_cfs": 15.009,
    "velocity_feasibility": 0.7,
    "water_intake_score": 0.0
   },
   "type": "Feature"
  },
  {
   "geometry": {
    "coordinates": [
     -80.882461,
     35.208305
    ],
    "type": "Point"
   },
   "properties": {
    "accumulation": 615763.0,
    "bank_slope_deg": 8.48,
    "bank_slope_score": 1.0,
    "beach_dist_km": 303.68,
    "bridge_proximity_bonus": 0.0,
    "catchment_area_km2": 61.4314,
    "channel_width_m": 17.23,
    "channel_width_score": 0.5,
    "composite_score": 55.2174,
    "cso_density": 0.0,
    "dem_lat": 35.208354,
    "dem_lon": -80.882531,
    "ej_index": 0.601,
    "elevation_m": 184.944,
    "estuary_dist_km": 439.79,
    "feasibility_score": 48.5714,
    "flood_q10_cfs": 4770.12,
    "flow_score": 63.3687,
    "flow_velocity_ms": 0.0804,
    "generation_score": 63.5784,
    "impact_score": 43.3865,
    "impervious_pct": 38.67,
    "land_ownership": 0.5,
    "lat": 35.2084,
    "litter_complaint_density": 0.0,
    "lon": -80.8825,
    "npdes_points": 24,
    "pixel_col": 779.0,
    "pixel_row": 1045.0,
    "population_density": 1163.2,
    "position_along": 0.75,
    "protected_area_score": 0.0,
    "rank": 6,
    "river_name": "Irwin Creek",
    "road_access_m": 123.0,
    "road_access_score": 1.0,
    "road_density_km_km2": 9.741,
    "robustness_pct": 40.0,
    "runoff_coeff_C": 0.398,
    "seasonal_cv": 0.2647,
    "segment_id": 39,
    "segment_length_m": 3215.1054,
    "snap_dist_m": 8.3,
    "stream_order": 3,
    "superfund_score": 0.0,
    "tourism_amenity_density": 20.1331,
    "tri_facility_density": 0.5535,
    "usgs_mean_q_cfs": 48.748,
    "velocity_feasibility": 0.7,
    "water_intake_score": 0.0
   },
   "type": "Feature"
  },
  {
   "geometry": {
    "coordinates": [
     -80.836599,
     35.211744
    ],
    "type": "Point"
   },
   "properties": {
    "accumulation": 96280.0,
    "bank_slope_deg": 8.14,
    "bank_slope_score": 1.0,
    "beach_dist_km": 299.92,
    "bridge_proximity_bonus": 0.2,
    "catchment_area_km2": 9.6053,
    "channel_width_m": 7.98,
    "channel_width_score": 1.0,
    "composite_score": 54.9548,
    "cso_density": 0.0,
    "dem_lat": 35.211753,
    "dem_lon": -80.836665,
    "ej_index": 0.2782,
    "elevation_m": 190.7733,
    "estuary_dist_km": 435.63,
    "feasibility_score": 88.5714,
    "flood_q10_cfs": 1923.86,
    "flow_score": 32.2842,
    "flow_velocity_ms": 0.0942,
    "generation_score": 60.7958,
    "impact_score": 51.1978,
    "impervious_pct": 47.34,
    "land_ownership": 0.5,
    "lat": 35.2118,
    "litter_complaint_density": 0.0,
    "lon": -80.8367,
    "npdes_points": 8,
    "pixel_col": 1198.0,
    "pixel_row": 1007.0,
    "population_density": 1972.0,
    "position_along": 0.5,
    "protected_area_score": 0.0,
    "rank": 7,
    "river_name": "Little Sugar Creek",
    "road_access_m": 124.1,
    "road_access_score": 1.0,
    "road_density_km_km2": 14.898,
    "robustness_pct": 17.0,
    "runoff_coeff_C": 0.4761,
    "seasonal_cv": 0.5226,
    "segment_id": 44,
    "segment_length_m": 5088.1674,
    "snap_dist_m": 6.1,
    "stream_order": 3,
    "superfund_score": 0.0,
    "tourism_amenity_density": 67.8796,
    "tri_facility_density": 0.0,
    "usgs_mean_q_cfs": 17.335,
    "velocity_feasibility": 0.7,
    "water_intake_score": 0.0
   },
   "type": "Feature"
  },
  {
   "geometry": {
    "coordinates": [
     -80.869362,
     35.226664
    ],
    "type": "Point"
   },
   "properties": {
    "accumulation": 266922.0,
    "bank_slope_deg": 0.73,
    "bank_slope_score": 1.0,
    "beach_dist_km": 303.21,
    "bridge_proximity_bonus": 0.0,
    "catchment_area_km2": 26.6294,
    "channel_width_m": 12.18,
    "channel_width_score": 1.0,
    "composite_score": 54.2035,
    "cso_density": 0.0,
    "dem_lat": 35.226613,
    "dem_lon": -80.868466,
    "ej_index": 0.598,
    "elevation_m": 192.1886,
    "estuary_dist_km": 438.55,
    "feasibility_score": 75.2381,
    "flood_q10_cfs": 2972.54,
    "flow_score": 35.0743,
    "flow_velocity_ms": 0.0925,
    "generation_score": 65.1675,
    "impact_score": 48.6632,
    "impervious_pct": 37.95,
    "land_ownership": 0.5,
    "lat": 35.2266,
    "litter_complaint_density": 0.0,
    "lon": -80.8685,
    "npdes_points": 15,
    "pixel_col": 908.0,
    "pixel_row": 842.0,
    "population_density": 1588.0,
    "position_along": 0.5,
    "protected_area_score": 0.0,
    "rank": 8,
    "river_name": "Stewart Creek",
    "road_access_m": 82.3,
    "road_access_score": 1.0,
    "road_density_km_km2": 11.81,
    "robustness_pct": 0.5,
    "runoff_coeff_C": 0.3916,
    "seasonal_cv": 0.5132,
    "segment_id": 38,
    "segment_length_m": 640.6664,
    "snap_dist_m": 81.7,
    "stream_order": 3,
    "superfund_score": 0.0,
    "tourism_amenity_density": 33.0247,
    "tri_facility_density": 0.6384,
    "usgs_mean_q_cfs": 11.845,
    "velocity_feasibility": 0.7,
    "water_intake_score": 0.0
   },
   "type": "Feature"
  },
  {
   "geometry": {
    "coordinates": [
     -80.74214,
     35.197556
    ],
    "type": "Point"
   },
   "properties": {
    "accumulation": 89146.0,
    "bank_slope_deg": 2.25,
    "bank_slope_score": 1.0,
    "beach_dist_km": 291.34,
    "bridge_proximity_bonus": 0.0,
    "catchment_area_km2": 8.8936,
    "channel_width_m": 7.73,
    "channel_width_score": 1.0,
    "composite_score": 54.163,
    "cso_density": 0.0,
    "dem_lat": 35.19756,
    "dem_lon": -80.742148,
    "ej_index": 0.806,
    "elevation_m": 209.8885,
    "estuary_dist_km": 427.02,
    "feasibility_score": 75.2381,
    "flood_q10_cfs": 1477.52,
    "flow_score": 27.1589,
    "flow_velocity_ms": 0.0936,
    "generation_score": 46.9384,
    "impact_score": 73.3534,
    "impervious_pct": 31.32,
    "land_ownership": 0.5,
    "lat": 35.1976,
    "litter_complaint_density": 0.0,
    "lon": -80.7421,
    "npdes_points": 3,
    "pixel_col": 2059.0,
    "pixel_row": 1163.0,
    "population_density": 2212.7,
    "position_along": 0.3,
    "protected_area_score": 0.0,
    "rank": 9,
    "river_name": "Campbell Creek",
    "road_access_m": 98.8,
    "road_access_score": 1.0,
    "road_density_km_km2": 8.977,
    "robustness_pct": 23.5,
    "runoff_coeff_C": 0.3319,
    "seasonal_cv": 0.4785,
    "segment_id": 47,
    "segment_length_m": 8792.9902,
    "snap_dist_m": 0.8,
    "stream_order": 3,
    "superfund_score": 0.0,
    "tourism_amenity_density": 2.5465,
    "tri_facility_density": 0.0,
    "usgs_mean_q_cfs": 8.723,
    "velocity_feasibility": 0.7,
    "water_intake_score": 0.0
   },
   "type": "Feature"
  },
  {
   "geometry": {
    "coordinates": [
     -80.842728,
     35.253675
    ],
    "type": "Point"
   },
   "properties": {
    "accumulation": 189230.0,
    "bank_slope_deg": 2.22,
    "bank_slope_score": 1.0,
    "beach_dist_km": 302.2,
    "bridge_proximity_bonus": 0.0,
    "catchment_area_km2": 18.8785,
    "channel_width_m": 10.56,
    "channel_width_score": 1.0,
    "composite_score": 53.4516,
    "cso_density": 0.0,
    "dem_lat": 35.253556,
    "dem_lon": -80.843718,
    "ej_index": 0.8135,
    "elevation_m": 201.5097,
    "estuary_dist_km": 436.37,
    "feasibility_score": 75.2381,
    "flood_q10_cfs": 2460.58,
    "flow_score": 36.7867,
    "flow_velocity_ms": 0.2043,
    "generation_score": 52.6247,
    "impact_score": 57.2728,
    "impervious_pct": 38.06,
    "land_ownership": 0.5,
    "lat": 35.2536,
    "litter_complaint_density": 0.0,
    "lon": -80.8437,
    "npdes_points": 5,
    "pixel_col": 1133.0,
    "pixel_row": 543.0,
    "population_density": 1095.8,
    "position_along": 0.5,
    "protected_area_score": 0.0,
    "rank": 10,
    "river_name": "Irwin Creek",
    "road_access_m": 58.5,
    "road_access_score": 1.0,
    "road_density_km_km2": 12.81,
    "robustness_pct": 0.0,
    "runoff_coeff_C": 0.3925,
    "seasonal_cv": 0.5026,
    "segment_id": 10,
    "segment_length_m": 2248.0112,
    "snap_dist_m": 91.0,
    "stream_order": 3,
    "superfund_score": 0.0,
    "tourism_amenity_density": 18.7803,
    "tri_facility_density": 0.5297,
    "usgs_mean_q_cfs": 15.009,
    "velocity_feasibility": 0.7,
    "water_intake_score": 0.0
   },
   "type": "Feature"
  },
  {
   "geometry": {
    "coordinates": [
     -80.758155,
     35.241248
    ],
    "type": "Point"
   },
   "properties": {
    "accumulation": 43797.0,
    "bank_slope_deg": 1.56,
    "bank_slope_score": 1.0,
    "beach_dist_km": 294.48,
    "bridge_proximity_bonus": 0.2,
    "catchment_area_km2": 4.3694,
    "channel_width_m": 5.75,
    "channel_width_score": 1.0,
    "composite_score": 53.4038,
    "cso_density": 0.0,
    "ej_index": 0.8169,
    "elevation_m": 213.7352,
    "estuary_dist_km": 428.57,
    "feasibility_score": 88.5714,
    "flood_q10_cfs": 889.83,
    "flow_score": 23.2192,
    "flow_velocity_ms": 0.1195,
    "generation_score": 45.0266,
    "impact_score": 69.3512,
    "impervious_pct": 25.95,
    "land_ownership": 0.5,
    "lat": 35.2412,
    "litter_complaint_density": 0.0,
    "lon": -80.7582,
    "npdes_points": 0,
    "pixel_col": 1910.0,
    "pixel_row": 674.0,
    "population_density": 2068.2,
    "position_along": 0.5,
    "protected_area_score": 0.0,
    "rank": 11,
    "river_name": "Brier Creek",
    "road_access_m": 27.5,
    "road_access_score": 1.0,
    "road_density_km_km2": 9.175,
    "robustness_pct": 17.0,
    "runoff_coeff_C": 0.2835,
    "seasonal_cv": 0.4517,
    "segment_id": 32,
    "segment_length_m": 1843.6349,
    "stream_order": 3,
    "superfund_score": 0.0,
    "tourism_amenity_density": 3.3423,
    "tri_facility_density": 0.2289,
    "usgs_mean_q_cfs": 2.336,
    "velocity_feasibility": 0.7,
    "water_intake_score": 0.0
   },
   "type": "Feature"
  },
  {
   "geometry": {
    "coordinates": [
     -80.74049,
     35.156878
    ],
    "type": "Point"
   },
   "properties": {
    "accumulation": 21709.0,
    "bank_slope_deg": 4.14,
    "bank_slope_score": 1.0,
    "beach_dist_km": 289.58,
    "bridge_proximity_bonus": 0.0,
    "catchment_area_km2": 2.1658,
    "channel_width_m": 4.3,
    "channel_width_score": 1.0,
    "composite_score": 53.3989,
    "cso_density": 0.0,
    "ej_index": 0.777,
    "elevation_m": 177.1161,
    "estuary_dist_km": 426.82,
    "feasibility_score": 86.6667,
    "flood_q10_cfs": 332.95,
    "flow_score": 40.0594,
    "flow_velocity_ms": 0.5,
    "generation_score": 27.0414,
    "impact_score": 74.2389,
    "impervious_pct": null,
    "land_ownership": 0.5,
    "lat": 35.1569,
    "litter_complaint_density": 0.0,
    "lon": -80.7405,
    "npdes_points": 0,
    "pixel_col": 2077.0,
    "pixel_row": 1613.0,
    "population_density": 2165.7,
    "position_along": 0.5,
    "protected_area_score": 0.0,
    "rank": 12,
    "river_name": "McAlpine Creek",
    "road_access_m": 169.5,
    "road_access_score": 1.0,
    "road_density_km_km2": 6.937,
    "robustness_pct": 27.0,
    "runoff_coeff_C": null,
    "seasonal_cv": null,
    "segment_id": 78,
    "segment_length_m": 389.9568,
    "stream_order": 3,
    "superfund_score": 0.0,
    "tourism_amenity_density": 3.5014,
    "tri_facility_density": 0.0,
    "usgs_mean_q_cfs": null,
    "velocity_feasibility": 1.0,
    "water_intake_score": 0.0
   },
   "type": "Feature"
  },
  {
   "geometry": {
    "coordinates": [
     -80.803313,
     35.251381
    ],
    "type": "Point"
   },
   "properties": {
    "accumulation": 74109.0,
    "bank_slope_deg": 6.33,
    "bank_slope_score": 1.0,
    "beach_dist_km": 298.75,
    "bridge_proximity_bonus": 0.0,
    "catchment_area_km2": 7.3935,
    "channel_width_m": 7.16,
    "channel_width_score": 1.0,
    "composite_score": 52.8873,
    "cso_density": 0.0,
    "dem_lat": 35.251867,
    "dem_lon": -80.803605,
    "ej_index": 0.7465,
    "elevation_m": 210.3587,
    "estuary_dist_km": 432.73,
    "feasibility_score": 75.2381,
    "flood_q10_cfs": 1728.13,
    "flow_score": 28.4562,
    "flow_velocity_ms": 0.151,
    "generation_score": 53.5514,
    "impact_score": 61.407,
    "impervious_pct": 41.23,
    "land_ownership": 0.5,
    "lat": 35.2519,
    "litter_complaint_density": 0.0,
    "lon": -80.8036,
    "npdes_points": 3,
    "pixel_col": 1497.0,
    "pixel_row": 561.0,
    "population_density": 1217.8,
    "position_along": 0.75,
    "protected_area_score": 0.0,
    "rank": 13,
    "river_name": "Little Sugar Creek",
    "road_access_m": 86.0,
    "road_access_score": 1.0,
    "road_density_km_km2": 9.061,
    "robustness_pct": 0.0,
    "runoff_coeff_C": 0.4211,
    "seasonal_cv": 0.4696,
    "segment_id": 21,
    "segment_length_m": 3783.8465,
    "snap_dist_m": 60.1,
    "stream_order": 3,
    "superfund_score": 0.0,
    "tourism_amenity_density": 17.1092,
    "tri_facility_density": 0.6763,
    "usgs_mean_q_cfs": 4.021,
    "velocity_feasibility": 0.7,
    "water_intake_score": 0.0
   },
   "type": "Feature"
  },
  {
   "geometry": {
    "coordinates": [
     -80.737932,
     35.187301
    ],
    "type": "Point"
   },
   "properties": {
    "accumulation": 146086.0,
    "bank_slope_deg": 1.39,
    "bank_slope_score": 1.0,
    "beach_dist_km": 290.56,
    "bridge_proximity_bonus": 0.0,
    "catchment_area_km2": 14.5742,
    "channel_width_m": 9.49,
    "channel_width_score": 1.0,
    "composite_score": 52.8185,
    "cso_density": 0.0,
    "dem_lat": 35.187501,
    "dem_lon": -80.737767,
    "ej_index": 0.7526,
    "elevation_m": 205.2536,
    "estuary_dist_km": 426.6,
    "feasibility_score": 75.2381,
    "flood_q10_cfs": 1942.45,
    "flow_score": 28.3835,
    "flow_velocity_ms": 0.0503,
    "generation_score": 42.473,
    "impact_score": 72.3167,
    "impervious_pct": 31.32,
    "land_ownership": 0.5,
    "lat": 35.1875,
    "litter_complaint_density": 0.0,
    "lon": -80.7378,
    "npdes_points": 2,
    "pixel_col": 2101.0,
    "pixel_row": 1274.0,
    "population_density": 1858.7,
    "position_along": 0.5,
    "protected_area_score": 0.0,
    "rank": 14,
    "river_name": "Campbell Creek",
    "road_access_m": 145.4,
    "road_access_score": 1.0,
    "road_density_km_km2": 8.824,
    "robustness_pct": 10.5,
    "runoff_coeff_C": 0.3319,
    "seasonal_cv": 0.4785,
    "segment_id": 47,
    "segment_length_m": 8792.9902,
    "snap_dist_m": 26.8,
    "stream_order": 3,
    "superfund_score": 0.0,
    "tourism_amenity_density": 2.5465,
    "tri_facility_density": 0.0,
    "usgs_mean_q_cfs": 8.723,
    "velocity_feasibility": 0.7,
    "water_intake_score": 0.0
   },
   "type": "Feature"
  },
  {
   "geometry": {
    "coordinates": [
     -80.78207,
     35.230284
    ],
    "type": "Point"
   },
   "properties": {
    "accumulation": 191736.0,
    "bank_slope_deg": 3.71,
    "bank_slope_score": 1.0,
    "beach_dist_km": 296.04,
    "bridge_proximity_bonus": 0.2,
    "catchment_area_km2": 19.1285,
    "channel_width_m": 10.62,
    "channel_width_score": 1.0,
    "composite_score": 52.5595,
    "cso_density": 0.0,
    "dem_lat": 35.230257,
    "dem_lon": -80.781982,
    "ej_index": 0.5882,
    "elevation_m": 203.878,
    "estuary_dist_km": 430.7,
    "feasibility_score": 88.5714,
    "flood_q10_cfs": 2199.39,
    "flow_score": 37.3902,
    "flow_velocity_ms": 0.1862,
    "generation_score": 40.5323,
    "impact_score": 59.222,
    "impervious_pct": 29.41,
    "land_ownership": 0.5,
    "lat": 35.2303,
    "litter_complaint_density": 0.0,
    "lon": -80.782,
    "npdes_points": 1,
    "pixel_col": 1694.0,
    "pixel_row": 801.0,
    "population_density": 1773.4,
    "position_along": 0.5,
    "protected_area_score": 0.0,
    "rank": 15,
    "river_name": "Briar Creek",
    "road_access_m": 106.0,
    "road_access_score": 1.0,
    "road_density_km_km2": 9.458,
    "robustness_pct": 4.0,
    "runoff_coeff_C": 0.3147,
    "seasonal_cv": 0.5245,
    "segment_id": 41,
    "segment_length_m": 1750.3134,
    "snap_dist_m": 8.6,
    "stream_order": 3,
    "superfund_score": 0.0,
    "tourism_amenity_density": 15.6768,
    "tri_facility_density": 0.0,
    "usgs_mean_q_cfs": 23.618,
    "velocity_feasibility": 0.7,
    "water_intake_score": 0.0
   },
   "type": "Feature"
  },
  {
   "geometry": {
    "coordinates": [
     -80.735635,
     35.178631
    ],
    "type": "Point"
   },
   "properties": {
    "accumulation": 167858.0,
    "bank_slope_deg": 3.82,
    "bank_slope_score": 1.0,
    "beach_dist_km": 290.03,
    "bridge_proximity_bonus": 0.0,
    "catchment_area_km2": 16.7463,
    "channel_width_m": 10.05,
    "channel_width_score": 1.0,
    "composite_score": 52.5588,
    "cso_density": 0.0,
    "dem_lat": 35.178602,
    "dem_lon": -80.735701,
    "ej_index": 0.7059,
    "elevation_m": 193.7966,
    "estuary_dist_km": 426.4,
    "feasibility_score": 75.2381,
    "flood_q10_cfs": 2097.82,
    "flow_score": 32.1222,
    "flow_velocity_ms": 0.1735,
    "generation_score": 39.7324,
    "impact_score": 71.0759,
    "impervious_pct": 31.32,
    "land_ownership": 0.5,
    "lat": 35.1786,
    "litter_complaint_density": 0.0,
    "lon": -80.7357,
    "npdes_points": 0,
    "pixel_col": 2120.0,
    "pixel_row": 1373.0,
    "population_density": 1810.1,
    "position_along": 0.7,
    "protected_area_score": 0.0,
    "rank": 16,
    "river_name": "Campbell Creek",
    "road_access_m": 78.4,
    "road_access_score": 1.0,
    "road_density_km_km2": 7.724,
    "robustness_pct": 7.5,
    "runoff_coeff_C": 0.3319,
    "seasonal_cv": 0.4785,
    "segment_id": 47,
    "segment_length_m": 8792.9902,
    "snap_dist_m": 6.8,
    "stream_order": 3,
    "superfund_score": 0.0,
    "tourism_amenity_density": 2.5465,
    "tri_facility_density": 0.0,
    "usgs_mean_q_cfs": 8.723,
    "velocity_feasibility": 0.7,
    "water_intake_score": 0.0
   },
   "type": "Feature"
  },
  {
   "geometry": {
    "coordinates": [
     -80.893963,
     35.204509
    ],
    "type": "Point"
   },
   "properties": {
    "accumulation": 655065.0,
    "bank_slope_deg": 8.33,
    "bank_slope_score": 1.0,
    "beach_dist_km": 304.51,
    "bridge_proximity_bonus": 0.0,
    "catchment_area_km2": 65.3524,
    "channel_width_m": 17.68,
    "channel_width_score": 0.5,
    "composite_score": 52.4504,
    "cso_density": 0.0,
    "dem_lat": 35.20454,
    "dem_lon": -80.893998,
    "ej_index": 0.6196,
    "elevation_m": 183.3882,
    "estuary_dist_km": 440.82,
    "feasibility_score": 48.5714,
    "flood_q10_cfs": 4936.43,
    "flow_score": 66.6411,
    "flow_velocity_ms": 0.1669,
    "generation_score": 55.9859,
    "impact_score": 39.0287,
    "impervious_pct": 38.67,
    "land_ownership": 0.5,
    "lat": 35.2045,
    "litter_complaint_density": 0.0,
    "lon": -80.894,
    "npdes_points": 20,
    "pixel_col": 674.0,
    "pixel_row": 1088.0,
    "population_density": 922.5,
    "position_along": 0.5,
    "protected_area_score": 0.0,
    "rank": 17,
    "river_name": "Irwin Creek",
    "road_access_m": 122.3,
    "road_access_score": 1.0,
    "road_density_km_km2": 8.445,
    "robustness_pct": 19.5,
    "runoff_coeff_C": 0.398,
    "seasonal_cv": 0.2647,
    "segment_id": 50,
    "segment_length_m": 1238.4901,
    "snap_dist_m": 4.7,
    "stream_order": 3,
    "superfund_score": 0.0,
    "tourism_amenity_density": 8.5148,
    "tri_facility_density": 0.4744,
    "usgs_mean_q_cfs": 48.748,
    "velocity_feasibility": 0.7,
    "water_intake_score": 0.0
   },
   "type": "Feature"
  },
  {
   "geometry": {
    "coordinates": [
     -80.91834,
     35.188834
    ],
    "type": "Point"
   },
   "properties": {
    "accumulation": 911777.0,
    "bank_slope_deg": 10.04,
    "bank_slope_score": 1.0,
    "beach_dist_km": 305.98,
    "bridge_proximity_bonus": 0.0,
    "catchment_area_km2": 90.9632,
    "channel_width_m": 20.28,
    "channel_width_score": 0.5,
    "composite_score": 52.0056,
    "cso_density": 0.0,
    "dem_lat": 35.188835,
    "dem_lon": -80.918336,
    "ej_index": 0.6268,
    "elevation_m": 178.336,
    "estuary_dist_km": 443.01,
    "feasibility_score": 48.5714,
    "flood_q10_cfs": 5867.53,
    "flow_score": 80.6325,
    "flow_velocity_ms": 0.2815,
    "generation_score": 47.7688,
    "impact_score": 34.1036,
    "impervious_pct": 37.92,
    "land_ownership": 0.5,
    "lat": 35.1888,
    "litter_complaint_density": 0.0,
    "lon": -80.9183,
    "npdes_points": 22,
    "pixel_col": 454.0,
    "pixel_row": 1262.0,
    "population_density": 679.9,
    "position_along": 0.25,
    "protected_area_score": 0.0,
    "rank": 18,
    "river_name": "Sugar Creek",
    "road_access_m": 145.7,
    "road_access_score": 1.0,
    "road_density_km_km2": 5.348,
    "robustness_pct": 27.5,
    "runoff_coeff_C": 0.3913,
    "seasonal_cv": 0.3277,
    "segment_id": 59,
    "segment_length_m": 4105.0618,
    "snap_dist_m": 0.4,
    "stream_order": 3,
    "superfund_score": 0.0,
    "tourism_amenity_density": 3.6606,
    "tri_facility_density": 0.2528,
    "usgs_mean_q_cfs": 61.83,
    "velocity_feasibility": 0.7,
    "water_intake_score": 0.0
   },
   "type": "Feature"
  },
  {
   "geometry": {
    "coordinates": [
     -80.866834,
     35.237443
    ],
    "type": "Point"
   },
   "properties": {
    "accumulation": 220086.0,
    "bank_slope_deg": 1.85,
    "bank_slope_score": 1.0,
    "beach_dist_km": 303.47,
    "bridge_proximity_bonus": 0.0,
    "catchment_area_km2": 21.9568,
    "channel_width_m": 11.24,
    "channel_width_score": 1.0,
    "composite_score": 51.3996,
    "cso_density": 0.0,
    "dem_lat": 35.237659,
    "dem_lon": -80.866326,
    "ej_index": 0.6478,
    "elevation_m": 194.1858,
    "estuary_dist_km": 438.38,
    "feasibility_score": 75.2381,
    "flood_q10_cfs": 2623.34,
    "flow_score": 31.9371,
    "flow_velocity_ms": 0.0528,
    "generation_score": 59.3889,
    "impact_score": 47.7097,
    "impervious_pct": 36.64,
    "land_ownership": 0.5,
    "lat": 35.2377,
    "litter_complaint_density": 0.0,
    "lon": -80.8663,
    "npdes_points": 5,
    "pixel_col": 929.0,
    "pixel_row": 720.0,
    "population_density": 1427.5,
    "position_along": 0.5,
    "protected_area_score": 0.0,
    "rank": 19,
    "river_name": "Stewart Creek",
    "road_access_m": 122.4,
    "road_access_score": 1.0,
    "road_density_km_km2": 12.463,
    "robustness_pct": 0.0,
    "runoff_coeff_C": 0.3798,
    "seasonal_cv": 0.5088,
    "segment_id": 24,
    "segment_length_m": 2271.1211,
    "snap_dist_m": 52.0,
    "stream_order": 3,
    "superfund_score": 0.0,
    "tourism_amenity_density": 22.043,
    "tri_facility_density": 0.7742,
    "usgs_mean_q_cfs": 10.278,
    "velocity_feasibility": 0.7,
    "water_intake_score": 0.0
   },
   "type": "Feature"
  },
  {
   "geometry": {
    "coordinates": [
     -80.737362,
     35.211152
    ],
    "type": "Point"
   },
   "properties": {
    "accumulation": 39914.0,
    "bank_slope_deg": 0.5,
    "bank_slope_score": 1.0,
    "beach_dist_km": 291.53,
    "bridge_proximity_bonus": 0.0,
    "catchment_area_km2": 3.982,
    "channel_width_m": 5.54,
    "channel_width_score": 1.0,
    "composite_score": 51.3586,
    "cso_density": 0.0,
    "dem_lat": 35.211457,
    "dem_lon": -80.737679,
    "ej_index": 0.8681,
    "elevation_m": 214.6597,
    "estuary_dist_km": 426.64,
    "feasibility_score": 60.0,
    "flood_q10_cfs": 911.45,
    "flow_score": 23.759,
    "flow_velocity_ms": 0.0377,
    "generation_score": 45.016,
    "impact_score": 76.3801,
    "impervious_pct": 31.32,
    "land_ownership": 0.5,
    "lat": 35.2115,
    "litter_complaint_density": 0.0,
    "lon": -80.7377,
    "npdes_points": 1,
    "pixel_col": 2100.0,
    "pixel_row": 1008.0,
    "population_density": 2119.2,
    "position_along": 0.1,
    "protected_area_score": 0.0,
    "rank": 20,
    "river_name": "Campbell Creek",
    "road_access_m": 89.5,
    "road_access_score": 1.0,
    "road_density_km_km2": 9.364,
    "robustness_pct": 8.0,
    "runoff_coeff_C": 0.3319,
    "seasonal_cv": 0.4785,
    "segment_id": 47,
    "segment_length_m": 8792.9902,
    "snap_dist_m": 44.5,
    "stream_order": 3,
    "superfund_score": 0.0,
    "tourism_amenity_density": 3.1035,
    "tri_facility_density": 0.0,
    "usgs_mean_q_cfs": 8.723,
    "velocity_feasibility": 0.3,
    "water_intake_score": 0.0
   },
   "type": "Feature"
  },
  {
   "geometry": {
    "coordinates": [
     -80.810791,
     35.202786
    ],
    "type": "Point"
   },
   "properties": {
    "accumulation": 364619.0,
    "bank_slope_deg": 9.77,
    "bank_slope_score": 1.0,
    "beach_dist_km": 297.37,
    "bridge_proximity_bonus": 0.0,
    "catchment_area_km2": 36.3761,
    "channel_width_m": 13.86,
    "channel_width_score": 1.0,
    "composite_score": 50.8895,
    "cso_density": 0.0,
    "dem_lat": 35.202813,
    "dem_lon": -80.810831,
    "ej_index": 0.3596,
    "elevation_m": 190.8284,
    "estuary_dist_km": 433.26,
    "feasibility_score": 75.2381,
    "flood_q10_cfs": 3139.9,
    "flow_score": 41.9239,
    "flow_velocity_ms": 0.1566,
    "generation_score": 46.2255,
    "impact_score": 50.8505,
    "impervious_pct": 29.41,
    "land_ownership": 0.5,
    "lat": 35.2028,
    "litter_complaint_density": 0.0,
    "lon": -80.8108,
    "npdes_points": 8,
    "pixel_col": 1432.0,
    "pixel_row": 1106.0,
    "population_density": 1626.5,
    "position_along": 0.125,
    "protected_area_score": 0.0,
    "rank": 21,
    "river_name": "Briar Creek",
    "road_access_m": 195.1,
    "road_access_score": 1.0,
    "road_density_km_km2": 10.939,
    "robustness_pct": 0.0,
    "runoff_coeff_C": 0.3147,
    "seasonal_cv": 0.5245,
    "segment_id": 52,
    "segment_length_m": 6828.0264,
    "snap_dist_m": 4.7,
    "stream_order": 3,
    "superfund_score": 0.0,
    "tourism_amenity_density": 35.4916,
    "tri_facility_density": 0.0825,
    "usgs_mean_q_cfs": 23.618,
    "velocity_feasibility": 0.7,
    "water_intake_score": 0.0
   },
   "type": "Feature"
  },
  {
   "geometry": {
    "coordinates": [
     -80.768299,
     35.241983
    ],
    "type": "Point"
   },
   "properties": {
    "accumulation": 24501.0,
    "bank_slope_deg": 0.99,
    "bank_slope_score": 1.0,
    "beach_dist_km": 295.47,
    "bridge_proximity_bonus": 0.0,
    "catchment_area_km2": 2.4443,
    "channel_width_m": 4.52,
    "channel_width_score": 1.0,
    "composite_score": 50.6638,
    "cso_density": 0.0,
    "dem_lat": 35.242848,
    "dem_lon": -80.769096,
    "ej_index": 0.8255,
    "elevation_m": 208.7572,
    "estuary_dist_km": 429.57,
    "feasibility_score": 75.2381,
    "flood_q10_cfs": 592.76,
    "flow_score": 23.2502,
    "flow_velocity_ms": 0.1094,
    "generation_score": 43.8098,
    "impact_score": 68.0753,
    "impervious_pct": 27.75,
    "land_ownership": 0.5,
    "lat": 35.2428,
    "litter_complaint_density": 0.0,
    "lon": -80.7691,
    "npdes_points": 1,
    "pixel_col": 1813.0,
    "pixel_row": 661.0,
    "population_density": 2160.0,
    "position_along": 0.5,
    "protected_area_score": 0.0,
    "rank": 22,
    "river_name": "Brier Creek",
    "road_access_m": 126.6,
    "road_access_score": 1.0,
    "road_density_km_km2": 9.549,
    "robustness_pct": 0.0,
    "runoff_coeff_C": 0.2997,
    "seasonal_cv": 0.4784,
    "segment_id": 31,
    "segment_length_m": 406.7999,
    "snap_dist_m": 120.2,
    "stream_order": 3,
    "superfund_score": 0.0,
    "tourism_amenity_density": 4.9338,
    "tri_facility_density": 0.0,
    "usgs_mean_q_cfs": 6.979,
    "velocity_feasibility": 0.7,
    "water_intake_score": 0.0
   },
   "type": "Feature"
  },
  {
   "geometry": {
    "coordinates": [
     -80.767402,
     35.242539
    ],
    "type": "Point"
   },
   "properties": {
    "accumulation": 98477.0,
    "bank_slope_deg": 7.7,
    "bank_slope_score": 1.0,
    "beach_dist_km": 295.31,
    "bridge_proximity_bonus": 0.0,
    "catchment_area_km2": 9.8245,
    "channel_width_m": 8.05,
    "channel_width_score": 1.0,
    "composite_score": 50.2755,
    "cso_density": 0.0,
    "dem_lat": 35.242479,
    "dem_lon": -80.767347,
    "ej_index": 0.7714,
    "elevation_m": 207.838,
    "estuary_dist_km": 429.41,
    "feasibility_score": 75.2381,
    "flood_q10_cfs": 1486.15,
    "flow_score": 27.1449,
    "flow_velocity_ms": 0.1267,
    "generation_score": 41.2273,
    "impact_score": 66.1178,
    "impervious_pct": 27.75,
    "land_ownership": 0.5,
    "lat": 35.2425,
    "litter_complaint_density": 0.0,
    "lon": -80.7673,
    "npdes_points": 2,
    "pixel_col": 1827.0,
    "pixel_row": 665.0,
    "population_density": 1760.0,
    "position_along": 0.5,
    "protected_area_score": 0.0,
    "rank": 23,
    "river_name": "Brier Creek",
    "road_access_m": 136.2,
    "road_access_score": 1.0,
    "road_density_km_km2": 8.567,
    "robustness_pct": 0.0,
    "runoff_coeff_C": 0.2997,
    "seasonal_cv": 0.4784,
    "segment_id": 33,
    "segment_length_m": 482.9843,
    "snap_dist_m": 8.3,
    "stream_order": 3,
    "superfund_score": 0.0,
    "tourism_amenity_density": 4.8542,
    "tri_facility_density": 0.1018,
    "usgs_mean_q_cfs": 6.979,
    "velocity_feasibility": 0.7,
    "water_intake_score": 0.0
   },
   "type": "Feature"
  },
  {
   "geometry": {
    "coordinates": [
     -80.796226,
     35.21687
    ],
    "type": "Point"
   },
   "properties": {
    "accumulation": 254207.0,
    "bank_slope_deg": 0.73,
    "bank_slope_score": 1.0,
    "beach_dist_km": 296.66,
    "bridge_proximity_bonus": 0.0,
    "catchment_area_km2": 25.3609,
    "channel_width_m": 11.94,
    "channel_width_score": 1.0,
    "composite_score": 49.9148,
    "cso_density": 0.0,
    "dem_lat": 35.216758,
    "dem_lon": -80.795863,
    "ej_index": 0.4907,
    "elevation_m": 197.3835,
    "estuary_dist_km": 431.93,
    "feasibility_score": 75.2381,
    "flood_q10_cfs": 2571.26,
    "flow_score": 36.9573,
    "flow_velocity_ms": 0.0925,
    "generation_score": 42.1148,
    "impact_score": 55.8511,
    "impervious_pct": 29.41,
    "land_ownership": 0.5,
    "lat": 35.2168,
    "litter_complaint_density": 0.0,
    "lon": -80.7959,
    "npdes_points": 2,
    "pixel_col": 1569.0,
    "pixel_row": 951.0,
    "population_density": 1641.4,
    "position_along": 0.5,
    "protected_area_score": 0.0,
    "rank": 24,
    "river_name": "Briar Creek",
    "road_access_m": 97.1,
    "road_access_score": 1.0,
    "road_density_km_km2": 10.527,
    "robustness_pct": 0.0,
    "runoff_coeff_C": 0.3147,
    "seasonal_cv": 0.5245,
    "segment_id": 43,
    "segment_length_m": 2862.384,
    "snap_dist_m": 35.3,
    "stream_order": 3,
    "superfund_score": 0.0,
    "tourism_amenity_density": 25.6239,
    "tri_facility_density": 0.0789,
    "usgs_mean_q_cfs": 23.618,
    "velocity_feasibility": 0.7,
    "water_intake_score": 0.0
   },
   "type": "Feature"
  },
  {
   "geometry": {
    "coordinates": [
     -80.794919,
     35.206339
    ],
    "type": "Point"
   },
   "properties": {
    "accumulation": 62269.0,
    "bank_slope_deg": 0.57,
    "bank_slope_score": 1.0,
    "beach_dist_km": 296.17,
    "bridge_proximity_bonus": 0.2,
    "catchment_area_km2": 6.2123,
    "channel_width_m": 6.66,
    "channel_width_score": 1.0,
    "composite_score": 49.8831,
    "cso_density": 0.0,
    "dem_lat": 35.206462,
    "dem_lon": -80.794933,
    "ej_index": 0.5165,
    "elevation_m": 201.1933,
    "estuary_dist_km": 431.83,
    "feasibility_score": 88.5714,
    "flood_q10_cfs": 1232.46,
    "flow_score": 32.131,
    "flow_velocity_ms": 0.1653,
    "generation_score": 40.0469,
    "impact_score": 55.1687,
    "impervious_pct": 29.41,
    "land_ownership": 0.5,
    "lat": 35.2065,
    "litter_complaint_density": 0.0,
    "lon": -80.7949,
    "npdes_points": 0,
    "pixel_col": 1576.0,
    "pixel_row": 1065.0,
    "population_density": 1714.0,
    "position_along": 0.75,
    "protected_area_score": 0.0,
    "rank": 25,
    "river_name": "Edwards Branch",
    "road_access_m": 69.1,
    "road_access_score": 1.0,
    "road_density_km_km2": 10.354,
    "robustness_pct": 0.0,
    "runoff_coeff_C": 0.3147,
    "seasonal_cv": 0.5245,
    "segment_id": 51,
    "segment_length_m": 3716.4029,
    "snap_dist_m": 13.7,
    "stream_order": 3,
    "superfund_score": 0.0,
    "tourism_amenity_density": 17.1092,
    "tri_facility_density": 0.0,
    "usgs_mean_q_cfs": 23.618,
    "velocity_feasibility": 0.7,
    "water_intake_score": 0.0
   },
   "type": "Feature"
  },
  {
   "geometry": {
    "coordinates": [
     -80.912196,
     35.158631
    ],
    "type": "Point"
   },
   "properties": {
    "accumulation": 1009648.0,
    "bank_slope_deg": 7.68,
    "bank_slope_score": 1.0,
    "beach_dist_km": 304.33,
    "bridge_proximity_bonus": 0.0,
    "catchment_area_km2": 100.7273,
    "channel_width_m": 21.16,
    "channel_width_score": 0.5,
    "composite_score": 49.8032,
    "cso_density": 0.0,
    "dem_lat": 35.158628,
    "dem_lon": -80.912224,
    "ej_index": 0.5839,
    "elevation_m": 173.6779,
    "estuary_dist_km": 442.43,
    "feasibility_score": 48.5714,
    "flood_q10_cfs": 6208.45,
    "flow_score": 77.4113,
    "flow_velocity_ms": 0.0842,
    "generation_score": 42.0744,
    "impact_score": 35.1412,
    "impervious_pct": 37.92,
    "land_ownership": 0.5,
    "lat": 35.1586,
    "litter_complaint_density": 0.0,
    "lon": -80.9122,
    "npdes_points": 15,
    "pixel_col": 510.0,
    "pixel_row": 1598.0,
    "population_density": 876.6,
    "position_along": 0.5,
    "protected_area_score": 0.0,
    "rank": 26,
    "river_name": "Sugar Creek",
    "road_access_m": 145.5,
    "road_access_score": 1.0,
    "road_density_km_km2": 3.5,
    "robustness_pct": 15.5,
    "runoff_coeff_C": 0.3913,
    "seasonal_cv": 0.3277,
    "segment_id": 67,
    "segment_length_m": 1623.0622,
    "snap_dist_m": 2.6,
    "stream_order": 3,
    "superfund_score": 0.0,
    "tourism_amenity_density": 6.0479,
    "tri_facility_density": 0.1588,
    "usgs_mean_q_cfs": 61.83,
    "velocity_feasibility": 0.7,
    "water_intake_score": 0.0
   },
   "type": "Feature"
  },
  {
   "geometry": {
    "coordinates": [
     -80.770347,
     35.236901
    ],
    "type": "Point"
   },
   "properties": {
    "accumulation": 130563.0,
    "bank_slope_deg": 1.92,
    "bank_slope_score": 1.0,
    "beach_dist_km": 295.33,
    "bridge_proximity_bonus": 0.0,
    "catchment_area_km2": 13.0256,
    "channel_width_m": 9.05,
    "channel_width_score": 1.0,
    "composite_score": 49.4323,
    "cso_density": 0.0,
    "dem_lat": 35.236896,
    "dem_lon": -80.770332,
    "ej_index": 0.7184,
    "elevation_m": 206.0666,
    "estuary_dist_km": 429.66,
    "feasibility_score": 75.2381,
    "flood_q10_cfs": 1737.42,
    "flow_score": 27.9107,
    "flow_velocity_ms": 0.1098,
    "generation_score": 40.1808,
    "impact_score": 63.7157,
    "impervious_pct": 27.75,
    "land_ownership": 0.5,
    "lat": 35.2369,
    "litter_complaint_density": 0.0,
    "lon": -80.7703,
    "npdes_points": 1,
    "pixel_col": 1801.0,
    "pixel_row": 727.0,
    "population_density": 1742.3,
    "position_along": 0.5,
    "protected_area_score": 0.0,
    "rank": 27,
    "river_name": "Brier Creek",
    "road_access_m": 47.6,
    "road_access_score": 1.0,
    "road_density_km_km2": 8.822,
    "robustness_pct": 0.0,
    "runoff_coeff_C": 0.2997,
    "seasonal_cv": 0.4784,
    "segment_id": 34,
    "segment_length_m": 1149.8939,
    "snap_dist_m": 1.5,
    "stream_order": 3,
    "superfund_score": 0.0,
    "tourism_amenity_density": 5.3317,
    "tri_facility_density": 0.0768,
    "usgs_mean_q_cfs": 6.979,
    "velocity_feasibility": 0.7,
    "water_intake_score": 0.0
   },
   "type": "Feature"
  },
  {
   "geometry": {
    "coordinates": [
     -80.807467,
     35.261
    ],
    "type": "Point"
   },
   "properties": {
    "accumulation": 36645.0,
    "bank_slope_deg": 3.56,
    "bank_slope_score": 1.0,
    "beach_dist_km": 299.46,
    "bridge_proximity_bonus": 0.0,
    "catchment_area_km2": 3.6559,
    "channel_width_m": 5.34,
    "channel_width_score": 1.0,
    "composite_score": 49.3167,
    "cso_density": 0.0,
    "ej_index": 0.8948,
    "elevation_m": 210.72,
    "estuary_dist_km": 433.11,
    "feasibility_score": 60.0,
    "flood_q10_cfs": 1207.87,
    "flow_score": 24.6023,
    "flow_velocity_ms": 0.0372,
    "generation_score": 49.5948,
    "impact_score": 64.2924,
    "impervious_pct": 51.09,
    "land_ownership": 0.5,
    "lat": 35.261,
    "litter_complaint_density": 0.0,
    "lon": -80.8075,
    "npdes_points": 2,
    "pixel_col": 1462.0,
    "pixel_row": 460.0,
    "population_density": 895.6,
    "position_along": 0.5,
    "protected_area_score": 0.0,
    "rank": 28,
    "river_name": "Little Sugar Creek",
    "road_access_m": 173.7,
    "road_access_score": 1.0,
    "road_density_km_km2": 6.03,
    "robustness_pct": 0.0,
    "runoff_coeff_C": 0.5098,
    "seasonal_cv": 0.4645,
    "segment_id": 16,
    "segment_length_m": 2961.4347,
    "stream_order": 3,
    "superfund_score": 0.0,
    "tourism_amenity_density": 8.9127,
    "tri_facility_density": 0.5471,
    "usgs_mean_q_cfs": 2.671,
    "velocity_feasibility": 0.3,
    "water_intake_score": 0.0
   },
   "type": "Feature"
  },
  {
   "geometry": {
    "coordinates": [
     -80.757926,
     35.249892
    ],
    "type": "Point"
   },
   "properties": {
    "accumulation": 40164.0,
    "bank_slope_deg": 3.38,
    "bank_slope_score": 1.0,
    "beach_dist_km": 294.82,
    "bridge_proximity_bonus": 0.0,
    "catchment_area_km2": 4.007,
    "channel_width_m": 5.55,
    "channel_width_score": 1.0,
    "composite_score": 48.9168,
    "cso_density": 0.0,
    "dem_lat": 35.249882,
    "dem_lon": -80.757867,
    "ej_index": 0.8282,
    "elevation_m": 212.8048,
    "estuary_dist_km": 428.57,
    "feasibility_score": 60.0,
    "flood_q10_cfs": 874.56,
    "flow_score": 21.6454,
    "flow_velocity_ms": 0.0385,
    "generation_score": 45.6341,
    "impact_score": 69.384,
    "impervious_pct": 28.69,
    "land_ownership": 0.5,
    "lat": 35.2499,
    "litter_complaint_density": 0.0,
    "lon": -80.7579,
    "npdes_points": 1,
    "pixel_col": 1915.0,
    "pixel_row": 582.0,
    "population_density": 1897.5,
    "position_along": 0.5,
    "protected_area_score": 0.0,
    "rank": 29,
    "river_name": "Brier Creek",
    "road_access_m": 113.9,
    "road_access_score": 1.0,
    "road_density_km_km2": 9.182,
    "robustness_pct": 0.0,
    "runoff_coeff_C": 0.3082,
    "seasonal_cv": 0.4502,
    "segment_id": 27,
    "segment_length_m": 2110.0115,
    "snap_dist_m": 5.5,
    "stream_order": 3,
    "superfund_score": 0.0,
    "tourism_amenity_density": 2.8648,
    "tri_facility_density": 0.2496,
    "usgs_mean_q_cfs": 2.242,
    "velocity_feasibility": 0.3,
    "water_intake_score": 0.0
   },
   "type": "Feature"
  },
  {
   "geometry": {
    "coordinates": [
     -80.881087,
     35.249602
    ],
    "type": "Point"
   },
   "properties": {
    "accumulation": 47180.0,
    "bank_slope_deg": 2.53,
    "bank_slope_score": 1.0,
    "beach_dist_km": 305.2,
    "bridge_proximity_bonus": 0.0,
    "catchment_area_km2": 4.7069,
    "channel_width_m": 5.93,
    "channel_width_score": 1.0,
    "composite_score": 48.5701,
    "cso_density": 0.0,
    "dem_lat": 35.249622,
    "dem_lon": -80.881055,
    "ej_index": 0.8327,
    "elevation_m": 203.1772,
    "estuary_dist_km": 439.75,
    "feasibility_score": 75.2381,
    "flood_q10_cfs": 1249.18,
    "flow_score": 25.1085,
    "flow_velocity_ms": 0.0982,
    "generation_score": 54.2073,
    "impact_score": 49.1503,
    "impervious_pct": 42.13,
    "land_ownership": 0.5,
    "lat": 35.2496,
    "litter_complaint_density": 0.0,
    "lon": -80.8811,
    "npdes_points": 1,
    "pixel_col": 794.0,
    "pixel_row": 587.0,
    "population_density": 906.1,
    "position_along": 0.5,
    "protected_area_score": 0.0,
    "rank": 30,
    "river_name": "Stewart Creek",
    "road_access_m": 181.0,
    "road_access_score": 1.0,
    "road_density_km_km2": 10.995,
    "robustness_pct": 0.0,
    "runoff_coeff_C": 0.4292,
    "seasonal_cv": 0.4698,
    "segment_id": 23,
    "segment_length_m": 2955.2897,
    "snap_dist_m": 3.6,
    "stream_order": 3,
    "superfund_score": 0.0,
    "tourism_amenity_density": 10.5838,
    "tri_facility_density": 0.8498,
    "usgs_mean_q_cfs": 2.651,
    "velocity_feasibility": 0.7,
    "water_intake_score": 0.0
   },
   "type": "Feature"
  },
  {
   "geometry": {
    "coordinates": [
     -80.73724,
     35.166447
    ],
    "type": "Point"
   },
   "properties": {
    "accumulation": 186111.0,
    "bank_slope_deg": 2.16,
    "bank_slope_score": 1.0,
    "beach_dist_km": 289.65,
    "bridge_proximity_bonus": 0.0,
    "catchment_area_km2": 18.5673,
    "channel_width_m": 10.49,
    "channel_width_score": 1.0,
    "composite_score": 48.5669,
    "cso_density": 0.0,
    "dem_lat": 35.16637,
    "dem_lon": -80.736892,
    "ej_index": 0.6681,
    "elevation_m": 180.3117,
    "estuary_dist_km": 426.5,
    "feasibility_score": 58.5714,
    "flood_q10_cfs": 2221.26,
    "flow_score": 31.7846,
    "flow_velocity_ms": 0.1384,
    "generation_score": 36.0695,
    "impact_score": 70.0473,
    "impervious_pct": 31.32,
    "land_ownership": 0.5,
    "lat": 35.1664,
    "litter_complaint_density": 0.0,
    "lon": -80.7369,
    "npdes_points": 0,
    "pixel_col": 2106.0,
    "pixel_row": 1508.0,
    "population_density": 1589.2,
    "position_along": 0.9,
    "protected_area_score": 0.0,
    "rank": 31,
    "river_name": "Campbell Creek",
    "road_access_m": 359.0,
    "road_access_score": 0.8,
    "road_density_km_km2": 6.153,
    "robustness_pct": 0.0,
    "runoff_coeff_C": 0.3319,
    "seasonal_cv": 0.4785,
    "segment_id": 47,
    "segment_length_m": 8792.9902,
    "snap_dist_m": 32.8,
    "stream_order": 3,
    "superfund_score": 0.0,
    "tourism_amenity_density": 3.7401,
    "tri_facility_density": 0.0,
    "usgs_mean_q_cfs": 8.723,
    "velocity_feasibility": 0.7,
    "water_intake_score": 0.0
   },
   "type": "Feature"
  },
  {
   "geometry": {
    "coordinates": [
     -80.837954,
     35.197181
    ],
    "type": "Point"
   },
   "properties": {
    "accumulation": 128022.0,
    "bank_slope_deg": 8.78,
    "bank_slope_score": 1.0,
    "beach_dist_km": 299.45,
    "bridge_proximity_bonus": 0.0,
    "catchment_area_km2": 12.7721,
    "channel_width_m": 8.98,
    "channel_width_score": 1.0,
    "composite_score": 48.5026,
    "cso_density": 0.0,
    "dem_lat": 35.19717,
    "dem_lon": -80.837901,
    "ej_index": 0.1891,
    "elevation_m": 187.4708,
    "estuary_dist_km": 435.71,
    "feasibility_score": 75.2381,
    "flood_q10_cfs": 2252.78,
    "flow_score": 34.1336,
    "flow_velocity_ms": 0.115,
    "generation_score": 50.9915,
    "impact_score": 44.6201,
    "impervious_pct": 47.34,
    "land_ownership": 0.5,
    "lat": 35.1972,
    "litter_complaint_density": 0.0,
    "lon": -80.8379,
    "npdes_points": 3,
    "pixel_col": 1186.0,
    "pixel_row": 1169.0,
    "population_density": 1651.9,
    "position_along": 0.8333,
    "protected_area_score": 0.0,
    "rank": 32,
    "river_name": "Little Sugar Creek",
    "road_access_m": 100.0,
    "road_access_score": 1.0,
    "road_density_km_km2": 11.129,
    "robustness_pct": 0.0,
    "runoff_coeff_C": 0.4761,
    "seasonal_cv": 0.5226,
    "segment_id": 44,
    "segment_length_m": 5088.1674,
    "snap_dist_m": 5.0,
    "stream_order": 3,
    "superfund_score": 0.0,
    "tourism_amenity_density": 56.2613,
    "tri_facility_density": 0.0,
    "usgs_mean_q_cfs": 17.335,
    "velocity_feasibility": 0.7,
    "water_intake_score": 0.0
   },
   "type": "Feature"
  },
  {
   "geometry": {
    "coordinates": [
     -80.739832,
     35.154223
    ],
    "type": "Point"
   },
   "properties": {
    "accumulation": 246303.0,
    "bank_slope_deg": 6.59,
    "bank_slope_score": 1.0,
    "beach_dist_km": 289.43,
    "bridge_proximity_bonus": 0.0,
    "catchment_area_km2": 24.5724,
    "channel_width_m": 11.78,
    "channel_width_score": 1.0,
    "composite_score": 48.4803,
    "cso_density": 0.0,
    "dem_lat": 35.154225,
    "dem_lon": -80.739837,
    "ej_index": 0.5766,
    "elevation_m": 173.2511,
    "estuary_dist_km": 426.76,
    "feasibility_score": 75.2381,
    "flood_q10_cfs": 2444.26,
    "flow_score": 34.6823,
    "flow_velocity_ms": 0.0557,
    "generation_score": 29.2772,
    "impact_score": 65.803,
    "impervious_pct": 27.01,
    "land_ownership": 0.5,
    "lat": 35.1542,
    "litter_complaint_density": 0.0,
    "lon": -80.7398,
    "npdes_points": 0,
    "pixel_col": 2081.0,
    "pixel_row": 1644.0,
    "population_density": 1346.0,
    "position_along": 0.5,
    "protected_area_score": 0.0,
    "rank": 33,
    "river_name": "McAlpine Creek",
    "road_access_m": 136.1,
    "road_access_score": 1.0,
    "road_density_km_km2": 3.734,
    "robustness_pct": 0.0,
    "runoff_coeff_C": 0.2931,
    "seasonal_cv": 0.4959,
    "segment_id": 79,
    "segment_length_m": 530.5019,
    "snap_dist_m": 0.5,
    "stream_order": 3,
    "superfund_score": 0.0,
    "tourism_amenity_density": 2.6261,
    "tri_facility_density": 0.0,
    "usgs_mean_q_cfs": 19.864,
    "velocity_feasibility": 0.7,
    "water_intake_score": 0.0
   },
   "type": "Feature"
  },
  {
   "geometry": {
    "coordinates": [
     -80.848312,
     35.246107
    ],
    "type": "Point"
   },
   "properties": {
    "accumulation": 28351.0,
    "bank_slope_deg": 2.76,
    "bank_slope_score": 1.0,
    "beach_dist_km": 302.22,
    "bridge_proximity_bonus": 0.0,
    "catchment_area_km2": 2.8284,
    "channel_width_m": 4.8,
    "channel_width_score": 1.0,
    "composite_score": 48.3816,
    "cso_density": 0.0,
    "dem_lat": 35.245862,
    "dem_lon": -80.847685,
    "ej_index": 0.7835,
    "elevation_m": 199.2208,
    "estuary_dist_km": 436.71,
    "feasibility_score": 86.6667,
    "flood_q10_cfs": 407.14,
    "flow_score": 40.3566,
    "flow_velocity_ms": 0.5,
    "generation_score": 26.0539,
    "impact_score": 58.2543,
    "impervious_pct": null,
    "land_ownership": 0.5,
    "lat": 35.2459,
    "litter_complaint_density": 0.0,
    "lon": -80.8477,
    "npdes_points": 1,
    "pixel_col": 1094.0,
    "pixel_row": 628.0,
    "population_density": 1207.4,
    "position_along": 0.5,
    "protected_area_score": 0.0,
    "rank": 34,
    "river_name": "Irwin Creek",
    "road_access_m": 78.4,
    "road_access_score": 1.0,
    "road_density_km_km2": 16.607,
    "robustness_pct": 0.0,
    "runoff_coeff_C": null,
    "seasonal_cv": null,
    "segment_id": 28,
    "segment_length_m": 317.6156,
    "snap_dist_m": 63.2,
    "stream_order": 3,
    "superfund_score": 0.0,
    "tourism_amenity_density": 28.4887,
    "tri_facility_density": 0.0,
    "usgs_mean_q_cfs": null,
    "velocity_feasibility": 1.0,
    "water_intake_score": 0.0
   },
   "type": "Feature"
  },
  {
   "geometry": {
    "coordinates": [
     -80.851518,
     35.156937
    ],
    "type": "Point"
   },
   "properties": {
    "accumulation": 842372.0,
    "bank_slope_deg": 7.29,
    "bank_slope_score": 1.0,
    "beach_dist_km": 299.07,
    "bridge_proximity_bonus": 0.0,
    "catchment_area_km2": 84.039,
    "channel_width_m": 19.63,
    "channel_width_score": 0.5,
    "composite_score": 48.2266,
    "cso_density": 0.0,
    "dem_lat": 35.156973,
    "dem_lon": -80.85158,
    "ej_index": 0.367,
    "elevation_m": 174.2398,
    "estuary_dist_km": 436.92,
    "feasibility_score": 48.5714,
    "flood_q10_cfs": 5547.15,
    "flow_score": 69.6987,
    "flow_velocity_ms": 0.1442,
    "generation_score": 40.604,
    "impact_score": 37.7834,
    "impervious_pct": 37.03,
    "land_ownership": 0.5,
    "lat": 35.157,
    "litter_complaint_density": 0.0,
    "lon": -80.8516,
    "npdes_points": 5,
    "pixel_col": 1062.0,
    "pixel_row": 1615.0,
    "population_density": 1304.7,
    "position_along": 0.5,
    "protected_area_score": 0.0,
    "rank": 35,
    "river_name": "Little Sugar Creek",
    "road_access_m": 93.5,
    "road_access_score": 1.0,
    "road_density_km_km2": 5.135,
    "robustness_pct": 0.0,
    "runoff_coeff_C": 0.3833,
    "seasonal_cv": 0.3812,
    "segment_id": 70,
    "segment_length_m": 28.251,
    "snap_dist_m": 6.9,
    "stream_order": 3,
    "superfund_score": 0.0,
    "tourism_amenity_density": 7.8782,
    "tri_facility_density": 0.1309,
    "usgs_mean_q_cfs": 52.162,
    "velocity_feasibility": 0.7,
    "water_intake_score": 0.0
   },
   "type": "Feature"
  },
  {
   "geometry": {
    "coordinates": [
     -80.780998,
     35.201538
    ],
    "type": "Point"
   },
   "properties": {
    "accumulation": 31249.0,
    "bank_slope_deg": 1.43,
    "bank_slope_score": 1.0,
    "beach_dist_km": 294.79,
    "bridge_proximity_bonus": 0.0,
    "catchment_area_km2": 3.1175,
    "channel_width_m": 5.0,
    "channel_width_score": 1.0,
    "composite_score": 47.9647,
    "cso_density": 0.0,
    "ej_index": 0.4956,
    "elevation_m": 207.8578,
    "estuary_dist_km": 430.55,
    "feasibility_score": 86.6667,
    "flood_q10_cfs": 438.13,
    "flow_score": 40.483,
    "flow_velocity_ms": 0.5,
    "generation_score": 27.8116,
    "impact_score": 55.0015,
    "impervious_pct": null,
    "land_ownership": 0.5,
    "lat": 35.2015,
    "litter_complaint_density": 0.0,
    "lon": -80.781,
    "npdes_points": 1,
    "pixel_col": 1703.0,
    "pixel_row": 1117.0,
    "population_density": 1217.4,
    "position_along": 0.25,
    "protected_area_score": 0.0,
    "rank": 36,
    "river_name": "Edwards Branch",
    "road_access_m": 76.8,
    "road_access_score": 1.0,
    "road_density_km_km2": 11.97,
    "robustness_pct": 0.0,
    "runoff_coeff_C": null,
    "seasonal_cv": null,
    "segment_id": 51,
    "segment_length_m": 3716.4029,
    "stream_order": 3,
    "superfund_score": 0.0,
    "tourism_amenity_density": 9.6289,
    "tri_facility_density": 0.3208,
    "usgs_mean_q_cfs": null,
    "velocity_feasibility": 1.0,
    "water_intake_score": 0.0
   },
   "type": "Feature"
  },
  {
   "geometry": {
    "coordinates": [
     -80.731378,
     35.163118
    ],
    "type": "Point"
   },
   "properties": {
    "accumulation": 25165.0,
    "bank_slope_deg": 3.17,
    "bank_slope_score": 1.0,
    "beach_dist_km": 289.06,
    "bridge_proximity_bonus": 0.0,
    "catchment_area_km2": 2.5106,
    "channel_width_m": 4.57,
    "channel_width_score": 1.0,
    "composite_score": 47.9211,
    "cso_density": 0.0,
    "dem_lat": 35.163161,
    "dem_lon": -80.731409,
    "ej_index": 0.6392,
    "elevation_m": 179.1098,
    "estuary_dist_km": 426.0,
    "feasibility_score": 75.2381,
    "flood_q10_cfs": 550.1,
    "flow_score": 23.5444,
    "flow_velocity_ms": 0.0929,
    "generation_score": 32.6265,
    "impact_score": 69.871,
    "impervious_pct": 22.33,
    "land_ownership": 0.5,
    "lat": 35.1632,
    "litter_complaint_density": 0.0,
    "lon": -80.7314,
    "npdes_points": 0,
    "pixel_col": 2157.0,
    "pixel_row": 1544.0,
    "population_density": 1680.5,
    "position_along": 0.5,
    "protected_area_score": 0.0,
    "rank": 37,
    "river_name": "McAlpine Creek",
    "road_access_m": 106.9,
    "road_access_score": 1.0,
    "road_density_km_km2": 6.288,
    "robustness_pct": 0.0,
    "runoff_coeff_C": 0.251,
    "seasonal_cv": 0.4703,
    "segment_id": 74,
    "segment_length_m": 1065.8508,
    "snap_dist_m": 5.6,
    "stream_order": 3,
    "superfund_score": 0.0,
    "tourism_amenity_density": 3.4218,
    "tri_facility_density": 0.0,
    "usgs_mean_q_cfs": 10.314,
    "velocity_feasibility": 0.7,
    "water_intake_score": 0.0
   },
   "type": "Feature"
  },
  {
   "geometry": {
    "coordinates": [
     -80.872134,
     35.269414
    ],
    "type": "Point"
   },
   "properties": {
    "accumulation": 30681.0,
    "bank_slope_deg": 7.3,
    "bank_slope_score": 1.0,
    "beach_dist_km": 305.26,
    "bridge_proximity_bonus": 0.0,
    "catchment_area_km2": 3.0609,
    "channel_width_m": 4.96,
    "channel_width_score": 1.0,
    "composite_score": 47.8725,
    "cso_density": 0.0,
    "dem_lat": 35.269513,
    "dem_lon": -80.872162,
    "ej_index": 0.8545,
    "elevation_m": 209.3834,
    "estuary_dist_km": 439.01,
    "feasibility_score": 58.5714,
    "flood_q10_cfs": 1043.67,
    "flow_score": 25.0184,
    "flow_velocity_ms": 0.0995,
    "generation_score": 60.2422,
    "impact_score": 49.1983,
    "impervious_pct": 50.39,
    "land_ownership": 0.5,
    "lat": 35.2695,
    "litter_complaint_density": 0.0,
    "lon": -80.8722,
    "npdes_points": 1,
    "pixel_col": 875.0,
    "pixel_row": 366.0,
    "population_density": 534.2,
    "position_along": 0.5,
    "protected_area_score": 0.0,
    "rank": 38,
    "river_name": "Stewart Creek Tributary 3",
    "road_access_m": 347.2,
    "road_access_score": 0.8,
    "road_density_km_km2": 8.334,
    "robustness_pct": 0.0,
    "runoff_coeff_C": 0.5035,
    "seasonal_cv": 0.4599,
    "segment_id": 14,
    "segment_length_m": 2282.1132,
    "snap_dist_m": 11.3,
    "stream_order": 3,
    "superfund_score": 0.0,
    "tourism_amenity_density": 4.4563,
    "tri_facility_density": 1.3068,
    "usgs_mean_q_cfs": 1.542,
    "velocity_feasibility": 0.7,
    "water_intake_score": 0.0
   },
   "type": "Feature"
  },
  {
   "geometry": {
    "coordinates": [
     -80.844486,
     35.268444
    ],
    "type": "Point"
   },
   "properties": {
    "accumulation": 45571.0,
    "bank_slope_deg": 2.06,
    "bank_slope_score": 1.0,
    "beach_dist_km": 302.94,
    "bridge_proximity_bonus": 0.2,
    "catchment_area_km2": 4.5464,
    "channel_width_m": 5.85,
    "channel_width_score": 1.0,
    "composite_score": 47.6604,
    "cso_density": 0.0,
    "dem_lat": 35.268272,
    "dem_lon": -80.845211,
    "ej_index": 0.8448,
    "elevation_m": 208.6438,
    "estuary_dist_km": 436.56,
    "feasibility_score": 88.5714,
    "flood_q10_cfs": 1027.49,
    "flow_score": 26.0414,
    "flow_velocity_ms": 0.189,
    "generation_score": 38.6752,
    "impact_score": 54.2061,
    "impervious_pct": 32.46,
    "land_ownership": 0.5,
    "lat": 35.2683,
    "litter_complaint_density": 0.0,
    "lon": -80.8452,
    "npdes_points": 1,
    "pixel_col": 1121.0,
    "pixel_row": 380.0,
    "population_density": 761.0,
    "position_along": 0.75,
    "protected_area_score": 0.0,
    "rank": 39,
    "river_name": "Kennedy Branch",
    "road_access_m": 148.8,
    "road_access_score": 1.0,
    "road_density_km_km2": 13.256,
    "robustness_pct": 0.0,
    "runoff_coeff_C": 0.3421,
    "seasonal_cv": 0.4771,
    "segment_id": 6,
    "segment_length_m": 3327.5718,
    "snap_dist_m": 68.6,
    "stream_order": 3,
    "superfund_score": 0.0,
    "tourism_amenity_density": 6.0479,
    "tri_facility_density": 0.22,
    "usgs_mean_q_cfs": 3.345,
    "velocity_feasibility": 0.7,
    "water_intake_score": 0.0
   },
   "type": "Feature"
  },
  {
   "geometry": {
    "coordinates": [
     -80.906878,
     35.196293
    ],
    "type": "Point"
   },
   "properties": {
    "accumulation": 711337.0,
    "bank_slope_deg": 6.77,
    "bank_slope_score": 1.0,
    "beach_dist_km": 305.29,
    "bridge_proximity_bonus": 0.0,
    "catchment_area_km2": 70.9664,
    "channel_width_m": 18.3,
    "channel_width_score": 0.5,
    "composite_score": 47.5846,
    "cso_density": 0.0,
    "dem_lat": 35.196309,
    "dem_lon": -80.906902,
    "ej_index": 0.6326,
    "elevation_m": 181.0345,
    "estuary_dist_km": 441.98,
    "feasibility_score": 31.9048,
    "flood_q10_cfs": 5166.99,
    "flow_score": 66.1077,
    "flow_velocity_ms": 0.083,
    "generation_score": 50.6756,
    "impact_score": 36.8978,
    "impervious_pct": 38.67,
    "land_ownership": 0.5,
    "lat": 35.1963,
    "litter_complaint_density": 0.0,
    "lon": -80.9069,
    "npdes_points": 20,
    "pixel_col": 557.0,
    "pixel_row": 1179.0,
    "population_density": 731.9,
    "position_along": 0.5,
    "protected_area_score": 0.0,
    "rank": 40,
    "river_name": "Irwin Creek",
    "road_access_m": 349.7,
    "road_access_score": 0.8,
    "road_density_km_km2": 6.809,
    "robustness_pct": 0.0,
    "runoff_coeff_C": 0.398,
    "seasonal_cv": 0.2647,
    "segment_id": 58,
    "segment_length_m": 1983.1761,
    "snap_dist_m": 2.9,
    "stream_order": 3,
    "superfund_score": 0.0,
    "tourism_amenity_density": 6.2866,
    "tri_facility_density": 0.3664,
    "usgs_mean_q_cfs": 48.748,
    "velocity_feasibility": 0.7,
    "water_intake_score": 0.0
   },
   "type": "Feature"
  },
  {
   "geometry": {
    "coordinates": [
     -80.737248,
     35.158395
    ],
    "type": "Point"
   },
   "properties": {
    "accumulation": 222930.0,
    "bank_slope_deg": 6.91,
    "bank_slope_score": 1.0,
    "beach_dist_km": 289.37,
    "bridge_proximity_bonus": 0.0,
    "catchment_area_km2": 22.2406,
    "channel_width_m": 11.3,
    "channel_width_score": 1.0,
    "composite_score": 46.9878,
    "cso_density": 0.0,
    "dem_lat": 35.158413,
    "dem_lon": -80.737285,
    "ej_index": 0.6206,
    "elevation_m": 174.97,
    "estuary_dist_km": 426.53,
    "feasibility_score": 58.5714,
    "flood_q10_cfs": 2312.94,
    "flow_score": 33.921,
    "flow_velocity_ms": 0.0545,
    "generation_score": 30.8183,
    "impact_score": 68.2543,
    "impervious_pct": 27.01,
    "land_ownership": 0.5,
    "lat": 35.1584,
    "litter_complaint_density": 0.0,
    "lon": -80.7373,
    "npdes_points": 0,
    "pixel_col": 2105.0,
    "pixel_row": 1597.0,
    "population_density": 1440.6,
    "position_along": 0.5,
    "protected_area_score": 0.0,
    "rank": 41,
    "river_name": "McAlpine Creek",
    "road_access_m": 216.6,
    "road_access_score": 0.8,
    "road_density_km_km2": 4.375,
    "robustness_pct": 0.0,
    "runoff_coeff_C": 0.2931,
    "seasonal_cv": 0.4959,
    "segment_id": 75,
    "segment_length_m": 591.1411,
    "snap_dist_m": 3.9,
    "stream_order": 3,
    "superfund_score": 0.0,
    "tourism_amenity_density": 3.6606,
    "tri_facility_density": 0.0,
    "usgs_mean_q_cfs": 19.864,
    "velocity_feasibility": 0.7,
    "water_intake_score": 0.0
   },
   "type": "Feature"
  },
  {
   "geometry": {
    "coordinates": [
     -80.874926,
     35.231213
    ],
    "type": "Point"
   },
   "properties": {
    "accumulation": 34359.0,
    "bank_slope_deg": 6.27,
    "bank_slope_score": 1.0,
    "beach_dist_km": 303.94,
    "bridge_proximity_bonus": 0.0,
    "catchment_area_km2": 3.4278,
    "channel_width_m": 5.2,
    "channel_width_score": 1.0,
    "composite_score": 46.9732,
    "cso_density": 0.0,
    "ej_index": 0.5506,
    "elevation_m": 196.3267,
    "estuary_dist_km": 439.14,
    "feasibility_score": 75.2381,
    "flood_q10_cfs": 1047.06,
    "flow_score": 24.8955,
    "flow_velocity_ms": 0.113,
    "generation_score": 57.1355,
    "impact_score": 41.0766,
    "impervious_pct": 45.7,
    "land_ownership": 0.5,
    "lat": 35.2312,
    "litter_complaint_density": 0.0,
    "lon": -80.8749,
    "npdes_points": 0,
    "pixel_col": 851.0,
    "pixel_row": 791.0,
    "population_density": 1066.3,
    "position_along": 0.5,
    "protected_area_score": 0.0,
    "rank": 42,
    "river_name": "Stewart Creek",
    "road_access_m": 121.4,
    "road_access_score": 1.0,
    "road_density_km_km2": 10.6,
    "robustness_pct": 0.0,
    "runoff_coeff_C": 0.4613,
    "seasonal_cv": 0.4631,
    "segment_id": 37,
    "segment_length_m": 1356.9292,
    "stream_order": 3,
    "superfund_score": 0.0,
    "tourism_amenity_density": 17.507,
    "tri_facility_density": 0.8752,
    "usgs_mean_q_cfs": 1.655,
    "velocity_feasibility": 0.7,
    "water_intake_score": 0.0
   },
   "type": "Feature"
  },
  {
   "geometry": {
    "coordinates": [
     -80.773673,
     35.231697
    ],
    "type": "Point"
   },
   "properties": {
    "accumulation": 20601.0,
    "bank_slope_deg": 2.08,
    "bank_slope_score": 1.0,
    "beach_dist_km": 295.4,
    "bridge_proximity_bonus": 0.0,
    "catchment_area_km2": 2.0553,
    "channel_width_m": 4.21,
    "channel_width_score": 1.0,
    "composite_score": 46.8822,
    "cso_density": 0.0,
    "ej_index": 0.7141,
    "elevation_m": 208.3921,
    "estuary_dist_km": 429.95,
    "feasibility_score": 75.2381,
    "flood_q10_cfs": 486.61,
    "flow_score": 21.4703,
    "flow_velocity_ms": 0.123,
    "generation_score": 36.6293,
    "impact_score": 64.1338,
    "impervious_pct": 23.94,
    "land_ownership": 0.5,
    "lat": 35.2317,
    "litter_complaint_density": 0.0,
    "lon": -80.7737,
    "npdes_points": 0,
    "pixel_col": 1769.0,
    "pixel_row": 781.0,
    "population_density": 1882.8,
    "position_along": 0.5,
    "protected_area_score": 0.0,
    "rank": 43,
    "river_name": "Briar Creek",
    "road_access_m": 102.8,
    "road_access_score": 1.0,
    "road_density_km_km2": 7.542,
    "robustness_pct": 0.0,
    "runoff_coeff_C": 0.2655,
    "seasonal_cv": 0.4409,
    "segment_id": 40,
    "segment_length_m": 483.9881,
    "stream_order": 3,
    "superfund_score": 0.0,
    "tourism_amenity_density": 8.9923,
    "tri_facility_density": 0.0,
    "usgs_mean_q_cfs": 1.074,
    "velocity_feasibility": 0.7,
    "water_intake_score": 0.0
   },
   "type": "Feature"
  },
  {
   "geometry": {
    "coordinates": [
     -80.845152,
     35.185324
    ],
    "type": "Point"
   },
   "properties": {
    "accumulation": 177942.0,
    "bank_slope_deg": 5.9,
    "bank_slope_score": 1.0,
    "beach_dist_km": 299.61,
    "bridge_proximity_bonus": 0.0,
    "catchment_area_km2": 17.7523,
    "channel_width_m": 10.29,
    "channel_width_score": 1.0,
    "composite_score": 46.4796,
    "cso_density": 0.0,
    "dem_lat": 35.185328,
    "dem_lon": -80.845175,
    "ej_index": 0.2023,
    "elevation_m": 185.9951,
    "estuary_dist_km": 436.36,
    "feasibility_score": 75.2381,
    "flood_q10_cfs": 2703.48,
    "flow_score": 38.4252,
    "flow_velocity_ms": 0.199,
    "generation_score": 48.4657,
    "impact_score": 36.8262,
    "impervious_pct": 47.34,
    "land_ownership": 0.5,
    "lat": 35.1853,
    "litter_complaint_density": 0.0,
    "lon": -80.8452,
    "npdes_points": 1,
    "pixel_col": 1119.0,
    "pixel_row": 1301.0,
    "population_density": 1641.4,
    "position_along": 0.1667,
    "protected_area_score": 0.0,
    "rank": 44,
    "river_name": "Little Sugar Creek",
    "road_access_m": 107.0,
    "road_access_score": 1.0,
    "road_density_km_km2": 9.818,
    "robustness_pct": 0.0,
    "runoff_coeff_C": 0.4761,
    "seasonal_cv": 0.5226,
    "segment_id": 56,
    "segment_length_m": 4728.1753,
    "snap_dist_m": 2.1,
    "stream_order": 3,
    "superfund_score": 0.0,
    "tourism_amenity_density": 29.0458,
    "tri_facility_density": 0.0,
    "usgs_mean_q_cfs": 17.335,
    "velocity_feasibility": 0.7,
    "water_intake_score": 0.0
   },
   "type": "Feature"
  },
  {
   "geometry": {
    "coordinates": [
     -80.846558,
     35.172612
    ],
    "type": "Point"
   },
   "properties": {
    "accumulation": 209512.0,
    "bank_slope_deg": 12.96,
    "bank_slope_score": 1.0,
    "beach_dist_km": 299.23,
    "bridge_proximity_bonus": 0.2,
    "catchment_area_km2": 20.9019,
    "channel_width_m": 11.02,
    "channel_width_score": 1.0,
    "composite_score": 46.2783,
    "cso_density": 0.0,
    "dem_lat": 35.172607,
    "dem_lon": -80.846506,
    "ej_index": 0.2184,
    "elevation_m": 183.4067,
    "estuary_dist_km": 436.47,
    "feasibility_score": 88.5714,
    "flood_q10_cfs": 2959.45,
    "flow_score": 35.9193,
    "flow_velocity_ms": 0.0525,
    "generation_score": 45.1951,
    "impact_score": 34.8474,
    "impervious_pct": 47.34,
    "land_ownership": 0.5,
    "lat": 35.1726,
    "litter_complaint_density": 0.0,
    "lon": -80.8465,
    "npdes_points": 1,
    "pixel_col": 1109.0,
    "pixel_row": 1442.0,
    "population_density": 1422.7,
    "position_along": 0.5,
    "protected_area_score": 0.0,
    "rank": 45,
    "river_name": "Little Sugar Creek",
    "road_access_m": 28.0,
    "road_access_score": 1.0,
    "road_density_km_km2": 8.674,
    "robustness_pct": 0.0,
    "runoff_coeff_C": 0.4761,
    "seasonal_cv": 0.5226,
    "segment_id": 56,
    "segment_length_m": 4728.1753,
    "snap_dist_m": 4.8,
    "stream_order": 3,
    "superfund_score": 0.0,
    "tourism_amenity_density": 18.5416,
    "tri_facility_density": 0.0,
    "usgs_mean_q_cfs": 17.335,
    "velocity_feasibility": 0.7,
    "water_intake_score": 0.0
   },
   "type": "Feature"
  },
  {
   "geometry": {
    "coordinates": [
     -80.788278,
     35.261331
    ],
    "type": "Point"
   },
   "properties": {
    "accumulation": 30794.0,
    "bank_slope_deg": 1.78,
    "bank_slope_score": 1.0,
    "beach_dist_km": 297.86,
    "bridge_proximity_bonus": 0.0,
    "catchment_area_km2": 3.0722,
    "channel_width_m": 4.97,
    "channel_width_score": 1.0,
    "composite_score": 45.9868,
    "cso_density": 0.0,
    "dem_lat": 35.261264,
    "dem_lon": -80.788266,
    "ej_index": 0.8927,
    "elevation_m": 215.5574,
    "estuary_dist_km": 431.36,
    "feasibility_score": 60.0,
    "flood_q10_cfs": 891.56,
    "flow_score": 23.0549,
    "flow_velocity_ms": 0.0357,
    "generation_score": 36.9775,
    "impact_score": 67.0995,
    "impervious_pct": 41.23,
    "land_ownership": 0.5,
    "lat": 35.2613,
    "litter_complaint_density": 0.0,
    "lon": -80.7883,
    "npdes_points": 1,
    "pixel_col": 1635.0,
    "pixel_row": 454.0,
    "population_density": 947.2,
    "position_along": 0.25,
    "protected_area_score": 0.0,
    "rank": 46,
    "river_name": "Little Sugar Creek",
    "road_access_m": 40.0,
    "road_access_score": 1.0,
    "road_density_km_km2": 8.452,
    "robustness_pct": 0.0,
    "runoff_coeff_C": 0.4211,
    "seasonal_cv": 0.4696,
    "segment_id": 21,
    "segment_length_m": 3783.8465,
    "snap_dist_m": 7.5,
    "stream_order": 3,
    "superfund_score": 0.0,
    "tourism_amenity_density": 6.6845,
    "tri_facility_density": 0.0,
    "usgs_mean_q_cfs": 4.021,
    "velocity_feasibility": 0.3,
    "water_intake_score": 0.0
   },
   "type": "Feature"
  },
  {
   "geometry": {
    "coordinates": [
     -80.853692,
     35.154639
    ],
    "type": "Point"
   },
   "properties": {
    "accumulation": 845690.0,
    "bank_slope_deg": 9.88,
    "bank_slope_score": 1.0,
    "beach_dist_km": 299.17,
    "bridge_proximity_bonus": 0.0,
    "catchment_area_km2": 84.37,
    "channel_width_m": 19.66,
    "channel_width_score": 0.5,
    "composite_score": 45.5514,
    "cso_density": 0.0,
    "dem_lat": 35.154668,
    "dem_lon": -80.853736,
    "ej_index": 0.3809,
    "elevation_m": 173.5232,
    "estuary_dist_km": 437.12,
    "feasibility_score": 31.9048,
    "flood_q10_cfs": 5538.54,
    "flow_score": 70.303,
    "flow_velocity_ms": 0.0815,
    "generation_score": 39.6283,
    "impact_score": 37.6715,
    "impervious_pct": 36.76,
    "land_ownership": 0.5,
    "lat": 35.1547,
    "litter_complaint_density": 0.0,
    "lon": -80.8537,
    "npdes_points": 5,
    "pixel_col": 1042.0,
    "pixel_row": 1641.0,
    "population_density": 1276.4,
    "position_along": 0.5,
    "protected_area_score": 0.0,
    "rank": 47,
    "river_name": "Little Sugar Creek",
    "road_access_m": 284.9,
    "road_access_score": 0.8,
    "road_density_km_km2": 4.758,
    "robustness_pct": 0.0,
    "runoff_coeff_C": 0.3808,
    "seasonal_cv": 0.3677,
    "segment_id": 73,
    "segment_length_m": 645.9293,
    "snap_dist_m": 5.1,
    "stream_order": 3,
    "superfund_score": 0.0,
    "tourism_amenity_density": 6.5254,
    "tri_facility_density": 0.1185,
    "usgs_mean_q_cfs": 57.368,
    "velocity_feasibility": 0.7,
    "water_intake_score": 0.0
   },
   "type": "Feature"
  },
  {
   "geometry": {
    "coordinates": [
     -80.865065,
     35.253929
    ],
    "type": "Point"
   },
   "properties": {
    "accumulation": 136417.0,
    "bank_slope_deg": 4.15,
    "bank_slope_score": 1.0,
    "beach_dist_km": 303.97,
    "bridge_proximity_bonus": 0.0,
    "catchment_area_km2": 13.6096,
    "channel_width_m": 9.22,
    "channel_width_score": 1.0,
    "composite_score": 45.5216,
    "cso_density": 0.0,
    "dem_lat": 35.253858,
    "dem_lon": -80.864469,
    "ej_index": 0.8289,
    "elevation_m": 203.0236,
    "estuary_dist_km": 438.26,
    "feasibility_score": 60.0,
    "flood_q10_cfs": 1938.01,
    "flow_score": 27.4262,
    "flow_velocity_ms": 0.0479,
    "generation_score": 45.9414,
    "impact_score": 52.942,
    "impervious_pct": 33.9,
    "land_ownership": 0.5,
    "lat": 35.2539,
    "litter_complaint_density": 0.0,
    "lon": -80.8645,
    "npdes_points": 0,
    "pixel_col": 945.0,
    "pixel_row": 540.0,
    "population_density": 1028.3,
    "position_along": 0.5,
    "protected_area_score": 0.0,
    "rank": 48,
    "river_name": "Stewart Creek",
    "road_access_m": 51.8,
    "road_access_score": 1.0,
    "road_density_km_km2": 12.331,
    "robustness_pct": 0.0,
    "runoff_coeff_C": 0.3551,
    "seasonal_cv": 0.4989,
    "segment_id": 15,
    "segment_length_m": 2146.1212,
    "snap_dist_m": 54.8,
    "stream_order": 3,
    "superfund_score": 0.0,
    "tourism_amenity_density": 14.5627,
    "tri_facility_density": 0.5143,
    "usgs_mean_q_cfs": 7.014,
    "velocity_feasibility": 0.3,
    "water_intake_score": 0.0
   },
   "type": "Feature"
  },
  {
   "geometry": {
    "coordinates": [
     -80.8148,
     35.189462
    ],
    "type": "Point"
   },
   "properties": {
    "accumulation": 404212.0,
    "bank_slope_deg": 0.18,
    "bank_slope_score": 1.0,
    "beach_dist_km": 297.08,
    "bridge_proximity_bonus": 0.0,
    "catchment_area_km2": 40.3261,
    "channel_width_m": 14.47,
    "channel_width_score": 1.0,
    "composite_score": 45.1783,
    "cso_density": 0.0,
    "dem_lat": 35.189217,
    "dem_lon": -80.813717,
    "ej_index": 0.2762,
    "elevation_m": 189.489,
    "estuary_dist_km": 433.51,
    "feasibility_score": 58.5714,
    "flood_q10_cfs": 3324.41,
    "flow_score": 40.8011,
    "flow_velocity_ms": 0.0611,
    "generation_score": 41.3963,
    "impact_score": 45.9115,
    "impervious_pct": 29.41,
    "land_ownership": 0.5,
    "lat": 35.1892,
    "litter_complaint_density": 0.0,
    "lon": -80.8137,
    "npdes_points": 6,
    "pixel_col": 1407.0,
    "pixel_row": 1257.0,
    "population_density": 1452.6,
    "position_along": 0.375,
    "protected_area_score": 0.0,
    "rank": 49,
    "river_name": "Briar Creek",
    "road_access_m": 207.8,
    "road_access_score": 0.8,
    "road_density_km_km2": 10.113,
    "robustness_pct": 0.0,
    "runoff_coeff_C": 0.3147,
    "seasonal_cv": 0.5245,
    "segment_id": 52,
    "segment_length_m": 6828.0264,
    "snap_dist_m": 102.2,
    "stream_order": 3,
    "superfund_score": 0.0,
    "tourism_amenity_density": 30.319,
    "tri_facility_density": 0.0248,
    "usgs_mean_q_cfs": 23.618,
    "velocity_feasibility": 0.7,
    "water_intake_score": 0.0
   },
   "type": "Feature"
  },
  {
   "geometry": {
    "coordinates": [
     -80.918555,
     35.172408
    ],
    "type": "Point"
   },
   "properties": {
    "accumulation": 951039.0,
    "bank_slope_deg": 8.59,
    "bank_slope_score": 1.0,
    "beach_dist_km": 305.38,
    "bridge_proximity_bonus": 0.0,
    "catchment_area_km2": 94.8802,
    "channel_width_m": 20.64,
    "channel_width_score": 0.5,
    "composite_score": 44.7896,
    "cso_density": 0.0,
    "dem_lat": 35.172404,
    "dem_lon": -80.918571,
    "ej_index": 0.6078,
    "elevation_m": 175.5886,
    "estuary_dist_km": 443.02,
    "feasibility_score": 15.2381,
    "flood_q10_cfs": 6006.16,
    "flow_score": 75.84,
    "flow_velocity_ms": 0.0831,
    "generation_score": 44.2232,
    "impact_score": 34.2564,
    "impervious_pct": 37.92,
    "land_ownership": 0.5,
    "lat": 35.1724,
    "litter_complaint_density": 0.0,
    "lon": -80.9186,
    "npdes_points": 18,
    "pixel_col": 453.0,
    "pixel_row": 1445.0,
    "population_density": 789.1,
    "position_along": 0.75,
    "protected_area_score": 0.0,
    "rank": 50,
    "river_name": "Sugar Creek",
    "road_access_m": 705.5,
    "road_access_score": 0.6,
    "road_density_km_km2": 4.185,
    "robustness_pct": 1.5,
    "runoff_coeff_C": 0.3913,
    "seasonal_cv": 0.3277,
    "segment_id": 59,
    "segment_length_m": 4105.0618,
    "snap_dist_m": 1.5,
    "stream_order": 3,
    "superfund_score": 0.0,
    "tourism_amenity_density": 5.1725,
    "tri_facility_density": 0.1897,
    "usgs_mean_q_cfs": 61.83,
    "velocity_feasibility": 0.7,
    "water_intake_score": 0.0
   },
   "type": "Feature"
  },
  {
   "geometry": {
    "coordinates": [
     -80.833448,
     35.264888
    ],
    "type": "Point"
   },
   "properties": {
    "accumulation": 106975.0,
    "bank_slope_deg": 6.61,
    "bank_slope_score": 1.0,
    "beach_dist_km": 301.81,
    "bridge_proximity_bonus": 0.0,
    "catchment_area_km2": 10.6723,
    "channel_width_m": 8.33,
    "channel_width_score": 1.0,
    "composite_score": 44.6859,
    "cso_density": 0.0,
    "dem_lat": 35.264926,
    "dem_lon": -80.833497,
    "ej_index": 0.86,
    "elevation_m": 202.8008,
    "estuary_dist_km": 435.48,
    "feasibility_score": 58.5714,
    "flood_q10_cfs": 1631.82,
    "flow_score": 28.1549,
    "flow_velocity_ms": 0.1217,
    "generation_score": 38.9379,
    "impact_score": 57.267,
    "impervious_pct": 31.2,
    "land_ownership": 0.5,
    "lat": 35.2649,
    "litter_complaint_density": 0.0,
    "lon": -80.8335,
    "npdes_points": 2,
    "pixel_col": 1225.0,
    "pixel_row": 417.0,
    "population_density": 780.9,
    "position_along": 0.75,
    "protected_area_score": 0.0,
    "rank": 51,
    "river_name": "Irwin Creek",
    "road_access_m": 279.8,
    "road_access_score": 0.8,
    "road_density_km_km2": 10.15,
    "robustness_pct": 0.0,
    "runoff_coeff_C": 0.3308,
    "seasonal_cv": 0.4774,
    "segment_id": 9,
    "segment_length_m": 3564.8153,
    "snap_dist_m": 6.1,
    "stream_order": 3,
    "superfund_score": 0.0,
    "tourism_amenity_density": 6.5254,
    "tri_facility_density": 0.3748,
    "usgs_mean_q_cfs": 7.679,
    "velocity_feasibility": 0.7,
    "water_intake_score": 0.0
   },
   "type": "Feature"
  },
  {
   "geometry": {
    "coordinates": [
     -80.889192,
     35.208201
    ],
    "type": "Point"
   },
   "properties": {
    "accumulation": 30761.0,
    "bank_slope_deg": 5.27,
    "bank_slope_score": 1.0,
    "beach_dist_km": 304.24,
    "bridge_proximity_bonus": 0.0,
    "catchment_area_km2": 3.0689,
    "channel_width_m": 4.97,
    "channel_width_score": 1.0,
    "composite_score": 44.1948,
    "cso_density": 0.0,
    "dem_lat": 35.208594,
    "dem_lon": -80.889048,
    "ej_index": 0.9173,
    "elevation_m": 185.4783,
    "estuary_dist_km": 440.38,
    "feasibility_score": 86.6667,
    "flood_q10_cfs": 432.96,
    "flow_score": 40.4619,
    "flow_velocity_ms": 0.5,
    "generation_score": 17.0994,
    "impact_score": 53.1651,
    "impervious_pct": null,
    "land_ownership": 0.5,
    "lat": 35.2086,
    "litter_complaint_density": 0.0,
    "lon": -80.889,
    "npdes_points": 1,
    "pixel_col": 719.0,
    "pixel_row": 1043.0,
    "population_density": 1070.0,
    "position_along": 0.5,
    "protected_area_score": 0.0,
    "rank": 52,
    "river_name": "Irwin Creek",
    "road_access_m": 100.4,
    "road_access_score": 1.0,
    "road_density_km_km2": 7.913,
    "robustness_pct": 0.0,
    "runoff_coeff_C": null,
    "seasonal_cv": null,
    "segment_id": 49,
    "segment_length_m": 104.7294,
    "snap_dist_m": 45.5,
    "stream_order": 3,
    "superfund_score": 0.0,
    "tourism_amenity_density": 11.7775,
    "tri_facility_density": 0.0,
    "usgs_mean_q_cfs": null,
    "velocity_feasibility": 1.0,
    "water_intake_score": 0.0
   },
   "type": "Feature"
  },
  {
   "geometry": {
    "coordinates": [
     -80.744624,
     35.290666
    ],
    "type": "Point"
   },
   "properties": {
    "accumulation": 66607.0,
    "bank_slope_deg": 0.27,
    "bank_slope_score": 1.0,
    "beach_dist_km": 295.49,
    "bridge_proximity_bonus": 0.0,
    "catchment_area_km2": 6.645,
    "channel_width_m": 6.85,
    "channel_width_score": 1.0,
    "composite_score": 43.8155,
    "cso_density": 0.0,
    "dem_lat": 35.2908,
    "dem_lon": -80.744907,
    "ej_index": 0.6906,
    "elevation_m": 188.4112,
    "estuary_dist_km": 427.55,
    "feasibility_score": 75.2381,
    "flood_q10_cfs": 1305.5,
    "flow_score": 11.386,
    "flow_velocity_ms": 0.096,
    "generation_score": 34.5552,
    "impact_score": 64.3892,
    "impervious_pct": 29.8,
    "land_ownership": 0.5,
    "lat": 35.2908,
    "litter_complaint_density": 0.0,
    "lon": -80.7449,
    "npdes_points": 2,
    "pixel_col": 2033.0,
    "pixel_row": 124.0,
    "population_density": 953.0,
    "position_along": 0.75,
    "protected_area_score": 0.0,
    "rank": 53,
    "river_name": "Toby Creek",
    "road_access_m": 138.8,
    "road_access_score": 1.0,
    "road_density_km_km2": 8.4,
    "robustness_pct": 0.0,
    "runoff_coeff_C": 0.3182,
    "seasonal_cv": 0.4717,
    "segment_id": 17,
    "segment_length_m": 3610.3756,
    "snap_dist_m": 29.7,
    "stream_order": 1,
    "superfund_score": 0.0,
    "tourism_amenity_density": 3.581,
    "tri_facility_density": 0.1505,
    "usgs_mean_q_cfs": 5.977,
    "velocity_feasibility": 0.7,
    "water_intake_score": 0.0
   },
   "type": "Feature"
  },
  {
   "geometry": {
    "coordinates": [
     -80.824961,
     35.277124
    ],
    "type": "Point"
   },
   "properties": {
    "accumulation": 72136.0,
    "bank_slope_deg": 3.36,
    "bank_slope_score": 1.0,
    "beach_dist_km": 301.55,
    "bridge_proximity_bonus": 0.0,
    "catchment_area_km2": 7.1966,
    "channel_width_m": 7.08,
    "channel_width_score": 1.0,
    "composite_score": 43.6676,
    "cso_density": 0.0,
    "dem_lat": 35.276919,
    "dem_lon": -80.824434,
    "ej_index": 0.8556,
    "elevation_m": 217.3547,
    "estuary_dist_km": 434.7,
    "feasibility_score": 75.2381,
    "flood_q10_cfs": 1420.75,
    "flow_score": 28.004,
    "flow_velocity_ms": 0.1592,
    "generation_score": 27.9174,
    "impact_score": 56.6857,
    "impervious_pct": 31.2,
    "land_ownership": 0.5,
    "lat": 35.2769,
    "litter_complaint_density": 0.0,
    "lon": -80.8244,
    "npdes_points": 1,
    "pixel_col": 1307.0,
    "pixel_row": 283.0,
    "population_density": 605.2,
    "position_along": 0.25,
    "protected_area_score": 0.0,
    "rank": 54,
    "river_name": "Irwin Creek",
    "road_access_m": 181.4,
    "road_access_score": 1.0,
    "road_density_km_km2": 7.921,
    "robustness_pct": 0.0,
    "runoff_coeff_C": 0.3308,
    "seasonal_cv": 0.4774,
    "segment_id": 9,
    "segment_length_m": 3564.8153,
    "snap_dist_m": 53.0,
    "stream_order": 3,
    "superfund_score": 0.0,
    "tourism_amenity_density": 0.8754,
    "tri_facility_density": 0.0,
    "usgs_mean_q_cfs": 7.679,
    "velocity_feasibility": 0.7,
    "water_intake_score": 0.0
   },
   "type": "Feature"
  },
  {
   "geometry": {
    "coordinates": [
     -80.847733,
     35.162146
    ],
    "type": "Point"
   },
   "properties": {
    "accumulation": 218544.0,
    "bank_slope_deg": 7.73,
    "bank_slope_score": 1.0,
    "beach_dist_km": 298.94,
    "bridge_proximity_bonus": 0.0,
    "catchment_area_km2": 21.803,
    "channel_width_m": 11.21,
    "channel_width_score": 1.0,
    "composite_score": 43.6655,
    "cso_density": 0.0,
    "dem_lat": 35.162167,
    "dem_lon": -80.847762,
    "ej_index": 0.2377,
    "elevation_m": 176.5935,
    "estuary_dist_km": 436.58,
    "feasibility_score": 75.2381,
    "flood_q10_cfs": 3029.45,
    "flow_score": 36.26,
    "flow_velocity_ms": 0.053,
    "generation_score": 43.4462,
    "impact_score": 34.2697,
    "impervious_pct": 47.34,
    "land_ownership": 0.5,
    "lat": 35.1622,
    "litter_complaint_density": 0.0,
    "lon": -80.8478,
    "npdes_points": 1,
    "pixel_col": 1097.0,
    "pixel_row": 1558.0,
    "population_density": 1333.4,
    "position_along": 0.8333,
    "protected_area_score": 0.0,
    "rank": 55,
    "river_name": "Little Sugar Creek",
    "road_access_m": 146.4,
    "road_access_score": 1.0,
    "road_density_km_km2": 6.792,
    "robustness_pct": 0.0,
    "runoff_coeff_C": 0.4761,
    "seasonal_cv": 0.5226,
    "segment_id": 56,
    "segment_length_m": 4728.1753,
    "snap_dist_m": 3.5,
    "stream_order": 3,
    "superfund_score": 0.0,
    "tourism_amenity_density": 12.9711,
    "tri_facility_density": 0.0459,
    "usgs_mean_q_cfs": 17.335,
    "velocity_feasibility": 0.7,
    "water_intake_score": 0.0
   },
   "type": "Feature"
  },
  {
   "geometry": {
    "coordinates": [
     -80.827983,
     35.180571
    ],
    "type": "Point"
   },
   "properties": {
    "accumulation": 461394.0,
    "bank_slope_deg": 5.15,
    "bank_slope_score": 1.0,
    "beach_dist_km": 297.96,
    "bridge_proximity_bonus": 0.0,
    "catchment_area_km2": 46.0309,
    "channel_width_m": 15.29,
    "channel_width_score": 0.5,
    "composite_score": 43.4924,
    "cso_density": 0.0,
    "dem_lat": 35.180594,
    "dem_lon": -80.827994,
    "ej_index": 0.2429,
    "elevation_m": 187.1786,
    "estuary_dist_km": 434.79,
    "feasibility_score": 48.5714,
    "flood_q10_cfs": 3577.19,
    "flow_score": 42.4791,
    "flow_velocity_ms": 0.0629,
    "generation_score": 39.9611,
    "impact_score": 45.3286,
    "impervious_pct": 29.41,
    "land_ownership": 0.5,
    "lat": 35.1806,
    "litter_complaint_density": 0.0,
    "lon": -80.828,
    "npdes_points": 6,
    "pixel_col": 1276.0,
    "pixel_row": 1353.0,
    "population_density": 1428.4,
    "position_along": 0.625,
    "protected_area_score": 0.0,
    "rank": 56,
    "river_name": "Brier Creek",
    "road_access_m": 52.9,
    "road_access_score": 1.0,
    "road_density_km_km2": 9.252,
    "robustness_pct": 0.0,
    "runoff_coeff_C": 0.3147,
    "seasonal_cv": 0.5245,
    "segment_id": 52,
    "segment_length_m": 6828.0264,
    "snap_dist_m": 2.8,
    "stream_order": 3,
    "superfund_score": 0.0,
    "tourism_amenity_density": 41.6986,
    "tri_facility_density": 0.0,
    "usgs_mean_q_cfs": 23.618,
    "velocity_feasibility": 0.7,
    "water_intake_score": 0.0
   },
   "type": "Feature"
  },
  {
   "geometry": {
    "coordinates": [
     -80.819207,
     35.28669
    ],
    "type": "Point"
   },
   "properties": {
    "accumulation": 30755.0,
    "bank_slope_deg": 4.36,
    "bank_slope_score": 1.0,
    "beach_dist_km": 301.52,
    "bridge_proximity_bonus": 0.0,
    "catchment_area_km2": 3.0683,
    "channel_width_m": 4.97,
    "channel_width_score": 1.0,
    "composite_score": 43.1614,
    "cso_density": 0.0,
    "dem_lat": 35.286674,
    "dem_lon": -80.81916,
    "ej_index": 0.8345,
    "elevation_m": 216.8847,
    "estuary_dist_km": 434.26,
    "feasibility_score": 75.2381,
    "flood_q10_cfs": 747.32,
    "flow_score": 24.4522,
    "flow_velocity_ms": 0.113,
    "generation_score": 29.5334,
    "impact_score": 56.3422,
    "impervious_pct": 31.2,
    "land_ownership": 0.5,
    "lat": 35.2867,
    "litter_complaint_density": 0.0,
    "lon": -80.8192,
    "npdes_points": 0,
    "pixel_col": 1355.0,
    "pixel_row": 175.0,
    "population_density": 838.2,
    "position_along": 0.5,
    "protected_area_score": 0.0,
    "rank": 57,
    "river_name": "Irwin Creek",
    "road_access_m": 165.0,
    "road_access_score": 1.0,
    "road_density_km_km2": 7.721,
    "robustness_pct": 0.0,
    "runoff_coeff_C": 0.3308,
    "seasonal_cv": 0.4774,
    "segment_id": 4,
    "segment_length_m": 1026.1919,
    "snap_dist_m": 4.6,
    "stream_order": 3,
    "superfund_score": 0.0,
    "tourism_amenity_density": 0.8754,
    "tri_facility_density": 0.0,
    "usgs_mean_q_cfs": 7.679,
    "velocity_feasibility": 0.7,
    "water_intake_score": 0.0
   },
   "type": "Feature"
  },
  {
   "geometry": {
    "coordinates": [
     -80.856297,
     35.174431
    ],
    "type": "Point"
   },
   "properties": {
    "accumulation": 25706.0,
    "bank_slope_deg": 1.2,
    "bank_slope_score": 1.0,
    "beach_dist_km": 300.12,
    "bridge_proximity_bonus": 0.0,
    "catchment_area_km2": 2.5646,
    "channel_width_m": 4.61,
    "channel_width_score": 1.0,
    "composite_score": 42.7461,
    "cso_density": 0.0,
    "dem_lat": 35.174461,
    "dem_lon": -80.856155,
    "ej_index": 0.3653,
    "elevation_m": 189.9717,
    "estuary_dist_km": 437.35,
    "feasibility_score": 75.2381,
    "flood_q10_cfs": 687.32,
    "flow_score": 27.0882,
    "flow_velocity_ms": 0.1158,
    "generation_score": 44.7158,
    "impact_score": 37.5787,
    "impervious_pct": 34.14,
    "land_ownership": 0.5,
    "lat": 35.1745,
    "litter_complaint_density": 0.0,
    "lon": -80.8562,
    "npdes_points": 0,
    "pixel_col": 1021.0,
    "pixel_row": 1421.0,
    "population_density": 1884.7,
    "position_along": 0.5,
    "protected_area_score": 0.0,
    "rank": 58,
    "river_name": "Little Hope Creek",
    "road_access_m": 84.6,
    "road_access_score": 1.0,
    "road_density_km_km2": 10.949,
    "robustness_pct": 0.0,
    "runoff_coeff_C": 0.3573,
    "seasonal_cv": 0.2863,
    "segment_id": 60,
    "segment_length_m": 1869.0465,
    "snap_dist_m": 13.4,
    "stream_order": 3,
    "superfund_score": 0.0,
    "tourism_amenity_density": 12.7324,
    "tri_facility_density": 0.0,
    "usgs_mean_q_cfs": 4.439,
    "velocity_feasibility": 0.7,
    "water_intake_score": 0.0
   },
   "type": "Feature"
  },
  {
   "geometry": {
    "coordinates": [
     -80.892823,
     35.200068
    ],
    "type": "Point"
   },
   "properties": {
    "accumulation": 23693.0,
    "bank_slope_deg": 5.3,
    "bank_slope_score": 1.0,
    "beach_dist_km": 304.24,
    "bridge_proximity_bonus": 0.0,
    "catchment_area_km2": 2.3637,
    "channel_width_m": 4.46,
    "channel_width_score": 1.0,
    "composite_score": 42.7432,
    "cso_density": 0.0,
    "ej_index": 0.893,
    "elevation_m": 189.6236,
    "estuary_dist_km": 440.71,
    "feasibility_score": 86.6667,
    "flood_q10_cfs": 355.64,
    "flow_score": 40.1495,
    "flow_velocity_ms": 0.5,
    "generation_score": 14.4479,
    "impact_score": 51.2384,
    "impervious_pct": null,
    "land_ownership": 0.5,
    "lat": 35.2001,
    "litter_complaint_density": 0.0,
    "lon": -80.8928,
    "npdes_points": 1,
    "pixel_col": 684.0,
    "pixel_row": 1135.0,
    "population_density": 826.3,
    "position_along": 0.5,
    "protected_area_score": 0.0,
    "rank": 59,
    "river_name": "Irwin Creek",
    "road_access_m": 56.6,
    "road_access_score": 1.0,
    "road_density_km_km2": 7.786,
    "robustness_pct": 0.0,
    "runoff_coeff_C": null,
    "seasonal_cv": null,
    "segment_id": 57,
    "segment_length_m": 1119.5134,
    "stream_order": 3,
    "superfund_score": 0.0,
    "tourism_amenity_density": 9.8676,
    "tri_facility_density": 0.0,
    "usgs_mean_q_cfs": null,
    "velocity_feasibility": 1.0,
    "water_intake_score": 0.0
   },
   "type": "Feature"
  },
  {
   "geometry": {
    "coordinates": [
     -80.792663,
     35.164613
    ],
    "type": "Point"
   },
   "properties": {
    "accumulation": 97044.0,
    "bank_slope_deg": 1.12,
    "bank_slope_score": 1.0,
    "beach_dist_km": 294.3,
    "bridge_proximity_bonus": 0.2,
    "catchment_area_km2": 9.6816,
    "channel_width_m": 8.0,
    "channel_width_score": 1.0,
    "composite_score": 42.6903,
    "cso_density": 0.0,
    "dem_lat": 35.164433,
    "dem_lon": -80.792427,
    "ej_index": 0.1825,
    "elevation_m": 199.6313,
    "estuary_dist_km": 431.55,
    "feasibility_score": 88.5714,
    "flood_q10_cfs": 1396.42,
    "flow_score": 31.3015,
    "flow_velocity_ms": 0.14,
    "generation_score": 29.8654,
    "impact_score": 42.0655,
    "impervious_pct": 23.83,
    "land_ownership": 0.5,
    "lat": 35.1644,
    "litter_complaint_density": 0.0,
    "lon": -80.7924,
    "npdes_points": 1,
    "pixel_col": 1604.0,
    "pixel_row": 1532.0,
    "population_density": 1141.0,
    "position_along": 0.25,
    "protected_area_score": 0.0,
    "rank": 60,
    "river_name": "McMullen Creek",
    "road_access_m": 48.5,
    "road_access_score": 1.0,
    "road_density_km_km2": 7.989,
    "robustness_pct": 0.0,
    "runoff_coeff_C": 0.2645,
    "seasonal_cv": 0.3629,
    "segment_id": 65,
    "segment_length_m": 3346.3721,
    "snap_dist_m": 29.3,
    "stream_order": 3,
    "superfund_score": 0.0,
    "tourism_amenity_density": 12.9711,
    "tri_facility_density": 0.0,
    "usgs_mean_q_cfs": 13.348,
    "velocity_feasibility": 0.7,
    "water_intake_score": 0.0
   },
   "type": "Feature"
  },
  {
   "geometry": {
    "coordinates": [
     -80.917848,
     35.228633
    ],
    "type": "Point"
   },
   "properties": {
    "accumulation": 68348.0,
    "bank_slope_deg": 8.31,
    "bank_slope_score": 1.0,
    "beach_dist_km": 307.47,
    "bridge_proximity_bonus": 0.0,
    "catchment_area_km2": 6.8187,
    "channel_width_m": 6.92,
    "channel_width_score": 1.0,
    "composite_score": 42.4577,
    "cso_density": 0.0,
    "dem_lat": 35.228542,
    "dem_lon": -80.917754,
    "ej_index": 0.7804,
    "elevation_m": 207.7699,
    "estuary_dist_km": 443.03,
    "feasibility_score": 75.2381,
    "flood_q10_cfs": 1673.22,
    "flow_score": 29.3013,
    "flow_velocity_ms": 0.1661,
    "generation_score": 39.9581,
    "impact_score": 39.5309,
    "impervious_pct": 42.87,
    "land_ownership": 0.5,
    "lat": 35.2285,
    "litter_complaint_density": 0.0,
    "lon": -80.9178,
    "npdes_points": 2,
    "pixel_col": 458.0,
    "pixel_row": 822.0,
    "population_density": 576.5,
    "position_along": 0.5,
    "protected_area_score": 0.0,
    "rank": 61,
    "river_name": "Taggart Creek",
    "road_access_m": 117.0,
    "road_access_score": 1.0,
    "road_density_km_km2": 8.687,
    "robustness_pct": 0.0,
    "runoff_coeff_C": 0.4358,
    "seasonal_cv": 0.5049,
    "segment_id": 35,
    "segment_length_m": 2969.831,
    "snap_dist_m": 13.2,
    "stream_order": 3,
    "superfund_score": 0.0,
    "tourism_amenity_density": 5.0134,
    "tri_facility_density": 0.2933,
    "usgs_mean_q_cfs": 7.29,
    "velocity_feasibility": 0.7,
    "water_intake_score": 0.0
   },
   "type": "Feature"
  },
  {
   "geometry": {
    "coordinates": [
     -80.871593,
     35.282456
    ],
    "type": "Point"
   },
   "properties": {
    "accumulation": 26851.0,
    "bank_slope_deg": 2.02,
    "bank_slope_score": 1.0,
    "beach_dist_km": 305.75,
    "bridge_proximity_bonus": 0.0,
    "catchment_area_km2": 2.6788,
    "channel_width_m": 4.7,
    "channel_width_score": 1.0,
    "composite_score": 42.4516,
    "cso_density": 0.0,
    "ej_index": 0.8614,
    "elevation_m": 215.0119,
    "estuary_dist_km": 439.0,
    "feasibility_score": 75.2381,
    "flood_q10_cfs": 637.01,
    "flow_score": 21.9227,
    "flow_velocity_ms": 0.0939,
    "generation_score": 37.1529,
    "impact_score": 48.4644,
    "impervious_pct": 27.92,
    "land_ownership": 0.5,
    "lat": 35.2825,
    "litter_complaint_density": 0.0,
    "lon": -80.8716,
    "npdes_points": 0,
    "pixel_col": 880.0,
    "pixel_row": 221.0,
    "population_density": 615.6,
    "position_along": 0.5,
    "protected_area_score": 0.0,
    "rank": 62,
    "river_name": "Stewart Creek",
    "road_access_m": 97.4,
    "road_access_score": 1.0,
    "road_density_km_km2": 5.875,
    "robustness_pct": 0.0,
    "runoff_coeff_C": 0.3013,
    "seasonal_cv": 0.4854,
    "segment_id": 7,
    "segment_length_m": 760.941,
    "stream_order": 3,
    "superfund_score": 0.0,
    "tourism_amenity_density": 2.3077,
    "tri_facility_density": 0.7466,
    "usgs_mean_q_cfs": 4.171,
    "velocity_feasibility": 0.7,
    "water_intake_score": 0.0
   },
   "type": "Feature"
  },
  {
   "geometry": {
    "coordinates": [
     -80.749632,
     35.2774
    ],
    "type": "Point"
   },
   "properties": {
    "accumulation": 30932.0,
    "bank_slope_deg": 2.46,
    "bank_slope_score": 1.0,
    "beach_dist_km": 295.3,
    "bridge_proximity_bonus": 0.0,
    "catchment_area_km2": 3.0859,
    "channel_width_m": 4.98,
    "channel_width_score": 1.0,
    "composite_score": 42.2936,
    "cso_density": 0.0,
    "dem_lat": 35.277495,
    "dem_lon": -80.749548,
    "ej_index": 0.7309,
    "elevation_m": 201.6664,
    "estuary_dist_km": 427.91,
    "feasibility_score": 75.2381,
    "flood_q10_cfs": 732.39,
    "flow_score": 10.7779,
    "flow_velocity_ms": 0.1521,
    "generation_score": 28.8289,
    "impact_score": 65.5493,
    "impervious_pct": 29.8,
    "land_ownership": 0.5,
    "lat": 35.2775,
    "litter_complaint_density": 0.0,
    "lon": -80.7495,
    "npdes_points": 1,
    "pixel_col": 1989.0,
    "pixel_row": 271.0,
    "population_density": 785.6,
    "position_along": 0.25,
    "protected_area_score": 0.0,
    "rank": 63,
    "river_name": "Toby Creek",
    "road_access_m": 74.2,
    "road_access_score": 1.0,
    "road_density_km_km2": 7.612,
    "robustness_pct": 0.0,
    "runoff_coeff_C": 0.3182,
    "seasonal_cv": 0.4717,
    "segment_id": 17,
    "segment_length_m": 3610.3756,
    "snap_dist_m": 13.0,
    "stream_order": 1,
    "superfund_score": 0.0,
    "tourism_amenity_density": 2.5465,
    "tri_facility_density": 0.0,
    "usgs_mean_q_cfs": 5.977,
    "velocity_feasibility": 0.7,
    "water_intake_score": 0.0
   },
   "type": "Feature"
  },
  {
   "geometry": {
    "coordinates": [
     -80.865248,
     35.272115
    ],
    "type": "Point"
   },
   "properties": {
    "accumulation": 65119.0,
    "bank_slope_deg": 4.08,
    "bank_slope_score": 1.0,
    "beach_dist_km": 304.79,
    "bridge_proximity_bonus": 0.0,
    "catchment_area_km2": 6.4966,
    "channel_width_m": 6.78,
    "channel_width_score": 1.0,
    "composite_score": 41.9815,
    "cso_density": 0.0,
    "dem_lat": 35.272121,
    "dem_lon": -80.865283,
    "ej_index": 0.8717,
    "elevation_m": 206.8602,
    "estuary_dist_km": 438.39,
    "feasibility_score": 58.5714,
    "flood_q10_cfs": 1241.92,
    "flow_score": 23.3315,
    "flow_velocity_ms": 0.0602,
    "generation_score": 40.05,
    "impact_score": 51.1597,
    "impervious_pct": 27.92,
    "land_ownership": 0.5,
    "lat": 35.2721,
    "litter_complaint_density": 0.0,
    "lon": -80.8653,
    "npdes_points": 0,
    "pixel_col": 936.0,
    "pixel_row": 337.0,
    "population_density": 632.3,
    "position_along": 0.5,
    "protected_area_score": 0.0,
    "rank": 64,
    "river_name": "Stewart Creek",
    "road_access_m": 300.4,
    "road_access_score": 0.8,
    "road_density_km_km2": 8.553,
    "robustness_pct": 0.0,
    "runoff_coeff_C": 0.3013,
    "seasonal_cv": 0.4854,
    "segment_id": 12,
    "segment_length_m": 2552.5053,
    "snap_dist_m": 3.3,
    "stream_order": 3,
    "superfund_score": 0.0,
    "tourism_amenity_density": 4.7746,
    "tri_facility_density": 0.7696,
    "usgs_mean_q_cfs": 4.171,
    "velocity_feasibility": 0.7,
    "water_intake_score": 0.0
   },
   "type": "Feature"
  },
  {
   "geometry": {
    "coordinates": [
     -80.838091,
     35.172027
    ],
    "type": "Point"
   },
   "properties": {
    "accumulation": 477328.0,
    "bank_slope_deg": 6.96,
    "bank_slope_score": 1.0,
    "beach_dist_km": 298.49,
    "bridge_proximity_bonus": 0.0,
    "catchment_area_km2": 47.6205,
    "channel_width_m": 15.5,
    "channel_width_score": 0.5,
    "composite_score": 41.9162,
    "cso_density": 0.0,
    "dem_lat": 35.172018,
    "dem_lon": -80.838144,
    "ej_index": 0.2239,
    "elevation_m": 181.1021,
    "estuary_dist_km": 435.71,
    "feasibility_score": 48.5714,
    "flood_q10_cfs": 3645.1,
    "flow_score": 47.5178,
    "flow_velocity_ms": 0.2336,
    "generation_score": 37.4546,
    "impact_score": 38.382,
    "impervious_pct": 29.41,
    "land_ownership": 0.5,
    "lat": 35.172,
    "litter_complaint_density": 0.0,
    "lon": -80.8381,
    "npdes_points": 2,
    "pixel_col": 1185.0,
    "pixel_row": 1448.0,
    "population_density": 1340.7,
    "position_along": 0.875,
    "protected_area_score": 0.0,
    "rank": 65,
    "river_name": "Brier Creek",
    "road_access_m": 78.9,
    "road_access_score": 1.0,
    "road_density_km_km2": 7.804,
    "robustness_pct": 0.0,
    "runoff_coeff_C": 0.3147,
    "seasonal_cv": 0.5245,
    "segment_id": 52,
    "segment_length_m": 6828.0264,
    "snap_dist_m": 5.0,
    "stream_order": 3,
    "superfund_score": 0.0,
    "tourism_amenity_density": 24.9077,
    "tri_facility_density": 0.126,
    "usgs_mean_q_cfs": 23.618,
    "velocity_feasibility": 0.7,
    "water_intake_score": 0.0
   },
   "type": "Feature"
  },
  {
   "geometry": {
    "coordinates": [
     -80.868297,
     35.282312
    ],
    "type": "Point"
   },
   "properties": {
    "accumulation": 20065.0,
    "bank_slope_deg": 6.78,
    "bank_slope_score": 1.0,
    "beach_dist_km": 305.47,
    "bridge_proximity_bonus": 0.0,
    "catchment_area_km2": 2.0018,
    "channel_width_m": 4.16,
    "channel_width_score": 1.0,
    "composite_score": 41.8909,
    "cso_density": 0.0,
    "dem_lat": 35.282304,
    "dem_lon": -80.868305,
    "ej_index": 0.8914,
    "elevation_m": 213.1093,
    "estuary_dist_km": 438.7,
    "feasibility_score": 75.2381,
    "flood_q10_cfs": 511.45,
    "flow_score": 21.7461,
    "flow_velocity_ms": 0.1045,
    "generation_score": 33.5018,
    "impact_score": 50.3937,
    "impervious_pct": 27.92,
    "land_ownership": 0.5,
    "lat": 35.2823,
    "litter_complaint_density": 0.0,
    "lon": -80.8683,
    "npdes_points": 0,
    "pixel_col": 910.0,
    "pixel_row": 224.0,
    "population_density": 610.5,
    "position_along": 0.5,
    "protected_area_score": 0.0,
    "rank": 66,
    "river_name": "Stewart Creek",
    "road_access_m": 70.5,
    "road_access_score": 1.0,
    "road_density_km_km2": 6.758,
    "robustness_pct": 0.0,
    "runoff_coeff_C": 0.3013,
    "seasonal_cv": 0.4854,
    "segment_id": 11,
    "segment_length_m": 78.1921,
    "snap_dist_m": 1.2,
    "stream_order": 3,
    "superfund_score": 0.0,
    "tourism_amenity_density": 2.5465,
    "tri_facility_density": 0.4996,
    "usgs_mean_q_cfs": 4.171,
    "velocity_feasibility": 0.7,
    "water_intake_score": 0.0
   },
   "type": "Feature"
  },
  {
   "geometry": {
    "coordinates": [
     -80.848212,
     35.195002
    ],
    "type": "Point"
   },
   "properties": {
    "accumulation": 25657.0,
    "bank_slope_deg": 2.91,
    "bank_slope_score": 1.0,
    "beach_dist_km": 300.24,
    "bridge_proximity_bonus": 0.0,
    "catchment_area_km2": 2.5597,
    "channel_width_m": 4.61,
    "channel_width_score": 1.0,
    "composite_score": 41.6712,
    "cso_density": 0.0,
    "dem_lat": 35.195024,
    "dem_lon": -80.848167,
    "ej_index": 0.2098,
    "elevation_m": 191.5147,
    "estuary_dist_km": 436.64,
    "feasibility_score": 86.6667,
    "flood_q10_cfs": 377.63,
    "flow_score": 40.2375,
    "flow_velocity_ms": 0.5,
    "generation_score": 22.7108,
    "impact_score": 39.3286,
    "impervious_pct": null,
    "land_ownership": 0.5,
    "lat": 35.195,
    "litter_complaint_density": 0.0,
    "lon": -80.8482,
    "npdes_points": 0,
    "pixel_col": 1094.0,
    "pixel_row": 1193.0,
    "population_density": 1539.6,
    "position_along": 0.5,
    "protected_area_score": 0.0,
    "rank": 67,
    "river_name": "Dairy Branch",
    "road_access_m": 95.3,
    "road_access_score": 1.0,
    "road_density_km_km2": 9.479,
    "robustness_pct": 0.0,
    "runoff_coeff_C": null,
    "seasonal_cv": null,
    "segment_id": 55,
    "segment_length_m": 1370.0508,
    "snap_dist_m": 4.8,
    "stream_order": 3,
    "superfund_score": 0.0,
    "tourism_amenity_density": 40.3458,
    "tri_facility_density": 0.0,
    "usgs_mean_q_cfs": null,
    "velocity_feasibility": 1.0,
    "water_intake_score": 0.0
   },
   "type": "Feature"
  },
  {
   "geometry": {
    "coordinates": [
     -80.857315,
     35.167739
    ],
    "type": "Point"
   },
   "properties": {
    "accumulation": 34409.0,
    "bank_slope_deg": 3.95,
    "bank_slope_score": 1.0,
    "beach_dist_km": 299.97,
    "bridge_proximity_bonus": 0.0,
    "catchment_area_km2": 3.4328,
    "channel_width_m": 5.21,
    "channel_width_score": 1.0,
    "composite_score": 41.2627,
    "cso_density": 0.0,
    "ej_index": 0.3253,
    "elevation_m": 186.4726,
    "estuary_dist_km": 437.45,
    "feasibility_score": 75.2381,
    "flood_q10_cfs": 856.24,
    "flow_score": 27.293,
    "flow_velocity_ms": 0.1009,
    "generation_score": 42.1063,
    "impact_score": 35.0728,
    "impervious_pct": 34.14,
    "land_ownership": 0.5,
    "lat": 35.1677,
    "litter_complaint_density": 0.0,
    "lon": -80.8573,
    "npdes_points": 0,
    "pixel_col": 1012.0,
    "pixel_row": 1495.0,
    "population_density": 1701.6,
    "position_along": 0.5,
    "protected_area_score": 0.0,
    "rank": 68,
    "river_name": "Little Hope Creek",
    "road_access_m": 13.3,
    "road_access_score": 1.0,
    "road_density_km_km2": 10.14,
    "robustness_pct": 0.0,
    "runoff_coeff_C": 0.3573,
    "seasonal_cv": 0.2863,
    "segment_id": 71,
    "segment_length_m": 623.5293,
    "stream_order": 3,
    "superfund_score": 0.0,
    "tourism_amenity_density": 9.6289,
    "tri_facility_density": 0.0,
    "usgs_mean_q_cfs": 4.439,
    "velocity_feasibility": 0.7,
    "water_intake_score": 0.0
   },
   "type": "Feature"
  },
  {
   "geometry": {
    "coordinates": [
     -80.789277,
     35.228805
    ],
    "type": "Point"
   },
   "properties": {
    "accumulation": 20641.0,
    "bank_slope_deg": 1.68,
    "bank_slope_score": 1.0,
    "beach_dist_km": 296.59,
    "bridge_proximity_bonus": 0.0,
    "catchment_area_km2": 2.0592,
    "channel_width_m": 4.21,
    "channel_width_score": 1.0,
    "composite_score": 40.9595,
    "cso_density": 0.0,
    "ej_index": 0.424,
    "elevation_m": 203.0979,
    "estuary_dist_km": 431.36,
    "feasibility_score": 70.0,
    "flood_q10_cfs": 320.53,
    "flow_score": 40.0105,
    "flow_velocity_ms": 0.5,
    "generation_score": 15.4504,
    "impact_score": 52.7391,
    "impervious_pct": null,
    "land_ownership": 0.5,
    "lat": 35.2288,
    "litter_complaint_density": 0.0,
    "lon": -80.7893,
    "npdes_points": 0,
    "pixel_col": 1631.0,
    "pixel_row": 817.0,
    "population_density": 1152.2,
    "position_along": 0.5,
    "protected_area_score": 0.0,
    "rank": 69,
    "river_name": "Brier Creek",
    "road_access_m": 448.2,
    "road_access_score": 0.8,
    "road_density_km_km2": 5.757,
    "robustness_pct": 0.0,
    "runoff_coeff_C": null,
    "seasonal_cv": null,
    "segment_id": 42,
    "segment_length_m": 457.4509,
    "stream_order": 3,
    "superfund_score": 0.0,
    "tourism_amenity_density": 21.8042,
    "tri_facility_density": 0.0,
    "usgs_mean_q_cfs": null,
    "velocity_feasibility": 1.0,
    "water_intake_score": 0.0
   },
   "type": "Feature"
  },
  {
   "geometry": {
    "coordinates": [
     -80.89048,
     35.156769
    ],
    "type": "Point"
   },
   "properties": {
    "accumulation": 33532.0,
    "bank_slope_deg": 2.92,
    "bank_slope_score": 1.0,
    "beach_dist_km": 302.4,
    "bridge_proximity_bonus": 0.0,
    "catchment_area_km2": 3.3453,
    "channel_width_m": 5.15,
    "channel_width_score": 1.0,
    "composite_score": 40.8964,
    "cso_density": 0.0,
    "dem_lat": 35.156766,
    "dem_lon": -80.890512,
    "ej_index": 0.8466,
    "elevation_m": 188.5998,
    "estuary_dist_km": 440.46,
    "feasibility_score": 75.2381,
    "flood_q10_cfs": 949.0,
    "flow_score": 10.5687,
    "flow_velocity_ms": 0.1047,
    "generation_score": 39.8491,
    "impact_score": 50.0459,
    "impervious_pct": 41.13,
    "land_ownership": 0.5,
    "lat": 35.1568,
    "litter_complaint_density": 0.0,
    "lon": -80.8905,
    "npdes_points": 0,
    "pixel_col": 708.0,
    "pixel_row": 1618.0,
    "population_density": 1486.0,
    "position_along": 0.5,
    "protected_area_score": 0.0,
    "rank": 70,
    "river_name": "Kings Branch",
    "road_access_m": 144.3,
    "road_access_score": 1.0,
    "road_density_km_km2": 6.075,
    "robustness_pct": 0.0,
    "runoff_coeff_C": 0.4202,
    "seasonal_cv": 0.4926,
    "segment_id": 77,
    "segment_length_m": 1106.3918,
    "snap_dist_m": 2.9,
    "stream_order": 1,
    "superfund_score": 0.0,
    "tourism_amenity_density": 5.4113,
    "tri_facility_density": 0.0,
    "usgs_mean_q_cfs": 4.931,
    "velocity_feasibility": 0.7,
    "water_intake_score": 0.0
   },
   "type": "Feature"
  },
  {
   "geometry": {
    "coordinates": [
     -80.726655,
     35.285379
    ],
    "type": "Point"
   },
   "properties": {
    "accumulation": 32817.0,
    "bank_slope_deg": 1.3,
    "bank_slope_score": 1.0,
    "beach_dist_km": 293.73,
    "bridge_proximity_bonus": 0.0,
    "catchment_area_km2": 3.274,
    "channel_width_m": 5.1,
    "channel_width_score": 1.0,
    "composite_score": 40.895,
    "cso_density": 0.0,
    "dem_lat": 35.285346,
    "dem_lon": -80.726594,
    "ej_index": 0.6701,
    "elevation_m": 211.3367,
    "estuary_dist_km": 425.86,
    "feasibility_score": 60.0,
    "flood_q10_cfs": 707.3,
    "flow_score": 7.8245,
    "flow_velocity_ms": 0.0364,
    "generation_score": 32.9257,
    "impact_score": 66.8707,
    "impervious_pct": 25.26,
    "land_ownership": 0.5,
    "lat": 35.2853,
    "litter_complaint_density": 0.0,
    "lon": -80.7266,
    "npdes_points": 0,
    "pixel_col": 2200.0,
    "pixel_row": 185.0,
    "population_density": 991.1,
    "position_along": 0.5,
    "protected_area_score": 0.0,
    "rank": 71,
    "river_name": "Back Creek",
    "road_access_m": 175.2,
    "road_access_score": 1.0,
    "road_density_km_km2": 7.011,
    "robustness_pct": 0.0,
    "runoff_coeff_C": 0.2773,
    "seasonal_cv": 0.4535,
    "segment_id": 13,
    "segment_length_m": 2100.0233,
    "snap_dist_m": 6.6,
    "stream_order": 1,
    "superfund_score": 0.0,
    "tourism_amenity_density": 2.7056,
    "tri_facility_density": 0.3054,
    "usgs_mean_q_cfs": 5.548,
    "velocity_feasibility": 0.3,
    "water_intake_score": 0.0
   },
   "type": "Feature"
  },
  {
   "geometry": {
    "coordinates": [
     -80.844553,
     35.161012
    ],
    "type": "Point"
   },
   "properties": {
    "accumulation": 533956.0,
    "bank_slope_deg": 11.5,
    "bank_slope_score": 1.0,
    "beach_dist_km": 298.62,
    "bridge_proximity_bonus": 0.0,
    "catchment_area_km2": 53.27,
    "channel_width_m": 16.24,
    "channel_width_score": 0.5,
    "composite_score": 40.8492,
    "cso_density": 0.0,
    "dem_lat": 35.161012,
    "dem_lon": -80.84456,
    "ej_index": 0.2874,
    "elevation_m": 175.9625,
    "estuary_dist_km": 436.28,
    "feasibility_score": 48.5714,
    "flood_q10_cfs": 3878.63,
    "flow_score": 46.9409,
    "flow_velocity_ms": 0.1631,
    "generation_score": 35.3947,
    "impact_score": 37.3663,
    "impervious_pct": 29.41,
    "land_ownership": 0.5,
    "lat": 35.161,
    "litter_complaint_density": 0.0,
    "lon": -80.8446,
    "npdes_points": 2,
    "pixel_col": 1125.0,
    "pixel_row": 1571.0,
    "population_density": 1327.8,
    "position_along": 0.5,
    "protected_area_score": 0.0,
    "rank": 72,
    "river_name": "Briar Creek",
    "road_access_m": 38.1,
    "road_access_score": 1.0,
    "road_density_km_km2": 5.852,
    "robustness_pct": 0.0,
    "runoff_coeff_C": 0.3147,
    "seasonal_cv": 0.5245,
    "segment_id": 69,
    "segment_length_m": 1691.0939,
    "snap_dist_m": 0.7,
    "stream_order": 3,
    "superfund_score": 0.0,
    "tourism_amenity_density": 14.3239,
    "tri_facility_density": 0.1126,
    "usgs_mean_q_cfs": 23.618,
    "velocity_feasibility": 0.7,
    "water_intake_score": 0.0
   },
   "type": "Feature"
  },
  {
   "geometry": {
    "coordinates": [
     -80.816615,
     35.284007
    ],
    "type": "Point"
   },
   "properties": {
    "accumulation": 23498.0,
    "bank_slope_deg": 3.36,
    "bank_slope_score": 1.0,
    "beach_dist_km": 301.2,
    "bridge_proximity_bonus": 0.0,
    "catchment_area_km2": 2.3443,
    "channel_width_m": 4.44,
    "channel_width_score": 1.0,
    "composite_score": 40.6208,
    "cso_density": 0.0,
    "ej_index": 0.8483,
    "elevation_m": 214.4304,
    "estuary_dist_km": 434.02,
    "feasibility_score": 60.0,
    "flood_q10_cfs": 610.13,
    "flow_score": 22.3282,
    "flow_velocity_ms": 0.0349,
    "generation_score": 29.3026,
    "impact_score": 57.4933,
    "impervious_pct": 31.2,
    "land_ownership": 0.5,
    "lat": 35.284,
    "litter_complaint_density": 0.0,
    "lon": -80.8166,
    "npdes_points": 0,
    "pixel_col": 1377.0,
    "pixel_row": 204.0,
    "population_density": 774.6,
    "position_along": 0.5,
    "protected_area_score": 0.0,
    "rank": 73,
    "river_name": "Irwin Creek",
    "road_access_m": 67.7,
    "road_access_score": 1.0,
    "road_density_km_km2": 8.221,
    "robustness_pct": 0.0,
    "runoff_coeff_C": 0.3308,
    "seasonal_cv": 0.4774,
    "segment_id": 8,
    "segment_length_m": 476.4235,
    "stream_order": 3,
    "superfund_score": 0.0,
    "tourism_amenity_density": 0.8754,
    "tri_facility_density": 0.0,
    "usgs_mean_q_cfs": 7.679,
    "velocity_feasibility": 0.3,
    "water_intake_score": 0.0
   },
   "type": "Feature"
  },
  {
   "geometry": {
    "coordinates": [
     -80.9205,
     35.197564
    ],
    "type": "Point"
   },
   "properties": {
    "accumulation": 166927.0,
    "bank_slope_deg": 6.05,
    "bank_slope_score": 1.0,
    "beach_dist_km": 306.5,
    "bridge_proximity_bonus": 0.0,
    "catchment_area_km2": 16.6534,
    "channel_width_m": 10.02,
    "channel_width_score": 1.0,
    "composite_score": 40.5588,
    "cso_density": 0.0,
    "dem_lat": 35.197563,
    "dem_lon": -80.920516,
    "ej_index": 0.6975,
    "elevation_m": 182.3602,
    "estuary_dist_km": 443.22,
    "feasibility_score": 75.2381,
    "flood_q10_cfs": 2453.19,
    "flow_score": 32.4347,
    "flow_velocity_ms": 0.1474,
    "generation_score": 34.178,
    "impact_score": 36.3701,
    "impervious_pct": 42.87,
    "land_ownership": 0.5,
    "lat": 35.1976,
    "litter_complaint_density": 0.0,
    "lon": -80.9205,
    "npdes_points": 4,
    "pixel_col": 436.0,
    "pixel_row": 1166.0,
    "population_density": 420.9,
    "position_along": 0.75,
    "protected_area_score": 0.0,
    "rank": 74,
    "river_name": "Taggart Creek",
    "road_access_m": 64.3,
    "road_access_score": 1.0,
    "road_density_km_km2": 5.935,
    "robustness_pct": 0.0,
    "runoff_coeff_C": 0.4358,
    "seasonal_cv": 0.5049,
    "segment_id": 46,
    "segment_length_m": 3369.2384,
    "snap_dist_m": 1.5,
    "stream_order": 3,
    "superfund_score": 0.0,
    "tourism_amenity_density": 3.7401,
    "tri_facility_density": 0.1201,
    "usgs_mean_q_cfs": 7.29,
    "velocity_feasibility": 0.7,
    "water_intake_score": 0.0
   },
   "type": "Feature"
  },
  {
   "geometry": {
    "coordinates": [
     -80.923011,
     35.21137
    ],
    "type": "Point"
   },
   "properties": {
    "accumulation": 118220.0,
    "bank_slope_deg": 3.57,
    "bank_slope_score": 1.0,
    "beach_dist_km": 307.25,
    "bridge_proximity_bonus": 0.0,
    "catchment_area_km2": 11.7942,
    "channel_width_m": 8.69,
    "channel_width_score": 1.0,
    "composite_score": 40.4392,
    "cso_density": 0.0,
    "dem_lat": 35.211373,
    "dem_lon": -80.923032,
    "ej_index": 0.7795,
    "elevation_m": 189.5797,
    "estuary_dist_km": 443.47,
    "feasibility_score": 75.2381,
    "flood_q10_cfs": 2026.45,
    "flow_score": 30.6094,
    "flow_velocity_ms": 0.1502,
    "generation_score": 32.9689,
    "impact_score": 38.7014,
    "impervious_pct": 42.87,
    "land_ownership": 0.5,
    "lat": 35.2114,
    "litter_complaint_density": 0.0,
    "lon": -80.923,
    "npdes_points": 2,
    "pixel_col": 411.0,
    "pixel_row": 1012.0,
    "population_density": 351.8,
    "position_along": 0.25,
    "protected_area_score": 0.0,
    "rank": 75,
    "river_name": "Taggart Creek",
    "road_access_m": 100.5,
    "road_access_score": 1.0,
    "road_density_km_km2": 5.842,
    "robustness_pct": 0.0,
    "runoff_coeff_C": 0.4358,
    "seasonal_cv": 0.5049,
    "segment_id": 46,
    "segment_length_m": 3369.2384,
    "snap_dist_m": 1.9,
    "stream_order": 3,
    "superfund_score": 0.0,
    "tourism_amenity_density": 3.2627,
    "tri_facility_density": 0.1696,
    "usgs_mean_q_cfs": 7.29,
    "velocity_feasibility": 0.7,
    "water_intake_score": 0.0
   },
   "type": "Feature"
  },
  {
   "geometry": {
    "coordinates": [
     -80.850702,
     35.281054
    ],
    "type": "Point"
   },
   "properties": {
    "accumulation": 35215.0,
    "bank_slope_deg": 3.22,
    "bank_slope_score": 1.0,
    "beach_dist_km": 303.94,
    "bridge_proximity_bonus": 0.0,
    "catchment_area_km2": 3.5132,
    "channel_width_m": 5.26,
    "channel_width_score": 1.0,
    "composite_score": 40.2649,
    "cso_density": 0.0,
    "dem_lat": 35.281044,
    "dem_lon": -80.850805,
    "ej_index": 0.7307,
    "elevation_m": 218.9845,
    "estuary_dist_km": 437.11,
    "feasibility_score": 75.2381,
    "flood_q10_cfs": 837.23,
    "flow_score": 23.1026,
    "flow_velocity_ms": 0.1063,
    "generation_score": 30.2625,
    "impact_score": 47.0827,
    "impervious_pct": 31.86,
    "land_ownership": 0.5,
    "lat": 35.281,
    "litter_complaint_density": 0.0,
    "lon": -80.8508,
    "npdes_points": 1,
    "pixel_col": 1068.0,
    "pixel_row": 238.0,
    "population_density": 626.5,
    "position_along": 0.25,
    "protected_area_score": 0.0,
    "rank": 76,
    "river_name": "Kennedy Branch",
    "road_access_m": 194.7,
    "road_access_score": 1.0,
    "road_density_km_km2": 9.992,
    "robustness_pct": 0.0,
    "runoff_coeff_C": 0.3367,
    "seasonal_cv": 0.4761,
    "segment_id": 6,
    "segment_length_m": 3327.5718,
    "snap_dist_m": 9.4,
    "stream_order": 3,
    "superfund_score": 0.0,
    "tourism_amenity_density": 3.1831,
    "tri_facility_density": 0.0,
    "usgs_mean_q_cfs": 3.243,
    "velocity_feasibility": 0.7,
    "water_intake_score": 0.0
   },
   "type": "Feature"
  },
  {
   "geometry": {
    "coordinates": [
     -80.854827,
     35.161671
    ],
    "type": "Point"
   },
   "properties": {
    "accumulation": 77077.0,
    "bank_slope_deg": 3.45,
    "bank_slope_score": 1.0,
    "beach_dist_km": 299.54,
    "bridge_proximity_bonus": 0.0,
    "catchment_area_km2": 7.6896,
    "channel_width_m": 7.27,
    "channel_width_score": 1.0,
    "composite_score": 39.9593,
    "cso_density": 0.0,
    "dem_lat": 35.161705,
    "dem_lon": -80.854916,
    "ej_index": 0.257,
    "elevation_m": 181.301,
    "estuary_dist_km": 437.23,
    "feasibility_score": 75.2381,
    "flood_q10_cfs": 1572.33,
    "flow_score": 31.0188,
    "flow_velocity_ms": 0.1505,
    "generation_score": 37.1978,
    "impact_score": 32.5318,
    "impervious_pct": 34.14,
    "land_ownership": 0.5,
    "lat": 35.1617,
    "litter_complaint_density": 0.0,
    "lon": -80.8549,
    "npdes_points": 0,
    "pixel_col": 1032.0,
    "pixel_row": 1563.0,
    "population_density": 1399.1,
    "position_along": 0.5,
    "protected_area_score": 0.0,
    "rank": 77,
    "river_name": "Little Hope Creek",
    "road_access_m": 114.1,
    "road_access_score": 1.0,
    "road_density_km_km2": 8.113,
    "robustness_pct": 0.0,
    "runoff_coeff_C": 0.3573,
    "seasonal_cv": 0.2863,
    "segment_id": 72,
    "segment_length_m": 1372.7684,
    "snap_dist_m": 8.9,
    "stream_order": 3,
    "superfund_score": 0.0,
    "tourism_amenity_density": 8.4352,
    "tri_facility_density": 0.0,
    "usgs_mean_q_cfs": 4.439,
    "velocity_feasibility": 0.7,
    "water_intake_score": 0.0
   },
   "type": "Feature"
  },
  {
   "geometry": {
    "coordinates": [
     -80.780315,
     35.173162
    ],
    "type": "Point"
   },
   "properties": {
    "accumulation": 40299.0,
    "bank_slope_deg": 1.02,
    "bank_slope_score": 1.0,
    "beach_dist_km": 293.62,
    "bridge_proximity_bonus": 0.0,
    "catchment_area_km2": 4.0204,
    "channel_width_m": 5.56,
    "channel_width_score": 1.0,
    "composite_score": 39.354,
    "cso_density": 0.0,
    "dem_lat": 35.173251,
    "dem_lon": -80.780368,
    "ej_index": 0.2517,
    "elevation_m": 203.9558,
    "estuary_dist_km": 430.46,
    "feasibility_score": 75.2381,
    "flood_q10_cfs": 805.15,
    "flow_score": 22.2994,
    "flow_velocity_ms": 0.104,
    "generation_score": 29.7272,
    "impact_score": 45.2508,
    "impervious_pct": 23.82,
    "land_ownership": 0.5,
    "lat": 35.1733,
    "litter_complaint_density": 0.0,
    "lon": -80.7804,
    "npdes_points": 1,
    "pixel_col": 1709.0,
    "pixel_row": 1434.0,
    "population_density": 1069.5,
    "position_along": 0.5,
    "protected_area_score": 0.0,
    "rank": 78,
    "river_name": "McMullen Creek",
    "road_access_m": 70.9,
    "road_access_score": 1.0,
    "road_density_km_km2": 8.697,
    "robustness_pct": 0.0,
    "runoff_coeff_C": 0.2644,
    "seasonal_cv": 0.4565,
    "segment_id": 64,
    "segment_length_m": 1561.5409,
    "snap_dist_m": 11.0,
    "stream_order": 3,
    "superfund_score": 0.0,
    "tourism_amenity_density": 7.0824,
    "tri_facility_density": 0.0,
    "usgs_mean_q_cfs": 2.434,
    "velocity_feasibility": 0.7,
    "water_intake_score": 0.0
   },
   "type": "Feature"
  },
  {
   "geometry": {
    "coordinates": [
     -80.787376,
     35.175532
    ],
    "type": "Point"
   },
   "properties": {
    "accumulation": 25137.0,
    "bank_slope_deg": 1.55,
    "bank_slope_score": 1.0,
    "beach_dist_km": 294.3,
    "bridge_proximity_bonus": 0.0,
    "catchment_area_km2": 2.5078,
    "channel_width_m": 4.57,
    "channel_width_score": 1.0,
    "composite_score": 39.3378,
    "cso_density": 0.0,
    "ej_index": 0.2308,
    "elevation_m": 203.9426,
    "estuary_dist_km": 431.1,
    "feasibility_score": 75.2381,
    "flood_q10_cfs": 592.91,
    "flow_score": 21.3914,
    "flow_velocity_ms": 0.0969,
    "generation_score": 32.087,
    "impact_score": 43.5937,
    "impervious_pct": 26.66,
    "land_ownership": 0.5,
    "lat": 35.1755,
    "litter_complaint_density": 0.0,
    "lon": -80.7874,
    "npdes_points": 1,
    "pixel_col": 1648.0,
    "pixel_row": 1408.0,
    "population_density": 1119.2,
    "position_along": 0.5,
    "protected_area_score": 0.0,
    "rank": 79,
    "river_name": "McMullen Creek",
    "road_access_m": 70.9,
    "road_access_score": 1.0,
    "road_density_km_km2": 9.178,
    "robustness_pct": 0.0,
    "runoff_coeff_C": 0.2899,
    "seasonal_cv": 0.4563,
    "segment_id": 61,
    "segment_length_m": 1373.3565,
    "stream_order": 3,
    "superfund_score": 0.0,
    "tourism_amenity_density": 9.231,
    "tri_facility_density": 0.0,
    "usgs_mean_q_cfs": 1.685,
    "velocity_feasibility": 0.7,
    "water_intake_score": 0.0
   },
   "type": "Feature"
  },
  {
   "geometry": {
    "coordinates": [
     -80.721728,
     35.24726
    ],
    "type": "Point"
   },
   "properties": {
    "accumulation": 28329.0,
    "bank_slope_deg": 4.58,
    "bank_slope_score": 1.0,
    "beach_dist_km": 291.68,
    "bridge_proximity_bonus": 0.0,
    "catchment_area_km2": 2.8262,
    "channel_width_m": 4.8,
    "channel_width_score": 1.0,
    "composite_score": 37.8297,
    "cso_density": 0.0,
    "ej_index": 0.5723,
    "elevation_m": 210.8071,
    "estuary_dist_km": 425.28,
    "feasibility_score": 75.2381,
    "flood_q10_cfs": 508.98,
    "flow_score": 7.1157,
    "flow_velocity_ms": 0.1044,
    "generation_score": 17.6669,
    "impact_score": 64.8833,
    "impervious_pct": 12.79,
    "land_ownership": 0.5,
    "lat": 35.2473,
    "litter_complaint_density": 0.0,
    "lon": -80.7217,
    "npdes_points": 0,
    "pixel_col": 2246.0,
    "pixel_row": 609.0,
    "population_density": 900.8,
    "position_along": 0.5,
    "protected_area_score": 0.0,
    "rank": 80,
    "river_name": "Delta Lake Dam",
    "road_access_m": 79.6,
    "road_access_score": 1.0,
    "road_density_km_km2": 3.93,
    "robustness_pct": 0.0,
    "runoff_coeff_C": 0.1651,
    "seasonal_cv": 0.4547,
    "segment_id": 30,
    "segment_length_m": 1437.1291,
    "stream_order": 1,
    "superfund_score": 0.0,
    "tourism_amenity_density": 1.1141,
    "tri_facility_density": 0.0,
    "usgs_mean_q_cfs": 4.86,
    "velocity_feasibility": 0.7,
    "water_intake_score": 0.0
   },
   "type": "Feature"
  },
  {
   "geometry": {
    "coordinates": [
     -80.80547,
     35.15658
    ],
    "type": "Point"
   },
   "properties": {
    "accumulation": 122705.0,
    "bank_slope_deg": 1.96,
    "bank_slope_score": 1.0,
    "beach_dist_km": 295.12,
    "bridge_proximity_bonus": 0.0,
    "catchment_area_km2": 12.2416,
    "channel_width_m": 8.82,
    "channel_width_score": 1.0,
    "composite_score": 37.4377,
    "cso_density": 0.0,
    "dem_lat": 35.156638,
    "dem_lon": -80.805492,
    "ej_index": 0.1603,
    "elevation_m": 192.1337,
    "estuary_dist_km": 432.73,
    "feasibility_score": 58.5714,
    "flood_q10_cfs": 1590.21,
    "flow_score": 31.9604,
    "flow_velocity_ms": 0.1296,
    "generation_score": 27.2756,
    "impact_score": 41.5974,
    "impervious_pct": 23.83,
    "land_ownership": 0.5,
    "lat": 35.1566,
    "litter_complaint_density": 0.0,
    "lon": -80.8055,
    "npdes_points": 1,
    "pixel_col": 1481.0,
    "pixel_row": 1617.0,
    "population_density": 1078.0,
    "position_along": 0.75,
    "protected_area_score": 0.0,
    "rank": 81,
    "river_name": "McMullen Creek",
    "road_access_m": 206.5,
    "road_access_score": 0.8,
    "road_density_km_km2": 5.755,
    "robustness_pct": 0.0,
    "runoff_coeff_C": 0.2645,
    "seasonal_cv": 0.3629,
    "segment_id": 65,
    "segment_length_m": 3346.3721,
    "snap_dist_m": 6.7,
    "stream_order": 3,
    "superfund_score": 0.0,
    "tourism_amenity_density": 22.4408,
    "tri_facility_density": 0.0,
    "usgs_mean_q_cfs": 13.348,
    "velocity_feasibility": 0.7,
    "water_intake_score": 0.0
   },
   "type": "Feature"
  },
  {
   "geometry": {
    "coordinates": [
     -80.916045,
     35.263911
    ],
    "type": "Point"
   },
   "properties": {
    "accumulation": 29062.0,
    "bank_slope_deg": 2.35,
    "bank_slope_score": 1.0,
    "beach_dist_km": 308.73,
    "bridge_proximity_bonus": 0.0,
    "catchment_area_km2": 2.8994,
    "channel_width_m": 4.85,
    "channel_width_score": 1.0,
    "composite_score": 37.2579,
    "cso_density": 0.0,
    "dem_lat": 35.263892,
    "dem_lon": -80.916016,
    "ej_index": 0.7868,
    "elevation_m": 211.5086,
    "estuary_dist_km": 442.97,
    "feasibility_score": 75.2381,
    "flood_q10_cfs": 686.29,
    "flow_score": 22.2504,
    "flow_velocity_ms": 0.0974,
    "generation_score": 30.2921,
    "impact_score": 37.7397,
    "impervious_pct": 28.77,
    "land_ownership": 0.5,
    "lat": 35.2639,
    "litter_complaint_density": 0.0,
    "lon": -80.916,
    "npdes_points": 0,
    "pixel_col": 474.0,
    "pixel_row": 429.0,
    "population_density": 1105.7,
    "position_along": 0.25,
    "protected_area_score": 0.0,
    "rank": 82,
    "river_name": "Paw Creek",
    "road_access_m": 133.0,
    "road_access_score": 1.0,
    "road_density_km_km2": 6.783,
    "robustness_pct": 0.0,
    "runoff_coeff_C": 0.3089,
    "seasonal_cv": 0.4868,
    "segment_id": 18,
    "segment_length_m": 4271.5561,
    "snap_dist_m": 3.4,
    "stream_order": 3,
    "superfund_score": 0.0,
    "tourism_amenity_density": 1.4324,
    "tri_facility_density": 0.0,
    "usgs_mean_q_cfs": 4.248,
    "velocity_feasibility": 0.7,
    "water_intake_score": 0.0
   },
   "type": "Feature"
  },
  {
   "geometry": {
    "coordinates": [
     -80.924338,
     35.222855
    ],
    "type": "Point"
   },
   "properties": {
    "accumulation": 23008.0,
    "bank_slope_deg": 0.45,
    "bank_slope_score": 1.0,
    "beach_dist_km": 307.8,
    "bridge_proximity_bonus": 0.0,
    "catchment_area_km2": 2.2954,
    "channel_width_m": 4.4,
    "channel_width_score": 1.0,
    "composite_score": 36.685,
    "cso_density": 0.0,
    "ej_index": 0.7213,
    "elevation_m": 202.9606,
    "estuary_dist_km": 443.61,
    "feasibility_score": 75.2381,
    "flood_q10_cfs": 736.57,
    "flow_score": 24.3855,
    "flow_velocity_ms": 0.0928,
    "generation_score": 28.465,
    "impact_score": 35.8781,
    "impervious_pct": 42.87,
    "land_ownership": 0.5,
    "lat": 35.2229,
    "litter_complaint_density": 0.0,
    "lon": -80.9243,
    "npdes_points": 0,
    "pixel_col": 399.0,
    "pixel_row": 885.0,
    "population_density": 223.7,
    "position_along": 0.5,
    "protected_area_score": 0.0,
    "rank": 83,
    "river_name": "Taggart Creek",
    "road_access_m": 150.6,
    "road_access_score": 1.0,
    "road_density_km_km2": 7.124,
    "robustness_pct": 0.0,
    "runoff_coeff_C": 0.4358,
    "seasonal_cv": 0.5049,
    "segment_id": 45,
    "segment_length_m": 1259.0546,
    "stream_order": 3,
    "superfund_score": 0.0,
    "tourism_amenity_density": 4.2972,
    "tri_facility_density": 0.0,
    "usgs_mean_q_cfs": 7.29,
    "velocity_feasibility": 0.7,
    "water_intake_score": 0.0
   },
   "type": "Feature"
  },
  {
   "geometry": {
    "coordinates": [
     -80.909309,
     35.169232
    ],
    "type": "Point"
   },
   "properties": {
    "accumulation": 26086.0,
    "bank_slope_deg": 5.22,
    "bank_slope_score": 1.0,
    "beach_dist_km": 304.47,
    "bridge_proximity_bonus": 0.0,
    "catchment_area_km2": 2.6025,
    "channel_width_m": 4.64,
    "channel_width_score": 1.0,
    "composite_score": 36.3012,
    "cso_density": 0.0,
    "ej_index": 0.6019,
    "elevation_m": 180.3821,
    "estuary_dist_km": 442.17,
    "feasibility_score": 70.0,
    "flood_q10_cfs": 382.38,
    "flow_score": 40.2566,
    "flow_velocity_ms": 0.5,
    "generation_score": 15.7974,
    "impact_score": 36.6594,
    "impervious_pct": null,
    "land_ownership": 0.5,
    "lat": 35.1692,
    "litter_complaint_density": 0.0,
    "lon": -80.9093,
    "npdes_points": 0,
    "pixel_col": 536.0,
    "pixel_row": 1480.0,
    "population_density": 799.8,
    "position_along": 0.5,
    "protected_area_score": 0.0,
    "rank": 84,
    "river_name": "Sugar Creek",
    "road_access_m": 420.5,
    "road_access_score": 0.8,
    "road_density_km_km2": 2.562,
    "robustness_pct": 0.0,
    "runoff_coeff_C": null,
    "seasonal_cv": null,
    "segment_id": 66,
    "segment_length_m": 1087.541,
    "stream_order": 3,
    "superfund_score": 0.0,
    "tourism_amenity_density": 8.1965,
    "tri_facility_density": 0.3843,
    "usgs_mean_q_cfs": null,
    "velocity_feasibility": 1.0,
    "water_intake_score": 0.0
   },
   "type": "Feature"
  },
  {
   "geometry": {
    "coordinates": [
     -80.933374,
     35.262636
    ],
    "type": "Point"
   },
   "properties": {
    "accumulation": 38267.0,
    "bank_slope_deg": 1.52,
    "bank_slope_score": 1.0,
    "beach_dist_km": 310.15,
    "bridge_proximity_bonus": 0.0,
    "catchment_area_km2": 3.8177,
    "channel_width_m": 5.44,
    "channel_width_score": 1.0,
    "composite_score": 36.2017,
    "cso_density": 0.0,
    "ej_index": 0.7543,
    "elevation_m": 198.4206,
    "estuary_dist_km": 444.54,
    "feasibility_score": 75.2381,
    "flood_q10_cfs": 935.12,
    "flow_score": 22.9202,
    "flow_velocity_ms": 0.0869,
    "generation_score": 30.7063,
    "impact_score": 33.2469,
    "impervious_pct": 34.6,
    "land_ownership": 0.5,
    "lat": 35.2626,
    "litter_complaint_density": 0.0,
    "lon": -80.9334,
    "npdes_points": 1,
    "pixel_col": 314.0,
    "pixel_row": 443.0,
    "population_density": 783.9,
    "position_along": 0.5,
    "protected_area_score": 0.0,
    "rank": 85,
    "river_name": "Paw Creek",
    "road_access_m": 78.7,
    "road_access_score": 1.0,
    "road_density_km_km2": 7.018,
    "robustness_pct": 0.0,
    "runoff_coeff_C": 0.3614,
    "seasonal_cv": 0.4683,
    "segment_id": 19,
    "segment_length_m": 1573.9527,
    "stream_order": 3,
    "superfund_score": 0.0,
    "tourism_amenity_density": 1.4324,
    "tri_facility_density": 0.0,
    "usgs_mean_q_cfs": 1.937,
    "velocity_feasibility": 0.7,
    "water_intake_score": 0.0
   },
   "type": "Feature"
  },
  {
   "geometry": {
    "coordinates": [
     -80.928782,
     35.256169
    ],
    "type": "Point"
   },
   "properties": {
    "accumulation": 80374.0,
    "bank_slope_deg": 1.77,
    "bank_slope_score": 1.0,
    "beach_dist_km": 309.5,
    "bridge_proximity_bonus": 0.0,
    "catchment_area_km2": 8.0185,
    "channel_width_m": 7.4,
    "channel_width_score": 1.0,
    "composite_score": 36.1868,
    "cso_density": 0.0,
    "dem_lat": 35.256183,
    "dem_lon": -80.928782,
    "ej_index": 0.7158,
    "elevation_m": 199.6237,
    "estuary_dist_km": 444.1,
    "feasibility_score": 75.2381,
    "flood_q10_cfs": 1346.84,
    "flow_score": 24.9479,
    "flow_velocity_ms": 0.1057,
    "generation_score": 29.2562,
    "impact_score": 32.9574,
    "impervious_pct": 28.77,
    "land_ownership": 0.5,
    "lat": 35.2562,
    "litter_complaint_density": 0.0,
    "lon": -80.9288,
    "npdes_points": 2,
    "pixel_col": 356.0,
    "pixel_row": 514.0,
    "population_density": 917.7,
    "position_along": 0.75,
    "protected_area_score": 0.0,
    "rank": 86,
    "river_name": "Paw Creek",
    "road_access_m": 61.0,
    "road_access_score": 1.0,
    "road_density_km_km2": 6.37,
    "robustness_pct": 0.0,
    "runoff_coeff_C": 0.3089,
    "seasonal_cv": 0.4868,
    "segment_id": 18,
    "segment_length_m": 4271.5561,
    "snap_dist_m": 1.6,
    "stream_order": 3,
    "superfund_score": 0.0,
    "tourism_amenity_density": 2.2282,
    "tri_facility_density": 0.0,
    "usgs_mean_q_cfs": 4.248,
    "velocity_feasibility": 0.7,
    "water_intake_score": 0.0
   },
   "type": "Feature"
  },
  {
   "geometry": {
    "coordinates": [
     -80.834076,
     35.169289
    ],
    "type": "Point"
   },
   "properties": {
    "accumulation": 30425.0,
    "bank_slope_deg": 4.22,
    "bank_slope_score": 1.0,
    "beach_dist_km": 298.04,
    "bridge_proximity_bonus": 0.0,
    "catchment_area_km2": 3.0353,
    "channel_width_m": 4.95,
    "channel_width_score": 1.0,
    "composite_score": 36.1478,
    "cso_density": 0.0,
    "ej_index": 0.1224,
    "elevation_m": 183.572,
    "estuary_dist_km": 435.34,
    "feasibility_score": 70.0,
    "flood_q10_cfs": 429.39,
    "flow_score": 40.4473,
    "flow_velocity_ms": 0.5,
    "generation_score": 16.4045,
    "impact_score": 35.3821,
    "impervious_pct": null,
    "land_ownership": 0.5,
    "lat": 35.1693,
    "litter_complaint_density": 0.0,
    "lon": -80.8341,
    "npdes_points": 0,
    "pixel_col": 1220.0,
    "pixel_row": 1478.0,
    "population_density": 1070.4,
    "position_along": 0.5,
    "protected_area_score": 0.0,
    "rank": 87,
    "river_name": "Briar Creek",
    "road_access_m": 201.7,
    "road_access_score": 0.8,
    "road_density_km_km2": 7.846,
    "robustness_pct": 0.0,
    "runoff_coeff_C": null,
    "seasonal_cv": null,
    "segment_id": 68,
    "segment_length_m": 1610.7722,
    "stream_order": 3,
    "superfund_score": 0.0,
    "tourism_amenity_density": 26.4197,
    "tri_facility_density": 0.0,
    "usgs_mean_q_cfs": null,
    "velocity_feasibility": 1.0,
    "water_intake_score": 0.0
   },
   "type": "Feature"
  },
  {
   "geometry": {
    "coordinates": [
     -80.932779,
     35.157269
    ],
    "type": "Point"
   },
   "properties": {
    "accumulation": 41816.0,
    "bank_slope_deg": 2.09,
    "bank_slope_score": 1.0,
    "beach_dist_km": 306.04,
    "bridge_proximity_bonus": 0.0,
    "catchment_area_km2": 4.1718,
    "channel_width_m": 5.64,
    "channel_width_score": 1.0,
    "composite_score": 34.2847,
    "cso_density": 0.0,
    "dem_lat": 35.157263,
    "dem_lon": -80.932734,
    "ej_index": 0.5289,
    "elevation_m": 177.0799,
    "estuary_dist_km": 444.3,
    "feasibility_score": 75.2381,
    "flood_q10_cfs": 1011.55,
    "flow_score": 10.876,
    "flow_velocity_ms": 0.0601,
    "generation_score": 39.6854,
    "impact_score": 27.9147,
    "impervious_pct": 35.27,
    "land_ownership": 0.5,
    "lat": 35.1573,
    "litter_complaint_density": 0.0,
    "lon": -80.9327,
    "npdes_points": 1,
    "pixel_col": 323.0,
    "pixel_row": 1613.0,
    "population_density": 1836.0,
    "position_along": 0.5,
    "protected_area_score": 0.0,
    "rank": 88,
    "river_name": "Coffey Creek",
    "road_access_m": 158.8,
    "road_access_score": 1.0,
    "road_density_km_km2": 4.325,
    "robustness_pct": 0.0,
    "runoff_coeff_C": 0.3674,
    "seasonal_cv": 0.5159,
    "segment_id": 76,
    "segment_length_m": 1387.482,
    "snap_dist_m": 4.1,
    "stream_order": 1,
    "superfund_score": 0.0,
    "tourism_amenity_density": 1.7507,
    "tri_facility_density": 0.0,
    "usgs_mean_q_cfs": 10.696,
    "velocity_feasibility": 0.7,
    "water_intake_score": 0.0
   },
   "type": "Feature"
  },
  {
   "geometry": {
    "coordinates": [
     -80.91295,
     35.295193
    ],
    "type": "Point"
   },
   "properties": {
    "accumulation": 41117.0,
    "bank_slope_deg": 3.33,
    "bank_slope_score": 1.0,
    "beach_dist_km": 309.76,
    "bridge_proximity_bonus": 0.0,
    "catchment_area_km2": 4.102,
    "channel_width_m": 5.6,
    "channel_width_score": 1.0,
    "composite_score": 34.2294,
    "cso_density": 0.0,
    "dem_lat": 35.295282,
    "dem_lon": -80.912865,
    "ej_index": 0.714,
    "elevation_m": 213.6107,
    "estuary_dist_km": 442.8,
    "feasibility_score": 75.2381,
    "flood_q10_cfs": 821.02,
    "flow_score": 23.5262,
    "flow_velocity_ms": 0.1298,
    "generation_score": 23.1462,
    "impact_score": 33.7275,
    "impervious_pct": 24.07,
    "land_ownership": 0.5,
    "lat": 35.2953,
    "litter_complaint_density": 0.0,
    "lon": -80.9129,
    "npdes_points": 2,
    "pixel_col": 500.0,
    "pixel_row": 79.0,
    "population_density": 694.4,
    "position_along": 0.25,
    "protected_area_score": 0.0,
    "rank": 89,
    "river_name": "Gum Branch",
    "road_access_m": 121.1,
    "road_access_score": 1.0,
    "road_density_km_km2": 4.726,
    "robustness_pct": 0.0,
    "runoff_coeff_C": 0.2666,
    "seasonal_cv": 0.4951,
    "segment_id": 0,
    "segment_length_m": 3991.7639,
    "snap_dist_m": 12.5,
    "stream_order": 3,
    "superfund_score": 0.0,
    "tourism_amenity_density": 0.6366,
    "tri_facility_density": 0.0,
    "usgs_mean_q_cfs": 5.955,
    "velocity_feasibility": 0.7,
    "water_intake_score": 0.0
   },
   "type": "Feature"
  },
  {
   "geometry": {
    "coordinates": [
     -80.955707,
     35.257332
    ],
    "type": "Point"
   },
   "properties": {
    "accumulation": 184727.0,
    "bank_slope_deg": 5.43,
    "bank_slope_score": 1.0,
    "beach_dist_km": 311.83,
    "bridge_proximity_bonus": 0.0,
    "catchment_area_km2": 18.4292,
    "channel_width_m": 10.46,
    "channel_width_score": 1.0,
    "composite_score": 34.1194,
    "cso_density": 0.0,
    "dem_lat": 35.257315,
    "dem_lon": -80.955731,
    "ej_index": 0.6657,
    "elevation_m": 184.4947,
    "estuary_dist_km": 446.55,
    "feasibility_score": 75.2381,
    "flood_q10_cfs": 2092.3,
    "flow_score": 28.9534,
    "flow_velocity_ms": 0.0847,
    "generation_score": 26.1818,
    "impact_score": 25.8027,
    "impervious_pct": 27.29,
    "land_ownership": 0.5,
    "lat": 35.2573,
    "litter_complaint_density": 0.0,
    "lon": -80.9557,
    "npdes_points": 4,
    "pixel_col": 110.0,
    "pixel_row": 498.0,
    "population_density": 574.0,
    "position_along": 0.75,
    "protected_area_score": 0.0,
    "rank": 90,
    "river_name": "Paw Creek",
    "road_access_m": 119.3,
    "road_access_score": 1.0,
    "road_density_km_km2": 5.228,
    "robustness_pct": 0.0,
    "runoff_coeff_C": 0.2956,
    "seasonal_cv": 0.5055,
    "segment_id": 20,
    "segment_length_m": 3252.219,
    "snap_dist_m": 2.8,
    "stream_order": 3,
    "superfund_score": 0.0,
    "tourism_amenity_density": 1.9894,
    "tri_facility_density": 0.0543,
    "usgs_mean_q_cfs": 7.98,
    "velocity_feasibility": 0.7,
    "water_intake_score": 0.0
   },
   "type": "Feature"
  },
  {
   "geometry": {
    "coordinates": [
     -80.771099,
     35.297459
    ],
    "type": "Point"
   },
   "properties": {
    "accumulation": 42342.0,
    "bank_slope_deg": 3.79,
    "bank_slope_score": 1.0,
    "beach_dist_km": 297.98,
    "bridge_proximity_bonus": 0.0,
    "catchment_area_km2": 4.2242,
    "channel_width_m": 5.67,
    "channel_width_score": 1.0,
    "composite_score": 33.5249,
    "cso_density": 0.0,
    "dem_lat": 35.297499,
    "dem_lon": -80.771164,
    "ej_index": 0.5364,
    "elevation_m": 204.9314,
    "estuary_dist_km": 429.96,
    "feasibility_score": 41.9048,
    "flood_q10_cfs": 978.79,
    "flow_score": 10.7884,
    "flow_velocity_ms": 0.1331,
    "generation_score": 28.6671,
    "impact_score": 53.1398,
    "impervious_pct": 32.85,
    "land_ownership": 0.5,
    "lat": 35.2975,
    "litter_complaint_density": 0.0,
    "lon": -80.7712,
    "npdes_points": 0,
    "pixel_col": 1794.0,
    "pixel_row": 50.0,
    "population_density": 454.3,
    "position_along": 0.5,
    "protected_area_score": 0.0,
    "rank": 91,
    "river_name": "Doby Creek",
    "road_access_m": 503.5,
    "road_access_score": 0.6,
    "road_density_km_km2": 5.559,
    "robustness_pct": 0.0,
    "runoff_coeff_C": 0.3456,
    "seasonal_cv": 0.4607,
    "segment_id": 5,
    "segment_length_m": 2047.9526,
    "snap_dist_m": 7.3,
    "stream_order": 1,
    "superfund_score": 0.0,
    "tourism_amenity_density": 4.6951,
    "tri_facility_density": 0.2367,
    "usgs_mean_q_cfs": 3.692,
    "velocity_feasibility": 0.7,
    "water_intake_score": 0.0
   },
   "type": "Feature"
  },
  {
   "geometry": {
    "coordinates": [
     -80.946217,
     35.299341
    ],
    "type": "Point"
   },
   "properties": {
    "accumulation": 107419.0,
    "bank_slope_deg": 8.09,
    "bank_slope_score": 1.0,
    "beach_dist_km": 312.73,
    "bridge_proximity_bonus": 0.2,
    "catchment_area_km2": 10.7166,
    "channel_width_m": 8.35,
    "channel_width_score": 1.0,
    "composite_score": 32.6514,
    "cso_density": 0.0,
    "dem_lat": 35.299392,
    "dem_lon": -80.946175,
    "ej_index": 0.558,
    "elevation_m": 194.0139,
    "estuary_dist_km": 445.83,
    "feasibility_score": 88.5714,
    "flood_q10_cfs": 1482.14,
    "flow_score": 26.2307,
    "flow_velocity_ms": 0.1269,
    "generation_score": 21.7143,
    "impact_score": 20.9792,
    "impervious_pct": 24.07,
    "land_ownership": 0.5,
    "lat": 35.2994,
    "litter_complaint_density": 0.0,
    "lon": -80.9462,
    "npdes_points": 2,
    "pixel_col": 197.0,
    "pixel_row": 32.0,
    "population_density": 602.9,
    "position_along": 0.5,
    "protected_area_score": 0.0,
    "rank": 92,
    "river_name": "Gum Branch",
    "road_access_m": 48.7,
    "road_access_score": 1.0,
    "road_density_km_km2": 4.174,
    "robustness_pct": 0.0,
    "runoff_coeff_C": 0.2666,
    "seasonal_cv": 0.4951,
    "segment_id": 3,
    "segment_length_m": 1463.3723,
    "snap_dist_m": 6.9,
    "stream_order": 3,
    "superfund_score": 0.0,
    "tourism_amenity_density": 0.7958,
    "tri_facility_density": 0.0,
    "usgs_mean_q_cfs": 5.955,
    "velocity_feasibility": 0.7,
    "water_intake_score": 0.0
   },
   "type": "Feature"
  },
  {
   "geometry": {
    "coordinates": [
     -80.966075,
     35.256136
    ],
    "type": "Point"
   },
   "properties": {
    "accumulation": 222266.0,
    "bank_slope_deg": 5.36,
    "bank_slope_score": 1.0,
    "beach_dist_km": 312.65,
    "bridge_proximity_bonus": 0.0,
    "catchment_area_km2": 22.1743,
    "channel_width_m": 11.29,
    "channel_width_score": 1.0,
    "composite_score": 32.6288,
    "cso_density": 0.0,
    "dem_lat": 35.256131,
    "dem_lon": -80.966032,
    "ej_index": 0.6442,
    "elevation_m": 179.9827,
    "estuary_dist_km": 447.48,
    "feasibility_score": 75.2381,
    "flood_q10_cfs": 2342.21,
    "flow_score": 30.5525,
    "flow_velocity_ms": 0.0518,
    "generation_score": 22.7474,
    "impact_score": 22.9358,
    "impervious_pct": 28.04,
    "land_ownership": 0.5,
    "lat": 35.2561,
    "litter_complaint_density": 0.0,
    "lon": -80.966,
    "npdes_points": 4,
    "pixel_col": 17.0,
    "pixel_row": 516.0,
    "population_density": 457.5,
    "position_along": 0.5,
    "protected_area_score": 0.0,
    "rank": 93,
    "river_name": "Paw Creek",
    "road_access_m": 123.1,
    "road_access_score": 1.0,
    "road_density_km_km2": 3.336,
    "robustness_pct": 0.0,
    "runoff_coeff_C": 0.3024,
    "seasonal_cv": 0.5159,
    "segment_id": 26,
    "segment_length_m": 1016.2037,
    "snap_dist_m": 4.0,
    "stream_order": 3,
    "superfund_score": 0.0,
    "tourism_amenity_density": 1.512,
    "tri_facility_density": 0.0,
    "usgs_mean_q_cfs": 11.15,
    "velocity_feasibility": 0.7,
    "water_intake_score": 0.0
   },
   "type": "Feature"
  },
  {
   "geometry": {
    "coordinates": [
     -80.945056,
     35.260377
    ],
    "type": "Point"
   },
   "properties": {
    "accumulation": 149154.0,
    "bank_slope_deg": 4.1,
    "bank_slope_score": 1.0,
    "beach_dist_km": 311.04,
    "bridge_proximity_bonus": 0.0,
    "catchment_area_km2": 14.8803,
    "channel_width_m": 9.57,
    "channel_width_score": 1.0,
    "composite_score": 32.5611,
    "cso_density": 0.0,
    "dem_lat": 35.260358,
    "dem_lon": -80.944947,
    "ej_index": 0.6815,
    "elevation_m": 191.9006,
    "estuary_dist_km": 445.58,
    "feasibility_score": 60.0,
    "flood_q10_cfs": 1858.53,
    "flow_score": 26.9845,
    "flow_velocity_ms": 0.0478,
    "generation_score": 27.5564,
    "impact_score": 28.4934,
    "impervious_pct": 27.29,
    "land_ownership": 0.5,
    "lat": 35.2604,
    "litter_complaint_density": 0.0,
    "lon": -80.9449,
    "npdes_points": 3,
    "pixel_col": 210.0,
    "pixel_row": 468.0,
    "population_density": 756.6,
    "position_along": 0.25,
    "protected_area_score": 0.0,
    "rank": 94,
    "river_name": "Paw Creek",
    "road_access_m": 103.1,
    "road_access_score": 1.0,
    "road_density_km_km2": 6.465,
    "robustness_pct": 0.0,
    "runoff_coeff_C": 0.2956,
    "seasonal_cv": 0.5055,
    "segment_id": 20,
    "segment_length_m": 3252.219,
    "snap_dist_m": 10.1,
    "stream_order": 3,
    "superfund_score": 0.0,
    "tourism_amenity_density": 2.6261,
    "tri_facility_density": 0.0,
    "usgs_mean_q_cfs": 7.98,
    "velocity_feasibility": 0.3,
    "water_intake_score": 0.0
   },
   "type": "Feature"
  },
  {
   "geometry": {
    "coordinates": [
     -80.930609,
     35.29934
    ],
    "type": "Point"
   },
   "properties": {
    "accumulation": 68928.0,
    "bank_slope_deg": 3.96,
    "bank_slope_score": 1.0,
    "beach_dist_km": 311.42,
    "bridge_proximity_bonus": 0.0,
    "catchment_area_km2": 6.8766,
    "channel_width_m": 6.94,
    "channel_width_score": 1.0,
    "composite_score": 31.4775,
    "cso_density": 0.0,
    "dem_lat": 35.299437,
    "dem_lon": -80.930593,
    "ej_index": 0.5837,
    "elevation_m": 199.3386,
    "estuary_dist_km": 444.42,
    "feasibility_score": 75.2381,
    "flood_q10_cfs": 1211.82,
    "flow_score": 24.2318,
    "flow_velocity_ms": 0.0998,
    "generation_score": 22.1044,
    "impact_score": 25.0083,
    "impervious_pct": 24.07,
    "land_ownership": 0.5,
    "lat": 35.2994,
    "litter_complaint_density": 0.0,
    "lon": -80.9306,
    "npdes_points": 2,
    "pixel_col": 339.0,
    "pixel_row": 33.0,
    "population_density": 637.4,
    "position_along": 0.75,
    "protected_area_score": 0.0,
    "rank": 95,
    "river_name": "Gum Branch",
    "road_access_m": 85.3,
    "road_access_score": 1.0,
    "road_density_km_km2": 4.209,
    "robustness_pct": 0.0,
    "runoff_coeff_C": 0.2666,
    "seasonal_cv": 0.4951,
    "segment_id": 0,
    "segment_length_m": 3991.7639,
    "snap_dist_m": 10.9,
    "stream_order": 3,
    "superfund_score": 0.0,
    "tourism_amenity_density": 1.1937,
    "tri_facility_density": 0.0,
    "usgs_mean_q_cfs": 5.955,
    "velocity_feasibility": 0.7,
    "water_intake_score": 0.0
   },
   "type": "Feature"
  },
  {
   "geometry": {
    "coordinates": [
     -80.943038,
     35.188406
    ],
    "type": "Point"
   },
   "properties": {
    "accumulation": 101411.0,
    "bank_slope_deg": 4.58,
    "bank_slope_score": 1.0,
    "beach_dist_km": 308.08,
    "bridge_proximity_bonus": 0.0,
    "catchment_area_km2": 10.1172,
    "channel_width_m": 8.15,
    "channel_width_score": 1.0,
    "composite_score": 31.2732,
    "cso_density": 0.0,
    "dem_lat": 35.188452,
    "dem_lon": -80.94306,
    "ej_index": 0.5038,
    "elevation_m": 186.9095,
    "estuary_dist_km": 445.26,
    "feasibility_score": 58.5714,
    "flood_q10_cfs": 1853.21,
    "flow_score": 28.5716,
    "flow_velocity_ms": 0.1291,
    "generation_score": 27.5966,
    "impact_score": 23.5521,
    "impervious_pct": 42.55,
    "land_ownership": 0.5,
    "lat": 35.1885,
    "litter_complaint_density": 0.0,
    "lon": -80.9431,
    "npdes_points": 6,
    "pixel_col": 226.0,
    "pixel_row": 1266.0,
    "population_density": 120.6,
    "position_along": 0.5,
    "protected_area_score": 0.0,
    "rank": 96,
    "river_name": "Coffey Creek",
    "road_access_m": 408.5,
    "road_access_score": 0.8,
    "road_density_km_km2": 3.103,
    "robustness_pct": 0.0,
    "runoff_coeff_C": 0.4329,
    "seasonal_cv": 0.4934,
    "segment_id": 54,
    "segment_length_m": 2825.7367,
    "snap_dist_m": 5.4,
    "stream_order": 3,
    "superfund_score": 0.0,
    "tourism_amenity_density": 0.557,
    "tri_facility_density": 0.0,
    "usgs_mean_q_cfs": 4.613,
    "velocity_feasibility": 0.7,
    "water_intake_score": 0.0
   },
   "type": "Feature"
  },
  {
   "geometry": {
    "coordinates": [
     -80.936581,
     35.177407
    ],
    "type": "Point"
   },
   "properties": {
    "accumulation": 148344.0,
    "bank_slope_deg": 4.15,
    "bank_slope_score": 1.0,
    "beach_dist_km": 307.11,
    "bridge_proximity_bonus": 0.0,
    "catchment_area_km2": 14.7995,
    "channel_width_m": 9.55,
    "channel_width_score": 1.0,
    "composite_score": 30.9959,
    "cso_density": 0.0,
    "dem_lat": 35.177407,
    "dem_lon": -80.936557,
    "ej_index": 0.4713,
    "elevation_m": 183.5235,
    "estuary_dist_km": 444.66,
    "feasibility_score": 58.5714,
    "flood_q10_cfs": 2068.9,
    "flow_score": 29.9291,
    "flow_velocity_ms": 0.0883,
    "generation_score": 25.0997,
    "impact_score": 23.9932,
    "impervious_pct": 35.27,
    "land_ownership": 0.5,
    "lat": 35.1774,
    "litter_complaint_density": 0.0,
    "lon": -80.9366,
    "npdes_points": 2,
    "pixel_col": 289.0,
    "pixel_row": 1389.0,
    "population_density": 314.8,
    "position_along": 0.5,
    "protected_area_score": 0.0,
    "rank": 97,
    "river_name": "Coffey Creek",
    "road_access_m": 406.4,
    "road_access_score": 0.8,
    "road_density_km_km2": 3.683,
    "robustness_pct": 0.0,
    "runoff_coeff_C": 0.3674,
    "seasonal_cv": 0.5159,
    "segment_id": 63,
    "segment_length_m": 451.5999,
    "snap_dist_m": 2.1,
    "stream_order": 3,
    "superfund_score": 0.0,
    "tourism_amenity_density": 1.3528,
    "tri_facility_density": 0.0676,
    "usgs_mean_q_cfs": 10.696,
    "velocity_feasibility": 0.7,
    "water_intake_score": 0.0
   },
   "type": "Feature"
  },
  {
   "geometry": {
    "coordinates": [
     -80.938945,
     35.296201
    ],
    "type": "Point"
   },
   "properties": {
    "accumulation": 20764.0,
    "bank_slope_deg": 8.58,
    "bank_slope_score": 1.0,
    "beach_dist_km": 311.96,
    "bridge_proximity_bonus": 0.0,
    "catchment_area_km2": 2.0715,
    "channel_width_m": 4.22,
    "channel_width_score": 1.0,
    "composite_score": 30.8729,
    "cso_density": 0.0,
    "dem_lat": 35.295118,
    "dem_lon": -80.939101,
    "ej_index": 0.5774,
    "elevation_m": 197.786,
    "estuary_dist_km": 445.18,
    "feasibility_score": 75.2381,
    "flood_q10_cfs": 490.63,
    "flow_score": 21.8432,
    "flow_velocity_ms": 0.1084,
    "generation_score": 23.7025,
    "impact_score": 23.3853,
    "impervious_pct": 24.07,
    "land_ownership": 0.5,
    "lat": 35.2951,
    "litter_complaint_density": 0.0,
    "lon": -80.9391,
    "npdes_points": 0,
    "pixel_col": 264.0,
    "pixel_row": 79.0,
    "population_density": 719.2,
    "position_along": 0.5,
    "protected_area_score": 0.0,
    "rank": 98,
    "river_name": "Gum Branch",
    "road_access_m": 65.2,
    "road_access_score": 1.0,
    "road_density_km_km2": 6.552,
    "robustness_pct": 0.0,
    "runoff_coeff_C": 0.2666,
    "seasonal_cv": 0.4951,
    "segment_id": 2,
    "segment_length_m": 349.294,
    "snap_dist_m": 121.0,
    "stream_order": 3,
    "superfund_score": 0.0,
    "tourism_amenity_density": 1.2732,
    "tri_facility_density": 0.0,
    "usgs_mean_q_cfs": 5.955,
    "velocity_feasibility": 0.7,
    "water_intake_score": 0.0
   },
   "type": "Feature"
  },
  {
   "geometry": {
    "coordinates": [
     -80.93741,
     35.179848
    ],
    "type": "Point"
   },
   "properties": {
    "accumulation": 21000.0,
    "bank_slope_deg": 0.7,
    "bank_slope_score": 1.0,
    "beach_dist_km": 307.29,
    "bridge_proximity_bonus": 0.0,
    "catchment_area_km2": 2.0951,
    "channel_width_m": 4.24,
    "channel_width_score": 1.0,
    "composite_score": 27.6713,
    "cso_density": 0.0,
    "dem_lat": 35.179744,
    "dem_lon": -80.937652,
    "ej_index": 0.4339,
    "elevation_m": 184.802,
    "estuary_dist_km": 444.76,
    "feasibility_score": 70.0,
    "flood_q10_cfs": 324.73,
    "flow_score": 40.027,
    "flow_velocity_ms": 0.5,
    "generation_score": 1.8034,
    "impact_score": 22.0785,
    "impervious_pct": null,
    "land_ownership": 0.5,
    "lat": 35.1797,
    "litter_complaint_density": 0.0,
    "lon": -80.9377,
    "npdes_points": 0,
    "pixel_col": 279.0,
    "pixel_row": 1363.0,
    "population_density": 144.8,
    "position_along": 0.5,
    "protected_area_score": 0.0,
    "rank": 99,
    "river_name": "Coffey Creek",
    "road_access_m": 449.8,
    "road_access_score": 0.8,
    "road_density_km_km2": 2.127,
    "robustness_pct": 0.0,
    "runoff_coeff_C": null,
    "seasonal_cv": null,
    "segment_id": 62,
    "segment_length_m": 201.1843,
    "snap_dist_m": 24.9,
    "stream_order": 3,
    "superfund_score": 0.0,
    "tourism_amenity_density": 1.1141,
    "tri_facility_density": 0.0,
    "usgs_mean_q_cfs": null,
    "velocity_feasibility": 1.0,
    "water_intake_score": 0.0
   },
   "type": "Feature"
  },
  {
   "geometry": {
    "coordinates": [
     -80.962375,
     35.255947
    ],
    "type": "Point"
   },
   "properties": {
    "accumulation": 21628.0,
    "bank_slope_deg": 0.49,
    "bank_slope_score": 1.0,
    "beach_dist_km": 312.32,
    "bridge_proximity_bonus": 0.0,
    "catchment_area_km2": 2.1577,
    "channel_width_m": 4.29,
    "channel_width_score": 1.0,
    "composite_score": 26.6259,
    "cso_density": 0.0,
    "dem_lat": 35.257109,
    "dem_lon": -80.961626,
    "ej_index": 0.6355,
    "elevation_m": 184.7913,
    "estuary_dist_km": 447.09,
    "feasibility_score": 60.0,
    "flood_q10_cfs": 466.15,
    "flow_score": 18.6691,
    "flow_velocity_ms": 0.032,
    "generation_score": 19.7588,
    "impact_score": 23.4366,
    "impervious_pct": 19.39,
    "land_ownership": 0.5,
    "lat": 35.2571,
    "litter_complaint_density": 0.0,
    "lon": -80.9616,
    "npdes_points": 0,
    "pixel_col": 60.0,
    "pixel_row": 505.0,
    "population_density": 673.7,
    "position_along": 0.5,
    "protected_area_score": 0.0,
    "rank": 100,
    "river_name": "Paw Creek",
    "road_access_m": 106.1,
    "road_access_score": 1.0,
    "road_density_km_km2": 5.257,
    "robustness_pct": 0.0,
    "runoff_coeff_C": 0.2245,
    "seasonal_cv": 0.4616,
    "segment_id": 25,
    "segment_length_m": 454.0234,
    "snap_dist_m": 145.8,
    "stream_order": 3,
    "superfund_score": 0.0,
    "tourism_amenity_density": 1.9099,
    "tri_facility_density": 0.0,
    "usgs_mean_q_cfs": 1.273,
    "velocity_feasibility": 0.3,
    "water_intake_score": 0.0
   },
   "type": "Feature"
  },
  {
   "geometry": {
    "coordinates": [
     -80.947438,
     35.204459
    ],
    "type": "Point"
   },
   "properties": {
    "accumulation": 35321.0,
    "bank_slope_deg": 5.25,
    "bank_slope_score": 1.0,
    "beach_dist_km": 309.06,
    "bridge_proximity_bonus": 0.0,
    "catchment_area_km2": 3.5238,
    "channel_width_m": 5.26,
    "channel_width_score": 1.0,
    "composite_score": 26.251,
    "cso_density": 0.0,
    "ej_index": 0.5052,
    "elevation_m": 199.6903,
    "estuary_dist_km": 445.68,
    "feasibility_score": 43.3333,
    "flood_q10_cfs": 1011.74,
    "flow_score": 23.3057,
    "flow_velocity_ms": 0.035,
    "generation_score": 24.2115,
    "impact_score": 22.2039,
    "impervious_pct": 42.55,
    "land_ownership": 0.5,
    "lat": 35.2045,
    "litter_complaint_density": 0.0,
    "lon": -80.9474,
    "npdes_points": 4,
    "pixel_col": 190.0,
    "pixel_row": 1089.0,
    "population_density": 0.0,
    "position_along": 0.5,
    "protected_area_score": 0.0,
    "rank": 101,
    "river_name": "Coffey Creek",
    "road_access_m": 227.2,
    "road_access_score": 0.8,
    "road_density_km_km2": 2.126,
    "robustness_pct": 0.0,
    "runoff_coeff_C": 0.4329,
    "seasonal_cv": 0.4934,
    "segment_id": 48,
    "segment_length_m": 2144.4075,
    "stream_order": 3,
    "superfund_score": 0.0,
    "tourism_amenity_density": 0.4775,
    "tri_facility_density": 0.0,
    "usgs_mean_q_cfs": 4.613,
    "velocity_feasibility": 0.3,
    "water_intake_score": 0.0
   },
   "type": "Feature"
  },
  {
   "geometry": {
    "coordinates": [
     -80.963097,
     35.238792
    ],
    "type": "Point"
   },
   "properties": {
    "accumulation": 32108.0,
    "bank_slope_deg": 9.53,
    "bank_slope_score": 1.0,
    "beach_dist_km": 311.74,
    "bridge_proximity_bonus": 0.0,
    "catchment_area_km2": 3.2032,
    "channel_width_m": 5.06,
    "channel_width_score": 1.0,
    "composite_score": 25.9402,
    "cso_density": 0.0,
    "dem_lat": 35.238856,
    "dem_lon": -80.963272,
    "ej_index": 0.6279,
    "elevation_m": 186.2635,
    "estuary_dist_km": 447.18,
    "feasibility_score": 75.2381,
    "flood_q10_cfs": 695.38,
    "flow_score": 9.0027,
    "flow_velocity_ms": 0.1564,
    "generation_score": 17.1945,
    "impact_score": 24.1516,
    "impervious_pct": 25.23,
    "land_ownership": 0.5,
    "lat": 35.2389,
    "litter_complaint_density": 0.0,
    "lon": -80.9633,
    "npdes_points": 3,
    "pixel_col": 43.0,
    "pixel_row": 707.0,
    "population_density": 143.4,
    "position_along": 0.5,
    "protected_area_score": 0.0,
    "rank": 102,
    "river_name": "Ticer Branch",
    "road_access_m": 60.6,
    "road_access_score": 1.0,
    "road_density_km_km2": 3.075,
    "robustness_pct": 0.0,
    "runoff_coeff_C": 0.2771,
    "seasonal_cv": 0.4765,
    "segment_id": 36,
    "segment_length_m": 1139.9057,
    "snap_dist_m": 17.5,
    "stream_order": 1,
    "superfund_score": 0.0,
    "tourism_amenity_density": 4.138,
    "tri_facility_density": 0.0,
    "usgs_mean_q_cfs": 2.462,
    "velocity_feasibility": 0.7,
    "water_intake_score": 0.0
   },
   "type": "Feature"
  },
  {
   "geometry": {
    "coordinates": [
     -80.954553,
     35.298518
    ],
    "type": "Point"
   },
   "properties": {
    "accumulation": 22740.0,
    "bank_slope_deg": 0.45,
    "bank_slope_score": 1.0,
    "beach_dist_km": 313.4,
    "bridge_proximity_bonus": 0.0,
    "catchment_area_km2": 2.2687,
    "channel_width_m": 4.38,
    "channel_width_score": 1.0,
    "composite_score": 25.6752,
    "cso_density": 0.0,
    "ej_index": 0.5646,
    "elevation_m": 193.4257,
    "estuary_dist_km": 446.59,
    "feasibility_score": 70.0,
    "flood_q10_cfs": 344.8,
    "flow_score": 26.1064,
    "flow_velocity_ms": 0.5,
    "generation_score": 9.072,
    "impact_score": 19.7567,
    "impervious_pct": null,
    "land_ownership": 0.5,
    "lat": 35.2985,
    "litter_complaint_density": 0.0,
    "lon": -80.9546,
    "npdes_points": 0,
    "pixel_col": 123.0,
    "pixel_row": 41.0,
    "population_density": 539.7,
    "position_along": 0.5,
    "protected_area_score": 0.0,
    "rank": 103,
    "river_name": "Gum Branch",
    "road_access_m": 220.4,
    "road_access_score": 0.8,
    "road_density_km_km2": 5.768,
    "robustness_pct": 0.0,
    "runoff_coeff_C": null,
    "seasonal_cv": null,
    "segment_id": 1,
    "segment_length_m": 879.3801,
    "stream_order": 1,
    "superfund_score": 0.0,
    "tourism_amenity_density": 0.7958,
    "tri_facility_density": 0.0,
    "usgs_mean_q_cfs": null,
    "velocity_feasibility": 1.0,
    "water_intake_score": 0.0
   },
   "type": "Feature"
  },
  {
   "geometry": {
    "coordinates": [
     -80.952406,
     35.197818
    ],
    "type": "Point"
   },
   "properties": {
    "accumulation": 33111.0,
    "bank_slope_deg": 6.02,
    "bank_slope_score": 1.0,
    "beach_dist_km": 309.23,
    "bridge_proximity_bonus": 0.0,
    "catchment_area_km2": 3.3033,
    "channel_width_m": 5.12,
    "channel_width_score": 1.0,
    "composite_score": 23.543,
    "cso_density": 0.0,
    "ej_index": 0.4985,
    "elevation_m": 203.8497,
    "estuary_dist_km": 446.12,
    "feasibility_score": 26.6667,
    "flood_q10_cfs": 963.66,
    "flow_score": 23.1419,
    "flow_velocity_ms": 0.0345,
    "generation_score": 24.6915,
    "impact_score": 21.1668,
    "impervious_pct": 42.55,
    "land_ownership": 0.5,
    "lat": 35.1978,
    "litter_complaint_density": 0.0,
    "lon": -80.9524,
    "npdes_points": 5,
    "pixel_col": 144.0,
    "pixel_row": 1163.0,
    "population_density": 12.6,
    "position_along": 0.5,
    "protected_area_score": 0.0,
    "rank": 104,
    "river_name": "Coffey Creek",
    "road_access_m": 653.6,
    "road_access_score": 0.6,
    "road_density_km_km2": 1.788,
    "robustness_pct": 0.0,
    "runoff_coeff_C": 0.4329,
    "seasonal_cv": 0.4934,
    "segment_id": 53,
    "segment_length_m": 1188.0114,
    "stream_order": 3,
    "superfund_score": 0.0,
    "tourism_amenity_density": 0.1592,
    "tri_facility_density": 0.0,
    "usgs_mean_q_cfs": 4.613,
    "velocity_feasibility": 0.3,
    "water_intake_score": 0.0
   },
   "type": "Feature"
  }
 ],
 "note": "GRIME region 'Charlotte, NC' \u2014 real-data pipeline (DEM\u2192streams\u2192candidates\u2192region-appropriate real parameters\u2192shipped scoring, math unchanged). Width curve: Bieger et al. 2015 JAWRA Table 3, Appalachian Highlands. Flood: SIR 2014-5030 HR1. NC Piedmont",
 "provenance": {
  "candidates_pre_gate": 104,
  "constant": [
   "bank_slope_score",
   "cso_density",
   "land_ownership",
   "litter_complaint_density",
   "protected_area_score",
   "superfund_score",
   "water_intake_score"
  ],
  "hard_gate_removed": 0,
  "n_parameters": 27,
  "parameters": {
   "bank_slope_score": {
    "kind": "real",
    "n_real": 104,
    "n_sites": 104,
    "source": "region DEM gradient (3x3)"
   },
   "beach_dist_km": {
    "kind": "real",
    "n_real": 104,
    "n_sites": 104,
    "source": "haversine to region ref: Wrightsville Beach (shipped NC reference)"
   },
   "bridge_proximity_bonus": {
    "kind": "real",
    "n_real": 104,
    "n_sites": 104,
    "source": "FHWA/BTS NBI (NTAD), 50 m proximity"
   },
   "catchment_area_km2": {
    "kind": "real",
    "n_real": 104,
    "n_sites": 104,
    "source": "DEM flow accumulation (pipeline)"
   },
   "channel_width_score": {
    "kind": "real",
    "n_real": 104,
    "n_sites": 104,
    "source": "Bieger 2015 AHI width curve on DEM drainage area \u2192 shipped width curve"
   },
   "cso_density": {
    "kind": "real",
    "n_real": 104,
    "n_sites": 104,
    "source": "EPA ECHO CSO inventory (national bulk), Cauchy proximity"
   },
   "ej_index": {
    "kind": "real",
    "n_real": 104,
    "n_sites": 104,
    "source": "Census ACS C17002+B03002 two-component demographic index, percentile-ranked within region"
   },
   "estuary_dist_km": {
    "kind": "real",
    "n_real": 104,
    "n_sites": 104,
    "source": "haversine to region ref: Pamlico Sound (shipped NC reference)"
   },
   "flood_q10_cfs": {
    "kind": "real",
    "n_real": 104,
    "n_sites": 104,
    "source": "USGS SIR 2014-5030 Table 7 HR1 (NC Piedmont only)"
   },
   "flow_velocity_ms": {
    "kind": "real",
    "n_real": 93,
    "n_sites": 104,
    "source": "Manning (region DEM/D8) blended with EROM continuity (shipped M4 logic)"
   },
   "impervious_pct": {
    "kind": "real",
    "n_real": 93,
    "n_sites": 104,
    "source": "EPA StreamCat pctimp2019 (per NHDPlus watershed)"
   },
   "land_ownership": {
    "kind": "fallback",
    "n_real": 0,
    "n_sites": 104,
    "source": "no parcel integration for this region (Durham only) \u2014 unknown 0.5"
   },
   "litter_complaint_density": {
    "kind": "fallback",
    "n_real": 0,
    "n_sites": 104,
    "source": "no machine-readable 311/litter source for this region"
   },
   "npdes_points": {
    "kind": "real",
    "n_real": 104,
    "n_sites": 104,
    "source": "EPA ECHO NPDES outfalls (national bulk), per catchment"
   },
   "population_density": {
    "kind": "real",
    "n_real": 104,
    "n_sites": 104,
    "source": "Census ACS 2022 B01003 block groups (bbox, multi-county), area-weighted"
   },
   "protected_area_score": {
    "kind": "fallback",
    "n_real": 0,
    "n_sites": 104,
    "source": "PAD-US services unreachable; OSM proxy saturates \u2014 documented fallback"
   },
   "road_access_score": {
    "kind": "real",
    "n_real": 104,
    "n_sites": 104,
    "source": "OSM drive network nearest-node distance"
   },
   "road_density_km_km2": {
    "kind": "real",
    "n_real": 104,
    "n_sites": 104,
    "source": "OSM drive network (osmnx, cached) clipped per catchment"
   },
   "runoff_coeff_C": {
    "kind": "real",
    "n_real": 93,
    "n_sites": 104,
    "source": "derived from real impervious_pct (C=0.05+0.009*I)"
   },
   "seasonal_cv": {
    "kind": "real",
    "n_real": 93,
    "n_sites": 104,
    "source": "CV of NHDPlus EROM monthly flows per COMID"
   },
   "stream_order": {
    "kind": "real",
    "n_real": 104,
    "n_sites": 104,
    "source": "DEM stream-network confluence heuristic (pipeline)"
   },
   "superfund_score": {
    "kind": "fallback",
    "n_real": 0,
    "n_sites": 104,
    "source": "not wired (low weight; roadmap)"
   },
   "tourism_amenity_density": {
    "kind": "real",
    "n_real": 104,
    "n_sites": 104,
    "source": "OSM leisure/tourism features per 2 km radius"
   },
   "tri_facility_density": {
    "kind": "real",
    "n_real": 104,
    "n_sites": 104,
    "source": "EPA Envirofacts TRI state=NC (sign-fixed), per catchment"
   },
   "usgs_mean_q_cfs": {
    "kind": "real",
    "n_real": 93,
    "n_sites": 104,
    "source": "NHDPlus EROM qe_ma per COMID (snap-guarded)"
   },
   "velocity_feasibility": {
    "kind": "real",
    "n_real": 93,
    "n_sites": 104,
    "source": "shipped step curve on the computed velocity"
   },
   "water_intake_score": {
    "kind": "fallback",
    "n_real": 0,
    "n_sites": 104,
    "source": "no public surface-intake point layer (NC OneMap is wells-only and NC-only)"
   }
  },
  "varying": [
   "beach_dist_km",
   "bridge_proximity_bonus",
   "catchment_area_km2",
   "channel_width_score",
   "ej_index",
   "estuary_dist_km",
   "flood_q10_cfs",
   "flow_velocity_ms",
   "impervious_pct",
   "npdes_points",
   "population_density",
   "road_access_score",
   "road_density_km_km2",
   "runoff_coeff_C",
   "seasonal_cv",
   "stream_order",
   "tourism_amenity_density",
   "tri_facility_density",
   "usgs_mean_q_cfs",
   "velocity_feasibility"
  ]
 },
 "region": {
  "bbox": [
   -80.9681,
   35.1521,
   -80.7181,
   35.3021
  ],
  "beach_ref": {
   "label": "Wrightsville Beach (shipped NC reference)",
   "lat": 34.21,
   "lon": -77.79
  },
  "center": [
   -80.8431,
   35.2271
  ],
  "estuary_ref": {
   "label": "Pamlico Sound (shipped NC reference)",
   "lat": 35.05,
   "lon": -76.05
  },
  "flood_method": "sir2014_hr1",
  "name": "Charlotte, NC",
  "notes": "NC Piedmont",
  "slug": "charlotte",
  "state": "NC",
  "utm_epsg": 32617,
  "width_curve": {
   "a": 3.12,
   "b": 0.415,
   "code": "AHI",
   "source": "Bieger et al. 2015 JAWRA Table 3, Appalachian Highlands"
  }
 },
 "streams": {
  "features": [
   {
    "geometry": {
     "coordinates": [
      [
       [
        -80.731621,
        35.277991
       ],
       [
        -80.731331,
        35.279554
       ],
       [
        -80.730849,
        35.280428
       ],
       [
        -80.729945,
        35.281748
       ],
       [
        -80.729255,
        35.282364
       ],
       [
        -80.728531,
        35.283601
       ],
       [
        -80.728056,
        35.284173
       ]
      ],
      [
       [
        -80.729945,
        35.273373
       ],
       [
        -80.730115,
        35.274333
       ],
       [
        -80.731077,
        35.276619
       ]
      ],
      [
       [
        -80.730158,
        35.266786
       ],
       [
        -80.730259,
        35.267077
       ],
       [
        -80.730527,
        35.267341
       ],
       [
        -80.730708,
        35.267692
       ],
       [
        -80.730621,
        35.268319
       ],
       [
        -80.730783,
        35.269495
       ],
       [
        -80.730689,
        35.269924
       ],
       [
        -80.73004,
        35.271485
       ],
       [
        -80.72988,
        35.272569
       ]
      ],
      [
       [
        -80.729962,
        35.263383
       ],
       [
        -80.72966,
        35.263482
       ],
       [
        -80.729573,
        35.263658
       ],
       [
        -80.729795,
        35.265274
       ]
      ],
      [
       [
        -80.727808,
        35.284448
       ],
       [
        -80.726943,
        35.28502
       ],
       [
        -80.726427,
        35.285663
       ],
       [
        -80.725832,
        35.286221
       ]
      ],
      [
       [
        -80.725506,
        35.286435
       ],
       [
        -80.725208,
        35.286576
       ],
       [
        -80.72443,
        35.286697
       ],
       [
        -80.723304,
        35.287335
       ],
       [
        -80.722681,
        35.287802
       ],
       [
        -80.722487,
        35.28844
       ],
       [
        -80.722372,
        35.288578
       ]
      ],
      [
       [
        -80.722276,
        35.288657
       ],
       [
        -80.721776,
        35.288858
       ],
       [
        -80.721254,
        35.289408
       ],
       [
        -80.721033,
        35.289798
       ],
       [
        -80.720919,
        35.289831
       ],
       [
        -80.719532,
        35.291239
       ],
       [
        -80.718996,
        35.292294
       ],
       [
        -80.718706,
        35.294248
       ]
      ],
      [
       [
        -80.71871,
        35.29442
       ],
       [
        -80.718829,
        35.295757
       ],
       [
        -80.719178,
        35.296389
       ],
       [
        -80.719333,
        35.29706
       ],
       [
        -80.719333,
        35.297412
       ],
       [
        -80.719192,
        35.297653
       ],
       [
        -80.717697,
        35.298764
       ],
       [
        -80.717195,
        35.299292
       ],
       [
        -80.71627,
        35.299677
       ],
       [
        -80.71507,
        35.300408
       ],
       [
        -80.713427,
        35.301013
       ],
       [
        -80.713313,
        35.30114
       ],
       [
        -80.713307,
        35.301382
       ],
       [
        -80.713139,
        35.301689
       ],
       [
        -80.712811,
        35.302129
       ],
       [
        -80.712516,
        35.302234
       ],
       [
        -80.712422,
        35.302393
       ],
       [
        -80.712067,
        35.302641
       ],
       [
        -80.711631,
        35.302811
       ],
       [
        -80.71092,
        35.303509
       ],
       [
        -80.710632,
        35.304032
       ],
       [
        -80.708835,
        35.304373
       ],
       [
        -80.707387,
        35.305082
       ],
       [
        -80.707132,
        35.305302
       ],
       [
        -80.706817,
        35.305428
       ],
       [
        -80.706066,
        35.306522
       ],
       [
        -80.70559,
        35.306781
       ],
       [
        -80.705322,
        35.307094
       ],
       [
        -80.70427,
        35.307595
       ],
       [
        -80.70425,
        35.307831
       ],
       [
        -80.704028,
        35.307985
       ],
       [
        -80.704022,
        35.308139
       ],
       [
        -80.703706,
        35.308221
       ],
       [
        -80.703478,
        35.30837
       ],
       [
        -80.702989,
        35.308144
       ],
       [
        -80.702828,
        35.308144
       ],
       [
        -80.702043,
        35.308463
       ],
       [
        -80.701836,
        35.308326
       ],
       [
        -80.701346,
        35.30743
       ],
       [
        -80.70036,
        35.307326
       ],
       [
        -80.699555,
        35.306842
       ],
       [
        -80.6992,
        35.306963
       ],
       [
        -80.699165,
        35.307238
       ],
       [
        -80.699267,
        35.30735
       ],
       [
        -80.698869,
        35.307536
       ]
      ]
     ],
     "type": "MultiLineString"
    },
    "properties": {
     "length_km": 6.34,
     "n_sites": 1,
     "name": "Back Creek",
     "order": 2,
     "riverKey": "back creek",
     "source": "osm",
     "waterway": "stream"
    },
    "type": "Feature"
   },
   {
    "geometry": {
     "coordinates": [
      [
       [
        -80.8463,
        35.159869
       ],
       [
        -80.84688,
        35.159537
       ],
       [
        -80.84694,
        35.159098
       ],
       [
        -80.847088,
        35.158942
       ],
       [
        -80.847913,
        35.158718
       ],
       [
        -80.848398,
        35.158354
       ],
       [
        -80.84896,
        35.158315
       ],
       [
        -80.849597,
        35.158147
       ],
       [
        -80.849736,
        35.158064
       ],
       [
        -80.849907,
        35.157754
       ],
       [
        -80.850842,
        35.157423
       ],
       [
        -80.85109,
        35.157204
       ],
       [
        -80.851478,
        35.15704
       ]
      ],
      [
       [
        -80.83767,
        35.169546
       ],
       [
        -80.837608,
        35.169392
       ],
       [
        -80.838123,
        35.16754
       ],
       [
        -80.838001,
        35.166677
       ],
       [
        -80.838448,
        35.166055
       ],
       [
        -80.83887,
        35.165196
       ],
       [
        -80.840393,
        35.164136
       ],
       [
        -80.840725,
        35.164148
       ],
       [
        -80.841735,
        35.164499
       ],
       [
        -80.841866,
        35.16446
       ],
       [
        -80.842576,
        35.16372
       ],
       [
        -80.842573,
        35.162876
       ],
       [
        -80.843152,
        35.162431
       ],
       [
        -80.843375,
        35.161958
       ],
       [
        -80.844395,
        35.1614
       ],
       [
        -80.844535,
        35.16122
       ],
       [
        -80.844563,
        35.160898
       ],
       [
        -80.844709,
        35.160751
       ],
       [
        -80.845868,
        35.160259
       ]
      ],
      [
       [
        -80.833197,
        35.173866
       ],
       [
        -80.833592,
        35.173373
       ],
       [
        -80.833833,
        35.172859
       ],
       [
        -80.83422,
        35.17259
       ],
       [
        -80.835153,
        35.172772
       ],
       [
        -80.835999,
        35.172533
       ],
       [
        -80.8372,
        35.17267
       ],
       [
        -80.837858,
        35.172636
       ],
       [
        -80.838346,
        35.172421
       ],
       [
        -80.838364,
        35.171839
       ],
       [
        -80.838202,
        35.171712
       ],
       [
        -80.83808,
        35.170723
       ],
       [
        -80.837685,
        35.170277
       ],
       [
        -80.837467,
        35.169956
       ],
       [
        -80.837483,
        35.169844
       ]
      ],
      [
       [
        -80.829292,
        35.179848
       ],
       [
        -80.829683,
        35.179425
       ],
       [
        -80.830339,
        35.179203
       ],
       [
        -80.831066,
        35.178815
       ],
       [
        -80.831841,
        35.178573
       ],
       [
        -80.832185,
        35.178374
       ],
       [
        -80.832803,
        35.177784
       ],
       [
        -80.832819,
        35.177455
       ],
       [
        -80.832313,
        35.177328
       ],
       [
        -80.832063,
        35.177178
       ],
       [
        -80.831101,
        35.175416
       ],
       [
        -80.831358,
        35.175168
       ],
       [
        -80.832712,
        35.174374
       ],
       [
        -80.833047,
        35.174036
       ]
      ],
      [
       [
        -80.82024,
        35.182766
       ],
       [
        -80.821434,
        35.18243
       ],
       [
        -80.823197,
        35.181812
       ],
       [
        -80.827282,
        35.180633
       ],
       [
        -80.829089,
        35.179984
       ]
      ],
      [
       [
        -80.808145,
        35.205139
       ],
       [
        -80.809287,
        35.204532
       ],
       [
        -80.810159,
        35.20343
       ],
       [
        -80.810979,
        35.202595
       ],
       [
        -80.811588,
        35.202149
       ],
       [
        -80.811819,
        35.20127
       ],
       [
        -80.812514,
        35.199656
       ],
       [
        -80.81253,
        35.199363
       ],
       [
        -80.81198,
        35.197591
       ],
       [
        -80.812026,
        35.197028
       ],
       [
        -80.813262,
        35.193687
       ],
       [
        -80.813532,
        35.192744
       ],
       [
        -80.814464,
        35.190459
       ],
       [
        -80.81527,
        35.188063
       ],
       [
        -80.81549,
        35.187808
       ],
       [
        -80.8158,
        35.186751
       ],
       [
        -80.81614,
        35.186251
       ],
       [
        -80.816826,
        35.185667
       ],
       [
        -80.816887,
        35.185504
       ],
       [
        -80.817554,
        35.185046
       ],
       [
        -80.818278,
        35.184222
       ],
       [
        -80.819023,
        35.183495
       ],
       [
        -80.819357,
        35.183268
       ],
       [
        -80.819575,
        35.182949
       ],
       [
        -80.819947,
        35.182832
       ]
      ],
      [
       [
        -80.801267,
        35.210397
       ],
       [
        -80.80162,
        35.210252
       ],
       [
        -80.802111,
        35.209862
       ],
       [
        -80.802579,
        35.20918
       ],
       [
        -80.802511,
        35.208607
       ],
       [
        -80.802887,
        35.207805
       ],
       [
        -80.803525,
        35.207587
       ],
       [
        -80.803703,
        35.207414
       ],
       [
        -80.804862,
        35.206791
       ],
       [
        -80.805299,
        35.206706
       ],
       [
        -80.805573,
        35.20646
       ],
       [
        -80.806011,
        35.206319
       ],
       [
        -80.80654,
        35.205923
       ],
       [
        -80.807074,
        35.205768
       ],
       [
        -80.807698,
        35.205324
       ]
      ],
      [
       [
        -80.795569,
        35.218299
       ],
       [
        -80.796402,
        35.216487
       ],
       [
        -80.797021,
        35.215616
       ],
       [
        -80.796956,
        35.215623
       ],
       [
        -80.79739,
        35.215235
       ],
       [
        -80.797644,
        35.214696
       ],
       [
        -80.797988,
        35.214284
       ],
       [
        -80.799164,
        35.213249
       ],
       [
        -80.800506,
        35.212488
       ],
       [
        -80.800893,
        35.211513
       ],
       [
        -80.80081,
        35.211083
       ],
       [
        -80.800896,
        35.210809
       ]
      ],
      [
       [
        -80.793995,
        35.211767
       ],
       [
        -80.794797,
        35.21165
       ],
       [
        -80.794972,
        35.211344
       ],
       [
        -80.795237,
        35.211233
       ],
       [
        -80.795497,
        35.211247
       ],
       [
        -80.795752,
        35.211409
       ],
       [
        -80.796175,
        35.211378
       ],
       [
        -80.796352,
        35.211229
       ],
       [
        -80.796529,
        35.211317
       ]
      ],
      [
       [
        -80.769142,
        35.239348
       ],
       [
        -80.769065,
        35.238966
       ],
       [
        -80.769565,
        35.238617
       ],
       [
        -80.769777,
        35.23829
       ],
       [
        -80.769672,
        35.237672
       ],
       [
        -80.769402,
        35.237578
       ],
       [
        -80.769407,
        35.237508
       ],
       [
        -80.77005,
        35.236915
       ],
       [
        -80.7706,
        35.236889
       ],
       [
        -80.770631,
        35.236385
       ],
       [
        -80.771061,
        35.235725
       ],
       [
        -80.771145,
        35.235359
       ],
       [
        -80.771461,
        35.235317
       ],
       [
        -80.772075,
        35.234459
       ],
       [
        -80.772481,
        35.234107
       ],
       [
        -80.772834,
        35.233905
       ],
       [
        -80.774684,
        35.233398
       ],
       [
        -80.77558,
        35.232925
       ],
       [
        -80.77619,
        35.232356
       ],
       [
        -80.776696,
        35.232409
       ],
       [
        -80.777397,
        35.232667
       ],
       [
        -80.778111,
        35.232633
       ],
       [
        -80.778483,
        35.232542
       ],
       [
        -80.779031,
        35.232116
       ],
       [
        -80.77972,
        35.231885
       ],
       [
        -80.780546,
        35.231325
       ],
       [
        -80.780933,
        35.231254
       ],
       [
        -80.7814,
        35.231003
       ],
       [
        -80.782004,
        35.230432
       ],
       [
        -80.782323,
        35.229723
       ],
       [
        -80.78245,
        35.228771
       ],
       [
        -80.782859,
        35.228519
       ],
       [
        -80.783519,
        35.227919
       ],
       [
        -80.783881,
        35.227739
       ],
       [
        -80.784574,
        35.227537
       ],
       [
        -80.785392,
        35.22753
       ],
       [
        -80.788719,
        35.227136
       ],
       [
        -80.789134,
        35.226776
       ],
       [
        -80.789253,
        35.22631
       ],
       [
        -80.789398,
        35.226101
       ],
       [
        -80.790568,
        35.225893
       ],
       [
        -80.791422,
        35.225528
       ],
       [
        -80.791673,
        35.225262
       ],
       [
        -80.791826,
        35.224886
       ],
       [
        -80.792501,
        35.224062
       ],
       [
        -80.793103,
        35.22212
       ],
       [
        -80.793571,
        35.221775
       ],
       [
        -80.793589,
        35.221487
       ],
       [
        -80.794154,
        35.219951
       ],
       [
        -80.795443,
        35.218466
       ]
      ],
      [
       [
        -80.788665,
        35.211737
       ],
       [
        -80.789002,
        35.211586
       ],
       [
        -80.789325,
        35.211668
       ],
       [
        -80.789655,
        35.211607
       ],
       [
        -80.790063,
        35.211842
       ],
       [
        -80.790329,
        35.211839
       ],
       [
        -80.790627,
        35.211983
       ],
       [
        -80.791421,
        35.211895
       ]
      ],
      [
       [
        -80.765417,
        35.243574
       ],
       [
        -80.765746,
        35.24321
       ],
       [
        -80.766776,
        35.242649
       ],
       [
        -80.767216,
        35.242486
       ],
       [
        -80.768073,
        35.241899
       ],
       [
        -80.768556,
        35.241667
       ],
       [
        -80.768887,
        35.24139
       ],
       [
        -80.769172,
        35.241314
       ],
       [
        -80.769405,
        35.240956
       ],
       [
        -80.769587,
        35.239948
       ],
       [
        -80.769125,
        35.239764
       ],
       [
        -80.769106,
        35.239655
       ]
      ]
     ],
     "type": "MultiLineString"
    },
    "properties": {
     "length_km": 14.48,
     "n_sites": 7,
     "name": "Briar Creek",
     "order": 2,
     "riverKey": "briar creek",
     "source": "osm",
     "waterway": "stream"
    },
    "type": "Feature"
   },
   {
    "geometry": {
     "coordinates": [
      [
       -80.736651,
       35.25938
      ],
      [
       -80.737627,
       35.258944
      ],
      [
       -80.738576,
       35.25876
      ],
      [
       -80.740112,
       35.258736
      ],
      [
       -80.74109,
       35.25901
      ],
      [
       -80.741732,
       35.259009
      ],
      [
       -80.742988,
       35.258733
      ],
      [
       -80.745333,
       35.257952
      ],
      [
       -80.746031,
       35.257814
      ],
      [
       -80.746897,
       35.258111
      ],
      [
       -80.749215,
       35.258406
      ],
      [
       -80.751516,
       35.257467
      ],
      [
       -80.752103,
       35.256963
      ],
      [
       -80.752858,
       35.256483
      ],
      [
       -80.753557,
       35.255751
      ],
      [
       -80.754117,
       35.254537
      ],
      [
       -80.754733,
       35.253507
      ],
      [
       -80.755236,
       35.253164
      ],
      [
       -80.757053,
       35.251517
      ],
      [
       -80.757501,
       35.250945
      ],
      [
       -80.757864,
       35.25014
      ],
      [
       -80.75806,
       35.249361
      ],
      [
       -80.758536,
       35.248903
      ],
      [
       -80.758647,
       35.248881
      ],
      [
       -80.760605,
       35.246638
      ],
      [
       -80.761108,
       35.246203
      ],
      [
       -80.761862,
       35.245815
      ],
      [
       -80.764069,
       35.244969
      ],
      [
       -80.765103,
       35.244352
      ],
      [
       -80.765662,
       35.24378
      ],
      [
       -80.766305,
       35.243414
      ],
      [
       -80.767171,
       35.242682
      ],
      [
       -80.769127,
       35.24147
      ],
      [
       -80.769435,
       35.241012
      ],
      [
       -80.769463,
       35.240508
      ],
      [
       -80.769073,
       35.239729
      ],
      [
       -80.76913,
       35.239156
      ],
      [
       -80.769354,
       35.238721
      ],
      [
       -80.769411,
       35.237874
      ],
      [
       -80.770137,
       35.237302
      ],
      [
       -80.770641,
       35.23634
      ],
      [
       -80.772681,
       35.234258
      ],
      [
       -80.773017,
       35.234029
      ],
      [
       -80.773938,
       35.233778
      ],
      [
       -80.77405,
       35.233664
      ],
      [
       -80.774748,
       35.233573
      ],
      [
       -80.775502,
       35.233207
      ],
      [
       -80.775754,
       35.233001
      ],
      [
       -80.776312,
       35.232795
      ],
      [
       -80.777931,
       35.232819
      ],
      [
       -80.781199,
       35.231425
      ],
      [
       -80.781785,
       35.230944
      ],
      [
       -80.782513,
       35.229685
      ],
      [
       -80.782597,
       35.229662
      ],
      [
       -80.782653,
       35.229387
      ],
      [
       -80.78296,
       35.228884
      ],
      [
       -80.783826,
       35.228083
      ],
      [
       -80.785027,
       35.227626
      ],
      [
       -80.788321,
       35.227262
      ],
      [
       -80.788796,
       35.227033
      ],
      [
       -80.789243,
       35.226484
      ],
      [
       -80.789718,
       35.22614
      ],
      [
       -80.790695,
       35.226004
      ],
      [
       -80.791253,
       35.225821
      ],
      [
       -80.79198,
       35.225111
      ],
      [
       -80.793099,
       35.222249
      ],
      [
       -80.794721,
       35.219456
      ],
      [
       -80.795783,
       35.218151
      ],
      [
       -80.796509,
       35.216961
      ],
      [
       -80.796957,
       35.215953
      ],
      [
       -80.797907,
       35.214648
      ],
      [
       -80.799024,
       35.213641
      ],
      [
       -80.800141,
       35.212978
      ],
      [
       -80.800533,
       35.212382
      ],
      [
       -80.80059,
       35.2111
      ],
      [
       -80.801511,
       35.210436
      ],
      [
       -80.801679,
       35.210161
      ],
      [
       -80.802489,
       35.209566
      ],
      [
       -80.80249,
       35.208513
      ],
      [
       -80.802657,
       35.208284
      ],
      [
       -80.804779,
       35.20698
      ],
      [
       -80.806538,
       35.20611
      ],
      [
       -80.808464,
       35.205356
      ],
      [
       -80.809469,
       35.204875
      ],
      [
       -80.809944,
       35.204486
      ],
      [
       -80.810921,
       35.203341
      ],
      [
       -80.812458,
       35.200365
      ],
      [
       -80.812515,
       35.199838
      ],
      [
       -80.812432,
       35.198968
      ],
      [
       -80.812209,
       35.198235
      ],
      [
       -80.812322,
       35.196357
      ],
      [
       -80.813049,
       35.194273
      ],
      [
       -80.813413,
       35.192876
      ],
      [
       -80.814,
       35.191342
      ],
      [
       -80.815872,
       35.187128
      ],
      [
       -80.816431,
       35.186235
      ],
      [
       -80.816934,
       35.185617
      ],
      [
       -80.817687,
       35.18493
      ],
      [
       -80.818246,
       35.184289
      ],
      [
       -80.818916,
       35.183763
      ],
      [
       -80.820562,
       35.183076
      ],
      [
       -80.822013,
       35.182688
      ],
      [
       -80.824747,
       35.181635
      ],
      [
       -80.828849,
       35.180286
      ],
      [
       -80.830217,
       35.179278
      ],
      [
       -80.831026,
       35.178958
      ],
      [
       -80.831723,
       35.178867
      ],
      [
       -80.832476,
       35.178615
      ],
      [
       -80.832811,
       35.178386
      ],
      [
       -80.832951,
       35.178134
      ],
      [
       -80.832867,
       35.177905
      ],
      [
       -80.832254,
       35.177378
      ],
      [
       -80.831334,
       35.175797
      ],
      [
       -80.831307,
       35.175454
      ],
      [
       -80.831474,
       35.175133
      ],
      [
       -80.833372,
       35.173645
      ],
      [
       -80.834265,
       35.172729
      ],
      [
       -80.834544,
       35.172592
      ],
      [
       -80.835241,
       35.172501
      ],
      [
       -80.837612,
       35.172433
      ],
      [
       -80.838142,
       35.172227
      ],
      [
       -80.837641,
       35.17028
      ],
      [
       -80.837642,
       35.169249
      ],
      [
       -80.837977,
       35.168173
      ],
      [
       -80.838005,
       35.167508
      ],
      [
       -80.838285,
       35.166295
      ],
      [
       -80.839094,
       35.165264
      ],
      [
       -80.839596,
       35.16476
      ],
      [
       -80.840461,
       35.164463
      ],
      [
       -80.841019,
       35.164371
      ],
      [
       -80.841995,
       35.164555
      ],
      [
       -80.842525,
       35.163204
      ],
      [
       -80.843,
       35.162379
      ],
      [
       -80.843586,
       35.162013
      ],
      [
       -80.844227,
       35.161395
      ],
      [
       -80.844757,
       35.161006
      ],
      [
       -80.845371,
       35.160777
      ],
      [
       -80.846682,
       35.160021
      ],
      [
       -80.847659,
       35.158555
      ],
      [
       -80.848049,
       35.158395
      ],
      [
       -80.849165,
       35.158281
      ],
      [
       -80.849611,
       35.158167
      ],
      [
       -80.849946,
       35.157869
      ],
      [
       -80.850811,
       35.157434
      ],
      [
       -80.851173,
       35.157342
      ]
     ],
     "type": "LineString"
    },
    "properties": {
     "length_km": 17.32,
     "n_sites": 8,
     "name": "Brier Creek",
     "order": 2,
     "riverKey": "brier creek",
     "source": "nhd",
     "waterway": "stream"
    },
    "type": "Feature"
   },
   {
    "geometry": {
     "coordinates": [
      [
       [
        -80.741319,
        35.198757
       ],
       [
        -80.743746,
        35.195207
       ],
       [
        -80.743839,
        35.194847
       ],
       [
        -80.743791,
        35.194607
       ],
       [
        -80.74346,
        35.194307
       ],
       [
        -80.743207,
        35.193643
       ],
       [
        -80.743219,
        35.192609
       ],
       [
        -80.74336,
        35.192404
       ],
       [
        -80.743267,
        35.192066
       ],
       [
        -80.74303,
        35.191901
       ],
       [
        -80.74307,
        35.191712
       ],
       [
        -80.742119,
        35.191057
       ],
       [
        -80.741793,
        35.190565
       ],
       [
        -80.741417,
        35.190367
       ],
       [
        -80.740907,
        35.190221
       ],
       [
        -80.740695,
        35.190253
       ],
       [
        -80.740463,
        35.190405
       ],
       [
        -80.740185,
        35.19036
       ],
       [
        -80.740066,
        35.19014
       ],
       [
        -80.739315,
        35.189847
       ],
       [
        -80.739162,
        35.189415
       ],
       [
        -80.738697,
        35.189134
       ],
       [
        -80.738104,
        35.188552
       ],
       [
        -80.738197,
        35.188423
       ],
       [
        -80.738076,
        35.188196
       ],
       [
        -80.738388,
        35.188012
       ],
       [
        -80.73826,
        35.187484
       ],
       [
        -80.737407,
        35.187008
       ],
       [
        -80.736652,
        35.186727
       ],
       [
        -80.735915,
        35.186277
       ],
       [
        -80.735653,
        35.185899
       ],
       [
        -80.735501,
        35.185109
       ],
       [
        -80.735458,
        35.184269
       ],
       [
        -80.735884,
        35.184027
       ],
       [
        -80.736777,
        35.184236
       ],
       [
        -80.737063,
        35.184148
       ],
       [
        -80.73752,
        35.18417
       ],
       [
        -80.737861,
        35.184297
       ],
       [
        -80.738053,
        35.184537
       ],
       [
        -80.738181,
        35.184584
       ],
       [
        -80.738947,
        35.184427
       ],
       [
        -80.739148,
        35.183125
       ],
       [
        -80.739095,
        35.183008
       ],
       [
        -80.738873,
        35.182941
       ],
       [
        -80.738775,
        35.182672
       ],
       [
        -80.73881,
        35.182359
       ],
       [
        -80.738275,
        35.181456
       ],
       [
        -80.738532,
        35.181219
       ],
       [
        -80.738334,
        35.180935
       ],
       [
        -80.738262,
        35.180449
       ],
       [
        -80.738616,
        35.180025
       ],
       [
        -80.73855,
        35.179767
       ],
       [
        -80.738177,
        35.17965
       ],
       [
        -80.737954,
        35.179058
       ],
       [
        -80.737859,
        35.179019
       ],
       [
        -80.737247,
        35.179105
       ],
       [
        -80.736094,
        35.178971
       ],
       [
        -80.735693,
        35.17872
       ],
       [
        -80.735373,
        35.17823
       ],
       [
        -80.734856,
        35.177951
       ],
       [
        -80.734589,
        35.177592
       ],
       [
        -80.734734,
        35.177261
       ],
       [
        -80.73496,
        35.177267
       ],
       [
        -80.735099,
        35.177176
       ],
       [
        -80.735663,
        35.17629
       ],
       [
        -80.735887,
        35.176136
       ],
       [
        -80.735891,
        35.175835
       ],
       [
        -80.736184,
        35.175387
       ],
       [
        -80.736063,
        35.175265
       ],
       [
        -80.735922,
        35.174726
       ],
       [
        -80.736057,
        35.174475
       ],
       [
        -80.736003,
        35.17398
       ],
       [
        -80.736209,
        35.173507
       ],
       [
        -80.736106,
        35.172719
       ],
       [
        -80.736454,
        35.171845
       ],
       [
        -80.736369,
        35.171412
       ],
       [
        -80.735753,
        35.170853
       ],
       [
        -80.735691,
        35.170472
       ],
       [
        -80.735014,
        35.169649
       ],
       [
        -80.734945,
        35.169195
       ],
       [
        -80.735201,
        35.168349
       ],
       [
        -80.735752,
        35.168388
       ],
       [
        -80.736413,
        35.16833
       ],
       [
        -80.736885,
        35.168103
       ],
       [
        -80.73688,
        35.167543
       ],
       [
        -80.737357,
        35.166092
       ],
       [
        -80.737368,
        35.165097
       ],
       [
        -80.73754,
        35.16493
       ],
       [
        -80.737643,
        35.164404
       ],
       [
        -80.737875,
        35.164236
       ],
       [
        -80.737933,
        35.164026
       ],
       [
        -80.737876,
        35.163816
       ],
       [
        -80.736873,
        35.163036
       ],
       [
        -80.735974,
        35.162714
       ],
       [
        -80.735421,
        35.162379
       ],
       [
        -80.735327,
        35.162087
       ],
       [
        -80.735,
        35.161846
       ],
       [
        -80.73502,
        35.161423
       ],
       [
        -80.735268,
        35.161256
       ],
       [
        -80.735609,
        35.160761
       ],
       [
        -80.735893,
        35.160622
       ],
       [
        -80.735992,
        35.160356
       ]
      ],
      [
       [
        -80.741178,
        35.202908
       ],
       [
        -80.741068,
        35.202257
       ],
       [
        -80.741124,
        35.202153
       ],
       [
        -80.740955,
        35.199859
       ],
       [
        -80.740991,
        35.199401
       ],
       [
        -80.741249,
        35.198959
       ]
      ],
      [
       [
        -80.735868,
        35.22293
       ],
       [
        -80.736584,
        35.221378
       ],
       [
        -80.736822,
        35.221057
       ],
       [
        -80.737074,
        35.220246
       ],
       [
        -80.737091,
        35.219807
       ],
       [
        -80.737305,
        35.219395
       ],
       [
        -80.737434,
        35.218804
       ],
       [
        -80.737342,
        35.217645
       ],
       [
        -80.736792,
        35.216232
       ],
       [
        -80.73649,
        35.214603
       ],
       [
        -80.737089,
        35.213098
       ],
       [
        -80.737235,
        35.212932
       ],
       [
        -80.737203,
        35.212648
       ],
       [
        -80.737326,
        35.212043
       ],
       [
        -80.737201,
        35.211811
       ],
       [
        -80.737135,
        35.211188
       ],
       [
        -80.737362,
        35.211152
       ],
       [
        -80.737499,
        35.210997
       ],
       [
        -80.737676,
        35.210961
       ],
       [
        -80.737628,
        35.21082
       ],
       [
        -80.737749,
        35.210576
       ],
       [
        -80.738222,
        35.210198
       ],
       [
        -80.738334,
        35.210242
       ],
       [
        -80.738557,
        35.210101
       ],
       [
        -80.738538,
        35.209982
       ],
       [
        -80.738368,
        35.209917
       ],
       [
        -80.738365,
        35.209825
       ],
       [
        -80.738814,
        35.209655
       ],
       [
        -80.738909,
        35.209542
       ],
       [
        -80.738863,
        35.209398
       ],
       [
        -80.739,
        35.209301
       ],
       [
        -80.738782,
        35.208968
       ],
       [
        -80.739074,
        35.208755
       ],
       [
        -80.73912,
        35.208623
       ],
       [
        -80.738992,
        35.20843
       ],
       [
        -80.739188,
        35.208269
       ],
       [
        -80.740141,
        35.208106
       ],
       [
        -80.74022,
        35.207814
       ],
       [
        -80.74039,
        35.20777
       ],
       [
        -80.74042,
        35.207414
       ],
       [
        -80.74023,
        35.207298
       ],
       [
        -80.740282,
        35.207147
       ],
       [
        -80.740175,
        35.206947
       ],
       [
        -80.740265,
        35.206706
       ],
       [
        -80.740706,
        35.206189
       ],
       [
        -80.74066,
        35.20582
       ],
       [
        -80.74081,
        35.205712
       ],
       [
        -80.740974,
        35.205868
       ],
       [
        -80.74111,
        35.205881
       ],
       [
        -80.741279,
        35.205682
       ],
       [
        -80.741555,
        35.205592
       ],
       [
        -80.741345,
        35.205188
       ],
       [
        -80.741393,
        35.205
       ],
       [
        -80.74118,
        35.20409
       ],
       [
        -80.741147,
        35.203256
       ]
      ],
      [
       [
        -80.73249,
        35.227514
       ],
       [
        -80.732598,
        35.227215
       ],
       [
        -80.732582,
        35.226907
       ],
       [
        -80.732927,
        35.226706
       ],
       [
        -80.733212,
        35.226334
       ],
       [
        -80.73383,
        35.225266
       ],
       [
        -80.734609,
        35.224969
       ]
      ],
      [
       [
        -80.734527,
        35.232982
       ],
       [
        -80.734139,
        35.232313
       ],
       [
        -80.733737,
        35.232156
       ],
       [
        -80.733495,
        35.231905
       ],
       [
        -80.733228,
        35.231229
       ],
       [
        -80.73325,
        35.23087
       ],
       [
        -80.733024,
        35.230485
       ],
       [
        -80.732575,
        35.230077
       ],
       [
        -80.732651,
        35.229427
       ]
      ]
     ],
     "type": "MultiLineString"
    },
    "properties": {
     "length_km": 9.74,
     "n_sites": 5,
     "name": "Campbell Creek",
     "order": 2,
     "riverKey": "campbell creek",
     "source": "osm",
     "waterway": "stream"
    },
    "type": "Feature"
   },
   {
    "geometry": {
     "coordinates": [
      [
       [
        -80.945125,
        35.209955
       ],
       [
        -80.945439,
        35.209697
       ],
       [
        -80.945892,
        35.209589
       ],
       [
        -80.947674,
        35.208316
       ],
       [
        -80.947789,
        35.20807
       ]
      ],
      [
       [
        -80.945997,
        35.196018
       ],
       [
        -80.944575,
        35.195668
       ],
       [
        -80.944005,
        35.195473
       ],
       [
        -80.943907,
        35.195376
       ],
       [
        -80.943688,
        35.194728
       ],
       [
        -80.944146,
        35.194277
       ],
       [
        -80.944222,
        35.194007
       ],
       [
        -80.94416,
        35.193189
       ],
       [
        -80.944017,
        35.19296
       ]
      ],
      [
       [
        -80.943912,
        35.192756
       ],
       [
        -80.943593,
        35.192324
       ],
       [
        -80.944218,
        35.191856
       ],
       [
        -80.944723,
        35.191826
       ],
       [
        -80.944771,
        35.191697
       ],
       [
        -80.944638,
        35.191495
       ],
       [
        -80.944392,
        35.191276
       ],
       [
        -80.94384,
        35.191064
       ],
       [
        -80.943563,
        35.191047
       ],
       [
        -80.943034,
        35.191149
       ],
       [
        -80.942751,
        35.191081
       ],
       [
        -80.942616,
        35.190968
       ]
      ],
      [
       [
        -80.942492,
        35.190621
       ],
       [
        -80.942066,
        35.189514
       ],
       [
        -80.942065,
        35.18915
       ],
       [
        -80.942411,
        35.188784
       ],
       [
        -80.942438,
        35.188664
       ],
       [
        -80.942644,
        35.188643
       ],
       [
        -80.943022,
        35.188412
       ],
       [
        -80.94347,
        35.188269
       ],
       [
        -80.943439,
        35.18806
       ],
       [
        -80.942919,
        35.187419
       ],
       [
        -80.942868,
        35.186949
       ],
       [
        -80.942962,
        35.186815
       ],
       [
        -80.942896,
        35.18638
       ],
       [
        -80.942666,
        35.186177
       ],
       [
        -80.942205,
        35.18616
       ],
       [
        -80.942137,
        35.185827
       ],
       [
        -80.94184,
        35.185361
       ],
       [
        -80.941519,
        35.185047
       ],
       [
        -80.941226,
        35.185163
       ],
       [
        -80.940889,
        35.185073
       ],
       [
        -80.940656,
        35.184799
       ],
       [
        -80.940321,
        35.184681
       ],
       [
        -80.940175,
        35.184512
       ],
       [
        -80.939992,
        35.184521
       ],
       [
        -80.939696,
        35.184664
       ],
       [
        -80.93953,
        35.184558
       ],
       [
        -80.939414,
        35.184341
       ],
       [
        -80.939339,
        35.183686
       ],
       [
        -80.93915,
        35.183349
       ],
       [
        -80.938882,
        35.183135
       ],
       [
        -80.938633,
        35.182365
       ],
       [
        -80.938583,
        35.181901
       ],
       [
        -80.938322,
        35.18128
       ],
       [
        -80.937109,
        35.179375
       ],
       [
        -80.936575,
        35.177735
       ],
       [
        -80.936581,
        35.1774
       ],
       [
        -80.936377,
        35.176704
       ],
       [
        -80.935549,
        35.175906
       ],
       [
        -80.935499,
        35.175463
       ],
       [
        -80.935861,
        35.173573
       ],
       [
        -80.935945,
        35.172637
       ],
       [
        -80.935606,
        35.171709
       ],
       [
        -80.935393,
        35.171449
       ],
       [
        -80.934208,
        35.170497
       ],
       [
        -80.934117,
        35.170286
       ],
       [
        -80.934228,
        35.169996
       ],
       [
        -80.934432,
        35.169896
       ],
       [
        -80.934631,
        35.169596
       ],
       [
        -80.934559,
        35.16949
       ],
       [
        -80.934306,
        35.169396
       ],
       [
        -80.934099,
        35.169108
       ],
       [
        -80.933577,
        35.167439
       ],
       [
        -80.933036,
        35.166211
       ],
       [
        -80.932758,
        35.165952
       ],
       [
        -80.932263,
        35.165902
       ],
       [
        -80.931722,
        35.165597
       ],
       [
        -80.931556,
        35.16531
       ],
       [
        -80.930962,
        35.16482
       ],
       [
        -80.930497,
        35.163781
       ],
       [
        -80.930415,
        35.163433
       ],
       [
        -80.930576,
        35.162918
       ],
       [
        -80.930466,
        35.162463
       ],
       [
        -80.93107,
        35.162276
       ],
       [
        -80.93106,
        35.16185
       ],
       [
        -80.931358,
        35.161163
       ],
       [
        -80.931497,
        35.161022
       ],
       [
        -80.931517,
        35.160841
       ],
       [
        -80.931817,
        35.160337
       ],
       [
        -80.932031,
        35.159698
       ],
       [
        -80.932195,
        35.159533
       ],
       [
        -80.932306,
        35.159203
       ],
       [
        -80.932572,
        35.158821
       ],
       [
        -80.932602,
        35.158143
       ],
       [
        -80.932784,
        35.157243
       ],
       [
        -80.932754,
        35.156702
       ],
       [
        -80.932894,
        35.155181
       ],
       [
        -80.932818,
        35.154998
       ],
       [
        -80.932894,
        35.154883
       ],
       [
        -80.932516,
        35.153446
       ],
       [
        -80.932281,
        35.153078
       ],
       [
        -80.932019,
        35.152985
       ],
       [
        -80.931747,
        35.15299
       ],
       [
        -80.931152,
        35.152598
       ],
       [
        -80.930962,
        35.152315
       ],
       [
        -80.930545,
        35.151993
       ],
       [
        -80.930209,
        35.1519
       ],
       [
        -80.929967,
        35.151152
       ],
       [
        -80.93019,
        35.150515
       ],
       [
        -80.930203,
        35.149971
       ],
       [
        -80.929784,
        35.149636
       ],
       [
        -80.929707,
        35.14946
       ],
       [
        -80.929434,
        35.149326
       ],
       [
        -80.928996,
        35.148712
       ],
       [
        -80.928426,
        35.148516
       ],
       [
        -80.928035,
        35.148151
       ],
       [
        -80.927987,
        35.147984
       ]
      ],
      [
       [
        -80.926755,
        35.145584
       ],
       [
        -80.925369,
        35.142726
       ],
       [
        -80.924663,
        35.141715
       ],
       [
        -80.924659,
        35.141363
       ],
       [
        -80.924939,
        35.140311
       ],
       [
        -80.924684,
        35.13974
       ],
       [
        -80.924563,
        35.139088
       ],
       [
        -80.924428,
        35.138923
       ],
       [
        -80.924389,
        35.138694
       ],
       [
        -80.924047,
        35.138584
       ],
       [
        -80.923882,
        35.138413
       ],
       [
        -80.923622,
        35.138375
       ],
       [
        -80.923755,
        35.137872
       ],
       [
        -80.923463,
        35.137201
       ],
       [
        -80.922992,
        35.13717
       ],
       [
        -80.922884,
        35.137082
       ],
       [
        -80.922876,
        35.136559
       ],
       [
        -80.922541,
        35.135816
       ],
       [
        -80.922492,
        35.135385
       ],
       [
        -80.922236,
        35.13492
       ],
       [
        -80.92239,
        35.133563
       ],
       [
        -80.922562,
        35.133313
       ],
       [
        -80.922447,
        35.132914
       ],
       [
        -80.922303,
        35.132756
       ],
       [
        -80.921873,
        35.132847
       ],
       [
        -80.921493,
        35.13254
       ],
       [
        -80.921279,
        35.132459
       ],
       [
        -80.921235,
        35.131891
       ]
      ]
     ],
     "type": "MultiLineString"
    },
    "properties": {
     "length_km": 8.68,
     "n_sites": 6,
     "name": "Coffey Creek",
     "order": 4,
     "riverKey": "coffey creek",
     "source": "osm",
     "waterway": "river"
    },
    "type": "Feature"
   },
   {
    "geometry": {
     "coordinates": [
      [
       [
        -80.854702,
        35.204814
       ],
       [
        -80.854362,
        35.204385
       ],
       [
        -80.854525,
        35.20409
       ],
       [
        -80.853993,
        35.203736
       ],
       [
        -80.853984,
        35.203348
       ],
       [
        -80.854104,
        35.202936
       ]
      ],
      [
       [
        -80.854062,
        35.202507
       ],
       [
        -80.853841,
        35.200526
       ]
      ],
      [
       [
        -80.853808,
        35.200345
       ],
       [
        -80.853771,
        35.199887
       ],
       [
        -80.853897,
        35.19967
       ],
       [
        -80.854125,
        35.199526
       ],
       [
        -80.853966,
        35.19931
       ],
       [
        -80.854216,
        35.199115
       ],
       [
        -80.853908,
        35.198848
       ],
       [
        -80.854145,
        35.198632
       ],
       [
        -80.853864,
        35.198478
       ],
       [
        -80.854031,
        35.198222
       ],
       [
        -80.853762,
        35.197918
       ],
       [
        -80.853639,
        35.197641
       ],
       [
        -80.853122,
        35.197239
       ]
      ],
      [
       [
        -80.849807,
        35.196373
       ],
       [
        -80.849451,
        35.196292
       ],
       [
        -80.849259,
        35.195972
       ],
       [
        -80.848494,
        35.195399
       ],
       [
        -80.84814,
        35.194901
       ],
       [
        -80.848053,
        35.194505
       ],
       [
        -80.84721,
        35.193763
       ],
       [
        -80.844976,
        35.193081
       ]
      ],
      [
       [
        -80.844776,
        35.192937
       ],
       [
        -80.843974,
        35.192266
       ],
       [
        -80.842877,
        35.191564
       ]
      ]
     ],
     "type": "MultiLineString"
    },
    "properties": {
     "length_km": 1.74,
     "n_sites": 1,
     "name": "Dairy Branch",
     "order": 2,
     "riverKey": "dairy branch",
     "source": "osm",
     "waterway": "stream"
    },
    "type": "Feature"
   },
   {
    "geometry": {
     "coordinates": [
      [
       -80.730725,
       35.250141
      ],
      [
       -80.730148,
       35.249575
      ],
      [
       -80.730128,
       35.249465
      ]
     ],
     "type": "LineString"
    },
    "properties": {
     "length_km": 0.09,
     "n_sites": 1,
     "name": "Delta Lake Dam",
     "order": 2,
     "riverKey": "delta lake dam",
     "source": "osm",
     "waterway": "dam"
    },
    "type": "Feature"
   },
   {
    "geometry": {
     "coordinates": [
      [
       [
        -80.79385,
        35.289308
       ],
       [
        -80.793643,
        35.288415
       ],
       [
        -80.792745,
        35.287519
       ],
       [
        -80.79245,
        35.287085
       ],
       [
        -80.792235,
        35.286964
       ],
       [
        -80.791733,
        35.286442
       ],
       [
        -80.79168,
        35.286302
       ],
       [
        -80.79104,
        35.285923
       ]
      ],
      [
       [
        -80.787344,
        35.283678
       ],
       [
        -80.78696,
        35.283319
       ],
       [
        -80.785647,
        35.282576
       ],
       [
        -80.785017,
        35.282494
       ],
       [
        -80.784283,
        35.282677
       ]
      ],
      [
       [
        -80.783348,
        35.28268
       ],
       [
        -80.781437,
        35.283048
       ],
       [
        -80.781108,
        35.283224
       ],
       [
        -80.780545,
        35.283383
       ],
       [
        -80.780022,
        35.283768
       ],
       [
        -80.778708,
        35.284405
       ],
       [
        -80.778198,
        35.284614
       ],
       [
        -80.777234,
        35.284841
       ]
      ],
      [
       [
        -80.776989,
        35.284869
       ],
       [
        -80.776697,
        35.284971
       ],
       [
        -80.775919,
        35.285487
       ],
       [
        -80.775241,
        35.286119
       ],
       [
        -80.775248,
        35.287416
       ],
       [
        -80.774764,
        35.288538
       ],
       [
        -80.774784,
        35.289609
       ],
       [
        -80.774602,
        35.290533
       ],
       [
        -80.774629,
        35.290819
       ],
       [
        -80.774126,
        35.291236
       ],
       [
        -80.773613,
        35.29215
       ]
      ],
      [
       [
        -80.773128,
        35.292851
       ],
       [
        -80.772992,
        35.293017
       ],
       [
        -80.772965,
        35.294028
       ],
       [
        -80.772415,
        35.295149
       ],
       [
        -80.772354,
        35.29554
       ],
       [
        -80.77146,
        35.297068
       ],
       [
        -80.769968,
        35.298687
       ]
      ],
      [
       [
        -80.769837,
        35.298933
       ],
       [
        -80.769644,
        35.29909
       ],
       [
        -80.768765,
        35.299111
       ],
       [
        -80.768149,
        35.298952
       ],
       [
        -80.767988,
        35.299001
       ],
       [
        -80.767713,
        35.299193
       ],
       [
        -80.767599,
        35.29943
       ],
       [
        -80.767096,
        35.299633
       ],
       [
        -80.766975,
        35.300067
       ],
       [
        -80.766101,
        35.300839
       ]
      ],
      [
       [
        -80.765819,
        35.300982
       ],
       [
        -80.765506,
        35.300913
       ],
       [
        -80.765131,
        35.3006
       ],
       [
        -80.764493,
        35.300786
       ],
       [
        -80.764466,
        35.301292
       ],
       [
        -80.76407,
        35.301902
       ],
       [
        -80.76407,
        35.302562
       ],
       [
        -80.763204,
        35.304051
       ],
       [
        -80.762828,
        35.304331
       ],
       [
        -80.762385,
        35.304969
       ],
       [
        -80.761224,
        35.306941
       ],
       [
        -80.761264,
        35.307161
       ],
       [
        -80.761593,
        35.307447
       ],
       [
        -80.761626,
        35.307733
       ],
       [
        -80.761411,
        35.308239
       ],
       [
        -80.761123,
        35.308459
       ],
       [
        -80.760888,
        35.308805
       ],
       [
        -80.760566,
        35.30903
       ],
       [
        -80.760901,
        35.309844
       ],
       [
        -80.761094,
        35.311053
       ],
       [
        -80.761054,
        35.311273
       ],
       [
        -80.760772,
        35.311712
       ]
      ],
      [
       [
        -80.759229,
        35.313476
       ],
       [
        -80.757853,
        35.314762
       ],
       [
        -80.756309,
        35.316669
       ],
       [
        -80.755859,
        35.317344
       ],
       [
        -80.754833,
        35.31802
       ],
       [
        -80.754651,
        35.318372
       ],
       [
        -80.754568,
        35.319224
       ],
       [
        -80.754266,
        35.319406
       ],
       [
        -80.753491,
        35.319477
       ],
       [
        -80.753163,
        35.319575
       ]
      ]
     ],
     "type": "MultiLineString"
    },
    "properties": {
     "length_km": 5.92,
     "n_sites": 1,
     "name": "Doby Creek",
     "order": 2,
     "riverKey": "doby creek",
     "source": "osm",
     "waterway": "stream"
    },
    "type": "Feature"
   },
   {
    "geometry": {
     "coordinates": [
      [
       [
        -80.799301,
        35.206331
       ],
       [
        -80.800742,
        35.206606
       ],
       [
        -80.801013,
        35.206812
       ],
       [
        -80.801338,
        35.206809
       ],
       [
        -80.801708,
        35.207049
       ],
       [
        -80.802054,
        35.206941
       ],
       [
        -80.802417,
        35.20714
       ],
       [
        -80.802699,
        35.20698
       ],
       [
        -80.803076,
        35.207118
       ],
       [
        -80.803329,
        35.207017
       ],
       [
        -80.803873,
        35.207033
       ],
       [
        -80.804209,
        35.207133
       ]
      ],
      [
       [
        -80.795679,
        35.206179
       ],
       [
        -80.797172,
        35.20614
       ],
       [
        -80.798164,
        35.206331
       ]
      ],
      [
       [
        -80.788003,
        35.202705
       ],
       [
        -80.789333,
        35.203894
       ],
       [
        -80.78979,
        35.205414
       ],
       [
        -80.790192,
        35.206415
       ],
       [
        -80.790338,
        35.207356
       ],
       [
        -80.790879,
        35.207782
       ],
       [
        -80.79161,
        35.207967
       ],
       [
        -80.792315,
        35.207821
       ],
       [
        -80.79267,
        35.2072
       ],
       [
        -80.792872,
        35.207035
       ],
       [
        -80.794013,
        35.206407
       ],
       [
        -80.794965,
        35.206336
       ]
      ],
      [
       [
        -80.772352,
        35.203276
       ],
       [
        -80.77296,
        35.20287
       ],
       [
        -80.773539,
        35.202637
       ],
       [
        -80.774442,
        35.202706
       ],
       [
        -80.775184,
        35.202654
       ],
       [
        -80.776354,
        35.202782
       ],
       [
        -80.776878,
        35.202594
       ]
      ],
      [
       [
        -80.763798,
        35.205444
       ],
       [
        -80.764177,
        35.205331
       ],
       [
        -80.765838,
        35.20512
       ],
       [
        -80.766839,
        35.204762
       ],
       [
        -80.768097,
        35.204974
       ],
       [
        -80.769081,
        35.204816
       ],
       [
        -80.769327,
        35.205043
       ],
       [
        -80.77206,
        35.204096
       ],
       [
        -80.772165,
        35.204025
       ],
       [
        -80.772246,
        35.203598
       ]
      ],
      [
       [
        -80.760523,
        35.207946
       ],
       [
        -80.76085,
        35.207667
       ],
       [
        -80.761654,
        35.207389
       ],
       [
        -80.761781,
        35.206845
       ],
       [
        -80.762272,
        35.206152
       ],
       [
        -80.763549,
        35.205522
       ]
      ]
     ],
     "type": "MultiLineString"
    },
    "properties": {
     "length_km": 3.52,
     "n_sites": 2,
     "name": "Edwards Branch",
     "order": 2,
     "riverKey": "edwards branch",
     "source": "osm",
     "waterway": "stream"
    },
    "type": "Feature"
   },
   {
    "geometry": {
     "coordinates": [
      [
       [
        -80.934637,
        35.298505
       ],
       [
        -80.935882,
        35.297423
       ],
       [
        -80.936661,
        35.296882
       ],
       [
        -80.937682,
        35.296336
       ],
       [
        -80.938058,
        35.296194
       ],
       [
        -80.938487,
        35.296157
       ],
       [
        -80.939754,
        35.29628
       ],
       [
        -80.940509,
        35.296708
       ],
       [
        -80.941887,
        35.297283
       ],
       [
        -80.942986,
        35.297506
       ],
       [
        -80.943628,
        35.297728
       ],
       [
        -80.94499,
        35.298667
       ],
       [
        -80.946919,
        35.299726
       ],
       [
        -80.947802,
        35.300042
       ],
       [
        -80.949158,
        35.300365
       ],
       [
        -80.952222,
        35.301444
       ],
       [
        -80.953197,
        35.302206
       ],
       [
        -80.954024,
        35.303285
       ],
       [
        -80.954202,
        35.304164
       ],
       [
        -80.953977,
        35.304976
       ],
       [
        -80.954153,
        35.305303
       ]
      ],
      [
       [
        -80.92558,
        35.299201
       ],
       [
        -80.925869,
        35.299255
       ],
       [
        -80.926492,
        35.299219
       ],
       [
        -80.926532,
        35.299104
       ],
       [
        -80.926732,
        35.299021
       ],
       [
        -80.927444,
        35.298863
       ],
       [
        -80.92777,
        35.298884
       ],
       [
        -80.928669,
        35.299402
       ],
       [
        -80.928762,
        35.299553
       ],
       [
        -80.928974,
        35.299602
       ],
       [
        -80.93025,
        35.2993
       ],
       [
        -80.9307,
        35.29935
       ],
       [
        -80.932981,
        35.298775
       ],
       [
        -80.934505,
        35.298559
       ]
      ],
      [
       [
        -80.919972,
        35.29619
       ],
       [
        -80.920686,
        35.296462
       ],
       [
        -80.920819,
        35.296423
       ],
       [
        -80.92114,
        35.296484
       ],
       [
        -80.921731,
        35.296338
       ],
       [
        -80.921978,
        35.296383
       ],
       [
        -80.923449,
        35.297486
       ],
       [
        -80.923882,
        35.297921
       ],
       [
        -80.924518,
        35.298247
       ],
       [
        -80.925152,
        35.298947
       ],
       [
        -80.92558,
        35.299201
       ]
      ],
      [
       [
        -80.922969,
        35.302119
       ],
       [
        -80.924139,
        35.300893
       ],
       [
        -80.924382,
        35.300432
       ],
       [
        -80.925041,
        35.299897
       ],
       [
        -80.925228,
        35.299642
       ]
      ],
      [
       [
        -80.92148,
        35.30393
       ],
       [
        -80.922751,
        35.302813
       ],
       [
        -80.922859,
        35.302245
       ]
      ],
      [
       [
        -80.908281,
        35.303863
       ],
       [
        -80.908775,
        35.304432
       ],
       [
        -80.909444,
        35.304807
       ],
       [
        -80.90959,
        35.304995
       ],
       [
        -80.910606,
        35.305783
       ],
       [
        -80.911195,
        35.306055
       ],
       [
        -80.911503,
        35.306067
       ],
       [
        -80.911959,
        35.306035
       ],
       [
        -80.912301,
        35.305916
       ],
       [
        -80.913095,
        35.305221
       ],
       [
        -80.913464,
        35.305107
       ],
       [
        -80.915127,
        35.305025
       ],
       [
        -80.917085,
        35.304702
       ],
       [
        -80.917541,
        35.304736
       ],
       [
        -80.918398,
        35.304959
       ],
       [
        -80.918747,
        35.304861
       ],
       [
        -80.919713,
        35.304777
       ],
       [
        -80.92066,
        35.304307
       ]
      ],
      [
       [
        -80.91295,
        35.295193
       ],
       [
        -80.913212,
        35.295101
       ],
       [
        -80.914203,
        35.295047
       ],
       [
        -80.914778,
        35.295293
       ],
       [
        -80.915314,
        35.295404
       ],
       [
        -80.915795,
        35.295637
       ],
       [
        -80.916136,
        35.295847
       ],
       [
        -80.916557,
        35.29626
       ],
       [
        -80.916878,
        35.296387
       ],
       [
        -80.917709,
        35.296385
       ],
       [
        -80.918681,
        35.296027
       ]
      ],
      [
       [
        -80.905072,
        35.302041
       ],
       [
        -80.905539,
        35.302388
       ],
       [
        -80.90649,
        35.302578
       ],
       [
        -80.907131,
        35.30313
       ],
       [
        -80.907854,
        35.303528
       ],
       [
        -80.908187,
        35.303797
       ]
      ]
     ],
     "type": "MultiLineString"
    },
    "properties": {
     "length_km": 6.66,
     "n_sites": 5,
     "name": "Gum Branch",
     "order": 2,
     "riverKey": "gum branch",
     "source": "osm",
     "waterway": "stream"
    },
    "type": "Feature"
   },
   {
    "geometry": {
     "coordinates": [
      [
       [
        -80.86911,
        35.22203
       ],
       [
        -80.869163,
        35.221802
       ],
       [
        -80.869795,
        35.221173
       ],
       [
        -80.8716,
        35.219626
       ],
       [
        -80.872257,
        35.21846
       ],
       [
        -80.872533,
        35.218139
       ],
       [
        -80.872725,
        35.215993
       ],
       [
        -80.872942,
        35.215348
       ],
       [
        -80.873352,
        35.214633
       ],
       [
        -80.874854,
        35.214256
       ],
       [
        -80.875248,
        35.214038
       ],
       [
        -80.876163,
        35.21374
       ],
       [
        -80.877141,
        35.212676
       ],
       [
        -80.877764,
        35.212216
       ],
       [
        -80.878697,
        35.2117
       ],
       [
        -80.879935,
        35.210721
       ],
       [
        -80.88044,
        35.210009
       ],
       [
        -80.881968,
        35.208667
       ],
       [
        -80.882202,
        35.208556
       ],
       [
        -80.882797,
        35.20798
       ],
       [
        -80.883174,
        35.207733
       ],
       [
        -80.88412,
        35.206776
       ],
       [
        -80.884997,
        35.206413
       ],
       [
        -80.885346,
        35.206438
       ],
       [
        -80.885698,
        35.206564
       ],
       [
        -80.886007,
        35.206882
       ],
       [
        -80.886435,
        35.207123
       ],
       [
        -80.886878,
        35.207631
       ],
       [
        -80.889295,
        35.208227
       ],
       [
        -80.889549,
        35.208139
       ],
       [
        -80.889949,
        35.207906
       ],
       [
        -80.890589,
        35.207146
       ],
       [
        -80.891288,
        35.206566
       ],
       [
        -80.892399,
        35.205314
       ],
       [
        -80.893012,
        35.204924
       ],
       [
        -80.893963,
        35.204509
       ],
       [
        -80.895274,
        35.20295
       ],
       [
        -80.895776,
        35.202551
       ],
       [
        -80.896395,
        35.202217
       ],
       [
        -80.896728,
        35.201828
       ],
       [
        -80.897097,
        35.201164
       ],
       [
        -80.897706,
        35.200628
       ],
       [
        -80.901171,
        35.199263
       ],
       [
        -80.904255,
        35.19816
       ],
       [
        -80.906356,
        35.196809
       ],
       [
        -80.907462,
        35.195715
       ],
       [
        -80.907937,
        35.19517
       ],
       [
        -80.908146,
        35.194776
       ],
       [
        -80.908196,
        35.194164
       ],
       [
        -80.90836,
        35.194024
       ],
       [
        -80.909914,
        35.193419
       ],
       [
        -80.910384,
        35.19377
       ],
       [
        -80.911064,
        35.193696
       ],
       [
        -80.911854,
        35.19342
       ],
       [
        -80.913903,
        35.193672
       ],
       [
        -80.914352,
        35.193634
       ],
       [
        -80.914977,
        35.193364
       ]
      ],
      [
       [
        -80.868002,
        35.22571
       ],
       [
        -80.868512,
        35.225548
       ],
       [
        -80.868702,
        35.22532
       ],
       [
        -80.868791,
        35.224897
       ],
       [
        -80.868927,
        35.22468
       ],
       [
        -80.868859,
        35.223853
       ]
      ],
      [
       [
        -80.861184,
        35.228426
       ],
       [
        -80.862534,
        35.227458
       ],
       [
        -80.862967,
        35.227047
       ],
       [
        -80.863463,
        35.226721
       ],
       [
        -80.863998,
        35.226491
       ]
      ],
      [
       [
        -80.856705,
        35.233071
       ],
       [
        -80.858606,
        35.230807
       ]
      ],
      [
       [
        -80.854601,
        35.235526
       ],
       [
        -80.856506,
        35.233295
       ]
      ],
      [
       [
        -80.852467,
        35.238983
       ],
       [
        -80.852483,
        35.238764
       ],
       [
        -80.85317,
        35.23724
       ]
      ],
      [
       [
        -80.844831,
        35.251084
       ],
       [
        -80.845105,
        35.250722
       ],
       [
        -80.846702,
        35.247537
       ],
       [
        -80.847225,
        35.246923
       ],
       [
        -80.84796,
        35.246508
       ],
       [
        -80.84826,
        35.246196
       ],
       [
        -80.849499,
        35.244058
       ],
       [
        -80.849454,
        35.243443
       ],
       [
        -80.849673,
        35.242877
       ],
       [
        -80.850752,
        35.241744
       ],
       [
        -80.851746,
        35.240996
       ],
       [
        -80.852126,
        35.240533
       ],
       [
        -80.852294,
        35.240165
       ]
      ],
      [
       [
        -80.839446,
        35.260852
       ],
       [
        -80.839846,
        35.259749
       ],
       [
        -80.841089,
        35.257478
       ],
       [
        -80.842728,
        35.253675
       ]
      ],
      [
       [
        -80.82598,
        35.27398
       ],
       [
        -80.825762,
        35.273688
       ],
       [
        -80.825386,
        35.272883
       ],
       [
        -80.825537,
        35.272193
       ],
       [
        -80.825836,
        35.271603
       ],
       [
        -80.826307,
        35.271161
       ],
       [
        -80.826543,
        35.271034
       ],
       [
        -80.826787,
        35.270502
       ],
       [
        -80.82765,
        35.269754
       ],
       [
        -80.828061,
        35.269134
       ],
       [
        -80.828229,
        35.269072
       ],
       [
        -80.828346,
        35.268892
       ],
       [
        -80.828657,
        35.268679
       ],
       [
        -80.828782,
        35.268473
       ],
       [
        -80.82938,
        35.268254
       ],
       [
        -80.829569,
        35.268088
       ],
       [
        -80.829855,
        35.268103
       ],
       [
        -80.830932,
        35.267792
       ],
       [
        -80.831665,
        35.267226
       ],
       [
        -80.832121,
        35.266742
       ],
       [
        -80.832204,
        35.26642
       ],
       [
        -80.832399,
        35.266216
       ],
       [
        -80.833239,
        35.265804
       ],
       [
        -80.833439,
        35.265472
       ],
       [
        -80.833337,
        35.265193
       ],
       [
        -80.833384,
        35.264944
       ],
       [
        -80.833602,
        35.264754
       ],
       [
        -80.833932,
        35.264064
       ],
       [
        -80.834117,
        35.263945
       ],
       [
        -80.834538,
        35.263414
       ],
       [
        -80.835939,
        35.262322
       ],
       [
        -80.836404,
        35.262062
       ],
       [
        -80.837498,
        35.261954
       ],
       [
        -80.838415,
        35.261524
       ],
       [
        -80.83877,
        35.261529
       ],
       [
        -80.839161,
        35.261451
       ],
       [
        -80.839272,
        35.261362
       ]
      ],
      [
       [
        -80.831333,
        35.304658
       ],
       [
        -80.8309,
        35.304291
       ],
       [
        -80.830353,
        35.304032
       ],
       [
        -80.830168,
        35.304028
       ],
       [
        -80.830013,
        35.304123
       ],
       [
        -80.829913,
        35.304084
       ],
       [
        -80.829582,
        35.303526
       ],
       [
        -80.828626,
        35.302531
       ],
       [
        -80.828132,
        35.302483
       ],
       [
        -80.827958,
        35.302358
       ],
       [
        -80.827912,
        35.302244
       ],
       [
        -80.828034,
        35.301917
       ],
       [
        -80.828243,
        35.301816
       ],
       [
        -80.828356,
        35.301559
       ],
       [
        -80.828283,
        35.300877
       ],
       [
        -80.828543,
        35.300707
       ],
       [
        -80.828719,
        35.300408
       ],
       [
        -80.828875,
        35.300339
       ],
       [
        -80.828841,
        35.300201
       ],
       [
        -80.828963,
        35.300161
       ],
       [
        -80.828928,
        35.29993
       ],
       [
        -80.82821,
        35.2984
       ],
       [
        -80.827266,
        35.297911
       ],
       [
        -80.82597,
        35.298311
       ],
       [
        -80.825736,
        35.298318
       ],
       [
        -80.825538,
        35.298191
       ],
       [
        -80.825519,
        35.298117
       ],
       [
        -80.825672,
        35.298021
       ],
       [
        -80.825658,
        35.297906
       ],
       [
        -80.825343,
        35.297679
       ],
       [
        -80.825531,
        35.297279
       ],
       [
        -80.825121,
        35.296872
       ],
       [
        -80.824931,
        35.295763
       ],
       [
        -80.824713,
        35.295184
       ],
       [
        -80.8245,
        35.295062
       ],
       [
        -80.824098,
        35.295039
       ],
       [
        -80.823611,
        35.293753
       ],
       [
        -80.822984,
        35.29249
       ],
       [
        -80.822399,
        35.292061
       ],
       [
        -80.821821,
        35.292074
       ],
       [
        -80.821356,
        35.291973
       ],
       [
        -80.82122,
        35.291869
       ],
       [
        -80.821293,
        35.290863
       ],
       [
        -80.820285,
        35.289738
       ],
       [
        -80.819837,
        35.289355
       ],
       [
        -80.818901,
        35.287932
       ],
       [
        -80.81901,
        35.287081
       ],
       [
        -80.819229,
        35.286646
       ],
       [
        -80.819463,
        35.286398
       ],
       [
        -80.819426,
        35.285699
       ],
       [
        -80.819721,
        35.285552
       ],
       [
        -80.819461,
        35.285368
       ],
       [
        -80.819203,
        35.284668
       ],
       [
        -80.819373,
        35.283974
       ],
       [
        -80.819046,
        35.283351
       ],
       [
        -80.818316,
        35.282493
       ],
       [
        -80.818493,
        35.282094
       ],
       [
        -80.81887,
        35.281584
       ],
       [
        -80.818922,
        35.281076
       ]
      ],
      [
       [
        -80.818964,
        35.280967
       ],
       [
        -80.819096,
        35.280597
       ],
       [
        -80.819402,
        35.280473
       ],
       [
        -80.819647,
        35.280251
       ],
       [
        -80.820198,
        35.279246
       ],
       [
        -80.821263,
        35.278253
       ],
       [
        -80.821416,
        35.278019
       ],
       [
        -80.821777,
        35.277873
       ],
       [
        -80.821919,
        35.277661
       ],
       [
        -80.82293,
        35.277441
       ],
       [
        -80.823163,
        35.277502
       ],
       [
        -80.823323,
        35.277401
       ],
       [
        -80.823741,
        35.277761
       ],
       [
        -80.824037,
        35.277803
       ],
       [
        -80.8243,
        35.277978
       ],
       [
        -80.82446,
        35.277988
       ],
       [
        -80.825004,
        35.277049
       ],
       [
        -80.825387,
        35.27689
       ],
       [
        -80.825706,
        35.276575
       ],
       [
        -80.825888,
        35.276222
       ],
       [
        -80.825707,
        35.275974
       ],
       [
        -80.825796,
        35.27576
       ]
      ]
     ],
     "type": "MultiLineString"
    },
    "properties": {
     "length_km": 16.15,
     "n_sites": 14,
     "name": "Irwin Creek",
     "order": 4,
     "riverKey": "irwin creek",
     "source": "osm",
     "waterway": "river"
    },
    "type": "Feature"
   },
   {
    "geometry": {
     "coordinates": [
      [
       [
        -80.851119,
        35.286596
       ],
       [
        -80.851273,
        35.286425
       ],
       [
        -80.851366,
        35.283807
       ]
      ],
      [
       [
        -80.851358,
        35.283677
       ],
       [
        -80.851322,
        35.283103
       ],
       [
        -80.85077,
        35.281507
       ],
       [
        -80.850474,
        35.27953
       ],
       [
        -80.850027,
        35.278908
       ],
       [
        -80.849164,
        35.276178
       ],
       [
        -80.848962,
        35.275956
       ],
       [
        -80.848676,
        35.275926
       ],
       [
        -80.848469,
        35.27599
       ],
       [
        -80.848207,
        35.275911
       ],
       [
        -80.847726,
        35.275256
       ],
       [
        -80.847619,
        35.274762
       ],
       [
        -80.847672,
        35.274171
       ],
       [
        -80.847953,
        35.273958
       ],
       [
        -80.84815,
        35.273595
       ],
       [
        -80.847994,
        35.273495
       ]
      ],
      [
       [
        -80.844725,
        35.269666
       ],
       [
        -80.844624,
        35.269499
       ],
       [
        -80.844604,
        35.268778
       ],
       [
        -80.844096,
        35.267334
       ],
       [
        -80.842214,
        35.264674
       ],
       [
        -80.840131,
        35.262064
       ],
       [
        -80.839264,
        35.261385
       ]
      ]
     ],
     "type": "MultiLineString"
    },
    "properties": {
     "length_km": 2.64,
     "n_sites": 2,
     "name": "Kennedy Branch",
     "order": 2,
     "riverKey": "kennedy branch",
     "source": "osm",
     "waterway": "stream"
    },
    "type": "Feature"
   },
   {
    "geometry": {
     "coordinates": [
      [
       [
        -80.890452,
        35.152648
       ],
       [
        -80.890521,
        35.152008
       ],
       [
        -80.890374,
        35.151013
       ],
       [
        -80.889878,
        35.150354
       ],
       [
        -80.88946,
        35.149341
       ],
       [
        -80.889186,
        35.1489
       ],
       [
        -80.889134,
        35.148643
       ],
       [
        -80.889244,
        35.148491
       ],
       [
        -80.88923,
        35.148226
       ],
       [
        -80.889077,
        35.147903
       ],
       [
        -80.888437,
        35.145445
       ],
       [
        -80.888404,
        35.14524
       ],
       [
        -80.888513,
        35.145083
       ],
       [
        -80.888465,
        35.14466
       ],
       [
        -80.888744,
        35.143113
       ],
       [
        -80.888587,
        35.142897
       ],
       [
        -80.888438,
        35.142037
       ],
       [
        -80.888258,
        35.141726
       ]
      ],
      [
       [
        -80.889435,
        35.161845
       ],
       [
        -80.890412,
        35.160473
       ],
       [
        -80.890976,
        35.158762
       ],
       [
        -80.891124,
        35.157976
       ],
       [
        -80.890688,
        35.157108
       ],
       [
        -80.890509,
        35.156972
       ],
       [
        -80.890126,
        35.154277
       ],
       [
        -80.890351,
        35.153021
       ]
      ],
      [
       [
        -80.888207,
        35.141601
       ],
       [
        -80.887698,
        35.140694
       ],
       [
        -80.887326,
        35.140571
       ],
       [
        -80.887196,
        35.140262
       ],
       [
        -80.88718,
        35.140091
       ],
       [
        -80.887506,
        35.139823
       ],
       [
        -80.887671,
        35.139252
       ],
       [
        -80.887233,
        35.138933
       ],
       [
        -80.887254,
        35.138531
       ],
       [
        -80.886961,
        35.13821
       ],
       [
        -80.886752,
        35.137701
       ],
       [
        -80.886436,
        35.137443
       ],
       [
        -80.886236,
        35.136987
       ]
      ],
      [
       [
        -80.884843,
        35.164686
       ],
       [
        -80.886255,
        35.164146
       ],
       [
        -80.887247,
        35.163942
       ],
       [
        -80.888037,
        35.163625
       ],
       [
        -80.888078,
        35.163218
       ]
      ],
      [
       [
        -80.886126,
        35.136751
       ],
       [
        -80.884856,
        35.134704
       ],
       [
        -80.884832,
        35.134571
       ],
       [
        -80.885044,
        35.134181
       ],
       [
        -80.885026,
        35.134068
       ],
       [
        -80.884593,
        35.133814
       ],
       [
        -80.884409,
        35.133974
       ],
       [
        -80.884192,
        35.134012
       ],
       [
        -80.883784,
        35.133948
       ],
       [
        -80.88369,
        35.133866
       ],
       [
        -80.883682,
        35.133778
       ],
       [
        -80.883892,
        35.13354
       ],
       [
        -80.883853,
        35.133197
       ],
       [
        -80.883452,
        35.132718
       ],
       [
        -80.883675,
        35.13227
       ],
       [
        -80.884089,
        35.132094
       ],
       [
        -80.884082,
        35.131902
       ],
       [
        -80.883966,
        35.131742
       ]
      ]
     ],
     "type": "MultiLineString"
    },
    "properties": {
     "length_km": 4.01,
     "n_sites": 1,
     "name": "Kings Branch",
     "order": 2,
     "riverKey": "kings branch",
     "source": "osm",
     "waterway": "stream"
    },
    "type": "Feature"
   },
   {
    "geometry": {
     "coordinates": [
      [
       [
        -80.866894,
        35.19092
       ],
       [
        -80.866962,
        35.19062
       ],
       [
        -80.866904,
        35.19041
       ],
       [
        -80.866329,
        35.190126
       ],
       [
        -80.866055,
        35.18989
       ],
       [
        -80.865518,
        35.189723
       ],
       [
        -80.865477,
        35.189639
       ],
       [
        -80.865646,
        35.189207
       ]
      ],
      [
       [
        -80.865693,
        35.189003
       ],
       [
        -80.866053,
        35.187273
       ],
       [
        -80.865237,
        35.18666
       ],
       [
        -80.864977,
        35.186366
       ]
      ],
      [
       [
        -80.864697,
        35.186098
       ],
       [
        -80.864136,
        35.185663
       ],
       [
        -80.86398,
        35.185197
       ],
       [
        -80.863677,
        35.185065
       ],
       [
        -80.86347,
        35.18475
       ],
       [
        -80.86229,
        35.184278
       ],
       [
        -80.861931,
        35.183651
       ],
       [
        -80.861592,
        35.182682
       ],
       [
        -80.861128,
        35.181917
       ],
       [
        -80.86013,
        35.181062
       ],
       [
        -80.859598,
        35.180446
       ],
       [
        -80.859506,
        35.180195
       ],
       [
        -80.859498,
        35.179524
       ],
       [
        -80.859381,
        35.179238
       ],
       [
        -80.857751,
        35.178092
       ],
       [
        -80.857674,
        35.177875
       ],
       [
        -80.857667,
        35.177105
       ],
       [
        -80.857518,
        35.176944
       ],
       [
        -80.857302,
        35.176395
       ],
       [
        -80.856875,
        35.17606
       ],
       [
        -80.85669,
        35.175693
       ],
       [
        -80.855688,
        35.172472
       ]
      ],
      [
       [
        -80.855666,
        35.17224
       ],
       [
        -80.855765,
        35.17069
       ],
       [
        -80.855655,
        35.169951
       ]
      ],
      [
       [
        -80.855641,
        35.169807
       ],
       [
        -80.855355,
        35.167505
       ],
       [
        -80.854896,
        35.166971
       ]
      ],
      [
       [
        -80.854814,
        35.166873
       ],
       [
        -80.85395,
        35.166255
       ],
       [
        -80.853503,
        35.16608
       ],
       [
        -80.853286,
        35.16559
       ],
       [
        -80.853117,
        35.165408
       ],
       [
        -80.853153,
        35.164586
       ],
       [
        -80.853071,
        35.163938
       ],
       [
        -80.853637,
        35.163666
       ],
       [
        -80.853751,
        35.163413
       ],
       [
        -80.853755,
        35.162759
       ],
       [
        -80.854646,
        35.161986
       ],
       [
        -80.854888,
        35.161565
       ],
       [
        -80.854716,
        35.160989
       ],
       [
        -80.854072,
        35.160182
       ],
       [
        -80.853521,
        35.159886
       ],
       [
        -80.853285,
        35.159637
       ],
       [
        -80.853441,
        35.158945
       ],
       [
        -80.853331,
        35.158279
       ],
       [
        -80.852494,
        35.157347
       ],
       [
        -80.852829,
        35.157032
       ]
      ]
     ],
     "type": "MultiLineString"
    },
    "properties": {
     "length_km": 4.32,
     "n_sites": 3,
     "name": "Little Hope Creek",
     "order": 2,
     "riverKey": "little hope creek",
     "source": "osm",
     "waterway": "stream"
    },
    "type": "Feature"
   },
   {
    "geometry": {
     "coordinates": [
      [
       [
        -80.834845,
        35.216359
       ],
       [
        -80.835663,
        35.215457
       ],
       [
        -80.836154,
        35.213596
       ],
       [
        -80.836583,
        35.212899
       ],
       [
        -80.83658,
        35.211836
       ],
       [
        -80.836783,
        35.210827
       ],
       [
        -80.836431,
        35.208652
       ],
       [
        -80.836441,
        35.207767
       ],
       [
        -80.836663,
        35.206474
       ],
       [
        -80.836783,
        35.206197
       ],
       [
        -80.837042,
        35.204462
       ],
       [
        -80.837632,
        35.199445
       ],
       [
        -80.837839,
        35.198381
       ],
       [
        -80.837839,
        35.197553
       ],
       [
        -80.838095,
        35.196723
       ],
       [
        -80.83831,
        35.196343
       ],
       [
        -80.84051,
        35.19452
       ],
       [
        -80.840723,
        35.194202
       ],
       [
        -80.840845,
        35.193763
       ],
       [
        -80.841521,
        35.193374
       ],
       [
        -80.841648,
        35.193203
       ],
       [
        -80.84176,
        35.192534
       ],
       [
        -80.841868,
        35.192328
       ],
       [
        -80.84262,
        35.191906
       ],
       [
        -80.84306,
        35.19132
       ],
       [
        -80.843135,
        35.190825
       ],
       [
        -80.843635,
        35.190258
       ],
       [
        -80.843693,
        35.189595
       ],
       [
        -80.844165,
        35.189053
       ],
       [
        -80.844574,
        35.188208
       ],
       [
        -80.844551,
        35.187949
       ],
       [
        -80.844168,
        35.187574
       ],
       [
        -80.844081,
        35.187329
       ],
       [
        -80.84416,
        35.187118
       ],
       [
        -80.844649,
        35.186858
       ],
       [
        -80.844809,
        35.186632
       ],
       [
        -80.845303,
        35.184749
       ],
       [
        -80.845561,
        35.182668
       ],
       [
        -80.845865,
        35.181712
       ],
       [
        -80.845891,
        35.18148
       ],
       [
        -80.845742,
        35.180924
       ],
       [
        -80.846009,
        35.180534
       ],
       [
        -80.845817,
        35.179898
       ],
       [
        -80.846138,
        35.179397
       ],
       [
        -80.84646,
        35.177549
       ],
       [
        -80.846508,
        35.17703
       ],
       [
        -80.8463,
        35.176462
       ],
       [
        -80.846654,
        35.175925
       ],
       [
        -80.846644,
        35.175752
       ],
       [
        -80.846422,
        35.175387
       ],
       [
        -80.846593,
        35.174956
       ],
       [
        -80.846517,
        35.172902
       ],
       [
        -80.846596,
        35.172355
       ],
       [
        -80.846306,
        35.172056
       ],
       [
        -80.845495,
        35.171489
       ],
       [
        -80.845336,
        35.171246
       ],
       [
        -80.846341,
        35.169643
       ],
       [
        -80.846612,
        35.169336
       ],
       [
        -80.846982,
        35.169189
       ],
       [
        -80.847072,
        35.16902
       ],
       [
        -80.846707,
        35.168037
       ],
       [
        -80.846415,
        35.167914
       ],
       [
        -80.845026,
        35.167643
       ],
       [
        -80.844679,
        35.167441
       ],
       [
        -80.84452,
        35.167264
       ],
       [
        -80.844527,
        35.167104
       ],
       [
        -80.84499,
        35.166745
       ],
       [
        -80.845982,
        35.165584
       ],
       [
        -80.84648,
        35.164867
       ],
       [
        -80.847519,
        35.164304
       ],
       [
        -80.847505,
        35.163484
       ],
       [
        -80.847211,
        35.162633
       ],
       [
        -80.847772,
        35.16211
       ],
       [
        -80.848357,
        35.160144
       ],
       [
        -80.848544,
        35.160059
       ],
       [
        -80.850208,
        35.15984
       ],
       [
        -80.85056,
        35.159684
       ],
       [
        -80.850785,
        35.159298
       ],
       [
        -80.851181,
        35.157702
       ],
       [
        -80.851399,
        35.157368
       ],
       [
        -80.851488,
        35.156972
       ],
       [
        -80.852345,
        35.155988
       ],
       [
        -80.85508,
        35.153249
       ],
       [
        -80.855074,
        35.152414
       ],
       [
        -80.855137,
        35.15231
       ],
       [
        -80.855643,
        35.151909
       ],
       [
        -80.857019,
        35.151346
       ],
       [
        -80.857362,
        35.151108
       ],
       [
        -80.857572,
        35.150136
       ],
       [
        -80.857932,
        35.149219
       ],
       [
        -80.857935,
        35.148378
       ],
       [
        -80.857592,
        35.147575
       ],
       [
        -80.857589,
        35.14716
       ],
       [
        -80.85766,
        35.147049
       ],
       [
        -80.857881,
        35.14697
       ],
       [
        -80.858736,
        35.146845
       ],
       [
        -80.859053,
        35.146513
       ],
       [
        -80.859684,
        35.143809
       ],
       [
        -80.860129,
        35.142886
       ],
       [
        -80.860183,
        35.141868
       ],
       [
        -80.860424,
        35.140847
       ],
       [
        -80.861176,
        35.139477
       ],
       [
        -80.862062,
        35.138948
       ],
       [
        -80.862664,
        35.138444
       ],
       [
        -80.863429,
        35.137474
       ],
       [
        -80.863783,
        35.136711
       ],
       [
        -80.864422,
        35.13601
       ],
       [
        -80.864577,
        35.135461
       ],
       [
        -80.864494,
        35.134295
       ],
       [
        -80.864681,
        35.133531
       ],
       [
        -80.864651,
        35.132613
       ],
       [
        -80.864717,
        35.13245
       ],
       [
        -80.865027,
        35.132157
       ],
       [
        -80.865128,
        35.131884
       ],
       [
        -80.864851,
        35.131216
       ],
       [
        -80.864907,
        35.130493
       ],
       [
        -80.864504,
        35.129817
       ],
       [
        -80.864283,
        35.129237
       ],
       [
        -80.864144,
        35.127691
       ],
       [
        -80.864392,
        35.127211
       ],
       [
        -80.864972,
        35.126733
       ],
       [
        -80.86528,
        35.125917
       ],
       [
        -80.865944,
        35.125043
       ],
       [
        -80.866316,
        35.124084
       ],
       [
        -80.866968,
        35.123224
       ],
       [
        -80.867164,
        35.12165
       ],
       [
        -80.867502,
        35.120796
       ],
       [
        -80.867769,
        35.119232
       ],
       [
        -80.8685,
        35.117067
       ],
       [
        -80.868595,
        35.116001
       ],
       [
        -80.868485,
        35.115369
       ],
       [
        -80.868538,
        35.115131
       ],
       [
        -80.869392,
        35.113714
       ],
       [
        -80.869592,
        35.11315
       ],
       [
        -80.869616,
        35.11275
       ],
       [
        -80.8701,
        35.112035
       ],
       [
        -80.870659,
        35.109767
       ],
       [
        -80.870972,
        35.109506
       ],
       [
        -80.872627,
        35.108494
       ],
       [
        -80.873593,
        35.107057
       ],
       [
        -80.87472,
        35.10566
       ],
       [
        -80.875546,
        35.104465
       ],
       [
        -80.875798,
        35.103522
       ],
       [
        -80.875748,
        35.102808
       ],
       [
        -80.875811,
        35.102189
       ],
       [
        -80.876255,
        35.101522
       ],
       [
        -80.876615,
        35.10011
       ],
       [
        -80.877415,
        35.098463
       ],
       [
        -80.877465,
        35.097228
       ],
       [
        -80.877662,
        35.096312
       ],
       [
        -80.878055,
        35.09563
       ],
       [
        -80.87843,
        35.09442
       ],
       [
        -80.87872,
        35.093873
       ],
       [
        -80.880753,
        35.090945
       ],
       [
        -80.881476,
        35.090201
       ],
       [
        -80.881792,
        35.090096
       ],
       [
        -80.882324,
        35.09026
       ],
       [
        -80.882724,
        35.090279
       ],
       [
        -80.883015,
        35.09015
       ],
       [
        -80.883281,
        35.089812
       ],
       [
        -80.883351,
        35.089461
       ],
       [
        -80.883337,
        35.087921
       ],
       [
        -80.883155,
        35.08618
       ],
       [
        -80.882826,
        35.085705
       ],
       [
        -80.882117,
        35.084972
       ],
       [
        -80.88198,
        35.084639
       ],
       [
        -80.881452,
        35.084176
       ],
       [
        -80.880676,
        35.083156
       ],
       [
        -80.880505,
        35.082784
       ],
       [
        -80.880431,
        35.081655
       ],
       [
        -80.880696,
        35.081408
       ],
       [
        -80.881158,
        35.080412
       ],
       [
        -80.881706,
        35.079489
       ],
       [
        -80.88197,
        35.079246
       ],
       [
        -80.883009,
        35.079047
       ],
       [
        -80.883692,
        35.079359
       ],
       [
        -80.884457,
        35.07947
       ]
      ],
      [
       [
        -80.823716,
        35.229344
       ],
       [
        -80.823549,
        35.228791
       ],
       [
        -80.823848,
        35.228436
       ],
       [
        -80.824604,
        35.228072
       ],
       [
        -80.825459,
        35.227483
       ],
       [
        -80.827284,
        35.22736
       ],
       [
        -80.827654,
        35.226844
       ]
      ],
      [
       [
        -80.820206,
        35.234922
       ],
       [
        -80.820708,
        35.234502
       ],
       [
        -80.821901,
        35.233834
       ],
       [
        -80.823007,
        35.232932
       ],
       [
        -80.823186,
        35.232511
       ],
       [
        -80.823179,
        35.232198
       ],
       [
        -80.822269,
        35.231311
       ],
       [
        -80.822359,
        35.230919
       ],
       [
        -80.822287,
        35.230328
       ],
       [
        -80.822357,
        35.229946
       ],
       [
        -80.82253,
        35.229683
       ],
       [
        -80.822783,
        35.229619
       ],
       [
        -80.8231,
        35.229872
       ],
       [
        -80.823309,
        35.229892
       ],
       [
        -80.82367,
        35.229634
       ],
       [
        -80.823736,
        35.229488
       ]
      ],
      [
       [
        -80.818168,
        35.237028
       ],
       [
        -80.818111,
        35.236882
       ],
       [
        -80.818175,
        35.236647
       ],
       [
        -80.81924,
        35.236059
       ],
       [
        -80.819717,
        35.235639
       ],
       [
        -80.820052,
        35.235077
       ]
      ],
      [
       [
        -80.81417,
        35.24555
       ],
       [
        -80.814041,
        35.245372
       ],
       [
        -80.814086,
        35.245159
       ],
       [
        -80.81477,
        35.244803
       ],
       [
        -80.815343,
        35.244158
       ],
       [
        -80.815458,
        35.243135
       ],
       [
        -80.815074,
        35.242629
       ],
       [
        -80.815632,
        35.241787
       ],
       [
        -80.81621,
        35.240605
       ],
       [
        -80.816646,
        35.239997
       ],
       [
        -80.818057,
        35.238956
       ],
       [
        -80.818963,
        35.238152
       ],
       [
        -80.819019,
        35.237808
       ],
       [
        -80.818315,
        35.237245
       ]
      ],
      [
       [
        -80.807028,
        35.250752
       ],
       [
        -80.809687,
        35.250137
       ],
       [
        -80.810756,
        35.249748
       ],
       [
        -80.812847,
        35.248565
       ],
       [
        -80.813889,
        35.247329
       ]
      ],
      [
       [
        -80.794632,
        35.256807
       ],
       [
        -80.79824,
        35.255043
       ],
       [
        -80.800135,
        35.254246
       ],
       [
        -80.801595,
        35.252867
       ],
       [
        -80.802807,
        35.251502
       ],
       [
        -80.803252,
        35.251405
       ],
       [
        -80.804093,
        35.251066
       ],
       [
        -80.804859,
        35.251023
       ],
       [
        -80.805573,
        35.250885
       ],
       [
        -80.805997,
        35.250709
       ],
       [
        -80.806815,
        35.250782
       ]
      ],
      [
       [
        -80.790204,
        35.261102
       ],
       [
        -80.790373,
        35.261088
       ],
       [
        -80.79055,
        35.261372
       ],
       [
        -80.790818,
        35.261279
       ],
       [
        -80.790968,
        35.260863
       ],
       [
        -80.790523,
        35.26068
       ],
       [
        -80.790477,
        35.260538
       ],
       [
        -80.790636,
        35.260456
       ],
       [
        -80.791037,
        35.260499
       ],
       [
        -80.791119,
        35.260373
       ],
       [
        -80.791048,
        35.260278
       ],
       [
        -80.790639,
        35.260151
       ],
       [
        -80.790652,
        35.260043
       ],
       [
        -80.791,
        35.259989
       ],
       [
        -80.791048,
        35.259926
       ],
       [
        -80.790779,
        35.259641
       ],
       [
        -80.790767,
        35.259529
       ],
       [
        -80.791336,
        35.259306
       ],
       [
        -80.791504,
        35.259049
       ]
      ],
      [
       [
        -80.778986,
        35.269847
       ],
       [
        -80.778874,
        35.269015
       ],
       [
        -80.780194,
        35.267503
       ],
       [
        -80.780249,
        35.266858
       ],
       [
        -80.780501,
        35.266385
       ],
       [
        -80.781578,
        35.265169
       ],
       [
        -80.782614,
        35.26381
       ],
       [
        -80.782878,
        35.263342
       ],
       [
        -80.783238,
        35.263153
       ],
       [
        -80.784036,
        35.262416
       ],
       [
        -80.78568,
        35.261587
       ],
       [
        -80.786086,
        35.261606
       ],
       [
        -80.790081,
        35.261104
       ]
      ],
      [
       [
        -80.777349,
        35.272255
       ],
       [
        -80.777653,
        35.272061
       ],
       [
        -80.777718,
        35.271822
       ],
       [
        -80.777594,
        35.271721
       ],
       [
        -80.777853,
        35.271363
       ],
       [
        -80.777964,
        35.271277
       ],
       [
        -80.778219,
        35.2713
       ],
       [
        -80.778486,
        35.270971
       ],
       [
        -80.778919,
        35.270273
       ],
       [
        -80.779003,
        35.269985
       ]
      ],
      [
       [
        -80.773887,
        35.2731
       ],
       [
        -80.776773,
        35.272539
       ],
       [
        -80.777157,
        35.272373
       ]
      ],
      [
       [
        -80.769789,
        35.276167
       ],
       [
        -80.770519,
        35.275181
       ],
       [
        -80.771368,
        35.27472
       ],
       [
        -80.771713,
        35.274727
       ],
       [
        -80.772105,
        35.274612
       ],
       [
        -80.7724,
        35.274402
       ]
      ]
     ],
     "type": "MultiLineString"
    },
    "properties": {
     "length_km": 25.5,
     "n_sites": 12,
     "name": "Little Sugar Creek",
     "order": 2,
     "riverKey": "little sugar creek",
     "source": "osm",
     "waterway": "stream"
    },
    "type": "Feature"
   },
   {
    "geometry": {
     "coordinates": [
      [
       [
        -80.719706,
        35.175903
       ],
       [
        -80.720138,
        35.175759
       ],
       [
        -80.720587,
        35.175478
       ],
       [
        -80.721598,
        35.174517
       ],
       [
        -80.722011,
        35.174236
       ],
       [
        -80.722306,
        35.17422
       ],
       [
        -80.723131,
        35.174495
       ],
       [
        -80.724424,
        35.174553
       ],
       [
        -80.724738,
        35.174457
       ],
       [
        -80.724942,
        35.174281
       ],
       [
        -80.72537,
        35.173143
       ],
       [
        -80.725837,
        35.172808
       ],
       [
        -80.725656,
        35.172582
       ],
       [
        -80.724839,
        35.172166
       ],
       [
        -80.724649,
        35.172001
       ],
       [
        -80.724601,
        35.171647
       ],
       [
        -80.724767,
        35.171344
       ],
       [
        -80.724489,
        35.171011
       ],
       [
        -80.724228,
        35.170969
       ],
       [
        -80.72417,
        35.170856
       ],
       [
        -80.724347,
        35.170479
       ],
       [
        -80.724175,
        35.170222
       ],
       [
        -80.724412,
        35.170074
       ],
       [
        -80.724621,
        35.169796
       ],
       [
        -80.724923,
        35.169151
       ],
       [
        -80.72519,
        35.169025
       ],
       [
        -80.725469,
        35.168586
       ],
       [
        -80.725979,
        35.168098
       ],
       [
        -80.726167,
        35.167729
       ],
       [
        -80.72725,
        35.16666
       ],
       [
        -80.728021,
        35.166245
       ],
       [
        -80.728302,
        35.166333
       ],
       [
        -80.728969,
        35.166231
       ],
       [
        -80.729212,
        35.165877
       ],
       [
        -80.729907,
        35.165316
       ],
       [
        -80.730011,
        35.165095
       ],
       [
        -80.730559,
        35.164559
       ],
       [
        -80.73069,
        35.163686
       ],
       [
        -80.731066,
        35.163269
       ],
       [
        -80.732526,
        35.16256
       ],
       [
        -80.732781,
        35.162384
       ],
       [
        -80.733438,
        35.161672
       ],
       [
        -80.735033,
        35.161047
       ],
       [
        -80.735387,
        35.160617
       ],
       [
        -80.735992,
        35.160356
       ],
       [
        -80.736046,
        35.160027
       ],
       [
        -80.736508,
        35.159668
       ],
       [
        -80.736683,
        35.159436
       ],
       [
        -80.737095,
        35.158609
       ],
       [
        -80.737672,
        35.157804
       ],
       [
        -80.738025,
        35.157062
       ],
       [
        -80.738792,
        35.156082
       ],
       [
        -80.739213,
        35.15515
       ],
       [
        -80.739375,
        35.154882
       ],
       [
        -80.739621,
        35.15468
       ],
       [
        -80.739998,
        35.153864
       ],
       [
        -80.740127,
        35.153787
       ],
       [
        -80.742919,
        35.149339
       ],
       [
        -80.7434,
        35.148722
       ],
       [
        -80.743598,
        35.148632
       ],
       [
        -80.744251,
        35.148666
       ],
       [
        -80.744711,
        35.148441
       ],
       [
        -80.745625,
        35.148231
       ],
       [
        -80.747001,
        35.148462
       ],
       [
        -80.747684,
        35.148682
       ],
       [
        -80.748574,
        35.148581
       ],
       [
        -80.748683,
        35.148689
       ],
       [
        -80.750017,
        35.148845
       ],
       [
        -80.751634,
        35.14857
       ],
       [
        -80.752166,
        35.148551
       ],
       [
        -80.752627,
        35.148315
       ],
       [
        -80.753248,
        35.148142
       ],
       [
        -80.754416,
        35.14736
       ],
       [
        -80.754839,
        35.147201
       ],
       [
        -80.760651,
        35.143778
       ],
       [
        -80.76139,
        35.142628
       ],
       [
        -80.761928,
        35.142321
       ],
       [
        -80.767899,
        35.137487
       ],
       [
        -80.76836,
        35.137021
       ],
       [
        -80.769107,
        35.136509
       ],
       [
        -80.774562,
        35.131467
       ],
       [
        -80.775018,
        35.131216
       ],
       [
        -80.775612,
        35.13117
       ],
       [
        -80.776221,
        35.130963
       ]
      ],
      [
       [
        -80.705222,
        35.192586
       ],
       [
        -80.706919,
        35.189913
       ],
       [
        -80.70788,
        35.188508
       ],
       [
        -80.708007,
        35.188425
       ],
       [
        -80.708809,
        35.187078
       ],
       [
        -80.709176,
        35.187029
       ],
       [
        -80.710079,
        35.186643
       ],
       [
        -80.710257,
        35.186352
       ],
       [
        -80.710196,
        35.185922
       ],
       [
        -80.710272,
        35.185813
       ],
       [
        -80.710899,
        35.185638
       ],
       [
        -80.71101,
        35.185457
       ],
       [
        -80.711199,
        35.185445
       ],
       [
        -80.711496,
        35.185256
       ],
       [
        -80.711577,
        35.18496
       ],
       [
        -80.712012,
        35.184781
       ],
       [
        -80.712422,
        35.184293
       ],
       [
        -80.712716,
        35.184102
       ],
       [
        -80.712907,
        35.183595
       ],
       [
        -80.71342,
        35.183438
       ],
       [
        -80.714043,
        35.183443
       ],
       [
        -80.714413,
        35.183172
       ],
       [
        -80.714723,
        35.183214
       ],
       [
        -80.715226,
        35.183074
       ],
       [
        -80.715837,
        35.182547
       ],
       [
        -80.716113,
        35.181903
       ],
       [
        -80.715952,
        35.181641
       ],
       [
        -80.715995,
        35.181322
       ],
       [
        -80.715801,
        35.181239
       ],
       [
        -80.715816,
        35.181052
       ],
       [
        -80.715656,
        35.180708
       ],
       [
        -80.715848,
        35.180467
       ],
       [
        -80.715816,
        35.180008
       ],
       [
        -80.715987,
        35.179639
       ],
       [
        -80.716931,
        35.179148
       ],
       [
        -80.717438,
        35.179065
       ],
       [
        -80.718369,
        35.178744
       ],
       [
        -80.718218,
        35.17821
       ],
       [
        -80.718262,
        35.177843
       ],
       [
        -80.718652,
        35.177105
       ],
       [
        -80.718822,
        35.176319
       ],
       [
        -80.718943,
        35.176164
       ],
       [
        -80.719435,
        35.176016
       ]
      ],
      [
       [
        -80.708189,
        35.224497
       ],
       [
        -80.708242,
        35.224164
       ],
       [
        -80.708811,
        35.223052
       ],
       [
        -80.709507,
        35.222251
       ],
       [
        -80.710484,
        35.220432
       ],
       [
        -80.710693,
        35.220244
       ],
       [
        -80.710736,
        35.220041
       ],
       [
        -80.710525,
        35.22
       ],
       [
        -80.710521,
        35.219352
       ],
       [
        -80.710343,
        35.218952
       ],
       [
        -80.710232,
        35.218889
       ],
       [
        -80.709923,
        35.218124
       ],
       [
        -80.709583,
        35.217781
       ],
       [
        -80.709262,
        35.217269
       ],
       [
        -80.708986,
        35.216343
       ],
       [
        -80.708987,
        35.216076
       ],
       [
        -80.70942,
        35.215624
       ],
       [
        -80.709304,
        35.21525
       ],
       [
        -80.709456,
        35.215024
       ],
       [
        -80.709454,
        35.214813
       ],
       [
        -80.709603,
        35.214688
       ],
       [
        -80.709506,
        35.214512
       ],
       [
        -80.70968,
        35.214401
       ],
       [
        -80.709616,
        35.214213
       ],
       [
        -80.709215,
        35.213909
       ],
       [
        -80.709384,
        35.213227
       ],
       [
        -80.709188,
        35.213174
       ],
       [
        -80.707739,
        35.212163
       ],
       [
        -80.705663,
        35.210299
       ],
       [
        -80.704517,
        35.209501
       ],
       [
        -80.704148,
        35.209546
       ]
      ],
      [
       [
        -80.704656,
        35.199484
       ],
       [
        -80.704526,
        35.198222
       ],
       [
        -80.704634,
        35.198035
       ],
       [
        -80.704224,
        35.197704
       ],
       [
        -80.704448,
        35.197201
       ],
       [
        -80.704487,
        35.19671
       ],
       [
        -80.704254,
        35.19607
       ],
       [
        -80.704169,
        35.195551
       ],
       [
        -80.704399,
        35.194857
       ],
       [
        -80.704324,
        35.194442
       ],
       [
        -80.704645,
        35.194115
       ],
       [
        -80.705103,
        35.192729
       ]
      ],
      [
       [
        -80.704306,
        35.202559
       ],
       [
        -80.704372,
        35.200899
       ],
       [
        -80.704656,
        35.200103
       ],
       [
        -80.704988,
        35.199931
       ],
       [
        -80.704931,
        35.199798
       ],
       [
        -80.704651,
        35.199645
       ]
      ],
      [
       [
        -80.704056,
        35.209264
       ],
       [
        -80.703952,
        35.208963
       ],
       [
        -80.704226,
        35.20846
       ],
       [
        -80.70424,
        35.207988
       ],
       [
        -80.704385,
        35.207693
       ],
       [
        -80.70441,
        35.207417
       ],
       [
        -80.704237,
        35.207326
       ],
       [
        -80.704322,
        35.207141
       ],
       [
        -80.704246,
        35.206989
       ],
       [
        -80.704292,
        35.206904
       ],
       [
        -80.70406,
        35.20674
       ],
       [
        -80.704096,
        35.206384
       ],
       [
        -80.703832,
        35.206252
       ],
       [
        -80.703659,
        35.206001
       ],
       [
        -80.703788,
        35.205888
       ],
       [
        -80.703717,
        35.205746
       ],
       [
        -80.703897,
        35.205469
       ],
       [
        -80.703948,
        35.205103
       ],
       [
        -80.704078,
        35.205002
       ],
       [
        -80.70403,
        35.20487
       ],
       [
        -80.704387,
        35.203926
       ],
       [
        -80.704339,
        35.203752
       ],
       [
        -80.7045,
        35.203619
       ],
       [
        -80.704398,
        35.203434
       ],
       [
        -80.704337,
        35.202711
       ]
      ]
     ],
     "type": "MultiLineString"
    },
    "properties": {
     "length_km": 14.58,
     "n_sites": 4,
     "name": "McAlpine Creek",
     "order": 2,
     "riverKey": "mcalpine creek",
     "source": "osm",
     "waterway": "stream"
    },
    "type": "Feature"
   },
   {
    "geometry": {
     "coordinates": [
      [
       [
        -80.820062,
        35.140934
       ],
       [
        -80.820512,
        35.140239
       ],
       [
        -80.820669,
        35.13977
       ],
       [
        -80.820402,
        35.139411
       ],
       [
        -80.820596,
        35.138708
       ],
       [
        -80.820064,
        35.137799
       ],
       [
        -80.820774,
        35.137435
       ],
       [
        -80.821076,
        35.136964
       ],
       [
        -80.821308,
        35.136245
       ],
       [
        -80.821297,
        35.135987
       ],
       [
        -80.820957,
        35.135562
       ],
       [
        -80.820818,
        35.135505
       ],
       [
        -80.820799,
        35.135241
       ],
       [
        -80.821194,
        35.135026
       ],
       [
        -80.821473,
        35.134967
       ],
       [
        -80.821884,
        35.135244
       ],
       [
        -80.822339,
        35.135359
       ],
       [
        -80.822889,
        35.135394
       ],
       [
        -80.823167,
        35.13528
       ],
       [
        -80.823492,
        35.13479
       ],
       [
        -80.823853,
        35.134443
       ],
       [
        -80.823827,
        35.134279
       ],
       [
        -80.823509,
        35.133902
       ],
       [
        -80.823354,
        35.133519
       ],
       [
        -80.823443,
        35.131762
       ],
       [
        -80.823284,
        35.131496
       ],
       [
        -80.823016,
        35.131363
       ]
      ],
      [
       [
        -80.819162,
        35.143168
       ],
       [
        -80.819659,
        35.143089
       ],
       [
        -80.820138,
        35.142815
       ],
       [
        -80.820663,
        35.142644
       ],
       [
        -80.82078,
        35.142484
       ],
       [
        -80.820533,
        35.142217
       ],
       [
        -80.820004,
        35.141153
       ]
      ],
      [
       [
        -80.812752,
        35.147236
       ],
       [
        -80.812945,
        35.147119
       ],
       [
        -80.813268,
        35.147078
       ],
       [
        -80.814346,
        35.146395
       ],
       [
        -80.814657,
        35.146553
       ],
       [
        -80.815174,
        35.146461
       ],
       [
        -80.815548,
        35.146295
       ],
       [
        -80.81597,
        35.145628
       ],
       [
        -80.816593,
        35.144897
       ],
       [
        -80.81756,
        35.143256
       ],
       [
        -80.817669,
        35.143204
       ],
       [
        -80.818856,
        35.143189
       ]
      ],
      [
       [
        -80.809474,
        35.153944
       ],
       [
        -80.809853,
        35.153599
       ],
       [
        -80.810219,
        35.153532
       ],
       [
        -80.810457,
        35.153349
       ],
       [
        -80.81117,
        35.153069
       ],
       [
        -80.811506,
        35.152454
       ],
       [
        -80.811706,
        35.151838
       ],
       [
        -80.811663,
        35.151461
       ],
       [
        -80.812123,
        35.150989
       ],
       [
        -80.812242,
        35.150735
       ],
       [
        -80.81186,
        35.149477
       ],
       [
        -80.812009,
        35.149217
       ],
       [
        -80.812484,
        35.147535
       ]
      ],
      [
       [
        -80.799823,
        35.159788
       ],
       [
        -80.799903,
        35.159618
       ],
       [
        -80.799796,
        35.159151
       ],
       [
        -80.800177,
        35.158309
       ],
       [
        -80.800194,
        35.158008
       ],
       [
        -80.800681,
        35.15763
       ],
       [
        -80.801236,
        35.157554
       ],
       [
        -80.802144,
        35.157165
       ],
       [
        -80.803289,
        35.156852
       ],
       [
        -80.803867,
        35.156782
       ],
       [
        -80.804519,
        35.156822
       ],
       [
        -80.805811,
        35.156494
       ],
       [
        -80.806794,
        35.156602
       ],
       [
        -80.807135,
        35.156503
       ],
       [
        -80.807892,
        35.155867
       ],
       [
        -80.807927,
        35.155618
       ],
       [
        -80.808291,
        35.155017
       ],
       [
        -80.808823,
        35.154736
       ],
       [
        -80.809345,
        35.154056
       ]
      ],
      [
       [
        -80.792958,
        35.164357
       ],
       [
        -80.795581,
        35.162043
       ],
       [
        -80.796244,
        35.161632
       ],
       [
        -80.796757,
        35.160864
       ],
       [
        -80.797063,
        35.160784
       ],
       [
        -80.797461,
        35.160454
       ],
       [
        -80.798018,
        35.160165
       ],
       [
        -80.798404,
        35.159722
       ],
       [
        -80.798652,
        35.159714
       ],
       [
        -80.799246,
        35.160035
       ],
       [
        -80.799519,
        35.159946
       ]
      ],
      [
       [
        -80.786281,
        35.169979
       ],
       [
        -80.787032,
        35.169927
       ],
       [
        -80.787244,
        35.169825
       ],
       [
        -80.787811,
        35.169299
       ],
       [
        -80.787994,
        35.168789
       ],
       [
        -80.788353,
        35.168265
       ],
       [
        -80.788874,
        35.168037
       ],
       [
        -80.789204,
        35.167658
       ],
       [
        -80.790016,
        35.166996
       ],
       [
        -80.790838,
        35.166117
       ],
       [
        -80.791175,
        35.165933
       ],
       [
        -80.792757,
        35.16453
       ]
      ],
      [
       [
        -80.773168,
        35.178208
       ],
       [
        -80.773713,
        35.17762
       ],
       [
        -80.77384,
        35.177293
       ],
       [
        -80.773929,
        35.176271
       ],
       [
        -80.774284,
        35.175976
       ],
       [
        -80.774668,
        35.175798
       ],
       [
        -80.776145,
        35.175634
       ],
       [
        -80.778951,
        35.174081
       ],
       [
        -80.780057,
        35.173265
       ],
       [
        -80.780709,
        35.173003
       ],
       [
        -80.780972,
        35.172758
       ],
       [
        -80.781029,
        35.17251
       ],
       [
        -80.78172,
        35.17233
       ],
       [
        -80.781811,
        35.172153
       ],
       [
        -80.782119,
        35.171867
       ],
       [
        -80.782361,
        35.171772
       ],
       [
        -80.782457,
        35.171621
       ],
       [
        -80.782735,
        35.171484
       ],
       [
        -80.783236,
        35.171506
       ],
       [
        -80.783733,
        35.171172
       ],
       [
        -80.784951,
        35.170548
       ]
      ],
      [
       [
        -80.768015,
        35.186493
       ],
       [
        -80.768196,
        35.185783
       ],
       [
        -80.769358,
        35.184422
       ],
       [
        -80.769899,
        35.183578
       ],
       [
        -80.770076,
        35.18295
       ],
       [
        -80.770343,
        35.182515
       ],
       [
        -80.771425,
        35.181516
       ],
       [
        -80.771845,
        35.180866
       ],
       [
        -80.77189,
        35.180594
       ],
       [
        -80.772499,
        35.179998
       ],
       [
        -80.772447,
        35.179738
       ],
       [
        -80.772557,
        35.179644
       ]
      ]
     ],
     "type": "MultiLineString"
    },
    "properties": {
     "length_km": 8.72,
     "n_sites": 4,
     "name": "McMullen Creek",
     "order": 2,
     "riverKey": "mcmullen creek",
     "source": "osm",
     "waterway": "stream"
    },
    "type": "Feature"
   },
   {
    "geometry": {
     "coordinates": [
      [
       [
        -80.974622,
        35.240133
       ],
       [
        -80.974747,
        35.239733
       ],
       [
        -80.975084,
        35.239396
       ],
       [
        -80.975687,
        35.239095
       ],
       [
        -80.976136,
        35.239074
       ],
       [
        -80.976237,
        35.238811
       ],
       [
        -80.976171,
        35.238415
       ],
       [
        -80.976238,
        35.238278
       ],
       [
        -80.976613,
        35.238207
       ],
       [
        -80.977149,
        35.238379
       ],
       [
        -80.977383,
        35.238286
       ],
       [
        -80.97778,
        35.237518
       ],
       [
        -80.978016,
        35.236794
       ],
       [
        -80.978613,
        35.236443
       ],
       [
        -80.978701,
        35.235872
       ],
       [
        -80.978629,
        35.235367
       ],
       [
        -80.979012,
        35.234698
       ],
       [
        -80.979488,
        35.234633
       ],
       [
        -80.979917,
        35.234409
       ],
       [
        -80.980232,
        35.234338
       ],
       [
        -80.980655,
        35.233795
       ],
       [
        -80.980976,
        35.23379
       ],
       [
        -80.98142,
        35.233116
       ],
       [
        -80.982035,
        35.232958
       ],
       [
        -80.9827,
        35.232077
       ],
       [
        -80.982709,
        35.231197
       ]
      ],
      [
       [
        -80.972171,
        35.247661
       ],
       [
        -80.972521,
        35.247381
       ],
       [
        -80.972931,
        35.246459
       ],
       [
        -80.973556,
        35.245768
       ],
       [
        -80.973517,
        35.245153
       ],
       [
        -80.973023,
        35.244515
       ],
       [
        -80.972956,
        35.244229
       ],
       [
        -80.9734,
        35.243665
       ],
       [
        -80.973828,
        35.243516
       ],
       [
        -80.974225,
        35.243101
       ],
       [
        -80.97418,
        35.242854
       ],
       [
        -80.974607,
        35.241052
       ],
       [
        -80.974615,
        35.240398
       ]
      ],
      [
       [
        -80.927346,
        35.255655
       ],
       [
        -80.92756,
        35.25594
       ],
       [
        -80.927988,
        35.25615
       ],
       [
        -80.929622,
        35.256189
       ],
       [
        -80.930344,
        35.256598
       ],
       [
        -80.932993,
        35.257738
       ],
       [
        -80.933608,
        35.25791
       ],
       [
        -80.934358,
        35.258006
       ],
       [
        -80.934759,
        35.258281
       ],
       [
        -80.936634,
        35.258513
       ],
       [
        -80.939495,
        35.260038
       ],
       [
        -80.939582,
        35.260042
       ],
       [
        -80.939764,
        35.259846
       ],
       [
        -80.940541,
        35.259789
       ],
       [
        -80.940769,
        35.259905
       ],
       [
        -80.940982,
        35.260323
       ],
       [
        -80.941249,
        35.260538
       ],
       [
        -80.941732,
        35.260363
       ],
       [
        -80.942507,
        35.260761
       ],
       [
        -80.943524,
        35.261083
       ],
       [
        -80.944355,
        35.261234
       ],
       [
        -80.944771,
        35.261049
       ],
       [
        -80.944919,
        35.260895
       ],
       [
        -80.945136,
        35.260072
       ],
       [
        -80.945513,
        35.259568
       ],
       [
        -80.94601,
        35.259186
       ],
       [
        -80.94668,
        35.25933
       ],
       [
        -80.947698,
        35.259257
       ],
       [
        -80.948154,
        35.259291
       ],
       [
        -80.949652,
        35.259779
       ],
       [
        -80.949987,
        35.25978
       ],
       [
        -80.950102,
        35.259561
       ],
       [
        -80.950212,
        35.258705
       ],
       [
        -80.950389,
        35.258178
       ],
       [
        -80.950617,
        35.257921
       ],
       [
        -80.950852,
        35.257823
       ],
       [
        -80.95112,
        35.257862
       ],
       [
        -80.95158,
        35.258139
       ],
       [
        -80.951373,
        35.258357
       ],
       [
        -80.951466,
        35.258527
       ],
       [
        -80.95283,
        35.259224
       ],
       [
        -80.953104,
        35.259257
       ],
       [
        -80.953299,
        35.259132
       ],
       [
        -80.953354,
        35.258934
       ],
       [
        -80.952826,
        35.258504
       ],
       [
        -80.95282,
        35.258372
       ],
       [
        -80.95368,
        35.257452
       ],
       [
        -80.954728,
        35.256896
       ],
       [
        -80.954922,
        35.256862
       ],
       [
        -80.955577,
        35.257206
       ],
       [
        -80.955891,
        35.257509
       ],
       [
        -80.956559,
        35.257923
       ],
       [
        -80.957294,
        35.258178
       ],
       [
        -80.958108,
        35.257841
       ],
       [
        -80.958429,
        35.257174
       ],
       [
        -80.958838,
        35.256911
       ],
       [
        -80.958905,
        35.256658
       ],
       [
        -80.959343,
        35.256068
       ],
       [
        -80.959476,
        35.255296
       ],
       [
        -80.959651,
        35.255093
       ],
       [
        -80.961244,
        35.255466
       ],
       [
        -80.961767,
        35.255303
       ],
       [
        -80.962223,
        35.255288
       ],
       [
        -80.962373,
        35.255429
       ],
       [
        -80.962375,
        35.255947
       ],
       [
        -80.96282,
        35.256087
       ],
       [
        -80.964712,
        35.25591
       ],
       [
        -80.9649,
        35.256059
       ],
       [
        -80.965059,
        35.256494
       ],
       [
        -80.965433,
        35.256698
       ],
       [
        -80.965714,
        35.256737
       ],
       [
        -80.96601,
        35.256491
       ],
       [
        -80.966147,
        35.255744
       ],
       [
        -80.966469,
        35.255438
       ],
       [
        -80.966551,
        35.254999
       ],
       [
        -80.966886,
        35.254532
       ],
       [
        -80.966658,
        35.253413
       ],
       [
        -80.966704,
        35.25313
       ],
       [
        -80.966867,
        35.252872
       ]
      ],
      [
       [
        -80.916805,
        35.259946
       ],
       [
        -80.91692,
        35.259726
       ],
       [
        -80.917404,
        35.259355
       ],
       [
        -80.917626,
        35.259048
       ],
       [
        -80.918337,
        35.257227
       ],
       [
        -80.920687,
        35.25584
       ],
       [
        -80.921862,
        35.255328
       ],
       [
        -80.922144,
        35.255142
       ],
       [
        -80.922703,
        35.254441
       ],
       [
        -80.922944,
        35.254277
       ],
       [
        -80.923186,
        35.254256
       ],
       [
        -80.923908,
        35.254522
       ],
       [
        -80.924658,
        35.254613
       ],
       [
        -80.926099,
        35.25431
       ],
       [
        -80.926746,
        35.255114
       ],
       [
        -80.927072,
        35.255387
       ]
      ],
      [
       [
        -80.914053,
        35.266306
       ],
       [
        -80.914282,
        35.265807
       ],
       [
        -80.914994,
        35.265497
       ],
       [
        -80.915035,
        35.265365
       ],
       [
        -80.914942,
        35.265068
       ],
       [
        -80.916153,
        35.263798
       ],
       [
        -80.916309,
        35.263415
       ],
       [
        -80.916571,
        35.26313
       ],
       [
        -80.9166,
        35.262729
       ],
       [
        -80.916296,
        35.261679
       ],
       [
        -80.916345,
        35.261108
       ],
       [
        -80.916573,
        35.26048
       ]
      ],
      [
       [
        -80.910748,
        35.268371
       ],
       [
        -80.911183,
        35.268389
       ],
       [
        -80.911626,
        35.268253
       ],
       [
        -80.912225,
        35.267689
       ],
       [
        -80.913022,
        35.267275
       ]
      ],
      [
       [
        -80.90821,
        35.269614
       ],
       [
        -80.908507,
        35.269066
       ],
       [
        -80.908898,
        35.268584
       ],
       [
        -80.909166,
        35.268513
       ],
       [
        -80.910319,
        35.268468
       ]
      ],
      [
       [
        -80.906152,
        35.272107
       ],
       [
        -80.906334,
        35.272022
       ],
       [
        -80.906366,
        35.271617
       ],
       [
        -80.907167,
        35.270552
       ],
       [
        -80.907472,
        35.270417
       ],
       [
        -80.907747,
        35.270393
       ],
       [
        -80.908211,
        35.269961
       ]
      ],
      [
       [
        -80.901911,
        35.27911
       ],
       [
        -80.90198,
        35.278861
       ],
       [
        -80.901913,
        35.278016
       ],
       [
        -80.90297,
        35.275976
       ],
       [
        -80.902898,
        35.275647
       ],
       [
        -80.903094,
        35.275351
       ],
       [
        -80.902934,
        35.274955
       ],
       [
        -80.903003,
        35.274538
       ],
       [
        -80.903487,
        35.274226
       ],
       [
        -80.904118,
        35.274026
       ],
       [
        -80.904541,
        35.273631
       ]
      ]
     ],
     "type": "MultiLineString"
    },
    "properties": {
     "length_km": 11.14,
     "n_sites": 7,
     "name": "Paw Creek",
     "order": 2,
     "riverKey": "paw creek",
     "source": "osm",
     "waterway": "stream"
    },
    "type": "Feature"
   },
   {
    "geometry": {
     "coordinates": [
      [
       [
        -80.889433,
        35.262197
       ],
       [
        -80.889438,
        35.261915
       ],
       [
        -80.889173,
        35.261415
       ],
       [
        -80.888635,
        35.260974
       ],
       [
        -80.888539,
        35.260618
       ],
       [
        -80.887899,
        35.25981
       ],
       [
        -80.88779,
        35.259376
       ]
      ],
      [
       [
        -80.887786,
        35.259189
       ],
       [
        -80.887697,
        35.25883
       ],
       [
        -80.887301,
        35.258247
       ],
       [
        -80.887194,
        35.257912
       ],
       [
        -80.886639,
        35.256988
       ]
      ],
      [
       [
        -80.886128,
        35.256174
       ],
       [
        -80.885818,
        35.255992
       ],
       [
        -80.884488,
        35.256031
       ],
       [
        -80.882655,
        35.255926
       ],
       [
        -80.882442,
        35.255788
       ],
       [
        -80.882381,
        35.2555
       ],
       [
        -80.88195,
        35.255237
       ],
       [
        -80.881894,
        35.255036
       ],
       [
        -80.882067,
        35.254728
       ],
       [
        -80.882739,
        35.254269
       ],
       [
        -80.882714,
        35.253925
       ],
       [
        -80.882139,
        35.252877
       ],
       [
        -80.881415,
        35.249953
       ],
       [
        -80.880768,
        35.249261
       ],
       [
        -80.875217,
        35.247538
       ],
       [
        -80.87359,
        35.247645
       ],
       [
        -80.8734,
        35.247912
       ],
       [
        -80.872449,
        35.248818
       ]
      ],
      [
       [
        -80.872236,
        35.298467
       ],
       [
        -80.871714,
        35.297489
       ],
       [
        -80.871049,
        35.296743
       ],
       [
        -80.870829,
        35.29609
       ],
       [
        -80.870877,
        35.295611
       ],
       [
        -80.87075,
        35.295336
       ],
       [
        -80.870767,
        35.294755
       ],
       [
        -80.870074,
        35.294004
       ],
       [
        -80.869557,
        35.292858
       ],
       [
        -80.868683,
        35.292435
       ],
       [
        -80.867119,
        35.291216
       ],
       [
        -80.866639,
        35.290663
       ],
       [
        -80.866634,
        35.290478
       ],
       [
        -80.86674,
        35.290374
       ],
       [
        -80.866591,
        35.290198
       ],
       [
        -80.86682,
        35.289964
       ],
       [
        -80.866754,
        35.289585
       ]
      ],
      [
       [
        -80.87224,
        35.248932
       ],
       [
        -80.871705,
        35.248955
       ],
       [
        -80.871469,
        35.248898
       ],
       [
        -80.870831,
        35.248105
       ],
       [
        -80.869683,
        35.247039
       ]
      ],
      [
       [
        -80.869683,
        35.247039
       ],
       [
        -80.869657,
        35.246713
       ],
       [
        -80.86955,
        35.246597
       ],
       [
        -80.869485,
        35.246254
       ],
       [
        -80.869526,
        35.245686
       ],
       [
        -80.869357,
        35.244222
       ],
       [
        -80.869413,
        35.243167
       ],
       [
        -80.86934,
        35.242009
       ],
       [
        -80.869174,
        35.241791
       ],
       [
        -80.868808,
        35.241708
       ],
       [
        -80.868384,
        35.241386
       ],
       [
        -80.868043,
        35.240887
       ],
       [
        -80.868064,
        35.240795
       ]
      ],
      [
       [
        -80.869045,
        35.230403
       ],
       [
        -80.869411,
        35.226075
       ],
       [
        -80.869163,
        35.225015
       ],
       [
        -80.868927,
        35.22468
       ]
      ],
      [
       [
        -80.866368,
        35.236679
       ],
       [
        -80.86606,
        35.235742
       ],
       [
        -80.86604,
        35.235284
       ],
       [
        -80.866167,
        35.235017
       ],
       [
        -80.868293,
        35.234474
       ],
       [
        -80.868493,
        35.234344
       ],
       [
        -80.868855,
        35.23384
       ],
       [
        -80.86903,
        35.230829
       ]
      ],
      [
       [
        -80.865231,
        35.252765
       ],
       [
        -80.865736,
        35.252083
       ],
       [
        -80.865824,
        35.2516
       ],
       [
        -80.865763,
        35.250972
       ],
       [
        -80.865858,
        35.250766
       ],
       [
        -80.866406,
        35.250357
       ],
       [
        -80.868536,
        35.247354
       ]
      ],
      [
       [
        -80.868053,
        35.24011
       ],
       [
        -80.867468,
        35.238709
       ],
       [
        -80.867411,
        35.238355
       ],
       [
        -80.866458,
        35.236849
       ]
      ],
      [
       [
        -80.866806,
        35.289398
       ],
       [
        -80.86676,
        35.288712
       ],
       [
        -80.866847,
        35.287901
       ],
       [
        -80.866558,
        35.287558
       ],
       [
        -80.86659,
        35.287291
       ],
       [
        -80.866387,
        35.287163
       ],
       [
        -80.866809,
        35.286653
       ],
       [
        -80.867709,
        35.286059
       ],
       [
        -80.868228,
        35.285321
       ],
       [
        -80.86817,
        35.285036
       ],
       [
        -80.868007,
        35.284873
       ],
       [
        -80.868045,
        35.284613
       ],
       [
        -80.868388,
        35.283897
       ],
       [
        -80.868368,
        35.283624
       ],
       [
        -80.868479,
        35.283348
       ],
       [
        -80.868888,
        35.283147
       ],
       [
        -80.868728,
        35.282788
       ],
       [
        -80.868341,
        35.282616
       ],
       [
        -80.868348,
        35.28235
       ],
       [
        -80.868114,
        35.282179
       ],
       [
        -80.868191,
        35.281919
       ],
       [
        -80.867871,
        35.281605
       ],
       [
        -80.867592,
        35.281151
       ],
       [
        -80.867571,
        35.280011
       ],
       [
        -80.867722,
        35.279685
       ],
       [
        -80.868212,
        35.279271
       ],
       [
        -80.868332,
        35.278924
       ],
       [
        -80.868165,
        35.278773
       ],
       [
        -80.868179,
        35.278359
       ],
       [
        -80.867338,
        35.276993
       ],
       [
        -80.867356,
        35.276595
       ],
       [
        -80.867051,
        35.276136
       ]
      ],
      [
       [
        -80.866915,
        35.275947
       ],
       [
        -80.866689,
        35.275651
       ],
       [
        -80.866426,
        35.274573
       ],
       [
        -80.865786,
        35.273577
       ],
       [
        -80.865798,
        35.273423
       ],
       [
        -80.865577,
        35.273262
       ],
       [
        -80.865363,
        35.273259
       ],
       [
        -80.865286,
        35.273006
       ],
       [
        -80.865197,
        35.272309
       ],
       [
        -80.86567,
        35.270524
       ],
       [
        -80.865667,
        35.269379
       ]
      ],
      [
       [
        -80.865721,
        35.268639
       ],
       [
        -80.865796,
        35.267984
       ],
       [
        -80.866387,
        35.26708
       ],
       [
        -80.866546,
        35.266543
       ],
       [
        -80.866723,
        35.266248
       ],
       [
        -80.86691,
        35.266074
       ],
       [
        -80.867664,
        35.266006
       ],
       [
        -80.868049,
        35.265838
       ],
       [
        -80.868587,
        35.265488
       ],
       [
        -80.868795,
        35.265252
       ],
       [
        -80.868692,
        35.264313
       ],
       [
        -80.868839,
        35.263926
       ],
       [
        -80.868849,
        35.263636
       ],
       [
        -80.868753,
        35.263092
       ],
       [
        -80.868448,
        35.262527
       ],
       [
        -80.868043,
        35.26118
       ],
       [
        -80.868519,
        35.2593
       ],
       [
        -80.868458,
        35.258779
       ],
       [
        -80.867648,
        35.258271
       ],
       [
        -80.866814,
        35.257997
       ],
       [
        -80.865647,
        35.257728
       ],
       [
        -80.865354,
        35.257604
       ],
       [
        -80.865137,
        35.257408
       ],
       [
        -80.864915,
        35.256778
       ],
       [
        -80.865017,
        35.255464
       ],
       [
        -80.865153,
        35.254962
       ],
       [
        -80.865065,
        35.253929
       ]
      ]
     ],
     "type": "MultiLineString"
    },
    "properties": {
     "length_km": 11.91,
     "n_sites": 8,
     "name": "Stewart Creek",
     "order": 2,
     "riverKey": "stewart creek",
     "source": "osm",
     "waterway": "stream"
    },
    "type": "Feature"
   },
   {
    "geometry": {
     "coordinates": [
      [
       [
        -80.88513,
        35.279236
       ],
       [
        -80.884292,
        35.278671
       ],
       [
        -80.884172,
        35.27846
       ],
       [
        -80.884166,
        35.278183
       ],
       [
        -80.884026,
        35.278077
       ],
       [
        -80.884057,
        35.277898
       ],
       [
        -80.883762,
        35.277819
       ],
       [
        -80.883457,
        35.277566
       ],
       [
        -80.88296,
        35.276668
       ]
      ],
      [
       [
        -80.880489,
        35.274005
       ],
       [
        -80.880409,
        35.273817
       ],
       [
        -80.878468,
        35.273002
       ],
       [
        -80.878205,
        35.272641
       ],
       [
        -80.877899,
        35.272385
       ],
       [
        -80.877731,
        35.27136
       ],
       [
        -80.877609,
        35.271117
       ],
       [
        -80.877087,
        35.270997
       ],
       [
        -80.875627,
        35.271068
       ]
      ],
      [
       [
        -80.875292,
        35.270908
       ],
       [
        -80.874447,
        35.270087
       ],
       [
        -80.87334,
        35.269804
       ],
       [
        -80.872757,
        35.269455
       ],
       [
        -80.872359,
        35.269471
       ],
       [
        -80.872219,
        35.269398
       ],
       [
        -80.871837,
        35.269469
       ],
       [
        -80.871662,
        35.26929
       ],
       [
        -80.871277,
        35.269344
       ],
       [
        -80.870738,
        35.269002
       ],
       [
        -80.870515,
        35.268988
       ],
       [
        -80.870268,
        35.268707
       ]
      ],
      [
       [
        -80.869893,
        35.267733
       ],
       [
        -80.869757,
        35.267344
       ],
       [
        -80.869785,
        35.267012
       ],
       [
        -80.869655,
        35.266363
       ],
       [
        -80.869431,
        35.265863
       ],
       [
        -80.869315,
        35.265329
       ],
       [
        -80.869034,
        35.264957
       ],
       [
        -80.868793,
        35.264827
       ]
      ]
     ],
     "type": "MultiLineString"
    },
    "properties": {
     "length_km": 1.91,
     "n_sites": 1,
     "name": "Stewart Creek Tributary 3",
     "order": 2,
     "riverKey": "stewart creek tributary 3",
     "source": "osm",
     "waterway": "stream"
    },
    "type": "Feature"
   },
   {
    "geometry": {
     "coordinates": [
      [
       -80.914977,
       35.193364
      ],
      [
       -80.914975,
       35.192875
      ],
      [
       -80.914186,
       35.192423
      ],
      [
       -80.913733,
       35.192026
      ],
      [
       -80.913454,
       35.191609
      ],
      [
       -80.91344,
       35.190854
      ],
      [
       -80.913631,
       35.190536
      ],
      [
       -80.914149,
       35.190241
      ],
      [
       -80.914632,
       35.190143
      ],
      [
       -80.914834,
       35.190281
      ],
      [
       -80.915292,
       35.190863
      ],
      [
       -80.915594,
       35.191059
      ],
      [
       -80.91588,
       35.191092
      ],
      [
       -80.918096,
       35.190068
      ],
      [
       -80.91834,
       35.18962
      ],
      [
       -80.9184,
       35.189143
      ],
      [
       -80.918318,
       35.188722
      ],
      [
       -80.918085,
       35.188193
      ],
      [
       -80.918143,
       35.187548
      ],
      [
       -80.918337,
       35.187162
      ],
      [
       -80.91853,
       35.186236
      ],
      [
       -80.918975,
       35.185865
      ],
      [
       -80.919067,
       35.1855
      ],
      [
       -80.919015,
       35.185241
      ],
      [
       -80.918875,
       35.185115
      ],
      [
       -80.91868,
       35.184551
      ],
      [
       -80.918272,
       35.183822
      ],
      [
       -80.918268,
       35.183544
      ],
      [
       -80.918373,
       35.183286
      ],
      [
       -80.91826,
       35.182262
      ],
      [
       -80.91848,
       35.1816
      ],
      [
       -80.918427,
       35.180716
      ],
      [
       -80.917729,
       35.179326
      ],
      [
       -80.917721,
       35.179145
      ],
      [
       -80.91775,
       35.178817
      ],
      [
       -80.917894,
       35.178534
      ],
      [
       -80.919024,
       35.17821
      ],
      [
       -80.919238,
       35.178014
      ],
      [
       -80.919422,
       35.177655
      ],
      [
       -80.919436,
       35.17737
      ],
      [
       -80.919214,
       35.1766
      ],
      [
       -80.919245,
       35.173829
      ],
      [
       -80.919044,
       35.17308
      ],
      [
       -80.918674,
       35.172693
      ],
      [
       -80.918394,
       35.172021
      ],
      [
       -80.918238,
       35.17003
      ],
      [
       -80.915019,
       35.16771
      ],
      [
       -80.912651,
       35.165921
      ],
      [
       -80.912399,
       35.165642
      ],
      [
       -80.912806,
       35.164719
      ],
      [
       -80.912843,
       35.164338
      ],
      [
       -80.912579,
       35.163072
      ],
      [
       -80.912608,
       35.16234
      ],
      [
       -80.912369,
       35.16173
      ],
      [
       -80.912205,
       35.160583
      ],
      [
       -80.912361,
       35.159853
      ],
      [
       -80.91201,
       35.157259
      ],
      [
       -80.912143,
       35.154879
      ],
      [
       -80.912333,
       35.154509
      ],
      [
       -80.912855,
       35.154215
      ],
      [
       -80.913939,
       35.153128
      ],
      [
       -80.914148,
       35.152736
      ],
      [
       -80.913922,
       35.150901
      ],
      [
       -80.91393,
       35.150366
      ],
      [
       -80.913713,
       35.149588
      ],
      [
       -80.913544,
       35.149319
      ],
      [
       -80.913312,
       35.14918
      ],
      [
       -80.91235,
       35.149166
      ],
      [
       -80.912316,
       35.148841
      ],
      [
       -80.912492,
       35.148303
      ],
      [
       -80.912443,
       35.148149
      ],
      [
       -80.912082,
       35.147762
      ],
      [
       -80.911989,
       35.147467
      ],
      [
       -80.912054,
       35.147198
      ],
      [
       -80.912529,
       35.146635
      ],
      [
       -80.913069,
       35.145569
      ],
      [
       -80.91299,
       35.14524
      ],
      [
       -80.912597,
       35.144728
      ],
      [
       -80.912411,
       35.143966
      ],
      [
       -80.912729,
       35.142987
      ],
      [
       -80.912843,
       35.142218
      ],
      [
       -80.911283,
       35.140569
      ],
      [
       -80.911056,
       35.140238
      ],
      [
       -80.910948,
       35.139542
      ],
      [
       -80.911066,
       35.138896
      ],
      [
       -80.911233,
       35.138668
      ],
      [
       -80.911636,
       35.138699
      ],
      [
       -80.911797,
       35.138835
      ],
      [
       -80.911853,
       35.139064
      ],
      [
       -80.91209,
       35.139169
      ],
      [
       -80.913183,
       35.139164
      ],
      [
       -80.913361,
       35.139128
      ],
      [
       -80.913631,
       35.138923
      ],
      [
       -80.913768,
       35.138716
      ],
      [
       -80.914582,
       35.138293
      ],
      [
       -80.915319,
       35.137178
      ],
      [
       -80.915396,
       35.136981
      ],
      [
       -80.915312,
       35.136622
      ],
      [
       -80.915662,
       35.136161
      ],
      [
       -80.915602,
       35.135999
      ],
      [
       -80.915347,
       35.135761
      ],
      [
       -80.915296,
       35.135493
      ],
      [
       -80.915613,
       35.135338
      ],
      [
       -80.916074,
       35.13531
      ],
      [
       -80.916406,
       35.135142
      ],
      [
       -80.916322,
       35.134354
      ],
      [
       -80.916415,
       35.134227
      ],
      [
       -80.916731,
       35.134147
      ],
      [
       -80.916818,
       35.134038
      ],
      [
       -80.916683,
       35.133625
      ],
      [
       -80.916917,
       35.133078
      ],
      [
       -80.917215,
       35.132764
      ],
      [
       -80.917838,
       35.132863
      ],
      [
       -80.918222,
       35.132748
      ],
      [
       -80.918473,
       35.131937
      ],
      [
       -80.918896,
       35.131763
      ],
      [
       -80.918938,
       35.131386
      ],
      [
       -80.91917,
       35.131061
      ],
      [
       -80.919353,
       35.131087
      ],
      [
       -80.919516,
       35.131532
      ],
      [
       -80.920018,
       35.131875
      ],
      [
       -80.920478,
       35.131964
      ],
      [
       -80.92072,
       35.131885
      ],
      [
       -80.921235,
       35.131891
      ]
     ],
     "type": "LineString"
    },
    "properties": {
     "length_km": 8.98,
     "n_sites": 4,
     "name": "Sugar Creek",
     "order": 4,
     "riverKey": "sugar creek",
     "source": "osm",
     "waterway": "river"
    },
    "type": "Feature"
   },
   {
    "geometry": {
     "coordinates": [
      [
       [
        -80.925619,
        35.217985
       ],
       [
        -80.925675,
        35.217659
       ],
       [
        -80.925381,
        35.217453
       ],
       [
        -80.925165,
        35.2171
       ],
       [
        -80.924986,
        35.216318
       ],
       [
        -80.924869,
        35.216142
       ],
       [
        -80.924546,
        35.21596
       ],
       [
        -80.924415,
        35.215955
       ],
       [
        -80.924309,
        35.21604
       ],
       [
        -80.923883,
        35.215993
       ],
       [
        -80.923468,
        35.215821
       ]
      ],
      [
       [
        -80.922391,
        35.221274
       ],
       [
        -80.923339,
        35.219603
       ]
      ],
      [
       [
        -80.922672,
        35.215024
       ],
       [
        -80.92228,
        35.214328
       ],
       [
        -80.922435,
        35.213877
       ],
       [
        -80.922433,
        35.21345
       ],
       [
        -80.922588,
        35.213221
       ],
       [
        -80.922575,
        35.2129
       ],
       [
        -80.922784,
        35.212333
       ],
       [
        -80.923319,
        35.210067
       ],
       [
        -80.92295,
        35.209136
       ],
       [
        -80.922387,
        35.208323
       ],
       [
        -80.922408,
        35.208178
       ],
       [
        -80.921756,
        35.206446
       ]
      ],
      [
       [
        -80.920708,
        35.224334
       ],
       [
        -80.92124,
        35.223938
       ],
       [
        -80.921445,
        35.223628
       ],
       [
        -80.921615,
        35.223076
       ],
       [
        -80.921632,
        35.222565
       ],
       [
        -80.922154,
        35.221791
       ]
      ],
      [
       [
        -80.921597,
        35.206019
       ],
       [
        -80.921362,
        35.204975
       ],
       [
        -80.921293,
        35.204032
       ],
       [
        -80.921345,
        35.203776
       ],
       [
        -80.921238,
        35.203304
       ],
       [
        -80.921056,
        35.203122
       ],
       [
        -80.920703,
        35.202966
       ],
       [
        -80.920578,
        35.202379
       ],
       [
        -80.919716,
        35.201468
       ],
       [
        -80.920708,
        35.200552
       ],
       [
        -80.920906,
        35.199955
       ],
       [
        -80.920935,
        35.199484
       ],
       [
        -80.921113,
        35.198807
       ],
       [
        -80.92103,
        35.198551
       ],
       [
        -80.92054,
        35.198144
       ],
       [
        -80.920498,
        35.19754
       ],
       [
        -80.920267,
        35.197276
       ],
       [
        -80.920162,
        35.196997
       ]
      ],
      [
       [
        -80.917328,
        35.228995
       ],
       [
        -80.918241,
        35.228359
       ],
       [
        -80.918481,
        35.22787
       ],
       [
        -80.918469,
        35.227288
       ],
       [
        -80.91864,
        35.227047
       ],
       [
        -80.919101,
        35.226719
       ],
       [
        -80.919501,
        35.22622
       ],
       [
        -80.9197,
        35.226128
       ],
       [
        -80.920493,
        35.226345
       ],
       [
        -80.920849,
        35.226268
       ],
       [
        -80.9207,
        35.225621
       ]
      ],
      [
       [
        -80.919024,
        35.195692
       ],
       [
        -80.918655,
        35.195134
       ],
       [
        -80.918366,
        35.194891
       ],
       [
        -80.918188,
        35.194391
       ],
       [
        -80.917988,
        35.194248
       ],
       [
        -80.917608,
        35.194216
       ],
       [
        -80.917032,
        35.19447
       ],
       [
        -80.916492,
        35.194445
       ]
      ],
      [
       [
        -80.914971,
        35.231453
       ],
       [
        -80.916023,
        35.230648
       ],
       [
        -80.916084,
        35.230477
       ],
       [
        -80.916653,
        35.230156
       ],
       [
        -80.916959,
        35.229733
       ],
       [
        -80.916968,
        35.229526
       ]
      ],
      [
       [
        -80.910556,
        35.238771
       ],
       [
        -80.91126,
        35.237355
       ],
       [
        -80.911396,
        35.236875
       ],
       [
        -80.912049,
        35.23583
       ],
       [
        -80.913044,
        35.233149
       ],
       [
        -80.913419,
        35.232617
       ],
       [
        -80.914799,
        35.231603
       ]
      ],
      [
       [
        -80.904302,
        35.247185
       ],
       [
        -80.904531,
        35.246631
       ],
       [
        -80.904795,
        35.246361
       ],
       [
        -80.905084,
        35.246324
       ],
       [
        -80.905556,
        35.246408
       ],
       [
        -80.905998,
        35.246357
       ],
       [
        -80.907068,
        35.244914
       ],
       [
        -80.907759,
        35.244506
       ],
       [
        -80.90833,
        35.243974
       ],
       [
        -80.908965,
        35.243524
       ],
       [
        -80.909222,
        35.242852
       ],
       [
        -80.909162,
        35.2427
       ],
       [
        -80.909268,
        35.242649
       ],
       [
        -80.90948,
        35.242287
       ],
       [
        -80.909926,
        35.242062
       ],
       [
        -80.910049,
        35.242086
       ],
       [
        -80.910136,
        35.241833
       ],
       [
        -80.910319,
        35.24181
       ],
       [
        -80.910302,
        35.241638
       ],
       [
        -80.910432,
        35.241544
       ],
       [
        -80.9103,
        35.241007
       ],
       [
        -80.910531,
        35.240374
       ],
       [
        -80.910425,
        35.240259
       ],
       [
        -80.910532,
        35.239894
       ],
       [
        -80.910475,
        35.239722
       ]
      ],
      [
       [
        -80.902361,
        35.248855
       ],
       [
        -80.902998,
        35.247878
       ],
       [
        -80.904181,
        35.24744
       ]
      ]
     ],
     "type": "MultiLineString"
    },
    "properties": {
     "length_km": 6.51,
     "n_sites": 4,
     "name": "Taggart Creek",
     "order": 2,
     "riverKey": "taggart creek",
     "source": "osm",
     "waterway": "stream"
    },
    "type": "Feature"
   },
   {
    "geometry": {
     "coordinates": [
      [
       [
        -80.971186,
        35.234568
       ],
       [
        -80.971523,
        35.234507
       ],
       [
        -80.97291,
        35.235014
       ],
       [
        -80.973874,
        35.234885
       ],
       [
        -80.97508,
        35.234843
       ],
       [
        -80.977062,
        35.234935
       ],
       [
        -80.977317,
        35.235112
       ],
       [
        -80.977569,
        35.235947
       ],
       [
        -80.978129,
        35.236699
       ]
      ],
      [
       [
        -80.96322,
        35.238363
       ],
       [
        -80.963392,
        35.238058
       ],
       [
        -80.964082,
        35.237972
       ],
       [
        -80.964345,
        35.237409
       ],
       [
        -80.967391,
        35.236808
       ],
       [
        -80.967774,
        35.236486
       ],
       [
        -80.967954,
        35.236488
       ]
      ],
      [
       [
        -80.948126,
        35.241209
       ],
       [
        -80.9508,
        35.240847
       ],
       [
        -80.951942,
        35.240132
       ],
       [
        -80.952443,
        35.239988
       ],
       [
        -80.952997,
        35.240009
       ],
       [
        -80.9532,
        35.239891
       ],
       [
        -80.953702,
        35.239847
       ],
       [
        -80.954228,
        35.239914
       ],
       [
        -80.954612,
        35.240367
       ],
       [
        -80.955248,
        35.24044
       ],
       [
        -80.955919,
        35.240029
       ],
       [
        -80.957007,
        35.238846
       ],
       [
        -80.95787,
        35.238217
       ],
       [
        -80.958475,
        35.238492
       ],
       [
        -80.959156,
        35.239076
       ],
       [
        -80.960201,
        35.239331
       ],
       [
        -80.960843,
        35.239623
       ],
       [
        -80.961727,
        35.239581
       ],
       [
        -80.96241,
        35.239698
       ],
       [
        -80.962678,
        35.239666
       ],
       [
        -80.962901,
        35.239535
       ],
       [
        -80.963135,
        35.239211
       ],
       [
        -80.963042,
        35.238892
       ],
       [
        -80.963144,
        35.238706
       ]
      ],
      [
       [
        -80.939052,
        35.243208
       ],
       [
        -80.939771,
        35.243718
       ],
       [
        -80.940256,
        35.243903
       ],
       [
        -80.940738,
        35.243953
       ],
       [
        -80.941193,
        35.243905
       ],
       [
        -80.941648,
        35.243801
       ],
       [
        -80.943325,
        35.24313
       ],
       [
        -80.944552,
        35.242831
       ],
       [
        -80.945296,
        35.242487
       ],
       [
        -80.945859,
        35.242378
       ],
       [
        -80.946878,
        35.241975
       ],
       [
        -80.947547,
        35.241816
       ]
      ]
     ],
     "type": "MultiLineString"
    },
    "properties": {
     "length_km": 3.81,
     "n_sites": 1,
     "name": "Ticer Branch",
     "order": 2,
     "riverKey": "ticer branch",
     "source": "osm",
     "waterway": "stream"
    },
    "type": "Feature"
   },
   {
    "geometry": {
     "coordinates": [
      [
       [
        -80.76213,
        35.26924
       ],
       [
        -80.761248,
        35.268937
       ],
       [
        -80.761013,
        35.268948
       ],
       [
        -80.75968,
        35.2687
       ],
       [
        -80.758688,
        35.268435
       ],
       [
        -80.758018,
        35.268358
       ],
       [
        -80.757642,
        35.268391
       ],
       [
        -80.756368,
        35.269012
       ],
       [
        -80.75547,
        35.269632
       ],
       [
        -80.754303,
        35.270978
       ],
       [
        -80.754075,
        35.271385
       ],
       [
        -80.75378,
        35.271632
       ],
       [
        -80.753478,
        35.271781
       ],
       [
        -80.752647,
        35.271813
       ],
       [
        -80.752157,
        35.272115
       ],
       [
        -80.751158,
        35.272428
       ],
       [
        -80.750192,
        35.273505
       ],
       [
        -80.750037,
        35.274412
       ],
       [
        -80.749795,
        35.274819
       ],
       [
        -80.749132,
        35.275633
       ],
       [
        -80.74871,
        35.275891
       ],
       [
        -80.748609,
        35.276062
       ],
       [
        -80.74867,
        35.276392
       ],
       [
        -80.749233,
        35.276941
       ],
       [
        -80.749462,
        35.277298
       ],
       [
        -80.750075,
        35.277666
       ],
       [
        -80.750083,
        35.278028
       ]
      ],
      [
       [
        -80.750035,
        35.278122
       ],
       [
        -80.749791,
        35.278249
       ],
       [
        -80.748993,
        35.278216
       ],
       [
        -80.748323,
        35.278338
       ],
       [
        -80.748135,
        35.278453
       ],
       [
        -80.748229,
        35.278629
       ],
       [
        -80.748611,
        35.278777
       ],
       [
        -80.748806,
        35.279195
       ],
       [
        -80.748619,
        35.279943
       ],
       [
        -80.748667,
        35.281613
       ],
       [
        -80.748493,
        35.282004
       ],
       [
        -80.748193,
        35.283301
       ]
      ],
      [
       [
        -80.748173,
        35.283524
       ],
       [
        -80.748395,
        35.284884
       ],
       [
        -80.748382,
        35.28528
       ],
       [
        -80.748234,
        35.285588
       ],
       [
        -80.747973,
        35.28572
       ],
       [
        -80.747706,
        35.286775
       ],
       [
        -80.74717,
        35.287507
       ],
       [
        -80.745649,
        35.289212
       ],
       [
        -80.744611,
        35.290685
       ],
       [
        -80.7441,
        35.291592
       ],
       [
        -80.744292,
        35.293499
       ],
       [
        -80.744234,
        35.293944
       ]
      ],
      [
       [
        -80.743364,
        35.297841
       ],
       [
        -80.743189,
        35.298426
       ],
       [
        -80.742546,
        35.299316
       ],
       [
        -80.742249,
        35.300165
       ],
       [
        -80.741884,
        35.300749
       ],
       [
        -80.741362,
        35.301955
       ]
      ],
      [
       [
        -80.741278,
        35.30215
       ],
       [
        -80.740867,
        35.303154
       ],
       [
        -80.740584,
        35.303467
       ],
       [
        -80.740359,
        35.30434
       ],
       [
        -80.73988,
        35.304738
       ],
       [
        -80.738551,
        35.30661
       ]
      ],
      [
       [
        -80.738514,
        35.30674
       ],
       [
        -80.738235,
        35.307158
       ],
       [
        -80.738039,
        35.30766
       ],
       [
        -80.73758,
        35.30905
       ],
       [
        -80.737553,
        35.309564
       ],
       [
        -80.737155,
        35.310202
       ],
       [
        -80.737016,
        35.311052
       ],
       [
        -80.736806,
        35.311486
       ],
       [
        -80.736931,
        35.312525
       ],
       [
        -80.736516,
        35.314841
       ],
       [
        -80.736512,
        35.31619
       ],
       [
        -80.736263,
        35.317589
       ],
       [
        -80.736263,
        35.317993
       ],
       [
        -80.736174,
        35.318184
       ]
      ]
     ],
     "type": "MultiLineString"
    },
    "properties": {
     "length_km": 6.33,
     "n_sites": 2,
     "name": "Toby Creek",
     "order": 2,
     "riverKey": "toby creek",
     "source": "osm",
     "waterway": "stream"
    },
    "type": "Feature"
   }
  ],
  "type": "FeatureCollection"
 },
 "type": "FeatureCollection"
}
