{
 "features": [
  {
   "geometry": {
    "coordinates": [
     -78.886437,
     35.059399
    ],
    "type": "Point"
   },
   "properties": {
    "accumulation": 159184.0,
    "bank_slope_deg": 4.74,
    "bank_slope_score": 1.0,
    "beach_dist_km": 137.78,
    "bridge_proximity_bonus": 0.2,
    "catchment_area_km2": 15.894,
    "channel_width_m": 6.06,
    "channel_width_score": 1.0,
    "composite_score": 59.2133,
    "cso_density": 0.0,
    "ej_index": 0.6416,
    "elevation_m": 27.8733,
    "estuary_dist_km": 258.18,
    "feasibility_score": 89.2857,
    "flood_q10_cfs": 847.75,
    "flow_score": 47.9392,
    "flow_velocity_ms": 0.2154,
    "generation_score": 41.0244,
    "impact_score": 71.761,
    "impervious_pct": 23.04,
    "land_ownership": 1.0,
    "lat": 35.0594,
    "litter_complaint_density": 0.0,
    "lon": -78.8864,
    "navigable_dist_m": 2950.8,
    "npdes_points": 3,
    "pixel_col": 1084.0,
    "pixel_row": 786.0,
    "population_density": 511.9,
    "position_along": 0.7,
    "protected_area_score": 14.6863,
    "rank": 1,
    "road_access_m": 138.9,
    "road_access_score": 1.0,
    "road_density_km_km2": 10.281,
    "robustness_pct": 94.5,
    "runoff_coeff_C": 0.2574,
    "seasonal_cv": 0.4991,
    "segment_id": 28,
    "segment_length_m": 7548.3847,
    "stream_order": 3,
    "superfund_score": 0.5365,
    "tourism_amenity_density": 8.3556,
    "tri_facility_density": 0.0,
    "usgs_mean_q_cfs": 26.488,
    "velocity_feasibility": 0.7,
    "water_intake_score": 1.6784
   },
   "type": "Feature"
  },
  {
   "geometry": {
    "coordinates": [
     -78.89552,
     35.068294
    ],
    "type": "Point"
   },
   "properties": {
    "accumulation": 135607.0,
    "bank_slope_deg": 8.79,
    "bank_slope_score": 1.0,
    "beach_dist_km": 139.06,
    "bridge_proximity_bonus": 0.2,
    "catchment_area_km2": 13.5399,
    "channel_width_m": 5.72,
    "channel_width_score": 1.0,
    "composite_score": 56.0571,
    "cso_density": 0.0,
    "ej_index": 0.5831,
    "elevation_m": 29.2114,
    "estuary_dist_km": 259.0,
    "feasibility_score": 89.2857,
    "flood_q10_cfs": 796.37,
    "flow_score": 36.6176,
    "flow_velocity_ms": 0.154,
    "generation_score": 43.18,
    "impact_score": 68.5196,
    "impervious_pct": 24.49,
    "land_ownership": 1.0,
    "lat": 35.0683,
    "litter_complaint_density": 0.0,
    "lon": -78.8955,
    "navigable_dist_m": 4185.3,
    "npdes_points": 2,
    "pixel_col": 999.0,
    "pixel_row": 689.0,
    "population_density": 698.5,
    "position_along": 0.5,
    "protected_area_score": 14.5693,
    "rank": 2,
    "road_access_m": 55.9,
    "road_access_score": 1.0,
    "road_density_km_km2": 10.796,
    "robustness_pct": 80.5,
    "runoff_coeff_C": 0.2704,
    "seasonal_cv": 0.4739,
    "segment_id": 28,
    "segment_length_m": 7548.3847,
    "stream_order": 3,
    "superfund_score": 0.1399,
    "tourism_amenity_density": 10.2655,
    "tri_facility_density": 0.0,
    "usgs_mean_q_cfs": 10.378,
    "velocity_feasibility": 0.7,
    "water_intake_score": 1.7957
   },
   "type": "Feature"
  },
  {
   "geometry": {
    "coordinates": [
     -78.864244,
     35.057568
    ],
    "type": "Point"
   },
   "properties": {
    "accumulation": 342613.0,
    "bank_slope_deg": 8.67,
    "bank_slope_score": 1.0,
    "beach_dist_km": 136.17,
    "bridge_proximity_bonus": 0.0,
    "catchment_area_km2": 34.2087,
    "channel_width_m": 8.0,
    "channel_width_score": 1.0,
    "composite_score": 55.8089,
    "cso_density": 0.0,
    "ej_index": 0.6783,
    "elevation_m": 15.29,
    "estuary_dist_km": 256.16,
    "feasibility_score": 42.4107,
    "flood_q10_cfs": 1498.0,
    "flow_score": 70.192,
    "flow_velocity_ms": 0.2899,
    "generation_score": 40.7591,
    "impact_score": 65.5719,
    "impervious_pct": 27.73,
    "land_ownership": 0.5,
    "lat": 35.0576,
    "litter_complaint_density": 0.0,
    "lon": -78.8642,
    "navigable_dist_m": 1380.3,
    "npdes_points": 4,
    "pixel_col": 1287.0,
    "pixel_row": 802.0,
    "population_density": 269.8,
    "position_along": 0.5,
    "protected_area_score": 13.8357,
    "rank": 3,
    "road_access_m": 227.8,
    "road_access_score": 0.8,
    "road_density_km_km2": 6.757,
    "robustness_pct": 79.5,
    "runoff_coeff_C": 0.2996,
    "seasonal_cv": 0.5107,
    "segment_id": 54,
    "segment_length_m": 2451.3252,
    "stream_order": 3,
    "superfund_score": 0.2011,
    "tourism_amenity_density": 4.9338,
    "tri_facility_density": 0.0585,
    "usgs_mean_q_cfs": 39.754,
    "velocity_feasibility": 0.7,
    "water_intake_score": 1.5793
   },
   "type": "Feature"
  },
  {
   "geometry": {
    "coordinates": [
     -78.874776,
     35.054731
    ],
    "type": "Point"
   },
   "properties": {
    "accumulation": 168866.0,
    "bank_slope_deg": 7.85,
    "bank_slope_score": 1.0,
    "beach_dist_km": 136.65,
    "bridge_proximity_bonus": 0.0,
    "catchment_area_km2": 16.8607,
    "channel_width_m": 6.19,
    "channel_width_score": 1.0,
    "composite_score": 53.2852,
    "cso_density": 0.0,
    "ej_index": 0.7618,
    "elevation_m": 20.2194,
    "estuary_dist_km": 257.12,
    "feasibility_score": 58.0357,
    "flood_q10_cfs": 878.34,
    "flow_score": 48.1312,
    "flow_velocity_ms": 0.202,
    "generation_score": 36.3807,
    "impact_score": 72.1096,
    "impervious_pct": 23.04,
    "land_ownership": 0.5,
    "lat": 35.0547,
    "litter_complaint_density": 0.0,
    "lon": -78.8748,
    "navigable_dist_m": 1772.6,
    "npdes_points": 3,
    "pixel_col": 1191.0,
    "pixel_row": 836.0,
    "population_density": 331.9,
    "position_along": 0.9,
    "protected_area_score": 14.2519,
    "rank": 4,
    "road_access_m": 107.8,
    "road_access_score": 1.0,
    "road_density_km_km2": 9.021,
    "robustness_pct": 57.5,
    "runoff_coeff_C": 0.2574,
    "seasonal_cv": 0.4991,
    "segment_id": 28,
    "segment_length_m": 7548.3847,
    "stream_order": 3,
    "superfund_score": 0.428,
    "tourism_amenity_density": 7.8782,
    "tri_facility_density": 0.0,
    "usgs_mean_q_cfs": 26.488,
    "velocity_feasibility": 0.7,
    "water_intake_score": 1.5919
   },
   "type": "Feature"
  },
  {
   "geometry": {
    "coordinates": [
     -78.87084,
     35.048542
    ],
    "type": "Point"
   },
   "properties": {
    "accumulation": 141412.0,
    "bank_slope_deg": 4.86,
    "bank_slope_score": 1.0,
    "beach_dist_km": 135.92,
    "bridge_proximity_bonus": 0.0,
    "catchment_area_km2": 14.1195,
    "channel_width_m": 5.8,
    "channel_width_score": 1.0,
    "composite_score": 51.8317,
    "cso_density": 0.0,
    "ej_index": 0.7598,
    "elevation_m": 23.054,
    "estuary_dist_km": 256.77,
    "feasibility_score": 58.0357,
    "flood_q10_cfs": 1095.74,
    "flow_score": 39.948,
    "flow_velocity_ms": 0.0648,
    "generation_score": 44.1708,
    "impact_score": 66.2938,
    "impervious_pct": 37.13,
    "land_ownership": 0.5,
    "lat": 35.0485,
    "litter_complaint_density": 0.0,
    "lon": -78.8708,
    "navigable_dist_m": 1163.6,
    "npdes_points": 2,
    "pixel_col": 1229.0,
    "pixel_row": 901.0,
    "population_density": 293.4,
    "position_along": 0.875,
    "protected_area_score": 13.8199,
    "rank": 5,
    "road_access_m": 92.2,
    "road_access_score": 1.0,
    "road_density_km_km2": 8.607,
    "robustness_pct": 42.0,
    "runoff_coeff_C": 0.3842,
    "seasonal_cv": 0.4786,
    "segment_id": 53,
    "segment_length_m": 7452.4786,
    "stream_order": 3,
    "superfund_score": 0.1828,
    "tourism_amenity_density": 5.9683,
    "tri_facility_density": 0.0708,
    "usgs_mean_q_cfs": 12.839,
    "velocity_feasibility": 0.7,
    "water_intake_score": 1.4978
   },
   "type": "Feature"
  },
  {
   "geometry": {
    "coordinates": [
     -78.906724,
     35.074496
    ],
    "type": "Point"
   },
   "properties": {
    "accumulation": 108227.0,
    "bank_slope_deg": 0.16,
    "bank_slope_score": 1.0,
    "beach_dist_km": 140.27,
    "bridge_proximity_bonus": 0.0,
    "catchment_area_km2": 10.8061,
    "channel_width_m": 5.27,
    "channel_width_score": 1.0,
    "composite_score": 50.9529,
    "cso_density": 0.0,
    "ej_index": 0.551,
    "elevation_m": 34.0558,
    "estuary_dist_km": 260.01,
    "feasibility_score": 76.7857,
    "flood_q10_cfs": 688.28,
    "flow_score": 32.3927,
    "flow_velocity_ms": 0.0757,
    "generation_score": 44.0968,
    "impact_score": 60.3595,
    "impervious_pct": 24.04,
    "land_ownership": 1.0,
    "lat": 35.0745,
    "litter_complaint_density": 0.0,
    "lon": -78.9067,
    "navigable_dist_m": 5416.7,
    "npdes_points": 2,
    "pixel_col": 896.0,
    "pixel_row": 623.0,
    "population_density": 851.4,
    "position_along": 0.3,
    "protected_area_score": 14.2179,
    "rank": 6,
    "road_access_m": 80.3,
    "road_access_score": 1.0,
    "road_density_km_km2": 9.488,
    "robustness_pct": 24.0,
    "runoff_coeff_C": 0.2664,
    "seasonal_cv": 0.4713,
    "segment_id": 28,
    "segment_length_m": 7548.3847,
    "stream_order": 3,
    "superfund_score": 0.0703,
    "tourism_amenity_density": 7.5599,
    "tri_facility_density": 0.0,
    "usgs_mean_q_cfs": 9.536,
    "velocity_feasibility": 0.7,
    "water_intake_score": 1.6529
   },
   "type": "Feature"
  },
  {
   "geometry": {
    "coordinates": [
     -78.972756,
     35.014627
    ],
    "type": "Point"
   },
   "properties": {
    "accumulation": 426228.0,
    "bank_slope_deg": 0.26,
    "bank_slope_score": 1.0,
    "beach_dist_km": 140.43,
    "bridge_proximity_bonus": 0.0,
    "catchment_area_km2": 42.5574,
    "channel_width_m": 8.66,
    "channel_width_score": 1.0,
    "composite_score": 49.8765,
    "cso_density": 0.0,
    "ej_index": 0.4961,
    "elevation_m": 38.1106,
    "estuary_dist_km": 266.14,
    "feasibility_score": 76.7857,
    "flood_q10_cfs": 1683.81,
    "flow_score": 68.638,
    "flow_velocity_ms": 0.2296,
    "generation_score": 47.6806,
    "impact_score": 22.9833,
    "impervious_pct": 27.12,
    "land_ownership": 1.0,
    "lat": 35.0146,
    "litter_complaint_density": 0.0,
    "lon": -78.9728,
    "navigable_dist_m": 10423.4,
    "npdes_points": 3,
    "pixel_col": 305.0,
    "pixel_row": 1300.0,
    "population_density": 942.1,
    "position_along": 0.25,
    "protected_area_score": 10.048,
    "rank": 7,
    "road_access_m": 140.6,
    "road_access_score": 1.0,
    "road_density_km_km2": 7.481,
    "robustness_pct": 46.0,
    "runoff_coeff_C": 0.2941,
    "seasonal_cv": 0.4977,
    "segment_id": 51,
    "segment_length_m": 3031.1741,
    "stream_order": 3,
    "superfund_score": 0.0228,
    "tourism_amenity_density": 0.6366,
    "tri_facility_density": 0.0,
    "usgs_mean_q_cfs": 32.08,
    "velocity_feasibility": 0.7,
    "water_intake_score": 0.7819
   },
   "type": "Feature"
  },
  {
   "geometry": {
    "coordinates": [
     -78.887338,
     35.083015
    ],
    "type": "Point"
   },
   "properties": {
    "accumulation": 190728.0,
    "bank_slope_deg": 0.94,
    "bank_slope_score": 1.0,
    "beach_dist_km": 139.64,
    "bridge_proximity_bonus": 0.0,
    "catchment_area_km2": 19.0435,
    "channel_width_m": 6.47,
    "channel_width_score": 1.0,
    "composite_score": 49.4596,
    "cso_density": 0.0,
    "ej_index": 0.7299,
    "elevation_m": 32.307,
    "estuary_dist_km": 258.25,
    "feasibility_score": 58.0357,
    "flood_q10_cfs": 881.47,
    "flow_score": 41.0058,
    "flow_velocity_ms": 0.1332,
    "generation_score": 34.4066,
    "impact_score": 67.2692,
    "impervious_pct": 20.05,
    "land_ownership": 0.5,
    "lat": 35.083,
    "litter_complaint_density": 0.0,
    "lon": -78.8873,
    "navigable_dist_m": 4872.7,
    "npdes_points": 2,
    "pixel_col": 1069.0,
    "pixel_row": 524.0,
    "population_density": 590.7,
    "position_along": 0.5,
    "protected_area_score": 14.1411,
    "rank": 8,
    "road_access_m": 154.2,
    "road_access_score": 1.0,
    "road_density_km_km2": 7.073,
    "robustness_pct": 2.0,
    "runoff_coeff_C": 0.2304,
    "seasonal_cv": 0.4827,
    "segment_id": 9,
    "segment_length_m": 2863.6073,
    "stream_order": 3,
    "superfund_score": 0.1874,
    "tourism_amenity_density": 5.0134,
    "tri_facility_density": 0.0,
    "usgs_mean_q_cfs": 15.631,
    "velocity_feasibility": 0.7,
    "water_intake_score": 1.7379
   },
   "type": "Feature"
  },
  {
   "geometry": {
    "coordinates": [
     -78.886801,
     35.043531
    ],
    "type": "Point"
   },
   "properties": {
    "accumulation": 105590.0,
    "bank_slope_deg": 2.23,
    "bank_slope_score": 1.0,
    "beach_dist_km": 136.61,
    "bridge_proximity_bonus": 0.0,
    "catchment_area_km2": 10.5428,
    "channel_width_m": 5.22,
    "channel_width_score": 1.0,
    "composite_score": 49.0421,
    "cso_density": 0.0,
    "ej_index": 0.6077,
    "elevation_m": 27.8666,
    "estuary_dist_km": 258.24,
    "feasibility_score": 58.0357,
    "flood_q10_cfs": 919.47,
    "flow_score": 37.0993,
    "flow_velocity_ms": 0.0601,
    "generation_score": 42.6411,
    "impact_score": 60.8987,
    "impervious_pct": 37.13,
    "land_ownership": 0.5,
    "lat": 35.0435,
    "litter_complaint_density": 0.0,
    "lon": -78.8868,
    "navigable_dist_m": 2478.5,
    "npdes_points": 1,
    "pixel_col": 1085.0,
    "pixel_row": 962.0,
    "population_density": 418.3,
    "position_along": 0.625,
    "protected_area_score": 13.8882,
    "rank": 9,
    "road_access_m": 89.5,
    "road_access_score": 1.0,
    "road_density_km_km2": 10.586,
    "robustness_pct": 0.0,
    "runoff_coeff_C": 0.3842,
    "seasonal_cv": 0.4786,
    "segment_id": 53,
    "segment_length_m": 7452.4786,
    "stream_order": 3,
    "superfund_score": 0.1357,
    "tourism_amenity_density": 7.4007,
    "tri_facility_density": 0.0,
    "usgs_mean_q_cfs": 12.839,
    "velocity_feasibility": 0.7,
    "water_intake_score": 1.4536
   },
   "type": "Feature"
  },
  {
   "geometry": {
    "coordinates": [
     -78.916897,
     35.082297
    ],
    "type": "Point"
   },
   "properties": {
    "accumulation": 78971.0,
    "bank_slope_deg": 0.32,
    "bank_slope_score": 1.0,
    "beach_dist_km": 141.54,
    "bridge_proximity_bonus": 0.0,
    "catchment_area_km2": 7.885,
    "channel_width_m": 4.7,
    "channel_width_score": 1.0,
    "composite_score": 48.3328,
    "cso_density": 0.0,
    "ej_index": 0.6019,
    "elevation_m": 36.4448,
    "estuary_dist_km": 260.94,
    "feasibility_score": 76.7857,
    "flood_q10_cfs": 569.62,
    "flow_score": 31.4169,
    "flow_velocity_ms": 0.1227,
    "generation_score": 42.071,
    "impact_score": 54.4645,
    "impervious_pct": 24.04,
    "land_ownership": 1.0,
    "lat": 35.0823,
    "litter_complaint_density": 0.0,
    "lon": -78.9169,
    "navigable_dist_m": 6676.9,
    "npdes_points": 0,
    "pixel_col": 800.0,
    "pixel_row": 538.0,
    "population_density": 728.2,
    "position_along": 0.1,
    "protected_area_score": 13.7732,
    "rank": 10,
    "road_access_m": 84.9,
    "road_access_score": 1.0,
    "road_density_km_km2": 8.675,
    "robustness_pct": 6.0,
    "runoff_coeff_C": 0.2664,
    "seasonal_cv": 0.4713,
    "segment_id": 28,
    "segment_length_m": 7548.3847,
    "stream_order": 3,
    "superfund_score": 0.0434,
    "tourism_amenity_density": 5.093,
    "tri_facility_density": 0.1268,
    "usgs_mean_q_cfs": 9.536,
    "velocity_feasibility": 0.7,
    "water_intake_score": 1.4999
   },
   "type": "Feature"
  },
  {
   "geometry": {
    "coordinates": [
     -78.97114,
     35.026847
    ],
    "type": "Point"
   },
   "properties": {
    "accumulation": 363767.0,
    "bank_slope_deg": 0.44,
    "bank_slope_score": 1.0,
    "beach_dist_km": 141.18,
    "bridge_proximity_bonus": 0.0,
    "catchment_area_km2": 36.3209,
    "channel_width_m": 8.18,
    "channel_width_score": 1.0,
    "composite_score": 47.8016,
    "cso_density": 0.0,
    "ej_index": 0.5635,
    "elevation_m": 39.522,
    "estuary_dist_km": 265.95,
    "feasibility_score": 76.7857,
    "flood_q10_cfs": 1534.92,
    "flow_score": 61.5699,
    "flow_velocity_ms": 0.1807,
    "generation_score": 41.9851,
    "impact_score": 27.6526,
    "impervious_pct": 27.23,
    "land_ownership": 1.0,
    "lat": 35.0268,
    "litter_complaint_density": 0.0,
    "lon": -78.9711,
    "navigable_dist_m": 10167.1,
    "npdes_points": 0,
    "pixel_col": 318.0,
    "pixel_row": 1164.0,
    "population_density": 1015.6,
    "position_along": 0.75,
    "protected_area_score": 10.6084,
    "rank": 11,
    "road_access_m": 90.7,
    "road_access_score": 1.0,
    "road_density_km_km2": 8.028,
    "robustness_pct": 13.0,
    "runoff_coeff_C": 0.2951,
    "seasonal_cv": 0.4952,
    "segment_id": 47,
    "segment_length_m": 3277.2592,
    "stream_order": 3,
    "superfund_score": 0.024,
    "tourism_amenity_density": 1.5915,
    "tri_facility_density": 0.0,
    "usgs_mean_q_cfs": 28.245,
    "velocity_feasibility": 0.7,
    "water_intake_score": 0.8462
   },
   "type": "Feature"
  },
  {
   "geometry": {
    "coordinates": [
     -78.978982,
     34.997447
    ],
    "type": "Point"
   },
   "properties": {
    "accumulation": 509179.0,
    "bank_slope_deg": 3.36,
    "bank_slope_score": 1.0,
    "beach_dist_km": 139.67,
    "bridge_proximity_bonus": 0.0,
    "catchment_area_km2": 50.8398,
    "channel_width_m": 9.24,
    "channel_width_score": 1.0,
    "composite_score": 47.4097,
    "cso_density": 0.0,
    "ej_index": 0.4024,
    "elevation_m": 35.1267,
    "estuary_dist_km": 266.77,
    "feasibility_score": 42.4107,
    "flood_q10_cfs": 1863.53,
    "flow_score": 74.3857,
    "flow_velocity_ms": 0.2063,
    "generation_score": 49.4452,
    "impact_score": 25.3938,
    "impervious_pct": 26.89,
    "land_ownership": 0.5,
    "lat": 34.9974,
    "litter_complaint_density": 0.0,
    "lon": -78.979,
    "navigable_dist_m": 11339.7,
    "npdes_points": 6,
    "pixel_col": 252.0,
    "pixel_row": 1492.0,
    "population_density": 794.7,
    "position_along": 0.5,
    "protected_area_score": 9.3612,
    "rank": 12,
    "road_access_m": 324.0,
    "road_access_score": 0.8,
    "road_density_km_km2": 4.738,
    "robustness_pct": 29.0,
    "runoff_coeff_C": 0.292,
    "seasonal_cv": 0.4997,
    "segment_id": 63,
    "segment_length_m": 585.8241,
    "stream_order": 3,
    "superfund_score": 0.0245,
    "tourism_amenity_density": 13.369,
    "tri_facility_density": 0.0,
    "usgs_mean_q_cfs": 35.752,
    "velocity_feasibility": 0.7,
    "water_intake_score": 0.6791
   },
   "type": "Feature"
  },
  {
   "geometry": {
    "coordinates": [
     -78.976333,
     35.073884
    ],
    "type": "Point"
   },
   "properties": {
    "accumulation": 170275.0,
    "bank_slope_deg": 4.68,
    "bank_slope_score": 1.0,
    "beach_dist_km": 144.93,
    "bridge_proximity_bonus": 0.2,
    "catchment_area_km2": 17.0014,
    "channel_width_m": 6.21,
    "channel_width_score": 1.0,
    "composite_score": 47.1058,
    "cso_density": 0.0,
    "ej_index": 0.6428,
    "elevation_m": 49.8456,
    "estuary_dist_km": 266.35,
    "feasibility_score": 70.5357,
    "flood_q10_cfs": 1056.09,
    "flow_score": 43.9073,
    "flow_velocity_ms": 0.2256,
    "generation_score": 54.0463,
    "impact_score": 31.116,
    "impervious_pct": 30.75,
    "land_ownership": 0.5,
    "lat": 35.0739,
    "litter_complaint_density": 0.0,
    "lon": -78.9763,
    "navigable_dist_m": 11188.2,
    "npdes_points": 4,
    "pixel_col": 257.0,
    "pixel_row": 643.0,
    "population_density": 1025.1,
    "position_along": 0.5,
    "protected_area_score": 11.0409,
    "rank": 13,
    "road_access_m": 59.8,
    "road_access_score": 1.0,
    "road_density_km_km2": 7.709,
    "robustness_pct": 6.5,
    "runoff_coeff_C": 0.3267,
    "seasonal_cv": 0.4745,
    "segment_id": 23,
    "segment_length_m": 2977.9055,
    "stream_order": 3,
    "superfund_score": 0.0239,
    "tourism_amenity_density": 3.1831,
    "tri_facility_density": 0.0,
    "usgs_mean_q_cfs": 12.29,
    "velocity_feasibility": 0.7,
    "water_intake_score": 0.9325
   },
   "type": "Feature"
  },
  {
   "geometry": {
    "coordinates": [
     -78.976085,
     35.003965
    ],
    "type": "Point"
   },
   "properties": {
    "accumulation": 447698.0,
    "bank_slope_deg": 0.63,
    "bank_slope_score": 1.0,
    "beach_dist_km": 139.92,
    "bridge_proximity_bonus": 0.0,
    "catchment_area_km2": 44.7011,
    "channel_width_m": 8.82,
    "channel_width_score": 1.0,
    "composite_score": 46.0204,
    "cso_density": 0.0,
    "ej_index": 0.4356,
    "elevation_m": 36.5689,
    "estuary_dist_km": 266.48,
    "feasibility_score": 42.4107,
    "flood_q10_cfs": 1734.23,
    "flow_score": 69.9626,
    "flow_velocity_ms": 0.2334,
    "generation_score": 49.8537,
    "impact_score": 24.04,
    "impervious_pct": 27.12,
    "land_ownership": 0.5,
    "lat": 35.004,
    "litter_complaint_density": 0.0,
    "lon": -78.9761,
    "navigable_dist_m": 10912.6,
    "npdes_points": 5,
    "pixel_col": 277.0,
    "pixel_row": 1419.0,
    "population_density": 873.0,
    "position_along": 0.75,
    "protected_area_score": 9.5993,
    "rank": 14,
    "road_access_m": 243.8,
    "road_access_score": 0.8,
    "road_density_km_km2": 5.991,
    "robustness_pct": 15.5,
    "runoff_coeff_C": 0.2941,
    "seasonal_cv": 0.4977,
    "segment_id": 51,
    "segment_length_m": 3031.1741,
    "stream_order": 3,
    "superfund_score": 0.0231,
    "tourism_amenity_density": 7.9577,
    "tri_facility_density": 0.0,
    "usgs_mean_q_cfs": 32.08,
    "velocity_feasibility": 0.7,
    "water_intake_score": 0.7187
   },
   "type": "Feature"
  },
  {
   "geometry": {
    "coordinates": [
     -78.901115,
     35.037168
    ],
    "type": "Point"
   },
   "properties": {
    "accumulation": 78130.0,
    "bank_slope_deg": 1.27,
    "bank_slope_score": 1.0,
    "beach_dist_km": 137.1,
    "bridge_proximity_bonus": 0.0,
    "catchment_area_km2": 7.801,
    "channel_width_m": 4.68,
    "channel_width_score": 1.0,
    "composite_score": 45.7999,
    "cso_density": 0.0,
    "ej_index": 0.5023,
    "elevation_m": 32.0884,
    "estuary_dist_km": 259.55,
    "feasibility_score": 58.0357,
    "flood_q10_cfs": 803.53,
    "flow_score": 33.1439,
    "flow_velocity_ms": 0.1332,
    "generation_score": 46.3656,
    "impact_score": 49.6628,
    "impervious_pct": 39.11,
    "land_ownership": 0.5,
    "lat": 35.0372,
    "litter_complaint_density": 0.0,
    "lon": -78.9011,
    "navigable_dist_m": 3733.5,
    "npdes_points": 2,
    "pixel_col": 955.0,
    "pixel_row": 1033.0,
    "population_density": 544.5,
    "position_along": 0.375,
    "protected_area_score": 13.3684,
    "rank": 15,
    "road_access_m": 105.6,
    "road_access_score": 1.0,
    "road_density_km_km2": 8.701,
    "robustness_pct": 0.0,
    "runoff_coeff_C": 0.402,
    "seasonal_cv": 0.4475,
    "segment_id": 53,
    "segment_length_m": 7452.4786,
    "stream_order": 3,
    "superfund_score": 0.0558,
    "tourism_amenity_density": 2.6261,
    "tri_facility_density": 0.0,
    "usgs_mean_q_cfs": 4.722,
    "velocity_feasibility": 0.7,
    "water_intake_score": 1.336
   },
   "type": "Feature"
  },
  {
   "geometry": {
    "coordinates": [
     -78.909851,
     35.048975
    ],
    "type": "Point"
   },
   "properties": {
    "accumulation": 113434.0,
    "bank_slope_deg": 0.06,
    "bank_slope_score": 1.0,
    "beach_dist_km": 138.57,
    "bridge_proximity_bonus": 0.0,
    "catchment_area_km2": 11.326,
    "channel_width_m": 5.36,
    "channel_width_score": 1.0,
    "composite_score": 45.3052,
    "cso_density": 0.0,
    "ej_index": 0.2947,
    "elevation_m": 36.7032,
    "estuary_dist_km": 260.32,
    "feasibility_score": 58.0357,
    "flood_q10_cfs": 837.8,
    "flow_score": 32.5166,
    "flow_velocity_ms": 0.0714,
    "generation_score": 47.245,
    "impact_score": 47.6575,
    "impervious_pct": 31.28,
    "land_ownership": 0.5,
    "lat": 35.049,
    "litter_complaint_density": 0.0,
    "lon": -78.9099,
    "navigable_dist_m": 4651.6,
    "npdes_points": 2,
    "pixel_col": 873.0,
    "pixel_row": 904.0,
    "population_density": 776.1,
    "position_along": 0.5,
    "protected_area_score": 13.9612,
    "rank": 16,
    "road_access_m": 190.2,
    "road_access_score": 1.0,
    "road_density_km_km2": 9.784,
    "robustness_pct": 0.0,
    "runoff_coeff_C": 0.3315,
    "seasonal_cv": 0.4568,
    "segment_id": 36,
    "segment_length_m": 2583.6499,
    "stream_order": 3,
    "superfund_score": 0.06,
    "tourism_amenity_density": 4.4563,
    "tri_facility_density": 0.0,
    "usgs_mean_q_cfs": 5.309,
    "velocity_feasibility": 0.7,
    "water_intake_score": 1.4353
   },
   "type": "Feature"
  },
  {
   "geometry": {
    "coordinates": [
     -78.980442,
     35.053809
    ],
    "type": "Point"
   },
   "properties": {
    "accumulation": 271970.0,
    "bank_slope_deg": 0.24,
    "bank_slope_score": 1.0,
    "beach_dist_km": 143.76,
    "bridge_proximity_bonus": 0.0,
    "catchment_area_km2": 27.1553,
    "channel_width_m": 7.36,
    "channel_width_score": 1.0,
    "composite_score": 44.2644,
    "cso_density": 0.0,
    "ej_index": 0.6338,
    "elevation_m": 43.9278,
    "estuary_dist_km": 266.74,
    "feasibility_score": 42.4107,
    "flood_q10_cfs": 1249.16,
    "flow_score": 51.8158,
    "flow_velocity_ms": 0.1238,
    "generation_score": 53.7219,
    "impact_score": 29.4408,
    "impervious_pct": 25.88,
    "land_ownership": 0.5,
    "lat": 35.0538,
    "litter_complaint_density": 0.0,
    "lon": -78.9804,
    "navigable_dist_m": 11097.5,
    "npdes_points": 4,
    "pixel_col": 226.0,
    "pixel_row": 866.0,
    "population_density": 1169.0,
    "position_along": 0.5,
    "protected_area_score": 10.8052,
    "rank": 17,
    "road_access_m": 224.1,
    "road_access_score": 0.8,
    "road_density_km_km2": 7.637,
    "robustness_pct": 1.5,
    "runoff_coeff_C": 0.2829,
    "seasonal_cv": 0.4914,
    "segment_id": 25,
    "segment_length_m": 2397.1028,
    "stream_order": 3,
    "superfund_score": 0.031,
    "tourism_amenity_density": 2.7852,
    "tri_facility_density": 0.0,
    "usgs_mean_q_cfs": 23.827,
    "velocity_feasibility": 0.7,
    "water_intake_score": 0.8776
   },
   "type": "Feature"
  },
  {
   "geometry": {
    "coordinates": [
     -78.891878,
     35.099221
    ],
    "type": "Point"
   },
   "properties": {
    "accumulation": 70470.0,
    "bank_slope_deg": 0.75,
    "bank_slope_score": 1.0,
    "beach_dist_km": 141.19,
    "bridge_proximity_bonus": 0.0,
    "catchment_area_km2": 7.0362,
    "channel_width_m": 4.51,
    "channel_width_score": 1.0,
    "composite_score": 43.9181,
    "cso_density": 0.0,
    "ej_index": 0.5691,
    "elevation_m": 37.5178,
    "estuary_dist_km": 258.67,
    "feasibility_score": 61.1607,
    "flood_q10_cfs": 582.21,
    "flow_score": 29.017,
    "flow_velocity_ms": 0.1282,
    "generation_score": 37.3853,
    "impact_score": 54.2471,
    "impervious_pct": 27.92,
    "land_ownership": 1.0,
    "lat": 35.0992,
    "litter_complaint_density": 0.0,
    "lon": -78.8919,
    "navigable_dist_m": 6638.2,
    "npdes_points": 0,
    "pixel_col": 1025.0,
    "pixel_row": 345.0,
    "population_density": 792.0,
    "position_along": 0.5,
    "protected_area_score": 13.3927,
    "rank": 18,
    "road_access_m": 203.2,
    "road_access_score": 0.8,
    "road_density_km_km2": 7.128,
    "robustness_pct": 0.0,
    "runoff_coeff_C": 0.3013,
    "seasonal_cv": 0.4427,
    "segment_id": 8,
    "segment_length_m": 1262.9994,
    "stream_order": 3,
    "superfund_score": 0.0569,
    "tourism_amenity_density": 3.4218,
    "tri_facility_density": 0.0,
    "usgs_mean_q_cfs": 3.49,
    "velocity_feasibility": 0.7,
    "water_intake_score": 1.5421
   },
   "type": "Feature"
  },
  {
   "geometry": {
    "coordinates": [
     -78.949533,
     35.015009
    ],
    "type": "Point"
   },
   "properties": {
    "accumulation": 37453.0,
    "bank_slope_deg": 0.22,
    "bank_slope_score": 1.0,
    "beach_dist_km": 138.82,
    "bridge_proximity_bonus": 0.0,
    "catchment_area_km2": 3.7396,
    "channel_width_m": 3.58,
    "channel_width_score": 1.0,
    "composite_score": 43.791,
    "cso_density": 0.0,
    "ej_index": 0.6497,
    "elevation_m": 42.695,
    "estuary_dist_km": 264.02,
    "feasibility_score": 76.7857,
    "flood_q10_cfs": 533.72,
    "flow_score": 29.2836,
    "flow_velocity_ms": 0.1065,
    "generation_score": 50.1959,
    "impact_score": 32.9783,
    "impervious_pct": 40.5,
    "land_ownership": 1.0,
    "lat": 35.015,
    "litter_complaint_density": 0.0,
    "lon": -78.9495,
    "navigable_dist_m": 8313.7,
    "npdes_points": 0,
    "pixel_col": 516.0,
    "pixel_row": 1291.0,
    "population_density": 1008.1,
    "position_along": 0.5,
    "protected_area_score": 10.626,
    "rank": 19,
    "road_access_m": 116.1,
    "road_access_score": 1.0,
    "road_density_km_km2": 8.689,
    "robustness_pct": 0.5,
    "runoff_coeff_C": 0.4145,
    "seasonal_cv": 0.4441,
    "segment_id": 58,
    "segment_length_m": 2564.9637,
    "stream_order": 3,
    "superfund_score": 0.0201,
    "tourism_amenity_density": 1.0345,
    "tri_facility_density": 0.0,
    "usgs_mean_q_cfs": 5.173,
    "velocity_feasibility": 0.7,
    "water_intake_score": 0.8945
   },
   "type": "Feature"
  },
  {
   "geometry": {
    "coordinates": [
     -78.97511,
     35.039041
    ],
    "type": "Point"
   },
   "properties": {
    "accumulation": 342563.0,
    "bank_slope_deg": 0.54,
    "bank_slope_score": 1.0,
    "beach_dist_km": 142.33,
    "bridge_proximity_bonus": 0.0,
    "catchment_area_km2": 34.2037,
    "channel_width_m": 8.0,
    "channel_width_score": 1.0,
    "composite_score": 43.5897,
    "cso_density": 0.0,
    "ej_index": 0.5887,
    "elevation_m": 41.8141,
    "estuary_dist_km": 266.28,
    "feasibility_score": 68.75,
    "flood_q10_cfs": 785.96,
    "flow_score": 57.0909,
    "flow_velocity_ms": 0.5,
    "generation_score": 34.9193,
    "impact_score": 28.429,
    "impervious_pct": null,
    "land_ownership": 0.5,
    "lat": 35.039,
    "litter_complaint_density": 0.0,
    "lon": -78.9751,
    "navigable_dist_m": 10486.5,
    "npdes_points": 3,
    "pixel_col": 278.0,
    "pixel_row": 1029.0,
    "population_density": 1061.1,
    "position_along": 0.25,
    "protected_area_score": 10.7608,
    "rank": 20,
    "road_access_m": 133.9,
    "road_access_score": 1.0,
    "road_density_km_km2": 8.01,
    "robustness_pct": 0.0,
    "runoff_coeff_C": null,
    "seasonal_cv": null,
    "segment_id": 47,
    "segment_length_m": 3277.2592,
    "stream_order": 3,
    "superfund_score": 0.0273,
    "tourism_amenity_density": 1.7507,
    "tri_facility_density": 0.0,
    "usgs_mean_q_cfs": null,
    "velocity_feasibility": 1.0,
    "water_intake_score": 0.8711
   },
   "type": "Feature"
  },
  {
   "geometry": {
    "coordinates": [
     -78.855316,
     35.045485
    ],
    "type": "Point"
   },
   "properties": {
    "accumulation": 28084.0,
    "bank_slope_deg": 3.93,
    "bank_slope_score": 1.0,
    "beach_dist_km": 134.65,
    "bridge_proximity_bonus": 0.0,
    "catchment_area_km2": 2.8041,
    "channel_width_m": 3.23,
    "channel_width_score": 1.0,
    "composite_score": 43.2629,
    "cso_density": 0.0,
    "ej_index": 0.7864,
    "elevation_m": 12.5518,
    "estuary_dist_km": 255.37,
    "feasibility_score": 68.75,
    "flood_q10_cfs": 175.06,
    "flow_score": 40.5387,
    "flow_velocity_ms": 0.5,
    "generation_score": 14.5542,
    "impact_score": 61.4983,
    "impervious_pct": null,
    "land_ownership": 0.5,
    "lat": 35.0455,
    "litter_complaint_density": 0.0,
    "lon": -78.8553,
    "navigable_dist_m": 291.2,
    "npdes_points": 1,
    "pixel_col": 1371.0,
    "pixel_row": 935.0,
    "population_density": 292.3,
    "position_along": 0.5,
    "protected_area_score": 12.8326,
    "rank": 21,
    "road_access_m": 149.7,
    "road_access_score": 1.0,
    "road_density_km_km2": 6.574,
    "robustness_pct": 0.0,
    "runoff_coeff_C": null,
    "seasonal_cv": null,
    "segment_id": 45,
    "segment_length_m": 1399.1689,
    "stream_order": 3,
    "superfund_score": 0.1058,
    "tourism_amenity_density": 3.1035,
    "tri_facility_density": 0.0,
    "usgs_mean_q_cfs": null,
    "velocity_feasibility": 1.0,
    "water_intake_score": 1.3884
   },
   "type": "Feature"
  },
  {
   "geometry": {
    "coordinates": [
     -78.913552,
     35.027305
    ],
    "type": "Point"
   },
   "properties": {
    "accumulation": 33276.0,
    "bank_slope_deg": 1.03,
    "bank_slope_score": 1.0,
    "beach_dist_km": 137.22,
    "bridge_proximity_bonus": 0.0,
    "catchment_area_km2": 3.3225,
    "channel_width_m": 3.43,
    "channel_width_score": 1.0,
    "composite_score": 43.2467,
    "cso_density": 0.0,
    "ej_index": 0.4654,
    "elevation_m": 39.6207,
    "estuary_dist_km": 260.71,
    "feasibility_score": 58.0357,
    "flood_q10_cfs": 521.66,
    "flow_score": 28.2956,
    "flow_velocity_ms": 0.1303,
    "generation_score": 48.8347,
    "impact_score": 42.7236,
    "impervious_pct": 42.57,
    "land_ownership": 0.5,
    "lat": 35.0273,
    "litter_complaint_density": 0.0,
    "lon": -78.9136,
    "navigable_dist_m": 4930.1,
    "npdes_points": 0,
    "pixel_col": 844.0,
    "pixel_row": 1146.0,
    "population_density": 894.1,
    "position_along": 0.125,
    "protected_area_score": 12.3787,
    "rank": 22,
    "road_access_m": 65.2,
    "road_access_score": 1.0,
    "road_density_km_km2": 8.233,
    "robustness_pct": 0.0,
    "runoff_coeff_C": 0.4331,
    "seasonal_cv": 0.4194,
    "segment_id": 53,
    "segment_length_m": 7452.4786,
    "stream_order": 3,
    "superfund_score": 0.0312,
    "tourism_amenity_density": 3.581,
    "tri_facility_density": 0.0,
    "usgs_mean_q_cfs": 1.488,
    "velocity_feasibility": 0.7,
    "water_intake_score": 1.1709
   },
   "type": "Feature"
  },
  {
   "geometry": {
    "coordinates": [
     -78.896964,
     35.095207
    ],
    "type": "Point"
   },
   "properties": {
    "accumulation": 75809.0,
    "bank_slope_deg": 0.44,
    "bank_slope_score": 1.0,
    "beach_dist_km": 141.21,
    "bridge_proximity_bonus": 0.0,
    "catchment_area_km2": 7.5693,
    "channel_width_m": 4.63,
    "channel_width_score": 1.0,
    "composite_score": 42.249,
    "cso_density": 0.0,
    "ej_index": 0.6635,
    "elevation_m": 36.4564,
    "estuary_dist_km": 259.13,
    "feasibility_score": 58.0357,
    "flood_q10_cfs": 459.32,
    "flow_score": 29.645,
    "flow_velocity_ms": 0.1171,
    "generation_score": 30.4648,
    "impact_score": 56.6433,
    "impervious_pct": 15.84,
    "land_ownership": 0.5,
    "lat": 35.0952,
    "litter_complaint_density": 0.0,
    "lon": -78.897,
    "navigable_dist_m": 6485.1,
    "npdes_points": 0,
    "pixel_col": 980.0,
    "pixel_row": 390.0,
    "population_density": 786.0,
    "position_along": 0.8333,
    "protected_area_score": 13.5426,
    "rank": 23,
    "road_access_m": 179.2,
    "road_access_score": 1.0,
    "road_density_km_km2": 7.196,
    "robustness_pct": 0.0,
    "runoff_coeff_C": 0.1926,
    "seasonal_cv": 0.4686,
    "segment_id": 2,
    "segment_length_m": 4799.5925,
    "stream_order": 3,
    "superfund_score": 0.0591,
    "tourism_amenity_density": 2.7852,
    "tri_facility_density": 0.0,
    "usgs_mean_q_cfs": 10.078,
    "velocity_feasibility": 0.7,
    "water_intake_score": 1.5608
   },
   "type": "Feature"
  },
  {
   "geometry": {
    "coordinates": [
     -78.95156,
     35.025914
    ],
    "type": "Point"
   },
   "properties": {
    "accumulation": 51577.0,
    "bank_slope_deg": 0.53,
    "bank_slope_score": 1.0,
    "beach_dist_km": 139.75,
    "bridge_proximity_bonus": 0.0,
    "catchment_area_km2": 5.1498,
    "channel_width_m": 4.02,
    "channel_width_score": 1.0,
    "composite_score": 41.625,
    "cso_density": 0.0,
    "ej_index": 0.5974,
    "elevation_m": 45.6866,
    "estuary_dist_km": 264.17,
    "feasibility_score": 76.7857,
    "flood_q10_cfs": 698.04,
    "flow_score": 17.1304,
    "flow_velocity_ms": 0.122,
    "generation_score": 52.4577,
    "impact_score": 33.6242,
    "impervious_pct": 43.78,
    "land_ownership": 1.0,
    "lat": 35.0259,
    "litter_complaint_density": 0.0,
    "lon": -78.9516,
    "navigable_dist_m": 8396.9,
    "npdes_points": 0,
    "pixel_col": 495.0,
    "pixel_row": 1170.0,
    "population_density": 1013.1,
    "position_along": 0.75,
    "protected_area_score": 11.0082,
    "rank": 24,
    "road_access_m": 133.2,
    "road_access_score": 1.0,
    "road_density_km_km2": 8.948,
    "robustness_pct": 2.0,
    "runoff_coeff_C": 0.444,
    "seasonal_cv": 0.433,
    "segment_id": 48,
    "segment_length_m": 3395.4527,
    "stream_order": 1,
    "superfund_score": 0.0218,
    "tourism_amenity_density": 1.6711,
    "tri_facility_density": 0.0,
    "usgs_mean_q_cfs": 3.389,
    "velocity_feasibility": 0.7,
    "water_intake_score": 0.9581
   },
   "type": "Feature"
  },
  {
   "geometry": {
    "coordinates": [
     -78.854929,
     35.060985
    ],
    "type": "Point"
   },
   "properties": {
    "accumulation": 85614.0,
    "bank_slope_deg": 0.46,
    "bank_slope_score": 1.0,
    "beach_dist_km": 135.82,
    "bridge_proximity_bonus": 0.0,
    "catchment_area_km2": 8.5483,
    "channel_width_m": 4.84,
    "channel_width_score": 1.0,
    "composite_score": 41.3777,
    "cso_density": 0.0,
    "ej_index": 0.766,
    "elevation_m": 13.4739,
    "estuary_dist_km": 255.31,
    "feasibility_score": 53.125,
    "flood_q10_cfs": 341.86,
    "flow_score": 44.015,
    "flow_velocity_ms": 0.5,
    "generation_score": 9.2745,
    "impact_score": 65.4094,
    "impervious_pct": null,
    "land_ownership": 0.5,
    "lat": 35.061,
    "litter_complaint_density": 0.0,
    "lon": -78.8549,
    "navigable_dist_m": 1684.7,
    "npdes_points": 1,
    "pixel_col": 1370.0,
    "pixel_row": 763.0,
    "population_density": 134.3,
    "position_along": 0.5,
    "protected_area_score": 13.3081,
    "rank": 25,
    "road_access_m": 270.4,
    "road_access_score": 0.8,
    "road_density_km_km2": 4.435,
    "robustness_pct": 0.0,
    "runoff_coeff_C": null,
    "seasonal_cv": null,
    "segment_id": 31,
    "segment_length_m": 2523.0363,
    "stream_order": 3,
    "superfund_score": 0.3008,
    "tourism_amenity_density": 1.6711,
    "tri_facility_density": 0.0,
    "usgs_mean_q_cfs": null,
    "velocity_feasibility": 1.0,
    "water_intake_score": 1.5457
   },
   "type": "Feature"
  },
  {
   "geometry": {
    "coordinates": [
     -78.907886,
     35.101257
    ],
    "type": "Point"
   },
   "properties": {
    "accumulation": 56531.0,
    "bank_slope_deg": 0.63,
    "bank_slope_score": 1.0,
    "beach_dist_km": 142.39,
    "bridge_proximity_bonus": 0.0,
    "catchment_area_km2": 5.6444,
    "channel_width_m": 4.16,
    "channel_width_score": 1.0,
    "composite_score": 41.3367,
    "cso_density": 0.0,
    "ej_index": 0.6844,
    "elevation_m": 39.5722,
    "estuary_dist_km": 260.13,
    "feasibility_score": 58.0357,
    "flood_q10_cfs": 385.12,
    "flow_score": 28.3046,
    "flow_velocity_ms": 0.116,
    "generation_score": 33.6572,
    "impact_score": 51.5266,
    "impervious_pct": 15.84,
    "land_ownership": 0.5,
    "lat": 35.1013,
    "litter_complaint_density": 0.0,
    "lon": -78.9079,
    "navigable_dist_m": 7603.7,
    "npdes_points": 1,
    "pixel_col": 879.0,
    "pixel_row": 326.0,
    "population_density": 781.0,
    "position_along": 0.5,
    "protected_area_score": 13.1376,
    "rank": 26,
    "road_access_m": 87.8,
    "road_access_score": 1.0,
    "road_density_km_km2": 7.811,
    "robustness_pct": 0.0,
    "runoff_coeff_C": 0.1926,
    "seasonal_cv": 0.4686,
    "segment_id": 2,
    "segment_length_m": 4799.5925,
    "stream_order": 3,
    "superfund_score": 0.0369,
    "tourism_amenity_density": 1.8303,
    "tri_facility_density": 0.0,
    "usgs_mean_q_cfs": 10.078,
    "velocity_feasibility": 0.7,
    "water_intake_score": 1.4288
   },
   "type": "Feature"
  },
  {
   "geometry": {
    "coordinates": [
     -78.933026,
     35.054998
    ],
    "type": "Point"
   },
   "properties": {
    "accumulation": 32748.0,
    "bank_slope_deg": 1.36,
    "bank_slope_score": 1.0,
    "beach_dist_km": 140.59,
    "bridge_proximity_bonus": 0.0,
    "catchment_area_km2": 3.2698,
    "channel_width_m": 3.41,
    "channel_width_score": 1.0,
    "composite_score": 40.9076,
    "cso_density": 0.0,
    "ej_index": 0.1497,
    "elevation_m": 45.0308,
    "estuary_dist_km": 262.43,
    "feasibility_score": 58.0357,
    "flood_q10_cfs": 424.3,
    "flow_score": 26.2657,
    "flow_velocity_ms": 0.1146,
    "generation_score": 48.9452,
    "impact_score": 36.5074,
    "impervious_pct": 34.1,
    "land_ownership": 0.5,
    "lat": 35.055,
    "litter_complaint_density": 0.0,
    "lon": -78.933,
    "navigable_dist_m": 6857.6,
    "npdes_points": 2,
    "pixel_col": 660.0,
    "pixel_row": 843.0,
    "population_density": 877.8,
    "position_along": 0.5,
    "protected_area_score": 13.1627,
    "rank": 27,
    "road_access_m": 70.1,
    "road_access_score": 1.0,
    "road_density_km_km2": 8.322,
    "robustness_pct": 0.0,
    "runoff_coeff_C": 0.3569,
    "seasonal_cv": 0.4308,
    "segment_id": 35,
    "segment_length_m": 2781.366,
    "stream_order": 3,
    "superfund_score": 0.0316,
    "tourism_amenity_density": 4.7746,
    "tri_facility_density": 0.0,
    "usgs_mean_q_cfs": 2.202,
    "velocity_feasibility": 0.7,
    "water_intake_score": 1.2804
   },
   "type": "Feature"
  },
  {
   "geometry": {
    "coordinates": [
     -78.936644,
     35.104645
    ],
    "type": "Point"
   },
   "properties": {
    "accumulation": 82729.0,
    "bank_slope_deg": 0.16,
    "bank_slope_score": 1.0,
    "beach_dist_km": 144.55,
    "bridge_proximity_bonus": 0.0,
    "catchment_area_km2": 8.2602,
    "channel_width_m": 4.78,
    "channel_width_score": 1.0,
    "composite_score": 40.2996,
    "cso_density": 0.0,
    "ej_index": 0.8241,
    "elevation_m": 49.2461,
    "estuary_dist_km": 262.74,
    "feasibility_score": 76.7857,
    "flood_q10_cfs": 526.07,
    "flow_score": 28.5648,
    "flow_velocity_ms": 0.126,
    "generation_score": 27.428,
    "impact_score": 44.7072,
    "impervious_pct": 19.42,
    "land_ownership": 1.0,
    "lat": 35.1046,
    "litter_complaint_density": 0.0,
    "lon": -78.9366,
    "navigable_dist_m": 9648.7,
    "npdes_points": 1,
    "pixel_col": 616.0,
    "pixel_row": 294.0,
    "population_density": 416.4,
    "position_along": 0.5,
    "protected_area_score": 12.4656,
    "rank": 28,
    "road_access_m": 192.1,
    "road_access_score": 1.0,
    "road_density_km_km2": 6.232,
    "robustness_pct": 0.0,
    "runoff_coeff_C": 0.2248,
    "seasonal_cv": 0.4527,
    "segment_id": 11,
    "segment_length_m": 2522.2757,
    "stream_order": 3,
    "superfund_score": 0.0228,
    "tourism_amenity_density": 0.3979,
    "tri_facility_density": 0.0,
    "usgs_mean_q_cfs": 4.961,
    "velocity_feasibility": 0.7,
    "water_intake_score": 1.1804
   },
   "type": "Feature"
  },
  {
   "geometry": {
    "coordinates": [
     -78.92351,
     35.087045
    ],
    "type": "Point"
   },
   "properties": {
    "accumulation": 40858.0,
    "bank_slope_deg": 1.3,
    "bank_slope_score": 1.0,
    "beach_dist_km": 142.34,
    "bridge_proximity_bonus": 0.0,
    "catchment_area_km2": 4.0795,
    "channel_width_m": 3.7,
    "channel_width_score": 1.0,
    "composite_score": 40.1807,
    "cso_density": 0.0,
    "ej_index": 0.6154,
    "elevation_m": 38.1377,
    "estuary_dist_km": 261.54,
    "feasibility_score": 58.0357,
    "flood_q10_cfs": 359.15,
    "flow_score": 26.1899,
    "flow_velocity_ms": 0.1084,
    "generation_score": 34.1727,
    "impact_score": 48.9203,
    "impervious_pct": 21.22,
    "land_ownership": 0.5,
    "lat": 35.087,
    "litter_complaint_density": 0.0,
    "lon": -78.9235,
    "navigable_dist_m": 7475.8,
    "npdes_points": 0,
    "pixel_col": 739.0,
    "pixel_row": 486.0,
    "population_density": 784.7,
    "position_along": 0.5,
    "protected_area_score": 13.4106,
    "rank": 29,
    "road_access_m": 90.1,
    "road_access_score": 1.0,
    "road_density_km_km2": 7.763,
    "robustness_pct": 0.0,
    "runoff_coeff_C": 0.241,
    "seasonal_cv": 0.4607,
    "segment_id": 21,
    "segment_length_m": 618.9357,
    "stream_order": 3,
    "superfund_score": 0.0343,
    "tourism_amenity_density": 1.7507,
    "tri_facility_density": 0.0,
    "usgs_mean_q_cfs": 6.572,
    "velocity_feasibility": 0.7,
    "water_intake_score": 1.4015
   },
   "type": "Feature"
  },
  {
   "geometry": {
    "coordinates": [
     -78.950485,
     35.03827
    ],
    "type": "Point"
   },
   "properties": {
    "accumulation": 27070.0,
    "bank_slope_deg": 1.31,
    "bank_slope_score": 1.0,
    "beach_dist_km": 140.56,
    "bridge_proximity_bonus": 0.0,
    "catchment_area_km2": 2.7028,
    "channel_width_m": 3.18,
    "channel_width_score": 1.0,
    "composite_score": 39.8737,
    "cso_density": 0.0,
    "ej_index": 0.5968,
    "elevation_m": 51.5994,
    "estuary_dist_km": 264.04,
    "feasibility_score": 76.7857,
    "flood_q10_cfs": 474.01,
    "flow_score": 14.2996,
    "flow_velocity_ms": 0.1177,
    "generation_score": 45.9338,
    "impact_score": 36.6693,
    "impervious_pct": 43.78,
    "land_ownership": 1.0,
    "lat": 35.0383,
    "litter_complaint_density": 0.0,
    "lon": -78.9505,
    "navigable_dist_m": 8238.7,
    "npdes_points": 0,
    "pixel_col": 504.0,
    "pixel_row": 1033.0,
    "population_density": 761.2,
    "position_along": 0.25,
    "protected_area_score": 11.616,
    "rank": 30,
    "road_access_m": 144.8,
    "road_access_score": 1.0,
    "road_density_km_km2": 7.163,
    "robustness_pct": 0.0,
    "runoff_coeff_C": 0.444,
    "seasonal_cv": 0.433,
    "segment_id": 48,
    "segment_length_m": 3395.4527,
    "stream_order": 1,
    "superfund_score": 0.0237,
    "tourism_amenity_density": 2.2282,
    "tri_facility_density": 0.0,
    "usgs_mean_q_cfs": 3.389,
    "velocity_feasibility": 0.7,
    "water_intake_score": 1.0391
   },
   "type": "Feature"
  },
  {
   "geometry": {
    "coordinates": [
     -78.974172,
     35.094747
    ],
    "type": "Point"
   },
   "properties": {
    "accumulation": 93238.0,
    "bank_slope_deg": 11.33,
    "bank_slope_score": 1.0,
    "beach_dist_km": 146.32,
    "bridge_proximity_bonus": 0.0,
    "catchment_area_km2": 9.3095,
    "channel_width_m": 4.99,
    "channel_width_score": 1.0,
    "composite_score": 39.7732,
    "cso_density": 0.0,
    "ej_index": 0.5761,
    "elevation_m": 54.3661,
    "estuary_dist_km": 266.15,
    "feasibility_score": 58.0357,
    "flood_q10_cfs": 735.63,
    "flow_score": 38.066,
    "flow_velocity_ms": 0.2131,
    "generation_score": 44.82,
    "impact_score": 27.0179,
    "impervious_pct": 30.75,
    "land_ownership": 0.5,
    "lat": 35.0947,
    "litter_complaint_density": 0.0,
    "lon": -78.9742,
    "navigable_dist_m": 11856.9,
    "npdes_points": 1,
    "pixel_col": 274.0,
    "pixel_row": 411.0,
    "population_density": 870.4,
    "position_along": 0.5,
    "protected_area_score": 10.9564,
    "rank": 31,
    "road_access_m": 158.7,
    "road_access_score": 1.0,
    "road_density_km_km2": 8.735,
    "robustness_pct": 0.0,
    "runoff_coeff_C": 0.3267,
    "seasonal_cv": 0.4745,
    "segment_id": 13,
    "segment_length_m": 2904.7027,
    "stream_order": 3,
    "superfund_score": 0.0196,
    "tourism_amenity_density": 1.1937,
    "tri_facility_density": 0.0,
    "usgs_mean_q_cfs": 12.29,
    "velocity_feasibility": 0.7,
    "water_intake_score": 0.9206
   },
   "type": "Feature"
  },
  {
   "geometry": {
    "coordinates": [
     -78.959599,
     35.002106
    ],
    "type": "Point"
   },
   "properties": {
    "accumulation": 97069.0,
    "bank_slope_deg": 3.01,
    "bank_slope_score": 1.0,
    "beach_dist_km": 138.62,
    "bridge_proximity_bonus": 0.0,
    "catchment_area_km2": 9.692,
    "channel_width_m": 5.06,
    "channel_width_score": 1.0,
    "composite_score": 39.5694,
    "cso_density": 0.0,
    "ej_index": 0.5493,
    "elevation_m": 38.9571,
    "estuary_dist_km": 264.98,
    "feasibility_score": 58.0357,
    "flood_q10_cfs": 862.87,
    "flow_score": 35.7548,
    "flow_velocity_ms": 0.1348,
    "generation_score": 47.7371,
    "impact_score": 25.3475,
    "impervious_pct": 36.57,
    "land_ownership": 0.5,
    "lat": 35.0021,
    "litter_complaint_density": 0.0,
    "lon": -78.9596,
    "navigable_dist_m": 9497.8,
    "npdes_points": 1,
    "pixel_col": 428.0,
    "pixel_row": 1436.0,
    "population_density": 884.6,
    "position_along": 0.25,
    "protected_area_score": 9.814,
    "rank": 32,
    "road_access_m": 159.3,
    "road_access_score": 1.0,
    "road_density_km_km2": 8.173,
    "robustness_pct": 0.0,
    "runoff_coeff_C": 0.3791,
    "seasonal_cv": 0.4536,
    "segment_id": 67,
    "segment_length_m": 3703.6221,
    "stream_order": 3,
    "superfund_score": 0.0193,
    "tourism_amenity_density": 0.4775,
    "tri_facility_density": 0.0,
    "usgs_mean_q_cfs": 7.996,
    "velocity_feasibility": 0.7,
    "water_intake_score": 0.7798
   },
   "type": "Feature"
  },
  {
   "geometry": {
    "coordinates": [
     -78.944666,
     34.981556
    ],
    "type": "Point"
   },
   "properties": {
    "accumulation": 238413.0,
    "bank_slope_deg": 0.41,
    "bank_slope_score": 1.0,
    "beach_dist_km": 136.13,
    "bridge_proximity_bonus": 0.0,
    "catchment_area_km2": 23.8047,
    "channel_width_m": 7.02,
    "channel_width_score": 1.0,
    "composite_score": 39.5059,
    "cso_density": 0.0,
    "ej_index": 0.4722,
    "elevation_m": 31.6705,
    "estuary_dist_km": 263.71,
    "feasibility_score": 71.875,
    "flood_q10_cfs": 632.25,
    "flow_score": 52.005,
    "flow_velocity_ms": 0.5,
    "generation_score": 28.3469,
    "impact_score": 24.0646,
    "impervious_pct": null,
    "land_ownership": 1.0,
    "lat": 34.9816,
    "litter_complaint_density": 0.0,
    "lon": -78.9447,
    "navigable_dist_m": 8687.6,
    "npdes_points": 4,
    "pixel_col": 571.0,
    "pixel_row": 1661.0,
    "population_density": 792.0,
    "position_along": 0.5,
    "protected_area_score": 9.5349,
    "rank": 33,
    "road_access_m": 472.6,
    "road_access_score": 0.8,
    "road_density_km_km2": 4.243,
    "robustness_pct": 0.0,
    "runoff_coeff_C": null,
    "seasonal_cv": null,
    "segment_id": 80,
    "segment_length_m": 1237.5773,
    "stream_order": 3,
    "superfund_score": 0.0151,
    "tourism_amenity_density": 1.2732,
    "tri_facility_density": 0.0,
    "usgs_mean_q_cfs": null,
    "velocity_feasibility": 1.0,
    "water_intake_score": 0.7094
   },
   "type": "Feature"
  },
  {
   "geometry": {
    "coordinates": [
     -78.896001,
     35.108093
    ],
    "type": "Point"
   },
   "properties": {
    "accumulation": 23714.0,
    "bank_slope_deg": 0.7,
    "bank_slope_score": 1.0,
    "beach_dist_km": 142.15,
    "bridge_proximity_bonus": 0.0,
    "catchment_area_km2": 2.3678,
    "channel_width_m": 3.04,
    "channel_width_score": 1.0,
    "composite_score": 39.4988,
    "cso_density": 0.0,
    "ej_index": 0.4138,
    "elevation_m": 42.7162,
    "estuary_dist_km": 259.05,
    "feasibility_score": 43.75,
    "flood_q10_cfs": 307.58,
    "flow_score": 23.1074,
    "flow_velocity_ms": 0.0421,
    "generation_score": 45.9001,
    "impact_score": 44.6315,
    "impervious_pct": 28.6,
    "land_ownership": 0.5,
    "lat": 35.1081,
    "litter_complaint_density": 0.0,
    "lon": -78.896,
    "navigable_dist_m": 7686.1,
    "npdes_points": 1,
    "pixel_col": 985.0,
    "pixel_row": 248.0,
    "population_density": 973.1,
    "position_along": 0.5,
    "protected_area_score": 12.7768,
    "rank": 34,
    "road_access_m": 79.2,
    "road_access_score": 1.0,
    "road_density_km_km2": 9.16,
    "robustness_pct": 0.0,
    "runoff_coeff_C": 0.3074,
    "seasonal_cv": 0.4394,
    "segment_id": 7,
    "segment_length_m": 1100.6976,
    "stream_order": 3,
    "superfund_score": 0.0372,
    "tourism_amenity_density": 1.9894,
    "tri_facility_density": 0.0,
    "usgs_mean_q_cfs": 3.08,
    "velocity_feasibility": 0.3,
    "water_intake_score": 1.4231
   },
   "type": "Feature"
  },
  {
   "geometry": {
    "coordinates": [
     -78.972754,
     35.045899
    ],
    "type": "Point"
   },
   "properties": {
    "accumulation": 29636.0,
    "bank_slope_deg": 0.74,
    "bank_slope_score": 1.0,
    "beach_dist_km": 142.65,
    "bridge_proximity_bonus": 0.0,
    "catchment_area_km2": 2.9591,
    "channel_width_m": 3.29,
    "channel_width_score": 1.0,
    "composite_score": 39.4485,
    "cso_density": 0.0,
    "ej_index": 0.7019,
    "elevation_m": 45.2789,
    "estuary_dist_km": 266.06,
    "feasibility_score": 58.0357,
    "flood_q10_cfs": 430.38,
    "flow_score": 26.8712,
    "flow_velocity_ms": 0.1249,
    "generation_score": 47.074,
    "impact_score": 33.0104,
    "impervious_pct": 37.29,
    "land_ownership": 0.5,
    "lat": 35.0459,
    "litter_complaint_density": 0.0,
    "lon": -78.9728,
    "navigable_dist_m": 10303.4,
    "npdes_points": 0,
    "pixel_col": 295.0,
    "pixel_row": 951.0,
    "population_density": 1059.2,
    "position_along": 0.5,
    "protected_area_score": 11.0545,
    "rank": 35,
    "road_access_m": 111.3,
    "road_access_score": 1.0,
    "road_density_km_km2": 6.808,
    "robustness_pct": 0.0,
    "runoff_coeff_C": 0.3856,
    "seasonal_cv": 0.4226,
    "segment_id": 46,
    "segment_length_m": 1108.9756,
    "stream_order": 3,
    "superfund_score": 0.027,
    "tourism_amenity_density": 2.1486,
    "tri_facility_density": 0.0,
    "usgs_mean_q_cfs": 1.988,
    "velocity_feasibility": 0.7,
    "water_intake_score": 0.9107
   },
   "type": "Feature"
  },
  {
   "geometry": {
    "coordinates": [
     -78.909324,
     35.036084
    ],
    "type": "Point"
   },
   "properties": {
    "accumulation": 27650.0,
    "bank_slope_deg": 0.54,
    "bank_slope_score": 1.0,
    "beach_dist_km": 137.58,
    "bridge_proximity_bonus": 0.0,
    "catchment_area_km2": 2.7608,
    "channel_width_m": 3.21,
    "channel_width_score": 1.0,
    "composite_score": 39.4256,
    "cso_density": 0.0,
    "ej_index": 0.227,
    "elevation_m": 36.6846,
    "estuary_dist_km": 260.3,
    "feasibility_score": 58.0357,
    "flood_q10_cfs": 493.09,
    "flow_score": 13.6698,
    "flow_velocity_ms": 0.1177,
    "generation_score": 49.9807,
    "impact_score": 41.0286,
    "impervious_pct": 44.93,
    "land_ownership": 0.5,
    "lat": 35.0361,
    "litter_complaint_density": 0.0,
    "lon": -78.9093,
    "navigable_dist_m": 4481.7,
    "npdes_points": 1,
    "pixel_col": 881.0,
    "pixel_row": 1048.0,
    "population_density": 767.3,
    "position_along": 0.5,
    "protected_area_score": 13.1389,
    "rank": 36,
    "road_access_m": 86.9,
    "road_access_score": 1.0,
    "road_density_km_km2": 7.78,
    "robustness_pct": 0.0,
    "runoff_coeff_C": 0.4544,
    "seasonal_cv": 0.4255,
    "segment_id": 49,
    "segment_length_m": 1594.8764,
    "stream_order": 1,
    "superfund_score": 0.0429,
    "tourism_amenity_density": 3.7401,
    "tri_facility_density": 0.0,
    "usgs_mean_q_cfs": 1.418,
    "velocity_feasibility": 0.7,
    "water_intake_score": 1.287
   },
   "type": "Feature"
  },
  {
   "geometry": {
    "coordinates": [
     -78.927395,
     35.084949
    ],
    "type": "Point"
   },
   "properties": {
    "accumulation": 24083.0,
    "bank_slope_deg": 0.9,
    "bank_slope_score": 1.0,
    "beach_dist_km": 142.44,
    "bridge_proximity_bonus": 0.0,
    "catchment_area_km2": 2.4046,
    "channel_width_m": 3.05,
    "channel_width_score": 1.0,
    "composite_score": 39.3081,
    "cso_density": 0.0,
    "ej_index": 0.5655,
    "elevation_m": 45.3463,
    "estuary_dist_km": 261.89,
    "feasibility_score": 43.75,
    "flood_q10_cfs": 346.38,
    "flow_score": 23.2824,
    "flow_velocity_ms": 0.0432,
    "generation_score": 42.8011,
    "impact_score": 46.9489,
    "impervious_pct": 33.31,
    "land_ownership": 0.5,
    "lat": 35.0849,
    "litter_complaint_density": 0.0,
    "lon": -78.9274,
    "navigable_dist_m": 7626.4,
    "npdes_points": 0,
    "pixel_col": 705.0,
    "pixel_row": 509.0,
    "population_density": 859.9,
    "position_along": 0.5,
    "protected_area_score": 13.3246,
    "rank": 37,
    "road_access_m": 115.7,
    "road_access_score": 1.0,
    "road_density_km_km2": 8.108,
    "robustness_pct": 0.0,
    "runoff_coeff_C": 0.3498,
    "seasonal_cv": 0.419,
    "segment_id": 27,
    "segment_length_m": 1303.9729,
    "stream_order": 3,
    "superfund_score": 0.0323,
    "tourism_amenity_density": 2.3873,
    "tri_facility_density": 0.0,
    "usgs_mean_q_cfs": 1.03,
    "velocity_feasibility": 0.3,
    "water_intake_score": 1.3696
   },
   "type": "Feature"
  },
  {
   "geometry": {
    "coordinates": [
     -78.924277,
     35.06185
    ],
    "type": "Point"
   },
   "properties": {
    "accumulation": 30349.0,
    "bank_slope_deg": 3.47,
    "bank_slope_score": 1.0,
    "beach_dist_km": 140.5,
    "bridge_proximity_bonus": 0.0,
    "catchment_area_km2": 3.0302,
    "channel_width_m": 3.32,
    "channel_width_score": 1.0,
    "composite_score": 39.2889,
    "cso_density": 0.0,
    "ej_index": 0.1154,
    "elevation_m": 43.6411,
    "estuary_dist_km": 261.62,
    "feasibility_score": 43.75,
    "flood_q10_cfs": 387.11,
    "flow_score": 23.9346,
    "flow_velocity_ms": 0.0454,
    "generation_score": 48.4415,
    "impact_score": 40.7009,
    "impervious_pct": 32.12,
    "land_ownership": 0.5,
    "lat": 35.0618,
    "litter_complaint_density": 0.0,
    "lon": -78.9243,
    "navigable_dist_m": 6255.9,
    "npdes_points": 2,
    "pixel_col": 738.0,
    "pixel_row": 765.0,
    "population_density": 884.5,
    "position_along": 0.5,
    "protected_area_score": 13.7441,
    "rank": 38,
    "road_access_m": 99.4,
    "road_access_score": 1.0,
    "road_density_km_km2": 8.758,
    "robustness_pct": 0.0,
    "runoff_coeff_C": 0.3391,
    "seasonal_cv": 0.43,
    "segment_id": 33,
    "segment_length_m": 2274.4762,
    "stream_order": 3,
    "superfund_score": 0.0399,
    "tourism_amenity_density": 5.4908,
    "tri_facility_density": 0.0,
    "usgs_mean_q_cfs": 1.762,
    "velocity_feasibility": 0.3,
    "water_intake_score": 1.4119
   },
   "type": "Feature"
  },
  {
   "geometry": {
    "coordinates": [
     -78.965442,
     35.084384
    ],
    "type": "Point"
   },
   "properties": {
    "accumulation": 33862.0,
    "bank_slope_deg": 7.61,
    "bank_slope_score": 1.0,
    "beach_dist_km": 144.96,
    "bridge_proximity_bonus": 0.0,
    "catchment_area_km2": 3.381,
    "channel_width_m": 3.45,
    "channel_width_score": 1.0,
    "composite_score": 39.2439,
    "cso_density": 0.0,
    "ej_index": 0.662,
    "elevation_m": 57.1806,
    "estuary_dist_km": 265.35,
    "feasibility_score": 58.0357,
    "flood_q10_cfs": 400.46,
    "flow_score": 33.0543,
    "flow_velocity_ms": 0.21,
    "generation_score": 39.896,
    "impact_score": 34.3538,
    "impervious_pct": 30.75,
    "land_ownership": 0.5,
    "lat": 35.0844,
    "litter_complaint_density": 0.0,
    "lon": -78.9654,
    "navigable_dist_m": 10645.5,
    "npdes_points": 0,
    "pixel_col": 354.0,
    "pixel_row": 520.0,
    "population_density": 842.7,
    "position_along": 0.5,
    "protected_area_score": 11.407,
    "rank": 39,
    "road_access_m": 78.7,
    "road_access_score": 1.0,
    "road_density_km_km2": 7.129,
    "robustness_pct": 0.0,
    "runoff_coeff_C": 0.3267,
    "seasonal_cv": 0.4745,
    "segment_id": 22,
    "segment_length_m": 785.3764,
    "stream_order": 3,
    "superfund_score": 0.0213,
    "tourism_amenity_density": 2.8648,
    "tri_facility_density": 0.0,
    "usgs_mean_q_cfs": 12.29,
    "velocity_feasibility": 0.7,
    "water_intake_score": 1.0078
   },
   "type": "Feature"
  },
  {
   "geometry": {
    "coordinates": [
     -78.956978,
     34.988619
    ],
    "type": "Point"
   },
   "properties": {
    "accumulation": 122264.0,
    "bank_slope_deg": 3.79,
    "bank_slope_score": 1.0,
    "beach_dist_km": 137.49,
    "bridge_proximity_bonus": 0.0,
    "catchment_area_km2": 12.2076,
    "channel_width_m": 5.51,
    "channel_width_score": 1.0,
    "composite_score": 39.0315,
    "cso_density": 0.0,
    "ej_index": 0.4721,
    "elevation_m": 33.5126,
    "estuary_dist_km": 264.8,
    "feasibility_score": 58.0357,
    "flood_q10_cfs": 968.76,
    "flow_score": 36.0704,
    "flow_velocity_ms": 0.0633,
    "generation_score": 48.813,
    "impact_score": 22.2153,
    "impervious_pct": 35.59,
    "land_ownership": 0.5,
    "lat": 34.9886,
    "litter_complaint_density": 0.0,
    "lon": -78.957,
    "navigable_dist_m": 9684.7,
    "npdes_points": 4,
    "pixel_col": 455.0,
    "pixel_row": 1585.0,
    "population_density": 714.1,
    "position_along": 0.75,
    "protected_area_score": 9.5166,
    "rank": 40,
    "road_access_m": 139.5,
    "road_access_score": 1.0,
    "road_density_km_km2": 5.556,
    "robustness_pct": 0.0,
    "runoff_coeff_C": 0.3703,
    "seasonal_cv": 0.455,
    "segment_id": 67,
    "segment_length_m": 3703.6221,
    "stream_order": 3,
    "superfund_score": 0.0175,
    "tourism_amenity_density": 0.6366,
    "tri_facility_density": 0.0,
    "usgs_mean_q_cfs": 8.526,
    "velocity_feasibility": 0.7,
    "water_intake_score": 0.7131
   },
   "type": "Feature"
  },
  {
   "geometry": {
    "coordinates": [
     -78.862662,
     35.079552
    ],
    "type": "Point"
   },
   "properties": {
    "accumulation": 28626.0,
    "bank_slope_deg": 0.38,
    "bank_slope_score": 1.0,
    "beach_dist_km": 137.76,
    "bridge_proximity_bonus": 0.0,
    "catchment_area_km2": 2.8582,
    "channel_width_m": 3.25,
    "channel_width_score": 1.0,
    "composite_score": 38.8894,
    "cso_density": 0.0,
    "ej_index": 0.6613,
    "elevation_m": 13.0678,
    "estuary_dist_km": 256.0,
    "feasibility_score": 53.125,
    "flood_q10_cfs": 177.09,
    "flow_score": 40.5751,
    "flow_velocity_ms": 0.5,
    "generation_score": 3.5345,
    "impact_score": 65.7216,
    "impervious_pct": null,
    "land_ownership": 0.5,
    "lat": 35.0796,
    "litter_complaint_density": 0.0,
    "lon": -78.8627,
    "navigable_dist_m": 3733.8,
    "npdes_points": 0,
    "pixel_col": 1295.0,
    "pixel_row": 558.0,
    "population_density": 169.7,
    "position_along": 0.5,
    "protected_area_score": 13.4778,
    "rank": 41,
    "road_access_m": 361.2,
    "road_access_score": 0.8,
    "road_density_km_km2": 1.173,
    "robustness_pct": 0.0,
    "runoff_coeff_C": null,
    "seasonal_cv": null,
    "segment_id": 19,
    "segment_length_m": 2236.2213,
    "stream_order": 3,
    "superfund_score": 0.2377,
    "tourism_amenity_density": 1.9894,
    "tri_facility_density": 0.0,
    "usgs_mean_q_cfs": null,
    "velocity_feasibility": 1.0,
    "water_intake_score": 1.7806
   },
   "type": "Feature"
  },
  {
   "geometry": {
    "coordinates": [
     -78.890314,
     35.108617
    ],
    "type": "Point"
   },
   "properties": {
    "accumulation": 26112.0,
    "bank_slope_deg": 0.62,
    "bank_slope_score": 1.0,
    "beach_dist_km": 141.82,
    "bridge_proximity_bonus": 0.0,
    "catchment_area_km2": 2.6072,
    "channel_width_m": 3.14,
    "channel_width_score": 1.0,
    "composite_score": 38.4292,
    "cso_density": 0.0,
    "ej_index": 0.3932,
    "elevation_m": 42.5844,
    "estuary_dist_km": 258.53,
    "feasibility_score": 43.75,
    "flood_q10_cfs": 346.77,
    "flow_score": 23.3599,
    "flow_velocity_ms": 0.0437,
    "generation_score": 41.2726,
    "impact_score": 45.483,
    "impervious_pct": 31.27,
    "land_ownership": 0.5,
    "lat": 35.1086,
    "litter_complaint_density": 0.0,
    "lon": -78.8903,
    "navigable_dist_m": 7522.9,
    "npdes_points": 0,
    "pixel_col": 1035.0,
    "pixel_row": 241.0,
    "population_density": 890.5,
    "position_along": 0.5,
    "protected_area_score": 12.777,
    "rank": 42,
    "road_access_m": 62.4,
    "road_access_score": 1.0,
    "road_density_km_km2": 7.332,
    "robustness_pct": 0.0,
    "runoff_coeff_C": 0.3314,
    "seasonal_cv": 0.4247,
    "segment_id": 5,
    "segment_length_m": 1254.4273,
    "stream_order": 3,
    "superfund_score": 0.0394,
    "tourism_amenity_density": 2.9444,
    "tri_facility_density": 0.0,
    "usgs_mean_q_cfs": 1.653,
    "velocity_feasibility": 0.3,
    "water_intake_score": 1.4332
   },
   "type": "Feature"
  },
  {
   "geometry": {
    "coordinates": [
     -78.942744,
     35.007378
    ],
    "type": "Point"
   },
   "properties": {
    "accumulation": 37847.0,
    "bank_slope_deg": 0.39,
    "bank_slope_score": 1.0,
    "beach_dist_km": 137.81,
    "bridge_proximity_bonus": 0.0,
    "catchment_area_km2": 3.7789,
    "channel_width_m": 3.6,
    "channel_width_score": 1.0,
    "composite_score": 38.04,
    "cso_density": 0.0,
    "ej_index": 0.6102,
    "elevation_m": 43.9297,
    "estuary_dist_km": 263.43,
    "feasibility_score": 58.0357,
    "flood_q10_cfs": 442.09,
    "flow_score": 26.6333,
    "flow_velocity_ms": 0.1143,
    "generation_score": 44.0609,
    "impact_score": 31.527,
    "impervious_pct": 32.13,
    "land_ownership": 0.5,
    "lat": 35.0074,
    "litter_complaint_density": 0.0,
    "lon": -78.9427,
    "navigable_dist_m": 7861.6,
    "npdes_points": 0,
    "pixel_col": 578.0,
    "pixel_row": 1373.0,
    "population_density": 967.1,
    "position_along": 0.5,
    "protected_area_score": 10.5055,
    "rank": 43,
    "road_access_m": 71.5,
    "road_access_score": 1.0,
    "road_density_km_km2": 8.144,
    "robustness_pct": 0.0,
    "runoff_coeff_C": 0.3392,
    "seasonal_cv": 0.4203,
    "segment_id": 66,
    "segment_length_m": 2076.9325,
    "stream_order": 3,
    "superfund_score": 0.0188,
    "tourism_amenity_density": 0.0796,
    "tri_facility_density": 0.0,
    "usgs_mean_q_cfs": 2.329,
    "velocity_feasibility": 0.7,
    "water_intake_score": 0.8705
   },
   "type": "Feature"
  },
  {
   "geometry": {
    "coordinates": [
     -78.897097,
     34.988807
    ],
    "type": "Point"
   },
   "properties": {
    "accumulation": 26849.0,
    "bank_slope_deg": 1.64,
    "bank_slope_score": 1.0,
    "beach_dist_km": 133.29,
    "bridge_proximity_bonus": 0.0,
    "catchment_area_km2": 2.6808,
    "channel_width_m": 3.18,
    "channel_width_score": 1.0,
    "composite_score": 37.8746,
    "cso_density": 0.0,
    "ej_index": 0.3834,
    "elevation_m": 42.0582,
    "estuary_dist_km": 259.35,
    "feasibility_score": 58.0357,
    "flood_q10_cfs": 347.73,
    "flow_score": 26.107,
    "flow_velocity_ms": 0.1254,
    "generation_score": 46.5041,
    "impact_score": 28.9708,
    "impervious_pct": 30.67,
    "land_ownership": 0.5,
    "lat": 34.9888,
    "litter_complaint_density": 0.0,
    "lon": -78.8971,
    "navigable_dist_m": 4280.1,
    "npdes_points": 0,
    "pixel_col": 1002.0,
    "pixel_row": 1572.0,
    "population_density": 205.8,
    "position_along": 0.5,
    "protected_area_score": 9.6874,
    "rank": 44,
    "road_access_m": 188.9,
    "road_access_score": 1.0,
    "road_density_km_km2": 6.772,
    "robustness_pct": 0.0,
    "runoff_coeff_C": 0.326,
    "seasonal_cv": 0.4186,
    "segment_id": 74,
    "segment_length_m": 922.5502,
    "stream_order": 3,
    "superfund_score": 0.0161,
    "tourism_amenity_density": 0.3979,
    "tri_facility_density": 0.373,
    "usgs_mean_q_cfs": 3.267,
    "velocity_feasibility": 0.7,
    "water_intake_score": 0.8608
   },
   "type": "Feature"
  },
  {
   "geometry": {
    "coordinates": [
     -78.952999,
     35.056017
    ],
    "type": "Point"
   },
   "properties": {
    "accumulation": 20243.0,
    "bank_slope_deg": 1.31,
    "bank_slope_score": 1.0,
    "beach_dist_km": 142.03,
    "bridge_proximity_bonus": 0.0,
    "catchment_area_km2": 2.0212,
    "channel_width_m": 2.87,
    "channel_width_score": 1.0,
    "composite_score": 37.1916,
    "cso_density": 0.0,
    "ej_index": 0.3663,
    "elevation_m": 60.1616,
    "estuary_dist_km": 264.24,
    "feasibility_score": 43.75,
    "flood_q10_cfs": 398.12,
    "flow_score": 11.7871,
    "flow_velocity_ms": 0.0405,
    "generation_score": 60.12,
    "impact_score": 32.1542,
    "impervious_pct": 43.78,
    "land_ownership": 0.5,
    "lat": 35.056,
    "litter_complaint_density": 0.0,
    "lon": -78.953,
    "navigable_dist_m": 8665.0,
    "npdes_points": 0,
    "pixel_col": 476.0,
    "pixel_row": 836.0,
    "population_density": 1293.4,
    "position_along": 0.5,
    "protected_area_score": 11.9453,
    "rank": 45,
    "road_access_m": 81.7,
    "road_access_score": 1.0,
    "road_density_km_km2": 11.28,
    "robustness_pct": 0.0,
    "runoff_coeff_C": 0.444,
    "seasonal_cv": 0.433,
    "segment_id": 40,
    "segment_length_m": 19.9846,
    "stream_order": 1,
    "superfund_score": 0.0249,
    "tourism_amenity_density": 2.6261,
    "tri_facility_density": 0.0,
    "usgs_mean_q_cfs": 3.389,
    "velocity_feasibility": 0.3,
    "water_intake_score": 1.1018
   },
   "type": "Feature"
  },
  {
   "geometry": {
    "coordinates": [
     -78.917193,
     35.112269
    ],
    "type": "Point"
   },
   "properties": {
    "accumulation": 27452.0,
    "bank_slope_deg": 0.21,
    "bank_slope_score": 1.0,
    "beach_dist_km": 143.85,
    "bridge_proximity_bonus": 0.0,
    "catchment_area_km2": 2.741,
    "channel_width_m": 3.2,
    "channel_width_score": 1.0,
    "composite_score": 37.0752,
    "cso_density": 0.0,
    "ej_index": 0.7646,
    "elevation_m": 43.6128,
    "estuary_dist_km": 260.98,
    "feasibility_score": 58.0357,
    "flood_q10_cfs": 246.09,
    "flow_score": 25.1713,
    "flow_velocity_ms": 0.1004,
    "generation_score": 27.2052,
    "impact_score": 46.3847,
    "impervious_pct": 15.23,
    "land_ownership": 0.5,
    "lat": 35.1123,
    "litter_complaint_density": 0.0,
    "lon": -78.9172,
    "navigable_dist_m": 9090.8,
    "npdes_points": 0,
    "pixel_col": 790.0,
    "pixel_row": 205.0,
    "population_density": 699.3,
    "position_along": 0.1667,
    "protected_area_score": 12.3224,
    "rank": 46,
    "road_access_m": 181.8,
    "road_access_score": 1.0,
    "road_density_km_km2": 6.01,
    "robustness_pct": 0.0,
    "runoff_coeff_C": 0.1871,
    "seasonal_cv": 0.4652,
    "segment_id": 2,
    "segment_length_m": 4799.5925,
    "stream_order": 3,
    "superfund_score": 0.0255,
    "tourism_amenity_density": 0.8754,
    "tri_facility_density": 0.0,
    "usgs_mean_q_cfs": 9.066,
    "velocity_feasibility": 0.7,
    "water_intake_score": 1.2663
   },
   "type": "Feature"
  },
  {
   "geometry": {
    "coordinates": [
     -78.843417,
     35.065007
    ],
    "type": "Point"
   },
   "properties": {
    "accumulation": 26379.0,
    "bank_slope_deg": 4.51,
    "bank_slope_score": 1.0,
    "beach_dist_km": 135.37,
    "bridge_proximity_bonus": 0.0,
    "catchment_area_km2": 2.6339,
    "channel_width_m": 3.16,
    "channel_width_score": 1.0,
    "composite_score": 36.9214,
    "cso_density": 0.0,
    "ej_index": 0.3997,
    "elevation_m": 25.5965,
    "estuary_dist_km": 254.26,
    "feasibility_score": 68.75,
    "flood_q10_cfs": 168.6,
    "flow_score": 26.4233,
    "flow_velocity_ms": 0.5,
    "generation_score": 8.5554,
    "impact_score": 58.1216,
    "impervious_pct": null,
    "land_ownership": 0.5,
    "lat": 35.065,
    "litter_complaint_density": 0.0,
    "lon": -78.8434,
    "navigable_dist_m": 2508.1,
    "npdes_points": 1,
    "pixel_col": 1476.0,
    "pixel_row": 716.0,
    "population_density": 52.4,
    "position_along": 0.25,
    "protected_area_score": 12.423,
    "rank": 47,
    "road_access_m": 130.7,
    "road_access_score": 1.0,
    "road_density_km_km2": 5.058,
    "robustness_pct": 0.0,
    "runoff_coeff_C": null,
    "seasonal_cv": null,
    "segment_id": 32,
    "segment_length_m": 3321.3674,
    "stream_order": 1,
    "superfund_score": 0.87,
    "tourism_amenity_density": 0.557,
    "tri_facility_density": 0.0,
    "usgs_mean_q_cfs": null,
    "velocity_feasibility": 1.0,
    "water_intake_score": 1.4742
   },
   "type": "Feature"
  },
  {
   "geometry": {
    "coordinates": [
     -78.84323,
     35.051782
    ],
    "type": "Point"
   },
   "properties": {
    "accumulation": 49499.0,
    "bank_slope_deg": 21.3,
    "bank_slope_score": 0.5,
    "beach_dist_km": 134.34,
    "bridge_proximity_bonus": 0.0,
    "catchment_area_km2": 4.9423,
    "channel_width_m": 3.97,
    "channel_width_score": 1.0,
    "composite_score": 36.8313,
    "cso_density": 0.0,
    "ej_index": 0.7576,
    "elevation_m": 22.5418,
    "estuary_dist_km": 254.26,
    "feasibility_score": 56.25,
    "flood_q10_cfs": 246.02,
    "flow_score": 27.9049,
    "flow_velocity_ms": 0.5,
    "generation_score": 12.6329,
    "impact_score": 58.759,
    "impervious_pct": null,
    "land_ownership": 0.5,
    "lat": 35.0518,
    "litter_complaint_density": 0.0,
    "lon": -78.8432,
    "navigable_dist_m": 1525.6,
    "npdes_points": 1,
    "pixel_col": 1479.0,
    "pixel_row": 862.0,
    "population_density": 183.6,
    "position_along": 0.75,
    "protected_area_score": 12.1638,
    "rank": 48,
    "road_access_m": 178.2,
    "road_access_score": 1.0,
    "road_density_km_km2": 6.571,
    "robustness_pct": 0.0,
    "runoff_coeff_C": null,
    "seasonal_cv": null,
    "segment_id": 32,
    "segment_length_m": 3321.3674,
    "stream_order": 1,
    "superfund_score": 0.1735,
    "tourism_amenity_density": 0.7162,
    "tri_facility_density": 0.0,
    "usgs_mean_q_cfs": null,
    "velocity_feasibility": 1.0,
    "water_intake_score": 1.3703
   },
   "type": "Feature"
  },
  {
   "geometry": {
    "coordinates": [
     -78.872143,
     35.024582
    ],
    "type": "Point"
   },
   "properties": {
    "accumulation": 107669.0,
    "bank_slope_deg": 0.63,
    "bank_slope_score": 1.0,
    "beach_dist_km": 134.2,
    "bridge_proximity_bonus": 0.2,
    "catchment_area_km2": 10.7504,
    "channel_width_m": 5.26,
    "channel_width_score": 1.0,
    "composite_score": 36.7702,
    "cso_density": 0.0,
    "ej_index": 0.4938,
    "elevation_m": 26.7421,
    "estuary_dist_km": 256.95,
    "feasibility_score": 54.9107,
    "flood_q10_cfs": 557.86,
    "flow_score": 29.4193,
    "flow_velocity_ms": 0.1574,
    "generation_score": 24.6932,
    "impact_score": 45.9028,
    "impervious_pct": 15.14,
    "land_ownership": 0.5,
    "lat": 35.0246,
    "litter_complaint_density": 0.0,
    "lon": -78.8721,
    "navigable_dist_m": 1175.5,
    "npdes_points": 0,
    "pixel_col": 1223.0,
    "pixel_row": 1170.0,
    "population_density": 117.3,
    "position_along": 0.5,
    "protected_area_score": 11.9741,
    "rank": 49,
    "road_access_m": 325.5,
    "road_access_score": 0.8,
    "road_density_km_km2": 4.876,
    "robustness_pct": 0.0,
    "runoff_coeff_C": 0.1863,
    "seasonal_cv": 0.43,
    "segment_id": 57,
    "segment_length_m": 42.3938,
    "stream_order": 3,
    "superfund_score": 0.043,
    "tourism_amenity_density": 1.3528,
    "tri_facility_density": 0.186,
    "usgs_mean_q_cfs": 3.027,
    "velocity_feasibility": 0.7,
    "water_intake_score": 1.2043
   },
   "type": "Feature"
  },
  {
   "geometry": {
    "coordinates": [
     -78.9872,
     35.068663
    ],
    "type": "Point"
   },
   "properties": {
    "accumulation": 55019.0,
    "bank_slope_deg": 0.42,
    "bank_slope_score": 1.0,
    "beach_dist_km": 145.3,
    "bridge_proximity_bonus": 0.0,
    "catchment_area_km2": 5.4935,
    "channel_width_m": 4.12,
    "channel_width_score": 1.0,
    "composite_score": 36.7533,
    "cso_density": 0.0,
    "ej_index": 0.5809,
    "elevation_m": 48.4562,
    "estuary_dist_km": 267.34,
    "feasibility_score": 58.0357,
    "flood_q10_cfs": 465.06,
    "flow_score": 25.5439,
    "flow_velocity_ms": 0.0522,
    "generation_score": 46.9369,
    "impact_score": 25.2699,
    "impervious_pct": 24.65,
    "land_ownership": 0.5,
    "lat": 35.0687,
    "litter_complaint_density": 0.0,
    "lon": -78.9872,
    "navigable_dist_m": 12007.4,
    "npdes_points": 0,
    "pixel_col": 162.0,
    "pixel_row": 702.0,
    "population_density": 1336.6,
    "position_along": 0.75,
    "protected_area_score": 10.565,
    "rank": 50,
    "road_access_m": 113.5,
    "road_access_score": 1.0,
    "road_density_km_km2": 8.681,
    "robustness_pct": 0.0,
    "runoff_coeff_C": 0.2718,
    "seasonal_cv": 0.4378,
    "segment_id": 24,
    "segment_length_m": 3652.9504,
    "stream_order": 3,
    "superfund_score": 0.0298,
    "tourism_amenity_density": 2.069,
    "tri_facility_density": 0.0,
    "usgs_mean_q_cfs": 3.528,
    "velocity_feasibility": 0.7,
    "water_intake_score": 0.8504
   },
   "type": "Feature"
  },
  {
   "geometry": {
    "coordinates": [
     -78.832336,
     35.010976
    ],
    "type": "Point"
   },
   "properties": {
    "accumulation": 172136.0,
    "bank_slope_deg": 2.94,
    "bank_slope_score": 1.0,
    "beach_dist_km": 130.51,
    "bridge_proximity_bonus": 0.2,
    "catchment_area_km2": 17.1872,
    "channel_width_m": 6.23,
    "channel_width_score": 1.0,
    "composite_score": 35.7507,
    "cso_density": 0.0,
    "ej_index": 0.3353,
    "elevation_m": 23.8647,
    "estuary_dist_km": 253.37,
    "feasibility_score": 70.5357,
    "flood_q10_cfs": 576.24,
    "flow_score": 33.8058,
    "flow_velocity_ms": 0.0686,
    "generation_score": 16.6124,
    "impact_score": 39.1174,
    "impervious_pct": 4.42,
    "land_ownership": 0.5,
    "lat": 35.011,
    "litter_complaint_density": 0.0,
    "lon": -78.8323,
    "navigable_dist_m": 1813.4,
    "npdes_points": 3,
    "pixel_col": 1587.0,
    "pixel_row": 1313.0,
    "population_density": 88.0,
    "position_along": 0.7,
    "protected_area_score": 10.4965,
    "rank": 51,
    "road_access_m": 137.9,
    "road_access_score": 1.0,
    "road_density_km_km2": 2.416,
    "robustness_pct": 0.0,
    "runoff_coeff_C": 0.0898,
    "seasonal_cv": 0.4589,
    "segment_id": 44,
    "segment_length_m": 8601.8394,
    "stream_order": 3,
    "superfund_score": 0.0253,
    "tourism_amenity_density": 3.2627,
    "tri_facility_density": 0.0582,
    "usgs_mean_q_cfs": 13.528,
    "velocity_feasibility": 0.7,
    "water_intake_score": 0.9585
   },
   "type": "Feature"
  },
  {
   "geometry": {
    "coordinates": [
     -78.812583,
     35.030864
    ],
    "type": "Point"
   },
   "properties": {
    "accumulation": 139028.0,
    "bank_slope_deg": 0.45,
    "bank_slope_score": 1.0,
    "beach_dist_km": 130.72,
    "bridge_proximity_bonus": 0.0,
    "catchment_area_km2": 13.8815,
    "channel_width_m": 5.77,
    "channel_width_score": 1.0,
    "composite_score": 35.2032,
    "cso_density": 0.0,
    "ej_index": 0.5216,
    "elevation_m": 26.8829,
    "estuary_dist_km": 251.51,
    "feasibility_score": 53.125,
    "flood_q10_cfs": 457.36,
    "flow_score": 46.9219,
    "flow_velocity_ms": 0.5,
    "generation_score": 8.7049,
    "impact_score": 42.9751,
    "impervious_pct": null,
    "land_ownership": 0.5,
    "lat": 35.0309,
    "litter_complaint_density": 0.0,
    "lon": -78.8126,
    "navigable_dist_m": 4274.9,
    "npdes_points": 1,
    "pixel_col": 1761.0,
    "pixel_row": 1087.0,
    "population_density": 141.9,
    "position_along": 0.3,
    "protected_area_score": 10.1798,
    "rank": 52,
    "road_access_m": 353.1,
    "road_access_score": 0.8,
    "road_density_km_km2": 3.831,
    "robustness_pct": 0.0,
    "runoff_coeff_C": null,
    "seasonal_cv": null,
    "segment_id": 44,
    "segment_length_m": 8601.8394,
    "stream_order": 3,
    "superfund_score": 0.034,
    "tourism_amenity_density": 0.0796,
    "tri_facility_density": 0.0,
    "usgs_mean_q_cfs": null,
    "velocity_feasibility": 1.0,
    "water_intake_score": 0.9996
   },
   "type": "Feature"
  },
  {
   "geometry": {
    "coordinates": [
     -78.85582,
     35.072155
    ],
    "type": "Point"
   },
   "properties": {
    "accumulation": 43884.0,
    "bank_slope_deg": 1.04,
    "bank_slope_score": 1.0,
    "beach_dist_km": 136.74,
    "bridge_proximity_bonus": 0.0,
    "catchment_area_km2": 4.3817,
    "channel_width_m": 3.8,
    "channel_width_score": 1.0,
    "composite_score": 35.0437,
    "cso_density": 0.0,
    "ej_index": 0.6131,
    "elevation_m": 12.5805,
    "estuary_dist_km": 255.38,
    "feasibility_score": 37.5,
    "flood_q10_cfs": 228.87,
    "flow_score": 41.5585,
    "flow_velocity_ms": 0.5,
    "generation_score": 1.0233,
    "impact_score": 62.407,
    "impervious_pct": null,
    "land_ownership": 0.5,
    "lat": 35.0722,
    "litter_complaint_density": 0.0,
    "lon": -78.8558,
    "navigable_dist_m": 2903.2,
    "npdes_points": 0,
    "pixel_col": 1359.0,
    "pixel_row": 639.0,
    "population_density": 66.0,
    "position_along": 0.5,
    "protected_area_score": 13.2692,
    "rank": 53,
    "road_access_m": 968.5,
    "road_access_score": 0.6,
    "road_density_km_km2": 0.588,
    "robustness_pct": 0.0,
    "runoff_coeff_C": null,
    "seasonal_cv": null,
    "segment_id": 30,
    "segment_length_m": 90.641,
    "stream_order": 3,
    "superfund_score": 0.2174,
    "tourism_amenity_density": 1.9894,
    "tri_facility_density": 0.0,
    "usgs_mean_q_cfs": null,
    "velocity_feasibility": 1.0,
    "water_intake_score": 1.656
   },
   "type": "Feature"
  },
  {
   "geometry": {
    "coordinates": [
     -78.98156,
     35.028894
    ],
    "type": "Point"
   },
   "properties": {
    "accumulation": 31071.0,
    "bank_slope_deg": 0.07,
    "bank_slope_score": 1.0,
    "beach_dist_km": 142.06,
    "bridge_proximity_bonus": 0.0,
    "catchment_area_km2": 3.1023,
    "channel_width_m": 3.35,
    "channel_width_score": 1.0,
    "composite_score": 34.509,
    "cso_density": 0.0,
    "ej_index": 0.4303,
    "elevation_m": 47.0903,
    "estuary_dist_km": 266.9,
    "feasibility_score": 58.0357,
    "flood_q10_cfs": 333.71,
    "flow_score": 26.7095,
    "flow_velocity_ms": 0.1845,
    "generation_score": 42.8106,
    "impact_score": 20.9436,
    "impervious_pct": 25.13,
    "land_ownership": 0.5,
    "lat": 35.0289,
    "litter_complaint_density": 0.0,
    "lon": -78.9816,
    "navigable_dist_m": 11099.0,
    "npdes_points": 0,
    "pixel_col": 223.0,
    "pixel_row": 1143.0,
    "population_density": 1066.0,
    "position_along": 0.5,
    "protected_area_score": 10.3508,
    "rank": 54,
    "road_access_m": 78.9,
    "road_access_score": 1.0,
    "road_density_km_km2": 9.002,
    "robustness_pct": 0.0,
    "runoff_coeff_C": 0.2762,
    "seasonal_cv": 0.4229,
    "segment_id": 50,
    "segment_length_m": 2957.5049,
    "stream_order": 3,
    "superfund_score": 0.028,
    "tourism_amenity_density": 0.6366,
    "tri_facility_density": 0.0,
    "usgs_mean_q_cfs": 2.755,
    "velocity_feasibility": 0.7,
    "water_intake_score": 0.7944
   },
   "type": "Feature"
  },
  {
   "geometry": {
    "coordinates": [
     -78.993336,
     35.015072
    ],
    "type": "Point"
   },
   "properties": {
    "accumulation": 25368.0,
    "bank_slope_deg": 1.66,
    "bank_slope_score": 1.0,
    "beach_dist_km": 141.92,
    "bridge_proximity_bonus": 0.0,
    "catchment_area_km2": 2.5329,
    "channel_width_m": 3.11,
    "channel_width_score": 1.0,
    "composite_score": 34.2257,
    "cso_density": 0.0,
    "ej_index": 0.4168,
    "elevation_m": 47.2586,
    "estuary_dist_km": 268.01,
    "feasibility_score": 58.0357,
    "flood_q10_cfs": 305.87,
    "flow_score": 24.6873,
    "flow_velocity_ms": 0.1299,
    "generation_score": 44.9723,
    "impact_score": 19.5227,
    "impervious_pct": 26.62,
    "land_ownership": 0.5,
    "lat": 35.0151,
    "litter_complaint_density": 0.0,
    "lon": -78.9933,
    "navigable_dist_m": 12286.9,
    "npdes_points": 0,
    "pixel_col": 118.0,
    "pixel_row": 1298.0,
    "population_density": 1115.3,
    "position_along": 0.25,
    "protected_area_score": 9.4824,
    "rank": 55,
    "road_access_m": 98.2,
    "road_access_score": 1.0,
    "road_density_km_km2": 9.381,
    "robustness_pct": 0.0,
    "runoff_coeff_C": 0.2896,
    "seasonal_cv": 0.4158,
    "segment_id": 62,
    "segment_length_m": 3255.3878,
    "stream_order": 3,
    "superfund_score": 0.0296,
    "tourism_amenity_density": 6.3662,
    "tri_facility_density": 0.0,
    "usgs_mean_q_cfs": 1.984,
    "velocity_feasibility": 0.7,
    "water_intake_score": 0.6847
   },
   "type": "Feature"
  },
  {
   "geometry": {
    "coordinates": [
     -78.956812,
     34.984914
    ],
    "type": "Point"
   },
   "properties": {
    "accumulation": 72046.0,
    "bank_slope_deg": 1.54,
    "bank_slope_score": 1.0,
    "beach_dist_km": 137.22,
    "bridge_proximity_bonus": 0.0,
    "catchment_area_km2": 7.1935,
    "channel_width_m": 4.54,
    "channel_width_score": 1.0,
    "composite_score": 34.1696,
    "cso_density": 0.0,
    "ej_index": 0.4713,
    "elevation_m": 32.1282,
    "estuary_dist_km": 264.8,
    "feasibility_score": 68.75,
    "flood_q10_cfs": 308.21,
    "flow_score": 43.2414,
    "flow_velocity_ms": 0.5,
    "generation_score": 21.4158,
    "impact_score": 22.0735,
    "impervious_pct": null,
    "land_ownership": 0.5,
    "lat": 34.9849,
    "litter_complaint_density": 0.0,
    "lon": -78.9568,
    "navigable_dist_m": 9749.5,
    "npdes_points": 2,
    "pixel_col": 459.0,
    "pixel_row": 1626.0,
    "population_density": 698.0,
    "position_along": 0.8333,
    "protected_area_score": 9.5555,
    "rank": 56,
    "road_access_m": 59.9,
    "road_access_score": 1.0,
    "road_density_km_km2": 4.119,
    "robustness_pct": 0.0,
    "runoff_coeff_C": null,
    "seasonal_cv": null,
    "segment_id": 79,
    "segment_length_m": 4655.8552,
    "stream_order": 3,
    "superfund_score": 0.0171,
    "tourism_amenity_density": 0.7958,
    "tri_facility_density": 0.0,
    "usgs_mean_q_cfs": null,
    "velocity_feasibility": 1.0,
    "water_intake_score": 0.6886
   },
   "type": "Feature"
  },
  {
   "geometry": {
    "coordinates": [
     -78.984161,
     35.00409
    ],
    "type": "Point"
   },
   "properties": {
    "accumulation": 52000.0,
    "bank_slope_deg": 0.39,
    "bank_slope_score": 1.0,
    "beach_dist_km": 140.5,
    "bridge_proximity_bonus": 0.0,
    "catchment_area_km2": 5.192,
    "channel_width_m": 4.04,
    "channel_width_score": 1.0,
    "composite_score": 33.5324,
    "cso_density": 0.0,
    "ej_index": 0.3901,
    "elevation_m": 39.5739,
    "estuary_dist_km": 267.21,
    "feasibility_score": 42.4107,
    "flood_q10_cfs": 464.34,
    "flow_score": 27.5277,
    "flow_velocity_ms": 0.1359,
    "generation_score": 43.6263,
    "impact_score": 24.0033,
    "impervious_pct": 26.04,
    "land_ownership": 0.5,
    "lat": 35.0041,
    "litter_complaint_density": 0.0,
    "lon": -78.9842,
    "navigable_dist_m": 11631.8,
    "npdes_points": 2,
    "pixel_col": 205.0,
    "pixel_row": 1419.0,
    "population_density": 963.1,
    "position_along": 0.75,
    "protected_area_score": 9.3249,
    "rank": 57,
    "road_access_m": 253.0,
    "road_access_score": 0.8,
    "road_density_km_km2": 6.413,
    "robustness_pct": 0.0,
    "runoff_coeff_C": 0.2844,
    "seasonal_cv": 0.4264,
    "segment_id": 62,
    "segment_length_m": 3255.3878,
    "stream_order": 3,
    "superfund_score": 0.0262,
    "tourism_amenity_density": 12.812,
    "tri_facility_density": 0.0,
    "usgs_mean_q_cfs": 3.239,
    "velocity_feasibility": 0.7,
    "water_intake_score": 0.6849
   },
   "type": "Feature"
  },
  {
   "geometry": {
    "coordinates": [
     -78.944648,
     35.112236
    ],
    "type": "Point"
   },
   "properties": {
    "accumulation": 20812.0,
    "bank_slope_deg": 0.23,
    "bank_slope_score": 1.0,
    "beach_dist_km": 145.66,
    "bridge_proximity_bonus": 0.0,
    "catchment_area_km2": 2.078,
    "channel_width_m": 2.9,
    "channel_width_score": 1.0,
    "composite_score": 33.3635,
    "cso_density": 0.0,
    "ej_index": 0.807,
    "elevation_m": 52.725,
    "estuary_dist_km": 263.48,
    "feasibility_score": 61.1607,
    "flood_q10_cfs": 237.32,
    "flow_score": 22.1008,
    "flow_velocity_ms": 0.0666,
    "generation_score": 22.4195,
    "impact_score": 39.7945,
    "impervious_pct": 20.82,
    "land_ownership": 1.0,
    "lat": 35.1122,
    "litter_complaint_density": 0.0,
    "lon": -78.9446,
    "navigable_dist_m": 10756.1,
    "npdes_points": 0,
    "pixel_col": 541.0,
    "pixel_row": 211.0,
    "population_density": 253.7,
    "position_along": 0.5,
    "protected_area_score": 11.8332,
    "rank": 58,
    "road_access_m": 264.0,
    "road_access_score": 0.8,
    "road_density_km_km2": 5.912,
    "robustness_pct": 0.0,
    "runoff_coeff_C": 0.2374,
    "seasonal_cv": 0.4412,
    "segment_id": 10,
    "segment_length_m": 207.8302,
    "stream_order": 3,
    "superfund_score": 0.0204,
    "tourism_amenity_density": 0.7162,
    "tri_facility_density": 0.0,
    "usgs_mean_q_cfs": 3.357,
    "velocity_feasibility": 0.7,
    "water_intake_score": 1.074
   },
   "type": "Feature"
  },
  {
   "geometry": {
    "coordinates": [
     -78.970363,
     34.987844
    ],
    "type": "Point"
   },
   "properties": {
    "accumulation": 55372.0,
    "bank_slope_deg": 1.28,
    "bank_slope_score": 1.0,
    "beach_dist_km": 138.39,
    "bridge_proximity_bonus": 0.0,
    "catchment_area_km2": 5.5287,
    "channel_width_m": 4.13,
    "channel_width_score": 1.0,
    "composite_score": 33.3329,
    "cso_density": 0.0,
    "ej_index": 0.3903,
    "elevation_m": 32.9543,
    "estuary_dist_km": 266.02,
    "feasibility_score": 68.75,
    "flood_q10_cfs": 263.16,
    "flow_score": 42.2607,
    "flow_velocity_ms": 0.5,
    "generation_score": 20.8645,
    "impact_score": 20.6531,
    "impervious_pct": null,
    "land_ownership": 0.5,
    "lat": 34.9878,
    "litter_complaint_density": 0.0,
    "lon": -78.9704,
    "navigable_dist_m": 10879.7,
    "npdes_points": 1,
    "pixel_col": 334.0,
    "pixel_row": 1595.0,
    "population_density": 702.4,
    "position_along": 0.5,
    "protected_area_score": 9.2958,
    "rank": 59,
    "road_access_m": 196.3,
    "road_access_score": 1.0,
    "road_density_km_km2": 5.78,
    "robustness_pct": 0.0,
    "runoff_coeff_C": null,
    "seasonal_cv": null,
    "segment_id": 79,
    "segment_length_m": 4655.8552,
    "stream_order": 3,
    "superfund_score": 0.0209,
    "tourism_amenity_density": 5.4113,
    "tri_facility_density": 0.0,
    "usgs_mean_q_cfs": null,
    "velocity_feasibility": 1.0,
    "water_intake_score": 0.6698
   },
   "type": "Feature"
  },
  {
   "geometry": {
    "coordinates": [
     -78.994343,
     35.080292
    ],
    "type": "Point"
   },
   "properties": {
    "accumulation": 35781.0,
    "bank_slope_deg": 0.57,
    "bank_slope_score": 1.0,
    "beach_dist_km": 146.64,
    "bridge_proximity_bonus": 0.0,
    "catchment_area_km2": 3.5726,
    "channel_width_m": 3.52,
    "channel_width_score": 1.0,
    "composite_score": 33.3164,
    "cso_density": 0.0,
    "ej_index": 0.5691,
    "elevation_m": 55.0686,
    "estuary_dist_km": 267.99,
    "feasibility_score": 58.0357,
    "flood_q10_cfs": 355.61,
    "flow_score": 25.6189,
    "flow_velocity_ms": 0.1433,
    "generation_score": 38.8627,
    "impact_score": 21.8251,
    "impervious_pct": 24.22,
    "land_ownership": 0.5,
    "lat": 35.0803,
    "litter_complaint_density": 0.0,
    "lon": -78.9943,
    "navigable_dist_m": 12965.1,
    "npdes_points": 0,
    "pixel_col": 95.0,
    "pixel_row": 575.0,
    "population_density": 1036.1,
    "position_along": 0.25,
    "protected_area_score": 10.3762,
    "rank": 60,
    "road_access_m": 130.4,
    "road_access_score": 1.0,
    "road_density_km_km2": 6.512,
    "robustness_pct": 0.0,
    "runoff_coeff_C": 0.268,
    "seasonal_cv": 0.4319,
    "segment_id": 24,
    "segment_length_m": 3652.9504,
    "stream_order": 3,
    "superfund_score": 0.0254,
    "tourism_amenity_density": 1.1937,
    "tri_facility_density": 0.0,
    "usgs_mean_q_cfs": 2.711,
    "velocity_feasibility": 0.7,
    "water_intake_score": 0.803
   },
   "type": "Feature"
  },
  {
   "geometry": {
    "coordinates": [
     -78.821019,
     35.021036
    ],
    "type": "Point"
   },
   "properties": {
    "accumulation": 156462.0,
    "bank_slope_deg": 0.68,
    "bank_slope_score": 1.0,
    "beach_dist_km": 130.52,
    "bridge_proximity_bonus": 0.0,
    "catchment_area_km2": 15.6222,
    "channel_width_m": 6.02,
    "channel_width_score": 1.0,
    "composite_score": 32.8162,
    "cso_density": 0.0,
    "ej_index": 0.5083,
    "elevation_m": 25.7564,
    "estuary_dist_km": 252.3,
    "feasibility_score": 42.4107,
    "flood_q10_cfs": 534.36,
    "flow_score": 32.0203,
    "flow_velocity_ms": 0.0948,
    "generation_score": 17.9581,
    "impact_score": 43.5401,
    "impervious_pct": 3.64,
    "land_ownership": 0.5,
    "lat": 35.021,
    "litter_complaint_density": 0.0,
    "lon": -78.821,
    "navigable_dist_m": 3221.3,
    "npdes_points": 3,
    "pixel_col": 1688.0,
    "pixel_row": 1199.0,
    "population_density": 135.6,
    "position_along": 0.5,
    "protected_area_score": 10.3643,
    "rank": 61,
    "road_access_m": 378.2,
    "road_access_score": 0.8,
    "road_density_km_km2": 2.988,
    "robustness_pct": 0.0,
    "runoff_coeff_C": 0.0828,
    "seasonal_cv": 0.4492,
    "segment_id": 44,
    "segment_length_m": 8601.8394,
    "stream_order": 3,
    "superfund_score": 0.0297,
    "tourism_amenity_density": 1.9894,
    "tri_facility_density": 0.064,
    "usgs_mean_q_cfs": 10.769,
    "velocity_feasibility": 0.7,
    "water_intake_score": 0.9814
   },
   "type": "Feature"
  },
  {
   "geometry": {
    "coordinates": [
     -78.981711,
     34.988865
    ],
    "type": "Point"
   },
   "properties": {
    "accumulation": 32731.0,
    "bank_slope_deg": 0.46,
    "bank_slope_score": 1.0,
    "beach_dist_km": 139.28,
    "bridge_proximity_bonus": 0.0,
    "catchment_area_km2": 3.2681,
    "channel_width_m": 3.41,
    "channel_width_score": 1.0,
    "composite_score": 32.5016,
    "cso_density": 0.0,
    "ej_index": 0.2371,
    "elevation_m": 34.3005,
    "estuary_dist_km": 267.05,
    "feasibility_score": 68.75,
    "flood_q10_cfs": 191.92,
    "flow_score": 40.8471,
    "flow_velocity_ms": 0.5,
    "generation_score": 19.441,
    "impact_score": 20.4833,
    "impervious_pct": null,
    "land_ownership": 0.5,
    "lat": 34.9889,
    "litter_complaint_density": 0.0,
    "lon": -78.9817,
    "navigable_dist_m": 11836.5,
    "npdes_points": 2,
    "pixel_col": 230.0,
    "pixel_row": 1584.0,
    "population_density": 635.6,
    "position_along": 0.1667,
    "protected_area_score": 8.9247,
    "rank": 62,
    "road_access_m": 120.8,
    "road_access_score": 1.0,
    "road_density_km_km2": 3.369,
    "robustness_pct": 0.0,
    "runoff_coeff_C": null,
    "seasonal_cv": null,
    "segment_id": 79,
    "segment_length_m": 4655.8552,
    "stream_order": 3,
    "superfund_score": 0.0268,
    "tourism_amenity_density": 15.1197,
    "tri_facility_density": 0.0,
    "usgs_mean_q_cfs": null,
    "velocity_feasibility": 1.0,
    "water_intake_score": 0.6346
   },
   "type": "Feature"
  },
  {
   "geometry": {
    "coordinates": [
     -78.900618,
     34.988651
    ],
    "type": "Point"
   },
   "properties": {
    "accumulation": 32575.0,
    "bank_slope_deg": 0.6,
    "bank_slope_score": 1.0,
    "beach_dist_km": 133.53,
    "bridge_proximity_bonus": 0.0,
    "catchment_area_km2": 3.2525,
    "channel_width_m": 3.41,
    "channel_width_score": 1.0,
    "composite_score": 32.4014,
    "cso_density": 0.0,
    "ej_index": 0.4683,
    "elevation_m": 42.2056,
    "estuary_dist_km": 259.67,
    "feasibility_score": 43.75,
    "flood_q10_cfs": 409.5,
    "flow_score": 25.04,
    "flow_velocity_ms": 0.0463,
    "generation_score": 34.8622,
    "impact_score": 30.4007,
    "impervious_pct": 32.71,
    "land_ownership": 0.5,
    "lat": 34.9887,
    "litter_complaint_density": 0.0,
    "lon": -78.9006,
    "navigable_dist_m": 4601.9,
    "npdes_points": 0,
    "pixel_col": 971.0,
    "pixel_row": 1574.0,
    "population_density": 446.9,
    "position_along": 0.5,
    "protected_area_score": 9.5756,
    "rank": 63,
    "road_access_m": 167.8,
    "road_access_score": 1.0,
    "road_density_km_km2": 7.842,
    "robustness_pct": 0.0,
    "runoff_coeff_C": 0.3444,
    "seasonal_cv": 0.4145,
    "segment_id": 75,
    "segment_length_m": 974.9364,
    "stream_order": 3,
    "superfund_score": 0.0159,
    "tourism_amenity_density": 0.3979,
    "tri_facility_density": 0.0,
    "usgs_mean_q_cfs": 2.576,
    "velocity_feasibility": 0.3,
    "water_intake_score": 0.8553
   },
   "type": "Feature"
  },
  {
   "geometry": {
    "coordinates": [
     -78.834346,
     35.083278
    ],
    "type": "Point"
   },
   "properties": {
    "accumulation": 20370.0,
    "bank_slope_deg": 2.53,
    "bank_slope_score": 1.0,
    "beach_dist_km": 136.22,
    "bridge_proximity_bonus": 0.0,
    "catchment_area_km2": 2.0339,
    "channel_width_m": 2.87,
    "channel_width_score": 1.0,
    "composite_score": 31.9551,
    "cso_density": 0.0,
    "ej_index": 0.3509,
    "elevation_m": 24.4591,
    "estuary_dist_km": 253.43,
    "feasibility_score": 68.75,
    "flood_q10_cfs": 144.36,
    "flow_score": 26.0047,
    "flow_velocity_ms": 0.5,
    "generation_score": 3.4999,
    "impact_score": 46.9714,
    "impervious_pct": null,
    "land_ownership": 0.5,
    "lat": 35.0833,
    "litter_complaint_density": 0.0,
    "lon": -78.8343,
    "navigable_dist_m": 4676.2,
    "npdes_points": 0,
    "pixel_col": 1550.0,
    "pixel_row": 511.0,
    "population_density": 28.6,
    "position_along": 0.5,
    "protected_area_score": 11.6341,
    "rank": 64,
    "road_access_m": 148.9,
    "road_access_score": 1.0,
    "road_density_km_km2": 3.28,
    "robustness_pct": 0.0,
    "runoff_coeff_C": null,
    "seasonal_cv": null,
    "segment_id": 26,
    "segment_length_m": 364.9887,
    "stream_order": 1,
    "superfund_score": 0.0787,
    "tourism_amenity_density": 0.9549,
    "tri_facility_density": 0.0,
    "usgs_mean_q_cfs": null,
    "velocity_feasibility": 1.0,
    "water_intake_score": 1.4242
   },
   "type": "Feature"
  },
  {
   "geometry": {
    "coordinates": [
     -78.869029,
     35.006556
    ],
    "type": "Point"
   },
   "properties": {
    "accumulation": 20363.0,
    "bank_slope_deg": 1.99,
    "bank_slope_score": 1.0,
    "beach_dist_km": 132.65,
    "bridge_proximity_bonus": 0.0,
    "catchment_area_km2": 2.0332,
    "channel_width_m": 2.87,
    "channel_width_score": 1.0,
    "composite_score": 31.5476,
    "cso_density": 0.0,
    "ej_index": 0.3092,
    "elevation_m": 27.0404,
    "estuary_dist_km": 256.72,
    "feasibility_score": 76.7857,
    "flood_q10_cfs": 200.95,
    "flow_score": 22.0324,
    "flow_velocity_ms": 0.094,
    "generation_score": 12.8343,
    "impact_score": 35.5712,
    "impervious_pct": 14.23,
    "land_ownership": 1.0,
    "lat": 35.0066,
    "litter_complaint_density": 0.0,
    "lon": -78.869,
    "navigable_dist_m": 1416.2,
    "npdes_points": 0,
    "pixel_col": 1252.0,
    "pixel_row": 1367.0,
    "population_density": 39.8,
    "position_along": 0.5,
    "protected_area_score": 10.8428,
    "rank": 65,
    "road_access_m": 171.6,
    "road_access_score": 1.0,
    "road_density_km_km2": 4.152,
    "robustness_pct": 0.0,
    "runoff_coeff_C": 0.1781,
    "seasonal_cv": 0.4235,
    "segment_id": 69,
    "segment_length_m": 621.0661,
    "stream_order": 3,
    "superfund_score": 0.0243,
    "tourism_amenity_density": 1.1937,
    "tri_facility_density": 0.0,
    "usgs_mean_q_cfs": 3.53,
    "velocity_feasibility": 0.7,
    "water_intake_score": 1.0151
   },
   "type": "Feature"
  },
  {
   "geometry": {
    "coordinates": [
     -78.94337,
     35.112954
    ],
    "type": "Point"
   },
   "properties": {
    "accumulation": 20330.0,
    "bank_slope_deg": 0.23,
    "bank_slope_score": 1.0,
    "beach_dist_km": 145.63,
    "bridge_proximity_bonus": 0.0,
    "catchment_area_km2": 2.0299,
    "channel_width_m": 2.87,
    "channel_width_score": 1.0,
    "composite_score": 31.4539,
    "cso_density": 0.0,
    "ej_index": 0.8134,
    "elevation_m": 52.524,
    "estuary_dist_km": 263.37,
    "feasibility_score": 46.875,
    "flood_q10_cfs": 234.01,
    "flow_score": 21.5458,
    "flow_velocity_ms": 0.0404,
    "generation_score": 23.4589,
    "impact_score": 39.9951,
    "impervious_pct": 20.82,
    "land_ownership": 1.0,
    "lat": 35.113,
    "litter_complaint_density": 0.0,
    "lon": -78.9434,
    "navigable_dist_m": 10726.1,
    "npdes_points": 0,
    "pixel_col": 549.0,
    "pixel_row": 203.0,
    "population_density": 272.0,
    "position_along": 0.5,
    "protected_area_score": 11.7941,
    "rank": 66,
    "road_access_m": 201.2,
    "road_access_score": 0.8,
    "road_density_km_km2": 6.527,
    "robustness_pct": 0.0,
    "runoff_coeff_C": 0.2374,
    "seasonal_cv": 0.4412,
    "segment_id": 4,
    "segment_length_m": 373.5608,
    "stream_order": 3,
    "superfund_score": 0.0205,
    "tourism_amenity_density": 0.6366,
    "tri_facility_density": 0.0,
    "usgs_mean_q_cfs": 3.357,
    "velocity_feasibility": 0.3,
    "water_intake_score": 1.079
   },
   "type": "Feature"
  },
  {
   "geometry": {
    "coordinates": [
     -78.833601,
     35.056091
    ],
    "type": "Point"
   },
   "properties": {
    "accumulation": 44972.0,
    "bank_slope_deg": 0.33,
    "bank_slope_score": 1.0,
    "beach_dist_km": 134.04,
    "bridge_proximity_bonus": 0.0,
    "catchment_area_km2": 4.4903,
    "channel_width_m": 3.83,
    "channel_width_score": 1.0,
    "composite_score": 31.3184,
    "cso_density": 0.0,
    "ej_index": 0.509,
    "elevation_m": 26.0,
    "estuary_dist_km": 253.37,
    "feasibility_score": 42.4107,
    "flood_q10_cfs": 273.83,
    "flow_score": 24.5054,
    "flow_velocity_ms": 0.0961,
    "generation_score": 12.1835,
    "impact_score": 50.5848,
    "impervious_pct": 7.08,
    "land_ownership": 0.5,
    "lat": 35.0561,
    "litter_complaint_density": 0.0,
    "lon": -78.8336,
    "navigable_dist_m": 2524.2,
    "npdes_points": 1,
    "pixel_col": 1564.0,
    "pixel_row": 813.0,
    "population_density": 111.9,
    "position_along": 0.5,
    "protected_area_score": 11.6096,
    "rank": 67,
    "road_access_m": 462.2,
    "road_access_score": 0.8,
    "road_density_km_km2": 3.803,
    "robustness_pct": 0.0,
    "runoff_coeff_C": 0.1137,
    "seasonal_cv": 0.4466,
    "segment_id": 38,
    "segment_length_m": 293.6222,
    "stream_order": 3,
    "superfund_score": 0.1618,
    "tourism_amenity_density": 0.4775,
    "tri_facility_density": 0.0,
    "usgs_mean_q_cfs": 7.558,
    "velocity_feasibility": 0.7,
    "water_intake_score": 1.3175
   },
   "type": "Feature"
  },
  {
   "geometry": {
    "coordinates": [
     -78.806599,
     35.021371
    ],
    "type": "Point"
   },
   "properties": {
    "accumulation": 129232.0,
    "bank_slope_deg": 1.74,
    "bank_slope_score": 1.0,
    "beach_dist_km": 129.59,
    "bridge_proximity_bonus": 0.0,
    "catchment_area_km2": 12.9034,
    "channel_width_m": 5.62,
    "channel_width_score": 1.0,
    "composite_score": 31.2044,
    "cso_density": 0.0,
    "ej_index": 0.4715,
    "elevation_m": 28.8054,
    "estuary_dist_km": 250.99,
    "feasibility_score": 42.4107,
    "flood_q10_cfs": 464.69,
    "flow_score": 28.461,
    "flow_velocity_ms": 0.0647,
    "generation_score": 18.8293,
    "impact_score": 40.2627,
    "impervious_pct": 2.57,
    "land_ownership": 0.5,
    "lat": 35.0214,
    "litter_complaint_density": 0.0,
    "lon": -78.8066,
    "navigable_dist_m": 4424.7,
    "npdes_points": 5,
    "pixel_col": 1819.0,
    "pixel_row": 1193.0,
    "population_density": 119.7,
    "position_along": 0.0833,
    "protected_area_score": 9.7622,
    "rank": 68,
    "road_access_m": 369.9,
    "road_access_score": 0.8,
    "road_density_km_km2": 2.795,
    "robustness_pct": 0.0,
    "runoff_coeff_C": 0.0731,
    "seasonal_cv": 0.4374,
    "segment_id": 65,
    "segment_length_m": 9138.2902,
    "stream_order": 3,
    "superfund_score": 0.029,
    "tourism_amenity_density": 0.6366,
    "tri_facility_density": 0.0,
    "usgs_mean_q_cfs": 8.147,
    "velocity_feasibility": 0.7,
    "water_intake_score": 0.9098
   },
   "type": "Feature"
  },
  {
   "geometry": {
    "coordinates": [
     -78.975547,
     35.110052
    ],
    "type": "Point"
   },
   "properties": {
    "accumulation": 31296.0,
    "bank_slope_deg": 0.44,
    "bank_slope_score": 1.0,
    "beach_dist_km": 147.56,
    "bridge_proximity_bonus": 0.2,
    "catchment_area_km2": 3.1248,
    "channel_width_m": 3.36,
    "channel_width_score": 1.0,
    "composite_score": 30.7393,
    "cso_density": 0.0,
    "ej_index": 0.3107,
    "elevation_m": 56.4305,
    "estuary_dist_km": 266.29,
    "feasibility_score": 56.25,
    "flood_q10_cfs": 392.03,
    "flow_score": 26.0225,
    "flow_velocity_ms": 0.0445,
    "generation_score": 35.6627,
    "impact_score": 16.9912,
    "impervious_pct": 31.87,
    "land_ownership": 0.5,
    "lat": 35.1101,
    "litter_complaint_density": 0.0,
    "lon": -78.9755,
    "navigable_dist_m": 12823.8,
    "npdes_points": 0,
    "pixel_col": 259.0,
    "pixel_row": 241.0,
    "population_density": 523.6,
    "position_along": 0.5,
    "protected_area_score": 10.4659,
    "rank": 69,
    "road_access_m": 128.8,
    "road_access_score": 1.0,
    "road_density_km_km2": 7.779,
    "robustness_pct": 0.0,
    "runoff_coeff_C": 0.3368,
    "seasonal_cv": 0.4549,
    "segment_id": 12,
    "segment_length_m": 866.3193,
    "stream_order": 3,
    "superfund_score": 0.0185,
    "tourism_amenity_density": 0.4775,
    "tri_facility_density": 0.0,
    "usgs_mean_q_cfs": 6.366,
    "velocity_feasibility": 0.3,
    "water_intake_score": 0.8765
   },
   "type": "Feature"
  },
  {
   "geometry": {
    "coordinates": [
     -78.796299,
     35.046929
    ],
    "type": "Point"
   },
   "properties": {
    "accumulation": 79767.0,
    "bank_slope_deg": 0.36,
    "bank_slope_score": 1.0,
    "beach_dist_km": 130.91,
    "bridge_proximity_bonus": 0.0,
    "catchment_area_km2": 7.9645,
    "channel_width_m": 4.71,
    "channel_width_score": 1.0,
    "composite_score": 30.4667,
    "cso_density": 0.0,
    "ej_index": 0.2666,
    "elevation_m": 31.1301,
    "estuary_dist_km": 249.99,
    "feasibility_score": 58.0357,
    "flood_q10_cfs": 386.28,
    "flow_score": 25.8736,
    "flow_velocity_ms": 0.0568,
    "generation_score": 15.5956,
    "impact_score": 35.381,
    "impervious_pct": 7.08,
    "land_ownership": 0.5,
    "lat": 35.0469,
    "litter_complaint_density": 0.0,
    "lon": -78.7963,
    "navigable_dist_m": 5671.1,
    "npdes_points": 1,
    "pixel_col": 1907.0,
    "pixel_row": 907.0,
    "population_density": 168.8,
    "position_along": 0.75,
    "protected_area_score": 9.5945,
    "rank": 70,
    "road_access_m": 181.6,
    "road_access_score": 1.0,
    "road_density_km_km2": 5.87,
    "robustness_pct": 0.0,
    "runoff_coeff_C": 0.1137,
    "seasonal_cv": 0.4466,
    "segment_id": 43,
    "segment_length_m": 3740.8727,
    "stream_order": 3,
    "superfund_score": 0.0365,
    "tourism_amenity_density": 0.0,
    "tri_facility_density": 0.0,
    "usgs_mean_q_cfs": 7.558,
    "velocity_feasibility": 0.7,
    "water_intake_score": 0.9689
   },
   "type": "Feature"
  },
  {
   "geometry": {
    "coordinates": [
     -78.98265,
     35.110294
    ],
    "type": "Point"
   },
   "properties": {
    "accumulation": 34937.0,
    "bank_slope_deg": 0.42,
    "bank_slope_score": 1.0,
    "beach_dist_km": 148.05,
    "bridge_proximity_bonus": 0.0,
    "catchment_area_km2": 3.4883,
    "channel_width_m": 3.49,
    "channel_width_score": 1.0,
    "composite_score": 30.3913,
    "cso_density": 0.0,
    "ej_index": 0.3232,
    "elevation_m": 59.2873,
    "estuary_dist_km": 266.94,
    "feasibility_score": 58.0357,
    "flood_q10_cfs": 383.12,
    "flow_score": 25.6953,
    "flow_velocity_ms": 0.1265,
    "generation_score": 35.7086,
    "impact_score": 15.1651,
    "impervious_pct": 28.04,
    "land_ownership": 0.5,
    "lat": 35.1103,
    "litter_complaint_density": 0.0,
    "lon": -78.9826,
    "navigable_dist_m": 13382.4,
    "npdes_points": 0,
    "pixel_col": 195.0,
    "pixel_row": 237.0,
    "population_density": 607.1,
    "position_along": 0.5,
    "protected_area_score": 10.2326,
    "rank": 71,
    "road_access_m": 32.3,
    "road_access_score": 1.0,
    "road_density_km_km2": 8.43,
    "robustness_pct": 0.0,
    "runoff_coeff_C": 0.3024,
    "seasonal_cv": 0.4321,
    "segment_id": 3,
    "segment_length_m": 1944.7296,
    "stream_order": 3,
    "superfund_score": 0.0182,
    "tourism_amenity_density": 0.4775,
    "tri_facility_density": 0.0,
    "usgs_mean_q_cfs": 2.456,
    "velocity_feasibility": 0.7,
    "water_intake_score": 0.8309
   },
   "type": "Feature"
  },
  {
   "geometry": {
    "coordinates": [
     -78.856859,
     35.104507
    ],
    "type": "Point"
   },
   "properties": {
    "accumulation": 48864.0,
    "bank_slope_deg": 0.36,
    "bank_slope_score": 1.0,
    "beach_dist_km": 139.34,
    "bridge_proximity_bonus": 0.0,
    "catchment_area_km2": 4.8789,
    "channel_width_m": 3.95,
    "channel_width_score": 1.0,
    "composite_score": 29.9069,
    "cso_density": 0.0,
    "ej_index": 0.5088,
    "elevation_m": 13.5978,
    "estuary_dist_km": 255.49,
    "feasibility_score": 37.5,
    "flood_q10_cfs": 244.13,
    "flow_score": 27.8661,
    "flow_velocity_ms": 0.5,
    "generation_score": 6.9409,
    "impact_score": 50.777,
    "impervious_pct": null,
    "land_ownership": 0.5,
    "lat": 35.1045,
    "litter_complaint_density": 0.0,
    "lon": -78.8569,
    "navigable_dist_m": 6484.3,
    "npdes_points": 0,
    "pixel_col": 1342.0,
    "pixel_row": 276.0,
    "population_density": 314.7,
    "position_along": 0.5,
    "protected_area_score": 12.266,
    "rank": 72,
    "road_access_m": 637.1,
    "road_access_score": 0.6,
    "road_density_km_km2": 1.901,
    "robustness_pct": 0.0,
    "runoff_coeff_C": null,
    "seasonal_cv": null,
    "segment_id": 18,
    "segment_length_m": 2771.962,
    "stream_order": 1,
    "superfund_score": 0.0493,
    "tourism_amenity_density": 1.9099,
    "tri_facility_density": 0.0,
    "usgs_mean_q_cfs": null,
    "velocity_feasibility": 1.0,
    "water_intake_score": 1.4755
   },
   "type": "Feature"
  },
  {
   "geometry": {
    "coordinates": [
     -78.877224,
     35.007781
    ],
    "type": "Point"
   },
   "properties": {
    "accumulation": 27522.0,
    "bank_slope_deg": 0.82,
    "bank_slope_score": 1.0,
    "beach_dist_km": 133.3,
    "bridge_proximity_bonus": 0.0,
    "catchment_area_km2": 2.748,
    "channel_width_m": 3.2,
    "channel_width_score": 1.0,
    "composite_score": 29.8107,
    "cso_density": 0.0,
    "ej_index": 0.3092,
    "elevation_m": 32.2737,
    "estuary_dist_km": 257.46,
    "feasibility_score": 58.0357,
    "flood_q10_cfs": 283.63,
    "flow_score": 23.4374,
    "flow_velocity_ms": 0.1061,
    "generation_score": 16.21,
    "impact_score": 34.61,
    "impervious_pct": 21.27,
    "land_ownership": 0.5,
    "lat": 35.0078,
    "litter_complaint_density": 0.0,
    "lon": -78.8772,
    "navigable_dist_m": 2110.1,
    "npdes_points": 0,
    "pixel_col": 1181.0,
    "pixel_row": 1356.0,
    "population_density": 39.8,
    "position_along": 0.5,
    "protected_area_score": 10.7034,
    "rank": 73,
    "road_access_m": 110.8,
    "road_access_score": 1.0,
    "road_density_km_km2": 3.601,
    "robustness_pct": 0.0,
    "runoff_coeff_C": 0.2414,
    "seasonal_cv": 0.41,
    "segment_id": 68,
    "segment_length_m": 1350.9217,
    "stream_order": 3,
    "superfund_score": 0.0248,
    "tourism_amenity_density": 1.0345,
    "tri_facility_density": 0.0,
    "usgs_mean_q_cfs": 1.89,
    "velocity_feasibility": 0.7,
    "water_intake_score": 1.0327
   },
   "type": "Feature"
  },
  {
   "geometry": {
    "coordinates": [
     -78.835602,
     35.013545
    ],
    "type": "Point"
   },
   "properties": {
    "accumulation": 21300.0,
    "bank_slope_deg": 3.1,
    "bank_slope_score": 1.0,
    "beach_dist_km": 130.92,
    "bridge_proximity_bonus": 0.0,
    "catchment_area_km2": 2.1267,
    "channel_width_m": 2.92,
    "channel_width_score": 1.0,
    "composite_score": 29.5407,
    "cso_density": 0.0,
    "ej_index": 0.3317,
    "elevation_m": 25.1533,
    "estuary_dist_km": 253.65,
    "feasibility_score": 43.75,
    "flood_q10_cfs": 175.23,
    "flow_score": 5.2205,
    "flow_velocity_ms": 0.0411,
    "generation_score": 32.6249,
    "impact_score": 39.6186,
    "impervious_pct": 7.18,
    "land_ownership": 0.5,
    "lat": 35.0135,
    "litter_complaint_density": 0.0,
    "lon": -78.8356,
    "navigable_dist_m": 1661.3,
    "npdes_points": 0,
    "pixel_col": 1559.0,
    "pixel_row": 1285.0,
    "population_density": 86.0,
    "position_along": 0.5,
    "protected_area_score": 10.6945,
    "rank": 74,
    "road_access_m": 76.6,
    "road_access_score": 1.0,
    "road_density_km_km2": 4.085,
    "robustness_pct": 0.0,
    "runoff_coeff_C": 0.1146,
    "seasonal_cv": 0.4317,
    "segment_id": 61,
    "segment_length_m": 854.3184,
    "stream_order": 1,
    "superfund_score": 0.027,
    "tourism_amenity_density": 3.1035,
    "tri_facility_density": 0.4702,
    "usgs_mean_q_cfs": 2.526,
    "velocity_feasibility": 0.3,
    "water_intake_score": 0.9906
   },
   "type": "Feature"
  },
  {
   "geometry": {
    "coordinates": [
     -78.833782,
     34.999183
    ],
    "type": "Point"
   },
   "properties": {
    "accumulation": 183513.0,
    "bank_slope_deg": 0.31,
    "bank_slope_score": 1.0,
    "beach_dist_km": 129.72,
    "bridge_proximity_bonus": 0.0,
    "catchment_area_km2": 18.3231,
    "channel_width_m": 6.38,
    "channel_width_score": 1.0,
    "composite_score": 29.3407,
    "cso_density": 0.0,
    "ej_index": 0.2296,
    "elevation_m": 24.596,
    "estuary_dist_km": 253.54,
    "feasibility_score": 43.75,
    "flood_q10_cfs": 594.65,
    "flow_score": 27.6973,
    "flow_velocity_ms": 0.0145,
    "generation_score": 18.2249,
    "impact_score": 34.6216,
    "impervious_pct": 4.12,
    "land_ownership": 0.5,
    "lat": 34.9992,
    "litter_complaint_density": 0.0,
    "lon": -78.8338,
    "navigable_dist_m": 1463.9,
    "npdes_points": 4,
    "pixel_col": 1575.0,
    "pixel_row": 1442.0,
    "population_density": 55.1,
    "position_along": 0.9,
    "protected_area_score": 10.1584,
    "rank": 75,
    "road_access_m": 183.4,
    "road_access_score": 1.0,
    "road_density_km_km2": 2.396,
    "robustness_pct": 0.0,
    "runoff_coeff_C": 0.0871,
    "seasonal_cv": 0.4276,
    "segment_id": 44,
    "segment_length_m": 8601.8394,
    "stream_order": 3,
    "superfund_score": 0.0202,
    "tourism_amenity_density": 3.6606,
    "tri_facility_density": 0.0546,
    "usgs_mean_q_cfs": 2.245,
    "velocity_feasibility": 0.3,
    "water_intake_score": 0.8788
   },
   "type": "Feature"
  },
  {
   "geometry": {
    "coordinates": [
     -78.892587,
     34.980468
    ],
    "type": "Point"
   },
   "properties": {
    "accumulation": 76551.0,
    "bank_slope_deg": 1.02,
    "bank_slope_score": 1.0,
    "beach_dist_km": 132.38,
    "bridge_proximity_bonus": 0.0,
    "catchment_area_km2": 7.6434,
    "channel_width_m": 4.64,
    "channel_width_score": 1.0,
    "composite_score": 29.2157,
    "cso_density": 0.0,
    "ej_index": 0.3724,
    "elevation_m": 38.5342,
    "estuary_dist_km": 258.98,
    "feasibility_score": 58.0357,
    "flood_q10_cfs": 496.32,
    "flow_score": 29.6781,
    "flow_velocity_ms": 0.1479,
    "generation_score": 16.0867,
    "impact_score": 27.5492,
    "impervious_pct": 18.92,
    "land_ownership": 0.5,
    "lat": 34.9805,
    "litter_complaint_density": 0.0,
    "lon": -78.8926,
    "navigable_dist_m": 4044.4,
    "npdes_points": 0,
    "pixel_col": 1047.0,
    "pixel_row": 1664.0,
    "population_density": 153.4,
    "position_along": 0.5,
    "protected_area_score": 9.3937,
    "rank": 76,
    "road_access_m": 146.5,
    "road_access_score": 1.0,
    "road_density_km_km2": 2.926,
    "robustness_pct": 0.0,
    "runoff_coeff_C": 0.2203,
    "seasonal_cv": 0.4302,
    "segment_id": 76,
    "segment_length_m": 1432.6965,
    "stream_order": 3,
    "superfund_score": 0.0142,
    "tourism_amenity_density": 0.2387,
    "tri_facility_density": 0.0,
    "usgs_mean_q_cfs": 6.124,
    "velocity_feasibility": 0.7,
    "water_intake_score": 0.8058
   },
   "type": "Feature"
  },
  {
   "geometry": {
    "coordinates": [
     -78.85132,
     34.987644
    ],
    "type": "Point"
   },
   "properties": {
    "accumulation": 33201.0,
    "bank_slope_deg": 12.97,
    "bank_slope_score": 1.0,
    "beach_dist_km": 130.05,
    "bridge_proximity_bonus": 0.0,
    "catchment_area_km2": 3.315,
    "channel_width_m": 3.43,
    "channel_width_score": 1.0,
    "composite_score": 29.0685,
    "cso_density": 0.0,
    "ej_index": 0.2506,
    "elevation_m": 12.1971,
    "estuary_dist_km": 255.19,
    "feasibility_score": 53.125,
    "flood_q10_cfs": 193.57,
    "flow_score": 40.8778,
    "flow_velocity_ms": 0.5,
    "generation_score": 5.7637,
    "impact_score": 30.5039,
    "impervious_pct": null,
    "land_ownership": 0.5,
    "lat": 34.9876,
    "litter_complaint_density": 0.0,
    "lon": -78.8513,
    "navigable_dist_m": 197.6,
    "npdes_points": 1,
    "pixel_col": 1421.0,
    "pixel_row": 1576.0,
    "population_density": 41.1,
    "position_along": 0.5,
    "protected_area_score": 9.7106,
    "rank": 77,
    "road_access_m": 220.0,
    "road_access_score": 0.8,
    "road_density_km_km2": 2.833,
    "robustness_pct": 0.0,
    "runoff_coeff_C": null,
    "seasonal_cv": null,
    "segment_id": 77,
    "segment_length_m": 484.1864,
    "stream_order": 3,
    "superfund_score": 0.0166,
    "tourism_amenity_density": 1.4324,
    "tri_facility_density": 0.0,
    "usgs_mean_q_cfs": null,
    "velocity_feasibility": 1.0,
    "water_intake_score": 0.8392
   },
   "type": "Feature"
  },
  {
   "geometry": {
    "coordinates": [
     -78.857021,
     35.011389
    ],
    "type": "Point"
   },
   "properties": {
    "accumulation": 133395.0,
    "bank_slope_deg": 2.57,
    "bank_slope_score": 1.0,
    "beach_dist_km": 132.2,
    "bridge_proximity_bonus": 0.0,
    "catchment_area_km2": 13.319,
    "channel_width_m": 5.68,
    "channel_width_score": 1.0,
    "composite_score": 28.4462,
    "cso_density": 0.0,
    "ej_index": 0.26,
    "elevation_m": 13.4698,
    "estuary_dist_km": 255.61,
    "feasibility_score": 26.7857,
    "flood_q10_cfs": 634.44,
    "flow_score": 31.7645,
    "flow_velocity_ms": 0.185,
    "generation_score": 18.5261,
    "impact_score": 36.4312,
    "impervious_pct": 15.14,
    "land_ownership": 0.5,
    "lat": 35.0114,
    "litter_complaint_density": 0.0,
    "lon": -78.857,
    "navigable_dist_m": 225.0,
    "npdes_points": 0,
    "pixel_col": 1364.0,
    "pixel_row": 1312.0,
    "population_density": 45.7,
    "position_along": 0.75,
    "protected_area_score": 11.0768,
    "rank": 78,
    "road_access_m": 624.6,
    "road_access_score": 0.6,
    "road_density_km_km2": 2.175,
    "robustness_pct": 0.0,
    "runoff_coeff_C": 0.1863,
    "seasonal_cv": 0.43,
    "segment_id": 71,
    "segment_length_m": 4075.8844,
    "stream_order": 3,
    "superfund_score": 0.0273,
    "tourism_amenity_density": 1.2732,
    "tri_facility_density": 0.1502,
    "usgs_mean_q_cfs": 3.027,
    "velocity_feasibility": 0.7,
    "water_intake_score": 1.0394
   },
   "type": "Feature"
  },
  {
   "geometry": {
    "coordinates": [
     -78.818656,
     34.991338
    ],
    "type": "Point"
   },
   "properties": {
    "accumulation": 186542.0,
    "bank_slope_deg": 4.97,
    "bank_slope_score": 1.0,
    "beach_dist_km": 128.11,
    "bridge_proximity_bonus": 0.2,
    "catchment_area_km2": 18.6256,
    "channel_width_m": 6.42,
    "channel_width_score": 1.0,
    "composite_score": 28.2702,
    "cso_density": 0.0,
    "ej_index": 0.1913,
    "elevation_m": 19.1178,
    "estuary_dist_km": 252.2,
    "feasibility_score": 40.625,
    "flood_q10_cfs": 601.36,
    "flow_score": 37.2346,
    "flow_velocity_ms": 0.0488,
    "generation_score": 12.3644,
    "impact_score": 30.5283,
    "impervious_pct": 4.18,
    "land_ownership": 0.5,
    "lat": 34.9913,
    "litter_complaint_density": 0.0,
    "lon": -78.8187,
    "navigable_dist_m": 2374.2,
    "npdes_points": 3,
    "pixel_col": 1719.0,
    "pixel_row": 1527.0,
    "population_density": 50.3,
    "position_along": 0.75,
    "protected_area_score": 9.1705,
    "rank": 79,
    "road_access_m": 404.0,
    "road_access_score": 0.8,
    "road_density_km_km2": 1.91,
    "robustness_pct": 0.0,
    "runoff_coeff_C": 0.0876,
    "seasonal_cv": 0.4704,
    "segment_id": 65,
    "segment_length_m": 9138.2902,
    "stream_order": 3,
    "superfund_score": 0.018,
    "tourism_amenity_density": 2.6261,
    "tri_facility_density": 0.0,
    "usgs_mean_q_cfs": 19.565,
    "velocity_feasibility": 0.3,
    "water_intake_score": 0.7852
   },
   "type": "Feature"
  },
  {
   "geometry": {
    "coordinates": [
     -78.82041,
     35.077578
    ],
    "type": "Point"
   },
   "properties": {
    "accumulation": 119299.0,
    "bank_slope_deg": 3.17,
    "bank_slope_score": 1.0,
    "beach_dist_km": 134.88,
    "bridge_proximity_bonus": 0.0,
    "catchment_area_km2": 11.9116,
    "channel_width_m": 5.46,
    "channel_width_score": 1.0,
    "composite_score": 27.5778,
    "cso_density": 0.0,
    "ej_index": 0.2838,
    "elevation_m": 25.8596,
    "estuary_dist_km": 252.16,
    "feasibility_score": 58.0357,
    "flood_q10_cfs": 463.24,
    "flow_score": 18.9223,
    "flow_velocity_ms": 0.1275,
    "generation_score": 5.8137,
    "impact_score": 41.3259,
    "impervious_pct": 4.5,
    "land_ownership": 0.5,
    "lat": 35.0776,
    "litter_complaint_density": 0.0,
    "lon": -78.8204,
    "navigable_dist_m": 4924.8,
    "npdes_points": 0,
    "pixel_col": 1679.0,
    "pixel_row": 569.0,
    "population_density": 41.0,
    "position_along": 0.9,
    "protected_area_score": 10.8123,
    "rank": 80,
    "road_access_m": 48.6,
    "road_access_score": 1.0,
    "road_density_km_km2": 2.874,
    "robustness_pct": 0.0,
    "runoff_coeff_C": 0.0905,
    "seasonal_cv": 0.4677,
    "segment_id": 29,
    "segment_length_m": 7827.7537,
    "stream_order": 1,
    "superfund_score": 0.0623,
    "tourism_amenity_density": 0.2387,
    "tri_facility_density": 0.0,
    "usgs_mean_q_cfs": 14.995,
    "velocity_feasibility": 0.7,
    "water_intake_score": 1.2719
   },
   "type": "Feature"
  },
  {
   "geometry": {
    "coordinates": [
     -78.860039,
     35.121219
    ],
    "type": "Point"
   },
   "properties": {
    "accumulation": 43079.0,
    "bank_slope_deg": 3.21,
    "bank_slope_score": 1.0,
    "beach_dist_km": 140.86,
    "bridge_proximity_bonus": 0.0,
    "catchment_area_km2": 4.3013,
    "channel_width_m": 3.77,
    "channel_width_score": 1.0,
    "composite_score": 27.4374,
    "cso_density": 0.0,
    "ej_index": 0.4985,
    "elevation_m": 10.4712,
    "estuary_dist_km": 255.8,
    "feasibility_score": 37.5,
    "flood_q10_cfs": 226.34,
    "flow_score": 27.5083,
    "flow_velocity_ms": 0.5,
    "generation_score": 6.5632,
    "impact_score": 43.2213,
    "impervious_pct": null,
    "land_ownership": 0.5,
    "lat": 35.1212,
    "litter_complaint_density": 0.0,
    "lon": -78.86,
    "navigable_dist_m": 8338.2,
    "npdes_points": 0,
    "pixel_col": 1308.0,
    "pixel_row": 91.0,
    "population_density": 348.3,
    "position_along": 0.5,
    "protected_area_score": 11.5345,
    "rank": 81,
    "road_access_m": 639.5,
    "road_access_score": 0.6,
    "road_density_km_km2": 1.068,
    "robustness_pct": 0.0,
    "runoff_coeff_C": null,
    "seasonal_cv": null,
    "segment_id": 1,
    "segment_length_m": 1673.3947,
    "stream_order": 1,
    "superfund_score": 0.0286,
    "tourism_amenity_density": 0.6366,
    "tri_facility_density": 0.0,
    "usgs_mean_q_cfs": null,
    "velocity_feasibility": 1.0,
    "water_intake_score": 1.2942
   },
   "type": "Feature"
  },
  {
   "geometry": {
    "coordinates": [
     -78.792947,
     35.026916
    ],
    "type": "Point"
   },
   "properties": {
    "accumulation": 33218.0,
    "bank_slope_deg": 1.38,
    "bank_slope_score": 1.0,
    "beach_dist_km": 129.13,
    "bridge_proximity_bonus": 0.0,
    "catchment_area_km2": 3.3167,
    "channel_width_m": 3.43,
    "channel_width_score": 1.0,
    "composite_score": 27.4186,
    "cso_density": 0.0,
    "ej_index": 0.3634,
    "elevation_m": 32.6278,
    "estuary_dist_km": 249.73,
    "feasibility_score": 58.0357,
    "flood_q10_cfs": 205.56,
    "flow_score": 24.3034,
    "flow_velocity_ms": 0.1305,
    "generation_score": 5.9717,
    "impact_score": 36.1529,
    "impervious_pct": 2.57,
    "land_ownership": 0.5,
    "lat": 35.0269,
    "litter_complaint_density": 0.0,
    "lon": -78.7929,
    "navigable_dist_m": 5369.5,
    "npdes_points": 0,
    "pixel_col": 1942.0,
    "pixel_row": 1128.0,
    "population_density": 110.6,
    "position_along": 0.5,
    "protected_area_score": 9.2569,
    "rank": 82,
    "road_access_m": 123.9,
    "road_access_score": 1.0,
    "road_density_km_km2": 2.901,
    "robustness_pct": 0.0,
    "runoff_coeff_C": 0.0731,
    "seasonal_cv": 0.4374,
    "segment_id": 52,
    "segment_length_m": 1871.3545,
    "stream_order": 3,
    "superfund_score": 0.033,
    "tourism_amenity_density": 0.0,
    "tri_facility_density": 0.0,
    "usgs_mean_q_cfs": 8.147,
    "velocity_feasibility": 0.7,
    "water_intake_score": 0.8652
   },
   "type": "Feature"
  },
  {
   "geometry": {
    "coordinates": [
     -78.781877,
     35.051746
    ],
    "type": "Point"
   },
   "properties": {
    "accumulation": 54229.0,
    "bank_slope_deg": 0.38,
    "bank_slope_score": 1.0,
    "beach_dist_km": 130.37,
    "bridge_proximity_bonus": 0.0,
    "catchment_area_km2": 5.4146,
    "channel_width_m": 4.1,
    "channel_width_score": 1.0,
    "composite_score": 26.8901,
    "cso_density": 0.0,
    "ej_index": 0.2239,
    "elevation_m": 34.8283,
    "estuary_dist_km": 248.67,
    "feasibility_score": 42.4107,
    "flood_q10_cfs": 306.4,
    "flow_score": 25.9206,
    "flow_velocity_ms": 0.1302,
    "generation_score": 14.0833,
    "impact_score": 32.7445,
    "impervious_pct": 7.08,
    "land_ownership": 0.5,
    "lat": 35.0517,
    "litter_complaint_density": 0.0,
    "lon": -78.7819,
    "navigable_dist_m": 7014.3,
    "npdes_points": 1,
    "pixel_col": 2038.0,
    "pixel_row": 850.0,
    "population_density": 256.5,
    "position_along": 0.25,
    "protected_area_score": 9.0914,
    "rank": 83,
    "road_access_m": 200.5,
    "road_access_score": 0.8,
    "road_density_km_km2": 3.244,
    "robustness_pct": 0.0,
    "runoff_coeff_C": 0.1137,
    "seasonal_cv": 0.4466,
    "segment_id": 43,
    "segment_length_m": 3740.8727,
    "stream_order": 3,
    "superfund_score": 0.0362,
    "tourism_amenity_density": 0.0796,
    "tri_facility_density": 0.0,
    "usgs_mean_q_cfs": 7.558,
    "velocity_feasibility": 0.7,
    "water_intake_score": 0.8868
   },
   "type": "Feature"
  },
  {
   "geometry": {
    "coordinates": [
     -78.853455,
     35.018293
    ],
    "type": "Point"
   },
   "properties": {
    "accumulation": 24657.0,
    "bank_slope_deg": 4.02,
    "bank_slope_score": 1.0,
    "beach_dist_km": 132.47,
    "bridge_proximity_bonus": 0.0,
    "catchment_area_km2": 2.4619,
    "channel_width_m": 3.08,
    "channel_width_score": 1.0,
    "composite_score": 26.8354,
    "cso_density": 0.0,
    "ej_index": 0.1999,
    "elevation_m": 20.3306,
    "estuary_dist_km": 255.26,
    "feasibility_score": 37.5,
    "flood_q10_cfs": 161.91,
    "flow_score": 40.3054,
    "flow_velocity_ms": 0.5,
    "generation_score": 0.2399,
    "impact_score": 36.8736,
    "impervious_pct": null,
    "land_ownership": 0.5,
    "lat": 35.0183,
    "litter_complaint_density": 0.0,
    "lon": -78.8535,
    "navigable_dist_m": 298.9,
    "npdes_points": 0,
    "pixel_col": 1391.0,
    "pixel_row": 1232.0,
    "population_density": 42.2,
    "position_along": 0.5,
    "protected_area_score": 11.3523,
    "rank": 84,
    "road_access_m": 645.4,
    "road_access_score": 0.6,
    "road_density_km_km2": 0.276,
    "robustness_pct": 0.0,
    "runoff_coeff_C": null,
    "seasonal_cv": null,
    "segment_id": 59,
    "segment_length_m": 791.9399,
    "stream_order": 3,
    "superfund_score": 0.0328,
    "tourism_amenity_density": 1.4324,
    "tri_facility_density": 0.0,
    "usgs_mean_q_cfs": null,
    "velocity_feasibility": 1.0,
    "water_intake_score": 1.0946
   },
   "type": "Feature"
  },
  {
   "geometry": {
    "coordinates": [
     -78.811515,
     35.098587
    ],
    "type": "Point"
   },
   "properties": {
    "accumulation": 32125.0,
    "bank_slope_deg": 3.85,
    "bank_slope_score": 1.0,
    "beach_dist_km": 135.99,
    "bridge_proximity_bonus": 0.0,
    "catchment_area_km2": 3.2076,
    "channel_width_m": 3.39,
    "channel_width_score": 1.0,
    "composite_score": 26.4599,
    "cso_density": 0.0,
    "ej_index": 0.2743,
    "elevation_m": 26.9267,
    "estuary_dist_km": 251.36,
    "feasibility_score": 58.0357,
    "flood_q10_cfs": 199.51,
    "flow_score": 23.2666,
    "flow_velocity_ms": 0.1058,
    "generation_score": 2.494,
    "impact_score": 37.2991,
    "impervious_pct": 2.15,
    "land_ownership": 0.5,
    "lat": 35.0986,
    "litter_complaint_density": 0.0,
    "lon": -78.8115,
    "navigable_dist_m": 7229.4,
    "npdes_points": 0,
    "pixel_col": 1755.0,
    "pixel_row": 336.0,
    "population_density": 60.0,
    "position_along": 0.75,
    "protected_area_score": 10.3686,
    "rank": 85,
    "road_access_m": 141.3,
    "road_access_score": 1.0,
    "road_density_km_km2": 0.888,
    "robustness_pct": 0.0,
    "runoff_coeff_C": 0.0693,
    "seasonal_cv": 0.4483,
    "segment_id": 16,
    "segment_length_m": 3475.2189,
    "stream_order": 3,
    "superfund_score": 0.0399,
    "tourism_amenity_density": 0.0,
    "tri_facility_density": 0.0,
    "usgs_mean_q_cfs": 7.987,
    "velocity_feasibility": 0.7,
    "water_intake_score": 1.1519
   },
   "type": "Feature"
  },
  {
   "geometry": {
    "coordinates": [
     -78.81729,
     34.98077
    ],
    "type": "Point"
   },
   "properties": {
    "accumulation": 217585.0,
    "bank_slope_deg": 10.03,
    "bank_slope_score": 1.0,
    "beach_dist_km": 127.23,
    "bridge_proximity_bonus": 0.0,
    "catchment_area_km2": 21.7251,
    "channel_width_m": 6.79,
    "channel_width_score": 1.0,
    "composite_score": 26.3746,
    "cso_density": 0.0,
    "ej_index": 0.1896,
    "elevation_m": 15.0693,
    "estuary_dist_km": 252.12,
    "feasibility_score": 42.4107,
    "flood_q10_cfs": 659.59,
    "flow_score": 40.2283,
    "flow_velocity_ms": 0.1131,
    "generation_score": 6.0545,
    "impact_score": 27.1319,
    "impervious_pct": 4.18,
    "land_ownership": 0.5,
    "lat": 34.9808,
    "litter_complaint_density": 0.0,
    "lon": -78.8173,
    "navigable_dist_m": 1315.9,
    "npdes_points": 1,
    "pixel_col": 1735.0,
    "pixel_row": 1645.0,
    "population_density": 41.9,
    "position_along": 0.9167,
    "protected_area_score": 8.7369,
    "rank": 86,
    "road_access_m": 432.8,
    "road_access_score": 0.8,
    "road_density_km_km2": 1.023,
    "robustness_pct": 0.0,
    "runoff_coeff_C": 0.0876,
    "seasonal_cv": 0.4704,
    "segment_id": 65,
    "segment_length_m": 9138.2902,
    "stream_order": 3,
    "superfund_score": 0.0154,
    "tourism_amenity_density": 0.0796,
    "tri_facility_density": 0.0,
    "usgs_mean_q_cfs": 19.565,
    "velocity_feasibility": 0.7,
    "water_intake_score": 0.7265
   },
   "type": "Feature"
  },
  {
   "geometry": {
    "coordinates": [
     -78.819966,
     35.096532
    ],
    "type": "Point"
   },
   "properties": {
    "accumulation": 95287.0,
    "bank_slope_deg": 3.63,
    "bank_slope_score": 1.0,
    "beach_dist_km": 136.36,
    "bridge_proximity_bonus": 0.0,
    "catchment_area_km2": 9.5141,
    "channel_width_m": 5.03,
    "channel_width_score": 1.0,
    "composite_score": 25.804,
    "cso_density": 0.0,
    "ej_index": 0.3131,
    "elevation_m": 26.4611,
    "estuary_dist_km": 252.12,
    "feasibility_score": 42.4107,
    "flood_q10_cfs": 383.24,
    "flow_score": 26.0975,
    "flow_velocity_ms": 0.0598,
    "generation_score": 3.269,
    "impact_score": 39.7909,
    "impervious_pct": 2.15,
    "land_ownership": 0.5,
    "lat": 35.0965,
    "litter_complaint_density": 0.0,
    "lon": -78.82,
    "navigable_dist_m": 6607.2,
    "npdes_points": 0,
    "pixel_col": 1678.0,
    "pixel_row": 361.0,
    "population_density": 44.1,
    "position_along": 0.5,
    "protected_area_score": 10.63,
    "rank": 87,
    "road_access_m": 428.5,
    "road_access_score": 0.8,
    "road_density_km_km2": 1.794,
    "robustness_pct": 0.0,
    "runoff_coeff_C": 0.0693,
    "seasonal_cv": 0.4483,
    "segment_id": 17,
    "segment_length_m": 62.3785,
    "stream_order": 3,
    "superfund_score": 0.0418,
    "tourism_amenity_density": 0.0,
    "tri_facility_density": 0.0,
    "usgs_mean_q_cfs": 7.987,
    "velocity_feasibility": 0.7,
    "water_intake_score": 1.2344
   },
   "type": "Feature"
  },
  {
   "geometry": {
    "coordinates": [
     -78.772928,
     35.050493
    ],
    "type": "Point"
   },
   "properties": {
    "accumulation": 25069.0,
    "bank_slope_deg": 0.12,
    "bank_slope_score": 1.0,
    "beach_dist_km": 129.7,
    "bridge_proximity_bonus": 0.0,
    "catchment_area_km2": 2.5031,
    "channel_width_m": 3.1,
    "channel_width_score": 1.0,
    "composite_score": 25.6624,
    "cso_density": 0.0,
    "ej_index": 0.2763,
    "elevation_m": 37.0626,
    "estuary_dist_km": 247.86,
    "feasibility_score": 42.4107,
    "flood_q10_cfs": 192.79,
    "flow_score": 22.4949,
    "flow_velocity_ms": 0.0673,
    "generation_score": 12.536,
    "impact_score": 33.0543,
    "impervious_pct": 7.08,
    "land_ownership": 0.5,
    "lat": 35.0505,
    "litter_complaint_density": 0.0,
    "lon": -78.7729,
    "navigable_dist_m": 7818.0,
    "npdes_points": 0,
    "pixel_col": 2120.0,
    "pixel_row": 859.0,
    "population_density": 293.0,
    "position_along": 0.5,
    "protected_area_score": 8.6572,
    "rank": 88,
    "road_access_m": 204.5,
    "road_access_score": 0.8,
    "road_density_km_km2": 3.564,
    "robustness_pct": 0.0,
    "runoff_coeff_C": 0.1137,
    "seasonal_cv": 0.4466,
    "segment_id": 42,
    "segment_length_m": 516.588,
    "stream_order": 3,
    "superfund_score": 0.039,
    "tourism_amenity_density": 0.4775,
    "tri_facility_density": 0.0,
    "usgs_mean_q_cfs": 7.558,
    "velocity_feasibility": 0.7,
    "water_intake_score": 0.8257
   },
   "type": "Feature"
  },
  {
   "geometry": {
    "coordinates": [
     -78.84344,
     35.106726
    ],
    "type": "Point"
   },
   "properties": {
    "accumulation": 40451.0,
    "bank_slope_deg": 3.78,
    "bank_slope_score": 1.0,
    "beach_dist_km": 138.66,
    "bridge_proximity_bonus": 0.0,
    "catchment_area_km2": 4.0389,
    "channel_width_m": 3.68,
    "channel_width_score": 1.0,
    "composite_score": 25.6157,
    "cso_density": 0.0,
    "ej_index": 0.3509,
    "elevation_m": 25.5227,
    "estuary_dist_km": 254.27,
    "feasibility_score": 37.5,
    "flood_q10_cfs": 217.94,
    "flow_score": 27.3431,
    "flow_velocity_ms": 0.5,
    "generation_score": 0.7724,
    "impact_score": 43.0773,
    "impervious_pct": null,
    "land_ownership": 0.5,
    "lat": 35.1067,
    "litter_complaint_density": 0.0,
    "lon": -78.8434,
    "navigable_dist_m": 6866.7,
    "npdes_points": 0,
    "pixel_col": 1461.0,
    "pixel_row": 250.0,
    "population_density": 28.6,
    "position_along": 0.5,
    "protected_area_score": 11.5996,
    "rank": 89,
    "road_access_m": 805.5,
    "road_access_score": 0.6,
    "road_density_km_km2": 0.939,
    "robustness_pct": 0.0,
    "runoff_coeff_C": null,
    "seasonal_cv": null,
    "segment_id": 15,
    "segment_length_m": 255.3673,
    "stream_order": 1,
    "superfund_score": 0.0401,
    "tourism_amenity_density": 0.2387,
    "tri_facility_density": 0.0,
    "usgs_mean_q_cfs": null,
    "velocity_feasibility": 1.0,
    "water_intake_score": 1.3668
   },
   "type": "Feature"
  },
  {
   "geometry": {
    "coordinates": [
     -78.773036,
     35.052395
    ],
    "type": "Point"
   },
   "properties": {
    "accumulation": 21868.0,
    "bank_slope_deg": 0.17,
    "bank_slope_score": 1.0,
    "beach_dist_km": 129.86,
    "bridge_proximity_bonus": 0.0,
    "catchment_area_km2": 2.1834,
    "channel_width_m": 2.95,
    "channel_width_score": 1.0,
    "composite_score": 25.3851,
    "cso_density": 0.0,
    "ej_index": 0.2688,
    "elevation_m": 36.9631,
    "estuary_dist_km": 247.87,
    "feasibility_score": 43.75,
    "flood_q10_cfs": 177.61,
    "flow_score": 21.7344,
    "flow_velocity_ms": 0.0407,
    "generation_score": 11.7822,
    "impact_score": 32.8477,
    "impervious_pct": 7.08,
    "land_ownership": 0.5,
    "lat": 35.0524,
    "litter_complaint_density": 0.0,
    "lon": -78.773,
    "navigable_dist_m": 7824.1,
    "npdes_points": 0,
    "pixel_col": 2117.0,
    "pixel_row": 840.0,
    "population_density": 289.3,
    "position_along": 0.5,
    "protected_area_score": 8.6918,
    "rank": 90,
    "road_access_m": 136.4,
    "road_access_score": 1.0,
    "road_density_km_km2": 2.973,
    "robustness_pct": 0.0,
    "runoff_coeff_C": 0.1137,
    "seasonal_cv": 0.4466,
    "segment_id": 39,
    "segment_length_m": 273.6375,
    "stream_order": 3,
    "superfund_score": 0.0381,
    "tourism_amenity_density": 0.3183,
    "tri_facility_density": 0.0,
    "usgs_mean_q_cfs": 7.558,
    "velocity_feasibility": 0.3,
    "water_intake_score": 0.8313
   },
   "type": "Feature"
  },
  {
   "geometry": {
    "coordinates": [
     -78.808361,
     35.074683
    ],
    "type": "Point"
   },
   "properties": {
    "accumulation": 98851.0,
    "bank_slope_deg": 1.89,
    "bank_slope_score": 1.0,
    "beach_dist_km": 133.88,
    "bridge_proximity_bonus": 0.0,
    "catchment_area_km2": 9.8699,
    "channel_width_m": 5.1,
    "channel_width_score": 1.0,
    "composite_score": 25.0176,
    "cso_density": 0.0,
    "ej_index": 0.2315,
    "elevation_m": 28.5458,
    "estuary_dist_km": 251.06,
    "feasibility_score": 42.4107,
    "flood_q10_cfs": 414.27,
    "flow_score": 12.4384,
    "flow_velocity_ms": 0.1672,
    "generation_score": 14.4239,
    "impact_score": 37.3976,
    "impervious_pct": 4.55,
    "land_ownership": 0.5,
    "lat": 35.0747,
    "litter_complaint_density": 0.0,
    "lon": -78.8084,
    "navigable_dist_m": 5563.2,
    "npdes_points": 3,
    "pixel_col": 1790.0,
    "pixel_row": 597.0,
    "population_density": 60.5,
    "position_along": 0.7,
    "protected_area_score": 10.2411,
    "rank": 91,
    "road_access_m": 201.3,
    "road_access_score": 0.8,
    "road_density_km_km2": 3.342,
    "robustness_pct": 0.0,
    "runoff_coeff_C": 0.091,
    "seasonal_cv": 0.4291,
    "segment_id": 29,
    "segment_length_m": 7827.7537,
    "stream_order": 1,
    "superfund_score": 0.047,
    "tourism_amenity_density": 0.1592,
    "tri_facility_density": 0.0,
    "usgs_mean_q_cfs": 2.097,
    "velocity_feasibility": 0.7,
    "water_intake_score": 1.151
   },
   "type": "Feature"
  },
  {
   "geometry": {
    "coordinates": [
     -78.804177,
     34.979911
    ],
    "type": "Point"
   },
   "properties": {
    "accumulation": 250727.0,
    "bank_slope_deg": 3.91,
    "bank_slope_score": 1.0,
    "beach_dist_km": 126.28,
    "bridge_proximity_bonus": 0.0,
    "catchment_area_km2": 25.0342,
    "channel_width_m": 7.15,
    "channel_width_score": 1.0,
    "composite_score": 24.9454,
    "cso_density": 0.0,
    "ej_index": 0.1951,
    "elevation_m": 11.2831,
    "estuary_dist_km": 250.93,
    "feasibility_score": 26.7857,
    "flood_q10_cfs": 718.19,
    "flow_score": 41.1292,
    "flow_velocity_ms": 0.0776,
    "generation_score": 8.3752,
    "impact_score": 27.1089,
    "impervious_pct": 4.18,
    "land_ownership": 0.5,
    "lat": 34.9799,
    "litter_complaint_density": 0.0,
    "lon": -78.8042,
    "navigable_dist_m": 619.2,
    "npdes_points": 2,
    "pixel_col": 1855.0,
    "pixel_row": 1650.0,
    "population_density": 42.3,
    "position_along": 0.5,
    "protected_area_score": 8.4484,
    "rank": 92,
    "road_access_m": 897.0,
    "road_access_score": 0.6,
    "road_density_km_km2": 0.808,
    "robustness_pct": 0.0,
    "runoff_coeff_C": 0.0876,
    "seasonal_cv": 0.4704,
    "segment_id": 82,
    "segment_length_m": 2026.9709,
    "stream_order": 3,
    "superfund_score": 0.0159,
    "tourism_amenity_density": 0.0,
    "tri_facility_density": 0.0,
    "usgs_mean_q_cfs": 19.565,
    "velocity_feasibility": 0.7,
    "water_intake_score": 0.6881
   },
   "type": "Feature"
  },
  {
   "geometry": {
    "coordinates": [
     -78.778595,
     35.009618
    ],
    "type": "Point"
   },
   "properties": {
    "accumulation": 46221.0,
    "bank_slope_deg": 0.61,
    "bank_slope_score": 1.0,
    "beach_dist_km": 126.85,
    "bridge_proximity_bonus": 0.0,
    "catchment_area_km2": 4.615,
    "channel_width_m": 3.87,
    "channel_width_score": 1.0,
    "composite_score": 24.8566,
    "cso_density": 0.0,
    "ej_index": 0.1552,
    "elevation_m": 33.6141,
    "estuary_dist_km": 248.48,
    "feasibility_score": 61.1607,
    "flood_q10_cfs": 250.65,
    "flow_score": 25.0178,
    "flow_velocity_ms": 0.1252,
    "generation_score": 2.8474,
    "impact_score": 28.5793,
    "impervious_pct": 2.57,
    "land_ownership": 1.0,
    "lat": 35.0096,
    "litter_complaint_density": 0.0,
    "lon": -78.7786,
    "navigable_dist_m": 3494.9,
    "npdes_points": 0,
    "pixel_col": 2077.0,
    "pixel_row": 1314.0,
    "population_density": 50.4,
    "position_along": 0.25,
    "protected_area_score": 8.576,
    "rank": 93,
    "road_access_m": 484.4,
    "road_access_score": 0.8,
    "road_density_km_km2": 1.131,
    "robustness_pct": 0.0,
    "runoff_coeff_C": 0.0731,
    "seasonal_cv": 0.4374,
    "segment_id": 64,
    "segment_length_m": 4081.3218,
    "stream_order": 3,
    "superfund_score": 0.0354,
    "tourism_amenity_density": 0.0,
    "tri_facility_density": 0.0,
    "usgs_mean_q_cfs": 8.147,
    "velocity_feasibility": 0.7,
    "water_intake_score": 0.7217
   },
   "type": "Feature"
  },
  {
   "geometry": {
    "coordinates": [
     -78.791068,
     35.019917
    ],
    "type": "Point"
   },
   "properties": {
    "accumulation": 85130.0,
    "bank_slope_deg": 0.21,
    "bank_slope_score": 1.0,
    "beach_dist_km": 128.46,
    "bridge_proximity_bonus": 0.0,
    "catchment_area_km2": 8.4999,
    "channel_width_m": 4.83,
    "channel_width_score": 1.0,
    "composite_score": 24.6831,
    "cso_density": 0.0,
    "ej_index": 0.3138,
    "elevation_m": 30.073,
    "estuary_dist_km": 249.58,
    "feasibility_score": 26.7857,
    "flood_q10_cfs": 361.68,
    "flow_score": 26.4697,
    "flow_velocity_ms": 0.0871,
    "generation_score": 12.3761,
    "impact_score": 34.45,
    "impervious_pct": 2.57,
    "land_ownership": 0.5,
    "lat": 35.0199,
    "litter_complaint_density": 0.0,
    "lon": -78.7911,
    "navigable_dist_m": 4582.6,
    "npdes_points": 3,
    "pixel_col": 1960.0,
    "pixel_row": 1203.0,
    "population_density": 86.6,
    "position_along": 0.75,
    "protected_area_score": 9.2181,
    "rank": 94,
    "road_access_m": 564.1,
    "road_access_score": 0.6,
    "road_density_km_km2": 2.159,
    "robustness_pct": 0.0,
    "runoff_coeff_C": 0.0731,
    "seasonal_cv": 0.4374,
    "segment_id": 64,
    "segment_length_m": 4081.3218,
    "stream_order": 3,
    "superfund_score": 0.0319,
    "tourism_amenity_density": 0.0,
    "tri_facility_density": 0.0,
    "usgs_mean_q_cfs": 8.147,
    "velocity_feasibility": 0.7,
    "water_intake_score": 0.8229
   },
   "type": "Feature"
  },
  {
   "geometry": {
    "coordinates": [
     -78.810907,
     34.982224
    ],
    "type": "Point"
   },
   "properties": {
    "accumulation": 26944.0,
    "bank_slope_deg": 3.25,
    "bank_slope_score": 1.0,
    "beach_dist_km": 126.91,
    "bridge_proximity_bonus": 0.0,
    "catchment_area_km2": 2.6903,
    "channel_width_m": 3.18,
    "channel_width_score": 1.0,
    "composite_score": 23.9144,
    "cso_density": 0.0,
    "ej_index": 0.1579,
    "elevation_m": 20.927,
    "estuary_dist_km": 251.53,
    "feasibility_score": 37.5,
    "flood_q10_cfs": 170.76,
    "flow_score": 40.4617,
    "flow_velocity_ms": 0.5,
    "generation_score": 1.0271,
    "impact_score": 26.2196,
    "impervious_pct": null,
    "land_ownership": 0.5,
    "lat": 34.9822,
    "litter_complaint_density": 0.0,
    "lon": -78.8109,
    "navigable_dist_m": 1140.5,
    "npdes_points": 0,
    "pixel_col": 1791.0,
    "pixel_row": 1628.0,
    "population_density": 43.1,
    "position_along": 0.5,
    "protected_area_score": 8.5544,
    "rank": 95,
    "road_access_m": 521.0,
    "road_access_score": 0.6,
    "road_density_km_km2": 0.938,
    "robustness_pct": 0.0,
    "runoff_coeff_C": null,
    "seasonal_cv": null,
    "segment_id": 81,
    "segment_length_m": 995.9253,
    "stream_order": 3,
    "superfund_score": 0.016,
    "tourism_amenity_density": 0.0,
    "tri_facility_density": 0.0,
    "usgs_mean_q_cfs": null,
    "velocity_feasibility": 1.0,
    "water_intake_score": 0.7167
   },
   "type": "Feature"
  },
  {
   "geometry": {
    "coordinates": [
     -78.803072,
     35.080293
    ],
    "type": "Point"
   },
   "properties": {
    "accumulation": 79186.0,
    "bank_slope_deg": 1.44,
    "bank_slope_score": 1.0,
    "beach_dist_km": 133.99,
    "bridge_proximity_bonus": 0.0,
    "catchment_area_km2": 7.9064,
    "channel_width_m": 4.7,
    "channel_width_score": 1.0,
    "composite_score": 23.7498,
    "cso_density": 0.0,
    "ej_index": 0.2077,
    "elevation_m": 29.1056,
    "estuary_dist_km": 250.58,
    "feasibility_score": 42.4107,
    "flood_q10_cfs": 358.09,
    "flow_score": 14.2541,
    "flow_velocity_ms": 0.1234,
    "generation_score": 10.2132,
    "impact_score": 35.869,
    "impervious_pct": 4.01,
    "land_ownership": 0.5,
    "lat": 35.0803,
    "litter_complaint_density": 0.0,
    "lon": -78.8031,
    "navigable_dist_m": 6318.8,
    "npdes_points": 1,
    "pixel_col": 1837.0,
    "pixel_row": 538.0,
    "population_density": 78.4,
    "position_along": 0.5,
    "protected_area_score": 10.073,
    "rank": 96,
    "road_access_m": 369.2,
    "road_access_score": 0.8,
    "road_density_km_km2": 4.123,
    "robustness_pct": 0.0,
    "runoff_coeff_C": 0.0861,
    "seasonal_cv": 0.4536,
    "segment_id": 29,
    "segment_length_m": 7827.7537,
    "stream_order": 1,
    "superfund_score": 0.0425,
    "tourism_amenity_density": 0.3183,
    "tri_facility_density": 0.0,
    "usgs_mean_q_cfs": 10.564,
    "velocity_feasibility": 0.7,
    "water_intake_score": 1.1066
   },
   "type": "Feature"
  },
  {
   "geometry": {
    "coordinates": [
     -78.819147,
     35.104644
    ],
    "type": "Point"
   },
   "properties": {
    "accumulation": 41426.0,
    "bank_slope_deg": 3.29,
    "bank_slope_score": 1.0,
    "beach_dist_km": 136.95,
    "bridge_proximity_bonus": 0.0,
    "catchment_area_km2": 4.1362,
    "channel_width_m": 3.72,
    "channel_width_score": 1.0,
    "composite_score": 22.9011,
    "cso_density": 0.0,
    "ej_index": 0.3494,
    "elevation_m": 26.5966,
    "estuary_dist_km": 252.06,
    "feasibility_score": 28.125,
    "flood_q10_cfs": 228.72,
    "flow_score": 24.5621,
    "flow_velocity_ms": 0.0479,
    "generation_score": 2.2768,
    "impact_score": 39.5292,
    "impervious_pct": 1.46,
    "land_ownership": 0.5,
    "lat": 35.1046,
    "litter_complaint_density": 0.0,
    "lon": -78.8191,
    "navigable_dist_m": 7420.9,
    "npdes_points": 0,
    "pixel_col": 1685.0,
    "pixel_row": 271.0,
    "population_density": 29.2,
    "position_along": 0.5,
    "protected_area_score": 10.624,
    "rank": 97,
    "road_access_m": 409.8,
    "road_access_score": 0.8,
    "road_density_km_km2": 1.506,
    "robustness_pct": 0.0,
    "runoff_coeff_C": 0.0631,
    "seasonal_cv": 0.4597,
    "segment_id": 6,
    "segment_length_m": 1863.959,
    "stream_order": 3,
    "superfund_score": 0.0367,
    "tourism_amenity_density": 0.0,
    "tri_facility_density": 0.0,
    "usgs_mean_q_cfs": 12.04,
    "velocity_feasibility": 0.3,
    "water_intake_score": 1.1899
   },
   "type": "Feature"
  },
  {
   "geometry": {
    "coordinates": [
     -78.790846,
     35.08321
    ],
    "type": "Point"
   },
   "properties": {
    "accumulation": 65473.0,
    "bank_slope_deg": 0.11,
    "bank_slope_score": 1.0,
    "beach_dist_km": 133.45,
    "bridge_proximity_bonus": 0.0,
    "catchment_area_km2": 6.5373,
    "channel_width_m": 4.39,
    "channel_width_score": 1.0,
    "composite_score": 22.6575,
    "cso_density": 0.0,
    "ej_index": 0.1761,
    "elevation_m": 30.4538,
    "estuary_dist_km": 249.47,
    "feasibility_score": 42.4107,
    "flood_q10_cfs": 318.42,
    "flow_score": 11.7592,
    "flow_velocity_ms": 0.1079,
    "generation_score": 11.5553,
    "impact_score": 32.9649,
    "impervious_pct": 3.87,
    "land_ownership": 0.5,
    "lat": 35.0832,
    "litter_complaint_density": 0.0,
    "lon": -78.7908,
    "navigable_dist_m": 7416.1,
    "npdes_points": 1,
    "pixel_col": 1948.0,
    "pixel_row": 503.0,
    "population_density": 110.0,
    "position_along": 0.3,
    "protected_area_score": 9.6282,
    "rank": 98,
    "road_access_m": 233.0,
    "road_access_score": 0.8,
    "road_density_km_km2": 4.865,
    "robustness_pct": 0.0,
    "runoff_coeff_C": 0.0848,
    "seasonal_cv": 0.4437,
    "segment_id": 29,
    "segment_length_m": 7827.7537,
    "stream_order": 1,
    "superfund_score": 0.042,
    "tourism_amenity_density": 0.1592,
    "tri_facility_density": 0.0,
    "usgs_mean_q_cfs": 7.902,
    "velocity_feasibility": 0.7,
    "water_intake_score": 1.0039
   },
   "type": "Feature"
  },
  {
   "geometry": {
    "coordinates": [
     -78.785453,
     35.080277
    ],
    "type": "Point"
   },
   "properties": {
    "accumulation": 33609.0,
    "bank_slope_deg": 2.28,
    "bank_slope_score": 1.0,
    "beach_dist_km": 132.88,
    "bridge_proximity_bonus": 0.0,
    "catchment_area_km2": 3.3557,
    "channel_width_m": 3.45,
    "channel_width_score": 1.0,
    "composite_score": 21.4039,
    "cso_density": 0.0,
    "ej_index": 0.1678,
    "elevation_m": 33.6514,
    "estuary_dist_km": 248.98,
    "feasibility_score": 43.75,
    "flood_q10_cfs": 215.81,
    "flow_score": 5.9128,
    "flow_velocity_ms": 0.0465,
    "generation_score": 13.0073,
    "impact_score": 31.5367,
    "impervious_pct": 4.36,
    "land_ownership": 0.5,
    "lat": 35.0803,
    "litter_complaint_density": 0.0,
    "lon": -78.7855,
    "navigable_dist_m": 7663.9,
    "npdes_points": 1,
    "pixel_col": 1997.0,
    "pixel_row": 533.0,
    "population_density": 132.4,
    "position_along": 0.1,
    "protected_area_score": 9.1998,
    "rank": 99,
    "road_access_m": 175.9,
    "road_access_score": 1.0,
    "road_density_km_km2": 5.532,
    "robustness_pct": 0.0,
    "runoff_coeff_C": 0.0892,
    "seasonal_cv": 0.4186,
    "segment_id": 29,
    "segment_length_m": 7827.7537,
    "stream_order": 1,
    "superfund_score": 0.0409,
    "tourism_amenity_density": 0.1592,
    "tri_facility_density": 0.0,
    "usgs_mean_q_cfs": 2.32,
    "velocity_feasibility": 0.3,
    "water_intake_score": 0.9618
   },
   "type": "Feature"
  },
  {
   "geometry": {
    "coordinates": [
     -78.800623,
     35.108571
    ],
    "type": "Point"
   },
   "properties": {
    "accumulation": 23963.0,
    "bank_slope_deg": 0.52,
    "bank_slope_score": 1.0,
    "beach_dist_km": 136.11,
    "bridge_proximity_bonus": 0.0,
    "catchment_area_km2": 2.3926,
    "channel_width_m": 3.05,
    "channel_width_score": 1.0,
    "composite_score": 17.7792,
    "cso_density": 0.0,
    "ej_index": 0.2408,
    "elevation_m": 28.3036,
    "estuary_dist_km": 250.38,
    "feasibility_score": 12.5,
    "flood_q10_cfs": 165.34,
    "flow_score": 18.0522,
    "flow_velocity_ms": 0.0433,
    "generation_score": 3.3033,
    "impact_score": 34.6672,
    "impervious_pct": 1.64,
    "land_ownership": 0.5,
    "lat": 35.1086,
    "litter_complaint_density": 0.0,
    "lon": -78.8006,
    "navigable_dist_m": 8711.4,
    "npdes_points": 0,
    "pixel_col": 1852.0,
    "pixel_row": 223.0,
    "population_density": 73.7,
    "position_along": 0.25,
    "protected_area_score": 10.1802,
    "rank": 100,
    "road_access_m": 533.4,
    "road_access_score": 0.6,
    "road_density_km_km2": 1.625,
    "robustness_pct": 0.0,
    "runoff_coeff_C": 0.0648,
    "seasonal_cv": 0.4144,
    "segment_id": 16,
    "segment_length_m": 3475.2189,
    "stream_order": 3,
    "superfund_score": 0.0449,
    "tourism_amenity_density": 0.4775,
    "tri_facility_density": 0.0,
    "usgs_mean_q_cfs": 0.885,
    "velocity_feasibility": 0.3,
    "water_intake_score": 1.0315
   },
   "type": "Feature"
  },
  {
   "geometry": {
    "coordinates": [
     -78.77166,
     35.087631
    ],
    "type": "Point"
   },
   "properties": {
    "accumulation": 23617.0,
    "bank_slope_deg": 0.43,
    "bank_slope_score": 1.0,
    "beach_dist_km": 132.61,
    "bridge_proximity_bonus": 0.0,
    "catchment_area_km2": 2.3581,
    "channel_width_m": 3.03,
    "channel_width_score": 1.0,
    "composite_score": 17.3367,
    "cso_density": 0.0,
    "ej_index": 0.1666,
    "elevation_m": 34.3158,
    "estuary_dist_km": 247.72,
    "feasibility_score": 28.125,
    "flood_q10_cfs": 168.07,
    "flow_score": 5.4878,
    "flow_velocity_ms": 0.0424,
    "generation_score": 9.5123,
    "impact_score": 29.641,
    "impervious_pct": 2.72,
    "land_ownership": 0.5,
    "lat": 35.0876,
    "litter_complaint_density": 0.0,
    "lon": -78.7717,
    "navigable_dist_m": 9161.2,
    "npdes_points": 1,
    "pixel_col": 2122.0,
    "pixel_row": 446.0,
    "population_density": 129.0,
    "position_along": 0.5,
    "protected_area_score": 8.733,
    "rank": 101,
    "road_access_m": 226.3,
    "road_access_score": 0.8,
    "road_density_km_km2": 3.387,
    "robustness_pct": 0.0,
    "runoff_coeff_C": 0.0745,
    "seasonal_cv": 0.4196,
    "segment_id": 20,
    "segment_length_m": 177.1431,
    "stream_order": 1,
    "superfund_score": 0.056,
    "tourism_amenity_density": 0.1592,
    "tri_facility_density": 0.0,
    "usgs_mean_q_cfs": 3.445,
    "velocity_feasibility": 0.3,
    "water_intake_score": 0.8635
   },
   "type": "Feature"
  },
  {
   "geometry": {
    "coordinates": [
     -78.767404,
     35.104819
    ],
    "type": "Point"
   },
   "properties": {
    "accumulation": 23434.0,
    "bank_slope_deg": 0.09,
    "bank_slope_score": 1.0,
    "beach_dist_km": 133.76,
    "bridge_proximity_bonus": 0.0,
    "catchment_area_km2": 2.3398,
    "channel_width_m": 3.02,
    "channel_width_score": 1.0,
    "composite_score": 16.8241,
    "cso_density": 0.0,
    "ej_index": 0.1756,
    "elevation_m": 34.8704,
    "estuary_dist_km": 247.35,
    "feasibility_score": 26.7857,
    "flood_q10_cfs": 169.44,
    "flow_score": 6.5738,
    "flow_velocity_ms": 0.0839,
    "generation_score": 4.3257,
    "impact_score": 32.8836,
    "impervious_pct": 3.27,
    "land_ownership": 0.5,
    "lat": 35.1048,
    "litter_complaint_density": 0.0,
    "lon": -78.7674,
    "navigable_dist_m": 10556.2,
    "npdes_points": 0,
    "pixel_col": 2156.0,
    "pixel_row": 258.0,
    "population_density": 43.2,
    "position_along": 0.5,
    "protected_area_score": 8.8824,
    "rank": 102,
    "road_access_m": 532.1,
    "road_access_score": 0.6,
    "road_density_km_km2": 2.166,
    "robustness_pct": 0.0,
    "runoff_coeff_C": 0.0794,
    "seasonal_cv": 0.4286,
    "segment_id": 14,
    "segment_length_m": 1075.5698,
    "stream_order": 1,
    "superfund_score": 0.4387,
    "tourism_amenity_density": 0.4775,
    "tri_facility_density": 0.0,
    "usgs_mean_q_cfs": 4.09,
    "velocity_feasibility": 0.7,
    "water_intake_score": 0.8229
   },
   "type": "Feature"
  },
  {
   "geometry": {
    "coordinates": [
     -78.785827,
     35.118351
    ],
    "type": "Point"
   },
   "properties": {
    "accumulation": 30210.0,
    "bank_slope_deg": 0.21,
    "bank_slope_score": 1.0,
    "beach_dist_km": 136.0,
    "bridge_proximity_bonus": 0.0,
    "catchment_area_km2": 3.0164,
    "channel_width_m": 3.31,
    "channel_width_score": 1.0,
    "composite_score": 15.3613,
    "cso_density": 0.0,
    "ej_index": 0.1883,
    "elevation_m": 28.9784,
    "estuary_dist_km": 249.05,
    "feasibility_score": 26.7857,
    "flood_q10_cfs": 187.21,
    "flow_score": 4.9984,
    "flow_velocity_ms": 0.055,
    "generation_score": 2.503,
    "impact_score": 31.1433,
    "impervious_pct": 1.0,
    "land_ownership": 0.5,
    "lat": 35.1184,
    "litter_complaint_density": 0.0,
    "lon": -78.7858,
    "navigable_dist_m": 10400.2,
    "npdes_points": 0,
    "pixel_col": 1986.0,
    "pixel_row": 112.0,
    "population_density": 95.2,
    "position_along": 0.5,
    "protected_area_score": 9.756,
    "rank": 103,
    "road_access_m": 622.3,
    "road_access_score": 0.6,
    "road_density_km_km2": 0.926,
    "robustness_pct": 0.0,
    "runoff_coeff_C": 0.059,
    "seasonal_cv": 0.4177,
    "segment_id": 0,
    "segment_length_m": 1976.1268,
    "stream_order": 1,
    "superfund_score": 0.0774,
    "tourism_amenity_density": 0.4775,
    "tri_facility_density": 0.0,
    "usgs_mean_q_cfs": 1.707,
    "velocity_feasibility": 0.7,
    "water_intake_score": 0.904
   },
   "type": "Feature"
  },
  {
   "geometry": {
    "coordinates": [
     -78.775535,
     34.999102
    ],
    "type": "Point"
   },
   "properties": {
    "accumulation": 25227.0,
    "bank_slope_deg": 0.26,
    "bank_slope_score": 1.0,
    "beach_dist_km": 125.84,
    "bridge_proximity_bonus": 0.0,
    "catchment_area_km2": 2.5188,
    "channel_width_m": 3.1,
    "channel_width_score": 1.0,
    "composite_score": 14.3818,
    "cso_density": 0.0,
    "ej_index": 0.1523,
    "elevation_m": 35.8023,
    "estuary_dist_km": 248.24,
    "feasibility_score": 26.7857,
    "flood_q10_cfs": 170.96,
    "flow_score": 6.0686,
    "flow_velocity_ms": 0.0978,
    "generation_score": 2.3329,
    "impact_score": 27.1564,
    "impervious_pct": 1.75,
    "land_ownership": 0.5,
    "lat": 34.9991,
    "litter_complaint_density": 0.0,
    "lon": -78.7755,
    "navigable_dist_m": 2420.9,
    "npdes_points": 0,
    "pixel_col": 2110.0,
    "pixel_row": 1430.0,
    "population_density": 50.6,
    "position_along": 0.5,
    "protected_area_score": 8.155,
    "rank": 104,
    "road_access_m": 753.6,
    "road_access_score": 0.6,
    "road_density_km_km2": 1.088,
    "robustness_pct": 0.0,
    "runoff_coeff_C": 0.0658,
    "seasonal_cv": 0.4045,
    "segment_id": 73,
    "segment_length_m": 411.8156,
    "stream_order": 1,
    "superfund_score": 0.0296,
    "tourism_amenity_density": 0.0,
    "tri_facility_density": 0.0,
    "usgs_mean_q_cfs": 1.952,
    "velocity_feasibility": 0.7,
    "water_intake_score": 0.6704
   },
   "type": "Feature"
  }
 ],
 "note": "GRIME region 'Fayetteville, NC' \u2014 real-data pipeline (DEM\u2192streams\u2192candidates\u2192stream mask (sites confined to \u00b1150 m of mapped OSM/NHD waterways)\u2192region-appropriate real parameters\u2192shipped scoring, math unchanged). Width curve: Bieger et al. 2015 JAWRA Table 3, Atlantic Plain. Flood: SIR 2014-5030 HR4 (I24H50Y: NOAA Atlas 14). NC Coastal Plain (SIR 2014-5030 HR4; I24H50Y from NOAA Atlas 14 at region center); straddles the SIR Sand Hills strip (HR3 not separable under DEQ 3-province physiography \u2014 HR4 applied, noted)",
 "provenance": {
  "candidates_pre_gate": 109,
  "constant": [
   "channel_width_score",
   "cso_density",
   "litter_complaint_density"
  ],
  "gated_navigable": 5,
  "hard_gate_removed": 5,
  "n_parameters": 27,
  "parameters": {
   "bank_slope_score": {
    "kind": "real",
    "n_real": 109,
    "n_sites": 109,
    "source": "region DEM gradient (3x3)"
   },
   "beach_dist_km": {
    "kind": "real",
    "n_real": 109,
    "n_sites": 109,
    "source": "haversine to region ref: Wrightsville Beach (shipped NC reference)"
   },
   "bridge_proximity_bonus": {
    "kind": "real",
    "n_real": 109,
    "n_sites": 109,
    "source": "FHWA/BTS NBI (NTAD), 50 m proximity"
   },
   "catchment_area_km2": {
    "kind": "real",
    "n_real": 109,
    "n_sites": 109,
    "source": "DEM flow accumulation (pipeline)"
   },
   "channel_width_score": {
    "kind": "real",
    "n_real": 109,
    "n_sites": 109,
    "source": "Bieger 2015 APL width curve on DEM drainage area \u2192 shipped width curve"
   },
   "cso_density": {
    "kind": "real",
    "n_real": 109,
    "n_sites": 109,
    "source": "EPA ECHO CSO inventory (national bulk), Cauchy proximity"
   },
   "ej_index": {
    "kind": "real",
    "n_real": 109,
    "n_sites": 109,
    "source": "Census ACS C17002+B03002 two-component demographic index, percentile-ranked within region"
   },
   "estuary_dist_km": {
    "kind": "real",
    "n_real": 109,
    "n_sites": 109,
    "source": "haversine to region ref: Pamlico Sound (shipped NC reference)"
   },
   "flood_q10_cfs": {
    "kind": "real",
    "n_real": 109,
    "n_sites": 109,
    "source": "USGS SIR 2014-5030 Table 7 HR4 (NC Coastal Plain; I24H50Y from NOAA Atlas 14 at region center)"
   },
   "flow_velocity_ms": {
    "kind": "real",
    "n_real": 85,
    "n_sites": 109,
    "source": "Manning (region DEM/D8) blended with EROM continuity (shipped M4 logic)"
   },
   "impervious_pct": {
    "kind": "real",
    "n_real": 85,
    "n_sites": 109,
    "source": "EPA StreamCat pctimp2019 (per NHDPlus watershed)"
   },
   "land_ownership": {
    "kind": "real",
    "n_real": 93,
    "n_sites": 109,
    "source": "NC OneMap statewide parcels (NC Parcels Transformer) ownname"
   },
   "litter_complaint_density": {
    "kind": "fallback",
    "n_real": 0,
    "n_sites": 109,
    "source": "no machine-readable 311/litter source for this region"
   },
   "navigable_dist_m": {
    "kind": "real",
    "n_real": 109,
    "n_sites": 109,
    "source": "USACE/BTS National Waterway Network lines (NTAD, retrieved 2026-07-10), distance to nearest navigable segment"
   },
   "npdes_points": {
    "kind": "real",
    "n_real": 109,
    "n_sites": 109,
    "source": "EPA ECHO NPDES outfalls (national bulk), per catchment"
   },
   "population_density": {
    "kind": "real",
    "n_real": 109,
    "n_sites": 109,
    "source": "Census ACS 2022 B01003 block groups (bbox, multi-county), area-weighted"
   },
   "protected_area_score": {
    "kind": "real",
    "n_real": 109,
    "n_sites": 109,
    "source": "USGS PAD-US 4.1 NC state clip (local GDB, retrieved 2026-07-10), shipped designation-weighted proximity curve"
   },
   "road_access_score": {
    "kind": "real",
    "n_real": 109,
    "n_sites": 109,
    "source": "OSM drive network nearest-node distance"
   },
   "road_density_km_km2": {
    "kind": "real",
    "n_real": 109,
    "n_sites": 109,
    "source": "OSM drive network (osmnx, cached) clipped per catchment"
   },
   "runoff_coeff_C": {
    "kind": "real",
    "n_real": 85,
    "n_sites": 109,
    "source": "derived from real impervious_pct (C=0.05+0.009*I)"
   },
   "seasonal_cv": {
    "kind": "real",
    "n_real": 85,
    "n_sites": 109,
    "source": "CV of NHDPlus EROM monthly flows per COMID"
   },
   "stream_order": {
    "kind": "real",
    "n_real": 109,
    "n_sites": 109,
    "source": "DEM stream-network confluence heuristic (pipeline)"
   },
   "superfund_score": {
    "kind": "real",
    "n_real": 109,
    "n_sites": 109,
    "source": "EPA Envirofacts SEMS state=NC (sign-fixed, georeferenced sites), shipped 500 m inverse-distance curve"
   },
   "tourism_amenity_density": {
    "kind": "real",
    "n_real": 109,
    "n_sites": 109,
    "source": "OSM leisure/tourism features per 2 km radius"
   },
   "tri_facility_density": {
    "kind": "real",
    "n_real": 109,
    "n_sites": 109,
    "source": "EPA Envirofacts TRI state=NC (sign-fixed), per catchment"
   },
   "usgs_mean_q_cfs": {
    "kind": "real",
    "n_real": 85,
    "n_sites": 109,
    "source": "NHDPlus EROM qe_ma per COMID (snap-guarded)"
   },
   "velocity_feasibility": {
    "kind": "real",
    "n_real": 85,
    "n_sites": 109,
    "source": "shipped step curve on the computed velocity"
   },
   "velocity_transport_favorability": {
    "kind": "derived",
    "n_real": 85,
    "n_sites": 109,
    "source": "scored form of flow_velocity_ms inside the Flow family \u2014 peaked Gaussian exp(-((v-0.9)/0.6)^2), model.json curves.velocity_transport_favorability; construct: transport/delivery favorability, deliberately distinct from velocity_feasibility (device operability)"
   },
   "water_intake_score": {
    "kind": "real",
    "n_real": 109,
    "n_sites": 109,
    "source": "NC OneMap / NC DEQ SWAP public water supply sources (source_typ='Surface Water'), shipped exp(-d/10km) curve"
   }
  },
  "stream_mask": {
   "buffer_m": 150.0,
   "pre_mask": 118,
   "removed": 9,
   "sources": [
    "osm-overpass (all waterway ways)",
    "usgs-nhdplus flowlines"
   ]
  },
  "varying": [
   "bank_slope_score",
   "beach_dist_km",
   "bridge_proximity_bonus",
   "catchment_area_km2",
   "ej_index",
   "estuary_dist_km",
   "flood_q10_cfs",
   "flow_velocity_ms",
   "impervious_pct",
   "land_ownership",
   "npdes_points",
   "population_density",
   "protected_area_score",
   "road_access_score",
   "road_density_km_km2",
   "runoff_coeff_C",
   "seasonal_cv",
   "stream_order",
   "superfund_score",
   "tourism_amenity_density",
   "tri_facility_density",
   "usgs_mean_q_cfs",
   "velocity_feasibility",
   "water_intake_score"
  ]
 },
 "region": {
  "bbox": [
   -79.0034,
   34.9777,
   -78.7534,
   35.1277
  ],
  "beach_ref": {
   "label": "Wrightsville Beach (shipped NC reference)",
   "lat": 34.21,
   "lon": -77.79
  },
  "center": [
   -78.8784,
   35.0527
  ],
  "estuary_ref": {
   "label": "Pamlico Sound (shipped NC reference)",
   "lat": 35.05,
   "lon": -76.05
  },
  "flood_method": "sir2014_hr4",
  "name": "Fayetteville, NC",
  "notes": "NC Coastal Plain (SIR 2014-5030 HR4; I24H50Y from NOAA Atlas 14 at region center); straddles the SIR Sand Hills strip (HR3 not separable under DEQ 3-province physiography \u2014 HR4 applied, noted)",
  "slug": "fayetteville",
  "state": "NC",
  "utm_epsg": 32617,
  "width_curve": {
   "a": 2.22,
   "b": 0.363,
   "code": "APL",
   "source": "Bieger et al. 2015 JAWRA Table 3, Atlantic Plain"
  }
 },
 "type": "FeatureCollection"
}
