{
 "features": [
  {
   "geometry": {
    "coordinates": [
     -81.188869,
     35.248879
    ],
    "type": "Point"
   },
   "properties": {
    "accumulation": 35532.0,
    "bank_slope_deg": 5.46,
    "bank_slope_score": 1.0,
    "beach_dist_km": 331.37,
    "bridge_proximity_bonus": 0.0,
    "catchment_area_km2": 3.5449,
    "channel_width_m": 5.28,
    "channel_width_score": 1.0,
    "composite_score": 60.8778,
    "cso_density": 0.0,
    "ej_index": 0.7588,
    "elevation_m": 219.4762,
    "estuary_dist_km": 467.69,
    "feasibility_score": 75.2381,
    "flood_q10_cfs": 874.46,
    "flow_score": 26.7177,
    "flow_velocity_ms": 0.0772,
    "generation_score": 75.0598,
    "impact_score": 67.9824,
    "impervious_pct": 33.96,
    "land_ownership": 0.5,
    "lat": 35.2489,
    "litter_complaint_density": 0.0,
    "lon": -81.1889,
    "npdes_points": 6,
    "pixel_col": 1128.0,
    "pixel_row": 983.0,
    "population_density": 1000.6,
    "position_along": 0.25,
    "protected_area_score": 0.0,
    "rank": 1,
    "river_name": "Catawba Creek",
    "road_access_m": 94.3,
    "road_access_score": 1.0,
    "road_density_km_km2": 10.911,
    "robustness_pct": 91.5,
    "runoff_coeff_C": 0.3556,
    "seasonal_cv": 0.4962,
    "segment_id": 56,
    "segment_length_m": 3652.3197,
    "stream_order": 3,
    "superfund_score": 0.0,
    "tourism_amenity_density": 4.2972,
    "tri_facility_density": 0.2821,
    "usgs_mean_q_cfs": 8.276,
    "velocity_feasibility": 0.7,
    "water_intake_score": 0.0
   },
   "type": "Feature"
  },
  {
   "geometry": {
    "coordinates": [
     -81.169253,
     35.246772
    ],
    "type": "Point"
   },
   "properties": {
    "accumulation": 27646.0,
    "bank_slope_deg": 3.35,
    "bank_slope_score": 1.0,
    "beach_dist_km": 329.61,
    "bridge_proximity_bonus": 0.0,
    "catchment_area_km2": 2.7581,
    "channel_width_m": 4.75,
    "channel_width_score": 1.0,
    "composite_score": 58.8229,
    "cso_density": 0.0,
    "ej_index": 0.7152,
    "elevation_m": 215.4172,
    "estuary_dist_km": 465.91,
    "feasibility_score": 75.2381,
    "flood_q10_cfs": 723.78,
    "flow_score": 26.4296,
    "flow_velocity_ms": 0.097,
    "generation_score": 72.4817,
    "impact_score": 63.951,
    "impervious_pct": 33.96,
    "land_ownership": 0.5,
    "lat": 35.2468,
    "litter_complaint_density": 0.0,
    "lon": -81.1693,
    "npdes_points": 0,
    "pixel_col": 1306.0,
    "pixel_row": 1008.0,
    "population_density": 1036.5,
    "position_along": 0.5,
    "protected_area_score": 0.0,
    "rank": 2,
    "river_name": "Catawba Creek",
    "road_access_m": 92.9,
    "road_access_score": 1.0,
    "road_density_km_km2": 9.632,
    "robustness_pct": 84.0,
    "runoff_coeff_C": 0.3556,
    "seasonal_cv": 0.4962,
    "segment_id": 55,
    "segment_length_m": 2071.2539,
    "stream_order": 3,
    "superfund_score": 0.0,
    "tourism_amenity_density": 2.9444,
    "tri_facility_density": 0.3626,
    "usgs_mean_q_cfs": 8.276,
    "velocity_feasibility": 0.7,
    "water_intake_score": 0.0
   },
   "type": "Feature"
  },
  {
   "geometry": {
    "coordinates": [
     -81.175288,
     35.239036
    ],
    "type": "Point"
   },
   "properties": {
    "accumulation": 74152.0,
    "bank_slope_deg": 0.69,
    "bank_slope_score": 1.0,
    "beach_dist_km": 329.84,
    "bridge_proximity_bonus": 0.0,
    "catchment_area_km2": 7.3979,
    "channel_width_m": 7.16,
    "channel_width_score": 1.0,
    "composite_score": 55.0833,
    "cso_density": 0.0,
    "ej_index": 0.7079,
    "elevation_m": 214.7518,
    "estuary_dist_km": 466.44,
    "feasibility_score": 58.5714,
    "flood_q10_cfs": 1522.37,
    "flow_score": 30.7009,
    "flow_velocity_ms": 0.1103,
    "generation_score": 67.3302,
    "impact_score": 61.411,
    "impervious_pct": 33.96,
    "land_ownership": 0.5,
    "lat": 35.239,
    "litter_complaint_density": 0.0,
    "lon": -81.1753,
    "npdes_points": 3,
    "pixel_col": 1251.0,
    "pixel_row": 1093.0,
    "population_density": 944.1,
    "position_along": 0.75,
    "protected_area_score": 0.0,
    "rank": 3,
    "river_name": "Catawba Creek",
    "road_access_m": 272.5,
    "road_access_score": 0.8,
    "road_density_km_km2": 8.066,
    "robustness_pct": 43.5,
    "runoff_coeff_C": 0.3556,
    "seasonal_cv": 0.4962,
    "segment_id": 56,
    "segment_length_m": 3652.3197,
    "stream_order": 3,
    "superfund_score": 0.0,
    "tourism_amenity_density": 2.6261,
    "tri_facility_density": 0.2703,
    "usgs_mean_q_cfs": 8.276,
    "velocity_feasibility": 0.7,
    "water_intake_score": 0.0
   },
   "type": "Feature"
  },
  {
   "geometry": {
    "coordinates": [
     -81.165393,
     35.237959
    ],
    "type": "Point"
   },
   "properties": {
    "accumulation": 118569.0,
    "bank_slope_deg": 3.94,
    "bank_slope_score": 1.0,
    "beach_dist_km": 328.96,
    "bridge_proximity_bonus": 0.0,
    "catchment_area_km2": 11.8292,
    "channel_width_m": 8.7,
    "channel_width_score": 1.0,
    "composite_score": 54.7961,
    "cso_density": 0.0,
    "ej_index": 0.5798,
    "elevation_m": 210.6841,
    "estuary_dist_km": 465.54,
    "feasibility_score": 75.2381,
    "flood_q10_cfs": 1794.69,
    "flow_score": 33.1658,
    "flow_velocity_ms": 0.1323,
    "generation_score": 58.129,
    "impact_score": 59.2673,
    "impervious_pct": 33.96,
    "land_ownership": 0.5,
    "lat": 35.238,
    "litter_complaint_density": 0.0,
    "lon": -81.1654,
    "npdes_points": 2,
    "pixel_col": 1342.0,
    "pixel_row": 1104.0,
    "population_density": 910.9,
    "position_along": 0.5,
    "protected_area_score": 0.0,
    "rank": 4,
    "river_name": "Catawba Creek",
    "road_access_m": 83.3,
    "road_access_score": 1.0,
    "road_density_km_km2": 7.307,
    "robustness_pct": 31.5,
    "runoff_coeff_C": 0.3556,
    "seasonal_cv": 0.4962,
    "segment_id": 57,
    "segment_length_m": 289.3673,
    "stream_order": 3,
    "superfund_score": 0.0,
    "tourism_amenity_density": 3.0239,
    "tri_facility_density": 0.0845,
    "usgs_mean_q_cfs": 8.276,
    "velocity_feasibility": 0.7,
    "water_intake_score": 0.0
   },
   "type": "Feature"
  },
  {
   "geometry": {
    "coordinates": [
     -81.186141,
     35.286052
    ],
    "type": "Point"
   },
   "properties": {
    "accumulation": 32897.0,
    "bank_slope_deg": 3.43,
    "bank_slope_score": 1.0,
    "beach_dist_km": 332.54,
    "bridge_proximity_bonus": 0.0,
    "catchment_area_km2": 3.282,
    "channel_width_m": 5.11,
    "channel_width_score": 1.0,
    "composite_score": 54.7932,
    "cso_density": 0.0,
    "ej_index": 0.836,
    "elevation_m": 211.0581,
    "estuary_dist_km": 467.55,
    "feasibility_score": 86.6667,
    "flood_q10_cfs": 455.44,
    "flow_score": 40.7786,
    "flow_velocity_ms": 0.5,
    "generation_score": 44.7656,
    "impact_score": 60.5628,
    "impervious_pct": null,
    "land_ownership": 0.5,
    "lat": 35.2861,
    "litter_complaint_density": 0.0,
    "lon": -81.1861,
    "npdes_points": 3,
    "pixel_col": 1153.0,
    "pixel_row": 568.0,
    "population_density": 598.2,
    "position_along": 0.5,
    "protected_area_score": 0.0,
    "rank": 5,
    "river_name": "Long Creek",
    "road_access_m": 127.6,
    "road_access_score": 1.0,
    "road_density_km_km2": 7.062,
    "robustness_pct": 37.5,
    "runoff_coeff_C": null,
    "seasonal_cv": null,
    "segment_id": 29,
    "segment_length_m": 1693.4113,
    "stream_order": 3,
    "superfund_score": 0.0,
    "tourism_amenity_density": 1.9894,
    "tri_facility_density": 0.6094,
    "usgs_mean_q_cfs": null,
    "velocity_feasibility": 1.0,
    "water_intake_score": 0.0
   },
   "type": "Feature"
  },
  {
   "geometry": {
    "coordinates": [
     -81.090987,
     35.240542
    ],
    "type": "Point"
   },
   "properties": {
    "accumulation": 205360.0,
    "bank_slope_deg": 2.46,
    "bank_slope_score": 1.0,
    "beach_dist_km": 322.69,
    "bridge_proximity_bonus": 0.0,
    "catchment_area_km2": 20.4881,
    "channel_width_m": 10.93,
    "channel_width_score": 1.0,
    "composite_score": 54.6211,
    "cso_density": 0.0,
    "ej_index": 0.388,
    "elevation_m": 183.8759,
    "estuary_dist_km": 458.79,
    "feasibility_score": 75.2381,
    "flood_q10_cfs": 2315.48,
    "flow_score": 35.8496,
    "flow_velocity_ms": 0.1116,
    "generation_score": 48.6856,
    "impact_score": 65.891,
    "impervious_pct": 30.38,
    "land_ownership": 0.5,
    "lat": 35.2405,
    "litter_complaint_density": 0.0,
    "lon": -81.091,
    "npdes_points": 8,
    "pixel_col": 2019.0,
    "pixel_row": 1076.0,
    "population_density": 528.5,
    "position_along": 0.8333,
    "protected_area_score": 0.0,
    "rank": 6,
    "river_name": "Duharts Creek",
    "road_access_m": 118.2,
    "road_access_score": 1.0,
    "road_density_km_km2": 6.216,
    "robustness_pct": 37.5,
    "runoff_coeff_C": 0.3234,
    "seasonal_cv": 0.5108,
    "segment_id": 61,
    "segment_length_m": 5669.0788,
    "stream_order": 3,
    "superfund_score": 0.0,
    "tourism_amenity_density": 3.3423,
    "tri_facility_density": 0.0488,
    "usgs_mean_q_cfs": 9.212,
    "velocity_feasibility": 0.7,
    "water_intake_score": 0.0
   },
   "type": "Feature"
  },
  {
   "geometry": {
    "coordinates": [
     -81.134371,
     35.230882
    ],
    "type": "Point"
   },
   "properties": {
    "accumulation": 213529.0,
    "bank_slope_deg": 3.58,
    "bank_slope_score": 1.0,
    "beach_dist_km": 326.04,
    "bridge_proximity_bonus": 0.0,
    "catchment_area_km2": 21.3031,
    "channel_width_m": 11.1,
    "channel_width_score": 1.0,
    "composite_score": 54.3522,
    "cso_density": 0.0,
    "ej_index": 0.4075,
    "elevation_m": 199.2821,
    "estuary_dist_km": 462.7,
    "feasibility_score": 75.2381,
    "flood_q10_cfs": 2279.42,
    "flow_score": 38.7324,
    "flow_velocity_ms": 0.1745,
    "generation_score": 59.4746,
    "impact_score": 51.8032,
    "impervious_pct": 27.68,
    "land_ownership": 0.5,
    "lat": 35.2309,
    "litter_complaint_density": 0.0,
    "lon": -81.1344,
    "npdes_points": 16,
    "pixel_col": 1624.0,
    "pixel_row": 1183.0,
    "population_density": 858.6,
    "position_along": 0.625,
    "protected_area_score": 0.0,
    "rank": 7,
    "river_name": "Catawba Creek",
    "road_access_m": 75.6,
    "road_access_score": 1.0,
    "road_density_km_km2": 6.957,
    "robustness_pct": 34.0,
    "runoff_coeff_C": 0.2991,
    "seasonal_cv": 0.5127,
    "segment_id": 63,
    "segment_length_m": 6037.0549,
    "stream_order": 3,
    "superfund_score": 0.0,
    "tourism_amenity_density": 1.6711,
    "tri_facility_density": 0.0,
    "usgs_mean_q_cfs": 14.143,
    "velocity_feasibility": 0.7,
    "water_intake_score": 0.0
   },
   "type": "Feature"
  },
  {
   "geometry": {
    "coordinates": [
     -81.157476,
     35.23824
    ],
    "type": "Point"
   },
   "properties": {
    "accumulation": 154343.0,
    "bank_slope_deg": 3.37,
    "bank_slope_score": 1.0,
    "beach_dist_km": 328.29,
    "bridge_proximity_bonus": 0.0,
    "catchment_area_km2": 15.3983,
    "channel_width_m": 9.7,
    "channel_width_score": 1.0,
    "composite_score": 54.1379,
    "cso_density": 0.0,
    "ej_index": 0.5186,
    "elevation_m": 208.7016,
    "estuary_dist_km": 464.82,
    "feasibility_score": 75.2381,
    "flood_q10_cfs": 2076.92,
    "flow_score": 34.0248,
    "flow_velocity_ms": 0.0941,
    "generation_score": 60.6008,
    "impact_score": 53.8858,
    "impervious_pct": 33.96,
    "land_ownership": 0.5,
    "lat": 35.2382,
    "litter_complaint_density": 0.0,
    "lon": -81.1575,
    "npdes_points": 5,
    "pixel_col": 1414.0,
    "pixel_row": 1101.0,
    "population_density": 939.6,
    "position_along": 0.125,
    "protected_area_score": 0.0,
    "rank": 8,
    "river_name": "Catawba Creek",
    "road_access_m": 158.8,
    "road_access_score": 1.0,
    "road_density_km_km2": 7.476,
    "robustness_pct": 20.5,
    "runoff_coeff_C": 0.3556,
    "seasonal_cv": 0.4962,
    "segment_id": 63,
    "segment_length_m": 6037.0549,
    "stream_order": 3,
    "superfund_score": 0.0,
    "tourism_amenity_density": 2.069,
    "tri_facility_density": 0.0649,
    "usgs_mean_q_cfs": 8.276,
    "velocity_feasibility": 0.7,
    "water_intake_score": 0.0
   },
   "type": "Feature"
  },
  {
   "geometry": {
    "coordinates": [
     -81.122147,
     35.219248
    ],
    "type": "Point"
   },
   "properties": {
    "accumulation": 278545.0,
    "bank_slope_deg": 7.85,
    "bank_slope_score": 1.0,
    "beach_dist_km": 324.56,
    "bridge_proximity_bonus": 0.0,
    "catchment_area_km2": 27.7895,
    "channel_width_m": 12.4,
    "channel_width_score": 1.0,
    "composite_score": 53.1967,
    "cso_density": 0.0,
    "ej_index": 0.3668,
    "elevation_m": 190.8266,
    "estuary_dist_km": 461.57,
    "feasibility_score": 75.2381,
    "flood_q10_cfs": 2640.98,
    "flow_score": 42.1524,
    "flow_velocity_ms": 0.1997,
    "generation_score": 56.6749,
    "impact_score": 47.9014,
    "impervious_pct": 27.68,
    "land_ownership": 0.5,
    "lat": 35.2192,
    "litter_complaint_density": 0.0,
    "lon": -81.1221,
    "npdes_points": 19,
    "pixel_col": 1731.0,
    "pixel_row": 1314.0,
    "population_density": 676.5,
    "position_along": 0.5,
    "protected_area_score": 0.0,
    "rank": 9,
    "river_name": "Catawba Creek",
    "road_access_m": 179.3,
    "road_access_score": 1.0,
    "road_density_km_km2": 6.199,
    "robustness_pct": 8.0,
    "runoff_coeff_C": 0.2991,
    "seasonal_cv": 0.5127,
    "segment_id": 78,
    "segment_length_m": 1569.4142,
    "stream_order": 3,
    "superfund_score": 0.0,
    "tourism_amenity_density": 0.557,
    "tri_facility_density": 0.0,
    "usgs_mean_q_cfs": 14.143,
    "velocity_feasibility": 0.7,
    "water_intake_score": 0.0
   },
   "type": "Feature"
  },
  {
   "geometry": {
    "coordinates": [
     -81.14445,
     35.232463
    ],
    "type": "Point"
   },
   "properties": {
    "accumulation": 185310.0,
    "bank_slope_deg": 2.94,
    "bank_slope_score": 1.0,
    "beach_dist_km": 326.96,
    "bridge_proximity_bonus": 0.0,
    "catchment_area_km2": 18.4877,
    "channel_width_m": 10.47,
    "channel_width_score": 1.0,
    "composite_score": 53.1619,
    "cso_density": 0.0,
    "ej_index": 0.4482,
    "elevation_m": 205.0432,
    "estuary_dist_km": 463.62,
    "feasibility_score": 75.2381,
    "flood_q10_cfs": 2107.3,
    "flow_score": 37.8213,
    "flow_velocity_ms": 0.1849,
    "generation_score": 57.0761,
    "impact_score": 50.9933,
    "impervious_pct": 27.68,
    "land_ownership": 0.5,
    "lat": 35.2325,
    "litter_complaint_density": 0.0,
    "lon": -81.1445,
    "npdes_points": 11,
    "pixel_col": 1530.0,
    "pixel_row": 1167.0,
    "population_density": 906.1,
    "position_along": 0.375,
    "protected_area_score": 0.0,
    "rank": 10,
    "river_name": "Catawba Creek",
    "road_access_m": 159.5,
    "road_access_score": 1.0,
    "road_density_km_km2": 7.243,
    "robustness_pct": 0.0,
    "runoff_coeff_C": 0.2991,
    "seasonal_cv": 0.5127,
    "segment_id": 63,
    "segment_length_m": 6037.0549,
    "stream_order": 3,
    "superfund_score": 0.0,
    "tourism_amenity_density": 1.512,
    "tri_facility_density": 0.0,
    "usgs_mean_q_cfs": 14.143,
    "velocity_feasibility": 0.7,
    "water_intake_score": 0.0
   },
   "type": "Feature"
  },
  {
   "geometry": {
    "coordinates": [
     -81.162316,
     35.240568
    ],
    "type": "Point"
   },
   "properties": {
    "accumulation": 22064.0,
    "bank_slope_deg": 0.52,
    "bank_slope_score": 1.0,
    "beach_dist_km": 328.79,
    "bridge_proximity_bonus": 0.0,
    "catchment_area_km2": 2.2013,
    "channel_width_m": 4.33,
    "channel_width_score": 1.0,
    "composite_score": 53.1103,
    "cso_density": 0.0,
    "ej_index": 0.572,
    "elevation_m": 211.8993,
    "estuary_dist_km": 465.26,
    "feasibility_score": 75.2381,
    "flood_q10_cfs": 610.65,
    "flow_score": 25.6469,
    "flow_velocity_ms": 0.0863,
    "generation_score": 58.6357,
    "impact_score": 59.4073,
    "impervious_pct": 33.96,
    "land_ownership": 0.5,
    "lat": 35.2406,
    "litter_complaint_density": 0.0,
    "lon": -81.1623,
    "npdes_points": 0,
    "pixel_col": 1370.0,
    "pixel_row": 1077.0,
    "population_density": 1055.9,
    "position_along": 0.5,
    "protected_area_score": 0.0,
    "rank": 11,
    "river_name": "Catawba Creek",
    "road_access_m": 77.6,
    "road_access_score": 1.0,
    "road_density_km_km2": 8.691,
    "robustness_pct": 3.0,
    "runoff_coeff_C": 0.3556,
    "seasonal_cv": 0.4962,
    "segment_id": 62,
    "segment_length_m": 1043.7545,
    "stream_order": 3,
    "superfund_score": 0.0,
    "tourism_amenity_density": 3.0239,
    "tri_facility_density": 0.0,
    "usgs_mean_q_cfs": 8.276,
    "velocity_feasibility": 0.7,
    "water_intake_score": 0.0
   },
   "type": "Feature"
  },
  {
   "geometry": {
    "coordinates": [
     -81.129903,
     35.225384
    ],
    "type": "Point"
   },
   "properties": {
    "accumulation": 232374.0,
    "bank_slope_deg": 7.37,
    "bank_slope_score": 1.0,
    "beach_dist_km": 325.45,
    "bridge_proximity_bonus": 0.0,
    "catchment_area_km2": 23.1832,
    "channel_width_m": 11.5,
    "channel_width_score": 1.0,
    "composite_score": 53.0866,
    "cso_density": 0.0,
    "ej_index": 0.4069,
    "elevation_m": 194.5466,
    "estuary_dist_km": 462.29,
    "feasibility_score": 75.2381,
    "flood_q10_cfs": 2388.74,
    "flow_score": 36.6091,
    "flow_velocity_ms": 0.0549,
    "generation_score": 59.1001,
    "impact_score": 49.7286,
    "impervious_pct": 27.68,
    "land_ownership": 0.5,
    "lat": 35.2254,
    "litter_complaint_density": 0.0,
    "lon": -81.1299,
    "npdes_points": 17,
    "pixel_col": 1664.0,
    "pixel_row": 1246.0,
    "population_density": 818.3,
    "position_along": 0.875,
    "protected_area_score": 0.0,
    "rank": 12,
    "river_name": "Catawba Creek",
    "road_access_m": 127.1,
    "road_access_score": 1.0,
    "road_density_km_km2": 6.779,
    "robustness_pct": 0.0,
    "runoff_coeff_C": 0.2991,
    "seasonal_cv": 0.5127,
    "segment_id": 63,
    "segment_length_m": 6037.0549,
    "stream_order": 3,
    "superfund_score": 0.0,
    "tourism_amenity_density": 0.9549,
    "tri_facility_density": 0.0,
    "usgs_mean_q_cfs": 14.143,
    "velocity_feasibility": 0.7,
    "water_intake_score": 0.0
   },
   "type": "Feature"
  },
  {
   "geometry": {
    "coordinates": [
     -81.111074,
     35.253683
    ],
    "type": "Point"
   },
   "properties": {
    "accumulation": 143967.0,
    "bank_slope_deg": 3.64,
    "bank_slope_score": 1.0,
    "beach_dist_km": 324.9,
    "bridge_proximity_bonus": 0.0,
    "catchment_area_km2": 14.3631,
    "channel_width_m": 9.43,
    "channel_width_score": 1.0,
    "composite_score": 52.8029,
    "cso_density": 0.0,
    "ej_index": 0.5233,
    "elevation_m": 200.2886,
    "estuary_dist_km": 460.64,
    "feasibility_score": 75.2381,
    "flood_q10_cfs": 1901.95,
    "flow_score": 33.9382,
    "flow_velocity_ms": 0.1463,
    "generation_score": 45.495,
    "impact_score": 64.6137,
    "impervious_pct": 30.38,
    "land_ownership": 0.5,
    "lat": 35.2537,
    "litter_complaint_density": 0.0,
    "lon": -81.1111,
    "npdes_points": 3,
    "pixel_col": 1835.0,
    "pixel_row": 932.0,
    "population_density": 567.2,
    "position_along": 0.1667,
    "protected_area_score": 0.0,
    "rank": 13,
    "river_name": "Duharts Creek",
    "road_access_m": 42.2,
    "road_access_score": 1.0,
    "road_density_km_km2": 7.392,
    "robustness_pct": 2.5,
    "runoff_coeff_C": 0.3234,
    "seasonal_cv": 0.5108,
    "segment_id": 61,
    "segment_length_m": 5669.0788,
    "stream_order": 3,
    "superfund_score": 0.0,
    "tourism_amenity_density": 2.6261,
    "tri_facility_density": 0.0,
    "usgs_mean_q_cfs": 9.212,
    "velocity_feasibility": 0.7,
    "water_intake_score": 0.0
   },
   "type": "Feature"
  },
  {
   "geometry": {
    "coordinates": [
     -81.119172,
     35.256773
    ],
    "type": "Point"
   },
   "properties": {
    "accumulation": 93886.0,
    "bank_slope_deg": 3.24,
    "bank_slope_score": 1.0,
    "beach_dist_km": 325.71,
    "bridge_proximity_bonus": 0.0,
    "catchment_area_km2": 9.3667,
    "channel_width_m": 7.9,
    "channel_width_score": 1.0,
    "composite_score": 52.2276,
    "cso_density": 0.0,
    "ej_index": 0.5328,
    "elevation_m": 202.7742,
    "estuary_dist_km": 461.38,
    "feasibility_score": 75.2381,
    "flood_q10_cfs": 1500.93,
    "flow_score": 30.8736,
    "flow_velocity_ms": 0.1253,
    "generation_score": 44.2533,
    "impact_score": 66.4916,
    "impervious_pct": 30.38,
    "land_ownership": 0.5,
    "lat": 35.2568,
    "litter_complaint_density": 0.0,
    "lon": -81.1192,
    "npdes_points": 2,
    "pixel_col": 1763.0,
    "pixel_row": 894.0,
    "population_density": 540.8,
    "position_along": 0.5,
    "protected_area_score": 0.0,
    "rank": 14,
    "river_name": "Duharts Creek",
    "road_access_m": 116.8,
    "road_access_score": 1.0,
    "road_density_km_km2": 7.487,
    "robustness_pct": 7.0,
    "runoff_coeff_C": 0.3234,
    "seasonal_cv": 0.5108,
    "segment_id": 60,
    "segment_length_m": 152.9583,
    "stream_order": 3,
    "superfund_score": 0.0,
    "tourism_amenity_density": 3.3423,
    "tri_facility_density": 0.0,
    "usgs_mean_q_cfs": 9.212,
    "velocity_feasibility": 0.7,
    "water_intake_score": 0.0
   },
   "type": "Feature"
  },
  {
   "geometry": {
    "coordinates": [
     -81.179243,
     35.288119
    ],
    "type": "Point"
   },
   "properties": {
    "accumulation": 556671.0,
    "bank_slope_deg": 3.91,
    "bank_slope_score": 1.0,
    "beach_dist_km": 332.03,
    "bridge_proximity_bonus": 0.0,
    "catchment_area_km2": 55.5372,
    "channel_width_m": 16.53,
    "channel_width_score": 0.5,
    "composite_score": 51.5737,
    "cso_density": 0.0,
    "ej_index": 0.738,
    "elevation_m": 203.244,
    "estuary_dist_km": 466.93,
    "feasibility_score": 31.9048,
    "flood_q10_cfs": 3024.72,
    "flow_score": 56.8029,
    "flow_velocity_ms": 0.0657,
    "generation_score": 47.475,
    "impact_score": 61.1493,
    "impervious_pct": 9.74,
    "land_ownership": 0.5,
    "lat": 35.2881,
    "litter_complaint_density": 0.0,
    "lon": -81.1792,
    "npdes_points": 15,
    "pixel_col": 1216.0,
    "pixel_row": 548.0,
    "population_density": 561.5,
    "position_along": 0.5,
    "protected_area_score": 0.0,
    "rank": 15,
    "river_name": "Long Creek",
    "road_access_m": 405.6,
    "road_access_score": 0.8,
    "road_density_km_km2": 7.418,
    "robustness_pct": 28.0,
    "runoff_coeff_C": 0.1377,
    "seasonal_cv": 0.4854,
    "segment_id": 36,
    "segment_length_m": 1276.3254,
    "stream_order": 3,
    "superfund_score": 0.0,
    "tourism_amenity_density": 2.8648,
    "tri_facility_density": 0.2341,
    "usgs_mean_q_cfs": 54.235,
    "velocity_feasibility": 0.7,
    "water_intake_score": 0.0
   },
   "type": "Feature"
  },
  {
   "geometry": {
    "coordinates": [
     -81.201293,
     35.283567
    ],
    "type": "Point"
   },
   "properties": {
    "accumulation": 31273.0,
    "bank_slope_deg": 2.37,
    "bank_slope_score": 1.0,
    "beach_dist_km": 333.73,
    "bridge_proximity_bonus": 0.0,
    "catchment_area_km2": 3.12,
    "channel_width_m": 5.0,
    "channel_width_score": 1.0,
    "composite_score": 50.8785,
    "cso_density": 0.0,
    "ej_index": 0.9002,
    "elevation_m": 213.7724,
    "estuary_dist_km": 468.92,
    "feasibility_score": 58.5714,
    "flood_q10_cfs": 719.47,
    "flow_score": 24.7807,
    "flow_velocity_ms": 0.1029,
    "generation_score": 58.9501,
    "impact_score": 60.7085,
    "impervious_pct": 28.31,
    "land_ownership": 0.5,
    "lat": 35.2836,
    "litter_complaint_density": 0.0,
    "lon": -81.2013,
    "npdes_points": 0,
    "pixel_col": 1015.0,
    "pixel_row": 597.0,
    "population_density": 364.6,
    "position_along": 0.5,
    "protected_area_score": 0.0,
    "rank": 16,
    "river_name": "Kaglor Branch",
    "road_access_m": 226.7,
    "road_access_score": 0.8,
    "road_density_km_km2": 6.496,
    "robustness_pct": 1.0,
    "runoff_coeff_C": 0.3048,
    "seasonal_cv": 0.4632,
    "segment_id": 25,
    "segment_length_m": 633.8175,
    "stream_order": 3,
    "superfund_score": 0.0,
    "tourism_amenity_density": 1.9894,
    "tri_facility_density": 0.641,
    "usgs_mean_q_cfs": 3.439,
    "velocity_feasibility": 0.7,
    "water_intake_score": 0.0
   },
   "type": "Feature"
  },
  {
   "geometry": {
    "coordinates": [
     -81.199734,
     35.280068
    ],
    "type": "Point"
   },
   "properties": {
    "accumulation": 24224.0,
    "bank_slope_deg": 3.39,
    "bank_slope_score": 1.0,
    "beach_dist_km": 333.47,
    "bridge_proximity_bonus": 0.0,
    "catchment_area_km2": 2.4167,
    "channel_width_m": 4.5,
    "channel_width_score": 1.0,
    "composite_score": 50.7404,
    "cso_density": 0.0,
    "ej_index": 0.9209,
    "elevation_m": 213.6454,
    "estuary_dist_km": 468.76,
    "feasibility_score": 60.0,
    "flood_q10_cfs": 593.5,
    "flow_score": 22.726,
    "flow_velocity_ms": 0.0344,
    "generation_score": 56.7541,
    "impact_score": 63.4423,
    "impervious_pct": 28.31,
    "land_ownership": 0.5,
    "lat": 35.2801,
    "litter_complaint_density": 0.0,
    "lon": -81.1997,
    "npdes_points": 0,
    "pixel_col": 1030.0,
    "pixel_row": 633.0,
    "population_density": 553.7,
    "position_along": 0.5,
    "protected_area_score": 0.0,
    "rank": 17,
    "river_name": "Kaglor Branch",
    "road_access_m": 124.8,
    "road_access_score": 1.0,
    "road_density_km_km2": 7.803,
    "robustness_pct": 1.0,
    "runoff_coeff_C": 0.3048,
    "seasonal_cv": 0.4632,
    "segment_id": 32,
    "segment_length_m": 991.3893,
    "stream_order": 3,
    "superfund_score": 0.0,
    "tourism_amenity_density": 2.3077,
    "tri_facility_density": 0.4138,
    "usgs_mean_q_cfs": 3.439,
    "velocity_feasibility": 0.3,
    "water_intake_score": 0.0
   },
   "type": "Feature"
  },
  {
   "geometry": {
    "coordinates": [
     -81.099199,
     35.247316
    ],
    "type": "Point"
   },
   "properties": {
    "accumulation": 189229.0,
    "bank_slope_deg": 1.96,
    "bank_slope_score": 1.0,
    "beach_dist_km": 323.64,
    "bridge_proximity_bonus": 0.0,
    "catchment_area_km2": 18.8787,
    "channel_width_m": 10.56,
    "channel_width_score": 1.0,
    "composite_score": 50.5159,
    "cso_density": 0.0,
    "ej_index": 0.4528,
    "elevation_m": 195.6602,
    "estuary_dist_km": 459.55,
    "feasibility_score": 58.5714,
    "flood_q10_cfs": 2212.9,
    "flow_score": 36.074,
    "flow_velocity_ms": 0.1483,
    "generation_score": 49.9185,
    "impact_score": 59.1204,
    "impervious_pct": 30.38,
    "land_ownership": 0.5,
    "lat": 35.2473,
    "litter_complaint_density": 0.0,
    "lon": -81.0992,
    "npdes_points": 9,
    "pixel_col": 1945.0,
    "pixel_row": 999.0,
    "population_density": 581.5,
    "position_along": 0.5,
    "protected_area_score": 0.0,
    "rank": 18,
    "river_name": "Duharts Creek",
    "road_access_m": 228.9,
    "road_access_score": 0.8,
    "road_density_km_km2": 6.998,
    "robustness_pct": 0.0,
    "runoff_coeff_C": 0.3234,
    "seasonal_cv": 0.5108,
    "segment_id": 61,
    "segment_length_m": 5669.0788,
    "stream_order": 3,
    "superfund_score": 0.0,
    "tourism_amenity_density": 1.512,
    "tri_facility_density": 0.0,
    "usgs_mean_q_cfs": 9.212,
    "velocity_feasibility": 0.7,
    "water_intake_score": 0.0
   },
   "type": "Feature"
  },
  {
   "geometry": {
    "coordinates": [
     -81.10355,
     35.207772
    ],
    "type": "Point"
   },
   "properties": {
    "accumulation": 422163.0,
    "bank_slope_deg": 8.5,
    "bank_slope_score": 1.0,
    "beach_dist_km": 322.55,
    "bridge_proximity_bonus": 0.0,
    "catchment_area_km2": 42.1178,
    "channel_width_m": 14.73,
    "channel_width_score": 1.0,
    "composite_score": 49.921,
    "cso_density": 0.0,
    "ej_index": 0.3243,
    "elevation_m": 183.2268,
    "estuary_dist_km": 459.86,
    "feasibility_score": 75.2381,
    "flood_q10_cfs": 3144.06,
    "flow_score": 44.5944,
    "flow_velocity_ms": 0.0623,
    "generation_score": 43.4343,
    "impact_score": 48.188,
    "impervious_pct": 23.63,
    "land_ownership": 0.5,
    "lat": 35.2078,
    "litter_complaint_density": 0.0,
    "lon": -81.1035,
    "npdes_points": 18,
    "pixel_col": 1902.0,
    "pixel_row": 1441.0,
    "population_density": 385.0,
    "position_along": 0.5,
    "protected_area_score": 0.0,
    "rank": 19,
    "river_name": "Catawba Creek",
    "road_access_m": 51.5,
    "road_access_score": 1.0,
    "road_density_km_km2": 4.039,
    "robustness_pct": 0.0,
    "runoff_coeff_C": 0.2627,
    "seasonal_cv": 0.5216,
    "segment_id": 92,
    "segment_length_m": 1701.6859,
    "stream_order": 3,
    "superfund_score": 0.0,
    "tourism_amenity_density": 0.1592,
    "tri_facility_density": 0.0,
    "usgs_mean_q_cfs": 20.075,
    "velocity_feasibility": 0.7,
    "water_intake_score": 0.0
   },
   "type": "Feature"
  },
  {
   "geometry": {
    "coordinates": [
     -81.11486,
     35.213145
    ],
    "type": "Point"
   },
   "properties": {
    "accumulation": 351174.0,
    "bank_slope_deg": 5.78,
    "bank_slope_score": 1.0,
    "beach_dist_km": 323.71,
    "bridge_proximity_bonus": 0.0,
    "catchment_area_km2": 35.0354,
    "channel_width_m": 13.65,
    "channel_width_score": 1.0,
    "composite_score": 49.6761,
    "cso_density": 0.0,
    "ej_index": 0.3353,
    "elevation_m": 188.1225,
    "estuary_dist_km": 460.9,
    "feasibility_score": 75.2381,
    "flood_q10_cfs": 2839.24,
    "flow_score": 41.9721,
    "flow_velocity_ms": 0.0598,
    "generation_score": 45.9419,
    "impact_score": 47.0494,
    "impervious_pct": 23.63,
    "land_ownership": 0.5,
    "lat": 35.2131,
    "litter_complaint_density": 0.0,
    "lon": -81.1149,
    "npdes_points": 15,
    "pixel_col": 1800.0,
    "pixel_row": 1382.0,
    "population_density": 539.6,
    "position_along": 0.5,
    "protected_area_score": 0.0,
    "rank": 20,
    "river_name": "Catawba Creek",
    "road_access_m": 81.2,
    "road_access_score": 1.0,
    "road_density_km_km2": 5.049,
    "robustness_pct": 0.0,
    "runoff_coeff_C": 0.2627,
    "seasonal_cv": 0.5216,
    "segment_id": 85,
    "segment_length_m": 1082.7039,
    "stream_order": 3,
    "superfund_score": 0.0,
    "tourism_amenity_density": 0.3183,
    "tri_facility_density": 0.0,
    "usgs_mean_q_cfs": 20.075,
    "velocity_feasibility": 0.7,
    "water_intake_score": 0.0
   },
   "type": "Feature"
  },
  {
   "geometry": {
    "coordinates": [
     -81.11727,
     35.308382
    ],
    "type": "Point"
   },
   "properties": {
    "accumulation": 924082.0,
    "bank_slope_deg": 2.34,
    "bank_slope_score": 1.0,
    "beach_dist_km": 327.55,
    "bridge_proximity_bonus": 0.0,
    "catchment_area_km2": 92.1925,
    "channel_width_m": 20.39,
    "channel_width_score": 0.5,
    "composite_score": 49.6298,
    "cso_density": 0.0,
    "ej_index": 0.5678,
    "elevation_m": 194.6647,
    "estuary_dist_km": 461.39,
    "feasibility_score": 31.9048,
    "flood_q10_cfs": 4003.36,
    "flow_score": 74.4287,
    "flow_velocity_ms": 0.1804,
    "generation_score": 33.1434,
    "impact_score": 54.313,
    "impervious_pct": 9.71,
    "land_ownership": 0.5,
    "lat": 35.3084,
    "litter_complaint_density": 0.0,
    "lon": -81.1173,
    "npdes_points": 19,
    "pixel_col": 1781.0,
    "pixel_row": 320.0,
    "population_density": 311.6,
    "position_along": 0.5,
    "protected_area_score": 0.0,
    "rank": 21,
    "river_name": "Little Long Creek",
    "road_access_m": 449.2,
    "road_access_score": 0.8,
    "road_density_km_km2": 3.395,
    "robustness_pct": 25.0,
    "runoff_coeff_C": 0.1374,
    "seasonal_cv": 0.4994,
    "segment_id": 40,
    "segment_length_m": 828.1487,
    "stream_order": 3,
    "superfund_score": 0.0,
    "tourism_amenity_density": 0.557,
    "tri_facility_density": 0.0542,
    "usgs_mean_q_cfs": 66.269,
    "velocity_feasibility": 0.7,
    "water_intake_score": 0.0
   },
   "type": "Feature"
  },
  {
   "geometry": {
    "coordinates": [
     -81.154272,
     35.30219
    ],
    "type": "Point"
   },
   "properties": {
    "accumulation": 664455.0,
    "bank_slope_deg": 4.35,
    "bank_slope_score": 1.0,
    "beach_dist_km": 330.45,
    "bridge_proximity_bonus": 0.0,
    "catchment_area_km2": 66.2904,
    "channel_width_m": 17.79,
    "channel_width_score": 0.5,
    "composite_score": 49.4915,
    "cso_density": 0.0,
    "ej_index": 0.647,
    "elevation_m": 200.7384,
    "estuary_dist_km": 464.72,
    "feasibility_score": 48.5714,
    "flood_q10_cfs": 3336.27,
    "flow_score": 62.308,
    "flow_velocity_ms": 0.1561,
    "generation_score": 39.2645,
    "impact_score": 49.4981,
    "impervious_pct": 9.74,
    "land_ownership": 0.5,
    "lat": 35.3022,
    "litter_complaint_density": 0.0,
    "lon": -81.1543,
    "npdes_points": 20,
    "pixel_col": 1444.0,
    "pixel_row": 391.0,
    "population_density": 407.1,
    "position_along": 0.25,
    "protected_area_score": 0.0,
    "rank": 22,
    "river_name": "Long Creek",
    "road_access_m": 96.2,
    "road_access_score": 1.0,
    "road_density_km_km2": 5.236,
    "robustness_pct": 11.0,
    "runoff_coeff_C": 0.1377,
    "seasonal_cv": 0.4854,
    "segment_id": 38,
    "segment_length_m": 3946.2906,
    "stream_order": 3,
    "superfund_score": 0.0,
    "tourism_amenity_density": 0.1592,
    "tri_facility_density": 0.0754,
    "usgs_mean_q_cfs": 54.235,
    "velocity_feasibility": 0.7,
    "water_intake_score": 0.0
   },
   "type": "Feature"
  },
  {
   "geometry": {
    "coordinates": [
     -81.16817,
     35.295166
    ],
    "type": "Point"
   },
   "properties": {
    "accumulation": 598203.0,
    "bank_slope_deg": 0.99,
    "bank_slope_score": 1.0,
    "beach_dist_km": 331.36,
    "bridge_proximity_bonus": 0.0,
    "catchment_area_km2": 59.6807,
    "channel_width_m": 17.03,
    "channel_width_score": 0.5,
    "composite_score": 49.0753,
    "cso_density": 0.0,
    "ej_index": 0.6884,
    "elevation_m": 202.4856,
    "estuary_dist_km": 465.95,
    "feasibility_score": 31.9048,
    "flood_q10_cfs": 3147.71,
    "flow_score": 59.3328,
    "flow_velocity_ms": 0.1201,
    "generation_score": 43.6515,
    "impact_score": 54.5365,
    "impervious_pct": 9.74,
    "land_ownership": 0.5,
    "lat": 35.2952,
    "litter_complaint_density": 0.0,
    "lon": -81.1682,
    "npdes_points": 19,
    "pixel_col": 1316.0,
    "pixel_row": 466.0,
    "population_density": 474.2,
    "position_along": 0.5,
    "protected_area_score": 0.0,
    "rank": 23,
    "river_name": "Long Creek",
    "road_access_m": 305.3,
    "road_access_score": 0.8,
    "road_density_km_km2": 6.406,
    "robustness_pct": 8.0,
    "runoff_coeff_C": 0.1377,
    "seasonal_cv": 0.4854,
    "segment_id": 37,
    "segment_length_m": 1813.393,
    "stream_order": 3,
    "superfund_score": 0.0,
    "tourism_amenity_density": 1.4324,
    "tri_facility_density": 0.134,
    "usgs_mean_q_cfs": 54.235,
    "velocity_feasibility": 0.7,
    "water_intake_score": 0.0
   },
   "type": "Feature"
  },
  {
   "geometry": {
    "coordinates": [
     -81.075867,
     35.235616
    ],
    "type": "Point"
   },
   "properties": {
    "accumulation": 262635.0,
    "bank_slope_deg": 1.1,
    "bank_slope_score": 1.0,
    "beach_dist_km": 321.21,
    "bridge_proximity_bonus": 0.0,
    "catchment_area_km2": 26.2022,
    "channel_width_m": 12.1,
    "channel_width_score": 1.0,
    "composite_score": 49.0734,
    "cso_density": 0.0,
    "ej_index": 0.3268,
    "elevation_m": 173.6164,
    "estuary_dist_km": 457.4,
    "feasibility_score": 58.5714,
    "flood_q10_cfs": 2549.63,
    "flow_score": 36.7846,
    "flow_velocity_ms": 0.0562,
    "generation_score": 39.1766,
    "impact_score": 64.462,
    "impervious_pct": 27.49,
    "land_ownership": 0.5,
    "lat": 35.2356,
    "litter_complaint_density": 0.0,
    "lon": -81.0759,
    "npdes_points": 4,
    "pixel_col": 2157.0,
    "pixel_row": 1132.0,
    "population_density": 422.9,
    "position_along": 0.5,
    "protected_area_score": 0.0,
    "rank": 24,
    "river_name": "Duharts Creek",
    "road_access_m": 239.4,
    "road_access_score": 0.8,
    "road_density_km_km2": 4.034,
    "robustness_pct": 0.0,
    "runoff_coeff_C": 0.2974,
    "seasonal_cv": 0.5182,
    "segment_id": 67,
    "segment_length_m": 2291.8286,
    "stream_order": 3,
    "superfund_score": 0.0,
    "tourism_amenity_density": 2.9444,
    "tri_facility_density": 0.0763,
    "usgs_mean_q_cfs": 11.336,
    "velocity_feasibility": 0.7,
    "water_intake_score": 0.0
   },
   "type": "Feature"
  },
  {
   "geometry": {
    "coordinates": [
     -81.122272,
     35.252469
    ],
    "type": "Point"
   },
   "properties": {
    "accumulation": 24591.0,
    "bank_slope_deg": 4.12,
    "bank_slope_score": 1.0,
    "beach_dist_km": 325.81,
    "bridge_proximity_bonus": 0.0,
    "catchment_area_km2": 2.4534,
    "channel_width_m": 4.53,
    "channel_width_score": 1.0,
    "composite_score": 48.8897,
    "cso_density": 0.0,
    "ej_index": 0.3458,
    "elevation_m": 205.6134,
    "estuary_dist_km": 461.65,
    "feasibility_score": 75.2381,
    "flood_q10_cfs": 622.41,
    "flow_score": 24.7385,
    "flow_velocity_ms": 0.0631,
    "generation_score": 48.7557,
    "impact_score": 55.9754,
    "impervious_pct": 30.38,
    "land_ownership": 0.5,
    "lat": 35.2525,
    "litter_complaint_density": 0.0,
    "lon": -81.1223,
    "npdes_points": 0,
    "pixel_col": 1734.0,
    "pixel_row": 941.0,
    "population_density": 738.4,
    "position_along": 0.5,
    "protected_area_score": 0.0,
    "rank": 25,
    "river_name": "Duharts Creek",
    "road_access_m": 68.9,
    "road_access_score": 1.0,
    "road_density_km_km2": 8.691,
    "robustness_pct": 0.0,
    "runoff_coeff_C": 0.3234,
    "seasonal_cv": 0.5108,
    "segment_id": 59,
    "segment_length_m": 1046.888,
    "stream_order": 3,
    "superfund_score": 0.0,
    "tourism_amenity_density": 2.9444,
    "tri_facility_density": 0.0,
    "usgs_mean_q_cfs": 9.212,
    "velocity_feasibility": 0.7,
    "water_intake_score": 0.0
   },
   "type": "Feature"
  },
  {
   "geometry": {
    "coordinates": [
     -81.082765,
     35.271914
    ],
    "type": "Point"
   },
   "properties": {
    "accumulation": 83099.0,
    "bank_slope_deg": 0.06,
    "bank_slope_score": 1.0,
    "beach_dist_km": 323.19,
    "bridge_proximity_bonus": 0.0,
    "catchment_area_km2": 8.2905,
    "channel_width_m": 7.51,
    "channel_width_score": 1.0,
    "composite_score": 48.7825,
    "cso_density": 0.0,
    "ej_index": 0.6122,
    "elevation_m": 179.3582,
    "estuary_dist_km": 458.12,
    "feasibility_score": 70.0,
    "flood_q10_cfs": 921.98,
    "flow_score": 43.55,
    "flow_velocity_ms": 0.5,
    "generation_score": 23.6232,
    "impact_score": 67.6933,
    "impervious_pct": null,
    "land_ownership": 0.5,
    "lat": 35.2719,
    "litter_complaint_density": 0.0,
    "lon": -81.0828,
    "npdes_points": 2,
    "pixel_col": 2093.0,
    "pixel_row": 729.0,
    "population_density": 400.7,
    "position_along": 0.5,
    "protected_area_score": 0.0,
    "rank": 26,
    "river_name": "South Fork Catawba River",
    "road_access_m": 322.0,
    "road_access_score": 0.8,
    "road_density_km_km2": 5.033,
    "robustness_pct": 4.5,
    "runoff_coeff_C": null,
    "seasonal_cv": null,
    "segment_id": 31,
    "segment_length_m": 948.0086,
    "stream_order": 3,
    "superfund_score": 0.0,
    "tourism_amenity_density": 1.3528,
    "tri_facility_density": 0.2412,
    "usgs_mean_q_cfs": null,
    "velocity_feasibility": 1.0,
    "water_intake_score": 0.0
   },
   "type": "Feature"
  },
  {
   "geometry": {
    "coordinates": [
     -81.18526,
     35.295193
    ],
    "type": "Point"
   },
   "properties": {
    "accumulation": 513705.0,
    "bank_slope_deg": 3.31,
    "bank_slope_score": 1.0,
    "beach_dist_km": 332.81,
    "bridge_proximity_bonus": 0.0,
    "catchment_area_km2": 51.2506,
    "channel_width_m": 15.98,
    "channel_width_score": 0.5,
    "composite_score": 48.7484,
    "cso_density": 0.0,
    "ej_index": 0.7326,
    "elevation_m": 205.4903,
    "estuary_dist_km": 467.5,
    "feasibility_score": 31.9048,
    "flood_q10_cfs": 2893.09,
    "flow_score": 58.3248,
    "flow_velocity_ms": 0.1808,
    "generation_score": 39.8091,
    "impact_score": 58.1291,
    "impervious_pct": 9.74,
    "land_ownership": 0.5,
    "lat": 35.2952,
    "litter_complaint_density": 0.0,
    "lon": -81.1853,
    "npdes_points": 10,
    "pixel_col": 1162.0,
    "pixel_row": 470.0,
    "population_density": 471.3,
    "position_along": 0.5,
    "protected_area_score": 0.0,
    "rank": 27,
    "river_name": "Long Creek",
    "road_access_m": 273.0,
    "road_access_score": 0.8,
    "road_density_km_km2": 6.593,
    "robustness_pct": 3.5,
    "runoff_coeff_C": 0.1377,
    "seasonal_cv": 0.4854,
    "segment_id": 35,
    "segment_length_m": 1081.9941,
    "stream_order": 3,
    "superfund_score": 0.0,
    "tourism_amenity_density": 2.5465,
    "tri_facility_density": 0.2146,
    "usgs_mean_q_cfs": 54.235,
    "velocity_feasibility": 0.7,
    "water_intake_score": 0.0
   },
   "type": "Feature"
  },
  {
   "geometry": {
    "coordinates": [
     -81.127292,
     35.258147
    ],
    "type": "Point"
   },
   "properties": {
    "accumulation": 58852.0,
    "bank_slope_deg": 2.23,
    "bank_slope_score": 1.0,
    "beach_dist_km": 326.45,
    "bridge_proximity_bonus": 0.0,
    "catchment_area_km2": 5.8715,
    "channel_width_m": 6.5,
    "channel_width_score": 1.0,
    "composite_score": 48.6577,
    "cso_density": 0.0,
    "ej_index": 0.4842,
    "elevation_m": 206.4837,
    "estuary_dist_km": 462.13,
    "feasibility_score": 75.2381,
    "flood_q10_cfs": 1201.38,
    "flow_score": 29.1879,
    "flow_velocity_ms": 0.1312,
    "generation_score": 42.3203,
    "impact_score": 57.9297,
    "impervious_pct": 30.38,
    "land_ownership": 0.5,
    "lat": 35.2581,
    "litter_complaint_density": 0.0,
    "lon": -81.1273,
    "npdes_points": 0,
    "pixel_col": 1689.0,
    "pixel_row": 881.0,
    "population_density": 525.2,
    "position_along": 0.75,
    "protected_area_score": 0.0,
    "rank": 28,
    "river_name": "Duharts Creek",
    "road_access_m": 117.9,
    "road_access_score": 1.0,
    "road_density_km_km2": 7.455,
    "robustness_pct": 0.0,
    "runoff_coeff_C": 0.3234,
    "seasonal_cv": 0.5108,
    "segment_id": 45,
    "segment_length_m": 3289.4848,
    "stream_order": 3,
    "superfund_score": 0.0,
    "tourism_amenity_density": 2.2282,
    "tri_facility_density": 0.0,
    "usgs_mean_q_cfs": 9.212,
    "velocity_feasibility": 0.7,
    "water_intake_score": 0.0
   },
   "type": "Feature"
  },
  {
   "geometry": {
    "coordinates": [
     -81.139279,
     35.266092
    ],
    "type": "Point"
   },
   "properties": {
    "accumulation": 32140.0,
    "bank_slope_deg": 0.55,
    "bank_slope_score": 1.0,
    "beach_dist_km": 327.78,
    "bridge_proximity_bonus": 0.0,
    "catchment_area_km2": 3.2065,
    "channel_width_m": 5.06,
    "channel_width_score": 1.0,
    "composite_score": 48.4418,
    "cso_density": 0.0,
    "ej_index": 0.6779,
    "elevation_m": 217.4475,
    "estuary_dist_km": 463.24,
    "feasibility_score": 75.2381,
    "flood_q10_cfs": 761.55,
    "flow_score": 25.6604,
    "flow_velocity_ms": 0.0747,
    "generation_score": 41.4969,
    "impact_score": 60.973,
    "impervious_pct": 30.38,
    "land_ownership": 0.5,
    "lat": 35.2661,
    "litter_complaint_density": 0.0,
    "lon": -81.1393,
    "npdes_points": 2,
    "pixel_col": 1580.0,
    "pixel_row": 792.0,
    "population_density": 336.2,
    "position_along": 0.25,
    "protected_area_score": 0.0,
    "rank": 29,
    "river_name": "Duharts Creek",
    "road_access_m": 44.2,
    "road_access_score": 1.0,
    "road_density_km_km2": 8.916,
    "robustness_pct": 0.0,
    "runoff_coeff_C": 0.3234,
    "seasonal_cv": 0.5108,
    "segment_id": 45,
    "segment_length_m": 3289.4848,
    "stream_order": 3,
    "superfund_score": 0.0,
    "tourism_amenity_density": 1.512,
    "tri_facility_density": 0.0,
    "usgs_mean_q_cfs": 9.212,
    "velocity_feasibility": 0.7,
    "water_intake_score": 0.0
   },
   "type": "Feature"
  },
  {
   "geometry": {
    "coordinates": [
     -81.192924,
     35.289464
    ],
    "type": "Point"
   },
   "properties": {
    "accumulation": 70047.0,
    "bank_slope_deg": 5.12,
    "bank_slope_score": 1.0,
    "beach_dist_km": 333.24,
    "bridge_proximity_bonus": 0.2,
    "catchment_area_km2": 6.9884,
    "channel_width_m": 6.99,
    "channel_width_score": 1.0,
    "composite_score": 48.14,
    "cso_density": 0.0,
    "ej_index": 0.834,
    "elevation_m": 208.6593,
    "estuary_dist_km": 468.18,
    "feasibility_score": 56.6667,
    "flood_q10_cfs": 1321.11,
    "flow_score": 26.5752,
    "flow_velocity_ms": 0.0436,
    "generation_score": 51.2584,
    "impact_score": 58.729,
    "impervious_pct": 28.31,
    "land_ownership": 0.5,
    "lat": 35.2895,
    "litter_complaint_density": 0.0,
    "lon": -81.1929,
    "npdes_points": 2,
    "pixel_col": 1091.0,
    "pixel_row": 529.0,
    "population_density": 396.8,
    "position_along": 0.5,
    "protected_area_score": 0.0,
    "rank": 30,
    "river_name": "Kaglor Branch",
    "road_access_m": 202.1,
    "road_access_score": 0.8,
    "road_density_km_km2": 4.709,
    "robustness_pct": 0.0,
    "runoff_coeff_C": 0.3048,
    "seasonal_cv": 0.4632,
    "segment_id": 33,
    "segment_length_m": 1668.2935,
    "stream_order": 3,
    "superfund_score": 0.0,
    "tourism_amenity_density": 1.9099,
    "tri_facility_density": 0.4293,
    "usgs_mean_q_cfs": 3.439,
    "velocity_feasibility": 0.3,
    "water_intake_score": 0.0
   },
   "type": "Feature"
  },
  {
   "geometry": {
    "coordinates": [
     -81.191239,
     35.297019
    ],
    "type": "Point"
   },
   "properties": {
    "accumulation": 485364.0,
    "bank_slope_deg": 2.45,
    "bank_slope_score": 1.0,
    "beach_dist_km": 333.39,
    "bridge_proximity_bonus": 0.0,
    "catchment_area_km2": 48.4231,
    "channel_width_m": 15.61,
    "channel_width_score": 0.5,
    "composite_score": 47.9116,
    "cso_density": 0.0,
    "ej_index": 0.736,
    "elevation_m": 206.3095,
    "estuary_dist_km": 468.05,
    "feasibility_score": 31.9048,
    "flood_q10_cfs": 2803.56,
    "flow_score": 54.5016,
    "flow_velocity_ms": 0.0637,
    "generation_score": 37.8179,
    "impact_score": 60.5169,
    "impervious_pct": 9.74,
    "land_ownership": 0.5,
    "lat": 35.297,
    "litter_complaint_density": 0.0,
    "lon": -81.1912,
    "npdes_points": 9,
    "pixel_col": 1107.0,
    "pixel_row": 448.0,
    "population_density": 428.7,
    "position_along": 0.5,
    "protected_area_score": 0.0,
    "rank": 31,
    "river_name": "Long Creek",
    "road_access_m": 295.5,
    "road_access_score": 0.8,
    "road_density_km_km2": 6.048,
    "robustness_pct": 0.0,
    "runoff_coeff_C": 0.1377,
    "seasonal_cv": 0.4854,
    "segment_id": 34,
    "segment_length_m": 241.1394,
    "stream_order": 3,
    "superfund_score": 0.0,
    "tourism_amenity_density": 3.3423,
    "tri_facility_density": 0.2272,
    "usgs_mean_q_cfs": 54.235,
    "velocity_feasibility": 0.7,
    "water_intake_score": 0.0
   },
   "type": "Feature"
  },
  {
   "geometry": {
    "coordinates": [
     -81.163662,
     35.30524
    ],
    "type": "Point"
   },
   "properties": {
    "accumulation": 32161.0,
    "bank_slope_deg": 4.22,
    "bank_slope_score": 1.0,
    "beach_dist_km": 331.36,
    "bridge_proximity_bonus": 0.0,
    "catchment_area_km2": 3.2086,
    "channel_width_m": 5.06,
    "channel_width_score": 1.0,
    "composite_score": 47.7826,
    "cso_density": 0.0,
    "ej_index": 0.8314,
    "elevation_m": 205.1215,
    "estuary_dist_km": 465.58,
    "feasibility_score": 86.6667,
    "flood_q10_cfs": 447.74,
    "flow_score": 40.7347,
    "flow_velocity_ms": 0.5,
    "generation_score": 22.3234,
    "impact_score": 59.6728,
    "impervious_pct": null,
    "land_ownership": 0.5,
    "lat": 35.3052,
    "litter_complaint_density": 0.0,
    "lon": -81.1637,
    "npdes_points": 1,
    "pixel_col": 1358.0,
    "pixel_row": 357.0,
    "population_density": 702.9,
    "position_along": 0.5,
    "protected_area_score": 0.0,
    "rank": 32,
    "river_name": "Long Creek",
    "road_access_m": 76.8,
    "road_access_score": 1.0,
    "road_density_km_km2": 6.044,
    "robustness_pct": 2.0,
    "runoff_coeff_C": null,
    "seasonal_cv": null,
    "segment_id": 11,
    "segment_length_m": 1771.3102,
    "stream_order": 3,
    "superfund_score": 0.0,
    "tourism_amenity_density": 1.0345,
    "tri_facility_density": 0.0,
    "usgs_mean_q_cfs": null,
    "velocity_feasibility": 1.0,
    "water_intake_score": 0.0
   },
   "type": "Feature"
  },
  {
   "geometry": {
    "coordinates": [
     -81.218327,
     35.244813
    ],
    "type": "Point"
   },
   "properties": {
    "accumulation": 31535.0,
    "bank_slope_deg": 2.92,
    "bank_slope_score": 1.0,
    "beach_dist_km": 333.75,
    "bridge_proximity_bonus": 0.0,
    "catchment_area_km2": 3.1461,
    "channel_width_m": 5.02,
    "channel_width_score": 1.0,
    "composite_score": 47.6927,
    "cso_density": 0.0,
    "ej_index": 0.7824,
    "elevation_m": 216.9908,
    "estuary_dist_km": 470.36,
    "feasibility_score": 75.2381,
    "flood_q10_cfs": 650.71,
    "flow_score": 23.5844,
    "flow_velocity_ms": 0.0805,
    "generation_score": 48.3362,
    "impact_score": 53.3667,
    "impervious_pct": 22.21,
    "land_ownership": 0.5,
    "lat": 35.2448,
    "litter_complaint_density": 0.0,
    "lon": -81.2183,
    "npdes_points": 3,
    "pixel_col": 859.0,
    "pixel_row": 1028.0,
    "population_density": 889.2,
    "position_along": 0.1667,
    "protected_area_score": 0.0,
    "rank": 33,
    "river_name": "Blackwood Creek",
    "road_access_m": 112.5,
    "road_access_score": 1.0,
    "road_density_km_km2": 8.716,
    "robustness_pct": 0.0,
    "runoff_coeff_C": 0.2499,
    "seasonal_cv": 0.477,
    "segment_id": 58,
    "segment_length_m": 5713.9297,
    "stream_order": 3,
    "superfund_score": 0.0,
    "tourism_amenity_density": 1.9099,
    "tri_facility_density": 0.0,
    "usgs_mean_q_cfs": 5.705,
    "velocity_feasibility": 0.7,
    "water_intake_score": 0.0
   },
   "type": "Feature"
  },
  {
   "geometry": {
    "coordinates": [
     -81.203769,
     35.298244
    ],
    "type": "Point"
   },
   "properties": {
    "accumulation": 388656.0,
    "bank_slope_deg": 2.42,
    "bank_slope_score": 1.0,
    "beach_dist_km": 334.5,
    "bridge_proximity_bonus": 0.0,
    "catchment_area_km2": 38.7749,
    "channel_width_m": 14.24,
    "channel_width_score": 1.0,
    "composite_score": 46.7072,
    "cso_density": 0.0,
    "ej_index": 0.7506,
    "elevation_m": 207.765,
    "estuary_dist_km": 469.19,
    "feasibility_score": 58.5714,
    "flood_q10_cfs": 2313.76,
    "flow_score": 46.6604,
    "flow_velocity_ms": 0.0924,
    "generation_score": 35.2534,
    "impact_score": 52.2678,
    "impervious_pct": 4.75,
    "land_ownership": 0.5,
    "lat": 35.2982,
    "litter_complaint_density": 0.0,
    "lon": -81.2038,
    "npdes_points": 9,
    "pixel_col": 993.0,
    "pixel_row": 434.0,
    "population_density": 351.0,
    "position_along": 0.5,
    "protected_area_score": 0.0,
    "rank": 34,
    "river_name": "Long Creek",
    "road_access_m": 343.2,
    "road_access_score": 0.8,
    "road_density_km_km2": 5.335,
    "robustness_pct": 0.0,
    "runoff_coeff_C": 0.0927,
    "seasonal_cv": 0.4592,
    "segment_id": 22,
    "segment_length_m": 2646.9769,
    "stream_order": 3,
    "superfund_score": 0.0,
    "tourism_amenity_density": 1.8303,
    "tri_facility_density": 0.3353,
    "usgs_mean_q_cfs": 40.952,
    "velocity_feasibility": 0.7,
    "water_intake_score": 0.0
   },
   "type": "Feature"
  },
  {
   "geometry": {
    "coordinates": [
     -81.160934,
     35.286915
    ],
    "type": "Point"
   },
   "properties": {
    "accumulation": 22621.0,
    "bank_slope_deg": 2.08,
    "bank_slope_score": 1.0,
    "beach_dist_km": 330.42,
    "bridge_proximity_bonus": 0.0,
    "catchment_area_km2": 2.2568,
    "channel_width_m": 4.37,
    "channel_width_score": 1.0,
    "composite_score": 46.3938,
    "cso_density": 0.0,
    "ej_index": 0.6493,
    "elevation_m": 211.3012,
    "estuary_dist_km": 465.27,
    "feasibility_score": 86.6667,
    "flood_q10_cfs": 343.45,
    "flow_score": 26.1487,
    "flow_velocity_ms": 0.5,
    "generation_score": 35.7394,
    "impact_score": 53.7827,
    "impervious_pct": null,
    "land_ownership": 0.5,
    "lat": 35.2869,
    "litter_complaint_density": 0.0,
    "lon": -81.1609,
    "npdes_points": 1,
    "pixel_col": 1381.0,
    "pixel_row": 558.0,
    "population_density": 605.1,
    "position_along": 0.5,
    "protected_area_score": 0.0,
    "rank": 35,
    "river_name": "Jule Allen Branch",
    "road_access_m": 134.0,
    "road_access_score": 1.0,
    "road_density_km_km2": 5.795,
    "robustness_pct": 0.0,
    "runoff_coeff_C": null,
    "seasonal_cv": null,
    "segment_id": 24,
    "segment_length_m": 466.7336,
    "stream_order": 1,
    "superfund_score": 0.0,
    "tourism_amenity_density": 1.2732,
    "tri_facility_density": 0.4431,
    "usgs_mean_q_cfs": null,
    "velocity_feasibility": 1.0,
    "water_intake_score": 0.0
   },
   "type": "Feature"
  },
  {
   "geometry": {
    "coordinates": [
     -81.190756,
     35.297524
    ],
    "type": "Point"
   },
   "properties": {
    "accumulation": 21301.0,
    "bank_slope_deg": 0.46,
    "bank_slope_score": 1.0,
    "beach_dist_km": 333.37,
    "bridge_proximity_bonus": 0.0,
    "catchment_area_km2": 2.1251,
    "channel_width_m": 4.27,
    "channel_width_score": 1.0,
    "composite_score": 46.3915,
    "cso_density": 0.0,
    "ej_index": 0.7553,
    "elevation_m": 206.2664,
    "estuary_dist_km": 468.01,
    "feasibility_score": 70.0,
    "flood_q10_cfs": 328.23,
    "flow_score": 40.0646,
    "flow_velocity_ms": 0.5,
    "generation_score": 23.7737,
    "impact_score": 62.4774,
    "impervious_pct": null,
    "land_ownership": 0.5,
    "lat": 35.2975,
    "litter_complaint_density": 0.0,
    "lon": -81.1908,
    "npdes_points": 0,
    "pixel_col": 1112.0,
    "pixel_row": 444.0,
    "population_density": 245.3,
    "position_along": 0.5,
    "protected_area_score": 0.0,
    "rank": 36,
    "river_name": "Long Creek",
    "road_access_m": 268.4,
    "road_access_score": 0.8,
    "road_density_km_km2": 2.695,
    "robustness_pct": 0.0,
    "runoff_coeff_C": null,
    "seasonal_cv": null,
    "segment_id": 15,
    "segment_length_m": 211.1745,
    "stream_order": 3,
    "superfund_score": 0.0,
    "tourism_amenity_density": 3.581,
    "tri_facility_density": 0.4706,
    "usgs_mean_q_cfs": null,
    "velocity_feasibility": 1.0,
    "water_intake_score": 0.0
   },
   "type": "Feature"
  },
  {
   "geometry": {
    "coordinates": [
     -81.213564,
     35.229976
    ],
    "type": "Point"
   },
   "properties": {
    "accumulation": 75511.0,
    "bank_slope_deg": 1.96,
    "bank_slope_score": 1.0,
    "beach_dist_km": 332.8,
    "bridge_proximity_bonus": 0.0,
    "catchment_area_km2": 7.5335,
    "channel_width_m": 7.21,
    "channel_width_score": 1.0,
    "composite_score": 46.3588,
    "cso_density": 0.0,
    "ej_index": 0.6561,
    "elevation_m": 209.4791,
    "estuary_dist_km": 469.89,
    "feasibility_score": 75.2381,
    "flood_q10_cfs": 1256.5,
    "flow_score": 27.8768,
    "flow_velocity_ms": 0.1279,
    "generation_score": 45.2166,
    "impact_score": 48.4631,
    "impervious_pct": 22.21,
    "land_ownership": 0.5,
    "lat": 35.23,
    "litter_complaint_density": 0.0,
    "lon": -81.2136,
    "npdes_points": 1,
    "pixel_col": 901.0,
    "pixel_row": 1193.0,
    "population_density": 644.0,
    "position_along": 0.5,
    "protected_area_score": 0.0,
    "rank": 37,
    "river_name": "Blackwood Creek",
    "road_access_m": 178.8,
    "road_access_score": 1.0,
    "road_density_km_km2": 8.092,
    "robustness_pct": 0.0,
    "runoff_coeff_C": 0.2499,
    "seasonal_cv": 0.477,
    "segment_id": 58,
    "segment_length_m": 5713.9297,
    "stream_order": 3,
    "superfund_score": 0.0,
    "tourism_amenity_density": 1.7507,
    "tri_facility_density": 0.1327,
    "usgs_mean_q_cfs": 5.705,
    "velocity_feasibility": 0.7,
    "water_intake_score": 0.0
   },
   "type": "Feature"
  },
  {
   "geometry": {
    "coordinates": [
     -81.139807,
     35.307881
    ],
    "type": "Point"
   },
   "properties": {
    "accumulation": 682404.0,
    "bank_slope_deg": 4.2,
    "bank_slope_score": 1.0,
    "beach_dist_km": 329.44,
    "bridge_proximity_bonus": 0.0,
    "catchment_area_km2": 68.0811,
    "channel_width_m": 17.98,
    "channel_width_score": 0.5,
    "composite_score": 46.0139,
    "cso_density": 0.0,
    "ej_index": 0.6138,
    "elevation_m": 198.4851,
    "estuary_dist_km": 463.43,
    "feasibility_score": 31.9048,
    "flood_q10_cfs": 3385.89,
    "flow_score": 63.7246,
    "flow_velocity_ms": 0.1865,
    "generation_score": 34.1873,
    "impact_score": 50.1363,
    "impervious_pct": 9.74,
    "land_ownership": 0.5,
    "lat": 35.3079,
    "litter_complaint_density": 0.0,
    "lon": -81.1398,
    "npdes_points": 17,
    "pixel_col": 1576.0,
    "pixel_row": 328.0,
    "population_density": 356.6,
    "position_along": 0.75,
    "protected_area_score": 0.0,
    "rank": 38,
    "river_name": "Long Creek",
    "road_access_m": 298.2,
    "road_access_score": 0.8,
    "road_density_km_km2": 4.046,
    "robustness_pct": 3.5,
    "runoff_coeff_C": 0.1377,
    "seasonal_cv": 0.4854,
    "segment_id": 38,
    "segment_length_m": 3946.2906,
    "stream_order": 3,
    "superfund_score": 0.0,
    "tourism_amenity_density": 0.0796,
    "tri_facility_density": 0.0734,
    "usgs_mean_q_cfs": 54.235,
    "velocity_feasibility": 0.7,
    "water_intake_score": 0.0
   },
   "type": "Feature"
  },
  {
   "geometry": {
    "coordinates": [
     -81.077181,
     35.275774
    ],
    "type": "Point"
   },
   "properties": {
    "accumulation": 22303.0,
    "bank_slope_deg": 3.01,
    "bank_slope_score": 1.0,
    "beach_dist_km": 322.86,
    "bridge_proximity_bonus": 0.0,
    "catchment_area_km2": 2.2251,
    "channel_width_m": 4.35,
    "channel_width_score": 1.0,
    "composite_score": 45.3575,
    "cso_density": 0.0,
    "ej_index": 0.7038,
    "elevation_m": 182.7223,
    "estuary_dist_km": 457.63,
    "feasibility_score": 70.0,
    "flood_q10_cfs": 339.8,
    "flow_score": 40.1285,
    "flow_velocity_ms": 0.5,
    "generation_score": 9.3746,
    "impact_score": 73.3768,
    "impervious_pct": null,
    "land_ownership": 0.5,
    "lat": 35.2758,
    "litter_complaint_density": 0.0,
    "lon": -81.0772,
    "npdes_points": 0,
    "pixel_col": 2143.0,
    "pixel_row": 687.0,
    "population_density": 365.5,
    "position_along": 0.5,
    "protected_area_score": 0.0,
    "rank": 39,
    "river_name": "South Fork Catawba River",
    "road_access_m": 277.6,
    "road_access_score": 0.8,
    "road_density_km_km2": 2.562,
    "robustness_pct": 5.5,
    "runoff_coeff_C": null,
    "seasonal_cv": null,
    "segment_id": 30,
    "segment_length_m": 555.3306,
    "stream_order": 3,
    "superfund_score": 0.0,
    "tourism_amenity_density": 1.512,
    "tri_facility_density": 0.0,
    "usgs_mean_q_cfs": null,
    "velocity_feasibility": 1.0,
    "water_intake_score": 0.0
   },
   "type": "Feature"
  },
  {
   "geometry": {
    "coordinates": [
     -81.109555,
     35.283505
    ],
    "type": "Point"
   },
   "properties": {
    "accumulation": 32794.0,
    "bank_slope_deg": 0.0,
    "bank_slope_score": 1.0,
    "beach_dist_km": 325.92,
    "bridge_proximity_bonus": 0.0,
    "catchment_area_km2": 3.2717,
    "channel_width_m": 5.1,
    "channel_width_score": 1.0,
    "composite_score": 45.2531,
    "cso_density": 0.0,
    "ej_index": 0.6585,
    "elevation_m": 202.1742,
    "estuary_dist_km": 460.59,
    "feasibility_score": 70.0,
    "flood_q10_cfs": 454.36,
    "flow_score": 26.7725,
    "flow_velocity_ms": 0.5,
    "generation_score": 24.7857,
    "impact_score": 68.7477,
    "impervious_pct": null,
    "land_ownership": 0.5,
    "lat": 35.2835,
    "litter_complaint_density": 0.0,
    "lon": -81.1096,
    "npdes_points": 1,
    "pixel_col": 1851.0,
    "pixel_row": 599.0,
    "population_density": 427.9,
    "position_along": 0.5,
    "protected_area_score": 0.0,
    "rank": 40,
    "river_name": "South Fork Catawba River",
    "road_access_m": 284.5,
    "road_access_score": 0.8,
    "road_density_km_km2": 4.267,
    "robustness_pct": 0.0,
    "runoff_coeff_C": null,
    "seasonal_cv": null,
    "segment_id": 28,
    "segment_length_m": 792.3327,
    "stream_order": 1,
    "superfund_score": 0.0,
    "tourism_amenity_density": 2.3873,
    "tri_facility_density": 0.3056,
    "usgs_mean_q_cfs": null,
    "velocity_feasibility": 1.0,
    "water_intake_score": 0.0
   },
   "type": "Feature"
  },
  {
   "geometry": {
    "coordinates": [
     -81.099991,
     35.202905
    ],
    "type": "Point"
   },
   "properties": {
    "accumulation": 462840.0,
    "bank_slope_deg": 7.74,
    "bank_slope_score": 1.0,
    "beach_dist_km": 322.06,
    "bridge_proximity_bonus": 0.0,
    "catchment_area_km2": 46.176,
    "channel_width_m": 15.31,
    "channel_width_score": 0.5,
    "composite_score": 45.2288,
    "cso_density": 0.0,
    "ej_index": 0.3209,
    "elevation_m": 180.6688,
    "estuary_dist_km": 459.53,
    "feasibility_score": 48.5714,
    "flood_q10_cfs": 3101.7,
    "flow_score": 48.964,
    "flow_velocity_ms": 0.1653,
    "generation_score": 36.7879,
    "impact_score": 48.8858,
    "impervious_pct": 18.96,
    "land_ownership": 0.5,
    "lat": 35.2029,
    "litter_complaint_density": 0.0,
    "lon": -81.1,
    "npdes_points": 17,
    "pixel_col": 1937.0,
    "pixel_row": 1493.0,
    "population_density": 322.0,
    "position_along": 0.1667,
    "protected_area_score": 0.0,
    "rank": 41,
    "river_name": "Catawba Creek",
    "road_access_m": 140.0,
    "road_access_score": 1.0,
    "road_density_km_km2": 3.33,
    "robustness_pct": 0.0,
    "runoff_coeff_C": 0.2206,
    "seasonal_cv": 0.5313,
    "segment_id": 93,
    "segment_length_m": 4830.6478,
    "stream_order": 3,
    "superfund_score": 0.0,
    "tourism_amenity_density": 0.1592,
    "tri_facility_density": 0.0,
    "usgs_mean_q_cfs": 26.436,
    "velocity_feasibility": 0.7,
    "water_intake_score": 0.0
   },
   "type": "Feature"
  },
  {
   "geometry": {
    "coordinates": [
     -81.176254,
     35.234611
    ],
    "type": "Point"
   },
   "properties": {
    "accumulation": 21832.0,
    "bank_slope_deg": 1.2,
    "bank_slope_score": 1.0,
    "beach_dist_km": 329.76,
    "bridge_proximity_bonus": 0.0,
    "catchment_area_km2": 2.1781,
    "channel_width_m": 4.31,
    "channel_width_score": 1.0,
    "composite_score": 45.0644,
    "cso_density": 0.0,
    "ej_index": 0.7332,
    "elevation_m": 217.138,
    "estuary_dist_km": 466.51,
    "feasibility_score": 60.0,
    "flood_q10_cfs": 605.81,
    "flow_score": 10.5374,
    "flow_velocity_ms": 0.0328,
    "generation_score": 49.5806,
    "impact_score": 61.853,
    "impervious_pct": 33.96,
    "land_ownership": 0.5,
    "lat": 35.2346,
    "litter_complaint_density": 0.0,
    "lon": -81.1763,
    "npdes_points": 0,
    "pixel_col": 1242.0,
    "pixel_row": 1140.0,
    "population_density": 840.3,
    "position_along": 0.5,
    "protected_area_score": 0.0,
    "rank": 42,
    "river_name": "Catawba Creek",
    "road_access_m": 109.0,
    "road_access_score": 1.0,
    "road_density_km_km2": 5.493,
    "robustness_pct": 0.0,
    "runoff_coeff_C": 0.3556,
    "seasonal_cv": 0.4962,
    "segment_id": 65,
    "segment_length_m": 28.2512,
    "stream_order": 1,
    "superfund_score": 0.0,
    "tourism_amenity_density": 2.4669,
    "tri_facility_density": 0.0,
    "usgs_mean_q_cfs": 8.276,
    "velocity_feasibility": 0.3,
    "water_intake_score": 0.0
   },
   "type": "Feature"
  },
  {
   "geometry": {
    "coordinates": [
     -81.119566,
     35.260597
    ],
    "type": "Point"
   },
   "properties": {
    "accumulation": 28950.0,
    "bank_slope_deg": 0.51,
    "bank_slope_score": 1.0,
    "beach_dist_km": 325.89,
    "bridge_proximity_bonus": 0.0,
    "catchment_area_km2": 2.8882,
    "channel_width_m": 4.85,
    "channel_width_score": 1.0,
    "composite_score": 44.8523,
    "cso_density": 0.0,
    "ej_index": 0.6263,
    "elevation_m": 213.1732,
    "estuary_dist_km": 461.43,
    "feasibility_score": 43.3333,
    "flood_q10_cfs": 703.86,
    "flow_score": 24.6035,
    "flow_velocity_ms": 0.036,
    "generation_score": 38.5951,
    "impact_score": 68.7431,
    "impervious_pct": 30.38,
    "land_ownership": 0.5,
    "lat": 35.2606,
    "litter_complaint_density": 0.0,
    "lon": -81.1196,
    "npdes_points": 1,
    "pixel_col": 1757.0,
    "pixel_row": 855.0,
    "population_density": 450.1,
    "position_along": 0.5,
    "protected_area_score": 0.0,
    "rank": 43,
    "river_name": "Duharts Creek",
    "road_access_m": 259.6,
    "road_access_score": 0.8,
    "road_density_km_km2": 5.316,
    "robustness_pct": 0.0,
    "runoff_coeff_C": 0.3234,
    "seasonal_cv": 0.5108,
    "segment_id": 47,
    "segment_length_m": 899.7807,
    "stream_order": 3,
    "superfund_score": 0.0,
    "tourism_amenity_density": 2.9444,
    "tri_facility_density": 0.0,
    "usgs_mean_q_cfs": 9.212,
    "velocity_feasibility": 0.3,
    "water_intake_score": 0.0
   },
   "type": "Feature"
  },
  {
   "geometry": {
    "coordinates": [
     -81.175048,
     35.28666
    ],
    "type": "Point"
   },
   "properties": {
    "accumulation": 27236.0,
    "bank_slope_deg": 0.61,
    "bank_slope_score": 1.0,
    "beach_dist_km": 331.61,
    "bridge_proximity_bonus": 0.0,
    "catchment_area_km2": 2.7172,
    "channel_width_m": 4.72,
    "channel_width_score": 1.0,
    "composite_score": 44.8342,
    "cso_density": 0.0,
    "ej_index": 0.7759,
    "elevation_m": 204.8935,
    "estuary_dist_km": 466.55,
    "feasibility_score": 70.0,
    "flood_q10_cfs": 395.02,
    "flow_score": 40.4365,
    "flow_velocity_ms": 0.5,
    "generation_score": 18.0861,
    "impact_score": 62.6641,
    "impervious_pct": null,
    "land_ownership": 0.5,
    "lat": 35.2867,
    "litter_complaint_density": 0.0,
    "lon": -81.175,
    "npdes_points": 1,
    "pixel_col": 1253.0,
    "pixel_row": 561.0,
    "population_density": 635.3,
    "position_along": 0.5,
    "protected_area_score": 0.0,
    "rank": 44,
    "river_name": "Long Creek",
    "road_access_m": 443.8,
    "road_access_score": 0.8,
    "road_density_km_km2": 3.972,
    "robustness_pct": 0.0,
    "runoff_coeff_C": null,
    "seasonal_cv": null,
    "segment_id": 27,
    "segment_length_m": 953.8596,
    "stream_order": 3,
    "superfund_score": 0.0,
    "tourism_amenity_density": 2.6261,
    "tri_facility_density": 0.0,
    "usgs_mean_q_cfs": null,
    "velocity_feasibility": 1.0,
    "water_intake_score": 0.0
   },
   "type": "Feature"
  },
  {
   "geometry": {
    "coordinates": [
     -81.082335,
     35.280786
    ],
    "type": "Point"
   },
   "properties": {
    "accumulation": 34778.0,
    "bank_slope_deg": 0.56,
    "bank_slope_score": 1.0,
    "beach_dist_km": 323.5,
    "bridge_proximity_bonus": 0.0,
    "catchment_area_km2": 3.4697,
    "channel_width_m": 5.23,
    "channel_width_score": 1.0,
    "composite_score": 44.58,
    "cso_density": 0.0,
    "ej_index": 0.6776,
    "elevation_m": 182.4778,
    "estuary_dist_km": 458.11,
    "feasibility_score": 53.3333,
    "flood_q10_cfs": 474.93,
    "flow_score": 40.8901,
    "flow_velocity_ms": 0.5,
    "generation_score": 17.8543,
    "impact_score": 70.004,
    "impervious_pct": null,
    "land_ownership": 0.5,
    "lat": 35.2808,
    "litter_complaint_density": 0.0,
    "lon": -81.0823,
    "npdes_points": 1,
    "pixel_col": 2097.0,
    "pixel_row": 631.0,
    "population_density": 300.7,
    "position_along": 0.5,
    "protected_area_score": 0.0,
    "rank": 45,
    "river_name": "South Fork Catawba River",
    "road_access_m": 715.3,
    "road_access_score": 0.6,
    "road_density_km_km2": 1.644,
    "robustness_pct": 0.5,
    "runoff_coeff_C": null,
    "seasonal_cv": null,
    "segment_id": 26,
    "segment_length_m": 1673.1407,
    "stream_order": 3,
    "superfund_score": 0.0,
    "tourism_amenity_density": 1.2732,
    "tri_facility_density": 0.2882,
    "usgs_mean_q_cfs": null,
    "velocity_feasibility": 1.0,
    "water_intake_score": 0.0
   },
   "type": "Feature"
  },
  {
   "geometry": {
    "coordinates": [
     -81.072488,
     35.258993
    ],
    "type": "Point"
   },
   "properties": {
    "accumulation": 23843.0,
    "bank_slope_deg": 0.1,
    "bank_slope_score": 1.0,
    "beach_dist_km": 321.81,
    "bridge_proximity_bonus": 0.0,
    "catchment_area_km2": 2.3787,
    "channel_width_m": 4.47,
    "channel_width_score": 1.0,
    "composite_score": 44.5652,
    "cso_density": 0.0,
    "ej_index": 0.3747,
    "elevation_m": 173.2184,
    "estuary_dist_km": 457.15,
    "feasibility_score": 70.0,
    "flood_q10_cfs": 357.34,
    "flow_score": 26.2258,
    "flow_velocity_ms": 0.5,
    "generation_score": 30.5001,
    "impact_score": 61.1956,
    "impervious_pct": null,
    "land_ownership": 0.5,
    "lat": 35.259,
    "litter_complaint_density": 0.0,
    "lon": -81.0725,
    "npdes_points": 1,
    "pixel_col": 2187.0,
    "pixel_row": 873.0,
    "population_density": 416.3,
    "position_along": 0.5,
    "protected_area_score": 0.0,
    "rank": 46,
    "river_name": "South Fork Catawba River",
    "road_access_m": 211.1,
    "road_access_score": 0.8,
    "road_density_km_km2": 5.677,
    "robustness_pct": 0.0,
    "runoff_coeff_C": null,
    "seasonal_cv": null,
    "segment_id": 50,
    "segment_length_m": 523.9459,
    "stream_order": 1,
    "superfund_score": 0.0,
    "tourism_amenity_density": 1.7507,
    "tri_facility_density": 0.4204,
    "usgs_mean_q_cfs": null,
    "velocity_feasibility": 1.0,
    "water_intake_score": 0.0
   },
   "type": "Feature"
  },
  {
   "geometry": {
    "coordinates": [
     -81.125018,
     35.307447
    ],
    "type": "Point"
   },
   "properties": {
    "accumulation": 737643.0,
    "bank_slope_deg": 5.6,
    "bank_slope_score": 1.0,
    "beach_dist_km": 328.17,
    "bridge_proximity_bonus": 0.0,
    "catchment_area_km2": 73.5921,
    "channel_width_m": 18.57,
    "channel_width_score": 0.5,
    "composite_score": 44.482,
    "cso_density": 0.0,
    "ej_index": 0.5853,
    "elevation_m": 196.5072,
    "estuary_dist_km": 462.09,
    "feasibility_score": 15.2381,
    "flood_q10_cfs": 3543.87,
    "flow_score": 65.5621,
    "flow_velocity_ms": 0.1647,
    "generation_score": 33.0151,
    "impact_score": 53.004,
    "impervious_pct": 9.92,
    "land_ownership": 0.5,
    "lat": 35.3074,
    "litter_complaint_density": 0.0,
    "lon": -81.125,
    "npdes_points": 18,
    "pixel_col": 1710.0,
    "pixel_row": 334.0,
    "population_density": 319.2,
    "position_along": 0.5,
    "protected_area_score": 0.0,
    "rank": 47,
    "river_name": "Long Creek",
    "road_access_m": 579.2,
    "road_access_score": 0.6,
    "road_density_km_km2": 3.627,
    "robustness_pct": 4.0,
    "runoff_coeff_C": 0.1393,
    "seasonal_cv": 0.4897,
    "segment_id": 39,
    "segment_length_m": 1189.1481,
    "stream_order": 3,
    "superfund_score": 0.0,
    "tourism_amenity_density": 0.3979,
    "tri_facility_density": 0.0544,
    "usgs_mean_q_cfs": 56.714,
    "velocity_feasibility": 0.7,
    "water_intake_score": 0.0
   },
   "type": "Feature"
  },
  {
   "geometry": {
    "coordinates": [
     -81.072994,
     35.257337
    ],
    "type": "Point"
   },
   "properties": {
    "accumulation": 24221.0,
    "bank_slope_deg": 5.94,
    "bank_slope_score": 1.0,
    "beach_dist_km": 321.79,
    "bridge_proximity_bonus": 0.0,
    "catchment_area_km2": 2.4164,
    "channel_width_m": 4.5,
    "channel_width_score": 1.0,
    "composite_score": 44.4674,
    "cso_density": 0.0,
    "ej_index": 0.3407,
    "elevation_m": 174.363,
    "estuary_dist_km": 457.19,
    "feasibility_score": 70.0,
    "flood_q10_cfs": 361.6,
    "flow_score": 26.2495,
    "flow_velocity_ms": 0.5,
    "generation_score": 30.6793,
    "impact_score": 60.6707,
    "impervious_pct": null,
    "land_ownership": 0.5,
    "lat": 35.2573,
    "litter_complaint_density": 0.0,
    "lon": -81.073,
    "npdes_points": 1,
    "pixel_col": 2182.0,
    "pixel_row": 891.0,
    "population_density": 425.6,
    "position_along": 0.5,
    "protected_area_score": 0.0,
    "rank": 48,
    "river_name": "South Fork Catawba River",
    "road_access_m": 210.9,
    "road_access_score": 0.8,
    "road_density_km_km2": 5.835,
    "robustness_pct": 0.0,
    "runoff_coeff_C": null,
    "seasonal_cv": null,
    "segment_id": 51,
    "segment_length_m": 1020.3504,
    "stream_order": 1,
    "superfund_score": 0.0,
    "tourism_amenity_density": 1.9894,
    "tri_facility_density": 0.4138,
    "usgs_mean_q_cfs": null,
    "velocity_feasibility": 1.0,
    "water_intake_score": 0.0
   },
   "type": "Feature"
  },
  {
   "geometry": {
    "coordinates": [
     -81.215791,
     35.215215
    ],
    "type": "Point"
   },
   "properties": {
    "accumulation": 110074.0,
    "bank_slope_deg": 3.79,
    "bank_slope_score": 1.0,
    "beach_dist_km": 332.46,
    "bridge_proximity_bonus": 0.0,
    "catchment_area_km2": 10.9817,
    "channel_width_m": 8.43,
    "channel_width_score": 1.0,
    "composite_score": 44.2091,
    "cso_density": 0.0,
    "ej_index": 0.5515,
    "elevation_m": 201.2972,
    "estuary_dist_km": 470.07,
    "feasibility_score": 75.2381,
    "flood_q10_cfs": 1464.22,
    "flow_score": 29.7265,
    "flow_velocity_ms": 0.1423,
    "generation_score": 44.8656,
    "impact_score": 40.1069,
    "impervious_pct": 22.21,
    "land_ownership": 0.5,
    "lat": 35.2152,
    "litter_complaint_density": 0.0,
    "lon": -81.2158,
    "npdes_points": 2,
    "pixel_col": 880.0,
    "pixel_row": 1357.0,
    "population_density": 415.7,
    "position_along": 0.8333,
    "protected_area_score": 0.0,
    "rank": 49,
    "river_name": "Blackwood Creek",
    "road_access_m": 181.3,
    "road_access_score": 1.0,
    "road_density_km_km2": 4.808,
    "robustness_pct": 0.0,
    "runoff_coeff_C": 0.2499,
    "seasonal_cv": 0.477,
    "segment_id": 58,
    "segment_length_m": 5713.9297,
    "stream_order": 3,
    "superfund_score": 0.0,
    "tourism_amenity_density": 0.8754,
    "tri_facility_density": 0.3642,
    "usgs_mean_q_cfs": 5.705,
    "velocity_feasibility": 0.7,
    "water_intake_score": 0.0
   },
   "type": "Feature"
  },
  {
   "geometry": {
    "coordinates": [
     -81.11769,
     35.20765
    ],
    "type": "Point"
   },
   "properties": {
    "accumulation": 43799.0,
    "bank_slope_deg": 5.27,
    "bank_slope_score": 1.0,
    "beach_dist_km": 323.76,
    "bridge_proximity_bonus": 0.2,
    "catchment_area_km2": 4.3697,
    "channel_width_m": 5.75,
    "channel_width_score": 1.0,
    "composite_score": 43.8071,
    "cso_density": 0.0,
    "ej_index": 0.3089,
    "elevation_m": 197.6578,
    "estuary_dist_km": 461.15,
    "feasibility_score": 100.0,
    "flood_q10_cfs": 565.08,
    "flow_score": 41.4121,
    "flow_velocity_ms": 0.5,
    "generation_score": 15.6471,
    "impact_score": 45.8666,
    "impervious_pct": null,
    "land_ownership": 0.5,
    "lat": 35.2076,
    "litter_complaint_density": 0.0,
    "lon": -81.1177,
    "npdes_points": 0,
    "pixel_col": 1776.0,
    "pixel_row": 1443.0,
    "population_density": 466.1,
    "position_along": 0.75,
    "protected_area_score": 0.0,
    "rank": 50,
    "river_name": "Catawba Creek",
    "road_access_m": 120.8,
    "road_access_score": 1.0,
    "road_density_km_km2": 5.62,
    "robustness_pct": 2.0,
    "runoff_coeff_C": null,
    "seasonal_cv": null,
    "segment_id": 91,
    "segment_length_m": 3380.5054,
    "stream_order": 3,
    "superfund_score": 0.0,
    "tourism_amenity_density": 0.3979,
    "tri_facility_density": 0.0,
    "usgs_mean_q_cfs": null,
    "velocity_feasibility": 1.0,
    "water_intake_score": 0.0
   },
   "type": "Feature"
  },
  {
   "geometry": {
    "coordinates": [
     -81.23111,
     35.231439
    ],
    "type": "Point"
   },
   "properties": {
    "accumulation": 459611.0,
    "bank_slope_deg": 5.8,
    "bank_slope_score": 1.0,
    "beach_dist_km": 334.36,
    "bridge_proximity_bonus": 0.0,
    "catchment_area_km2": 45.8538,
    "channel_width_m": 15.26,
    "channel_width_score": 0.5,
    "composite_score": 43.4665,
    "cso_density": 0.0,
    "ej_index": 0.625,
    "elevation_m": 201.3496,
    "estuary_dist_km": 471.49,
    "feasibility_score": 48.5714,
    "flood_q10_cfs": 2772.14,
    "flow_score": 48.337,
    "flow_velocity_ms": 0.1599,
    "generation_score": 39.3514,
    "impact_score": 40.9705,
    "impervious_pct": 11.11,
    "land_ownership": 0.5,
    "lat": 35.2314,
    "litter_complaint_density": 0.0,
    "lon": -81.2311,
    "npdes_points": 14,
    "pixel_col": 742.0,
    "pixel_row": 1177.0,
    "population_density": 445.5,
    "position_along": 0.5,
    "protected_area_score": 0.0,
    "rank": 51,
    "river_name": "Crowders Creek",
    "road_access_m": 155.9,
    "road_access_score": 1.0,
    "road_density_km_km2": 5.249,
    "robustness_pct": 0.0,
    "runoff_coeff_C": 0.15,
    "seasonal_cv": 0.478,
    "segment_id": 72,
    "segment_length_m": 1714.8077,
    "stream_order": 3,
    "superfund_score": 0.0,
    "tourism_amenity_density": 1.1141,
    "tri_facility_density": 0.1527,
    "usgs_mean_q_cfs": 29.532,
    "velocity_feasibility": 0.7,
    "water_intake_score": 0.0
   },
   "type": "Feature"
  },
  {
   "geometry": {
    "coordinates": [
     -81.131106,
     35.201614
    ],
    "type": "Point"
   },
   "properties": {
    "accumulation": 30425.0,
    "bank_slope_deg": 2.22,
    "bank_slope_score": 1.0,
    "beach_dist_km": 324.69,
    "bridge_proximity_bonus": 0.0,
    "catchment_area_km2": 3.0354,
    "channel_width_m": 4.95,
    "channel_width_score": 1.0,
    "composite_score": 43.206,
    "cso_density": 0.0,
    "ej_index": 0.3508,
    "elevation_m": 207.3194,
    "estuary_dist_km": 462.36,
    "feasibility_score": 75.2381,
    "flood_q10_cfs": 564.88,
    "flow_score": 22.5629,
    "flow_velocity_ms": 0.1059,
    "generation_score": 32.8942,
    "impact_score": 54.7045,
    "impervious_pct": 15.67,
    "land_ownership": 0.5,
    "lat": 35.2016,
    "litter_complaint_density": 0.0,
    "lon": -81.1311,
    "npdes_points": 0,
    "pixel_col": 1653.0,
    "pixel_row": 1507.0,
    "population_density": 638.7,
    "position_along": 0.25,
    "protected_area_score": 0.0,
    "rank": 52,
    "river_name": null,
    "road_access_m": 60.0,
    "road_access_score": 1.0,
    "road_density_km_km2": 6.778,
    "robustness_pct": 0.0,
    "runoff_coeff_C": 0.191,
    "seasonal_cv": 0.47,
    "segment_id": 91,
    "segment_length_m": 3380.5054,
    "stream_order": 3,
    "superfund_score": 0.0,
    "tourism_amenity_density": 2.5465,
    "tri_facility_density": 0.0,
    "usgs_mean_q_cfs": 4.534,
    "velocity_feasibility": 0.7,
    "water_intake_score": 0.0
   },
   "type": "Feature"
  },
  {
   "geometry": {
    "coordinates": [
     -81.075214,
     35.192925
    ],
    "type": "Point"
   },
   "properties": {
    "accumulation": 541176.0,
    "bank_slope_deg": 0.8,
    "bank_slope_score": 1.0,
    "beach_dist_km": 319.57,
    "bridge_proximity_bonus": 0.0,
    "catchment_area_km2": 53.9913,
    "channel_width_m": 16.33,
    "channel_width_score": 0.5,
    "composite_score": 43.1266,
    "cso_density": 0.0,
    "ej_index": 0.3004,
    "elevation_m": 176.7363,
    "estuary_dist_km": 457.27,
    "feasibility_score": 48.5714,
    "flood_q10_cfs": 3382.31,
    "flow_score": 50.9012,
    "flow_velocity_ms": 0.14,
    "generation_score": 24.4216,
    "impact_score": 52.6305,
    "impervious_pct": 18.96,
    "land_ownership": 0.5,
    "lat": 35.1929,
    "litter_complaint_density": 0.0,
    "lon": -81.0752,
    "npdes_points": 8,
    "pixel_col": 2163.0,
    "pixel_row": 1607.0,
    "population_density": 193.3,
    "position_along": 0.8333,
    "protected_area_score": 0.0,
    "rank": 53,
    "river_name": "Catawba Creek",
    "road_access_m": 115.2,
    "road_access_score": 1.0,
    "road_density_km_km2": 1.392,
    "robustness_pct": 0.0,
    "runoff_coeff_C": 0.2206,
    "seasonal_cv": 0.5313,
    "segment_id": 93,
    "segment_length_m": 4830.6478,
    "stream_order": 3,
    "superfund_score": 0.0,
    "tourism_amenity_density": 0.0796,
    "tri_facility_density": 0.0,
    "usgs_mean_q_cfs": 26.436,
    "velocity_feasibility": 0.7,
    "water_intake_score": 0.0
   },
   "type": "Feature"
  },
  {
   "geometry": {
    "coordinates": [
     -81.131333,
     35.219807
    ],
    "type": "Point"
   },
   "properties": {
    "accumulation": 22133.0,
    "bank_slope_deg": 3.57,
    "bank_slope_score": 1.0,
    "beach_dist_km": 325.37,
    "bridge_proximity_bonus": 0.0,
    "catchment_area_km2": 2.2081,
    "channel_width_m": 4.33,
    "channel_width_score": 1.0,
    "composite_score": 42.7725,
    "cso_density": 0.0,
    "ej_index": 0.2572,
    "elevation_m": 195.5437,
    "estuary_dist_km": 462.41,
    "feasibility_score": 86.6667,
    "flood_q10_cfs": 337.85,
    "flow_score": 40.1177,
    "flow_velocity_ms": 0.5,
    "generation_score": 20.1199,
    "impact_score": 45.6901,
    "impervious_pct": null,
    "land_ownership": 0.5,
    "lat": 35.2198,
    "litter_complaint_density": 0.0,
    "lon": -81.1313,
    "npdes_points": 0,
    "pixel_col": 1651.0,
    "pixel_row": 1306.0,
    "population_density": 635.4,
    "position_along": 0.5,
    "protected_area_score": 0.0,
    "rank": 54,
    "river_name": "Catawba Creek",
    "road_access_m": 148.2,
    "road_access_score": 1.0,
    "road_density_km_km2": 6.114,
    "robustness_pct": 0.0,
    "runoff_coeff_C": null,
    "seasonal_cv": null,
    "segment_id": 77,
    "segment_length_m": 537.3617,
    "stream_order": 3,
    "superfund_score": 0.0,
    "tourism_amenity_density": 1.5915,
    "tri_facility_density": 0.0,
    "usgs_mean_q_cfs": null,
    "velocity_feasibility": 1.0,
    "water_intake_score": 0.0
   },
   "type": "Feature"
  },
  {
   "geometry": {
    "coordinates": [
     -81.133723,
     35.209544
    ],
    "type": "Point"
   },
   "properties": {
    "accumulation": 43551.0,
    "bank_slope_deg": 5.46,
    "bank_slope_score": 1.0,
    "beach_dist_km": 325.2,
    "bridge_proximity_bonus": 0.0,
    "catchment_area_km2": 4.3449,
    "channel_width_m": 5.74,
    "channel_width_score": 1.0,
    "composite_score": 42.7328,
    "cso_density": 0.0,
    "ej_index": 0.282,
    "elevation_m": 205.7326,
    "estuary_dist_km": 462.61,
    "feasibility_score": 75.2381,
    "flood_q10_cfs": 740.18,
    "flow_score": 24.4864,
    "flow_velocity_ms": 0.1455,
    "generation_score": 33.5755,
    "impact_score": 50.843,
    "impervious_pct": 15.67,
    "land_ownership": 0.5,
    "lat": 35.2095,
    "litter_complaint_density": 0.0,
    "lon": -81.1337,
    "npdes_points": 0,
    "pixel_col": 1630.0,
    "pixel_row": 1418.0,
    "population_density": 643.1,
    "position_along": 0.5,
    "protected_area_score": 0.0,
    "rank": 55,
    "river_name": null,
    "road_access_m": 59.1,
    "road_access_score": 1.0,
    "road_density_km_km2": 7.223,
    "robustness_pct": 0.0,
    "runoff_coeff_C": 0.191,
    "seasonal_cv": 0.47,
    "segment_id": 84,
    "segment_length_m": 4693.2348,
    "stream_order": 3,
    "superfund_score": 0.0,
    "tourism_amenity_density": 2.5465,
    "tri_facility_density": 0.0,
    "usgs_mean_q_cfs": 4.534,
    "velocity_feasibility": 0.7,
    "water_intake_score": 0.0
   },
   "type": "Feature"
  },
  {
   "geometry": {
    "coordinates": [
     -81.236031,
     35.255424
    ],
    "type": "Point"
   },
   "properties": {
    "accumulation": 28073.0,
    "bank_slope_deg": 4.33,
    "bank_slope_score": 1.0,
    "beach_dist_km": 335.65,
    "bridge_proximity_bonus": 0.0,
    "catchment_area_km2": 2.8007,
    "channel_width_m": 4.78,
    "channel_width_score": 1.0,
    "composite_score": 42.7184,
    "cso_density": 0.0,
    "ej_index": 0.8969,
    "elevation_m": 209.6151,
    "estuary_dist_km": 471.99,
    "feasibility_score": 70.0,
    "flood_q10_cfs": 404.14,
    "flow_score": 40.4878,
    "flow_velocity_ms": 0.5,
    "generation_score": 22.2904,
    "impact_score": 51.3644,
    "impervious_pct": null,
    "land_ownership": 0.5,
    "lat": 35.2554,
    "litter_complaint_density": 0.0,
    "lon": -81.236,
    "npdes_points": 0,
    "pixel_col": 696.0,
    "pixel_row": 910.0,
    "population_density": 295.3,
    "position_along": 0.5,
    "protected_area_score": 0.0,
    "rank": 56,
    "river_name": "Crowders Creek",
    "road_access_m": 214.3,
    "road_access_score": 0.8,
    "road_density_km_km2": 3.824,
    "robustness_pct": 0.0,
    "runoff_coeff_C": null,
    "seasonal_cv": null,
    "segment_id": 49,
    "segment_length_m": 1406.4676,
    "stream_order": 3,
    "superfund_score": 0.0,
    "tourism_amenity_density": 1.1141,
    "tri_facility_density": 0.357,
    "usgs_mean_q_cfs": null,
    "velocity_feasibility": 1.0,
    "water_intake_score": 0.0
   },
   "type": "Feature"
  },
  {
   "geometry": {
    "coordinates": [
     -81.235998,
     35.244272
    ],
    "type": "Point"
   },
   "properties": {
    "accumulation": 413680.0,
    "bank_slope_deg": 5.62,
    "bank_slope_score": 1.0,
    "beach_dist_km": 335.24,
    "bridge_proximity_bonus": 0.0,
    "catchment_area_km2": 41.2714,
    "channel_width_m": 14.61,
    "channel_width_score": 1.0,
    "composite_score": 42.636,
    "cso_density": 0.0,
    "ej_index": 0.6824,
    "elevation_m": 203.9064,
    "estuary_dist_km": 471.96,
    "feasibility_score": 58.5714,
    "flood_q10_cfs": 2615.1,
    "flow_score": 46.7209,
    "flow_velocity_ms": 0.1561,
    "generation_score": 34.4806,
    "impact_score": 39.4196,
    "impervious_pct": 11.11,
    "land_ownership": 0.5,
    "lat": 35.2443,
    "litter_complaint_density": 0.0,
    "lon": -81.236,
    "npdes_points": 8,
    "pixel_col": 697.0,
    "pixel_row": 1034.0,
    "population_density": 469.2,
    "position_along": 0.5,
    "protected_area_score": 0.0,
    "rank": 57,
    "river_name": "Crowders Creek",
    "road_access_m": 334.8,
    "road_access_score": 0.8,
    "road_density_km_km2": 5.514,
    "robustness_pct": 0.0,
    "runoff_coeff_C": 0.15,
    "seasonal_cv": 0.478,
    "segment_id": 71,
    "segment_length_m": 1565.5709,
    "stream_order": 3,
    "superfund_score": 0.0,
    "tourism_amenity_density": 0.4775,
    "tri_facility_density": 0.1211,
    "usgs_mean_q_cfs": 29.532,
    "velocity_feasibility": 0.7,
    "water_intake_score": 0.0
   },
   "type": "Feature"
  },
  {
   "geometry": {
    "coordinates": [
     -81.242389,
     35.253946
    ],
    "type": "Point"
   },
   "properties": {
    "accumulation": 364293.0,
    "bank_slope_deg": 6.2,
    "bank_slope_score": 1.0,
    "beach_dist_km": 336.14,
    "bridge_proximity_bonus": 0.0,
    "catchment_area_km2": 36.3443,
    "channel_width_m": 13.86,
    "channel_width_score": 1.0,
    "composite_score": 42.1678,
    "cso_density": 0.0,
    "ej_index": 0.7152,
    "elevation_m": 205.4978,
    "estuary_dist_km": 472.56,
    "feasibility_score": 58.5714,
    "flood_q10_cfs": 2437.28,
    "flow_score": 43.9293,
    "flow_velocity_ms": 0.1122,
    "generation_score": 32.5861,
    "impact_score": 42.0799,
    "impervious_pct": 11.11,
    "land_ownership": 0.5,
    "lat": 35.2539,
    "litter_complaint_density": 0.0,
    "lon": -81.2424,
    "npdes_points": 8,
    "pixel_col": 641.0,
    "pixel_row": 927.0,
    "population_density": 381.9,
    "position_along": 0.5,
    "protected_area_score": 0.0,
    "rank": 58,
    "river_name": "Crowders Creek",
    "road_access_m": 278.3,
    "road_access_score": 0.8,
    "road_density_km_km2": 5.12,
    "robustness_pct": 0.0,
    "runoff_coeff_C": 0.15,
    "seasonal_cv": 0.478,
    "segment_id": 70,
    "segment_length_m": 1097.5394,
    "stream_order": 3,
    "superfund_score": 0.0,
    "tourism_amenity_density": 1.1141,
    "tri_facility_density": 0.1376,
    "usgs_mean_q_cfs": 29.532,
    "velocity_feasibility": 0.7,
    "water_intake_score": 0.0
   },
   "type": "Feature"
  },
  {
   "geometry": {
    "coordinates": [
     -81.145032,
     35.208936
    ],
    "type": "Point"
   },
   "properties": {
    "accumulation": 31803.0,
    "bank_slope_deg": 1.96,
    "bank_slope_score": 1.0,
    "beach_dist_km": 326.15,
    "bridge_proximity_bonus": 0.0,
    "catchment_area_km2": 3.1729,
    "channel_width_m": 5.04,
    "channel_width_score": 1.0,
    "composite_score": 41.7792,
    "cso_density": 0.0,
    "ej_index": 0.268,
    "elevation_m": 215.6949,
    "estuary_dist_km": 463.64,
    "feasibility_score": 75.2381,
    "flood_q10_cfs": 610.49,
    "flow_score": 22.8679,
    "flow_velocity_ms": 0.1126,
    "generation_score": 33.1097,
    "impact_score": 49.4786,
    "impervious_pct": 18.2,
    "land_ownership": 0.5,
    "lat": 35.2089,
    "litter_complaint_density": 0.0,
    "lon": -81.145,
    "npdes_points": 0,
    "pixel_col": 1526.0,
    "pixel_row": 1425.0,
    "population_density": 642.8,
    "position_along": 0.1667,
    "protected_area_score": 0.0,
    "rank": 59,
    "river_name": null,
    "road_access_m": 120.5,
    "road_access_score": 1.0,
    "road_density_km_km2": 5.411,
    "robustness_pct": 0.0,
    "runoff_coeff_C": 0.2138,
    "seasonal_cv": 0.4442,
    "segment_id": 84,
    "segment_length_m": 4693.2348,
    "stream_order": 3,
    "superfund_score": 0.0,
    "tourism_amenity_density": 2.8648,
    "tri_facility_density": 0.0,
    "usgs_mean_q_cfs": 1.744,
    "velocity_feasibility": 0.7,
    "water_intake_score": 0.0
   },
   "type": "Feature"
  },
  {
   "geometry": {
    "coordinates": [
     -81.089444,
     35.233355
    ],
    "type": "Point"
   },
   "properties": {
    "accumulation": 37383.0,
    "bank_slope_deg": 2.59,
    "bank_slope_score": 1.0,
    "beach_dist_km": 322.28,
    "bridge_proximity_bonus": 0.0,
    "catchment_area_km2": 3.7296,
    "channel_width_m": 5.39,
    "channel_width_score": 1.0,
    "composite_score": 41.2977,
    "cso_density": 0.0,
    "ej_index": 0.4183,
    "elevation_m": 190.3325,
    "estuary_dist_km": 458.63,
    "feasibility_score": 58.5714,
    "flood_q10_cfs": 668.32,
    "flow_score": 21.9229,
    "flow_velocity_ms": 0.0949,
    "generation_score": 26.0516,
    "impact_score": 64.0526,
    "impervious_pct": 16.41,
    "land_ownership": 0.5,
    "lat": 35.2334,
    "litter_complaint_density": 0.0,
    "lon": -81.0894,
    "npdes_points": 0,
    "pixel_col": 2033.0,
    "pixel_row": 1156.0,
    "population_density": 536.0,
    "position_along": 0.5,
    "protected_area_score": 0.0,
    "rank": 60,
    "river_name": "Duharts Creek",
    "road_access_m": 233.3,
    "road_access_score": 0.8,
    "road_density_km_km2": 2.893,
    "robustness_pct": 0.0,
    "runoff_coeff_C": 0.1977,
    "seasonal_cv": 0.4799,
    "segment_id": 66,
    "segment_length_m": 1878.7582,
    "stream_order": 3,
    "superfund_score": 0.0,
    "tourism_amenity_density": 2.4669,
    "tri_facility_density": 0.0,
    "usgs_mean_q_cfs": 1.997,
    "velocity_feasibility": 0.7,
    "water_intake_score": 0.0
   },
   "type": "Feature"
  },
  {
   "geometry": {
    "coordinates": [
     -81.225019,
     35.204352
    ],
    "type": "Point"
   },
   "properties": {
    "accumulation": 711674.0,
    "bank_slope_deg": 6.5,
    "bank_slope_score": 1.0,
    "beach_dist_km": 332.87,
    "bridge_proximity_bonus": 0.0,
    "catchment_area_km2": 71.0013,
    "channel_width_m": 18.3,
    "channel_width_score": 0.5,
    "composite_score": 40.5729,
    "cso_density": 0.0,
    "ej_index": 0.5707,
    "elevation_m": 196.0965,
    "estuary_dist_km": 470.9,
    "feasibility_score": 48.5714,
    "flood_q10_cfs": 3539.13,
    "flow_score": 57.6225,
    "flow_velocity_ms": 0.0718,
    "generation_score": 26.7632,
    "impact_score": 36.1752,
    "impervious_pct": 11.26,
    "land_ownership": 0.5,
    "lat": 35.2044,
    "litter_complaint_density": 0.0,
    "lon": -81.225,
    "npdes_points": 9,
    "pixel_col": 796.0,
    "pixel_row": 1478.0,
    "population_density": 274.3,
    "position_along": 0.5,
    "protected_area_score": 0.0,
    "rank": 61,
    "river_name": "Crowders Creek",
    "road_access_m": 91.7,
    "road_access_score": 1.0,
    "road_density_km_km2": 3.314,
    "robustness_pct": 0.0,
    "runoff_coeff_C": 0.1513,
    "seasonal_cv": 0.4938,
    "segment_id": 81,
    "segment_length_m": 1968.2372,
    "stream_order": 3,
    "superfund_score": 0.0,
    "tourism_amenity_density": 0.0796,
    "tri_facility_density": 0.0845,
    "usgs_mean_q_cfs": 40.921,
    "velocity_feasibility": 0.7,
    "water_intake_score": 0.0
   },
   "type": "Feature"
  },
  {
   "geometry": {
    "coordinates": [
     -81.220531,
     35.30161
    ],
    "type": "Point"
   },
   "properties": {
    "accumulation": 318146.0,
    "bank_slope_deg": 2.01,
    "bank_slope_score": 1.0,
    "beach_dist_km": 336.06,
    "bridge_proximity_bonus": 0.0,
    "catchment_area_km2": 31.7403,
    "channel_width_m": 13.1,
    "channel_width_score": 1.0,
    "composite_score": 40.4434,
    "cso_density": 0.0,
    "ej_index": 0.7142,
    "elevation_m": 210.7583,
    "estuary_dist_km": 470.73,
    "feasibility_score": 58.5714,
    "flood_q10_cfs": 2070.92,
    "flow_score": 45.9136,
    "flow_velocity_ms": 0.1555,
    "generation_score": 26.7719,
    "impact_score": 40.4925,
    "impervious_pct": 4.75,
    "land_ownership": 0.5,
    "lat": 35.3016,
    "litter_complaint_density": 0.0,
    "lon": -81.2205,
    "npdes_points": 7,
    "pixel_col": 841.0,
    "pixel_row": 398.0,
    "population_density": 167.7,
    "position_along": 0.5,
    "protected_area_score": 0.0,
    "rank": 62,
    "river_name": "Long Creek",
    "road_access_m": 273.7,
    "road_access_score": 0.8,
    "road_density_km_km2": 3.75,
    "robustness_pct": 0.0,
    "runoff_coeff_C": 0.0927,
    "seasonal_cv": 0.4592,
    "segment_id": 20,
    "segment_length_m": 1697.9645,
    "stream_order": 3,
    "superfund_score": 0.0,
    "tourism_amenity_density": 0.2387,
    "tri_facility_density": 0.3151,
    "usgs_mean_q_cfs": 40.952,
    "velocity_feasibility": 0.7,
    "water_intake_score": 0.0
   },
   "type": "Feature"
  },
  {
   "geometry": {
    "coordinates": [
     -81.123403,
     35.209908
    ],
    "type": "Point"
   },
   "properties": {
    "accumulation": 52336.0,
    "bank_slope_deg": 2.52,
    "bank_slope_score": 1.0,
    "beach_dist_km": 324.33,
    "bridge_proximity_bonus": 0.0,
    "catchment_area_km2": 5.2214,
    "channel_width_m": 6.19,
    "channel_width_score": 1.0,
    "composite_score": 40.3338,
    "cso_density": 0.0,
    "ej_index": 0.3071,
    "elevation_m": 192.6624,
    "estuary_dist_km": 461.67,
    "feasibility_score": 75.2381,
    "flood_q10_cfs": 850.12,
    "flow_score": 23.711,
    "flow_velocity_ms": 0.0898,
    "generation_score": 30.7166,
    "impact_score": 46.3511,
    "impervious_pct": 15.67,
    "land_ownership": 0.5,
    "lat": 35.2099,
    "litter_complaint_density": 0.0,
    "lon": -81.1234,
    "npdes_points": 0,
    "pixel_col": 1724.0,
    "pixel_row": 1415.0,
    "population_density": 565.1,
    "position_along": 0.8333,
    "protected_area_score": 0.0,
    "rank": 63,
    "river_name": "Catawba Creek",
    "road_access_m": 62.3,
    "road_access_score": 1.0,
    "road_density_km_km2": 6.385,
    "robustness_pct": 0.0,
    "runoff_coeff_C": 0.191,
    "seasonal_cv": 0.47,
    "segment_id": 84,
    "segment_length_m": 4693.2348,
    "stream_order": 3,
    "superfund_score": 0.0,
    "tourism_amenity_density": 0.7958,
    "tri_facility_density": 0.0,
    "usgs_mean_q_cfs": 4.534,
    "velocity_feasibility": 0.7,
    "water_intake_score": 0.0
   },
   "type": "Feature"
  },
  {
   "geometry": {
    "coordinates": [
     -81.162727,
     35.320552
    ],
    "type": "Point"
   },
   "properties": {
    "accumulation": 125629.0,
    "bank_slope_deg": 3.72,
    "bank_slope_score": 1.0,
    "beach_dist_km": 331.89,
    "bridge_proximity_bonus": 0.0,
    "catchment_area_km2": 12.5336,
    "channel_width_m": 8.91,
    "channel_width_score": 1.0,
    "composite_score": 40.3108,
    "cso_density": 0.0,
    "ej_index": 0.6806,
    "elevation_m": 207.1797,
    "estuary_dist_km": 465.56,
    "feasibility_score": 75.2381,
    "flood_q10_cfs": 1308.65,
    "flow_score": 28.6519,
    "flow_velocity_ms": 0.1295,
    "generation_score": 20.7853,
    "impact_score": 52.0885,
    "impervious_pct": 8.78,
    "land_ownership": 0.5,
    "lat": 35.3206,
    "litter_complaint_density": 0.0,
    "lon": -81.1627,
    "npdes_points": 1,
    "pixel_col": 1367.0,
    "pixel_row": 188.0,
    "population_density": 407.7,
    "position_along": 0.5625,
    "protected_area_score": 0.0,
    "rank": 64,
    "river_name": "Little Long Creek",
    "road_access_m": 106.0,
    "road_access_score": 1.0,
    "road_density_km_km2": 4.901,
    "robustness_pct": 0.0,
    "runoff_coeff_C": 0.129,
    "seasonal_cv": 0.4752,
    "segment_id": 3,
    "segment_length_m": 12229.9074,
    "stream_order": 3,
    "superfund_score": 0.0,
    "tourism_amenity_density": 0.9549,
    "tri_facility_density": 0.0,
    "usgs_mean_q_cfs": 10.357,
    "velocity_feasibility": 0.7,
    "water_intake_score": 0.0
   },
   "type": "Feature"
  },
  {
   "geometry": {
    "coordinates": [
     -81.247146,
     35.263877
    ],
    "type": "Point"
   },
   "properties": {
    "accumulation": 67450.0,
    "bank_slope_deg": 2.08,
    "bank_slope_score": 1.0,
    "beach_dist_km": 336.92,
    "bridge_proximity_bonus": 0.0,
    "catchment_area_km2": 6.7293,
    "channel_width_m": 6.88,
    "channel_width_score": 1.0,
    "composite_score": 38.8782,
    "cso_density": 0.0,
    "ej_index": 0.8138,
    "elevation_m": 212.1233,
    "estuary_dist_km": 473.02,
    "feasibility_score": 60.0,
    "flood_q10_cfs": 1064.58,
    "flow_score": 24.4314,
    "flow_velocity_ms": 0.0439,
    "generation_score": 34.0077,
    "impact_score": 45.2267,
    "impervious_pct": 17.6,
    "land_ownership": 0.5,
    "lat": 35.2639,
    "litter_complaint_density": 0.0,
    "lon": -81.2471,
    "npdes_points": 3,
    "pixel_col": 596.0,
    "pixel_row": 816.0,
    "population_density": 381.8,
    "position_along": 0.5,
    "protected_area_score": 0.0,
    "rank": 65,
    "river_name": "Oates Creek",
    "road_access_m": 195.9,
    "road_access_score": 1.0,
    "road_density_km_km2": 5.1,
    "robustness_pct": 0.0,
    "runoff_coeff_C": 0.2084,
    "seasonal_cv": 0.4434,
    "segment_id": 43,
    "segment_length_m": 2405.7157,
    "stream_order": 3,
    "superfund_score": 0.0,
    "tourism_amenity_density": 1.1141,
    "tri_facility_density": 0.1486,
    "usgs_mean_q_cfs": 3.831,
    "velocity_feasibility": 0.3,
    "water_intake_score": 0.0
   },
   "type": "Feature"
  },
  {
   "geometry": {
    "coordinates": [
     -81.226815,
     35.218664
    ],
    "type": "Point"
   },
   "properties": {
    "accumulation": 540380.0,
    "bank_slope_deg": 5.39,
    "bank_slope_score": 1.0,
    "beach_dist_km": 333.53,
    "bridge_proximity_bonus": 0.0,
    "catchment_area_km2": 53.9119,
    "channel_width_m": 16.32,
    "channel_width_score": 0.5,
    "composite_score": 38.6032,
    "cso_density": 0.0,
    "ej_index": 0.5802,
    "elevation_m": 199.1325,
    "estuary_dist_km": 471.08,
    "feasibility_score": 31.9048,
    "flood_q10_cfs": 2971.66,
    "flow_score": 52.1292,
    "flow_velocity_ms": 0.1609,
    "generation_score": 31.8017,
    "impact_score": 37.4822,
    "impervious_pct": 9.65,
    "land_ownership": 0.5,
    "lat": 35.2187,
    "litter_complaint_density": 0.0,
    "lon": -81.2268,
    "npdes_points": 12,
    "pixel_col": 781.0,
    "pixel_row": 1319.0,
    "population_density": 366.7,
    "position_along": 0.5,
    "protected_area_score": 0.0,
    "rank": 66,
    "river_name": "Crowders Creek",
    "road_access_m": 271.8,
    "road_access_score": 0.8,
    "road_density_km_km2": 4.509,
    "robustness_pct": 0.0,
    "runoff_coeff_C": 0.1368,
    "seasonal_cv": 0.4842,
    "segment_id": 74,
    "segment_length_m": 1474.6721,
    "stream_order": 3,
    "superfund_score": 0.0,
    "tourism_amenity_density": 0.4775,
    "tri_facility_density": 0.0927,
    "usgs_mean_q_cfs": 34.766,
    "velocity_feasibility": 0.7,
    "water_intake_score": 0.0
   },
   "type": "Feature"
  },
  {
   "geometry": {
    "coordinates": [
     -81.089271,
     35.196362
    ],
    "type": "Point"
   },
   "properties": {
    "accumulation": 507882.0,
    "bank_slope_deg": 7.27,
    "bank_slope_score": 1.0,
    "beach_dist_km": 320.9,
    "bridge_proximity_bonus": 0.0,
    "catchment_area_km2": 50.6697,
    "channel_width_m": 15.91,
    "channel_width_score": 0.5,
    "composite_score": 38.4244,
    "cso_density": 0.0,
    "ej_index": 0.3122,
    "elevation_m": 177.9949,
    "estuary_dist_km": 458.55,
    "feasibility_score": 15.2381,
    "flood_q10_cfs": 3265.42,
    "flow_score": 49.9665,
    "flow_velocity_ms": 0.1465,
    "generation_score": 28.0812,
    "impact_score": 50.7425,
    "impervious_pct": 18.96,
    "land_ownership": 0.5,
    "lat": 35.1964,
    "litter_complaint_density": 0.0,
    "lon": -81.0893,
    "npdes_points": 10,
    "pixel_col": 2034.0,
    "pixel_row": 1568.0,
    "population_density": 240.4,
    "position_along": 0.5,
    "protected_area_score": 0.0,
    "rank": 67,
    "river_name": "Catawba Creek",
    "road_access_m": 502.7,
    "road_access_score": 0.6,
    "road_density_km_km2": 2.2,
    "robustness_pct": 0.0,
    "runoff_coeff_C": 0.2206,
    "seasonal_cv": 0.5313,
    "segment_id": 93,
    "segment_length_m": 4830.6478,
    "stream_order": 3,
    "superfund_score": 0.0,
    "tourism_amenity_density": 0.1592,
    "tri_facility_density": 0.0,
    "usgs_mean_q_cfs": 26.436,
    "velocity_feasibility": 0.7,
    "water_intake_score": 0.0
   },
   "type": "Feature"
  },
  {
   "geometry": {
    "coordinates": [
     -81.139595,
     35.301674
    ],
    "type": "Point"
   },
   "properties": {
    "accumulation": 31192.0,
    "bank_slope_deg": 6.49,
    "bank_slope_score": 1.0,
    "beach_dist_km": 329.18,
    "bridge_proximity_bonus": 0.0,
    "catchment_area_km2": 3.1119,
    "channel_width_m": 5.0,
    "channel_width_score": 1.0,
    "composite_score": 38.19,
    "cso_density": 0.0,
    "ej_index": 0.4803,
    "elevation_m": 202.0117,
    "estuary_dist_km": 463.39,
    "feasibility_score": 75.2381,
    "flood_q10_cfs": 586.35,
    "flow_score": 21.4899,
    "flow_velocity_ms": 0.0795,
    "generation_score": 25.6189,
    "impact_score": 46.1539,
    "impervious_pct": 16.73,
    "land_ownership": 0.5,
    "lat": 35.3017,
    "litter_complaint_density": 0.0,
    "lon": -81.1396,
    "npdes_points": 1,
    "pixel_col": 1574.0,
    "pixel_row": 394.0,
    "population_density": 439.4,
    "position_along": 0.5,
    "protected_area_score": 0.0,
    "rank": 68,
    "river_name": "Burton Branch",
    "road_access_m": 106.3,
    "road_access_score": 1.0,
    "road_density_km_km2": 3.459,
    "robustness_pct": 0.0,
    "runoff_coeff_C": 0.2006,
    "seasonal_cv": 0.4682,
    "segment_id": 23,
    "segment_length_m": 2549.1015,
    "stream_order": 3,
    "superfund_score": 0.0,
    "tourism_amenity_density": 0.4775,
    "tri_facility_density": 0.0,
    "usgs_mean_q_cfs": 2.225,
    "velocity_feasibility": 0.7,
    "water_intake_score": 0.0
   },
   "type": "Feature"
  },
  {
   "geometry": {
    "coordinates": [
     -81.14983,
     35.316516
    ],
    "type": "Point"
   },
   "properties": {
    "accumulation": 146530.0,
    "bank_slope_deg": 2.01,
    "bank_slope_score": 1.0,
    "beach_dist_km": 330.64,
    "bridge_proximity_bonus": 0.0,
    "catchment_area_km2": 14.6188,
    "channel_width_m": 9.5,
    "channel_width_score": 1.0,
    "composite_score": 37.3237,
    "cso_density": 0.0,
    "ej_index": 0.6347,
    "elevation_m": 203.7956,
    "estuary_dist_km": 464.37,
    "feasibility_score": 58.5714,
    "flood_q10_cfs": 1425.1,
    "flow_score": 29.4977,
    "flow_velocity_ms": 0.129,
    "generation_score": 21.7089,
    "impact_score": 48.8363,
    "impervious_pct": 8.78,
    "land_ownership": 0.5,
    "lat": 35.3165,
    "litter_complaint_density": 0.0,
    "lon": -81.1498,
    "npdes_points": 5,
    "pixel_col": 1485.0,
    "pixel_row": 232.0,
    "population_density": 359.7,
    "position_along": 0.6875,
    "protected_area_score": 0.0,
    "rank": 69,
    "river_name": "Little Long Creek",
    "road_access_m": 266.1,
    "road_access_score": 0.8,
    "road_density_km_km2": 4.084,
    "robustness_pct": 0.0,
    "runoff_coeff_C": 0.129,
    "seasonal_cv": 0.4752,
    "segment_id": 3,
    "segment_length_m": 12229.9074,
    "stream_order": 3,
    "superfund_score": 0.0,
    "tourism_amenity_density": 0.0796,
    "tri_facility_density": 0.0,
    "usgs_mean_q_cfs": 10.357,
    "velocity_feasibility": 0.7,
    "water_intake_score": 0.0
   },
   "type": "Feature"
  },
  {
   "geometry": {
    "coordinates": [
     -81.224164,
     35.212736
    ],
    "type": "Point"
   },
   "properties": {
    "accumulation": 661990.0,
    "bank_slope_deg": 5.98,
    "bank_slope_score": 1.0,
    "beach_dist_km": 333.09,
    "bridge_proximity_bonus": 0.0,
    "catchment_area_km2": 66.0445,
    "channel_width_m": 17.76,
    "channel_width_score": 0.5,
    "composite_score": 37.1963,
    "cso_density": 0.0,
    "ej_index": 0.5792,
    "elevation_m": 197.2452,
    "estuary_dist_km": 470.83,
    "feasibility_score": 15.2381,
    "flood_q10_cfs": 3400.06,
    "flow_score": 56.0795,
    "flow_velocity_ms": 0.0706,
    "generation_score": 33.2041,
    "impact_score": 36.4316,
    "impervious_pct": 11.26,
    "land_ownership": 0.5,
    "lat": 35.2127,
    "litter_complaint_density": 0.0,
    "lon": -81.2242,
    "npdes_points": 14,
    "pixel_col": 804.0,
    "pixel_row": 1384.0,
    "population_density": 334.4,
    "position_along": 0.5,
    "protected_area_score": 0.0,
    "rank": 70,
    "river_name": "Crowders Creek",
    "road_access_m": 521.3,
    "road_access_score": 0.6,
    "road_density_km_km2": 4.086,
    "robustness_pct": 0.0,
    "runoff_coeff_C": 0.1513,
    "seasonal_cv": 0.4938,
    "segment_id": 75,
    "segment_length_m": 39.9533,
    "stream_order": 3,
    "superfund_score": 0.0,
    "tourism_amenity_density": 0.0796,
    "tri_facility_density": 0.0908,
    "usgs_mean_q_cfs": 40.921,
    "velocity_feasibility": 0.7,
    "water_intake_score": 0.0
   },
   "type": "Feature"
  },
  {
   "geometry": {
    "coordinates": [
     -81.100909,
     35.310692
    ],
    "type": "Point"
   },
   "properties": {
    "accumulation": 30739.0,
    "bank_slope_deg": 0.65,
    "bank_slope_score": 1.0,
    "beach_dist_km": 326.26,
    "bridge_proximity_bonus": 0.0,
    "catchment_area_km2": 3.0667,
    "channel_width_m": 4.97,
    "channel_width_score": 1.0,
    "composite_score": 36.7468,
    "cso_density": 0.0,
    "ej_index": 0.6781,
    "elevation_m": 192.9136,
    "estuary_dist_km": 459.91,
    "feasibility_score": 70.0,
    "flood_q10_cfs": 432.73,
    "flow_score": 26.6494,
    "flow_velocity_ms": 0.5,
    "generation_score": 4.7761,
    "impact_score": 60.5053,
    "impervious_pct": null,
    "land_ownership": 0.5,
    "lat": 35.3107,
    "litter_complaint_density": 0.0,
    "lon": -81.1009,
    "npdes_points": 0,
    "pixel_col": 1930.0,
    "pixel_row": 299.0,
    "population_density": 209.5,
    "position_along": 0.5,
    "protected_area_score": 0.0,
    "rank": 71,
    "river_name": "South Fork Catawba River",
    "road_access_m": 308.7,
    "road_access_score": 0.8,
    "road_density_km_km2": 1.742,
    "robustness_pct": 0.0,
    "runoff_coeff_C": null,
    "seasonal_cv": null,
    "segment_id": 8,
    "segment_length_m": 2321.7936,
    "stream_order": 1,
    "superfund_score": 0.0,
    "tourism_amenity_density": 0.1592,
    "tri_facility_density": 0.0,
    "usgs_mean_q_cfs": null,
    "velocity_feasibility": 1.0,
    "water_intake_score": 0.0
   },
   "type": "Feature"
  },
  {
   "geometry": {
    "coordinates": [
     -81.185735,
     35.324346
    ],
    "type": "Point"
   },
   "properties": {
    "accumulation": 65431.0,
    "bank_slope_deg": 2.99,
    "bank_slope_score": 1.0,
    "beach_dist_km": 333.99,
    "bridge_proximity_bonus": 0.0,
    "catchment_area_km2": 6.5278,
    "channel_width_m": 6.8,
    "channel_width_score": 1.0,
    "composite_score": 36.6722,
    "cso_density": 0.0,
    "ej_index": 0.3805,
    "elevation_m": 218.7039,
    "estuary_dist_km": 467.66,
    "feasibility_score": 75.2381,
    "flood_q10_cfs": 891.66,
    "flow_score": 26.1936,
    "flow_velocity_ms": 0.142,
    "generation_score": 20.0465,
    "impact_score": 42.7471,
    "impervious_pct": 8.78,
    "land_ownership": 0.5,
    "lat": 35.3243,
    "litter_complaint_density": 0.0,
    "lon": -81.1857,
    "npdes_points": 0,
    "pixel_col": 1158.0,
    "pixel_row": 143.0,
    "population_density": 329.8,
    "position_along": 0.3125,
    "protected_area_score": 0.0,
    "rank": 72,
    "river_name": "Little Long Creek",
    "road_access_m": 143.9,
    "road_access_score": 1.0,
    "road_density_km_km2": 6.271,
    "robustness_pct": 0.0,
    "runoff_coeff_C": 0.129,
    "seasonal_cv": 0.4752,
    "segment_id": 3,
    "segment_length_m": 12229.9074,
    "stream_order": 3,
    "superfund_score": 0.0,
    "tourism_amenity_density": 2.9444,
    "tri_facility_density": 0.0,
    "usgs_mean_q_cfs": 10.357,
    "velocity_feasibility": 0.7,
    "water_intake_score": 0.0
   },
   "type": "Feature"
  },
  {
   "geometry": {
    "coordinates": [
     -81.240098,
     35.238509
    ],
    "type": "Point"
   },
   "properties": {
    "accumulation": 23413.0,
    "bank_slope_deg": 1.42,
    "bank_slope_score": 1.0,
    "beach_dist_km": 335.39,
    "bridge_proximity_bonus": 0.0,
    "catchment_area_km2": 2.3358,
    "channel_width_m": 4.44,
    "channel_width_score": 1.0,
    "composite_score": 36.6539,
    "cso_density": 0.0,
    "ej_index": 0.6348,
    "elevation_m": 206.8089,
    "estuary_dist_km": 472.32,
    "feasibility_score": 86.6667,
    "flood_q10_cfs": 352.47,
    "flow_score": 40.1987,
    "flow_velocity_ms": 0.5,
    "generation_score": 8.9714,
    "impact_score": 36.3758,
    "impervious_pct": null,
    "land_ownership": 0.5,
    "lat": 35.2385,
    "litter_complaint_density": 0.0,
    "lon": -81.2401,
    "npdes_points": 0,
    "pixel_col": 661.0,
    "pixel_row": 1098.0,
    "population_density": 295.2,
    "position_along": 0.5,
    "protected_area_score": 0.0,
    "rank": 73,
    "river_name": "Crowders Creek",
    "road_access_m": 146.3,
    "road_access_score": 1.0,
    "road_density_km_km2": 3.469,
    "robustness_pct": 0.0,
    "runoff_coeff_C": null,
    "seasonal_cv": null,
    "segment_id": 64,
    "segment_length_m": 1086.8412,
    "stream_order": 3,
    "superfund_score": 0.0,
    "tourism_amenity_density": 0.3979,
    "tri_facility_density": 0.0,
    "usgs_mean_q_cfs": null,
    "velocity_feasibility": 1.0,
    "water_intake_score": 0.0
   },
   "type": "Feature"
  },
  {
   "geometry": {
    "coordinates": [
     -81.222246,
     35.192111
    ],
    "type": "Point"
   },
   "properties": {
    "accumulation": 759934.0,
    "bank_slope_deg": 0.6,
    "bank_slope_score": 1.0,
    "beach_dist_km": 332.2,
    "bridge_proximity_bonus": 0.0,
    "catchment_area_km2": 75.816,
    "channel_width_m": 18.8,
    "channel_width_score": 0.5,
    "composite_score": 36.5704,
    "cso_density": 0.0,
    "ej_index": 0.5533,
    "elevation_m": 195.7878,
    "estuary_dist_km": 470.63,
    "feasibility_score": 31.9048,
    "flood_q10_cfs": 3656.95,
    "flow_score": 59.5087,
    "flow_velocity_ms": 0.0727,
    "generation_score": 20.3577,
    "impact_score": 36.0008,
    "impervious_pct": 11.0,
    "land_ownership": 0.5,
    "lat": 35.1921,
    "litter_complaint_density": 0.0,
    "lon": -81.2222,
    "npdes_points": 5,
    "pixel_col": 820.0,
    "pixel_row": 1614.0,
    "population_density": 219.9,
    "position_along": 0.5,
    "protected_area_score": 0.0,
    "rank": 74,
    "river_name": "Crowders Creek",
    "road_access_m": 330.0,
    "road_access_score": 0.8,
    "road_density_km_km2": 2.371,
    "robustness_pct": 0.0,
    "runoff_coeff_C": 0.149,
    "seasonal_cv": 0.4957,
    "segment_id": 89,
    "segment_length_m": 1177.0302,
    "stream_order": 3,
    "superfund_score": 0.0,
    "tourism_amenity_density": 0.0,
    "tri_facility_density": 0.0659,
    "usgs_mean_q_cfs": 42.527,
    "velocity_feasibility": 0.7,
    "water_intake_score": 0.0
   },
   "type": "Feature"
  },
  {
   "geometry": {
    "coordinates": [
     -81.097806,
     35.298496
    ],
    "type": "Point"
   },
   "properties": {
    "accumulation": 31548.0,
    "bank_slope_deg": 0.53,
    "bank_slope_score": 1.0,
    "beach_dist_km": 325.51,
    "bridge_proximity_bonus": 0.0,
    "catchment_area_km2": 3.1474,
    "channel_width_m": 5.02,
    "channel_width_score": 1.0,
    "composite_score": 36.5077,
    "cso_density": 0.0,
    "ej_index": 0.6841,
    "elevation_m": 185.216,
    "estuary_dist_km": 459.58,
    "feasibility_score": 53.3333,
    "flood_q10_cfs": 441.29,
    "flow_score": 26.698,
    "flow_velocity_ms": 0.5,
    "generation_score": 6.1068,
    "impact_score": 66.6706,
    "impervious_pct": null,
    "land_ownership": 0.5,
    "lat": 35.2985,
    "litter_complaint_density": 0.0,
    "lon": -81.0978,
    "npdes_points": 0,
    "pixel_col": 1956.0,
    "pixel_row": 434.0,
    "population_density": 292.2,
    "position_along": 0.5,
    "protected_area_score": 0.0,
    "rank": 75,
    "river_name": "South Fork Catawba River",
    "road_access_m": 714.3,
    "road_access_score": 0.6,
    "road_density_km_km2": 1.33,
    "robustness_pct": 0.0,
    "runoff_coeff_C": null,
    "seasonal_cv": null,
    "segment_id": 12,
    "segment_length_m": 1309.302,
    "stream_order": 1,
    "superfund_score": 0.0,
    "tourism_amenity_density": 1.2732,
    "tri_facility_density": 0.0,
    "usgs_mean_q_cfs": null,
    "velocity_feasibility": 1.0,
    "water_intake_score": 0.0
   },
   "type": "Feature"
  },
  {
   "geometry": {
    "coordinates": [
     -81.192252,
     35.207837
    ],
    "type": "Point"
   },
   "properties": {
    "accumulation": 40655.0,
    "bank_slope_deg": 2.54,
    "bank_slope_score": 1.0,
    "beach_dist_km": 330.17,
    "bridge_proximity_bonus": 0.0,
    "catchment_area_km2": 4.056,
    "channel_width_m": 5.58,
    "channel_width_score": 1.0,
    "composite_score": 36.2985,
    "cso_density": 0.0,
    "ej_index": 0.5661,
    "elevation_m": 214.1376,
    "estuary_dist_km": 467.92,
    "feasibility_score": 75.2381,
    "flood_q10_cfs": 694.71,
    "flow_score": 9.4612,
    "flow_velocity_ms": 0.0982,
    "generation_score": 31.0693,
    "impact_score": 44.4223,
    "impervious_pct": 15.01,
    "land_ownership": 0.5,
    "lat": 35.2078,
    "litter_complaint_density": 0.0,
    "lon": -81.1923,
    "npdes_points": 1,
    "pixel_col": 1092.0,
    "pixel_row": 1438.0,
    "population_density": 327.1,
    "position_along": 0.25,
    "protected_area_score": 0.0,
    "rank": 76,
    "river_name": null,
    "road_access_m": 44.4,
    "road_access_score": 1.0,
    "road_density_km_km2": 3.775,
    "robustness_pct": 0.0,
    "runoff_coeff_C": 0.1851,
    "seasonal_cv": 0.4728,
    "segment_id": 79,
    "segment_length_m": 3931.1611,
    "stream_order": 1,
    "superfund_score": 0.0,
    "tourism_amenity_density": 0.6366,
    "tri_facility_density": 0.2465,
    "usgs_mean_q_cfs": 6.142,
    "velocity_feasibility": 0.7,
    "water_intake_score": 0.0
   },
   "type": "Feature"
  },
  {
   "geometry": {
    "coordinates": [
     -81.196932,
     35.321582
    ],
    "type": "Point"
   },
   "properties": {
    "accumulation": 52048.0,
    "bank_slope_deg": 0.54,
    "bank_slope_score": 1.0,
    "beach_dist_km": 334.83,
    "bridge_proximity_bonus": 0.0,
    "catchment_area_km2": 5.1927,
    "channel_width_m": 6.18,
    "channel_width_score": 1.0,
    "composite_score": 35.9049,
    "cso_density": 0.0,
    "ej_index": 0.4431,
    "elevation_m": 221.8904,
    "estuary_dist_km": 468.67,
    "feasibility_score": 75.2381,
    "flood_q10_cfs": 750.43,
    "flow_score": 24.3862,
    "flow_velocity_ms": 0.1016,
    "generation_score": 18.5103,
    "impact_score": 43.2317,
    "impervious_pct": 8.78,
    "land_ownership": 0.5,
    "lat": 35.3216,
    "litter_complaint_density": 0.0,
    "lon": -81.1969,
    "npdes_points": 0,
    "pixel_col": 1056.0,
    "pixel_row": 175.0,
    "population_density": 258.6,
    "position_along": 0.1875,
    "protected_area_score": 0.0,
    "rank": 77,
    "river_name": "Little Long Creek",
    "road_access_m": 125.3,
    "road_access_score": 1.0,
    "road_density_km_km2": 6.327,
    "robustness_pct": 0.0,
    "runoff_coeff_C": 0.129,
    "seasonal_cv": 0.4752,
    "segment_id": 3,
    "segment_length_m": 12229.9074,
    "stream_order": 3,
    "superfund_score": 0.0,
    "tourism_amenity_density": 2.8648,
    "tri_facility_density": 0.0,
    "usgs_mean_q_cfs": 10.357,
    "velocity_feasibility": 0.7,
    "water_intake_score": 0.0
   },
   "type": "Feature"
  },
  {
   "geometry": {
    "coordinates": [
     -81.12677,
     35.310225
    ],
    "type": "Point"
   },
   "properties": {
    "accumulation": 166007.0,
    "bank_slope_deg": 3.21,
    "bank_slope_score": 1.0,
    "beach_dist_km": 328.43,
    "bridge_proximity_bonus": 0.0,
    "catchment_area_km2": 16.562,
    "channel_width_m": 10.0,
    "channel_width_score": 1.0,
    "composite_score": 35.5257,
    "cso_density": 0.0,
    "ej_index": 0.4758,
    "elevation_m": 197.0085,
    "estuary_dist_km": 462.26,
    "feasibility_score": 58.5714,
    "flood_q10_cfs": 1527.09,
    "flow_score": 29.8422,
    "flow_velocity_ms": 0.1116,
    "generation_score": 17.6472,
    "impact_score": 46.6176,
    "impervious_pct": 8.78,
    "land_ownership": 0.5,
    "lat": 35.3102,
    "litter_complaint_density": 0.0,
    "lon": -81.1268,
    "npdes_points": 4,
    "pixel_col": 1694.0,
    "pixel_row": 302.0,
    "population_density": 286.0,
    "position_along": 0.9375,
    "protected_area_score": 0.0,
    "rank": 78,
    "river_name": "Little Long Creek",
    "road_access_m": 234.5,
    "road_access_score": 0.8,
    "road_density_km_km2": 2.84,
    "robustness_pct": 0.0,
    "runoff_coeff_C": 0.129,
    "seasonal_cv": 0.4752,
    "segment_id": 3,
    "segment_length_m": 12229.9074,
    "stream_order": 3,
    "superfund_score": 0.0,
    "tourism_amenity_density": 0.1592,
    "tri_facility_density": 0.0,
    "usgs_mean_q_cfs": 10.357,
    "velocity_feasibility": 0.7,
    "water_intake_score": 0.0
   },
   "type": "Feature"
  },
  {
   "geometry": {
    "coordinates": [
     -81.13608,
     35.314354
    ],
    "type": "Point"
   },
   "properties": {
    "accumulation": 158424.0,
    "bank_slope_deg": 1.69,
    "bank_slope_score": 1.0,
    "beach_dist_km": 329.38,
    "bridge_proximity_bonus": 0.0,
    "catchment_area_km2": 15.8054,
    "channel_width_m": 9.81,
    "channel_width_score": 1.0,
    "composite_score": 34.6909,
    "cso_density": 0.0,
    "ej_index": 0.4965,
    "elevation_m": 200.2329,
    "estuary_dist_km": 463.12,
    "feasibility_score": 58.5714,
    "flood_q10_cfs": 1488.05,
    "flow_score": 28.2294,
    "flow_velocity_ms": 0.0516,
    "generation_score": 17.5306,
    "impact_score": 45.2954,
    "impervious_pct": 8.78,
    "land_ownership": 0.5,
    "lat": 35.3144,
    "litter_complaint_density": 0.0,
    "lon": -81.1361,
    "npdes_points": 4,
    "pixel_col": 1610.0,
    "pixel_row": 258.0,
    "population_density": 277.2,
    "position_along": 0.8125,
    "protected_area_score": 0.0,
    "rank": 79,
    "river_name": "Little Long Creek",
    "road_access_m": 259.7,
    "road_access_score": 0.8,
    "road_density_km_km2": 2.903,
    "robustness_pct": 0.0,
    "runoff_coeff_C": 0.129,
    "seasonal_cv": 0.4752,
    "segment_id": 3,
    "segment_length_m": 12229.9074,
    "stream_order": 3,
    "superfund_score": 0.0,
    "tourism_amenity_density": 0.0796,
    "tri_facility_density": 0.0,
    "usgs_mean_q_cfs": 10.357,
    "velocity_feasibility": 0.7,
    "water_intake_score": 0.0
   },
   "type": "Feature"
  },
  {
   "geometry": {
    "coordinates": [
     -81.062862,
     35.219065
    ],
    "type": "Point"
   },
   "properties": {
    "accumulation": 20295.0,
    "bank_slope_deg": 0.14,
    "bank_slope_score": 1.0,
    "beach_dist_km": 319.48,
    "bridge_proximity_bonus": 0.0,
    "catchment_area_km2": 2.0248,
    "channel_width_m": 4.18,
    "channel_width_score": 1.0,
    "composite_score": 33.9431,
    "cso_density": 0.0,
    "ej_index": 0.1779,
    "elevation_m": 172.3518,
    "estuary_dist_km": 456.19,
    "feasibility_score": 70.0,
    "flood_q10_cfs": 316.48,
    "flow_score": 26.0,
    "flow_velocity_ms": 0.5,
    "generation_score": 5.5855,
    "impact_score": 50.8915,
    "impervious_pct": null,
    "land_ownership": 0.5,
    "lat": 35.2191,
    "litter_complaint_density": 0.0,
    "lon": -81.0629,
    "npdes_points": 1,
    "pixel_col": 2273.0,
    "pixel_row": 1316.0,
    "population_density": 240.2,
    "position_along": 0.5,
    "protected_area_score": 0.0,
    "rank": 80,
    "river_name": "South Fork Catawba River",
    "road_access_m": 414.3,
    "road_access_score": 0.8,
    "road_density_km_km2": 1.242,
    "robustness_pct": 0.0,
    "runoff_coeff_C": null,
    "seasonal_cv": null,
    "segment_id": 76,
    "segment_length_m": 217.0255,
    "stream_order": 1,
    "superfund_score": 0.0,
    "tourism_amenity_density": 0.6366,
    "tri_facility_density": 0.0,
    "usgs_mean_q_cfs": null,
    "velocity_feasibility": 1.0,
    "water_intake_score": 0.0
   },
   "type": "Feature"
  },
  {
   "geometry": {
    "coordinates": [
     -81.25911,
     35.253826
    ],
    "type": "Point"
   },
   "properties": {
    "accumulation": 256429.0,
    "bank_slope_deg": 3.1,
    "bank_slope_score": 1.0,
    "beach_dist_km": 337.57,
    "bridge_proximity_bonus": 0.0,
    "catchment_area_km2": 25.583,
    "channel_width_m": 11.98,
    "channel_width_score": 1.0,
    "composite_score": 33.6425,
    "cso_density": 0.0,
    "ej_index": 0.6728,
    "elevation_m": 210.0258,
    "estuary_dist_km": 474.08,
    "feasibility_score": 58.5714,
    "flood_q10_cfs": 1952.38,
    "flow_score": 36.9043,
    "flow_velocity_ms": 0.1003,
    "generation_score": 18.8343,
    "impact_score": 33.2679,
    "impervious_pct": 9.13,
    "land_ownership": 0.5,
    "lat": 35.2538,
    "litter_complaint_density": 0.0,
    "lon": -81.2591,
    "npdes_points": 3,
    "pixel_col": 488.0,
    "pixel_row": 926.0,
    "population_density": 251.5,
    "position_along": 0.5,
    "protected_area_score": 0.0,
    "rank": 81,
    "river_name": "Crowders Creek",
    "road_access_m": 281.3,
    "road_access_score": 0.8,
    "road_density_km_km2": 3.654,
    "robustness_pct": 0.0,
    "runoff_coeff_C": 0.1322,
    "seasonal_cv": 0.4651,
    "segment_id": 69,
    "segment_length_m": 2428.5317,
    "stream_order": 3,
    "superfund_score": 0.0,
    "tourism_amenity_density": 0.2387,
    "tri_facility_density": 0.0391,
    "usgs_mean_q_cfs": 21.411,
    "velocity_feasibility": 0.7,
    "water_intake_score": 0.0
   },
   "type": "Feature"
  },
  {
   "geometry": {
    "coordinates": [
     -81.229598,
     35.310527
    ],
    "type": "Point"
   },
   "properties": {
    "accumulation": 33663.0,
    "bank_slope_deg": 1.68,
    "bank_slope_score": 1.0,
    "beach_dist_km": 337.18,
    "bridge_proximity_bonus": 0.0,
    "catchment_area_km2": 3.3584,
    "channel_width_m": 5.16,
    "channel_width_score": 1.0,
    "composite_score": 33.4019,
    "cso_density": 0.0,
    "ej_index": 0.7046,
    "elevation_m": 216.5422,
    "estuary_dist_km": 471.58,
    "feasibility_score": 70.0,
    "flood_q10_cfs": 463.41,
    "flow_score": 40.8242,
    "flow_velocity_ms": 0.5,
    "generation_score": 4.9997,
    "impact_score": 37.3199,
    "impervious_pct": null,
    "land_ownership": 0.5,
    "lat": 35.3105,
    "litter_complaint_density": 0.0,
    "lon": -81.2296,
    "npdes_points": 2,
    "pixel_col": 757.0,
    "pixel_row": 299.0,
    "population_density": 121.6,
    "position_along": 0.5,
    "protected_area_score": 0.0,
    "rank": 82,
    "river_name": "Long Creek",
    "road_access_m": 490.1,
    "road_access_score": 0.8,
    "road_density_km_km2": 2.256,
    "robustness_pct": 0.0,
    "runoff_coeff_C": null,
    "seasonal_cv": null,
    "segment_id": 9,
    "segment_length_m": 1525.3236,
    "stream_order": 3,
    "superfund_score": 0.0,
    "tourism_amenity_density": 0.0796,
    "tri_facility_density": 0.0,
    "usgs_mean_q_cfs": null,
    "velocity_feasibility": 1.0,
    "water_intake_score": 0.0
   },
   "type": "Feature"
  },
  {
   "geometry": {
    "coordinates": [
     -81.171727,
     35.32901
    ],
    "type": "Point"
   },
   "properties": {
    "accumulation": 101237.0,
    "bank_slope_deg": 0.93,
    "bank_slope_score": 1.0,
    "beach_dist_km": 332.99,
    "bridge_proximity_bonus": 0.0,
    "catchment_area_km2": 10.1001,
    "channel_width_m": 8.15,
    "channel_width_score": 1.0,
    "composite_score": 33.3044,
    "cso_density": 0.0,
    "ej_index": 0.5533,
    "elevation_m": 214.9977,
    "estuary_dist_km": 466.41,
    "feasibility_score": 60.0,
    "flood_q10_cfs": 1161.17,
    "flow_score": 25.7534,
    "flow_velocity_ms": 0.0467,
    "generation_score": 14.8706,
    "impact_score": 44.683,
    "impervious_pct": 8.78,
    "land_ownership": 0.5,
    "lat": 35.329,
    "litter_complaint_density": 0.0,
    "lon": -81.1717,
    "npdes_points": 0,
    "pixel_col": 1286.0,
    "pixel_row": 92.0,
    "population_density": 254.4,
    "position_along": 0.4375,
    "protected_area_score": 0.0,
    "rank": 83,
    "river_name": "Little Long Creek",
    "road_access_m": 184.7,
    "road_access_score": 1.0,
    "road_density_km_km2": 3.616,
    "robustness_pct": 0.0,
    "runoff_coeff_C": 0.129,
    "seasonal_cv": 0.4752,
    "segment_id": 3,
    "segment_length_m": 12229.9074,
    "stream_order": 3,
    "superfund_score": 0.0,
    "tourism_amenity_density": 1.0345,
    "tri_facility_density": 0.0,
    "usgs_mean_q_cfs": 10.357,
    "velocity_feasibility": 0.3,
    "water_intake_score": 0.0
   },
   "type": "Feature"
  },
  {
   "geometry": {
    "coordinates": [
     -81.217347,
     35.295079
    ],
    "type": "Point"
   },
   "properties": {
    "accumulation": 31710.0,
    "bank_slope_deg": 2.01,
    "bank_slope_score": 1.0,
    "beach_dist_km": 335.54,
    "bridge_proximity_bonus": 0.0,
    "catchment_area_km2": 3.1636,
    "channel_width_m": 5.03,
    "channel_width_score": 1.0,
    "composite_score": 33.1711,
    "cso_density": 0.0,
    "ej_index": 0.8401,
    "elevation_m": 212.1239,
    "estuary_dist_km": 470.41,
    "feasibility_score": 53.3333,
    "flood_q10_cfs": 443.0,
    "flow_score": 40.7078,
    "flow_velocity_ms": 0.5,
    "generation_score": 3.3154,
    "impact_score": 46.665,
    "impervious_pct": null,
    "land_ownership": 0.5,
    "lat": 35.2951,
    "litter_complaint_density": 0.0,
    "lon": -81.2173,
    "npdes_points": 0,
    "pixel_col": 869.0,
    "pixel_row": 466.0,
    "population_density": 134.7,
    "position_along": 0.5,
    "protected_area_score": 0.0,
    "rank": 84,
    "river_name": "Long Creek",
    "road_access_m": 512.9,
    "road_access_score": 0.6,
    "road_density_km_km2": 1.918,
    "robustness_pct": 0.0,
    "runoff_coeff_C": null,
    "seasonal_cv": null,
    "segment_id": 21,
    "segment_length_m": 1065.8607,
    "stream_order": 3,
    "superfund_score": 0.0,
    "tourism_amenity_density": 0.1592,
    "tri_facility_density": 0.0,
    "usgs_mean_q_cfs": null,
    "velocity_feasibility": 1.0,
    "water_intake_score": 0.0
   },
   "type": "Feature"
  },
  {
   "geometry": {
    "coordinates": [
     -81.27107,
     35.255611
    ],
    "type": "Point"
   },
   "properties": {
    "accumulation": 122694.0,
    "bank_slope_deg": 0.52,
    "bank_slope_score": 1.0,
    "beach_dist_km": 338.66,
    "bridge_proximity_bonus": 0.0,
    "catchment_area_km2": 12.2408,
    "channel_width_m": 8.82,
    "channel_width_score": 1.0,
    "composite_score": 32.0326,
    "cso_density": 0.0,
    "ej_index": 0.6518,
    "elevation_m": 216.6901,
    "estuary_dist_km": 475.17,
    "feasibility_score": 75.2381,
    "flood_q10_cfs": 1284.15,
    "flow_score": 28.6348,
    "flow_velocity_ms": 0.1303,
    "generation_score": 15.2787,
    "impact_score": 30.0152,
    "impervious_pct": 8.36,
    "land_ownership": 0.5,
    "lat": 35.2556,
    "litter_complaint_density": 0.0,
    "lon": -81.2711,
    "npdes_points": 2,
    "pixel_col": 379.0,
    "pixel_row": 907.0,
    "population_density": 203.5,
    "position_along": 0.5,
    "protected_area_score": 0.0,
    "rank": 85,
    "river_name": "Abernethy Creek",
    "road_access_m": 116.6,
    "road_access_score": 1.0,
    "road_density_km_km2": 3.874,
    "robustness_pct": 0.0,
    "runoff_coeff_C": 0.1252,
    "seasonal_cv": 0.4493,
    "segment_id": 54,
    "segment_length_m": 991.0953,
    "stream_order": 3,
    "superfund_score": 0.0,
    "tourism_amenity_density": 0.2387,
    "tri_facility_density": 0.0,
    "usgs_mean_q_cfs": 9.425,
    "velocity_feasibility": 0.7,
    "water_intake_score": 0.0
   },
   "type": "Feature"
  },
  {
   "geometry": {
    "coordinates": [
     -81.23646,
     35.307551
    ],
    "type": "Point"
   },
   "properties": {
    "accumulation": 250667.0,
    "bank_slope_deg": 3.94,
    "bank_slope_score": 1.0,
    "beach_dist_km": 337.65,
    "bridge_proximity_bonus": 0.0,
    "catchment_area_km2": 25.0082,
    "channel_width_m": 11.87,
    "channel_width_score": 1.0,
    "composite_score": 31.9592,
    "cso_density": 0.0,
    "ej_index": 0.6363,
    "elevation_m": 216.8078,
    "estuary_dist_km": 472.19,
    "feasibility_score": 41.9048,
    "flood_q10_cfs": 1786.4,
    "flow_score": 40.6409,
    "flow_velocity_ms": 0.1168,
    "generation_score": 18.6164,
    "impact_score": 33.0946,
    "impervious_pct": 3.61,
    "land_ownership": 0.5,
    "lat": 35.3076,
    "litter_complaint_density": 0.0,
    "lon": -81.2365,
    "npdes_points": 6,
    "pixel_col": 696.0,
    "pixel_row": 330.0,
    "population_density": 162.7,
    "position_along": 0.5,
    "protected_area_score": 0.0,
    "rank": 86,
    "river_name": "Long Creek",
    "road_access_m": 652.9,
    "road_access_score": 0.6,
    "road_density_km_km2": 3.119,
    "robustness_pct": 0.0,
    "runoff_coeff_C": 0.0825,
    "seasonal_cv": 0.4486,
    "segment_id": 19,
    "segment_length_m": 2264.2872,
    "stream_order": 3,
    "superfund_score": 0.0,
    "tourism_amenity_density": 0.0796,
    "tri_facility_density": 0.1599,
    "usgs_mean_q_cfs": 35.315,
    "velocity_feasibility": 0.7,
    "water_intake_score": 0.0
   },
   "type": "Feature"
  },
  {
   "geometry": {
    "coordinates": [
     -81.107971,
     35.200162
    ],
    "type": "Point"
   },
   "properties": {
    "accumulation": 31232.0,
    "bank_slope_deg": 1.09,
    "bank_slope_score": 1.0,
    "beach_dist_km": 322.65,
    "bridge_proximity_bonus": 0.0,
    "catchment_area_km2": 3.1159,
    "channel_width_m": 5.0,
    "channel_width_score": 1.0,
    "composite_score": 31.7245,
    "cso_density": 0.0,
    "ej_index": 0.2536,
    "elevation_m": 183.6972,
    "estuary_dist_km": 460.26,
    "feasibility_score": 75.2381,
    "flood_q10_cfs": 470.53,
    "flow_score": 19.0115,
    "flow_velocity_ms": 0.0581,
    "generation_score": 8.5215,
    "impact_score": 43.7649,
    "impervious_pct": 4.1,
    "land_ownership": 0.5,
    "lat": 35.2002,
    "litter_complaint_density": 0.0,
    "lon": -81.108,
    "npdes_points": 1,
    "pixel_col": 1864.0,
    "pixel_row": 1524.0,
    "population_density": 159.5,
    "position_along": 0.5,
    "protected_area_score": 0.0,
    "rank": 87,
    "river_name": "Catawba Creek",
    "road_access_m": 177.6,
    "road_access_score": 1.0,
    "road_density_km_km2": 2.515,
    "robustness_pct": 0.0,
    "runoff_coeff_C": 0.0869,
    "seasonal_cv": 0.4644,
    "segment_id": 87,
    "segment_length_m": 817.4506,
    "stream_order": 3,
    "superfund_score": 0.0,
    "tourism_amenity_density": 0.0,
    "tri_facility_density": 0.0,
    "usgs_mean_q_cfs": 2.996,
    "velocity_feasibility": 0.7,
    "water_intake_score": 0.0
   },
   "type": "Feature"
  },
  {
   "geometry": {
    "coordinates": [
     -81.209642,
     35.323362
    ],
    "type": "Point"
   },
   "properties": {
    "accumulation": 27184.0,
    "bank_slope_deg": 0.91,
    "bank_slope_score": 1.0,
    "beach_dist_km": 335.98,
    "bridge_proximity_bonus": 0.0,
    "catchment_area_km2": 2.7121,
    "channel_width_m": 4.72,
    "channel_width_score": 1.0,
    "composite_score": 31.7138,
    "cso_density": 0.0,
    "ej_index": 0.4583,
    "elevation_m": 225.2426,
    "estuary_dist_km": 469.83,
    "feasibility_score": 75.2381,
    "flood_q10_cfs": 459.97,
    "flow_score": 22.415,
    "flow_velocity_ms": 0.0852,
    "generation_score": 14.8094,
    "impact_score": 34.6052,
    "impervious_pct": 8.78,
    "land_ownership": 0.5,
    "lat": 35.3234,
    "litter_complaint_density": 0.0,
    "lon": -81.2096,
    "npdes_points": 0,
    "pixel_col": 940.0,
    "pixel_row": 155.0,
    "population_density": 259.5,
    "position_along": 0.0625,
    "protected_area_score": 0.0,
    "rank": 88,
    "river_name": "Little Long Creek",
    "road_access_m": 190.3,
    "road_access_score": 1.0,
    "road_density_km_km2": 3.481,
    "robustness_pct": 0.0,
    "runoff_coeff_C": 0.129,
    "seasonal_cv": 0.4752,
    "segment_id": 3,
    "segment_length_m": 12229.9074,
    "stream_order": 3,
    "superfund_score": 0.0,
    "tourism_amenity_density": 1.2732,
    "tri_facility_density": 0.0,
    "usgs_mean_q_cfs": 10.357,
    "velocity_feasibility": 0.7,
    "water_intake_score": 0.0
   },
   "type": "Feature"
  },
  {
   "geometry": {
    "coordinates": [
     -81.248593,
     35.27017
    ],
    "type": "Point"
   },
   "properties": {
    "accumulation": 21866.0,
    "bank_slope_deg": 10.63,
    "bank_slope_score": 1.0,
    "beach_dist_km": 337.27,
    "bridge_proximity_bonus": 0.0,
    "catchment_area_km2": 2.1815,
    "channel_width_m": 4.31,
    "channel_width_score": 1.0,
    "composite_score": 31.6415,
    "cso_density": 0.0,
    "ej_index": 0.7736,
    "elevation_m": 224.4984,
    "estuary_dist_km": 473.17,
    "feasibility_score": 43.3333,
    "flood_q10_cfs": 470.84,
    "flow_score": 21.147,
    "flow_velocity_ms": 0.0345,
    "generation_score": 24.9806,
    "impact_score": 41.202,
    "impervious_pct": 19.49,
    "land_ownership": 0.5,
    "lat": 35.2702,
    "litter_complaint_density": 0.0,
    "lon": -81.2486,
    "npdes_points": 1,
    "pixel_col": 582.0,
    "pixel_row": 746.0,
    "population_density": 321.4,
    "position_along": 0.5,
    "protected_area_score": 0.0,
    "rank": 89,
    "river_name": "Oates Creek",
    "road_access_m": 401.3,
    "road_access_score": 0.8,
    "road_density_km_km2": 3.417,
    "robustness_pct": 0.0,
    "runoff_coeff_C": 0.2254,
    "seasonal_cv": 0.4384,
    "segment_id": 42,
    "segment_length_m": 679.6218,
    "stream_order": 3,
    "superfund_score": 0.0,
    "tourism_amenity_density": 0.7162,
    "tri_facility_density": 0.0,
    "usgs_mean_q_cfs": 2.851,
    "velocity_feasibility": 0.3,
    "water_intake_score": 0.0
   },
   "type": "Feature"
  },
  {
   "geometry": {
    "coordinates": [
     -81.244097,
     35.301321
    ],
    "type": "Point"
   },
   "properties": {
    "accumulation": 30452.0,
    "bank_slope_deg": 0.54,
    "bank_slope_score": 1.0,
    "beach_dist_km": 338.06,
    "bridge_proximity_bonus": 0.0,
    "catchment_area_km2": 3.0381,
    "channel_width_m": 4.95,
    "channel_width_score": 1.0,
    "composite_score": 31.5011,
    "cso_density": 0.0,
    "ej_index": 0.6233,
    "elevation_m": 221.1452,
    "estuary_dist_km": 472.86,
    "feasibility_score": 70.0,
    "flood_q10_cfs": 429.69,
    "flow_score": 40.6322,
    "flow_velocity_ms": 0.5,
    "generation_score": 4.8075,
    "impact_score": 31.3362,
    "impervious_pct": null,
    "land_ownership": 0.5,
    "lat": 35.3013,
    "litter_complaint_density": 0.0,
    "lon": -81.2441,
    "npdes_points": 0,
    "pixel_col": 622.0,
    "pixel_row": 399.0,
    "population_density": 228.3,
    "position_along": 0.5,
    "protected_area_score": 0.0,
    "rank": 90,
    "river_name": "Long Creek",
    "road_access_m": 475.9,
    "road_access_score": 0.8,
    "road_density_km_km2": 1.441,
    "robustness_pct": 0.0,
    "runoff_coeff_C": null,
    "seasonal_cv": null,
    "segment_id": 14,
    "segment_length_m": 1401.3264,
    "stream_order": 3,
    "superfund_score": 0.0,
    "tourism_amenity_density": 0.0796,
    "tri_facility_density": 0.0,
    "usgs_mean_q_cfs": null,
    "velocity_feasibility": 1.0,
    "water_intake_score": 0.0
   },
   "type": "Feature"
  },
  {
   "geometry": {
    "coordinates": [
     -81.250415,
     35.310716
    ],
    "type": "Point"
   },
   "properties": {
    "accumulation": 191962.0,
    "bank_slope_deg": 4.36,
    "bank_slope_score": 1.0,
    "beach_dist_km": 338.96,
    "bridge_proximity_bonus": 0.2,
    "catchment_area_km2": 19.1514,
    "channel_width_m": 10.62,
    "channel_width_score": 1.0,
    "composite_score": 31.0355,
    "cso_density": 0.0,
    "ej_index": 0.5554,
    "elevation_m": 221.1393,
    "estuary_dist_km": 473.47,
    "feasibility_score": 71.9048,
    "flood_q10_cfs": 1540.96,
    "flow_score": 37.1158,
    "flow_velocity_ms": 0.0524,
    "generation_score": 10.1888,
    "impact_score": 26.3805,
    "impervious_pct": 3.61,
    "land_ownership": 0.5,
    "lat": 35.3107,
    "litter_complaint_density": 0.0,
    "lon": -81.2504,
    "npdes_points": 3,
    "pixel_col": 569.0,
    "pixel_row": 295.0,
    "population_density": 171.1,
    "position_along": 0.5,
    "protected_area_score": 0.0,
    "rank": 91,
    "river_name": "Long Creek",
    "road_access_m": 390.7,
    "road_access_score": 0.8,
    "road_density_km_km2": 2.696,
    "robustness_pct": 0.0,
    "runoff_coeff_C": 0.0825,
    "seasonal_cv": 0.4486,
    "segment_id": 18,
    "segment_length_m": 2473.0382,
    "stream_order": 3,
    "superfund_score": 0.0,
    "tourism_amenity_density": 0.0,
    "tri_facility_density": 0.0,
    "usgs_mean_q_cfs": 35.315,
    "velocity_feasibility": 0.7,
    "water_intake_score": 0.0
   },
   "type": "Feature"
  },
  {
   "geometry": {
    "coordinates": [
     -81.202187,
     35.194929
    ],
    "type": "Point"
   },
   "properties": {
    "accumulation": 69822.0,
    "bank_slope_deg": 1.31,
    "bank_slope_score": 1.0,
    "beach_dist_km": 330.57,
    "bridge_proximity_bonus": 0.0,
    "catchment_area_km2": 6.9659,
    "channel_width_m": 6.98,
    "channel_width_score": 1.0,
    "composite_score": 30.9797,
    "cso_density": 0.0,
    "ej_index": 0.5453,
    "elevation_m": 207.372,
    "estuary_dist_km": 468.81,
    "feasibility_score": 58.5714,
    "flood_q10_cfs": 1044.26,
    "flow_score": 11.7073,
    "flow_velocity_ms": 0.1125,
    "generation_score": 24.56,
    "impact_score": 39.6639,
    "impervious_pct": 15.01,
    "land_ownership": 0.5,
    "lat": 35.1949,
    "litter_complaint_density": 0.0,
    "lon": -81.2022,
    "npdes_points": 0,
    "pixel_col": 1003.0,
    "pixel_row": 1583.0,
    "population_density": 215.3,
    "position_along": 0.75,
    "protected_area_score": 0.0,
    "rank": 92,
    "river_name": null,
    "road_access_m": 228.8,
    "road_access_score": 0.8,
    "road_density_km_km2": 4.151,
    "robustness_pct": 0.0,
    "runoff_coeff_C": 0.1851,
    "seasonal_cv": 0.4728,
    "segment_id": 79,
    "segment_length_m": 3931.1611,
    "stream_order": 1,
    "superfund_score": 0.0,
    "tourism_amenity_density": 0.0796,
    "tri_facility_density": 0.1436,
    "usgs_mean_q_cfs": 6.142,
    "velocity_feasibility": 0.7,
    "water_intake_score": 0.0
   },
   "type": "Feature"
  },
  {
   "geometry": {
    "coordinates": [
     -81.25358,
     35.272333
    ],
    "type": "Point"
   },
   "properties": {
    "accumulation": 23531.0,
    "bank_slope_deg": 2.07,
    "bank_slope_score": 1.0,
    "beach_dist_km": 337.78,
    "bridge_proximity_bonus": 0.0,
    "catchment_area_km2": 2.3476,
    "channel_width_m": 4.45,
    "channel_width_score": 1.0,
    "composite_score": 30.9684,
    "cso_density": 0.0,
    "ej_index": 0.6637,
    "elevation_m": 223.5862,
    "estuary_dist_km": 473.63,
    "feasibility_score": 58.5714,
    "flood_q10_cfs": 497.61,
    "flow_score": 22.9396,
    "flow_velocity_ms": 0.1123,
    "generation_score": 21.2913,
    "impact_score": 33.5346,
    "impervious_pct": 19.49,
    "land_ownership": 0.5,
    "lat": 35.2723,
    "litter_complaint_density": 0.0,
    "lon": -81.2536,
    "npdes_points": 0,
    "pixel_col": 539.0,
    "pixel_row": 722.0,
    "population_density": 172.9,
    "position_along": 0.5,
    "protected_area_score": 0.0,
    "rank": 93,
    "river_name": "Oates Creek",
    "road_access_m": 421.7,
    "road_access_score": 0.8,
    "road_density_km_km2": 3.751,
    "robustness_pct": 0.0,
    "runoff_coeff_C": 0.2254,
    "seasonal_cv": 0.4384,
    "segment_id": 41,
    "segment_length_m": 1022.774,
    "stream_order": 3,
    "superfund_score": 0.0,
    "tourism_amenity_density": 0.3183,
    "tri_facility_density": 0.0,
    "usgs_mean_q_cfs": 2.851,
    "velocity_feasibility": 0.7,
    "water_intake_score": 0.0
   },
   "type": "Feature"
  },
  {
   "geometry": {
    "coordinates": [
     -81.269017,
     35.302455
    ],
    "type": "Point"
   },
   "properties": {
    "accumulation": 38306.0,
    "bank_slope_deg": 5.58,
    "bank_slope_score": 1.0,
    "beach_dist_km": 340.23,
    "bridge_proximity_bonus": 0.0,
    "catchment_area_km2": 3.8217,
    "channel_width_m": 5.44,
    "channel_width_score": 1.0,
    "composite_score": 30.7359,
    "cso_density": 0.0,
    "ej_index": 0.493,
    "elevation_m": 234.5247,
    "estuary_dist_km": 475.13,
    "feasibility_score": 70.0,
    "flood_q10_cfs": 510.8,
    "flow_score": 41.0966,
    "flow_velocity_ms": 0.5,
    "generation_score": 6.9464,
    "impact_score": 26.2596,
    "impervious_pct": null,
    "land_ownership": 0.5,
    "lat": 35.3025,
    "litter_complaint_density": 0.0,
    "lon": -81.269,
    "npdes_points": 1,
    "pixel_col": 399.0,
    "pixel_row": 383.0,
    "population_density": 201.2,
    "position_along": 0.5,
    "protected_area_score": 0.0,
    "rank": 94,
    "river_name": null,
    "road_access_m": 485.1,
    "road_access_score": 0.8,
    "road_density_km_km2": 2.957,
    "robustness_pct": 0.0,
    "runoff_coeff_C": null,
    "seasonal_cv": null,
    "segment_id": 16,
    "segment_length_m": 2950.7639,
    "stream_order": 3,
    "superfund_score": 0.0,
    "tourism_amenity_density": 1.3528,
    "tri_facility_density": 0.0,
    "usgs_mean_q_cfs": null,
    "velocity_feasibility": 1.0,
    "water_intake_score": 0.0
   },
   "type": "Feature"
  },
  {
   "geometry": {
    "coordinates": [
     -81.229381,
     35.217716
    ],
    "type": "Point"
   },
   "properties": {
    "accumulation": 37198.0,
    "bank_slope_deg": 0.36,
    "bank_slope_score": 1.0,
    "beach_dist_km": 333.72,
    "bridge_proximity_bonus": 0.0,
    "catchment_area_km2": 3.7111,
    "channel_width_m": 5.38,
    "channel_width_score": 1.0,
    "composite_score": 30.6225,
    "cso_density": 0.0,
    "ej_index": 0.4081,
    "elevation_m": 200.6602,
    "estuary_dist_km": 471.31,
    "feasibility_score": 70.0,
    "flood_q10_cfs": 499.62,
    "flow_score": 41.0321,
    "flow_velocity_ms": 0.5,
    "generation_score": 5.2851,
    "impact_score": 27.5966,
    "impervious_pct": null,
    "land_ownership": 0.5,
    "lat": 35.2177,
    "litter_complaint_density": 0.0,
    "lon": -81.2294,
    "npdes_points": 0,
    "pixel_col": 757.0,
    "pixel_row": 1329.0,
    "population_density": 222.3,
    "position_along": 0.75,
    "protected_area_score": 0.0,
    "rank": 95,
    "river_name": "Crowders Creek",
    "road_access_m": 274.6,
    "road_access_score": 0.8,
    "road_density_km_km2": 1.91,
    "robustness_pct": 0.0,
    "runoff_coeff_C": null,
    "seasonal_cv": null,
    "segment_id": 80,
    "segment_length_m": 3772.0578,
    "stream_order": 3,
    "superfund_score": 0.0,
    "tourism_amenity_density": 0.0796,
    "tri_facility_density": 0.0,
    "usgs_mean_q_cfs": null,
    "velocity_feasibility": 1.0,
    "water_intake_score": 0.0
   },
   "type": "Feature"
  },
  {
   "geometry": {
    "coordinates": [
     -81.131533,
     35.325519
    ],
    "type": "Point"
   },
   "properties": {
    "accumulation": 25455.0,
    "bank_slope_deg": 1.83,
    "bank_slope_score": 1.0,
    "beach_dist_km": 329.44,
    "bridge_proximity_bonus": 0.0,
    "catchment_area_km2": 2.5396,
    "channel_width_m": 4.59,
    "channel_width_score": 1.0,
    "composite_score": 30.5799,
    "cso_density": 0.0,
    "ej_index": 0.3779,
    "elevation_m": 194.1644,
    "estuary_dist_km": 462.75,
    "feasibility_score": 70.0,
    "flood_q10_cfs": 375.4,
    "flow_score": 26.3265,
    "flow_velocity_ms": 0.5,
    "generation_score": 4.9837,
    "impact_score": 40.0107,
    "impervious_pct": null,
    "land_ownership": 0.5,
    "lat": 35.3255,
    "litter_complaint_density": 0.0,
    "lon": -81.1315,
    "npdes_points": 1,
    "pixel_col": 1649.0,
    "pixel_row": 134.0,
    "population_density": 140.0,
    "position_along": 0.5,
    "protected_area_score": 0.0,
    "rank": 96,
    "river_name": "South Fork Catawba River",
    "road_access_m": 245.7,
    "road_access_score": 0.8,
    "road_density_km_km2": 2.514,
    "robustness_pct": 0.0,
    "runoff_coeff_C": null,
    "seasonal_cv": null,
    "segment_id": 1,
    "segment_length_m": 1032.0525,
    "stream_order": 1,
    "superfund_score": 0.0,
    "tourism_amenity_density": 0.0,
    "tri_facility_density": 0.0,
    "usgs_mean_q_cfs": null,
    "velocity_feasibility": 1.0,
    "water_intake_score": 0.0
   },
   "type": "Feature"
  },
  {
   "geometry": {
    "coordinates": [
     -81.240975,
     35.215486
    ],
    "type": "Point"
   },
   "properties": {
    "accumulation": 26938.0,
    "bank_slope_deg": 2.95,
    "bank_slope_score": 1.0,
    "beach_dist_km": 334.64,
    "bridge_proximity_bonus": 0.0,
    "catchment_area_km2": 2.6875,
    "channel_width_m": 4.7,
    "channel_width_score": 1.0,
    "composite_score": 29.9112,
    "cso_density": 0.0,
    "ej_index": 0.3884,
    "elevation_m": 213.4614,
    "estuary_dist_km": 472.36,
    "feasibility_score": 70.0,
    "flood_q10_cfs": 391.76,
    "flow_score": 40.4182,
    "flow_velocity_ms": 0.5,
    "generation_score": 6.7556,
    "impact_score": 24.2665,
    "impervious_pct": null,
    "land_ownership": 0.5,
    "lat": 35.2155,
    "litter_complaint_density": 0.0,
    "lon": -81.241,
    "npdes_points": 0,
    "pixel_col": 652.0,
    "pixel_row": 1350.0,
    "population_density": 197.0,
    "position_along": 0.25,
    "protected_area_score": 0.0,
    "rank": 97,
    "river_name": "Ferguson Branch",
    "road_access_m": 268.6,
    "road_access_score": 0.8,
    "road_density_km_km2": 3.472,
    "robustness_pct": 0.0,
    "runoff_coeff_C": null,
    "seasonal_cv": null,
    "segment_id": 80,
    "segment_length_m": 3772.0578,
    "stream_order": 3,
    "superfund_score": 0.0,
    "tourism_amenity_density": 0.0,
    "tri_facility_density": 0.0,
    "usgs_mean_q_cfs": null,
    "velocity_feasibility": 1.0,
    "water_intake_score": 0.0
   },
   "type": "Feature"
  },
  {
   "geometry": {
    "coordinates": [
     -81.278101,
     35.260363
    ],
    "type": "Point"
   },
   "properties": {
    "accumulation": 26831.0,
    "bank_slope_deg": 1.54,
    "bank_slope_score": 1.0,
    "beach_dist_km": 339.44,
    "bridge_proximity_bonus": 0.0,
    "catchment_area_km2": 2.6768,
    "channel_width_m": 4.69,
    "channel_width_score": 1.0,
    "composite_score": 29.7956,
    "cso_density": 0.0,
    "ej_index": 0.6601,
    "elevation_m": 221.5379,
    "estuary_dist_km": 475.82,
    "feasibility_score": 75.2381,
    "flood_q10_cfs": 452.12,
    "flow_score": 22.9662,
    "flow_velocity_ms": 0.1059,
    "generation_score": 13.3308,
    "impact_score": 29.2302,
    "impervious_pct": 8.36,
    "land_ownership": 0.5,
    "lat": 35.2604,
    "litter_complaint_density": 0.0,
    "lon": -81.2781,
    "npdes_points": 0,
    "pixel_col": 314.0,
    "pixel_row": 854.0,
    "population_density": 205.4,
    "position_along": 0.5,
    "protected_area_score": 0.0,
    "rank": 98,
    "river_name": "Abernethy Creek",
    "road_access_m": 79.6,
    "road_access_score": 1.0,
    "road_density_km_km2": 3.528,
    "robustness_pct": 0.0,
    "runoff_coeff_C": 0.1252,
    "seasonal_cv": 0.4493,
    "segment_id": 48,
    "segment_length_m": 857.4038,
    "stream_order": 3,
    "superfund_score": 0.0,
    "tourism_amenity_density": 0.3183,
    "tri_facility_density": 0.0,
    "usgs_mean_q_cfs": 9.425,
    "velocity_feasibility": 0.7,
    "water_intake_score": 0.0
   },
   "type": "Feature"
  },
  {
   "geometry": {
    "coordinates": [
     -81.271282,
     35.317912
    ],
    "type": "Point"
   },
   "properties": {
    "accumulation": 20657.0,
    "bank_slope_deg": 4.74,
    "bank_slope_score": 1.0,
    "beach_dist_km": 341.01,
    "bridge_proximity_bonus": 0.0,
    "catchment_area_km2": 2.0609,
    "channel_width_m": 4.21,
    "channel_width_score": 1.0,
    "composite_score": 29.6005,
    "cso_density": 0.0,
    "ej_index": 0.4591,
    "elevation_m": 227.6482,
    "estuary_dist_km": 475.39,
    "feasibility_score": 86.6667,
    "flood_q10_cfs": 320.73,
    "flow_score": 40.0233,
    "flow_velocity_ms": 0.5,
    "generation_score": 3.4286,
    "impact_score": 18.5538,
    "impervious_pct": null,
    "land_ownership": 0.5,
    "lat": 35.3179,
    "litter_complaint_density": 0.0,
    "lon": -81.2713,
    "npdes_points": 0,
    "pixel_col": 376.0,
    "pixel_row": 216.0,
    "population_density": 116.8,
    "position_along": 0.5,
    "protected_area_score": 0.0,
    "rank": 99,
    "river_name": "Long Creek",
    "road_access_m": 111.3,
    "road_access_score": 1.0,
    "road_density_km_km2": 2.314,
    "robustness_pct": 0.0,
    "runoff_coeff_C": null,
    "seasonal_cv": null,
    "segment_id": 6,
    "segment_length_m": 361.7092,
    "stream_order": 3,
    "superfund_score": 0.0,
    "tourism_amenity_density": 0.1592,
    "tri_facility_density": 0.0,
    "usgs_mean_q_cfs": null,
    "velocity_feasibility": 1.0,
    "water_intake_score": 0.0
   },
   "type": "Feature"
  },
  {
   "geometry": {
    "coordinates": [
     -81.06545,
     35.318761
    ],
    "type": "Point"
   },
   "properties": {
    "accumulation": 25476.0,
    "bank_slope_deg": 2.12,
    "bank_slope_score": 1.0,
    "beach_dist_km": 323.59,
    "bridge_proximity_bonus": 0.0,
    "catchment_area_km2": 2.5417,
    "channel_width_m": 4.59,
    "channel_width_score": 1.0,
    "composite_score": 29.4621,
    "cso_density": 0.0,
    "ej_index": 0.1799,
    "elevation_m": 201.774,
    "estuary_dist_km": 456.73,
    "feasibility_score": 58.5714,
    "flood_q10_cfs": 450.21,
    "flow_score": 6.8615,
    "flow_velocity_ms": 0.0888,
    "generation_score": 15.0164,
    "impact_score": 48.1869,
    "impervious_pct": 10.35,
    "land_ownership": 0.5,
    "lat": 35.3188,
    "litter_complaint_density": 0.0,
    "lon": -81.0655,
    "npdes_points": 1,
    "pixel_col": 2251.0,
    "pixel_row": 209.0,
    "population_density": 288.1,
    "position_along": 0.5,
    "protected_area_score": 0.0,
    "rank": 100,
    "river_name": "Taylors Creek",
    "road_access_m": 432.3,
    "road_access_score": 0.8,
    "road_density_km_km2": 1.65,
    "robustness_pct": 0.0,
    "runoff_coeff_C": 0.1431,
    "seasonal_cv": 0.5059,
    "segment_id": 4,
    "segment_length_m": 1159.4771,
    "stream_order": 1,
    "superfund_score": 0.0,
    "tourism_amenity_density": 1.0345,
    "tri_facility_density": 0.0,
    "usgs_mean_q_cfs": 6.674,
    "velocity_feasibility": 0.7,
    "water_intake_score": 0.0
   },
   "type": "Feature"
  },
  {
   "geometry": {
    "coordinates": [
     -81.183969,
     35.210012
    ],
    "type": "Point"
   },
   "properties": {
    "accumulation": 21509.0,
    "bank_slope_deg": 1.48,
    "bank_slope_score": 1.0,
    "beach_dist_km": 329.54,
    "bridge_proximity_bonus": 0.0,
    "catchment_area_km2": 2.1459,
    "channel_width_m": 4.28,
    "channel_width_score": 1.0,
    "composite_score": 29.3371,
    "cso_density": 0.0,
    "ej_index": 0.4777,
    "elevation_m": 219.1562,
    "estuary_dist_km": 467.17,
    "feasibility_score": 58.5714,
    "flood_q10_cfs": 429.97,
    "flow_score": 8.1047,
    "flow_velocity_ms": 0.0995,
    "generation_score": 18.4458,
    "impact_score": 43.3048,
    "impervious_pct": 15.01,
    "land_ownership": 0.5,
    "lat": 35.21,
    "litter_complaint_density": 0.0,
    "lon": -81.184,
    "npdes_points": 1,
    "pixel_col": 1168.0,
    "pixel_row": 1415.0,
    "population_density": 269.7,
    "position_along": 0.5,
    "protected_area_score": 0.0,
    "rank": 101,
    "river_name": null,
    "road_access_m": 298.3,
    "road_access_score": 0.8,
    "road_density_km_km2": 1.9,
    "robustness_pct": 0.0,
    "runoff_coeff_C": 0.1851,
    "seasonal_cv": 0.4728,
    "segment_id": 82,
    "segment_length_m": 494.6908,
    "stream_order": 1,
    "superfund_score": 0.0,
    "tourism_amenity_density": 0.9549,
    "tri_facility_density": 0.0,
    "usgs_mean_q_cfs": 6.142,
    "velocity_feasibility": 0.7,
    "water_intake_score": 0.0
   },
   "type": "Feature"
  },
  {
   "geometry": {
    "coordinates": [
     -81.288499,
     35.242885
    ],
    "type": "Point"
   },
   "properties": {
    "accumulation": 77869.0,
    "bank_slope_deg": 9.83,
    "bank_slope_score": 1.0,
    "beach_dist_km": 339.7,
    "bridge_proximity_bonus": 0.0,
    "catchment_area_km2": 7.7687,
    "channel_width_m": 7.31,
    "channel_width_score": 1.0,
    "composite_score": 28.6181,
    "cso_density": 0.0,
    "ej_index": 0.6011,
    "elevation_m": 223.2013,
    "estuary_dist_km": 476.72,
    "feasibility_score": 75.2381,
    "flood_q10_cfs": 1035.29,
    "flow_score": 25.9636,
    "flow_velocity_ms": 0.0721,
    "generation_score": 11.5452,
    "impact_score": 24.593,
    "impervious_pct": 9.82,
    "land_ownership": 0.5,
    "lat": 35.2429,
    "litter_complaint_density": 0.0,
    "lon": -81.2885,
    "npdes_points": 0,
    "pixel_col": 220.0,
    "pixel_row": 1048.0,
    "population_density": 95.4,
    "position_along": 0.5,
    "protected_area_score": 0.0,
    "rank": 102,
    "river_name": "Crowders Creek",
    "road_access_m": 147.4,
    "road_access_score": 1.0,
    "road_density_km_km2": 3.221,
    "robustness_pct": 0.0,
    "runoff_coeff_C": 0.1384,
    "seasonal_cv": 0.4534,
    "segment_id": 68,
    "segment_length_m": 4876.8679,
    "stream_order": 3,
    "superfund_score": 0.0,
    "tourism_amenity_density": 0.1592,
    "tri_facility_density": 0.0,
    "usgs_mean_q_cfs": 10.566,
    "velocity_feasibility": 0.7,
    "water_intake_score": 0.0
   },
   "type": "Feature"
  },
  {
   "geometry": {
    "coordinates": [
     -81.238596,
     35.190363
    ],
    "type": "Point"
   },
   "properties": {
    "accumulation": 50873.0,
    "bank_slope_deg": 2.41,
    "bank_slope_score": 1.0,
    "beach_dist_km": 333.56,
    "bridge_proximity_bonus": 0.0,
    "catchment_area_km2": 5.0754,
    "channel_width_m": 6.12,
    "channel_width_score": 1.0,
    "composite_score": 28.584,
    "cso_density": 0.0,
    "ej_index": 0.6886,
    "elevation_m": 204.8671,
    "estuary_dist_km": 472.12,
    "feasibility_score": 75.2381,
    "flood_q10_cfs": 691.5,
    "flow_score": 9.1169,
    "flow_velocity_ms": 0.1479,
    "generation_score": 11.0287,
    "impact_score": 39.0348,
    "impervious_pct": 5.09,
    "land_ownership": 0.5,
    "lat": 35.1904,
    "litter_complaint_density": 0.0,
    "lon": -81.2386,
    "npdes_points": 0,
    "pixel_col": 673.0,
    "pixel_row": 1630.0,
    "population_density": 250.9,
    "position_along": 0.75,
    "protected_area_score": 0.0,
    "rank": 103,
    "river_name": "McGill Branch",
    "road_access_m": 92.9,
    "road_access_score": 1.0,
    "road_density_km_km2": 2.869,
    "robustness_pct": 0.0,
    "runoff_coeff_C": 0.0958,
    "seasonal_cv": 0.4474,
    "segment_id": 86,
    "segment_length_m": 3042.4944,
    "stream_order": 1,
    "superfund_score": 0.0,
    "tourism_amenity_density": 0.0,
    "tri_facility_density": 0.0,
    "usgs_mean_q_cfs": 3.89,
    "velocity_feasibility": 0.7,
    "water_intake_score": 0.0
   },
   "type": "Feature"
  },
  {
   "geometry": {
    "coordinates": [
     -81.293063,
     35.255603
    ],
    "type": "Point"
   },
   "properties": {
    "accumulation": 21657.0,
    "bank_slope_deg": 4.75,
    "bank_slope_score": 1.0,
    "beach_dist_km": 340.55,
    "bridge_proximity_bonus": 0.0,
    "catchment_area_km2": 2.1606,
    "channel_width_m": 4.3,
    "channel_width_score": 1.0,
    "composite_score": 28.281,
    "cso_density": 0.0,
    "ej_index": 0.5784,
    "elevation_m": 232.8935,
    "estuary_dist_km": 477.17,
    "feasibility_score": 75.2381,
    "flood_q10_cfs": 383.17,
    "flow_score": 22.603,
    "flow_velocity_ms": 0.1533,
    "generation_score": 13.8572,
    "impact_score": 23.958,
    "impervious_pct": 8.13,
    "land_ownership": 0.5,
    "lat": 35.2556,
    "litter_complaint_density": 0.0,
    "lon": -81.2931,
    "npdes_points": 0,
    "pixel_col": 178.0,
    "pixel_row": 903.0,
    "population_density": 168.0,
    "position_along": 0.5,
    "protected_area_score": 0.0,
    "rank": 104,
    "river_name": "Abernethy Creek",
    "road_access_m": 120.2,
    "road_access_score": 1.0,
    "road_density_km_km2": 4.71,
    "robustness_pct": 0.0,
    "runoff_coeff_C": 0.1232,
    "seasonal_cv": 0.4447,
    "segment_id": 52,
    "segment_length_m": 405.7998,
    "stream_order": 3,
    "superfund_score": 0.0,
    "tourism_amenity_density": 0.557,
    "tri_facility_density": 0.0,
    "usgs_mean_q_cfs": 5.636,
    "velocity_feasibility": 0.7,
    "water_intake_score": 0.0
   },
   "type": "Feature"
  },
  {
   "geometry": {
    "coordinates": [
     -81.275894,
     35.24809
    ],
    "type": "Point"
   },
   "properties": {
    "accumulation": 103282.0,
    "bank_slope_deg": 3.04,
    "bank_slope_score": 1.0,
    "beach_dist_km": 338.81,
    "bridge_proximity_bonus": 0.0,
    "catchment_area_km2": 10.3041,
    "channel_width_m": 8.21,
    "channel_width_score": 1.0,
    "composite_score": 28.1686,
    "cso_density": 0.0,
    "ej_index": 0.6166,
    "elevation_m": 216.831,
    "estuary_dist_km": 475.59,
    "feasibility_score": 58.5714,
    "flood_q10_cfs": 1191.09,
    "flow_score": 28.381,
    "flow_velocity_ms": 0.1288,
    "generation_score": 12.8156,
    "impact_score": 28.1432,
    "impervious_pct": 9.82,
    "land_ownership": 0.5,
    "lat": 35.2481,
    "litter_complaint_density": 0.0,
    "lon": -81.2759,
    "npdes_points": 0,
    "pixel_col": 335.0,
    "pixel_row": 988.0,
    "population_density": 146.8,
    "position_along": 0.8333,
    "protected_area_score": 0.0,
    "rank": 105,
    "river_name": "Crowders Creek",
    "road_access_m": 436.5,
    "road_access_score": 0.8,
    "road_density_km_km2": 3.304,
    "robustness_pct": 0.0,
    "runoff_coeff_C": 0.1384,
    "seasonal_cv": 0.4534,
    "segment_id": 68,
    "segment_length_m": 4876.8679,
    "stream_order": 3,
    "superfund_score": 0.0,
    "tourism_amenity_density": 0.3183,
    "tri_facility_density": 0.0,
    "usgs_mean_q_cfs": 10.566,
    "velocity_feasibility": 0.7,
    "water_intake_score": 0.0
   },
   "type": "Feature"
  },
  {
   "geometry": {
    "coordinates": [
     -81.259413,
     35.31482
    ],
    "type": "Point"
   },
   "properties": {
    "accumulation": 24621.0,
    "bank_slope_deg": 3.82,
    "bank_slope_score": 1.0,
    "beach_dist_km": 339.88,
    "bridge_proximity_bonus": 0.0,
    "catchment_area_km2": 2.4564,
    "channel_width_m": 4.53,
    "channel_width_score": 1.0,
    "composite_score": 28.0302,
    "cso_density": 0.0,
    "ej_index": 0.4657,
    "elevation_m": 228.2616,
    "estuary_dist_km": 474.3,
    "feasibility_score": 70.0,
    "flood_q10_cfs": 366.09,
    "flow_score": 40.2745,
    "flow_velocity_ms": 0.5,
    "generation_score": 4.3599,
    "impact_score": 20.5121,
    "impervious_pct": null,
    "land_ownership": 0.5,
    "lat": 35.3148,
    "litter_complaint_density": 0.0,
    "lon": -81.2594,
    "npdes_points": 0,
    "pixel_col": 487.0,
    "pixel_row": 250.0,
    "population_density": 153.2,
    "position_along": 0.5,
    "protected_area_score": 0.0,
    "rank": 106,
    "river_name": "Long Creek",
    "road_access_m": 203.2,
    "road_access_score": 0.8,
    "road_density_km_km2": 2.397,
    "robustness_pct": 0.0,
    "runoff_coeff_C": null,
    "seasonal_cv": null,
    "segment_id": 5,
    "segment_length_m": 1635.1951,
    "stream_order": 3,
    "superfund_score": 0.0,
    "tourism_amenity_density": 0.0,
    "tri_facility_density": 0.0,
    "usgs_mean_q_cfs": null,
    "velocity_feasibility": 1.0,
    "water_intake_score": 0.0
   },
   "type": "Feature"
  },
  {
   "geometry": {
    "coordinates": [
     -81.251553,
     35.227439
    ],
    "type": "Point"
   },
   "properties": {
    "accumulation": 32883.0,
    "bank_slope_deg": 0.05,
    "bank_slope_score": 1.0,
    "beach_dist_km": 335.97,
    "bridge_proximity_bonus": 0.0,
    "catchment_area_km2": 3.2806,
    "channel_width_m": 5.11,
    "channel_width_score": 1.0,
    "composite_score": 27.5873,
    "cso_density": 0.0,
    "ej_index": 0.5242,
    "elevation_m": 221.4341,
    "estuary_dist_km": 473.34,
    "feasibility_score": 75.2381,
    "flood_q10_cfs": 461.22,
    "flow_score": 21.635,
    "flow_velocity_ms": 0.1869,
    "generation_score": 8.3578,
    "impact_score": 27.9517,
    "impervious_pct": 0.74,
    "land_ownership": 0.5,
    "lat": 35.2274,
    "litter_complaint_density": 0.0,
    "lon": -81.2516,
    "npdes_points": 0,
    "pixel_col": 556.0,
    "pixel_row": 1218.0,
    "population_density": 274.4,
    "position_along": 0.25,
    "protected_area_score": 0.0,
    "rank": 107,
    "river_name": null,
    "road_access_m": 118.0,
    "road_access_score": 1.0,
    "road_density_km_km2": 2.932,
    "robustness_pct": 0.0,
    "runoff_coeff_C": 0.0567,
    "seasonal_cv": 0.4456,
    "segment_id": 73,
    "segment_length_m": 4296.0037,
    "stream_order": 3,
    "superfund_score": 0.0,
    "tourism_amenity_density": 0.0,
    "tri_facility_density": 0.0,
    "usgs_mean_q_cfs": 1.695,
    "velocity_feasibility": 0.7,
    "water_intake_score": 0.0
   },
   "type": "Feature"
  },
  {
   "geometry": {
    "coordinates": [
     -81.283857,
     35.259265
    ],
    "type": "Point"
   },
   "properties": {
    "accumulation": 78551.0,
    "bank_slope_deg": 9.97,
    "bank_slope_score": 1.0,
    "beach_dist_km": 339.89,
    "bridge_proximity_bonus": 0.0,
    "catchment_area_km2": 7.8368,
    "channel_width_m": 7.33,
    "channel_width_score": 1.0,
    "composite_score": 27.5619,
    "cso_density": 0.0,
    "ej_index": 0.6237,
    "elevation_m": 223.573,
    "estuary_dist_km": 476.34,
    "feasibility_score": 60.0,
    "flood_q10_cfs": 1003.1,
    "flow_score": 24.8017,
    "flow_velocity_ms": 0.046,
    "generation_score": 13.6153,
    "impact_score": 27.5895,
    "impervious_pct": 8.36,
    "land_ownership": 0.5,
    "lat": 35.2593,
    "litter_complaint_density": 0.0,
    "lon": -81.2839,
    "npdes_points": 1,
    "pixel_col": 263.0,
    "pixel_row": 865.0,
    "population_density": 192.4,
    "position_along": 0.5,
    "protected_area_score": 0.0,
    "rank": 108,
    "river_name": "Abernethy Creek",
    "road_access_m": 177.4,
    "road_access_score": 1.0,
    "road_density_km_km2": 3.382,
    "robustness_pct": 0.0,
    "runoff_coeff_C": 0.1252,
    "seasonal_cv": 0.4493,
    "segment_id": 53,
    "segment_length_m": 1928.4057,
    "stream_order": 3,
    "superfund_score": 0.0,
    "tourism_amenity_density": 0.557,
    "tri_facility_density": 0.0,
    "usgs_mean_q_cfs": 9.425,
    "velocity_feasibility": 0.3,
    "water_intake_score": 0.0
   },
   "type": "Feature"
  },
  {
   "geometry": {
    "coordinates": [
     -81.300208,
     35.236619
    ],
    "type": "Point"
   },
   "properties": {
    "accumulation": 42330.0,
    "bank_slope_deg": 1.44,
    "bank_slope_score": 1.0,
    "beach_dist_km": 340.49,
    "bridge_proximity_bonus": 0.0,
    "catchment_area_km2": 4.2231,
    "channel_width_m": 5.67,
    "channel_width_score": 1.0,
    "composite_score": 27.5462,
    "cso_density": 0.0,
    "ej_index": 0.7104,
    "elevation_m": 236.6394,
    "estuary_dist_km": 477.77,
    "feasibility_score": 75.2381,
    "flood_q10_cfs": 633.94,
    "flow_score": 23.0859,
    "flow_velocity_ms": 0.1301,
    "generation_score": 7.1052,
    "impact_score": 27.8584,
    "impervious_pct": 8.04,
    "land_ownership": 0.5,
    "lat": 35.2366,
    "litter_complaint_density": 0.0,
    "lon": -81.3002,
    "npdes_points": 1,
    "pixel_col": 113.0,
    "pixel_row": 1116.0,
    "population_density": 35.0,
    "position_along": 0.1667,
    "protected_area_score": 0.0,
    "rank": 109,
    "river_name": "Crowders Creek",
    "road_access_m": 150.5,
    "road_access_score": 1.0,
    "road_density_km_km2": 1.309,
    "robustness_pct": 0.0,
    "runoff_coeff_C": 0.1224,
    "seasonal_cv": 0.4519,
    "segment_id": 68,
    "segment_length_m": 4876.8679,
    "stream_order": 3,
    "superfund_score": 0.0,
    "tourism_amenity_density": 0.2387,
    "tri_facility_density": 0.0,
    "usgs_mean_q_cfs": 5.274,
    "velocity_feasibility": 0.7,
    "water_intake_score": 0.0
   },
   "type": "Feature"
  },
  {
   "geometry": {
    "coordinates": [
     -81.277309,
     35.317783
    ],
    "type": "Point"
   },
   "properties": {
    "accumulation": 42611.0,
    "bank_slope_deg": 2.23,
    "bank_slope_score": 1.0,
    "beach_dist_km": 341.52,
    "bridge_proximity_bonus": 0.0,
    "catchment_area_km2": 4.2512,
    "channel_width_m": 5.69,
    "channel_width_score": 1.0,
    "composite_score": 27.3156,
    "cso_density": 0.0,
    "ej_index": 0.4897,
    "elevation_m": 227.5799,
    "estuary_dist_km": 475.94,
    "feasibility_score": 70.0,
    "flood_q10_cfs": 553.49,
    "flow_score": 41.3444,
    "flow_velocity_ms": 0.5,
    "generation_score": 2.7998,
    "impact_score": 18.7984,
    "impervious_pct": null,
    "land_ownership": 0.5,
    "lat": 35.3178,
    "litter_complaint_density": 0.0,
    "lon": -81.2773,
    "npdes_points": 0,
    "pixel_col": 323.0,
    "pixel_row": 217.0,
    "population_density": 109.0,
    "position_along": 0.75,
    "protected_area_score": 0.0,
    "rank": 110,
    "river_name": "Long Creek",
    "road_access_m": 391.9,
    "road_access_score": 0.8,
    "road_density_km_km2": 1.968,
    "robustness_pct": 0.0,
    "runoff_coeff_C": null,
    "seasonal_cv": null,
    "segment_id": 0,
    "segment_length_m": 3033.3881,
    "stream_order": 3,
    "superfund_score": 0.0,
    "tourism_amenity_density": 0.1592,
    "tri_facility_density": 0.0,
    "usgs_mean_q_cfs": null,
    "velocity_feasibility": 1.0,
    "water_intake_score": 0.0
   },
   "type": "Feature"
  },
  {
   "geometry": {
    "coordinates": [
     -81.225967,
     35.198123
    ],
    "type": "Point"
   },
   "properties": {
    "accumulation": 21306.0,
    "bank_slope_deg": 0.44,
    "bank_slope_score": 1.0,
    "beach_dist_km": 332.73,
    "bridge_proximity_bonus": 0.0,
    "catchment_area_km2": 2.1256,
    "channel_width_m": 4.27,
    "channel_width_score": 1.0,
    "composite_score": 26.6415,
    "cso_density": 0.0,
    "ej_index": 0.5963,
    "elevation_m": 196.8569,
    "estuary_dist_km": 470.98,
    "feasibility_score": 43.3333,
    "flood_q10_cfs": 364.7,
    "flow_score": 18.2064,
    "flow_velocity_ms": 0.0346,
    "generation_score": 14.6048,
    "impact_score": 37.3614,
    "impervious_pct": 6.01,
    "land_ownership": 0.5,
    "lat": 35.1981,
    "litter_complaint_density": 0.0,
    "lon": -81.226,
    "npdes_points": 0,
    "pixel_col": 789.0,
    "pixel_row": 1547.0,
    "population_density": 320.3,
    "position_along": 0.5,
    "protected_area_score": 0.0,
    "rank": 111,
    "river_name": "Ferguson Branch",
    "road_access_m": 253.5,
    "road_access_score": 0.8,
    "road_density_km_km2": 3.873,
    "robustness_pct": 0.0,
    "runoff_coeff_C": 0.1041,
    "seasonal_cv": 0.433,
    "segment_id": 88,
    "segment_length_m": 512.9537,
    "stream_order": 3,
    "superfund_score": 0.0,
    "tourism_amenity_density": 0.0796,
    "tri_facility_density": 0.0,
    "usgs_mean_q_cfs": 1.094,
    "velocity_feasibility": 0.3,
    "water_intake_score": 0.0
   },
   "type": "Feature"
  },
  {
   "geometry": {
    "coordinates": [
     -81.266126,
     35.312658
    ],
    "type": "Point"
   },
   "properties": {
    "accumulation": 97277.0,
    "bank_slope_deg": 4.52,
    "bank_slope_score": 1.0,
    "beach_dist_km": 340.37,
    "bridge_proximity_bonus": 0.0,
    "catchment_area_km2": 9.705,
    "channel_width_m": 8.01,
    "channel_width_score": 1.0,
    "composite_score": 26.3162,
    "cso_density": 0.0,
    "ej_index": 0.4912,
    "elevation_m": 224.3743,
    "estuary_dist_km": 474.9,
    "feasibility_score": 58.5714,
    "flood_q10_cfs": 1057.49,
    "flow_score": 33.8767,
    "flow_velocity_ms": 0.0758,
    "generation_score": 8.0019,
    "impact_score": 22.2026,
    "impervious_pct": 3.61,
    "land_ownership": 0.5,
    "lat": 35.3127,
    "litter_complaint_density": 0.0,
    "lon": -81.2661,
    "npdes_points": 1,
    "pixel_col": 426.0,
    "pixel_row": 274.0,
    "population_density": 156.7,
    "position_along": 0.5,
    "protected_area_score": 0.0,
    "rank": 112,
    "river_name": "Long Creek",
    "road_access_m": 261.9,
    "road_access_score": 0.8,
    "road_density_km_km2": 2.449,
    "robustness_pct": 0.0,
    "runoff_coeff_C": 0.0825,
    "seasonal_cv": 0.4486,
    "segment_id": 7,
    "segment_length_m": 1512.3236,
    "stream_order": 3,
    "superfund_score": 0.0,
    "tourism_amenity_density": 0.3979,
    "tri_facility_density": 0.0,
    "usgs_mean_q_cfs": 35.315,
    "velocity_feasibility": 0.7,
    "water_intake_score": 0.0
   },
   "type": "Feature"
  },
  {
   "geometry": {
    "coordinates": [
     -81.248483,
     35.198048
    ],
    "type": "Point"
   },
   "properties": {
    "accumulation": 26903.0,
    "bank_slope_deg": 2.54,
    "bank_slope_score": 1.0,
    "beach_dist_km": 334.68,
    "bridge_proximity_bonus": 0.0,
    "catchment_area_km2": 2.684,
    "channel_width_m": 4.7,
    "channel_width_score": 1.0,
    "composite_score": 26.175,
    "cso_density": 0.0,
    "ej_index": 0.5742,
    "elevation_m": 212.4919,
    "estuary_dist_km": 473.02,
    "feasibility_score": 75.2381,
    "flood_q10_cfs": 427.84,
    "flow_score": 6.0265,
    "flow_velocity_ms": 0.0817,
    "generation_score": 12.8216,
    "impact_score": 31.7873,
    "impervious_pct": 5.09,
    "land_ownership": 0.5,
    "lat": 35.198,
    "litter_complaint_density": 0.0,
    "lon": -81.2485,
    "npdes_points": 0,
    "pixel_col": 582.0,
    "pixel_row": 1547.0,
    "population_density": 274.4,
    "position_along": 0.25,
    "protected_area_score": 0.0,
    "rank": 113,
    "river_name": "McGill Branch",
    "road_access_m": 70.3,
    "road_access_score": 1.0,
    "road_density_km_km2": 3.834,
    "robustness_pct": 0.0,
    "runoff_coeff_C": 0.0958,
    "seasonal_cv": 0.4474,
    "segment_id": 86,
    "segment_length_m": 3042.4944,
    "stream_order": 1,
    "superfund_score": 0.0,
    "tourism_amenity_density": 0.0,
    "tri_facility_density": 0.0,
    "usgs_mean_q_cfs": 3.89,
    "velocity_feasibility": 0.7,
    "water_intake_score": 0.0
   },
   "type": "Feature"
  },
  {
   "geometry": {
    "coordinates": [
     -81.23838,
     35.22793
    ],
    "type": "Point"
   },
   "properties": {
    "accumulation": 65882.0,
    "bank_slope_deg": 2.0,
    "bank_slope_score": 1.0,
    "beach_dist_km": 334.86,
    "bridge_proximity_bonus": 0.0,
    "catchment_area_km2": 6.5728,
    "channel_width_m": 6.82,
    "channel_width_score": 1.0,
    "composite_score": 25.8786,
    "cso_density": 0.0,
    "ej_index": 0.4916,
    "elevation_m": 205.7933,
    "estuary_dist_km": 472.14,
    "feasibility_score": 58.5714,
    "flood_q10_cfs": 790.6,
    "flow_score": 22.027,
    "flow_velocity_ms": 0.0999,
    "generation_score": 8.6438,
    "impact_score": 29.9768,
    "impervious_pct": 1.61,
    "land_ownership": 0.5,
    "lat": 35.2279,
    "litter_complaint_density": 0.0,
    "lon": -81.2384,
    "npdes_points": 0,
    "pixel_col": 676.0,
    "pixel_row": 1215.0,
    "population_density": 251.8,
    "position_along": 0.75,
    "protected_area_score": 0.0,
    "rank": 114,
    "river_name": "Crowders Creek",
    "road_access_m": 475.0,
    "road_access_score": 0.8,
    "road_density_km_km2": 3.039,
    "robustness_pct": 0.0,
    "runoff_coeff_C": 0.0645,
    "seasonal_cv": 0.4436,
    "segment_id": 73,
    "segment_length_m": 4296.0037,
    "stream_order": 3,
    "superfund_score": 0.0,
    "tourism_amenity_density": 0.2387,
    "tri_facility_density": 0.0,
    "usgs_mean_q_cfs": 3.567,
    "velocity_feasibility": 0.7,
    "water_intake_score": 0.0
   },
   "type": "Feature"
  },
  {
   "geometry": {
    "coordinates": [
     -81.259424,
     35.30881
    ],
    "type": "Point"
   },
   "properties": {
    "accumulation": 149599.0,
    "bank_slope_deg": 3.59,
    "bank_slope_score": 1.0,
    "beach_dist_km": 339.65,
    "bridge_proximity_bonus": 0.0,
    "catchment_area_km2": 14.925,
    "channel_width_m": 9.58,
    "channel_width_score": 1.0,
    "composite_score": 25.7571,
    "cso_density": 0.0,
    "ej_index": 0.5284,
    "elevation_m": 223.0474,
    "estuary_dist_km": 474.28,
    "feasibility_score": 43.3333,
    "flood_q10_cfs": 1342.18,
    "flow_score": 35.4621,
    "flow_velocity_ms": 0.0496,
    "generation_score": 9.3585,
    "impact_score": 25.28,
    "impervious_pct": 3.61,
    "land_ownership": 0.5,
    "lat": 35.3088,
    "litter_complaint_density": 0.0,
    "lon": -81.2594,
    "npdes_points": 2,
    "pixel_col": 487.0,
    "pixel_row": 317.0,
    "population_density": 175.8,
    "position_along": 0.5,
    "protected_area_score": 0.0,
    "rank": 115,
    "river_name": "Long Creek",
    "road_access_m": 394.4,
    "road_access_score": 0.8,
    "road_density_km_km2": 2.568,
    "robustness_pct": 0.0,
    "runoff_coeff_C": 0.0825,
    "seasonal_cv": 0.4486,
    "segment_id": 17,
    "segment_length_m": 70.6281,
    "stream_order": 3,
    "superfund_score": 0.0,
    "tourism_amenity_density": 0.3979,
    "tri_facility_density": 0.0,
    "usgs_mean_q_cfs": 35.315,
    "velocity_feasibility": 0.3,
    "water_intake_score": 0.0
   },
   "type": "Feature"
  },
  {
   "geometry": {
    "coordinates": [
     -81.275131,
     35.193838
    ],
    "type": "Point"
   },
   "properties": {
    "accumulation": 77619.0,
    "bank_slope_deg": 2.48,
    "bank_slope_score": 1.0,
    "beach_dist_km": 336.83,
    "bridge_proximity_bonus": 0.0,
    "catchment_area_km2": 7.7438,
    "channel_width_m": 7.3,
    "channel_width_score": 1.0,
    "composite_score": 23.3527,
    "cso_density": 0.0,
    "ej_index": 0.4422,
    "elevation_m": 215.6522,
    "estuary_dist_km": 475.44,
    "feasibility_score": 75.2381,
    "flood_q10_cfs": 888.8,
    "flow_score": 10.1824,
    "flow_velocity_ms": 0.1217,
    "generation_score": 10.7479,
    "impact_score": 20.9899,
    "impervious_pct": 1.24,
    "land_ownership": 0.5,
    "lat": 35.1938,
    "litter_complaint_density": 0.0,
    "lon": -81.2751,
    "npdes_points": 9,
    "pixel_col": 339.0,
    "pixel_row": 1593.0,
    "population_density": 95.4,
    "position_along": 0.8333,
    "protected_area_score": 0.0,
    "rank": 116,
    "river_name": "South Crowders Creek",
    "road_access_m": 33.7,
    "road_access_score": 1.0,
    "road_density_km_km2": 2.271,
    "robustness_pct": 0.0,
    "runoff_coeff_C": 0.0612,
    "seasonal_cv": 0.4501,
    "segment_id": 83,
    "segment_length_m": 4951.5115,
    "stream_order": 1,
    "superfund_score": 0.0,
    "tourism_amenity_density": 0.0,
    "tri_facility_density": 0.0,
    "usgs_mean_q_cfs": 7.19,
    "velocity_feasibility": 0.7,
    "water_intake_score": 0.0
   },
   "type": "Feature"
  },
  {
   "geometry": {
    "coordinates": [
     -81.115784,
     35.322505
    ],
    "type": "Point"
   },
   "properties": {
    "accumulation": 34221.0,
    "bank_slope_deg": 1.55,
    "bank_slope_score": 1.0,
    "beach_dist_km": 327.99,
    "bridge_proximity_bonus": 0.0,
    "catchment_area_km2": 3.4141,
    "channel_width_m": 5.19,
    "channel_width_score": 1.0,
    "composite_score": 22.6072,
    "cso_density": 0.0,
    "ej_index": 0.2125,
    "elevation_m": 197.3827,
    "estuary_dist_km": 461.31,
    "feasibility_score": 58.5714,
    "flood_q10_cfs": 503.99,
    "flow_score": 5.3338,
    "flow_velocity_ms": 0.0923,
    "generation_score": 5.6317,
    "impact_score": 35.9953,
    "impervious_pct": 4.09,
    "land_ownership": 0.5,
    "lat": 35.3225,
    "litter_complaint_density": 0.0,
    "lon": -81.1158,
    "npdes_points": 0,
    "pixel_col": 1792.0,
    "pixel_row": 167.0,
    "population_density": 145.5,
    "position_along": 0.5,
    "protected_area_score": 0.0,
    "rank": 117,
    "river_name": "South Fork Catawba River",
    "road_access_m": 358.4,
    "road_access_score": 0.8,
    "road_density_km_km2": 1.141,
    "robustness_pct": 0.0,
    "runoff_coeff_C": 0.0868,
    "seasonal_cv": 0.4839,
    "segment_id": 2,
    "segment_length_m": 1750.2079,
    "stream_order": 1,
    "superfund_score": 0.0,
    "tourism_amenity_density": 0.0796,
    "tri_facility_density": 0.0,
    "usgs_mean_q_cfs": 2.309,
    "velocity_feasibility": 0.7,
    "water_intake_score": 0.0
   },
   "type": "Feature"
  },
  {
   "geometry": {
    "coordinates": [
     -81.280216,
     35.204796
    ],
    "type": "Point"
   },
   "properties": {
    "accumulation": 56125.0,
    "bank_slope_deg": 1.17,
    "bank_slope_score": 1.0,
    "beach_dist_km": 337.65,
    "bridge_proximity_bonus": 0.0,
    "catchment_area_km2": 5.5994,
    "channel_width_m": 6.38,
    "channel_width_score": 1.0,
    "composite_score": 22.4153,
    "cso_density": 0.0,
    "ej_index": 0.4432,
    "elevation_m": 227.5788,
    "estuary_dist_km": 475.91,
    "feasibility_score": 75.2381,
    "flood_q10_cfs": 696.12,
    "flow_score": 9.3444,
    "flow_velocity_ms": 0.1344,
    "generation_score": 9.2598,
    "impact_score": 20.0517,
    "impervious_pct": 1.24,
    "land_ownership": 0.5,
    "lat": 35.2048,
    "litter_complaint_density": 0.0,
    "lon": -81.2802,
    "npdes_points": 7,
    "pixel_col": 293.0,
    "pixel_row": 1471.0,
    "population_density": 96.7,
    "position_along": 0.5,
    "protected_area_score": 0.0,
    "rank": 118,
    "river_name": "South Crowders Creek",
    "road_access_m": 172.7,
    "road_access_score": 1.0,
    "road_density_km_km2": 2.287,
    "robustness_pct": 0.0,
    "runoff_coeff_C": 0.0612,
    "seasonal_cv": 0.4501,
    "segment_id": 83,
    "segment_length_m": 4951.5115,
    "stream_order": 1,
    "superfund_score": 0.0,
    "tourism_amenity_density": 0.0796,
    "tri_facility_density": 0.0,
    "usgs_mean_q_cfs": 7.19,
    "velocity_feasibility": 0.7,
    "water_intake_score": 0.0
   },
   "type": "Feature"
  },
  {
   "geometry": {
    "coordinates": [
     -81.282748,
     35.270319
    ],
    "type": "Point"
   },
   "properties": {
    "accumulation": 20608.0,
    "bank_slope_deg": 3.51,
    "bank_slope_score": 1.0,
    "beach_dist_km": 340.2,
    "bridge_proximity_bonus": 0.0,
    "catchment_area_km2": 2.056,
    "channel_width_m": 4.21,
    "channel_width_score": 1.0,
    "composite_score": 21.7742,
    "cso_density": 0.0,
    "ej_index": 0.5868,
    "elevation_m": 235.3125,
    "estuary_dist_km": 476.27,
    "feasibility_score": 43.3333,
    "flood_q10_cfs": 370.59,
    "flow_score": 7.0205,
    "flow_velocity_ms": 0.0341,
    "generation_score": 13.509,
    "impact_score": 31.5546,
    "impervious_pct": 8.36,
    "land_ownership": 0.5,
    "lat": 35.2703,
    "litter_complaint_density": 0.0,
    "lon": -81.2827,
    "npdes_points": 0,
    "pixel_col": 272.0,
    "pixel_row": 744.0,
    "population_density": 265.4,
    "position_along": 0.5,
    "protected_area_score": 0.0,
    "rank": 119,
    "river_name": null,
    "road_access_m": 338.8,
    "road_access_score": 0.8,
    "road_density_km_km2": 2.627,
    "robustness_pct": 0.0,
    "runoff_coeff_C": 0.1252,
    "seasonal_cv": 0.4493,
    "segment_id": 44,
    "segment_length_m": 34.1023,
    "stream_order": 1,
    "superfund_score": 0.0,
    "tourism_amenity_density": 1.9099,
    "tri_facility_density": 0.0,
    "usgs_mean_q_cfs": 9.425,
    "velocity_feasibility": 0.3,
    "water_intake_score": 0.0
   },
   "type": "Feature"
  },
  {
   "geometry": {
    "coordinates": [
     -81.280888,
     35.192893
    ],
    "type": "Point"
   },
   "properties": {
    "accumulation": 27736.0,
    "bank_slope_deg": 3.09,
    "bank_slope_score": 1.0,
    "beach_dist_km": 337.3,
    "bridge_proximity_bonus": 0.0,
    "catchment_area_km2": 2.7671,
    "channel_width_m": 4.76,
    "channel_width_score": 1.0,
    "composite_score": 20.6628,
    "cso_density": 0.0,
    "ej_index": 0.4243,
    "elevation_m": 223.8447,
    "estuary_dist_km": 475.96,
    "feasibility_score": 75.2381,
    "flood_q10_cfs": 409.26,
    "flow_score": 8.2323,
    "flow_velocity_ms": 0.1548,
    "generation_score": 5.2648,
    "impact_score": 19.1317,
    "impervious_pct": 1.24,
    "land_ownership": 0.5,
    "lat": 35.1929,
    "litter_complaint_density": 0.0,
    "lon": -81.2809,
    "npdes_points": 3,
    "pixel_col": 288.0,
    "pixel_row": 1603.0,
    "population_density": 96.0,
    "position_along": 0.5,
    "protected_area_score": 0.0,
    "rank": 120,
    "river_name": "South Crowders Creek",
    "road_access_m": 166.7,
    "road_access_score": 1.0,
    "road_density_km_km2": 1.597,
    "robustness_pct": 0.0,
    "runoff_coeff_C": 0.0612,
    "seasonal_cv": 0.4501,
    "segment_id": 90,
    "segment_length_m": 1965.9355,
    "stream_order": 1,
    "superfund_score": 0.0,
    "tourism_amenity_density": 0.0,
    "tri_facility_density": 0.0,
    "usgs_mean_q_cfs": 7.19,
    "velocity_feasibility": 0.7,
    "water_intake_score": 0.0
   },
   "type": "Feature"
  },
  {
   "geometry": {
    "coordinates": [
     -81.298006,
     35.262311
    ],
    "type": "Point"
   },
   "properties": {
    "accumulation": 32161.0,
    "bank_slope_deg": 1.73,
    "bank_slope_score": 1.0,
    "beach_dist_km": 341.22,
    "bridge_proximity_bonus": 0.0,
    "catchment_area_km2": 3.2086,
    "channel_width_m": 5.06,
    "channel_width_score": 1.0,
    "composite_score": 20.326,
    "cso_density": 0.0,
    "ej_index": 0.4489,
    "elevation_m": 236.8639,
    "estuary_dist_km": 477.63,
    "feasibility_score": 41.9048,
    "flood_q10_cfs": 516.19,
    "flow_score": 22.3878,
    "flow_velocity_ms": 0.1174,
    "generation_score": 10.1401,
    "impact_score": 18.0043,
    "impervious_pct": 8.13,
    "land_ownership": 0.5,
    "lat": 35.2623,
    "litter_complaint_density": 0.0,
    "lon": -81.298,
    "npdes_points": 1,
    "pixel_col": 133.0,
    "pixel_row": 832.0,
    "population_density": 178.0,
    "position_along": 0.5,
    "protected_area_score": 0.0,
    "rank": 121,
    "river_name": "Abernethy Creek",
    "road_access_m": 964.9,
    "road_access_score": 0.6,
    "road_density_km_km2": 1.106,
    "robustness_pct": 0.0,
    "runoff_coeff_C": 0.1232,
    "seasonal_cv": 0.4447,
    "segment_id": 46,
    "segment_length_m": 2083.0777,
    "stream_order": 3,
    "superfund_score": 0.0,
    "tourism_amenity_density": 0.7958,
    "tri_facility_density": 0.0,
    "usgs_mean_q_cfs": 5.636,
    "velocity_feasibility": 0.7,
    "water_intake_score": 0.0
   },
   "type": "Feature"
  },
  {
   "geometry": {
    "coordinates": [
     -81.287456,
     35.208099
    ],
    "type": "Point"
   },
   "properties": {
    "accumulation": 37393.0,
    "bank_slope_deg": 1.37,
    "bank_slope_score": 1.0,
    "beach_dist_km": 338.39,
    "bridge_proximity_bonus": 0.0,
    "catchment_area_km2": 3.7306,
    "channel_width_m": 5.39,
    "channel_width_score": 1.0,
    "composite_score": 19.4196,
    "cso_density": 0.0,
    "ej_index": 0.5436,
    "elevation_m": 239.649,
    "estuary_dist_km": 476.57,
    "feasibility_score": 41.9048,
    "flood_q10_cfs": 512.6,
    "flow_score": 8.1159,
    "flow_velocity_ms": 0.1282,
    "generation_score": 6.3902,
    "impact_score": 30.626,
    "impervious_pct": 1.24,
    "land_ownership": 0.5,
    "lat": 35.2081,
    "litter_complaint_density": 0.0,
    "lon": -81.2875,
    "npdes_points": 5,
    "pixel_col": 229.0,
    "pixel_row": 1432.0,
    "population_density": 73.1,
    "position_along": 0.1667,
    "protected_area_score": 0.0,
    "rank": 122,
    "river_name": "South Crowders Creek",
    "road_access_m": 530.4,
    "road_access_score": 0.6,
    "road_density_km_km2": 1.677,
    "robustness_pct": 0.0,
    "runoff_coeff_C": 0.0612,
    "seasonal_cv": 0.4501,
    "segment_id": 83,
    "segment_length_m": 4951.5115,
    "stream_order": 1,
    "superfund_score": 0.0,
    "tourism_amenity_density": 1.8303,
    "tri_facility_density": 0.0,
    "usgs_mean_q_cfs": 7.19,
    "velocity_feasibility": 0.7,
    "water_intake_score": 0.0
   },
   "type": "Feature"
  },
  {
   "geometry": {
    "coordinates": [
     -81.294039,
     35.317512
    ],
    "type": "Point"
   },
   "properties": {
    "accumulation": 40343.0,
    "bank_slope_deg": 2.3,
    "bank_slope_score": 1.0,
    "beach_dist_km": 342.93,
    "bridge_proximity_bonus": 0.2,
    "catchment_area_km2": 4.0249,
    "channel_width_m": 5.56,
    "channel_width_score": 1.0,
    "composite_score": 19.0471,
    "cso_density": 0.0,
    "ej_index": 0.2834,
    "elevation_m": 231.2585,
    "estuary_dist_km": 477.45,
    "feasibility_score": 66.6667,
    "flood_q10_cfs": 531.14,
    "flow_score": 27.2144,
    "flow_velocity_ms": 0.5,
    "generation_score": 1.3849,
    "impact_score": 6.0934,
    "impervious_pct": null,
    "land_ownership": 0.5,
    "lat": 35.3175,
    "litter_complaint_density": 0.0,
    "lon": -81.294,
    "npdes_points": 0,
    "pixel_col": 172.0,
    "pixel_row": 217.0,
    "population_density": 67.4,
    "position_along": 0.5,
    "protected_area_score": 0.0,
    "rank": 123,
    "river_name": "Long Creek",
    "road_access_m": 665.7,
    "road_access_score": 0.6,
    "road_density_km_km2": 1.605,
    "robustness_pct": 0.0,
    "runoff_coeff_C": null,
    "seasonal_cv": null,
    "segment_id": 10,
    "segment_length_m": 1776.4514,
    "stream_order": 1,
    "superfund_score": 0.0,
    "tourism_amenity_density": 0.0796,
    "tri_facility_density": 0.0,
    "usgs_mean_q_cfs": null,
    "velocity_feasibility": 1.0,
    "water_intake_score": 0.0
   },
   "type": "Feature"
  },
  {
   "geometry": {
    "coordinates": [
     -81.283602,
     35.326426
    ],
    "type": "Point"
   },
   "properties": {
    "accumulation": 25393.0,
    "bank_slope_deg": 2.65,
    "bank_slope_score": 1.0,
    "beach_dist_km": 342.39,
    "bridge_proximity_bonus": 0.0,
    "catchment_area_km2": 2.5334,
    "channel_width_m": 4.59,
    "channel_width_score": 1.0,
    "composite_score": 17.6741,
    "cso_density": 0.0,
    "ej_index": 0.2707,
    "elevation_m": 230.5562,
    "estuary_dist_km": 476.54,
    "feasibility_score": 58.5714,
    "flood_q10_cfs": 395.53,
    "flow_score": 21.3064,
    "flow_velocity_ms": 0.0819,
    "generation_score": 4.7686,
    "impact_score": 7.104,
    "impervious_pct": 3.09,
    "land_ownership": 0.5,
    "lat": 35.3264,
    "litter_complaint_density": 0.0,
    "lon": -81.2836,
    "npdes_points": 0,
    "pixel_col": 267.0,
    "pixel_row": 121.0,
    "population_density": 83.8,
    "position_along": 0.25,
    "protected_area_score": 0.0,
    "rank": 124,
    "river_name": "Long Creek",
    "road_access_m": 447.9,
    "road_access_score": 0.8,
    "road_density_km_km2": 2.125,
    "robustness_pct": 0.0,
    "runoff_coeff_C": 0.0778,
    "seasonal_cv": 0.4323,
    "segment_id": 0,
    "segment_length_m": 3033.3881,
    "stream_order": 3,
    "superfund_score": 0.0,
    "tourism_amenity_density": 0.0796,
    "tri_facility_density": 0.0,
    "usgs_mean_q_cfs": 8.251,
    "velocity_feasibility": 0.7,
    "water_intake_score": 0.0
   },
   "type": "Feature"
  },
  {
   "geometry": {
    "coordinates": [
     -81.303119,
     35.30042
    ],
    "type": "Point"
   },
   "properties": {
    "accumulation": 25179.0,
    "bank_slope_deg": 1.13,
    "bank_slope_score": 1.0,
    "beach_dist_km": 343.06,
    "bridge_proximity_bonus": 0.0,
    "catchment_area_km2": 2.512,
    "channel_width_m": 4.57,
    "channel_width_score": 1.0,
    "composite_score": 16.0763,
    "cso_density": 0.0,
    "ej_index": 0.4436,
    "elevation_m": 237.3954,
    "estuary_dist_km": 478.21,
    "feasibility_score": 58.5714,
    "flood_q10_cfs": 390.68,
    "flow_score": 5.3479,
    "flow_velocity_ms": 0.11,
    "generation_score": 4.1529,
    "impact_score": 15.6926,
    "impervious_pct": 2.75,
    "land_ownership": 0.5,
    "lat": 35.3004,
    "litter_complaint_density": 0.0,
    "lon": -81.3031,
    "npdes_points": 0,
    "pixel_col": 87.0,
    "pixel_row": 405.0,
    "population_density": 84.0,
    "position_along": 0.5,
    "protected_area_score": 0.0,
    "rank": 125,
    "river_name": "Long Creek",
    "road_access_m": 488.0,
    "road_access_score": 0.8,
    "road_density_km_km2": 1.847,
    "robustness_pct": 0.0,
    "runoff_coeff_C": 0.0747,
    "seasonal_cv": 0.4478,
    "segment_id": 13,
    "segment_length_m": 833.2899,
    "stream_order": 1,
    "superfund_score": 0.0,
    "tourism_amenity_density": 0.8754,
    "tri_facility_density": 0.0,
    "usgs_mean_q_cfs": 1.515,
    "velocity_feasibility": 0.7,
    "water_intake_score": 0.0
   },
   "type": "Feature"
  }
 ],
 "note": "GRIME region 'Gastonia, NC' \u2014 real-data pipeline (DEM\u2192streams\u2192candidates\u2192region-appropriate real parameters\u2192shipped scoring, math unchanged). Width curve: Bieger et al. 2015 JAWRA Table 3, Appalachian Highlands. Flood: SIR 2014-5030 HR1. NC Piedmont",
 "provenance": {
  "candidates_pre_gate": 125,
  "constant": [
   "bank_slope_score",
   "cso_density",
   "land_ownership",
   "litter_complaint_density",
   "protected_area_score",
   "superfund_score",
   "water_intake_score"
  ],
  "hard_gate_removed": 0,
  "n_parameters": 27,
  "parameters": {
   "bank_slope_score": {
    "kind": "real",
    "n_real": 125,
    "n_sites": 125,
    "source": "region DEM gradient (3x3)"
   },
   "beach_dist_km": {
    "kind": "real",
    "n_real": 125,
    "n_sites": 125,
    "source": "haversine to region ref: Wrightsville Beach (shipped NC reference)"
   },
   "bridge_proximity_bonus": {
    "kind": "real",
    "n_real": 125,
    "n_sites": 125,
    "source": "FHWA/BTS NBI (NTAD), 50 m proximity"
   },
   "catchment_area_km2": {
    "kind": "real",
    "n_real": 125,
    "n_sites": 125,
    "source": "DEM flow accumulation (pipeline)"
   },
   "channel_width_score": {
    "kind": "real",
    "n_real": 125,
    "n_sites": 125,
    "source": "Bieger 2015 AHI width curve on DEM drainage area \u2192 shipped width curve"
   },
   "cso_density": {
    "kind": "real",
    "n_real": 125,
    "n_sites": 125,
    "source": "EPA ECHO CSO inventory (national bulk), Cauchy proximity"
   },
   "ej_index": {
    "kind": "real",
    "n_real": 125,
    "n_sites": 125,
    "source": "Census ACS C17002+B03002 two-component demographic index, percentile-ranked within region"
   },
   "estuary_dist_km": {
    "kind": "real",
    "n_real": 125,
    "n_sites": 125,
    "source": "haversine to region ref: Pamlico Sound (shipped NC reference)"
   },
   "flood_q10_cfs": {
    "kind": "real",
    "n_real": 125,
    "n_sites": 125,
    "source": "USGS SIR 2014-5030 Table 7 HR1 (NC Piedmont only)"
   },
   "flow_velocity_ms": {
    "kind": "real",
    "n_real": 96,
    "n_sites": 125,
    "source": "Manning (region DEM/D8) blended with EROM continuity (shipped M4 logic)"
   },
   "impervious_pct": {
    "kind": "real",
    "n_real": 96,
    "n_sites": 125,
    "source": "EPA StreamCat pctimp2019 (per NHDPlus watershed)"
   },
   "land_ownership": {
    "kind": "fallback",
    "n_real": 0,
    "n_sites": 125,
    "source": "no parcel integration for this region (Durham only) \u2014 unknown 0.5"
   },
   "litter_complaint_density": {
    "kind": "fallback",
    "n_real": 0,
    "n_sites": 125,
    "source": "no machine-readable 311/litter source for this region"
   },
   "npdes_points": {
    "kind": "real",
    "n_real": 125,
    "n_sites": 125,
    "source": "EPA ECHO NPDES outfalls (national bulk), per catchment"
   },
   "population_density": {
    "kind": "real",
    "n_real": 125,
    "n_sites": 125,
    "source": "Census ACS 2022 B01003 block groups (bbox, multi-county), area-weighted"
   },
   "protected_area_score": {
    "kind": "fallback",
    "n_real": 0,
    "n_sites": 125,
    "source": "PAD-US services unreachable; OSM proxy saturates \u2014 documented fallback"
   },
   "road_access_score": {
    "kind": "real",
    "n_real": 125,
    "n_sites": 125,
    "source": "OSM drive network nearest-node distance"
   },
   "road_density_km_km2": {
    "kind": "real",
    "n_real": 125,
    "n_sites": 125,
    "source": "OSM drive network (osmnx, cached) clipped per catchment"
   },
   "runoff_coeff_C": {
    "kind": "real",
    "n_real": 96,
    "n_sites": 125,
    "source": "derived from real impervious_pct (C=0.05+0.009*I)"
   },
   "seasonal_cv": {
    "kind": "real",
    "n_real": 96,
    "n_sites": 125,
    "source": "CV of NHDPlus EROM monthly flows per COMID"
   },
   "stream_order": {
    "kind": "real",
    "n_real": 125,
    "n_sites": 125,
    "source": "DEM stream-network confluence heuristic (pipeline)"
   },
   "superfund_score": {
    "kind": "fallback",
    "n_real": 0,
    "n_sites": 125,
    "source": "not wired (low weight; roadmap)"
   },
   "tourism_amenity_density": {
    "kind": "real",
    "n_real": 125,
    "n_sites": 125,
    "source": "OSM leisure/tourism features per 2 km radius"
   },
   "tri_facility_density": {
    "kind": "real",
    "n_real": 125,
    "n_sites": 125,
    "source": "EPA Envirofacts TRI state=NC (sign-fixed), per catchment"
   },
   "usgs_mean_q_cfs": {
    "kind": "real",
    "n_real": 96,
    "n_sites": 125,
    "source": "NHDPlus EROM qe_ma per COMID (snap-guarded)"
   },
   "velocity_feasibility": {
    "kind": "real",
    "n_real": 96,
    "n_sites": 125,
    "source": "shipped step curve on the computed velocity"
   },
   "water_intake_score": {
    "kind": "fallback",
    "n_real": 0,
    "n_sites": 125,
    "source": "no public surface-intake point layer (NC OneMap is wells-only and NC-only)"
   }
  },
  "varying": [
   "beach_dist_km",
   "bridge_proximity_bonus",
   "catchment_area_km2",
   "channel_width_score",
   "ej_index",
   "estuary_dist_km",
   "flood_q10_cfs",
   "flow_velocity_ms",
   "impervious_pct",
   "npdes_points",
   "population_density",
   "road_access_score",
   "road_density_km_km2",
   "runoff_coeff_C",
   "seasonal_cv",
   "stream_order",
   "tourism_amenity_density",
   "tri_facility_density",
   "usgs_mean_q_cfs",
   "velocity_feasibility"
  ]
 },
 "region": {
  "bbox": [
   -81.3123,
   35.1871,
   -81.0623,
   35.3371
  ],
  "beach_ref": {
   "label": "Wrightsville Beach (shipped NC reference)",
   "lat": 34.21,
   "lon": -77.79
  },
  "center": [
   -81.1873,
   35.2621
  ],
  "estuary_ref": {
   "label": "Pamlico Sound (shipped NC reference)",
   "lat": 35.05,
   "lon": -76.05
  },
  "flood_method": "sir2014_hr1",
  "name": "Gastonia, NC",
  "notes": "NC Piedmont",
  "slug": "gastonia",
  "state": "NC",
  "utm_epsg": 32617,
  "width_curve": {
   "a": 3.12,
   "b": 0.415,
   "code": "AHI",
   "source": "Bieger et al. 2015 JAWRA Table 3, Appalachian Highlands"
  }
 },
 "type": "FeatureCollection"
}
