{
 "features": [
  {
   "geometry": {
    "coordinates": [
     -77.995323,
     35.372512
    ],
    "type": "Point"
   },
   "properties": {
    "accumulation": 40536.0,
    "bank_slope_deg": 7.11,
    "bank_slope_score": 1.0,
    "beach_dist_km": 130.62,
    "bridge_proximity_bonus": 0.0,
    "catchment_area_km2": 4.0493,
    "channel_width_m": 3.69,
    "channel_width_score": 1.0,
    "composite_score": 60.3356,
    "cso_density": 0.0,
    "dem_lat": 35.372492,
    "dem_lon": -77.995286,
    "ej_index": 0.8742,
    "elevation_m": 23.0139,
    "estuary_dist_km": 180.33,
    "feasibility_score": 66.2338,
    "flood_q10_cfs": null,
    "flow_score": 27.6369,
    "flow_velocity_ms": 0.0528,
    "generation_score": 80.6882,
    "impact_score": 64.2829,
    "impervious_pct": 39.35,
    "land_ownership": 0.5,
    "lat": 35.3725,
    "litter_complaint_density": 0.0,
    "lon": -77.9953,
    "npdes_points": 1,
    "pixel_col": 766.0,
    "pixel_row": 1034.0,
    "population_density": 705.1,
    "position_along": 0.25,
    "protected_area_score": 0.0,
    "rank": 1,
    "river_name": "Big Ditch",
    "road_access_m": 169.7,
    "road_access_score": 1.0,
    "road_density_km_km2": 9.549,
    "robustness_pct": 90.0,
    "runoff_coeff_C": 0.4041,
    "seasonal_cv": 0.4334,
    "segment_id": 41,
    "segment_length_m": 9018.029,
    "snap_dist_m": 4.0,
    "stream_order": 3,
    "superfund_score": 0.0,
    "tourism_amenity_density": 4.8542,
    "tri_facility_density": 0.7409,
    "usgs_mean_q_cfs": 2.988,
    "velocity_feasibility": 0.7,
    "water_intake_score": 0.0
   },
   "type": "Feature"
  },
  {
   "geometry": {
    "coordinates": [
     -77.96102,
     35.373627
    ],
    "type": "Point"
   },
   "properties": {
    "accumulation": 363237.0,
    "bank_slope_deg": 1.87,
    "bank_slope_score": 1.0,
    "beach_dist_km": 130.34,
    "bridge_proximity_bonus": 0.0,
    "catchment_area_km2": 36.2856,
    "channel_width_m": 8.18,
    "channel_width_score": 1.0,
    "composite_score": 57.8096,
    "cso_density": 0.0,
    "dem_lat": 35.373733,
    "dem_lon": -77.961216,
    "ej_index": 0.6166,
    "elevation_m": 22.7577,
    "estuary_dist_km": 177.32,
    "feasibility_score": 53.2468,
    "flood_q10_cfs": null,
    "flow_score": 67.2684,
    "flow_velocity_ms": 0.2024,
    "generation_score": 47.3691,
    "impact_score": 62.6491,
    "impervious_pct": 14.73,
    "land_ownership": 0.5,
    "lat": 35.3737,
    "litter_complaint_density": 0.0,
    "lon": -77.9612,
    "npdes_points": 6,
    "pixel_col": 1077.0,
    "pixel_row": 1030.0,
    "population_density": 542.3,
    "position_along": 0.5,
    "protected_area_score": 0.0,
    "rank": 2,
    "river_name": "Stoney Creek",
    "road_access_m": 268.1,
    "road_access_score": 0.8,
    "road_density_km_km2": 7.808,
    "robustness_pct": 95.0,
    "runoff_coeff_C": 0.1826,
    "seasonal_cv": 0.4413,
    "segment_id": 48,
    "segment_length_m": 2997.3206,
    "snap_dist_m": 21.4,
    "stream_order": 3,
    "superfund_score": 0.0,
    "tourism_amenity_density": 6.4458,
    "tri_facility_density": 0.0276,
    "usgs_mean_q_cfs": 32.613,
    "velocity_feasibility": 0.7,
    "water_intake_score": 0.0
   },
   "type": "Feature"
  },
  {
   "geometry": {
    "coordinates": [
     -78.008184,
     35.369653
    ],
    "type": "Point"
   },
   "properties": {
    "accumulation": 65166.0,
    "bank_slope_deg": 0.43,
    "bank_slope_score": 1.0,
    "beach_dist_km": 130.37,
    "bridge_proximity_bonus": 0.0,
    "catchment_area_km2": 6.5098,
    "channel_width_m": 4.38,
    "channel_width_score": 1.0,
    "composite_score": 55.2723,
    "cso_density": 0.0,
    "dem_lat": 35.368691,
    "dem_lon": -78.008191,
    "ej_index": 0.9126,
    "elevation_m": 21.8974,
    "estuary_dist_km": 181.4,
    "feasibility_score": 66.2338,
    "flood_q10_cfs": null,
    "flow_score": 29.8135,
    "flow_velocity_ms": 0.0593,
    "generation_score": 62.8494,
    "impact_score": 63.4299,
    "impervious_pct": 38.36,
    "land_ownership": 0.5,
    "lat": 35.3687,
    "litter_complaint_density": 0.0,
    "lon": -78.0082,
    "npdes_points": 2,
    "pixel_col": 650.0,
    "pixel_row": 1073.0,
    "population_density": 193.1,
    "position_along": 0.4167,
    "protected_area_score": 0.0,
    "rank": 3,
    "river_name": "Big Ditch",
    "road_access_m": 102.3,
    "road_access_score": 1.0,
    "road_density_km_km2": 5.346,
    "robustness_pct": 80.5,
    "runoff_coeff_C": 0.3952,
    "seasonal_cv": 0.4275,
    "segment_id": 41,
    "segment_length_m": 9018.029,
    "snap_dist_m": 106.7,
    "stream_order": 3,
    "superfund_score": 0.0,
    "tourism_amenity_density": 4.3768,
    "tri_facility_density": 0.7681,
    "usgs_mean_q_cfs": 3.962,
    "velocity_feasibility": 0.7,
    "water_intake_score": 0.0
   },
   "type": "Feature"
  },
  {
   "geometry": {
    "coordinates": [
     -77.989254,
     35.38336
    ],
    "type": "Point"
   },
   "properties": {
    "accumulation": 26954.0,
    "bank_slope_deg": 0.97,
    "bank_slope_score": 1.0,
    "beach_dist_km": 131.72,
    "bridge_proximity_bonus": 0.0,
    "catchment_area_km2": 2.6926,
    "channel_width_m": 3.18,
    "channel_width_score": 1.0,
    "composite_score": 52.5451,
    "cso_density": 0.0,
    "dem_lat": 35.383269,
    "dem_lon": -77.989119,
    "ej_index": 0.7448,
    "elevation_m": 26.5715,
    "estuary_dist_km": 180.01,
    "feasibility_score": 66.2338,
    "flood_q10_cfs": null,
    "flow_score": 27.1754,
    "flow_velocity_ms": 0.0636,
    "generation_score": 61.5385,
    "impact_score": 57.8489,
    "impervious_pct": 39.35,
    "land_ownership": 0.5,
    "lat": 35.3833,
    "litter_complaint_density": 0.0,
    "lon": -77.9891,
    "npdes_points": 0,
    "pixel_col": 825.0,
    "pixel_row": 916.0,
    "population_density": 773.9,
    "position_along": 0.0833,
    "protected_area_score": 0.0,
    "rank": 4,
    "river_name": "Big Ditch",
    "road_access_m": 58.0,
    "road_access_score": 1.0,
    "road_density_km_km2": 12.677,
    "robustness_pct": 56.0,
    "runoff_coeff_C": 0.4041,
    "seasonal_cv": 0.4334,
    "segment_id": 41,
    "segment_length_m": 9018.029,
    "snap_dist_m": 15.9,
    "stream_order": 3,
    "superfund_score": 0.0,
    "tourism_amenity_density": 4.6155,
    "tri_facility_density": 0.0,
    "usgs_mean_q_cfs": 2.988,
    "velocity_feasibility": 0.7,
    "water_intake_score": 0.0
   },
   "type": "Feature"
  },
  {
   "geometry": {
    "coordinates": [
     -77.977551,
     35.361993
    ],
    "type": "Point"
   },
   "properties": {
    "accumulation": 26247.0,
    "bank_slope_deg": 2.87,
    "bank_slope_score": 1.0,
    "beach_dist_km": 129.24,
    "bridge_proximity_bonus": 0.0,
    "catchment_area_km2": 2.6219,
    "channel_width_m": 3.15,
    "channel_width_score": 1.0,
    "composite_score": 51.5483,
    "cso_density": 0.0,
    "ej_index": 0.6875,
    "elevation_m": 23.0766,
    "estuary_dist_km": 178.53,
    "feasibility_score": 81.8182,
    "flood_q10_cfs": null,
    "flow_score": 46.833,
    "flow_velocity_ms": 0.5,
    "generation_score": 27.8706,
    "impact_score": 64.0205,
    "impervious_pct": null,
    "land_ownership": 0.5,
    "lat": 35.362,
    "litter_complaint_density": 0.0,
    "lon": -77.9776,
    "npdes_points": 1,
    "pixel_col": 926.0,
    "pixel_row": 1156.0,
    "population_density": 643.1,
    "position_along": 0.5,
    "protected_area_score": 0.0,
    "rank": 5,
    "river_name": "Stoney Creek",
    "road_access_m": 80.4,
    "road_access_score": 1.0,
    "road_density_km_km2": 6.598,
    "robustness_pct": 71.0,
    "runoff_coeff_C": null,
    "seasonal_cv": null,
    "segment_id": 45,
    "segment_length_m": 1308.4301,
    "stream_order": 3,
    "superfund_score": 0.0,
    "tourism_amenity_density": 6.0479,
    "tri_facility_density": 0.0,
    "usgs_mean_q_cfs": null,
    "velocity_feasibility": 1.0,
    "water_intake_score": 0.0
   },
   "type": "Feature"
  },
  {
   "geometry": {
    "coordinates": [
     -78.021972,
     35.355323
    ],
    "type": "Point"
   },
   "properties": {
    "accumulation": 261182.0,
    "bank_slope_deg": 2.68,
    "bank_slope_score": 1.0,
    "beach_dist_km": 129.1,
    "bridge_proximity_bonus": 0.0,
    "catchment_area_km2": 26.0908,
    "channel_width_m": 7.25,
    "channel_width_score": 1.0,
    "composite_score": 49.3974,
    "cso_density": 0.0,
    "ej_index": 0.8052,
    "elevation_m": 15.2592,
    "estuary_dist_km": 182.36,
    "feasibility_score": 81.8182,
    "flood_q10_cfs": null,
    "flow_score": 59.2619,
    "flow_velocity_ms": 0.5,
    "generation_score": 23.0975,
    "impact_score": 51.2664,
    "impervious_pct": null,
    "land_ownership": 0.5,
    "lat": 35.3553,
    "litter_complaint_density": 0.0,
    "lon": -78.022,
    "npdes_points": 7,
    "pixel_col": 518.0,
    "pixel_row": 1218.0,
    "population_density": 94.7,
    "position_along": 0.8333,
    "protected_area_score": 0.0,
    "rank": 6,
    "river_name": "Little River",
    "road_access_m": 122.6,
    "road_access_score": 1.0,
    "road_density_km_km2": 2.324,
    "robustness_pct": 30.5,
    "runoff_coeff_C": null,
    "seasonal_cv": null,
    "segment_id": 37,
    "segment_length_m": 5014.3737,
    "stream_order": 3,
    "superfund_score": 0.0,
    "tourism_amenity_density": 1.2732,
    "tri_facility_density": 0.115,
    "usgs_mean_q_cfs": null,
    "velocity_feasibility": 1.0,
    "water_intake_score": 0.0
   },
   "type": "Feature"
  },
  {
   "geometry": {
    "coordinates": [
     -77.971377,
     35.360679
    ],
    "type": "Point"
   },
   "properties": {
    "accumulation": 22295.0,
    "bank_slope_deg": 2.94,
    "bank_slope_score": 1.0,
    "beach_dist_km": 129.03,
    "bridge_proximity_bonus": 0.0,
    "catchment_area_km2": 2.2272,
    "channel_width_m": 2.97,
    "channel_width_score": 1.0,
    "composite_score": 49.2322,
    "cso_density": 0.0,
    "dem_lat": 35.360782,
    "dem_lon": -77.971569,
    "ej_index": 0.6483,
    "elevation_m": 20.5902,
    "estuary_dist_km": 177.97,
    "feasibility_score": 81.8182,
    "flood_q10_cfs": null,
    "flow_score": 46.624,
    "flow_velocity_ms": 0.5,
    "generation_score": 18.7962,
    "impact_score": 65.5486,
    "impervious_pct": null,
    "land_ownership": 0.5,
    "lat": 35.3608,
    "litter_complaint_density": 0.0,
    "lon": -77.9716,
    "npdes_points": 0,
    "pixel_col": 979.0,
    "pixel_row": 1171.0,
    "population_density": 442.1,
    "position_along": 0.5,
    "protected_area_score": 0.0,
    "rank": 7,
    "river_name": "Stoney Creek",
    "road_access_m": 173.2,
    "road_access_score": 1.0,
    "road_density_km_km2": 5.993,
    "robustness_pct": 26.5,
    "runoff_coeff_C": null,
    "seasonal_cv": null,
    "segment_id": 49,
    "segment_length_m": 251.2895,
    "snap_dist_m": 20.9,
    "stream_order": 3,
    "superfund_score": 0.0,
    "tourism_amenity_density": 6.8437,
    "tri_facility_density": 0.0,
    "usgs_mean_q_cfs": null,
    "velocity_feasibility": 1.0,
    "water_intake_score": 0.0
   },
   "type": "Feature"
  },
  {
   "geometry": {
    "coordinates": [
     -77.953306,
     35.387804
    ],
    "type": "Point"
   },
   "properties": {
    "accumulation": 268324.0,
    "bank_slope_deg": 2.31,
    "bank_slope_score": 1.0,
    "beach_dist_km": 131.82,
    "bridge_proximity_bonus": 0.0,
    "catchment_area_km2": 26.8043,
    "channel_width_m": 7.32,
    "channel_width_score": 1.0,
    "composite_score": 49.0011,
    "cso_density": 0.0,
    "dem_lat": 35.387874,
    "dem_lon": -77.953496,
    "ej_index": 0.5439,
    "elevation_m": 23.7415,
    "estuary_dist_km": 176.95,
    "feasibility_score": 66.2338,
    "flood_q10_cfs": null,
    "flow_score": 50.2051,
    "flow_velocity_ms": 0.0822,
    "generation_score": 37.2791,
    "impact_score": 51.1036,
    "impervious_pct": 10.19,
    "land_ownership": 0.5,
    "lat": 35.3879,
    "litter_complaint_density": 0.0,
    "lon": -77.9535,
    "npdes_points": 3,
    "pixel_col": 1153.0,
    "pixel_row": 875.0,
    "population_density": 538.2,
    "position_along": 0.5,
    "protected_area_score": 0.0,
    "rank": 8,
    "river_name": "Stoney Creek",
    "road_access_m": 177.3,
    "road_access_score": 1.0,
    "road_density_km_km2": 7.114,
    "robustness_pct": 22.5,
    "runoff_coeff_C": 0.1417,
    "seasonal_cv": 0.4332,
    "segment_id": 40,
    "segment_length_m": 751.7374,
    "snap_dist_m": 18.9,
    "stream_order": 3,
    "superfund_score": 0.0,
    "tourism_amenity_density": 3.581,
    "tri_facility_density": 0.0373,
    "usgs_mean_q_cfs": 22.171,
    "velocity_feasibility": 0.7,
    "water_intake_score": 0.0
   },
   "type": "Feature"
  },
  {
   "geometry": {
    "coordinates": [
     -78.020835,
     35.365126
    ],
    "type": "Point"
   },
   "properties": {
    "accumulation": 235031.0,
    "bank_slope_deg": 0.08,
    "bank_slope_score": 1.0,
    "beach_dist_km": 130.16,
    "bridge_proximity_bonus": 0.0,
    "catchment_area_km2": 23.4784,
    "channel_width_m": 6.98,
    "channel_width_score": 1.0,
    "composite_score": 48.3736,
    "cso_density": 0.0,
    "dem_lat": 35.365127,
    "dem_lon": -78.020808,
    "ej_index": 0.8304,
    "elevation_m": 15.5541,
    "estuary_dist_km": 182.45,
    "feasibility_score": 68.8312,
    "flood_q10_cfs": null,
    "flow_score": 57.8784,
    "flow_velocity_ms": 0.5,
    "generation_score": 25.114,
    "impact_score": 53.4838,
    "impervious_pct": null,
    "land_ownership": 0.5,
    "lat": 35.3651,
    "litter_complaint_density": 0.0,
    "lon": -78.0208,
    "npdes_points": 6,
    "pixel_col": 533.0,
    "pixel_row": 1109.0,
    "population_density": 113.9,
    "position_along": 0.5,
    "protected_area_score": 0.0,
    "rank": 9,
    "river_name": "Neuse River",
    "road_access_m": 471.5,
    "road_access_score": 0.8,
    "road_density_km_km2": 2.988,
    "robustness_pct": 13.0,
    "runoff_coeff_C": null,
    "seasonal_cv": null,
    "segment_id": 37,
    "segment_length_m": 5014.3737,
    "snap_dist_m": 2.5,
    "stream_order": 3,
    "superfund_score": 0.0,
    "tourism_amenity_density": 2.2282,
    "tri_facility_density": 0.213,
    "usgs_mean_q_cfs": null,
    "velocity_feasibility": 1.0,
    "water_intake_score": 0.0
   },
   "type": "Feature"
  },
  {
   "geometry": {
    "coordinates": [
     -78.010702,
     35.357433
    ],
    "type": "Point"
   },
   "properties": {
    "accumulation": 69874.0,
    "bank_slope_deg": 0.63,
    "bank_slope_score": 1.0,
    "beach_dist_km": 129.17,
    "bridge_proximity_bonus": 0.0,
    "catchment_area_km2": 6.9801,
    "channel_width_m": 4.49,
    "channel_width_score": 1.0,
    "composite_score": 47.4832,
    "cso_density": 0.0,
    "ej_index": 0.9133,
    "elevation_m": 21.0236,
    "estuary_dist_km": 181.39,
    "feasibility_score": 68.8312,
    "flood_q10_cfs": null,
    "flow_score": 49.1411,
    "flow_velocity_ms": 0.5,
    "generation_score": 20.4348,
    "impact_score": 62.4761,
    "impervious_pct": null,
    "land_ownership": 0.5,
    "lat": 35.3574,
    "litter_complaint_density": 0.0,
    "lon": -78.0107,
    "npdes_points": 1,
    "pixel_col": 623.0,
    "pixel_row": 1197.0,
    "population_density": 101.2,
    "position_along": 0.5833,
    "protected_area_score": 0.0,
    "rank": 10,
    "river_name": null,
    "road_access_m": 214.8,
    "road_access_score": 0.8,
    "road_density_km_km2": 3.178,
    "robustness_pct": 0.0,
    "runoff_coeff_C": null,
    "seasonal_cv": null,
    "segment_id": 41,
    "segment_length_m": 9018.029,
    "stream_order": 3,
    "superfund_score": 0.0,
    "tourism_amenity_density": 3.5014,
    "tri_facility_density": 0.4298,
    "usgs_mean_q_cfs": null,
    "velocity_feasibility": 1.0,
    "water_intake_score": 0.0
   },
   "type": "Feature"
  },
  {
   "geometry": {
    "coordinates": [
     -77.953035,
     35.391143
    ],
    "type": "Point"
   },
   "properties": {
    "accumulation": 265151.0,
    "bank_slope_deg": 4.84,
    "bank_slope_score": 1.0,
    "beach_dist_km": 132.18,
    "bridge_proximity_bonus": 0.0,
    "catchment_area_km2": 26.4873,
    "channel_width_m": 7.29,
    "channel_width_score": 1.0,
    "composite_score": 46.8862,
    "cso_density": 0.0,
    "dem_lat": 35.391143,
    "dem_lon": -77.953047,
    "ej_index": 0.5458,
    "elevation_m": 25.2857,
    "estuary_dist_km": 176.98,
    "feasibility_score": 53.2468,
    "flood_q10_cfs": null,
    "flow_score": 53.1882,
    "flow_velocity_ms": 0.2502,
    "generation_score": 34.8083,
    "impact_score": 50.5322,
    "impervious_pct": 8.39,
    "land_ownership": 0.5,
    "lat": 35.3911,
    "litter_complaint_density": 0.0,
    "lon": -77.953,
    "npdes_points": 3,
    "pixel_col": 1158.0,
    "pixel_row": 839.0,
    "population_density": 508.6,
    "position_along": 0.5,
    "protected_area_score": 0.0,
    "rank": 11,
    "river_name": "Stoney Creek",
    "road_access_m": 221.5,
    "road_access_score": 0.8,
    "road_density_km_km2": 6.728,
    "robustness_pct": 2.0,
    "runoff_coeff_C": 0.1255,
    "seasonal_cv": 0.4303,
    "segment_id": 39,
    "segment_length_m": 14.1347,
    "snap_dist_m": 1.1,
    "stream_order": 3,
    "superfund_score": 0.0,
    "tourism_amenity_density": 3.5014,
    "tri_facility_density": 0.0378,
    "usgs_mean_q_cfs": 19.184,
    "velocity_feasibility": 0.7,
    "water_intake_score": 0.0
   },
   "type": "Feature"
  },
  {
   "geometry": {
    "coordinates": [
     -77.977964,
     35.353855
    ],
    "type": "Point"
   },
   "properties": {
    "accumulation": 65597.0,
    "bank_slope_deg": 1.01,
    "bank_slope_score": 1.0,
    "beach_dist_km": 128.35,
    "bridge_proximity_bonus": 0.0,
    "catchment_area_km2": 6.5528,
    "channel_width_m": 4.39,
    "channel_width_score": 1.0,
    "composite_score": 45.8216,
    "cso_density": 0.0,
    "dem_lat": 35.353906,
    "dem_lon": -77.97803,
    "ej_index": 0.7588,
    "elevation_m": 19.7245,
    "estuary_dist_km": 178.41,
    "feasibility_score": 68.8312,
    "flood_q10_cfs": null,
    "flow_score": 48.9148,
    "flow_velocity_ms": 0.5,
    "generation_score": 12.6032,
    "impact_score": 64.9576,
    "impervious_pct": null,
    "land_ownership": 0.5,
    "lat": 35.3539,
    "litter_complaint_density": 0.0,
    "lon": -77.978,
    "npdes_points": 0,
    "pixel_col": 917.0,
    "pixel_row": 1246.0,
    "population_density": 269.2,
    "position_along": 0.25,
    "protected_area_score": 0.0,
    "rank": 12,
    "river_name": "Stoney Creek",
    "road_access_m": 301.7,
    "road_access_score": 0.8,
    "road_density_km_km2": 5.198,
    "robustness_pct": 0.5,
    "runoff_coeff_C": null,
    "seasonal_cv": null,
    "segment_id": 50,
    "segment_length_m": 3836.5857,
    "snap_dist_m": 8.3,
    "stream_order": 3,
    "superfund_score": 0.0,
    "tourism_amenity_density": 4.9338,
    "tri_facility_density": 0.0,
    "usgs_mean_q_cfs": null,
    "velocity_feasibility": 1.0,
    "water_intake_score": 0.0
   },
   "type": "Feature"
  },
  {
   "geometry": {
    "coordinates": [
     -78.023058,
     35.370304
    ],
    "type": "Point"
   },
   "properties": {
    "accumulation": 227512.0,
    "bank_slope_deg": 3.09,
    "bank_slope_score": 1.0,
    "beach_dist_km": 130.76,
    "bridge_proximity_bonus": 0.0,
    "catchment_area_km2": 22.7273,
    "channel_width_m": 6.9,
    "channel_width_score": 1.0,
    "composite_score": 45.499,
    "cso_density": 0.0,
    "ej_index": 0.8129,
    "elevation_m": 15.9913,
    "estuary_dist_km": 182.76,
    "feasibility_score": 55.8442,
    "flood_q10_cfs": null,
    "flow_score": 57.4806,
    "flow_velocity_ms": 0.5,
    "generation_score": 25.5569,
    "impact_score": 50.2839,
    "impervious_pct": null,
    "land_ownership": 0.5,
    "lat": 35.3703,
    "litter_complaint_density": 0.0,
    "lon": -78.0231,
    "npdes_points": 6,
    "pixel_col": 515.0,
    "pixel_row": 1051.0,
    "population_density": 115.2,
    "position_along": 0.1667,
    "protected_area_score": 0.0,
    "rank": 13,
    "river_name": "Little River",
    "road_access_m": 660.2,
    "road_access_score": 0.6,
    "road_density_km_km2": 3.178,
    "robustness_pct": 4.0,
    "runoff_coeff_C": null,
    "seasonal_cv": null,
    "segment_id": 37,
    "segment_length_m": 5014.3737,
    "stream_order": 3,
    "superfund_score": 0.0,
    "tourism_amenity_density": 1.6711,
    "tri_facility_density": 0.22,
    "usgs_mean_q_cfs": null,
    "velocity_feasibility": 1.0,
    "water_intake_score": 0.0
   },
   "type": "Feature"
  },
  {
   "geometry": {
    "coordinates": [
     -77.955161,
     35.350789
    ],
    "type": "Point"
   },
   "properties": {
    "accumulation": 32101.0,
    "bank_slope_deg": 1.53,
    "bank_slope_score": 1.0,
    "beach_dist_km": 127.74,
    "bridge_proximity_bonus": 0.0,
    "catchment_area_km2": 3.2067,
    "channel_width_m": 3.39,
    "channel_width_score": 1.0,
    "composite_score": 44.7947,
    "cso_density": 0.0,
    "ej_index": 0.6634,
    "elevation_m": 28.103,
    "estuary_dist_km": 176.31,
    "feasibility_score": 81.8182,
    "flood_q10_cfs": null,
    "flow_score": 30.8637,
    "flow_velocity_ms": 0.5,
    "generation_score": 12.6228,
    "impact_score": 70.064,
    "impervious_pct": null,
    "land_ownership": 0.5,
    "lat": 35.3508,
    "litter_complaint_density": 0.0,
    "lon": -77.9552,
    "npdes_points": 0,
    "pixel_col": 1123.0,
    "pixel_row": 1284.0,
    "population_density": 273.4,
    "position_along": 0.1,
    "protected_area_score": 0.0,
    "rank": 14,
    "river_name": null,
    "road_access_m": 111.7,
    "road_access_score": 1.0,
    "road_density_km_km2": 5.088,
    "robustness_pct": 7.0,
    "runoff_coeff_C": null,
    "seasonal_cv": null,
    "segment_id": 53,
    "segment_length_m": 7928.8951,
    "stream_order": 1,
    "superfund_score": 0.0,
    "tourism_amenity_density": 7.0028,
    "tri_facility_density": 0.0,
    "usgs_mean_q_cfs": null,
    "velocity_feasibility": 1.0,
    "water_intake_score": 0.0
   },
   "type": "Feature"
  },
  {
   "geometry": {
    "coordinates": [
     -77.984735,
     35.342233
    ],
    "type": "Point"
   },
   "properties": {
    "accumulation": 87851.0,
    "bank_slope_deg": 1.52,
    "bank_slope_score": 1.0,
    "beach_dist_km": 127.09,
    "bridge_proximity_bonus": 0.0,
    "catchment_area_km2": 8.7759,
    "channel_width_m": 4.88,
    "channel_width_score": 1.0,
    "composite_score": 44.3176,
    "cso_density": 0.0,
    "dem_lat": 35.341738,
    "dem_lon": -77.984461,
    "ej_index": 0.7711,
    "elevation_m": 17.9234,
    "estuary_dist_km": 178.74,
    "feasibility_score": 66.2338,
    "flood_q10_cfs": null,
    "flow_score": 50.6699,
    "flow_velocity_ms": 0.1424,
    "generation_score": 16.5014,
    "impact_score": 55.8822,
    "impervious_pct": 14.73,
    "land_ownership": 0.5,
    "lat": 35.3417,
    "litter_complaint_density": 0.0,
    "lon": -77.9845,
    "npdes_points": 1,
    "pixel_col": 854.0,
    "pixel_row": 1377.0,
    "population_density": 102.6,
    "position_along": 0.75,
    "protected_area_score": 0.0,
    "rank": 15,
    "river_name": "Stoney Creek",
    "road_access_m": 53.6,
    "road_access_score": 1.0,
    "road_density_km_km2": 2.523,
    "robustness_pct": 0.0,
    "runoff_coeff_C": 0.1826,
    "seasonal_cv": 0.4413,
    "segment_id": 50,
    "segment_length_m": 3836.5857,
    "snap_dist_m": 60.3,
    "stream_order": 3,
    "superfund_score": 0.0,
    "tourism_amenity_density": 0.9549,
    "tri_facility_density": 0.0,
    "usgs_mean_q_cfs": 32.613,
    "velocity_feasibility": 0.7,
    "water_intake_score": 0.0
   },
   "type": "Feature"
  },
  {
   "geometry": {
    "coordinates": [
     -77.954543,
     35.395163
    ],
    "type": "Point"
   },
   "properties": {
    "accumulation": 142292.0,
    "bank_slope_deg": 0.83,
    "bank_slope_score": 1.0,
    "beach_dist_km": 132.65,
    "bridge_proximity_bonus": 0.0,
    "catchment_area_km2": 14.2143,
    "channel_width_m": 5.82,
    "channel_width_score": 1.0,
    "composite_score": 44.0024,
    "cso_density": 0.0,
    "dem_lat": 35.395251,
    "dem_lon": -77.954352,
    "ej_index": 0.5808,
    "elevation_m": 25.2024,
    "estuary_dist_km": 177.19,
    "feasibility_score": 66.2338,
    "flood_q10_cfs": null,
    "flow_score": 40.2021,
    "flow_velocity_ms": 0.1765,
    "generation_score": 29.7969,
    "impact_score": 50.2593,
    "impervious_pct": 8.77,
    "land_ownership": 0.5,
    "lat": 35.3953,
    "litter_complaint_density": 0.0,
    "lon": -77.9544,
    "npdes_points": 1,
    "pixel_col": 1148.0,
    "pixel_row": 793.0,
    "population_density": 472.9,
    "position_along": 0.5,
    "protected_area_score": 0.0,
    "rank": 16,
    "river_name": "Stoney Creek",
    "road_access_m": 190.4,
    "road_access_score": 1.0,
    "road_density_km_km2": 6.006,
    "robustness_pct": 0.0,
    "runoff_coeff_C": 0.1289,
    "seasonal_cv": 0.4256,
    "segment_id": 24,
    "segment_length_m": 1060.9864,
    "snap_dist_m": 19.9,
    "stream_order": 3,
    "superfund_score": 0.0,
    "tourism_amenity_density": 3.1831,
    "tri_facility_density": 0.0704,
    "usgs_mean_q_cfs": 13.96,
    "velocity_feasibility": 0.7,
    "water_intake_score": 0.0
   },
   "type": "Feature"
  },
  {
   "geometry": {
    "coordinates": [
     -77.996542,
     35.340942
    ],
    "type": "Point"
   },
   "properties": {
    "accumulation": 138330.0,
    "bank_slope_deg": 1.0,
    "bank_slope_score": 1.0,
    "beach_dist_km": 127.16,
    "bridge_proximity_bonus": 0.0,
    "catchment_area_km2": 13.8185,
    "channel_width_m": 5.76,
    "channel_width_score": 1.0,
    "composite_score": 43.4767,
    "cso_density": 0.0,
    "dem_lat": 35.34091,
    "dem_lon": -77.996676,
    "ej_index": 0.8207,
    "elevation_m": 15.7366,
    "estuary_dist_km": 179.82,
    "feasibility_score": 53.2468,
    "flood_q10_cfs": null,
    "flow_score": 54.7976,
    "flow_velocity_ms": 0.1511,
    "generation_score": 17.9587,
    "impact_score": 54.6756,
    "impervious_pct": 14.56,
    "land_ownership": 0.5,
    "lat": 35.3409,
    "litter_complaint_density": 0.0,
    "lon": -77.9967,
    "npdes_points": 2,
    "pixel_col": 743.0,
    "pixel_row": 1385.0,
    "population_density": 96.9,
    "position_along": 0.5,
    "protected_area_score": 0.0,
    "rank": 17,
    "river_name": "Stoney Creek",
    "road_access_m": 437.0,
    "road_access_score": 0.8,
    "road_density_km_km2": 2.076,
    "robustness_pct": 0.0,
    "runoff_coeff_C": 0.181,
    "seasonal_cv": 0.4423,
    "segment_id": 52,
    "segment_length_m": 1152.654,
    "snap_dist_m": 12.7,
    "stream_order": 3,
    "superfund_score": 0.0,
    "tourism_amenity_density": 0.3183,
    "tri_facility_density": 0.0,
    "usgs_mean_q_cfs": 34.268,
    "velocity_feasibility": 0.7,
    "water_intake_score": 0.0
   },
   "type": "Feature"
  },
  {
   "geometry": {
    "coordinates": [
     -78.024923,
     35.3406
    ],
    "type": "Point"
   },
   "properties": {
    "accumulation": 152361.0,
    "bank_slope_deg": 0.45,
    "bank_slope_score": 1.0,
    "beach_dist_km": 127.53,
    "bridge_proximity_bonus": 0.0,
    "catchment_area_km2": 15.2201,
    "channel_width_m": 5.96,
    "channel_width_score": 1.0,
    "composite_score": 43.3741,
    "cso_density": 0.0,
    "dem_lat": 35.340516,
    "dem_lon": -78.025025,
    "ej_index": 0.7259,
    "elevation_m": 14.9227,
    "estuary_dist_km": 182.35,
    "feasibility_score": 68.8312,
    "flood_q10_cfs": null,
    "flow_score": 53.5049,
    "flow_velocity_ms": 0.5,
    "generation_score": 17.5244,
    "impact_score": 48.0531,
    "impervious_pct": null,
    "land_ownership": 0.5,
    "lat": 35.3405,
    "litter_complaint_density": 0.0,
    "lon": -78.025,
    "npdes_points": 4,
    "pixel_col": 489.0,
    "pixel_row": 1381.0,
    "population_density": 102.8,
    "position_along": 0.5,
    "protected_area_score": 0.0,
    "rank": 18,
    "river_name": "Neuse River",
    "road_access_m": 497.2,
    "road_access_score": 0.8,
    "road_density_km_km2": 2.596,
    "robustness_pct": 0.0,
    "runoff_coeff_C": null,
    "seasonal_cv": null,
    "segment_id": 57,
    "segment_length_m": 1117.9413,
    "snap_dist_m": 13.1,
    "stream_order": 3,
    "superfund_score": 0.0,
    "tourism_amenity_density": 0.557,
    "tri_facility_density": 0.1314,
    "usgs_mean_q_cfs": null,
    "velocity_feasibility": 1.0,
    "water_intake_score": 0.0
   },
   "type": "Feature"
  },
  {
   "geometry": {
    "coordinates": [
     -77.946436,
     35.383062
    ],
    "type": "Point"
   },
   "properties": {
    "accumulation": 65185.0,
    "bank_slope_deg": 2.17,
    "bank_slope_score": 1.0,
    "beach_dist_km": 131.22,
    "bridge_proximity_bonus": 0.0,
    "catchment_area_km2": 6.5117,
    "channel_width_m": 4.38,
    "channel_width_score": 1.0,
    "composite_score": 43.3397,
    "cso_density": 0.0,
    "ej_index": 0.4566,
    "elevation_m": 25.6907,
    "estuary_dist_km": 176.21,
    "feasibility_score": 53.2468,
    "flood_q10_cfs": null,
    "flow_score": 27.5784,
    "flow_velocity_ms": 0.0596,
    "generation_score": 43.6394,
    "impact_score": 51.2209,
    "impervious_pct": 24.52,
    "land_ownership": 0.5,
    "lat": 35.3831,
    "litter_complaint_density": 0.0,
    "lon": -77.9464,
    "npdes_points": 1,
    "pixel_col": 1213.0,
    "pixel_row": 929.0,
    "population_density": 481.2,
    "position_along": 0.75,
    "protected_area_score": 0.0,
    "rank": 19,
    "river_name": "Billy Branch",
    "road_access_m": 200.4,
    "road_access_score": 0.8,
    "road_density_km_km2": 6.818,
    "robustness_pct": 0.5,
    "runoff_coeff_C": 0.2707,
    "seasonal_cv": 0.4341,
    "segment_id": 47,
    "segment_length_m": 3525.3277,
    "stream_order": 3,
    "superfund_score": 0.0,
    "tourism_amenity_density": 4.2972,
    "tri_facility_density": 0.1536,
    "usgs_mean_q_cfs": 4.056,
    "velocity_feasibility": 0.7,
    "water_intake_score": 0.0
   },
   "type": "Feature"
  },
  {
   "geometry": {
    "coordinates": [
     -78.022978,
     35.379262
    ],
    "type": "Point"
   },
   "properties": {
    "accumulation": 147770.0,
    "bank_slope_deg": 1.93,
    "bank_slope_score": 1.0,
    "beach_dist_km": 131.75,
    "bridge_proximity_bonus": 0.0,
    "catchment_area_km2": 14.7615,
    "channel_width_m": 5.9,
    "channel_width_score": 1.0,
    "composite_score": 42.8346,
    "cso_density": 0.0,
    "dem_lat": 35.379278,
    "dem_lon": -78.022972,
    "ej_index": 0.7797,
    "elevation_m": 16.5714,
    "estuary_dist_km": 182.93,
    "feasibility_score": 55.8442,
    "flood_q10_cfs": null,
    "flow_score": 53.262,
    "flow_velocity_ms": 0.5,
    "generation_score": 23.4081,
    "impact_score": 47.0669,
    "impervious_pct": null,
    "land_ownership": 0.5,
    "lat": 35.3793,
    "litter_complaint_density": 0.0,
    "lon": -78.023,
    "npdes_points": 5,
    "pixel_col": 516.0,
    "pixel_row": 950.0,
    "population_density": 130.4,
    "position_along": 0.875,
    "protected_area_score": 0.0,
    "rank": 20,
    "river_name": "Little River",
    "road_access_m": 539.5,
    "road_access_score": 0.6,
    "road_density_km_km2": 3.257,
    "robustness_pct": 0.0,
    "runoff_coeff_C": null,
    "seasonal_cv": null,
    "segment_id": 29,
    "segment_length_m": 7023.2687,
    "snap_dist_m": 1.9,
    "stream_order": 3,
    "superfund_score": 0.0,
    "tourism_amenity_density": 1.4324,
    "tri_facility_density": 0.2032,
    "usgs_mean_q_cfs": null,
    "velocity_feasibility": 1.0,
    "water_intake_score": 0.0
   },
   "type": "Feature"
  },
  {
   "geometry": {
    "coordinates": [
     -77.936551,
     35.37168
    ],
    "type": "Point"
   },
   "properties": {
    "accumulation": 39733.0,
    "bank_slope_deg": 1.18,
    "bank_slope_score": 1.0,
    "beach_dist_km": 129.86,
    "bridge_proximity_bonus": 0.0,
    "catchment_area_km2": 3.9691,
    "channel_width_m": 3.66,
    "channel_width_score": 1.0,
    "composite_score": 42.784,
    "cso_density": 0.0,
    "ej_index": 0.4764,
    "elevation_m": 29.4294,
    "estuary_dist_km": 175.08,
    "feasibility_score": 53.2468,
    "flood_q10_cfs": null,
    "flow_score": 27.8958,
    "flow_velocity_ms": 0.1222,
    "generation_score": 35.5226,
    "impact_score": 57.2209,
    "impervious_pct": 24.52,
    "land_ownership": 0.5,
    "lat": 35.3717,
    "litter_complaint_density": 0.0,
    "lon": -77.9366,
    "npdes_points": 1,
    "pixel_col": 1301.0,
    "pixel_row": 1056.0,
    "population_density": 383.8,
    "position_along": 0.25,
    "protected_area_score": 0.0,
    "rank": 21,
    "river_name": null,
    "road_access_m": 317.9,
    "road_access_score": 0.8,
    "road_density_km_km2": 6.357,
    "robustness_pct": 0.0,
    "runoff_coeff_C": 0.2707,
    "seasonal_cv": 0.4341,
    "segment_id": 47,
    "segment_length_m": 3525.3277,
    "stream_order": 3,
    "superfund_score": 0.0,
    "tourism_amenity_density": 5.1725,
    "tri_facility_density": 0.0,
    "usgs_mean_q_cfs": 4.056,
    "velocity_feasibility": 0.7,
    "water_intake_score": 0.0
   },
   "type": "Feature"
  },
  {
   "geometry": {
    "coordinates": [
     -78.024055,
     35.38628
    ],
    "type": "Point"
   },
   "properties": {
    "accumulation": 136539.0,
    "bank_slope_deg": 2.13,
    "bank_slope_score": 1.0,
    "beach_dist_km": 132.53,
    "bridge_proximity_bonus": 0.0,
    "catchment_area_km2": 13.6396,
    "channel_width_m": 5.73,
    "channel_width_score": 1.0,
    "composite_score": 42.3143,
    "cso_density": 0.0,
    "dem_lat": 35.386251,
    "dem_lon": -78.024203,
    "ej_index": 0.7192,
    "elevation_m": 17.3511,
    "estuary_dist_km": 183.19,
    "feasibility_score": 68.8312,
    "flood_q10_cfs": null,
    "flow_score": 52.6679,
    "flow_velocity_ms": 0.5,
    "generation_score": 18.9863,
    "impact_score": 43.7557,
    "impervious_pct": null,
    "land_ownership": 0.5,
    "lat": 35.3863,
    "litter_complaint_density": 0.0,
    "lon": -78.0242,
    "npdes_points": 5,
    "pixel_col": 511.0,
    "pixel_row": 874.0,
    "population_density": 172.4,
    "position_along": 0.625,
    "protected_area_score": 0.0,
    "rank": 22,
    "river_name": "Little River",
    "road_access_m": 492.9,
    "road_access_score": 0.8,
    "road_density_km_km2": 3.627,
    "robustness_pct": 0.0,
    "runoff_coeff_C": null,
    "seasonal_cv": null,
    "segment_id": 29,
    "segment_length_m": 7023.2687,
    "snap_dist_m": 13.9,
    "stream_order": 3,
    "superfund_score": 0.0,
    "tourism_amenity_density": 1.512,
    "tri_facility_density": 0.0,
    "usgs_mean_q_cfs": null,
    "velocity_feasibility": 1.0,
    "water_intake_score": 0.0
   },
   "type": "Feature"
  },
  {
   "geometry": {
    "coordinates": [
     -77.950196,
     35.389502
    ],
    "type": "Point"
   },
   "properties": {
    "accumulation": 21896.0,
    "bank_slope_deg": 2.23,
    "bank_slope_score": 1.0,
    "beach_dist_km": 132.06,
    "bridge_proximity_bonus": 0.0,
    "catchment_area_km2": 2.1873,
    "channel_width_m": 2.95,
    "channel_width_score": 1.0,
    "composite_score": 41.5645,
    "cso_density": 0.0,
    "dem_lat": 35.390352,
    "dem_lon": -77.950418,
    "ej_index": 0.5095,
    "elevation_m": 27.2536,
    "estuary_dist_km": 176.73,
    "feasibility_score": 66.2338,
    "flood_q10_cfs": null,
    "flow_score": 26.5301,
    "flow_velocity_ms": 0.1477,
    "generation_score": 34.797,
    "impact_score": 48.5259,
    "impervious_pct": 21.9,
    "land_ownership": 0.5,
    "lat": 35.3904,
    "litter_complaint_density": 0.0,
    "lon": -77.9504,
    "npdes_points": 0,
    "pixel_col": 1180.0,
    "pixel_row": 847.0,
    "population_density": 478.9,
    "position_along": 0.5,
    "protected_area_score": 0.0,
    "rank": 23,
    "river_name": "Billy Branch",
    "road_access_m": 61.6,
    "road_access_score": 1.0,
    "road_density_km_km2": 6.57,
    "robustness_pct": 0.0,
    "runoff_coeff_C": 0.2471,
    "seasonal_cv": 0.4371,
    "segment_id": 38,
    "segment_length_m": 594.9568,
    "snap_dist_m": 96.5,
    "stream_order": 3,
    "superfund_score": 0.0,
    "tourism_amenity_density": 3.1035,
    "tri_facility_density": 0.0,
    "usgs_mean_q_cfs": 3.096,
    "velocity_feasibility": 0.7,
    "water_intake_score": 0.0
   },
   "type": "Feature"
  },
  {
   "geometry": {
    "coordinates": [
     -77.998204,
     35.336986
    ],
    "type": "Point"
   },
   "properties": {
    "accumulation": 208156.0,
    "bank_slope_deg": 1.59,
    "bank_slope_score": 1.0,
    "beach_dist_km": 126.74,
    "bridge_proximity_bonus": 0.0,
    "catchment_area_km2": 20.7938,
    "channel_width_m": 6.68,
    "channel_width_score": 1.0,
    "composite_score": 41.3911,
    "cso_density": 0.0,
    "dem_lat": 35.336938,
    "dem_lon": -77.99819,
    "ej_index": 0.799,
    "elevation_m": 14.6837,
    "estuary_dist_km": 179.88,
    "feasibility_score": 55.8442,
    "flood_q10_cfs": null,
    "flow_score": 56.4567,
    "flow_velocity_ms": 0.5,
    "generation_score": 9.618,
    "impact_score": 53.3832,
    "impervious_pct": null,
    "land_ownership": 0.5,
    "lat": 35.3369,
    "litter_complaint_density": 0.0,
    "lon": -77.9982,
    "npdes_points": 2,
    "pixel_col": 731.0,
    "pixel_row": 1427.0,
    "population_density": 90.8,
    "position_along": 0.5,
    "protected_area_score": 0.0,
    "rank": 24,
    "river_name": "Neuse River",
    "road_access_m": 571.2,
    "road_access_score": 0.6,
    "road_density_km_km2": 1.969,
    "robustness_pct": 0.0,
    "runoff_coeff_C": null,
    "seasonal_cv": null,
    "segment_id": 74,
    "segment_length_m": 765.5779,
    "snap_dist_m": 5.5,
    "stream_order": 3,
    "superfund_score": 0.0,
    "tourism_amenity_density": 0.0,
    "tri_facility_density": 0.0481,
    "usgs_mean_q_cfs": null,
    "velocity_feasibility": 1.0,
    "water_intake_score": 0.0
   },
   "type": "Feature"
  },
  {
   "geometry": {
    "coordinates": [
     -77.941805,
     35.318585
    ],
    "type": "Point"
   },
   "properties": {
    "accumulation": 97039.0,
    "bank_slope_deg": 0.33,
    "bank_slope_score": 1.0,
    "beach_dist_km": 124.03,
    "bridge_proximity_bonus": 0.0,
    "catchment_area_km2": 9.6937,
    "channel_width_m": 5.06,
    "channel_width_score": 1.0,
    "composite_score": 40.9375,
    "cso_density": 0.0,
    "dem_lat": 35.318405,
    "dem_lon": -77.941994,
    "ej_index": 0.5022,
    "elevation_m": 13.4349,
    "estuary_dist_km": 174.51,
    "feasibility_score": 68.8312,
    "flood_q10_cfs": null,
    "flow_score": 50.5782,
    "flow_velocity_ms": 0.5,
    "generation_score": 7.3762,
    "impact_score": 52.5182,
    "impervious_pct": null,
    "land_ownership": 0.5,
    "lat": 35.3184,
    "litter_complaint_density": 0.0,
    "lon": -77.942,
    "npdes_points": 1,
    "pixel_col": 1236.0,
    "pixel_row": 1649.0,
    "population_density": 96.3,
    "position_along": 0.5,
    "protected_area_score": 0.0,
    "rank": 25,
    "river_name": "Neuse River",
    "road_access_m": 284.5,
    "road_access_score": 0.8,
    "road_density_km_km2": 3.185,
    "robustness_pct": 0.0,
    "runoff_coeff_C": null,
    "seasonal_cv": null,
    "segment_id": 62,
    "segment_length_m": 1337.1156,
    "snap_dist_m": 26.4,
    "stream_order": 3,
    "superfund_score": 0.0,
    "tourism_amenity_density": 0.3183,
    "tri_facility_density": 0.0,
    "usgs_mean_q_cfs": null,
    "velocity_feasibility": 1.0,
    "water_intake_score": 0.0
   },
   "type": "Feature"
  },
  {
   "geometry": {
    "coordinates": [
     -77.863592,
     35.301669
    ],
    "type": "Point"
   },
   "properties": {
    "accumulation": 131810.0,
    "bank_slope_deg": 1.62,
    "bank_slope_score": 1.0,
    "beach_dist_km": 121.58,
    "bridge_proximity_bonus": 0.0,
    "catchment_area_km2": 13.1672,
    "channel_width_m": 5.66,
    "channel_width_score": 1.0,
    "composite_score": 40.8644,
    "cso_density": 0.0,
    "dem_lat": 35.301682,
    "dem_lon": -77.863744,
    "ej_index": 0.1877,
    "elevation_m": 18.9597,
    "estuary_dist_km": 167.21,
    "feasibility_score": 53.2468,
    "flood_q10_cfs": null,
    "flow_score": 45.3133,
    "flow_velocity_ms": 0.1579,
    "generation_score": 20.1881,
    "impact_score": 51.6421,
    "impervious_pct": 3.52,
    "land_ownership": 0.5,
    "lat": 35.3017,
    "litter_complaint_density": 0.0,
    "lon": -77.8637,
    "npdes_points": 5,
    "pixel_col": 1940.0,
    "pixel_row": 1856.0,
    "population_density": 160.6,
    "position_along": 0.25,
    "protected_area_score": 0.0,
    "rank": 26,
    "river_name": "Walnut Creek",
    "road_access_m": 280.8,
    "road_access_score": 0.8,
    "road_density_km_km2": 2.911,
    "robustness_pct": 0.0,
    "runoff_coeff_C": 0.0817,
    "seasonal_cv": 0.4346,
    "segment_id": 66,
    "segment_length_m": 3139.9665,
    "snap_dist_m": 13.9,
    "stream_order": 3,
    "superfund_score": 0.0,
    "tourism_amenity_density": 0.0796,
    "tri_facility_density": 0.0,
    "usgs_mean_q_cfs": 23.772,
    "velocity_feasibility": 0.7,
    "water_intake_score": 0.0
   },
   "type": "Feature"
  },
  {
   "geometry": {
    "coordinates": [
     -77.860334,
     35.315508
    ],
    "type": "Point"
   },
   "properties": {
    "accumulation": 33175.0,
    "bank_slope_deg": 0.06,
    "bank_slope_score": 1.0,
    "beach_dist_km": 123.09,
    "bridge_proximity_bonus": 0.0,
    "catchment_area_km2": 3.314,
    "channel_width_m": 3.43,
    "channel_width_score": 1.0,
    "composite_score": 40.8073,
    "cso_density": 0.0,
    "ej_index": 0.2278,
    "elevation_m": 27.9029,
    "estuary_dist_km": 167.15,
    "feasibility_score": 68.8312,
    "flood_q10_cfs": null,
    "flow_score": 47.1996,
    "flow_velocity_ms": 0.5,
    "generation_score": 10.8838,
    "impact_score": 51.3921,
    "impervious_pct": null,
    "land_ownership": 0.5,
    "lat": 35.3155,
    "litter_complaint_density": 0.0,
    "lon": -77.8603,
    "npdes_points": 1,
    "pixel_col": 1977.0,
    "pixel_row": 1703.0,
    "population_density": 140.6,
    "position_along": 0.5,
    "protected_area_score": 0.0,
    "rank": 27,
    "river_name": "Mira Branch",
    "road_access_m": 269.4,
    "road_access_score": 0.8,
    "road_density_km_km2": 5.288,
    "robustness_pct": 0.0,
    "runoff_coeff_C": null,
    "seasonal_cv": null,
    "segment_id": 63,
    "segment_length_m": 2744.1945,
    "stream_order": 3,
    "superfund_score": 0.0,
    "tourism_amenity_density": 0.0,
    "tri_facility_density": 0.0,
    "usgs_mean_q_cfs": null,
    "velocity_feasibility": 1.0,
    "water_intake_score": 0.0
   },
   "type": "Feature"
  },
  {
   "geometry": {
    "coordinates": [
     -78.011663,
     35.34739
    ],
    "type": "Point"
   },
   "properties": {
    "accumulation": 76770.0,
    "bank_slope_deg": 1.07,
    "bank_slope_score": 1.0,
    "beach_dist_km": 128.08,
    "bridge_proximity_bonus": 0.0,
    "catchment_area_km2": 7.6689,
    "channel_width_m": 4.65,
    "channel_width_score": 1.0,
    "composite_score": 40.4386,
    "cso_density": 0.0,
    "ej_index": 0.909,
    "elevation_m": 20.2784,
    "estuary_dist_km": 181.28,
    "feasibility_score": 66.2338,
    "flood_q10_cfs": null,
    "flow_score": 27.2829,
    "flow_velocity_ms": 0.1202,
    "generation_score": 23.0802,
    "impact_score": 55.8627,
    "impervious_pct": 18.9,
    "land_ownership": 0.5,
    "lat": 35.3474,
    "litter_complaint_density": 0.0,
    "lon": -78.0117,
    "npdes_points": 3,
    "pixel_col": 610.0,
    "pixel_row": 1309.0,
    "population_density": 105.0,
    "position_along": 0.75,
    "protected_area_score": 0.0,
    "rank": 28,
    "river_name": null,
    "road_access_m": 122.3,
    "road_access_score": 1.0,
    "road_density_km_km2": 1.921,
    "robustness_pct": 0.0,
    "runoff_coeff_C": 0.2201,
    "seasonal_cv": 0.4369,
    "segment_id": 41,
    "segment_length_m": 9018.029,
    "stream_order": 3,
    "superfund_score": 0.0,
    "tourism_amenity_density": 0.557,
    "tri_facility_density": 0.0,
    "usgs_mean_q_cfs": 1.952,
    "velocity_feasibility": 0.7,
    "water_intake_score": 0.0
   },
   "type": "Feature"
  },
  {
   "geometry": {
    "coordinates": [
     -77.963913,
     35.402455
    ],
    "type": "Point"
   },
   "properties": {
    "accumulation": 90882.0,
    "bank_slope_deg": 1.33,
    "bank_slope_score": 1.0,
    "beach_dist_km": 133.55,
    "bridge_proximity_bonus": 0.0,
    "catchment_area_km2": 9.0787,
    "channel_width_m": 4.94,
    "channel_width_score": 1.0,
    "composite_score": 40.434,
    "cso_density": 0.0,
    "dem_lat": 35.402533,
    "dem_lon": -77.963846,
    "ej_index": 0.6693,
    "elevation_m": 27.0768,
    "estuary_dist_km": 178.2,
    "feasibility_score": 66.2338,
    "flood_q10_cfs": null,
    "flow_score": 31.6237,
    "flow_velocity_ms": 0.169,
    "generation_score": 24.7399,
    "impact_score": 50.57,
    "impervious_pct": 12.7,
    "land_ownership": 0.5,
    "lat": 35.4025,
    "litter_complaint_density": 0.0,
    "lon": -77.9638,
    "npdes_points": 0,
    "pixel_col": 1066.0,
    "pixel_row": 710.0,
    "population_density": 376.6,
    "position_along": 0.8333,
    "protected_area_score": 0.0,
    "rank": 29,
    "river_name": "Howell Branch",
    "road_access_m": 155.0,
    "road_access_score": 1.0,
    "road_density_km_km2": 5.706,
    "robustness_pct": 0.0,
    "runoff_coeff_C": 0.1643,
    "seasonal_cv": 0.4224,
    "segment_id": 17,
    "segment_length_m": 4810.7547,
    "snap_dist_m": 10.6,
    "stream_order": 3,
    "superfund_score": 0.0,
    "tourism_amenity_density": 2.8648,
    "tri_facility_density": 0.0,
    "usgs_mean_q_cfs": 5.527,
    "velocity_feasibility": 0.7,
    "water_intake_score": 0.0
   },
   "type": "Feature"
  },
  {
   "geometry": {
    "coordinates": [
     -77.863098,
     35.290417
    ],
    "type": "Point"
   },
   "properties": {
    "accumulation": 152704.0,
    "bank_slope_deg": 1.31,
    "bank_slope_score": 1.0,
    "beach_dist_km": 120.32,
    "bridge_proximity_bonus": 0.0,
    "catchment_area_km2": 15.2544,
    "channel_width_m": 5.97,
    "channel_width_score": 1.0,
    "composite_score": 40.2898,
    "cso_density": 0.0,
    "dem_lat": 35.290386,
    "dem_lon": -77.86308,
    "ej_index": 0.4167,
    "elevation_m": 17.3546,
    "estuary_dist_km": 166.95,
    "feasibility_score": 40.2597,
    "flood_q10_cfs": null,
    "flow_score": 46.8019,
    "flow_velocity_ms": 0.1695,
    "generation_score": 12.9718,
    "impact_score": 62.1961,
    "impervious_pct": 3.52,
    "land_ownership": 0.5,
    "lat": 35.2904,
    "litter_complaint_density": 0.0,
    "lon": -77.8631,
    "npdes_points": 3,
    "pixel_col": 1941.0,
    "pixel_row": 1982.0,
    "population_density": 109.2,
    "position_along": 0.75,
    "protected_area_score": 0.0,
    "rank": 30,
    "river_name": "Walnut Creek",
    "road_access_m": 669.4,
    "road_access_score": 0.6,
    "road_density_km_km2": 1.706,
    "robustness_pct": 0.0,
    "runoff_coeff_C": 0.0817,
    "seasonal_cv": 0.4346,
    "segment_id": 66,
    "segment_length_m": 3139.9665,
    "snap_dist_m": 3.8,
    "stream_order": 3,
    "superfund_score": 0.0,
    "tourism_amenity_density": 0.0796,
    "tri_facility_density": 0.0,
    "usgs_mean_q_cfs": 23.772,
    "velocity_feasibility": 0.7,
    "water_intake_score": 0.0
   },
   "type": "Feature"
  },
  {
   "geometry": {
    "coordinates": [
     -78.033087,
     35.350552
    ],
    "type": "Point"
   },
   "properties": {
    "accumulation": 88383.0,
    "bank_slope_deg": 7.82,
    "bank_slope_score": 1.0,
    "beach_dist_km": 128.75,
    "bridge_proximity_bonus": 0.0,
    "catchment_area_km2": 8.829,
    "channel_width_m": 4.89,
    "channel_width_score": 1.0,
    "composite_score": 40.1061,
    "cso_density": 0.0,
    "ej_index": 0.7156,
    "elevation_m": 15.1802,
    "estuary_dist_km": 183.26,
    "feasibility_score": 81.8182,
    "flood_q10_cfs": null,
    "flow_score": 50.1202,
    "flow_velocity_ms": 0.5,
    "generation_score": 5.8453,
    "impact_score": 45.1656,
    "impervious_pct": null,
    "land_ownership": 0.5,
    "lat": 35.3506,
    "litter_complaint_density": 0.0,
    "lon": -78.0331,
    "npdes_points": 1,
    "pixel_col": 419.0,
    "pixel_row": 1268.0,
    "population_density": 78.2,
    "position_along": 0.8333,
    "protected_area_score": 0.0,
    "rank": 31,
    "river_name": "Neuse River",
    "road_access_m": 132.3,
    "road_access_score": 1.0,
    "road_density_km_km2": 2.229,
    "robustness_pct": 0.0,
    "runoff_coeff_C": null,
    "seasonal_cv": null,
    "segment_id": 56,
    "segment_length_m": 5643.8708,
    "stream_order": 3,
    "superfund_score": 0.0,
    "tourism_amenity_density": 0.557,
    "tri_facility_density": 0.0,
    "usgs_mean_q_cfs": null,
    "velocity_feasibility": 1.0,
    "water_intake_score": 0.0
   },
   "type": "Feature"
  },
  {
   "geometry": {
    "coordinates": [
     -77.862147,
     35.371305
    ],
    "type": "Point"
   },
   "properties": {
    "accumulation": 367279.0,
    "bank_slope_deg": 0.1,
    "bank_slope_score": 1.0,
    "beach_dist_km": 129.23,
    "bridge_proximity_bonus": 0.0,
    "catchment_area_km2": 36.6894,
    "channel_width_m": 8.21,
    "channel_width_score": 1.0,
    "composite_score": 39.8759,
    "cso_density": 0.0,
    "dem_lat": 35.37065,
    "dem_lon": -77.862704,
    "ej_index": 0.583,
    "elevation_m": 25.0185,
    "estuary_dist_km": 168.5,
    "feasibility_score": 40.2597,
    "flood_q10_cfs": null,
    "flow_score": 55.4863,
    "flow_velocity_ms": 0.12,
    "generation_score": 7.596,
    "impact_score": 58.9551,
    "impervious_pct": 3.72,
    "land_ownership": 0.5,
    "lat": 35.3707,
    "litter_complaint_density": 0.0,
    "lon": -77.8627,
    "npdes_points": 1,
    "pixel_col": 1975.0,
    "pixel_row": 1091.0,
    "population_density": 65.1,
    "position_along": 0.25,
    "protected_area_score": 0.0,
    "rank": 32,
    "river_name": "West Bear Creek",
    "road_access_m": 706.6,
    "road_access_score": 0.6,
    "road_density_km_km2": 1.156,
    "robustness_pct": 0.0,
    "runoff_coeff_C": 0.0835,
    "seasonal_cv": 0.4321,
    "segment_id": 35,
    "segment_length_m": 3343.7074,
    "snap_dist_m": 88.5,
    "stream_order": 3,
    "superfund_score": 0.0,
    "tourism_amenity_density": 0.8754,
    "tri_facility_density": 0.0273,
    "usgs_mean_q_cfs": 22.152,
    "velocity_feasibility": 0.7,
    "water_intake_score": 0.0
   },
   "type": "Feature"
  },
  {
   "geometry": {
    "coordinates": [
     -77.874507,
     35.384277
    ],
    "type": "Point"
   },
   "properties": {
    "accumulation": 243576.0,
    "bank_slope_deg": 3.93,
    "bank_slope_score": 1.0,
    "beach_dist_km": 130.8,
    "bridge_proximity_bonus": 0.0,
    "catchment_area_km2": 24.332,
    "channel_width_m": 7.07,
    "channel_width_score": 1.0,
    "composite_score": 38.723,
    "cso_density": 0.0,
    "dem_lat": 35.384256,
    "dem_lon": -77.874532,
    "ej_index": 0.5796,
    "elevation_m": 26.2535,
    "estuary_dist_km": 169.86,
    "feasibility_score": 53.2468,
    "flood_q10_cfs": null,
    "flow_score": 45.3083,
    "flow_velocity_ms": 0.1345,
    "generation_score": 9.3146,
    "impact_score": 55.3817,
    "impervious_pct": 4.19,
    "land_ownership": 0.5,
    "lat": 35.3843,
    "litter_complaint_density": 0.0,
    "lon": -77.8745,
    "npdes_points": 1,
    "pixel_col": 1871.0,
    "pixel_row": 936.0,
    "population_density": 95.0,
    "position_along": 0.5,
    "protected_area_score": 0.0,
    "rank": 33,
    "river_name": "West Bear Creek",
    "road_access_m": 457.8,
    "road_access_score": 0.8,
    "road_density_km_km2": 2.442,
    "robustness_pct": 0.0,
    "runoff_coeff_C": 0.0877,
    "seasonal_cv": 0.4281,
    "segment_id": 34,
    "segment_length_m": 2447.1931,
    "snap_dist_m": 3.3,
    "stream_order": 3,
    "superfund_score": 0.0,
    "tourism_amenity_density": 0.8754,
    "tri_facility_density": 0.0,
    "usgs_mean_q_cfs": 16.476,
    "velocity_feasibility": 0.7,
    "water_intake_score": 0.0
   },
   "type": "Feature"
  },
  {
   "geometry": {
    "coordinates": [
     -77.970488,
     35.412833
    ],
    "type": "Point"
   },
   "properties": {
    "accumulation": 76729.0,
    "bank_slope_deg": 0.51,
    "bank_slope_score": 1.0,
    "beach_dist_km": 134.75,
    "bridge_proximity_bonus": 0.0,
    "catchment_area_km2": 7.6649,
    "channel_width_m": 4.65,
    "channel_width_score": 1.0,
    "composite_score": 38.2518,
    "cso_density": 0.0,
    "dem_lat": 35.412654,
    "dem_lon": -77.970943,
    "ej_index": 0.6525,
    "elevation_m": 29.3895,
    "estuary_dist_km": 179.07,
    "feasibility_score": 66.2338,
    "flood_q10_cfs": null,
    "flow_score": 29.6242,
    "flow_velocity_ms": 0.1296,
    "generation_score": 25.9859,
    "impact_score": 43.7163,
    "impervious_pct": 12.7,
    "land_ownership": 0.5,
    "lat": 35.4127,
    "litter_complaint_density": 0.0,
    "lon": -77.9709,
    "npdes_points": 1,
    "pixel_col": 1003.0,
    "pixel_row": 595.0,
    "population_density": 259.4,
    "position_along": 0.5,
    "protected_area_score": 0.0,
    "rank": 34,
    "river_name": "Howell Branch",
    "road_access_m": 116.5,
    "road_access_score": 1.0,
    "road_density_km_km2": 4.5,
    "robustness_pct": 0.0,
    "runoff_coeff_C": 0.1643,
    "seasonal_cv": 0.4224,
    "segment_id": 17,
    "segment_length_m": 4810.7547,
    "snap_dist_m": 45.9,
    "stream_order": 3,
    "superfund_score": 0.0,
    "tourism_amenity_density": 1.4324,
    "tri_facility_density": 0.1305,
    "usgs_mean_q_cfs": 5.527,
    "velocity_feasibility": 0.7,
    "water_intake_score": 0.0
   },
   "type": "Feature"
  },
  {
   "geometry": {
    "coordinates": [
     -77.852272,
     35.363286
    ],
    "type": "Point"
   },
   "properties": {
    "accumulation": 415803.0,
    "bank_slope_deg": 0.62,
    "bank_slope_score": 1.0,
    "beach_dist_km": 128.24,
    "bridge_proximity_bonus": 0.0,
    "catchment_area_km2": 41.5367,
    "channel_width_m": 8.59,
    "channel_width_score": 1.0,
    "composite_score": 38.2301,
    "cso_density": 0.0,
    "dem_lat": 35.362132,
    "dem_lon": -77.853045,
    "ej_index": 0.5764,
    "elevation_m": 24.3444,
    "estuary_dist_km": 167.45,
    "feasibility_score": 20.7792,
    "flood_q10_cfs": null,
    "flow_score": 63.1978,
    "flow_velocity_ms": 0.2115,
    "generation_score": 5.581,
    "impact_score": 58.7983,
    "impervious_pct": 3.51,
    "land_ownership": 0.5,
    "lat": 35.3621,
    "litter_complaint_density": 0.0,
    "lon": -77.853,
    "npdes_points": 1,
    "pixel_col": 2060.0,
    "pixel_row": 1188.0,
    "population_density": 46.6,
    "position_along": 0.75,
    "protected_area_score": 0.0,
    "rank": 35,
    "river_name": "West Bear Creek",
    "road_access_m": 1807.5,
    "road_access_score": 0.3,
    "road_density_km_km2": 0.68,
    "robustness_pct": 1.0,
    "runoff_coeff_C": 0.0816,
    "seasonal_cv": 0.4341,
    "segment_id": 35,
    "segment_length_m": 3343.7074,
    "snap_dist_m": 146.1,
    "stream_order": 3,
    "superfund_score": 0.0,
    "tourism_amenity_density": 0.0,
    "tri_facility_density": 0.0,
    "usgs_mean_q_cfs": 25.081,
    "velocity_feasibility": 0.7,
    "water_intake_score": 0.0
   },
   "type": "Feature"
  },
  {
   "geometry": {
    "coordinates": [
     -77.887894,
     35.391792
    ],
    "type": "Point"
   },
   "properties": {
    "accumulation": 24326.0,
    "bank_slope_deg": 1.19,
    "bank_slope_score": 1.0,
    "beach_dist_km": 131.68,
    "bridge_proximity_bonus": 0.0,
    "catchment_area_km2": 2.43,
    "channel_width_m": 3.06,
    "channel_width_score": 1.0,
    "composite_score": 38.1196,
    "cso_density": 0.0,
    "dem_lat": 35.39147,
    "dem_lon": -77.888516,
    "ej_index": 0.5301,
    "elevation_m": 28.0881,
    "estuary_dist_km": 171.27,
    "feasibility_score": 68.8312,
    "flood_q10_cfs": null,
    "flow_score": 46.7314,
    "flow_velocity_ms": 0.5,
    "generation_score": 3.4021,
    "impact_score": 50.3047,
    "impervious_pct": null,
    "land_ownership": 0.5,
    "lat": 35.3915,
    "litter_complaint_density": 0.0,
    "lon": -77.8885,
    "npdes_points": 0,
    "pixel_col": 1746.0,
    "pixel_row": 853.0,
    "population_density": 78.7,
    "position_along": 0.5,
    "protected_area_score": 0.0,
    "rank": 36,
    "river_name": "West Bear Creek",
    "road_access_m": 332.6,
    "road_access_score": 0.8,
    "road_density_km_km2": 1.971,
    "robustness_pct": 0.0,
    "runoff_coeff_C": null,
    "seasonal_cv": null,
    "segment_id": 32,
    "segment_length_m": 718.0293,
    "snap_dist_m": 66.9,
    "stream_order": 3,
    "superfund_score": 0.0,
    "tourism_amenity_density": 0.7162,
    "tri_facility_density": 0.0,
    "usgs_mean_q_cfs": null,
    "velocity_feasibility": 1.0,
    "water_intake_score": 0.0
   },
   "type": "Feature"
  },
  {
   "geometry": {
    "coordinates": [
     -77.958207,
     35.341063
    ],
    "type": "Point"
   },
   "properties": {
    "accumulation": 50927.0,
    "bank_slope_deg": 0.94,
    "bank_slope_score": 1.0,
    "beach_dist_km": 126.7,
    "bridge_proximity_bonus": 0.0,
    "catchment_area_km2": 5.0874,
    "channel_width_m": 4.01,
    "channel_width_score": 1.0,
    "composite_score": 37.4768,
    "cso_density": 0.0,
    "ej_index": 0.6145,
    "elevation_m": 24.3295,
    "estuary_dist_km": 176.39,
    "feasibility_score": 68.8312,
    "flood_q10_cfs": null,
    "flow_score": 31.8597,
    "flow_velocity_ms": 0.5,
    "generation_score": 4.4162,
    "impact_score": 59.541,
    "impervious_pct": null,
    "land_ownership": 0.5,
    "lat": 35.3411,
    "litter_complaint_density": 0.0,
    "lon": -77.9582,
    "npdes_points": 0,
    "pixel_col": 1092.0,
    "pixel_row": 1393.0,
    "population_density": 102.8,
    "position_along": 0.3,
    "protected_area_score": 0.0,
    "rank": 37,
    "river_name": null,
    "road_access_m": 316.3,
    "road_access_score": 0.8,
    "road_density_km_km2": 2.231,
    "robustness_pct": 0.0,
    "runoff_coeff_C": null,
    "seasonal_cv": null,
    "segment_id": 53,
    "segment_length_m": 7928.8951,
    "stream_order": 1,
    "superfund_score": 0.0,
    "tourism_amenity_density": 3.3423,
    "tri_facility_density": 0.0,
    "usgs_mean_q_cfs": null,
    "velocity_feasibility": 1.0,
    "water_intake_score": 0.0
   },
   "type": "Feature"
  },
  {
   "geometry": {
    "coordinates": [
     -77.973345,
     35.338263
    ],
    "type": "Point"
   },
   "properties": {
    "accumulation": 63142.0,
    "bank_slope_deg": 0.56,
    "bank_slope_score": 1.0,
    "beach_dist_km": 126.57,
    "bridge_proximity_bonus": 0.0,
    "catchment_area_km2": 6.3076,
    "channel_width_m": 4.33,
    "channel_width_score": 1.0,
    "composite_score": 37.2985,
    "cso_density": 0.0,
    "ej_index": 0.6721,
    "elevation_m": 20.9816,
    "estuary_dist_km": 177.68,
    "feasibility_score": 68.8312,
    "flood_q10_cfs": null,
    "flow_score": 32.5059,
    "flow_velocity_ms": 0.5,
    "generation_score": 6.5407,
    "impact_score": 56.2839,
    "impervious_pct": null,
    "land_ownership": 0.5,
    "lat": 35.3383,
    "litter_complaint_density": 0.0,
    "lon": -77.9733,
    "npdes_points": 1,
    "pixel_col": 954.0,
    "pixel_row": 1420.0,
    "population_density": 91.2,
    "position_along": 0.5,
    "protected_area_score": 0.0,
    "rank": 38,
    "river_name": "Stoney Creek",
    "road_access_m": 337.8,
    "road_access_score": 0.8,
    "road_density_km_km2": 2.516,
    "robustness_pct": 0.0,
    "runoff_coeff_C": null,
    "seasonal_cv": null,
    "segment_id": 53,
    "segment_length_m": 7928.8951,
    "stream_order": 1,
    "superfund_score": 0.0,
    "tourism_amenity_density": 1.8303,
    "tri_facility_density": 0.0,
    "usgs_mean_q_cfs": null,
    "velocity_feasibility": 1.0,
    "water_intake_score": 0.0
   },
   "type": "Feature"
  },
  {
   "geometry": {
    "coordinates": [
     -77.895595,
     35.387719
    ],
    "type": "Point"
   },
   "properties": {
    "accumulation": 65217.0,
    "bank_slope_deg": 0.04,
    "bank_slope_score": 1.0,
    "beach_dist_km": 131.31,
    "bridge_proximity_bonus": 0.0,
    "catchment_area_km2": 6.5149,
    "channel_width_m": 4.38,
    "channel_width_score": 1.0,
    "composite_score": 36.895,
    "cso_density": 0.0,
    "dem_lat": 35.387716,
    "dem_lon": -77.895594,
    "ej_index": 0.5494,
    "elevation_m": 30.6194,
    "estuary_dist_km": 171.81,
    "feasibility_score": 66.2338,
    "flood_q10_cfs": null,
    "flow_score": 25.8663,
    "flow_velocity_ms": 0.0987,
    "generation_score": 18.376,
    "impact_score": 49.9351,
    "impervious_pct": 9.91,
    "land_ownership": 0.5,
    "lat": 35.3877,
    "litter_complaint_density": 0.0,
    "lon": -77.8956,
    "npdes_points": 1,
    "pixel_col": 1681.0,
    "pixel_row": 891.0,
    "population_density": 200.6,
    "position_along": 0.75,
    "protected_area_score": 0.0,
    "rank": 39,
    "river_name": "Old Mill Branch",
    "road_access_m": 148.8,
    "road_access_score": 1.0,
    "road_density_km_km2": 4.462,
    "robustness_pct": 0.0,
    "runoff_coeff_C": 0.1392,
    "seasonal_cv": 0.4345,
    "segment_id": 31,
    "segment_length_m": 3996.0857,
    "snap_dist_m": 0.4,
    "stream_order": 3,
    "superfund_score": 0.0,
    "tourism_amenity_density": 0.3979,
    "tri_facility_density": 0.0,
    "usgs_mean_q_cfs": 3.476,
    "velocity_feasibility": 0.7,
    "water_intake_score": 0.0
   },
   "type": "Feature"
  },
  {
   "geometry": {
    "coordinates": [
     -78.002432,
     35.33951
    ],
    "type": "Point"
   },
   "properties": {
    "accumulation": 87254.0,
    "bank_slope_deg": 0.47,
    "bank_slope_score": 1.0,
    "beach_dist_km": 127.09,
    "bridge_proximity_bonus": 0.0,
    "catchment_area_km2": 8.7162,
    "channel_width_m": 4.87,
    "channel_width_score": 1.0,
    "composite_score": 36.7036,
    "cso_density": 0.0,
    "ej_index": 0.8397,
    "elevation_m": 17.9324,
    "estuary_dist_km": 180.31,
    "feasibility_score": 53.2468,
    "flood_q10_cfs": null,
    "flow_score": 28.7614,
    "flow_velocity_ms": 0.1505,
    "generation_score": 17.5166,
    "impact_score": 54.2375,
    "impervious_pct": 18.9,
    "land_ownership": 0.5,
    "lat": 35.3395,
    "litter_complaint_density": 0.0,
    "lon": -78.0024,
    "npdes_points": 1,
    "pixel_col": 694.0,
    "pixel_row": 1399.0,
    "population_density": 86.8,
    "position_along": 0.9167,
    "protected_area_score": 0.0,
    "rank": 40,
    "river_name": "Neuse River",
    "road_access_m": 221.3,
    "road_access_score": 0.8,
    "road_density_km_km2": 1.327,
    "robustness_pct": 0.0,
    "runoff_coeff_C": 0.2201,
    "seasonal_cv": 0.4369,
    "segment_id": 41,
    "segment_length_m": 9018.029,
    "stream_order": 3,
    "superfund_score": 0.0,
    "tourism_amenity_density": 0.0796,
    "tri_facility_density": 0.0,
    "usgs_mean_q_cfs": 1.952,
    "velocity_feasibility": 0.7,
    "water_intake_score": 0.0
   },
   "type": "Feature"
  },
  {
   "geometry": {
    "coordinates": [
     -77.946597,
     35.291818
    ],
    "type": "Point"
   },
   "properties": {
    "accumulation": 64593.0,
    "bank_slope_deg": 0.46,
    "bank_slope_score": 1.0,
    "beach_dist_km": 121.15,
    "bridge_proximity_bonus": 0.0,
    "catchment_area_km2": 6.4525,
    "channel_width_m": 4.37,
    "channel_width_score": 1.0,
    "composite_score": 36.3371,
    "cso_density": 0.0,
    "dem_lat": 35.291889,
    "dem_lon": -77.946413,
    "ej_index": 0.6016,
    "elevation_m": 13.2172,
    "estuary_dist_km": 174.46,
    "feasibility_score": 68.8312,
    "flood_q10_cfs": null,
    "flow_score": 32.5826,
    "flow_velocity_ms": 0.5,
    "generation_score": 0.5977,
    "impact_score": 58.958,
    "impervious_pct": null,
    "land_ownership": 0.5,
    "lat": 35.2919,
    "litter_complaint_density": 0.0,
    "lon": -77.9464,
    "npdes_points": 0,
    "pixel_col": 1186.0,
    "pixel_row": 1943.0,
    "population_density": 43.3,
    "position_along": 0.8333,
    "protected_area_score": 0.0,
    "rank": 41,
    "river_name": "Neuse River",
    "road_access_m": 292.4,
    "road_access_score": 0.8,
    "road_density_km_km2": 0.289,
    "robustness_pct": 0.0,
    "runoff_coeff_C": null,
    "seasonal_cv": null,
    "segment_id": 67,
    "segment_length_m": 4675.5566,
    "snap_dist_m": 18.5,
    "stream_order": 1,
    "superfund_score": 0.0,
    "tourism_amenity_density": 0.0796,
    "tri_facility_density": 0.0,
    "usgs_mean_q_cfs": null,
    "velocity_feasibility": 1.0,
    "water_intake_score": 0.0
   },
   "type": "Feature"
  },
  {
   "geometry": {
    "coordinates": [
     -78.031026,
     35.375296
    ],
    "type": "Point"
   },
   "properties": {
    "accumulation": 64312.0,
    "bank_slope_deg": 3.34,
    "bank_slope_score": 1.0,
    "beach_dist_km": 131.41,
    "bridge_proximity_bonus": 0.0,
    "catchment_area_km2": 6.4245,
    "channel_width_m": 4.36,
    "channel_width_score": 1.0,
    "composite_score": 35.9129,
    "cso_density": 0.0,
    "dem_lat": 35.375114,
    "dem_lon": -78.030989,
    "ej_index": 0.7441,
    "elevation_m": 16.3895,
    "estuary_dist_km": 183.56,
    "feasibility_score": 55.8442,
    "flood_q10_cfs": null,
    "flow_score": 48.8468,
    "flow_velocity_ms": 0.5,
    "generation_score": 5.8085,
    "impact_score": 45.2735,
    "impervious_pct": null,
    "land_ownership": 0.5,
    "lat": 35.3751,
    "litter_complaint_density": 0.0,
    "lon": -78.031,
    "npdes_points": 2,
    "pixel_col": 446.0,
    "pixel_row": 994.0,
    "population_density": 62.9,
    "position_along": 0.75,
    "protected_area_score": 0.0,
    "rank": 42,
    "river_name": "Neuse River",
    "road_access_m": 903.6,
    "road_access_score": 0.6,
    "road_density_km_km2": 0.491,
    "robustness_pct": 0.0,
    "runoff_coeff_C": null,
    "seasonal_cv": null,
    "segment_id": 36,
    "segment_length_m": 3302.1859,
    "snap_dist_m": 20.5,
    "stream_order": 3,
    "superfund_score": 0.0,
    "tourism_amenity_density": 1.4324,
    "tri_facility_density": 0.0,
    "usgs_mean_q_cfs": null,
    "velocity_feasibility": 1.0,
    "water_intake_score": 0.0
   },
   "type": "Feature"
  },
  {
   "geometry": {
    "coordinates": [
     -77.933666,
     35.38576
    ],
    "type": "Point"
   },
   "properties": {
    "accumulation": 22246.0,
    "bank_slope_deg": 2.7,
    "bank_slope_score": 1.0,
    "beach_dist_km": 131.38,
    "bridge_proximity_bonus": 0.0,
    "catchment_area_km2": 2.2223,
    "channel_width_m": 2.97,
    "channel_width_score": 1.0,
    "composite_score": 35.8805,
    "cso_density": 0.0,
    "dem_lat": 35.385605,
    "dem_lon": -77.933737,
    "ej_index": 0.2809,
    "elevation_m": 32.0253,
    "estuary_dist_km": 175.14,
    "feasibility_score": 53.2468,
    "flood_q10_cfs": null,
    "flow_score": 11.9948,
    "flow_velocity_ms": 0.1986,
    "generation_score": 39.8968,
    "impact_score": 43.0857,
    "impervious_pct": 21.9,
    "land_ownership": 0.5,
    "lat": 35.3856,
    "litter_complaint_density": 0.0,
    "lon": -77.9337,
    "npdes_points": 0,
    "pixel_col": 1330.0,
    "pixel_row": 902.0,
    "population_density": 611.5,
    "position_along": 0.5,
    "protected_area_score": 0.0,
    "rank": 43,
    "river_name": "Billy Branch",
    "road_access_m": 269.8,
    "road_access_score": 0.8,
    "road_density_km_km2": 7.526,
    "robustness_pct": 0.0,
    "runoff_coeff_C": 0.2471,
    "seasonal_cv": 0.4371,
    "segment_id": 42,
    "segment_length_m": 82.3832,
    "snap_dist_m": 18.4,
    "stream_order": 1,
    "superfund_score": 0.0,
    "tourism_amenity_density": 3.3423,
    "tri_facility_density": 0.0,
    "usgs_mean_q_cfs": 3.096,
    "velocity_feasibility": 0.7,
    "water_intake_score": 0.0
   },
   "type": "Feature"
  },
  {
   "geometry": {
    "coordinates": [
     -77.983413,
     35.33288
    ],
    "type": "Point"
   },
   "properties": {
    "accumulation": 77940.0,
    "bank_slope_deg": 0.0,
    "bank_slope_score": 1.0,
    "beach_dist_km": 126.1,
    "bridge_proximity_bonus": 0.0,
    "catchment_area_km2": 7.7858,
    "channel_width_m": 4.68,
    "channel_width_score": 1.0,
    "composite_score": 35.7117,
    "cso_density": 0.0,
    "dem_lat": 35.332884,
    "dem_lon": -77.983408,
    "ej_index": 0.6967,
    "elevation_m": 14.5544,
    "estuary_dist_km": 178.48,
    "feasibility_score": 68.8312,
    "flood_q10_cfs": null,
    "flow_score": 33.2887,
    "flow_velocity_ms": 0.5,
    "generation_score": 4.9799,
    "impact_score": 51.903,
    "impervious_pct": null,
    "land_ownership": 0.5,
    "lat": 35.3329,
    "litter_complaint_density": 0.0,
    "lon": -77.9834,
    "npdes_points": 1,
    "pixel_col": 864.0,
    "pixel_row": 1477.0,
    "population_density": 65.2,
    "position_along": 0.7,
    "protected_area_score": 0.0,
    "rank": 44,
    "river_name": "Neuse River",
    "road_access_m": 460.5,
    "road_access_score": 0.8,
    "road_density_km_km2": 1.774,
    "robustness_pct": 0.0,
    "runoff_coeff_C": null,
    "seasonal_cv": null,
    "segment_id": 53,
    "segment_length_m": 7928.8951,
    "snap_dist_m": 0.7,
    "stream_order": 1,
    "superfund_score": 0.0,
    "tourism_amenity_density": 0.0,
    "tri_facility_density": 0.0,
    "usgs_mean_q_cfs": null,
    "velocity_feasibility": 1.0,
    "water_intake_score": 0.0
   },
   "type": "Feature"
  },
  {
   "geometry": {
    "coordinates": [
     -77.947163,
     35.396298
    ],
    "type": "Point"
   },
   "properties": {
    "accumulation": 85233.0,
    "bank_slope_deg": 0.95,
    "bank_slope_score": 1.0,
    "beach_dist_km": 132.71,
    "bridge_proximity_bonus": 0.0,
    "catchment_area_km2": 8.5144,
    "channel_width_m": 4.83,
    "channel_width_score": 1.0,
    "composite_score": 35.6297,
    "cso_density": 0.0,
    "dem_lat": 35.396466,
    "dem_lon": -77.947177,
    "ej_index": 0.4957,
    "elevation_m": 25.884,
    "estuary_dist_km": 176.58,
    "feasibility_score": 53.2468,
    "flood_q10_cfs": null,
    "flow_score": 26.9521,
    "flow_velocity_ms": 0.073,
    "generation_score": 23.2679,
    "impact_score": 46.4142,
    "impervious_pct": 4.92,
    "land_ownership": 0.5,
    "lat": 35.3965,
    "litter_complaint_density": 0.0,
    "lon": -77.9472,
    "npdes_points": 1,
    "pixel_col": 1211.0,
    "pixel_row": 780.0,
    "population_density": 432.9,
    "position_along": 0.8333,
    "protected_area_score": 0.0,
    "rank": 45,
    "river_name": "Reedy Branch",
    "road_access_m": 223.4,
    "road_access_score": 0.8,
    "road_density_km_km2": 5.355,
    "robustness_pct": 0.0,
    "runoff_coeff_C": 0.0943,
    "seasonal_cv": 0.4229,
    "segment_id": 18,
    "segment_length_m": 5993.6872,
    "snap_dist_m": 18.7,
    "stream_order": 3,
    "superfund_score": 0.0,
    "tourism_amenity_density": 2.7056,
    "tri_facility_density": 0.0,
    "usgs_mean_q_cfs": 5.064,
    "velocity_feasibility": 0.7,
    "water_intake_score": 0.0
   },
   "type": "Feature"
  },
  {
   "geometry": {
    "coordinates": [
     -78.023163,
     35.401607
    ],
    "type": "Point"
   },
   "properties": {
    "accumulation": 93883.0,
    "bank_slope_deg": 4.0,
    "bank_slope_score": 1.0,
    "beach_dist_km": 134.2,
    "bridge_proximity_bonus": 0.0,
    "catchment_area_km2": 9.3785,
    "channel_width_m": 5.0,
    "channel_width_score": 1.0,
    "composite_score": 35.5873,
    "cso_density": 0.0,
    "dem_lat": 35.401613,
    "dem_lon": -78.023164,
    "ej_index": 0.4953,
    "elevation_m": 18.5343,
    "estuary_dist_km": 183.44,
    "feasibility_score": 68.8312,
    "flood_q10_cfs": null,
    "flow_score": 50.4113,
    "flow_velocity_ms": 0.5,
    "generation_score": 11.765,
    "impact_score": 30.4342,
    "impervious_pct": null,
    "land_ownership": 0.5,
    "lat": 35.4016,
    "litter_complaint_density": 0.0,
    "lon": -78.0232,
    "npdes_points": 1,
    "pixel_col": 522.0,
    "pixel_row": 702.0,
    "population_density": 214.3,
    "position_along": 0.125,
    "protected_area_score": 0.0,
    "rank": 46,
    "river_name": "Little River",
    "road_access_m": 212.6,
    "road_access_score": 0.8,
    "road_density_km_km2": 3.888,
    "robustness_pct": 0.0,
    "runoff_coeff_C": null,
    "seasonal_cv": null,
    "segment_id": 29,
    "segment_length_m": 7023.2687,
    "snap_dist_m": 0.7,
    "stream_order": 3,
    "superfund_score": 0.0,
    "tourism_amenity_density": 0.557,
    "tri_facility_density": 0.0,
    "usgs_mean_q_cfs": null,
    "velocity_feasibility": 1.0,
    "water_intake_score": 0.0
   },
   "type": "Feature"
  },
  {
   "geometry": {
    "coordinates": [
     -77.901022,
     35.362971
    ],
    "type": "Point"
   },
   "properties": {
    "accumulation": 24182.0,
    "bank_slope_deg": 1.23,
    "bank_slope_score": 1.0,
    "beach_dist_km": 128.6,
    "bridge_proximity_bonus": 0.0,
    "catchment_area_km2": 2.4157,
    "channel_width_m": 3.06,
    "channel_width_score": 1.0,
    "composite_score": 35.3836,
    "cso_density": 0.0,
    "ej_index": 0.5678,
    "elevation_m": 34.0313,
    "estuary_dist_km": 171.74,
    "feasibility_score": 53.2468,
    "flood_q10_cfs": null,
    "flow_score": 22.1124,
    "flow_velocity_ms": 0.0836,
    "generation_score": 20.2296,
    "impact_score": 52.6655,
    "impervious_pct": 4.9,
    "land_ownership": 0.5,
    "lat": 35.363,
    "litter_complaint_density": 0.0,
    "lon": -77.901,
    "npdes_points": 0,
    "pixel_col": 1623.0,
    "pixel_row": 1166.0,
    "population_density": 139.6,
    "position_along": 0.1667,
    "protected_area_score": 0.0,
    "rank": 47,
    "river_name": "Walnut Creek",
    "road_access_m": 316.3,
    "road_access_score": 0.8,
    "road_density_km_km2": 1.277,
    "robustness_pct": 0.0,
    "runoff_coeff_C": 0.0941,
    "seasonal_cv": 0.4405,
    "segment_id": 46,
    "segment_length_m": 5307.1846,
    "stream_order": 3,
    "superfund_score": 0.0,
    "tourism_amenity_density": 0.0,
    "tri_facility_density": 0.414,
    "usgs_mean_q_cfs": 3.136,
    "velocity_feasibility": 0.7,
    "water_intake_score": 0.0
   },
   "type": "Feature"
  },
  {
   "geometry": {
    "coordinates": [
     -78.006928,
     35.321399
    ],
    "type": "Point"
   },
   "properties": {
    "accumulation": 86484.0,
    "bank_slope_deg": 1.72,
    "bank_slope_score": 1.0,
    "beach_dist_km": 125.16,
    "bridge_proximity_bonus": 0.0,
    "catchment_area_km2": 8.6393,
    "channel_width_m": 4.86,
    "channel_width_score": 1.0,
    "composite_score": 35.3091,
    "cso_density": 0.0,
    "dem_lat": 35.321389,
    "dem_lon": -78.006946,
    "ej_index": 0.7536,
    "elevation_m": 20.4903,
    "estuary_dist_km": 180.38,
    "feasibility_score": 53.2468,
    "flood_q10_cfs": null,
    "flow_score": 30.4064,
    "flow_velocity_ms": 0.1373,
    "generation_score": 12.9941,
    "impact_score": 52.7408,
    "impervious_pct": 2.94,
    "land_ownership": 0.5,
    "lat": 35.3214,
    "litter_complaint_density": 0.0,
    "lon": -78.0069,
    "npdes_points": 2,
    "pixel_col": 644.0,
    "pixel_row": 1595.0,
    "population_density": 74.7,
    "position_along": 0.625,
    "protected_area_score": 0.0,
    "rank": 48,
    "river_name": "Carraway Creek",
    "road_access_m": 288.0,
    "road_access_score": 0.8,
    "road_density_km_km2": 1.901,
    "robustness_pct": 0.0,
    "runoff_coeff_C": 0.0765,
    "seasonal_cv": 0.4296,
    "segment_id": 73,
    "segment_length_m": 6878.908,
    "snap_dist_m": 2.0,
    "stream_order": 3,
    "superfund_score": 0.0,
    "tourism_amenity_density": 0.0,
    "tri_facility_density": 0.1157,
    "usgs_mean_q_cfs": 7.841,
    "velocity_feasibility": 0.7,
    "water_intake_score": 0.0
   },
   "type": "Feature"
  },
  {
   "geometry": {
    "coordinates": [
     -78.030269,
     35.321911
    ],
    "type": "Point"
   },
   "properties": {
    "accumulation": 79627.0,
    "bank_slope_deg": 2.46,
    "bank_slope_score": 1.0,
    "beach_dist_km": 125.58,
    "bridge_proximity_bonus": 0.0,
    "catchment_area_km2": 7.9543,
    "channel_width_m": 4.71,
    "channel_width_score": 1.0,
    "composite_score": 35.087,
    "cso_density": 0.0,
    "dem_lat": 35.321984,
    "dem_lon": -78.030307,
    "ej_index": 0.7184,
    "elevation_m": 24.3236,
    "estuary_dist_km": 182.49,
    "feasibility_score": 66.2338,
    "flood_q10_cfs": null,
    "flow_score": 12.9347,
    "flow_velocity_ms": 0.15,
    "generation_score": 24.3782,
    "impact_score": 48.6826,
    "impervious_pct": 5.26,
    "land_ownership": 0.5,
    "lat": 35.322,
    "litter_complaint_density": 0.0,
    "lon": -78.0303,
    "npdes_points": 3,
    "pixel_col": 434.0,
    "pixel_row": 1584.0,
    "population_density": 111.7,
    "position_along": 0.5,
    "protected_area_score": 0.0,
    "rank": 49,
    "river_name": "Poplar Branch",
    "road_access_m": 161.9,
    "road_access_score": 1.0,
    "road_density_km_km2": 4.318,
    "robustness_pct": 0.0,
    "runoff_coeff_C": 0.0973,
    "seasonal_cv": 0.4275,
    "segment_id": 69,
    "segment_length_m": 5660.9686,
    "snap_dist_m": 8.8,
    "stream_order": 1,
    "superfund_score": 0.0,
    "tourism_amenity_density": 0.1592,
    "tri_facility_density": 0.2514,
    "usgs_mean_q_cfs": 5.647,
    "velocity_feasibility": 0.7,
    "water_intake_score": 0.0
   },
   "type": "Feature"
  },
  {
   "geometry": {
    "coordinates": [
     -77.863054,
     35.383103
    ],
    "type": "Point"
   },
   "properties": {
    "accumulation": 66985.0,
    "bank_slope_deg": 0.2,
    "bank_slope_score": 1.0,
    "beach_dist_km": 130.61,
    "bridge_proximity_bonus": 0.0,
    "catchment_area_km2": 6.6915,
    "channel_width_m": 4.43,
    "channel_width_score": 1.0,
    "composite_score": 34.9684,
    "cso_density": 0.0,
    "dem_lat": 35.38306,
    "dem_lon": -77.86276,
    "ej_index": 0.5861,
    "elevation_m": 26.7276,
    "estuary_dist_km": 168.79,
    "feasibility_score": 66.2338,
    "flood_q10_cfs": null,
    "flow_score": 26.8195,
    "flow_velocity_ms": 0.1379,
    "generation_score": 3.9051,
    "impact_score": 57.1897,
    "impervious_pct": 2.01,
    "land_ownership": 0.5,
    "lat": 35.3831,
    "litter_complaint_density": 0.0,
    "lon": -77.8628,
    "npdes_points": 0,
    "pixel_col": 1976.0,
    "pixel_row": 953.0,
    "population_density": 47.3,
    "position_along": 0.75,
    "protected_area_score": 0.0,
    "rank": 50,
    "river_name": "Peters Branch",
    "road_access_m": 165.0,
    "road_access_score": 1.0,
    "road_density_km_km2": 2.141,
    "robustness_pct": 0.0,
    "runoff_coeff_C": 0.0681,
    "seasonal_cv": 0.4258,
    "segment_id": 30,
    "segment_length_m": 3394.1477,
    "snap_dist_m": 27.1,
    "stream_order": 3,
    "superfund_score": 0.0,
    "tourism_amenity_density": 0.8754,
    "tri_facility_density": 0.0,
    "usgs_mean_q_cfs": 4.461,
    "velocity_feasibility": 0.7,
    "water_intake_score": 0.0
   },
   "type": "Feature"
  },
  {
   "geometry": {
    "coordinates": [
     -77.952546,
     35.302776
    ],
    "type": "Point"
   },
   "properties": {
    "accumulation": 55975.0,
    "bank_slope_deg": 1.48,
    "bank_slope_score": 1.0,
    "beach_dist_km": 122.42,
    "bridge_proximity_bonus": 0.0,
    "catchment_area_km2": 5.5916,
    "channel_width_m": 4.15,
    "channel_width_score": 1.0,
    "composite_score": 34.8659,
    "cso_density": 0.0,
    "dem_lat": 35.302786,
    "dem_lon": -77.952466,
    "ej_index": 0.6206,
    "elevation_m": 13.288,
    "estuary_dist_km": 175.18,
    "feasibility_score": 55.8442,
    "flood_q10_cfs": null,
    "flow_score": 32.1267,
    "flow_velocity_ms": 0.5,
    "generation_score": 3.5083,
    "impact_score": 58.0171,
    "impervious_pct": null,
    "land_ownership": 0.5,
    "lat": 35.3028,
    "litter_complaint_density": 0.0,
    "lon": -77.9525,
    "npdes_points": 1,
    "pixel_col": 1135.0,
    "pixel_row": 1820.0,
    "population_density": 40.6,
    "position_along": 0.5,
    "protected_area_score": 0.0,
    "rank": 51,
    "river_name": "Neuse River",
    "road_access_m": 602.9,
    "road_access_score": 0.6,
    "road_density_km_km2": 1.077,
    "robustness_pct": 0.0,
    "runoff_coeff_C": null,
    "seasonal_cv": null,
    "segment_id": 67,
    "segment_length_m": 4675.5566,
    "snap_dist_m": 7.3,
    "stream_order": 1,
    "superfund_score": 0.0,
    "tourism_amenity_density": 0.3183,
    "tri_facility_density": 0.0,
    "usgs_mean_q_cfs": null,
    "velocity_feasibility": 1.0,
    "water_intake_score": 0.0
   },
   "type": "Feature"
  },
  {
   "geometry": {
    "coordinates": [
     -78.024627,
     35.396459
    ],
    "type": "Point"
   },
   "properties": {
    "accumulation": 103484.0,
    "bank_slope_deg": 1.91,
    "bank_slope_score": 1.0,
    "beach_dist_km": 133.66,
    "bridge_proximity_bonus": 0.0,
    "catchment_area_km2": 10.3375,
    "channel_width_m": 5.18,
    "channel_width_score": 1.0,
    "composite_score": 34.6869,
    "cso_density": 0.0,
    "dem_lat": 35.396531,
    "dem_lon": -78.02468,
    "ej_index": 0.5509,
    "elevation_m": 17.8195,
    "estuary_dist_km": 183.46,
    "feasibility_score": 55.8442,
    "flood_q10_cfs": null,
    "flow_score": 50.9191,
    "flow_velocity_ms": 0.5,
    "generation_score": 11.9083,
    "impact_score": 33.3602,
    "impervious_pct": null,
    "land_ownership": 0.5,
    "lat": 35.3965,
    "litter_complaint_density": 0.0,
    "lon": -78.0247,
    "npdes_points": 1,
    "pixel_col": 507.0,
    "pixel_row": 758.0,
    "population_density": 211.4,
    "position_along": 0.375,
    "protected_area_score": 0.0,
    "rank": 52,
    "river_name": "Little River",
    "road_access_m": 569.7,
    "road_access_score": 0.6,
    "road_density_km_km2": 4.119,
    "robustness_pct": 0.0,
    "runoff_coeff_C": null,
    "seasonal_cv": null,
    "segment_id": 29,
    "segment_length_m": 7023.2687,
    "snap_dist_m": 9.3,
    "stream_order": 3,
    "superfund_score": 0.0,
    "tourism_amenity_density": 0.6366,
    "tri_facility_density": 0.0,
    "usgs_mean_q_cfs": null,
    "velocity_feasibility": 1.0,
    "water_intake_score": 0.0
   },
   "type": "Feature"
  },
  {
   "geometry": {
    "coordinates": [
     -77.885611,
     35.389496
    ],
    "type": "Point"
   },
   "properties": {
    "accumulation": 110636.0,
    "bank_slope_deg": 4.33,
    "bank_slope_score": 1.0,
    "beach_dist_km": 131.45,
    "bridge_proximity_bonus": 0.0,
    "catchment_area_km2": 11.052,
    "channel_width_m": 5.31,
    "channel_width_score": 1.0,
    "composite_score": 34.6699,
    "cso_density": 0.0,
    "dem_lat": 35.389576,
    "dem_lon": -77.88562,
    "ej_index": 0.5525,
    "elevation_m": 27.0947,
    "estuary_dist_km": 170.97,
    "feasibility_score": 53.2468,
    "flood_q10_cfs": null,
    "flow_score": 31.3385,
    "flow_velocity_ms": 0.0588,
    "generation_score": 10.6061,
    "impact_score": 52.2215,
    "impervious_pct": 2.53,
    "land_ownership": 0.5,
    "lat": 35.3896,
    "litter_complaint_density": 0.0,
    "lon": -77.8856,
    "npdes_points": 1,
    "pixel_col": 1772.0,
    "pixel_row": 871.0,
    "population_density": 126.3,
    "position_along": 0.5,
    "protected_area_score": 0.0,
    "rank": 53,
    "river_name": "Old Mill Branch",
    "road_access_m": 261.5,
    "road_access_score": 0.8,
    "road_density_km_km2": 3.824,
    "robustness_pct": 0.0,
    "runoff_coeff_C": 0.0728,
    "seasonal_cv": 0.4224,
    "segment_id": 33,
    "segment_length_m": 98.2327,
    "snap_dist_m": 8.9,
    "stream_order": 3,
    "superfund_score": 0.0,
    "tourism_amenity_density": 0.8754,
    "tri_facility_density": 0.0,
    "usgs_mean_q_cfs": 10.085,
    "velocity_feasibility": 0.7,
    "water_intake_score": 0.0
   },
   "type": "Feature"
  },
  {
   "geometry": {
    "coordinates": [
     -78.014403,
     35.40562
    ],
    "type": "Point"
   },
   "properties": {
    "accumulation": 29274.0,
    "bank_slope_deg": 1.49,
    "bank_slope_score": 1.0,
    "beach_dist_km": 134.52,
    "bridge_proximity_bonus": 0.0,
    "catchment_area_km2": 2.9243,
    "channel_width_m": 3.28,
    "channel_width_score": 1.0,
    "composite_score": 34.4401,
    "cso_density": 0.0,
    "dem_lat": 35.405646,
    "dem_lon": -78.014651,
    "ej_index": 0.5233,
    "elevation_m": 19.2749,
    "estuary_dist_km": 182.78,
    "feasibility_score": 68.8312,
    "flood_q10_cfs": null,
    "flow_score": 46.9932,
    "flow_velocity_ms": 0.5,
    "generation_score": 8.1776,
    "impact_score": 33.0462,
    "impervious_pct": null,
    "land_ownership": 0.5,
    "lat": 35.4056,
    "litter_complaint_density": 0.0,
    "lon": -78.0147,
    "npdes_points": 0,
    "pixel_col": 604.0,
    "pixel_row": 657.0,
    "population_density": 162.9,
    "position_along": 0.5,
    "protected_area_score": 0.0,
    "rank": 54,
    "river_name": "Little River",
    "road_access_m": 380.9,
    "road_access_score": 0.8,
    "road_density_km_km2": 4.098,
    "robustness_pct": 0.0,
    "runoff_coeff_C": null,
    "seasonal_cv": null,
    "segment_id": 28,
    "segment_length_m": 1662.5083,
    "snap_dist_m": 22.7,
    "stream_order": 3,
    "superfund_score": 0.0,
    "tourism_amenity_density": 0.9549,
    "tri_facility_density": 0.0,
    "usgs_mean_q_cfs": null,
    "velocity_feasibility": 1.0,
    "water_intake_score": 0.0
   },
   "type": "Feature"
  },
  {
   "geometry": {
    "coordinates": [
     -77.897583,
     35.326921
    ],
    "type": "Point"
   },
   "properties": {
    "accumulation": 135901.0,
    "bank_slope_deg": 0.39,
    "bank_slope_score": 1.0,
    "beach_dist_km": 124.58,
    "bridge_proximity_bonus": 0.0,
    "catchment_area_km2": 13.5758,
    "channel_width_m": 5.72,
    "channel_width_score": 1.0,
    "composite_score": 34.2305,
    "cso_density": 0.0,
    "dem_lat": 35.326895,
    "dem_lon": -77.897601,
    "ej_index": 0.2983,
    "elevation_m": 25.8023,
    "estuary_dist_km": 170.7,
    "feasibility_score": 53.2468,
    "flood_q10_cfs": null,
    "flow_score": 35.4709,
    "flow_velocity_ms": 0.1108,
    "generation_score": 9.9188,
    "impact_score": 48.0003,
    "impervious_pct": 3.67,
    "land_ownership": 0.5,
    "lat": 35.3269,
    "litter_complaint_density": 0.0,
    "lon": -77.8976,
    "npdes_points": 1,
    "pixel_col": 1643.0,
    "pixel_row": 1566.0,
    "population_density": 131.0,
    "position_along": 0.5,
    "protected_area_score": 0.0,
    "rank": 55,
    "river_name": "Walnut Creek",
    "road_access_m": 497.5,
    "road_access_score": 0.8,
    "road_density_km_km2": 2.265,
    "robustness_pct": 0.0,
    "runoff_coeff_C": 0.083,
    "seasonal_cv": 0.4301,
    "segment_id": 59,
    "segment_length_m": 2371.9635,
    "snap_dist_m": 3.3,
    "stream_order": 3,
    "superfund_score": 0.0,
    "tourism_amenity_density": 0.0,
    "tri_facility_density": 0.0,
    "usgs_mean_q_cfs": 12.036,
    "velocity_feasibility": 0.7,
    "water_intake_score": 0.0
   },
   "type": "Feature"
  },
  {
   "geometry": {
    "coordinates": [
     -77.973596,
     35.323848
    ],
    "type": "Point"
   },
   "properties": {
    "accumulation": 105892.0,
    "bank_slope_deg": 2.62,
    "bank_slope_score": 1.0,
    "beach_dist_km": 124.97,
    "bridge_proximity_bonus": 0.0,
    "catchment_area_km2": 10.5781,
    "channel_width_m": 5.23,
    "channel_width_score": 1.0,
    "composite_score": 33.8321,
    "cso_density": 0.0,
    "dem_lat": 35.323649,
    "dem_lon": -77.973825,
    "ej_index": 0.6179,
    "elevation_m": 14.3048,
    "estuary_dist_km": 177.46,
    "feasibility_score": 55.8442,
    "flood_q10_cfs": null,
    "flow_score": 34.7675,
    "flow_velocity_ms": 0.5,
    "generation_score": 4.4878,
    "impact_score": 51.3908,
    "impervious_pct": null,
    "land_ownership": 0.5,
    "lat": 35.3236,
    "litter_complaint_density": 0.0,
    "lon": -77.9738,
    "npdes_points": 1,
    "pixel_col": 949.0,
    "pixel_row": 1583.0,
    "population_density": 70.6,
    "position_along": 0.9,
    "protected_area_score": 0.0,
    "rank": 56,
    "river_name": "Neuse River",
    "road_access_m": 677.2,
    "road_access_score": 0.6,
    "road_density_km_km2": 1.121,
    "robustness_pct": 0.0,
    "runoff_coeff_C": null,
    "seasonal_cv": null,
    "segment_id": 53,
    "segment_length_m": 7928.8951,
    "snap_dist_m": 30.3,
    "stream_order": 1,
    "superfund_score": 0.0,
    "tourism_amenity_density": 0.0,
    "tri_facility_density": 0.0,
    "usgs_mean_q_cfs": null,
    "velocity_feasibility": 1.0,
    "water_intake_score": 0.0
   },
   "type": "Feature"
  },
  {
   "geometry": {
    "coordinates": [
     -77.968757,
     35.423979
    ],
    "type": "Point"
   },
   "properties": {
    "accumulation": 41247.0,
    "bank_slope_deg": 0.44,
    "bank_slope_score": 1.0,
    "beach_dist_km": 135.98,
    "bridge_proximity_bonus": 0.0,
    "catchment_area_km2": 4.1204,
    "channel_width_m": 3.71,
    "channel_width_score": 1.0,
    "composite_score": 33.467,
    "cso_density": 0.0,
    "dem_lat": 35.424021,
    "dem_lon": -77.969159,
    "ej_index": 0.5547,
    "elevation_m": 31.9272,
    "estuary_dist_km": 179.19,
    "feasibility_score": 66.2338,
    "flood_q10_cfs": null,
    "flow_score": 27.3046,
    "flow_velocity_ms": 0.1145,
    "generation_score": 19.5651,
    "impact_score": 36.1208,
    "impervious_pct": 12.7,
    "land_ownership": 0.5,
    "lat": 35.424,
    "litter_complaint_density": 0.0,
    "lon": -77.9692,
    "npdes_points": 0,
    "pixel_col": 1022.0,
    "pixel_row": 470.0,
    "population_density": 216.8,
    "position_along": 0.1667,
    "protected_area_score": 0.0,
    "rank": 57,
    "river_name": "Howell Branch",
    "road_access_m": 86.8,
    "road_access_score": 1.0,
    "road_density_km_km2": 5.514,
    "robustness_pct": 0.0,
    "runoff_coeff_C": 0.1643,
    "seasonal_cv": 0.4224,
    "segment_id": 17,
    "segment_length_m": 4810.7547,
    "snap_dist_m": 36.8,
    "stream_order": 3,
    "superfund_score": 0.0,
    "tourism_amenity_density": 0.557,
    "tri_facility_density": 0.0,
    "usgs_mean_q_cfs": 5.527,
    "velocity_feasibility": 0.7,
    "water_intake_score": 0.0
   },
   "type": "Feature"
  },
  {
   "geometry": {
    "coordinates": [
     -77.882284,
     35.289492
    ],
    "type": "Point"
   },
   "properties": {
    "accumulation": 28001.0,
    "bank_slope_deg": 1.21,
    "bank_slope_score": 1.0,
    "beach_dist_km": 120.33,
    "bridge_proximity_bonus": 0.0,
    "catchment_area_km2": 2.7972,
    "channel_width_m": 3.22,
    "channel_width_score": 1.0,
    "composite_score": 33.4395,
    "cso_density": 0.0,
    "ej_index": 0.6209,
    "elevation_m": 17.8518,
    "estuary_dist_km": 168.66,
    "feasibility_score": 66.2338,
    "flood_q10_cfs": null,
    "flow_score": 5.7664,
    "flow_velocity_ms": 0.1484,
    "generation_score": 5.6302,
    "impact_score": 67.9126,
    "impervious_pct": 3.58,
    "land_ownership": 0.5,
    "lat": 35.2895,
    "litter_complaint_density": 0.0,
    "lon": -77.8823,
    "npdes_points": 0,
    "pixel_col": 1770.0,
    "pixel_row": 1986.0,
    "population_density": 63.4,
    "position_along": 0.5,
    "protected_area_score": 0.0,
    "rank": 58,
    "river_name": null,
    "road_access_m": 65.8,
    "road_access_score": 1.0,
    "road_density_km_km2": 2.339,
    "robustness_pct": 0.0,
    "runoff_coeff_C": 0.0822,
    "seasonal_cv": 0.4618,
    "segment_id": 75,
    "segment_length_m": 1402.6447,
    "stream_order": 1,
    "superfund_score": 0.0,
    "tourism_amenity_density": 0.0796,
    "tri_facility_density": 0.0,
    "usgs_mean_q_cfs": 1.262,
    "velocity_feasibility": 0.7,
    "water_intake_score": 0.0
   },
   "type": "Feature"
  },
  {
   "geometry": {
    "coordinates": [
     -78.032781,
     35.341379
    ],
    "type": "Point"
   },
   "properties": {
    "accumulation": 48040.0,
    "bank_slope_deg": 0.92,
    "bank_slope_score": 1.0,
    "beach_dist_km": 127.74,
    "bridge_proximity_bonus": 0.0,
    "catchment_area_km2": 4.799,
    "channel_width_m": 3.92,
    "channel_width_score": 1.0,
    "composite_score": 33.4048,
    "cso_density": 0.0,
    "ej_index": 0.5683,
    "elevation_m": 20.373,
    "estuary_dist_km": 183.06,
    "feasibility_score": 66.2338,
    "flood_q10_cfs": null,
    "flow_score": 24.0466,
    "flow_velocity_ms": 0.0551,
    "generation_score": 17.3494,
    "impact_score": 40.8443,
    "impervious_pct": 13.39,
    "land_ownership": 0.5,
    "lat": 35.3414,
    "litter_complaint_density": 0.0,
    "lon": -78.0328,
    "npdes_points": 1,
    "pixel_col": 418.0,
    "pixel_row": 1368.0,
    "population_density": 112.3,
    "position_along": 0.5,
    "protected_area_score": 0.0,
    "rank": 59,
    "river_name": "Neuse River",
    "road_access_m": 109.8,
    "road_access_score": 1.0,
    "road_density_km_km2": 3.926,
    "robustness_pct": 0.0,
    "runoff_coeff_C": 0.1705,
    "seasonal_cv": 0.4328,
    "segment_id": 55,
    "segment_length_m": 1730.7567,
    "stream_order": 3,
    "superfund_score": 0.0,
    "tourism_amenity_density": 0.557,
    "tri_facility_density": 0.0,
    "usgs_mean_q_cfs": 2.957,
    "velocity_feasibility": 0.7,
    "water_intake_score": 0.0
   },
   "type": "Feature"
  },
  {
   "geometry": {
    "coordinates": [
     -77.888874,
     35.394548
    ],
    "type": "Point"
   },
   "properties": {
    "accumulation": 109120.0,
    "bank_slope_deg": 3.48,
    "bank_slope_score": 1.0,
    "beach_dist_km": 132.03,
    "bridge_proximity_bonus": 0.0,
    "catchment_area_km2": 10.9006,
    "channel_width_m": 5.28,
    "channel_width_score": 1.0,
    "composite_score": 33.2976,
    "cso_density": 0.0,
    "dem_lat": 35.394592,
    "dem_lon": -77.88909,
    "ej_index": 0.5283,
    "elevation_m": 27.8843,
    "estuary_dist_km": 171.39,
    "feasibility_score": 53.2468,
    "flood_q10_cfs": null,
    "flow_score": 31.2535,
    "flow_velocity_ms": 0.0586,
    "generation_score": 10.0982,
    "impact_score": 48.2257,
    "impervious_pct": 2.53,
    "land_ownership": 0.5,
    "lat": 35.3946,
    "litter_complaint_density": 0.0,
    "lon": -77.8891,
    "npdes_points": 1,
    "pixel_col": 1741.0,
    "pixel_row": 818.0,
    "population_density": 119.9,
    "position_along": 0.5,
    "protected_area_score": 0.0,
    "rank": 60,
    "river_name": "Bear Creek",
    "road_access_m": 244.1,
    "road_access_score": 0.8,
    "road_density_km_km2": 3.519,
    "robustness_pct": 0.0,
    "runoff_coeff_C": 0.0728,
    "seasonal_cv": 0.4224,
    "segment_id": 27,
    "segment_length_m": 1452.9127,
    "snap_dist_m": 20.3,
    "stream_order": 3,
    "superfund_score": 0.0,
    "tourism_amenity_density": 0.1592,
    "tri_facility_density": 0.0,
    "usgs_mean_q_cfs": 10.085,
    "velocity_feasibility": 0.7,
    "water_intake_score": 0.0
   },
   "type": "Feature"
  },
  {
   "geometry": {
    "coordinates": [
     -77.956474,
     35.40678
    ],
    "type": "Point"
   },
   "properties": {
    "accumulation": 27998.0,
    "bank_slope_deg": 0.47,
    "bank_slope_score": 1.0,
    "beach_dist_km": 133.94,
    "bridge_proximity_bonus": 0.0,
    "catchment_area_km2": 2.7969,
    "channel_width_m": 3.22,
    "channel_width_score": 1.0,
    "composite_score": 33.13,
    "cso_density": 0.0,
    "dem_lat": 35.406773,
    "dem_lon": -77.956533,
    "ej_index": 0.6473,
    "elevation_m": 26.7305,
    "estuary_dist_km": 177.65,
    "feasibility_score": 53.2468,
    "flood_q10_cfs": null,
    "flow_score": 27.245,
    "flow_velocity_ms": 0.0971,
    "generation_score": 14.4887,
    "impact_score": 46.6171,
    "impervious_pct": 5.37,
    "land_ownership": 0.5,
    "lat": 35.4068,
    "litter_complaint_density": 0.0,
    "lon": -77.9565,
    "npdes_points": 0,
    "pixel_col": 1132.0,
    "pixel_row": 665.0,
    "population_density": 278.3,
    "position_along": 0.5,
    "protected_area_score": 0.0,
    "rank": 61,
    "river_name": "Stoney Creek",
    "road_access_m": 246.3,
    "road_access_score": 0.8,
    "road_density_km_km2": 3.322,
    "robustness_pct": 0.0,
    "runoff_coeff_C": 0.0983,
    "seasonal_cv": 0.4203,
    "segment_id": 23,
    "segment_length_m": 1890.5509,
    "snap_dist_m": 5.5,
    "stream_order": 3,
    "superfund_score": 0.0,
    "tourism_amenity_density": 1.5915,
    "tri_facility_density": 0.0,
    "usgs_mean_q_cfs": 8.492,
    "velocity_feasibility": 0.7,
    "water_intake_score": 0.0
   },
   "type": "Feature"
  },
  {
   "geometry": {
    "coordinates": [
     -77.910709,
     35.396569
    ],
    "type": "Point"
   },
   "properties": {
    "accumulation": 36387.0,
    "bank_slope_deg": 3.25,
    "bank_slope_score": 1.0,
    "beach_dist_km": 132.4,
    "bridge_proximity_bonus": 0.0,
    "catchment_area_km2": 3.6349,
    "channel_width_m": 3.55,
    "channel_width_score": 1.0,
    "composite_score": 33.1085,
    "cso_density": 0.0,
    "dem_lat": 35.396606,
    "dem_lon": -77.910695,
    "ej_index": 0.4016,
    "elevation_m": 33.5333,
    "estuary_dist_km": 173.35,
    "feasibility_score": 66.2338,
    "flood_q10_cfs": null,
    "flow_score": 22.0801,
    "flow_velocity_ms": 0.0515,
    "generation_score": 18.1758,
    "impact_score": 40.669,
    "impervious_pct": 7.26,
    "land_ownership": 0.5,
    "lat": 35.3966,
    "litter_complaint_density": 0.0,
    "lon": -77.9107,
    "npdes_points": 0,
    "pixel_col": 1547.0,
    "pixel_row": 790.0,
    "population_density": 291.7,
    "position_along": 0.25,
    "protected_area_score": 0.0,
    "rank": 62,
    "river_name": "Old Mill Branch",
    "road_access_m": 161.8,
    "road_access_score": 1.0,
    "road_density_km_km2": 5.337,
    "robustness_pct": 0.0,
    "runoff_coeff_C": 0.1153,
    "seasonal_cv": 0.4386,
    "segment_id": 31,
    "segment_length_m": 3996.0857,
    "snap_dist_m": 4.3,
    "stream_order": 3,
    "superfund_score": 0.0,
    "tourism_amenity_density": 0.2387,
    "tri_facility_density": 0.0,
    "usgs_mean_q_cfs": 2.731,
    "velocity_feasibility": 0.7,
    "water_intake_score": 0.0
   },
   "type": "Feature"
  },
  {
   "geometry": {
    "coordinates": [
     -78.0208,
     35.33208
    ],
    "type": "Point"
   },
   "properties": {
    "accumulation": 97757.0,
    "bank_slope_deg": 0.79,
    "bank_slope_score": 1.0,
    "beach_dist_km": 126.54,
    "bridge_proximity_bonus": 0.0,
    "catchment_area_km2": 9.7654,
    "channel_width_m": 5.08,
    "channel_width_score": 1.0,
    "composite_score": 33.0236,
    "cso_density": 0.0,
    "dem_lat": 35.332063,
    "dem_lon": -78.02094,
    "ej_index": 0.7189,
    "elevation_m": 18.3731,
    "estuary_dist_km": 181.83,
    "feasibility_score": 53.2468,
    "flood_q10_cfs": null,
    "flow_score": 15.4258,
    "flow_velocity_ms": 0.1767,
    "generation_score": 21.0725,
    "impact_score": 49.5281,
    "impervious_pct": 5.36,
    "land_ownership": 0.5,
    "lat": 35.3321,
    "litter_complaint_density": 0.0,
    "lon": -78.0209,
    "npdes_points": 3,
    "pixel_col": 523.0,
    "pixel_row": 1472.0,
    "population_density": 110.7,
    "position_along": 0.8333,
    "protected_area_score": 0.0,
    "rank": 63,
    "river_name": "Poplar Branch",
    "road_access_m": 274.6,
    "road_access_score": 0.8,
    "road_density_km_km2": 2.4,
    "robustness_pct": 0.0,
    "runoff_coeff_C": 0.0982,
    "seasonal_cv": 0.4264,
    "segment_id": 69,
    "segment_length_m": 5660.9686,
    "snap_dist_m": 12.8,
    "stream_order": 1,
    "superfund_score": 0.0,
    "tourism_amenity_density": 0.557,
    "tri_facility_density": 0.2048,
    "usgs_mean_q_cfs": 6.461,
    "velocity_feasibility": 0.7,
    "water_intake_score": 0.0
   },
   "type": "Feature"
  },
  {
   "geometry": {
    "coordinates": [
     -77.913283,
     35.336738
    ],
    "type": "Point"
   },
   "properties": {
    "accumulation": 47585.0,
    "bank_slope_deg": 0.71,
    "bank_slope_score": 1.0,
    "beach_dist_km": 125.79,
    "bridge_proximity_bonus": 0.0,
    "catchment_area_km2": 4.7535,
    "channel_width_m": 3.91,
    "channel_width_score": 1.0,
    "composite_score": 32.6509,
    "cso_density": 0.0,
    "ej_index": 0.3454,
    "elevation_m": 28.6554,
    "estuary_dist_km": 172.29,
    "feasibility_score": 53.2468,
    "flood_q10_cfs": null,
    "flow_score": 22.9765,
    "flow_velocity_ms": 0.0829,
    "generation_score": 16.5829,
    "impact_score": 46.4828,
    "impervious_pct": 8.71,
    "land_ownership": 0.5,
    "lat": 35.3367,
    "litter_complaint_density": 0.0,
    "lon": -77.9133,
    "npdes_points": 2,
    "pixel_col": 1504.0,
    "pixel_row": 1453.0,
    "population_density": 148.1,
    "position_along": 0.5,
    "protected_area_score": 0.0,
    "rank": 64,
    "river_name": "Walnut Creek",
    "road_access_m": 372.8,
    "road_access_score": 0.8,
    "road_density_km_km2": 2.907,
    "robustness_pct": 0.0,
    "runoff_coeff_C": 0.1284,
    "seasonal_cv": 0.4499,
    "segment_id": 58,
    "segment_length_m": 1692.4926,
    "stream_order": 3,
    "superfund_score": 0.0,
    "tourism_amenity_density": 0.0,
    "tri_facility_density": 0.0,
    "usgs_mean_q_cfs": 2.179,
    "velocity_feasibility": 0.7,
    "water_intake_score": 0.0
   },
   "type": "Feature"
  },
  {
   "geometry": {
    "coordinates": [
     -78.034734,
     35.30968
    ],
    "type": "Point"
   },
   "properties": {
    "accumulation": 51325.0,
    "bank_slope_deg": 2.16,
    "bank_slope_score": 1.0,
    "beach_dist_km": 124.32,
    "bridge_proximity_bonus": 0.0,
    "catchment_area_km2": 5.1271,
    "channel_width_m": 4.02,
    "channel_width_score": 1.0,
    "composite_score": 32.2448,
    "cso_density": 0.0,
    "dem_lat": 35.309908,
    "dem_lon": -78.034092,
    "ej_index": 0.8087,
    "elevation_m": 30.5746,
    "estuary_dist_km": 182.62,
    "feasibility_score": 66.2338,
    "flood_q10_cfs": null,
    "flow_score": 9.4412,
    "flow_velocity_ms": 0.1582,
    "generation_score": 13.3169,
    "impact_score": 53.1812,
    "impervious_pct": 6.46,
    "land_ownership": 0.5,
    "lat": 35.3099,
    "litter_complaint_density": 0.0,
    "lon": -78.0341,
    "npdes_points": 1,
    "pixel_col": 392.0,
    "pixel_row": 1717.0,
    "population_density": 160.8,
    "position_along": 0.1667,
    "protected_area_score": 0.0,
    "rank": 65,
    "river_name": "Poplar Branch",
    "road_access_m": 117.8,
    "road_access_score": 1.0,
    "road_density_km_km2": 2.909,
    "robustness_pct": 0.0,
    "runoff_coeff_C": 0.1081,
    "seasonal_cv": 0.4404,
    "segment_id": 69,
    "segment_length_m": 5660.9686,
    "snap_dist_m": 63.6,
    "stream_order": 1,
    "superfund_score": 0.0,
    "tourism_amenity_density": 0.0796,
    "tri_facility_density": 0.0,
    "usgs_mean_q_cfs": 2.799,
    "velocity_feasibility": 0.7,
    "water_intake_score": 0.0
   },
   "type": "Feature"
  },
  {
   "geometry": {
    "coordinates": [
     -77.872896,
     35.310798
    ],
    "type": "Point"
   },
   "properties": {
    "accumulation": 46055.0,
    "bank_slope_deg": 0.02,
    "bank_slope_score": 1.0,
    "beach_dist_km": 122.56,
    "bridge_proximity_bonus": 0.0,
    "catchment_area_km2": 4.6007,
    "channel_width_m": 3.86,
    "channel_width_score": 1.0,
    "composite_score": 32.2096,
    "cso_density": 0.0,
    "dem_lat": 35.310098,
    "dem_lon": -77.873387,
    "ej_index": 0.1687,
    "elevation_m": 22.6423,
    "estuary_dist_km": 168.22,
    "feasibility_score": 40.2597,
    "flood_q10_cfs": null,
    "flow_score": 34.0861,
    "flow_velocity_ms": 0.0981,
    "generation_score": 10.2732,
    "impact_score": 48.5571,
    "impervious_pct": 3.96,
    "land_ownership": 0.5,
    "lat": 35.3101,
    "litter_complaint_density": 0.0,
    "lon": -77.8734,
    "npdes_points": 0,
    "pixel_col": 1858.0,
    "pixel_row": 1760.0,
    "population_density": 164.9,
    "position_along": 0.5,
    "protected_area_score": 0.0,
    "rank": 66,
    "river_name": "Walnut Creek",
    "road_access_m": 503.1,
    "road_access_score": 0.6,
    "road_density_km_km2": 3.557,
    "robustness_pct": 0.0,
    "runoff_coeff_C": 0.0856,
    "seasonal_cv": 0.4319,
    "segment_id": 65,
    "segment_length_m": 1286.2592,
    "snap_dist_m": 89.6,
    "stream_order": 3,
    "superfund_score": 0.0,
    "tourism_amenity_density": 0.0796,
    "tri_facility_density": 0.0,
    "usgs_mean_q_cfs": 17.02,
    "velocity_feasibility": 0.7,
    "water_intake_score": 0.0
   },
   "type": "Feature"
  },
  {
   "geometry": {
    "coordinates": [
     -77.949143,
     35.425355
    ],
    "type": "Point"
   },
   "properties": {
    "accumulation": 132864.0,
    "bank_slope_deg": 0.21,
    "bank_slope_score": 1.0,
    "beach_dist_km": 135.93,
    "bridge_proximity_bonus": 0.0,
    "catchment_area_km2": 13.2725,
    "channel_width_m": 5.68,
    "channel_width_score": 1.0,
    "composite_score": 32.0838,
    "cso_density": 0.0,
    "dem_lat": 35.425411,
    "dem_lon": -77.949401,
    "ej_index": 0.4645,
    "elevation_m": 29.0701,
    "estuary_dist_km": 177.48,
    "feasibility_score": 53.2468,
    "flood_q10_cfs": null,
    "flow_score": 33.3754,
    "flow_velocity_ms": 0.1179,
    "generation_score": 18.0819,
    "impact_score": 34.4277,
    "impervious_pct": 5.37,
    "land_ownership": 0.5,
    "lat": 35.4254,
    "litter_complaint_density": 0.0,
    "lon": -77.9494,
    "npdes_points": 3,
    "pixel_col": 1203.0,
    "pixel_row": 460.0,
    "population_density": 164.0,
    "position_along": 0.5,
    "protected_area_score": 0.0,
    "rank": 67,
    "river_name": "Stoney Creek",
    "road_access_m": 375.9,
    "road_access_score": 0.8,
    "road_density_km_km2": 3.878,
    "robustness_pct": 0.0,
    "runoff_coeff_C": 0.0983,
    "seasonal_cv": 0.4203,
    "segment_id": 14,
    "segment_length_m": 1589.4096,
    "snap_dist_m": 24.3,
    "stream_order": 3,
    "superfund_score": 0.0,
    "tourism_amenity_density": 0.3979,
    "tri_facility_density": 0.0,
    "usgs_mean_q_cfs": 8.492,
    "velocity_feasibility": 0.7,
    "water_intake_score": 0.0
   },
   "type": "Feature"
  },
  {
   "geometry": {
    "coordinates": [
     -77.93697,
     35.407541
    ],
    "type": "Point"
   },
   "properties": {
    "accumulation": 70671.0,
    "bank_slope_deg": 0.42,
    "bank_slope_score": 1.0,
    "beach_dist_km": 133.83,
    "bridge_proximity_bonus": 0.0,
    "catchment_area_km2": 7.0597,
    "channel_width_m": 4.51,
    "channel_width_score": 1.0,
    "composite_score": 31.9166,
    "cso_density": 0.0,
    "dem_lat": 35.407541,
    "dem_lon": -77.936976,
    "ej_index": 0.4427,
    "elevation_m": 29.5814,
    "estuary_dist_km": 175.94,
    "feasibility_score": 53.2468,
    "flood_q10_cfs": null,
    "flow_score": 25.8634,
    "flow_velocity_ms": 0.06,
    "generation_score": 19.7422,
    "impact_score": 38.4701,
    "impervious_pct": 4.92,
    "land_ownership": 0.5,
    "lat": 35.4075,
    "litter_complaint_density": 0.0,
    "lon": -77.937,
    "npdes_points": 2,
    "pixel_col": 1310.0,
    "pixel_row": 661.0,
    "population_density": 310.3,
    "position_along": 0.5,
    "protected_area_score": 0.0,
    "rank": 68,
    "river_name": "Reedy Branch",
    "road_access_m": 244.1,
    "road_access_score": 0.8,
    "road_density_km_km2": 3.474,
    "robustness_pct": 0.0,
    "runoff_coeff_C": 0.0943,
    "seasonal_cv": 0.4229,
    "segment_id": 18,
    "segment_length_m": 5993.6872,
    "snap_dist_m": 0.5,
    "stream_order": 3,
    "superfund_score": 0.0,
    "tourism_amenity_density": 0.6366,
    "tri_facility_density": 0.0,
    "usgs_mean_q_cfs": 5.064,
    "velocity_feasibility": 0.7,
    "water_intake_score": 0.0
   },
   "type": "Feature"
  },
  {
   "geometry": {
    "coordinates": [
     -78.00673,
     35.332366
    ],
    "type": "Point"
   },
   "properties": {
    "accumulation": 106258.0,
    "bank_slope_deg": 1.23,
    "bank_slope_score": 1.0,
    "beach_dist_km": 126.39,
    "bridge_proximity_bonus": 0.0,
    "catchment_area_km2": 10.6147,
    "channel_width_m": 5.23,
    "channel_width_score": 1.0,
    "composite_score": 31.7096,
    "cso_density": 0.0,
    "dem_lat": 35.332557,
    "dem_lon": -78.007039,
    "ej_index": 0.7983,
    "elevation_m": 16.0769,
    "estuary_dist_km": 180.59,
    "feasibility_score": 40.2597,
    "flood_q10_cfs": null,
    "flow_score": 33.5477,
    "flow_velocity_ms": 0.1838,
    "generation_score": 4.7653,
    "impact_score": 52.8472,
    "impervious_pct": 2.93,
    "land_ownership": 0.5,
    "lat": 35.3326,
    "litter_complaint_density": 0.0,
    "lon": -78.007,
    "npdes_points": 0,
    "pixel_col": 649.0,
    "pixel_row": 1474.0,
    "population_density": 81.2,
    "position_along": 0.875,
    "protected_area_score": 0.0,
    "rank": 69,
    "river_name": "Carraway Creek",
    "road_access_m": 848.4,
    "road_access_score": 0.6,
    "road_density_km_km2": 1.354,
    "robustness_pct": 0.0,
    "runoff_coeff_C": 0.0764,
    "seasonal_cv": 0.4292,
    "segment_id": 73,
    "segment_length_m": 6878.908,
    "snap_dist_m": 35.2,
    "stream_order": 3,
    "superfund_score": 0.0,
    "tourism_amenity_density": 0.0,
    "tri_facility_density": 0.0,
    "usgs_mean_q_cfs": 8.596,
    "velocity_feasibility": 0.7,
    "water_intake_score": 0.0
   },
   "type": "Feature"
  },
  {
   "geometry": {
    "coordinates": [
     -77.904194,
     35.339487
    ],
    "type": "Point"
   },
   "properties": {
    "accumulation": 62548.0,
    "bank_slope_deg": 1.61,
    "bank_slope_score": 1.0,
    "beach_dist_km": 126.03,
    "bridge_proximity_bonus": 0.0,
    "catchment_area_km2": 6.2482,
    "channel_width_m": 4.32,
    "channel_width_score": 1.0,
    "composite_score": 31.5812,
    "cso_density": 0.0,
    "dem_lat": 35.339528,
    "dem_lon": -77.904387,
    "ej_index": 0.2721,
    "elevation_m": 27.1933,
    "estuary_dist_km": 171.55,
    "feasibility_score": 53.2468,
    "flood_q10_cfs": null,
    "flow_score": 28.435,
    "flow_velocity_ms": 0.1077,
    "generation_score": 10.6299,
    "impact_score": 44.3215,
    "impervious_pct": 2.96,
    "land_ownership": 0.5,
    "lat": 35.3395,
    "litter_complaint_density": 0.0,
    "lon": -77.9044,
    "npdes_points": 1,
    "pixel_col": 1584.0,
    "pixel_row": 1425.0,
    "population_density": 139.1,
    "position_along": 0.8333,
    "protected_area_score": 0.0,
    "rank": 70,
    "river_name": "Walnut Creek",
    "road_access_m": 257.6,
    "road_access_score": 0.8,
    "road_density_km_km2": 3.176,
    "robustness_pct": 0.0,
    "runoff_coeff_C": 0.0766,
    "seasonal_cv": 0.4291,
    "segment_id": 46,
    "segment_length_m": 5307.1846,
    "snap_dist_m": 18.1,
    "stream_order": 3,
    "superfund_score": 0.0,
    "tourism_amenity_density": 0.0,
    "tri_facility_density": 0.0,
    "usgs_mean_q_cfs": 8.041,
    "velocity_feasibility": 0.7,
    "water_intake_score": 0.0
   },
   "type": "Feature"
  },
  {
   "geometry": {
    "coordinates": [
     -77.883016,
     35.406059
    ],
    "type": "Point"
   },
   "properties": {
    "accumulation": 70837.0,
    "bank_slope_deg": 2.74,
    "bank_slope_score": 1.0,
    "beach_dist_km": 133.27,
    "bridge_proximity_bonus": 0.2,
    "catchment_area_km2": 7.0763,
    "channel_width_m": 4.52,
    "channel_width_score": 1.0,
    "composite_score": 31.141,
    "cso_density": 0.0,
    "dem_lat": 35.406055,
    "dem_lon": -77.883008,
    "ej_index": 0.4688,
    "elevation_m": 29.2479,
    "estuary_dist_km": 171.13,
    "feasibility_score": 58.4416,
    "flood_q10_cfs": null,
    "flow_score": 28.2675,
    "flow_velocity_ms": 0.1177,
    "generation_score": 6.1352,
    "impact_score": 44.8912,
    "impervious_pct": 2.27,
    "land_ownership": 0.5,
    "lat": 35.4061,
    "litter_complaint_density": 0.0,
    "lon": -77.883,
    "npdes_points": 0,
    "pixel_col": 1799.0,
    "pixel_row": 692.0,
    "population_density": 72.5,
    "position_along": 0.75,
    "protected_area_score": 0.0,
    "rank": 71,
    "river_name": "Bear Creek",
    "road_access_m": 512.5,
    "road_access_score": 0.6,
    "road_density_km_km2": 3.402,
    "robustness_pct": 0.0,
    "runoff_coeff_C": 0.0704,
    "seasonal_cv": 0.4205,
    "segment_id": 22,
    "segment_length_m": 3094.1327,
    "snap_dist_m": 0.9,
    "stream_order": 3,
    "superfund_score": 0.0,
    "tourism_amenity_density": 0.1592,
    "tri_facility_density": 0.0,
    "usgs_mean_q_cfs": 6.705,
    "velocity_feasibility": 0.7,
    "water_intake_score": 0.0
   },
   "type": "Feature"
  },
  {
   "geometry": {
    "coordinates": [
     -77.943337,
     35.325582
    ],
    "type": "Point"
   },
   "properties": {
    "accumulation": 24280.0,
    "bank_slope_deg": 1.25,
    "bank_slope_score": 1.0,
    "beach_dist_km": 124.84,
    "bridge_proximity_bonus": 0.0,
    "catchment_area_km2": 2.4255,
    "channel_width_m": 3.06,
    "channel_width_score": 1.0,
    "composite_score": 30.9422,
    "cso_density": 0.0,
    "dem_lat": 35.325664,
    "dem_lon": -77.943383,
    "ej_index": 0.441,
    "elevation_m": 19.5209,
    "estuary_dist_km": 174.77,
    "feasibility_score": 53.2468,
    "flood_q10_cfs": null,
    "flow_score": 20.5746,
    "flow_velocity_ms": 0.0701,
    "generation_score": 10.4354,
    "impact_score": 48.9365,
    "impervious_pct": 4.97,
    "land_ownership": 0.5,
    "lat": 35.3257,
    "litter_complaint_density": 0.0,
    "lon": -77.9434,
    "npdes_points": 0,
    "pixel_col": 1222.0,
    "pixel_row": 1567.0,
    "population_density": 136.4,
    "position_along": 0.5,
    "protected_area_score": 0.0,
    "rank": 72,
    "river_name": "Fellows Branch",
    "road_access_m": 304.2,
    "road_access_score": 0.8,
    "road_density_km_km2": 3.945,
    "robustness_pct": 0.0,
    "runoff_coeff_C": 0.0947,
    "seasonal_cv": 0.4503,
    "segment_id": 61,
    "segment_length_m": 1873.1084,
    "snap_dist_m": 10.1,
    "stream_order": 3,
    "superfund_score": 0.0,
    "tourism_amenity_density": 0.3183,
    "tri_facility_density": 0.0,
    "usgs_mean_q_cfs": 1.84,
    "velocity_feasibility": 0.7,
    "water_intake_score": 0.0
   },
   "type": "Feature"
  },
  {
   "geometry": {
    "coordinates": [
     -77.995729,
     35.348005
    ],
    "type": "Point"
   },
   "properties": {
    "accumulation": 27313.0,
    "bank_slope_deg": 1.16,
    "bank_slope_score": 1.0,
    "beach_dist_km": 127.93,
    "bridge_proximity_bonus": 0.0,
    "catchment_area_km2": 2.7284,
    "channel_width_m": 3.2,
    "channel_width_score": 1.0,
    "composite_score": 30.9059,
    "cso_density": 0.0,
    "ej_index": 0.9218,
    "elevation_m": 20.0587,
    "estuary_dist_km": 179.87,
    "feasibility_score": 19.4805,
    "flood_q10_cfs": null,
    "flow_score": 21.4493,
    "flow_velocity_ms": 0.0484,
    "generation_score": 15.423,
    "impact_score": 59.9819,
    "impervious_pct": 15.2,
    "land_ownership": 0.5,
    "lat": 35.348,
    "litter_complaint_density": 0.0,
    "lon": -77.9957,
    "npdes_points": 1,
    "pixel_col": 756.0,
    "pixel_row": 1306.0,
    "population_density": 107.3,
    "position_along": 0.5,
    "protected_area_score": 0.0,
    "rank": 73,
    "river_name": "Stoney Creek",
    "road_access_m": 894.4,
    "road_access_score": 0.6,
    "road_density_km_km2": 1.009,
    "robustness_pct": 0.0,
    "runoff_coeff_C": 0.1868,
    "seasonal_cv": 0.4494,
    "segment_id": 51,
    "segment_length_m": 1593.5495,
    "stream_order": 3,
    "superfund_score": 0.0,
    "tourism_amenity_density": 1.1937,
    "tri_facility_density": 0.0,
    "usgs_mean_q_cfs": 1.331,
    "velocity_feasibility": 0.3,
    "water_intake_score": 0.0
   },
   "type": "Feature"
  },
  {
   "geometry": {
    "coordinates": [
     -77.99275,
     35.297852
    ],
    "type": "Point"
   },
   "properties": {
    "accumulation": 31749.0,
    "bank_slope_deg": 0.85,
    "bank_slope_score": 1.0,
    "beach_dist_km": 122.37,
    "bridge_proximity_bonus": 0.0,
    "catchment_area_km2": 3.1716,
    "channel_width_m": 3.38,
    "channel_width_score": 1.0,
    "composite_score": 30.8929,
    "cso_density": 0.0,
    "dem_lat": 35.29782,
    "dem_lon": -77.992819,
    "ej_index": 0.741,
    "elevation_m": 28.4922,
    "estuary_dist_km": 178.72,
    "feasibility_score": 40.2597,
    "flood_q10_cfs": null,
    "flow_score": 25.7,
    "flow_velocity_ms": 0.1158,
    "generation_score": 4.0117,
    "impact_score": 57.4181,
    "impervious_pct": 2.9,
    "land_ownership": 0.5,
    "lat": 35.2978,
    "litter_complaint_density": 0.0,
    "lon": -77.9928,
    "npdes_points": 0,
    "pixel_col": 764.0,
    "pixel_row": 1860.0,
    "population_density": 69.2,
    "position_along": 0.125,
    "protected_area_score": 0.0,
    "rank": 74,
    "river_name": "Carraway Creek",
    "road_access_m": 798.8,
    "road_access_score": 0.6,
    "road_density_km_km2": 0.998,
    "robustness_pct": 0.0,
    "runoff_coeff_C": 0.0761,
    "seasonal_cv": 0.4314,
    "segment_id": 73,
    "segment_length_m": 6878.908,
    "snap_dist_m": 7.2,
    "stream_order": 3,
    "superfund_score": 0.0,
    "tourism_amenity_density": 0.0,
    "tri_facility_density": 0.0,
    "usgs_mean_q_cfs": 6.34,
    "velocity_feasibility": 0.7,
    "water_intake_score": 0.0
   },
   "type": "Feature"
  },
  {
   "geometry": {
    "coordinates": [
     -77.903147,
     35.350086
    ],
    "type": "Point"
   },
   "properties": {
    "accumulation": 52101.0,
    "bank_slope_deg": 1.1,
    "bank_slope_score": 1.0,
    "beach_dist_km": 127.19,
    "bridge_proximity_bonus": 0.0,
    "catchment_area_km2": 5.2046,
    "channel_width_m": 4.04,
    "channel_width_score": 1.0,
    "composite_score": 30.6511,
    "cso_density": 0.0,
    "dem_lat": 35.350062,
    "dem_lon": -77.90323,
    "ej_index": 0.369,
    "elevation_m": 30.36,
    "estuary_dist_km": 171.66,
    "feasibility_score": 53.2468,
    "flood_q10_cfs": null,
    "flow_score": 24.3865,
    "flow_velocity_ms": 0.1129,
    "generation_score": 8.579,
    "impact_score": 46.6457,
    "impervious_pct": 4.9,
    "land_ownership": 0.5,
    "lat": 35.3501,
    "litter_complaint_density": 0.0,
    "lon": -77.9032,
    "npdes_points": 0,
    "pixel_col": 1598.0,
    "pixel_row": 1308.0,
    "population_density": 107.7,
    "position_along": 0.5,
    "protected_area_score": 0.0,
    "rank": 75,
    "river_name": "Walnut Creek",
    "road_access_m": 218.5,
    "road_access_score": 0.8,
    "road_density_km_km2": 3.039,
    "robustness_pct": 0.0,
    "runoff_coeff_C": 0.0941,
    "seasonal_cv": 0.4405,
    "segment_id": 46,
    "segment_length_m": 5307.1846,
    "snap_dist_m": 8.0,
    "stream_order": 3,
    "superfund_score": 0.0,
    "tourism_amenity_density": 0.0,
    "tri_facility_density": 0.0,
    "usgs_mean_q_cfs": 3.136,
    "velocity_feasibility": 0.7,
    "water_intake_score": 0.0
   },
   "type": "Feature"
  },
  {
   "geometry": {
    "coordinates": [
     -77.870198,
     35.460106
    ],
    "type": "Point"
   },
   "properties": {
    "accumulation": 98829.0,
    "bank_slope_deg": 1.68,
    "bank_slope_score": 1.0,
    "beach_dist_km": 139.2,
    "bridge_proximity_bonus": 0.0,
    "catchment_area_km2": 9.8725,
    "channel_width_m": 5.1,
    "channel_width_score": 1.0,
    "composite_score": 30.2324,
    "cso_density": 0.0,
    "dem_lat": 35.460094,
    "dem_lon": -77.870182,
    "ej_index": 0.3513,
    "elevation_m": 23.6551,
    "estuary_dist_km": 171.45,
    "feasibility_score": 66.2338,
    "flood_q10_cfs": null,
    "flow_score": 30.9274,
    "flow_velocity_ms": 0.1715,
    "generation_score": 8.8834,
    "impact_score": 33.0017,
    "impervious_pct": 3.13,
    "land_ownership": 0.5,
    "lat": 35.4601,
    "litter_complaint_density": 0.0,
    "lon": -77.8702,
    "npdes_points": 0,
    "pixel_col": 1936.0,
    "pixel_row": 92.0,
    "population_density": 191.2,
    "position_along": 0.5,
    "protected_area_score": 0.0,
    "rank": 76,
    "river_name": "Exum Mill Branch",
    "road_access_m": 174.7,
    "road_access_score": 1.0,
    "road_density_km_km2": 1.907,
    "robustness_pct": 0.0,
    "runoff_coeff_C": 0.0782,
    "seasonal_cv": 0.4158,
    "segment_id": 7,
    "segment_length_m": 859.6707,
    "snap_dist_m": 2.0,
    "stream_order": 3,
    "superfund_score": 0.0,
    "tourism_amenity_density": 0.0,
    "tri_facility_density": 0.0,
    "usgs_mean_q_cfs": 5.69,
    "velocity_feasibility": 0.7,
    "water_intake_score": 0.0
   },
   "type": "Feature"
  },
  {
   "geometry": {
    "coordinates": [
     -77.926049,
     35.420536
    ],
    "type": "Point"
   },
   "properties": {
    "accumulation": 49266.0,
    "bank_slope_deg": 0.62,
    "bank_slope_score": 1.0,
    "beach_dist_km": 135.17,
    "bridge_proximity_bonus": 0.0,
    "catchment_area_km2": 4.9214,
    "channel_width_m": 3.96,
    "channel_width_score": 1.0,
    "composite_score": 30.0238,
    "cso_density": 0.0,
    "dem_lat": 35.420471,
    "dem_lon": -77.92592,
    "ej_index": 0.4117,
    "elevation_m": 32.1965,
    "estuary_dist_km": 175.28,
    "feasibility_score": 66.2338,
    "flood_q10_cfs": null,
    "flow_score": 26.774,
    "flow_velocity_ms": 0.1352,
    "generation_score": 9.7048,
    "impact_score": 34.9459,
    "impervious_pct": 4.92,
    "land_ownership": 0.5,
    "lat": 35.4205,
    "litter_complaint_density": 0.0,
    "lon": -77.9259,
    "npdes_points": 0,
    "pixel_col": 1413.0,
    "pixel_row": 521.0,
    "population_density": 115.4,
    "position_along": 0.1667,
    "protected_area_score": 0.0,
    "rank": 77,
    "river_name": "Reedy Branch",
    "road_access_m": 140.5,
    "road_access_score": 1.0,
    "road_density_km_km2": 3.902,
    "robustness_pct": 0.0,
    "runoff_coeff_C": 0.0943,
    "seasonal_cv": 0.4229,
    "segment_id": 18,
    "segment_length_m": 5993.6872,
    "snap_dist_m": 13.8,
    "stream_order": 3,
    "superfund_score": 0.0,
    "tourism_amenity_density": 0.0,
    "tri_facility_density": 0.0,
    "usgs_mean_q_cfs": 5.064,
    "velocity_feasibility": 0.7,
    "water_intake_score": 0.0
   },
   "type": "Feature"
  },
  {
   "geometry": {
    "coordinates": [
     -78.05347,
     35.340912
    ],
    "type": "Point"
   },
   "properties": {
    "accumulation": 35678.0,
    "bank_slope_deg": 3.27,
    "bank_slope_score": 1.0,
    "beach_dist_km": 128.03,
    "bridge_proximity_bonus": 0.0,
    "catchment_area_km2": 3.5641,
    "channel_width_m": 3.52,
    "channel_width_score": 1.0,
    "composite_score": 29.6975,
    "cso_density": 0.0,
    "ej_index": 0.6072,
    "elevation_m": 23.3199,
    "estuary_dist_km": 184.9,
    "feasibility_score": 66.2338,
    "flood_q10_cfs": null,
    "flow_score": 24.4463,
    "flow_velocity_ms": 0.1467,
    "generation_score": 7.2672,
    "impact_score": 38.2355,
    "impervious_pct": 4.44,
    "land_ownership": 0.5,
    "lat": 35.3409,
    "litter_complaint_density": 0.0,
    "lon": -78.0535,
    "npdes_points": 0,
    "pixel_col": 227.0,
    "pixel_row": 1365.0,
    "population_density": 84.9,
    "position_along": 0.1667,
    "protected_area_score": 0.0,
    "rank": 78,
    "river_name": null,
    "road_access_m": 91.3,
    "road_access_score": 1.0,
    "road_density_km_km2": 2.741,
    "robustness_pct": 0.0,
    "runoff_coeff_C": 0.09,
    "seasonal_cv": 0.4339,
    "segment_id": 56,
    "segment_length_m": 5643.8708,
    "stream_order": 3,
    "superfund_score": 0.0,
    "tourism_amenity_density": 0.0,
    "tri_facility_density": 0.0,
    "usgs_mean_q_cfs": 2.897,
    "velocity_feasibility": 0.7,
    "water_intake_score": 0.0
   },
   "type": "Feature"
  },
  {
   "geometry": {
    "coordinates": [
     -78.036375,
     35.372699
    ],
    "type": "Point"
   },
   "properties": {
    "accumulation": 20171.0,
    "bank_slope_deg": 0.01,
    "bank_slope_score": 1.0,
    "beach_dist_km": 131.23,
    "bridge_proximity_bonus": 0.0,
    "catchment_area_km2": 2.015,
    "channel_width_m": 2.86,
    "channel_width_score": 1.0,
    "composite_score": 29.4196,
    "cso_density": 0.0,
    "dem_lat": 35.3727,
    "dem_lon": -78.036377,
    "ej_index": 0.7619,
    "elevation_m": 16.3967,
    "estuary_dist_km": 183.99,
    "feasibility_score": 55.8442,
    "flood_q10_cfs": null,
    "flow_score": 30.2326,
    "flow_velocity_ms": 0.5,
    "generation_score": 0.3845,
    "impact_score": 44.5649,
    "impervious_pct": null,
    "land_ownership": 0.5,
    "lat": 35.3727,
    "litter_complaint_density": 0.0,
    "lon": -78.0364,
    "npdes_points": 0,
    "pixel_col": 396.0,
    "pixel_row": 1018.0,
    "population_density": 43.5,
    "position_along": 0.5,
    "protected_area_score": 0.0,
    "rank": 79,
    "river_name": "Neuse River",
    "road_access_m": 716.9,
    "road_access_score": 0.6,
    "road_density_km_km2": 0.072,
    "robustness_pct": 0.0,
    "runoff_coeff_C": null,
    "seasonal_cv": null,
    "segment_id": 43,
    "segment_length_m": 133.0672,
    "snap_dist_m": 0.2,
    "stream_order": 1,
    "superfund_score": 0.0,
    "tourism_amenity_density": 1.0345,
    "tri_facility_density": 0.0,
    "usgs_mean_q_cfs": null,
    "velocity_feasibility": 1.0,
    "water_intake_score": 0.0
   },
   "type": "Feature"
  },
  {
   "geometry": {
    "coordinates": [
     -78.005527,
     35.410058
    ],
    "type": "Point"
   },
   "properties": {
    "accumulation": 28930.0,
    "bank_slope_deg": 0.21,
    "bank_slope_score": 1.0,
    "beach_dist_km": 134.89,
    "bridge_proximity_bonus": 0.0,
    "catchment_area_km2": 2.89,
    "channel_width_m": 3.26,
    "channel_width_score": 1.0,
    "composite_score": 29.3358,
    "cso_density": 0.0,
    "dem_lat": 35.410098,
    "dem_lon": -78.005542,
    "ej_index": 0.435,
    "elevation_m": 20.2332,
    "estuary_dist_km": 182.07,
    "feasibility_score": 68.8312,
    "flood_q10_cfs": null,
    "flow_score": 30.6959,
    "flow_velocity_ms": 0.5,
    "generation_score": 5.1401,
    "impact_score": 32.6504,
    "impervious_pct": null,
    "land_ownership": 0.5,
    "lat": 35.4101,
    "litter_complaint_density": 0.0,
    "lon": -78.0055,
    "npdes_points": 0,
    "pixel_col": 685.0,
    "pixel_row": 611.0,
    "population_density": 90.3,
    "position_along": 0.5,
    "protected_area_score": 0.0,
    "rank": 80,
    "river_name": "Little River",
    "road_access_m": 304.8,
    "road_access_score": 0.8,
    "road_density_km_km2": 3.332,
    "robustness_pct": 0.0,
    "runoff_coeff_C": null,
    "seasonal_cv": null,
    "segment_id": 21,
    "segment_length_m": 2604.8564,
    "snap_dist_m": 4.6,
    "stream_order": 1,
    "superfund_score": 0.0,
    "tourism_amenity_density": 1.9099,
    "tri_facility_density": 0.0,
    "usgs_mean_q_cfs": null,
    "velocity_feasibility": 1.0,
    "water_intake_score": 0.0
   },
   "type": "Feature"
  },
  {
   "geometry": {
    "coordinates": [
     -77.891039,
     35.403481
    ],
    "type": "Point"
   },
   "properties": {
    "accumulation": 27121.0,
    "bank_slope_deg": 3.6,
    "bank_slope_score": 1.0,
    "beach_dist_km": 133.04,
    "bridge_proximity_bonus": 0.0,
    "catchment_area_km2": 2.7093,
    "channel_width_m": 3.19,
    "channel_width_score": 1.0,
    "composite_score": 29.1036,
    "cso_density": 0.0,
    "dem_lat": 35.403564,
    "dem_lon": -77.890916,
    "ej_index": 0.5301,
    "elevation_m": 30.2702,
    "estuary_dist_km": 171.77,
    "feasibility_score": 53.2468,
    "flood_q10_cfs": null,
    "flow_score": 21.4429,
    "flow_velocity_ms": 0.0946,
    "generation_score": 5.8154,
    "impact_score": 46.7043,
    "impervious_pct": 2.24,
    "land_ownership": 0.5,
    "lat": 35.4036,
    "litter_complaint_density": 0.0,
    "lon": -77.8909,
    "npdes_points": 0,
    "pixel_col": 1729.0,
    "pixel_row": 717.0,
    "population_density": 78.7,
    "position_along": 0.5,
    "protected_area_score": 0.0,
    "rank": 81,
    "river_name": "West Bear Creek",
    "road_access_m": 449.9,
    "road_access_score": 0.8,
    "road_density_km_km2": 2.914,
    "robustness_pct": 0.0,
    "runoff_coeff_C": 0.0702,
    "seasonal_cv": 0.4376,
    "segment_id": 26,
    "segment_length_m": 1038.9878,
    "snap_dist_m": 14.5,
    "stream_order": 3,
    "superfund_score": 0.0,
    "tourism_amenity_density": 0.1592,
    "tri_facility_density": 0.0,
    "usgs_mean_q_cfs": 2.098,
    "velocity_feasibility": 0.7,
    "water_intake_score": 0.0
   },
   "type": "Feature"
  },
  {
   "geometry": {
    "coordinates": [
     -77.953345,
     35.322377
    ],
    "type": "Point"
   },
   "properties": {
    "accumulation": 46921.0,
    "bank_slope_deg": 2.93,
    "bank_slope_score": 1.0,
    "beach_dist_km": 124.59,
    "bridge_proximity_bonus": 0.0,
    "catchment_area_km2": 4.6872,
    "channel_width_m": 3.89,
    "channel_width_score": 1.0,
    "composite_score": 29.0394,
    "cso_density": 0.0,
    "ej_index": 0.4982,
    "elevation_m": 16.1597,
    "estuary_dist_km": 175.6,
    "feasibility_score": 40.2597,
    "flood_q10_cfs": null,
    "flow_score": 24.1068,
    "flow_velocity_ms": 0.1361,
    "generation_score": 6.2052,
    "impact_score": 50.374,
    "impervious_pct": 3.28,
    "land_ownership": 0.5,
    "lat": 35.3224,
    "litter_complaint_density": 0.0,
    "lon": -77.9533,
    "npdes_points": 0,
    "pixel_col": 1134.0,
    "pixel_row": 1602.0,
    "population_density": 110.9,
    "position_along": 0.5,
    "protected_area_score": 0.0,
    "rank": 82,
    "river_name": "Neuse River",
    "road_access_m": 645.5,
    "road_access_score": 0.6,
    "road_density_km_km2": 1.637,
    "robustness_pct": 0.0,
    "runoff_coeff_C": 0.0795,
    "seasonal_cv": 0.4382,
    "segment_id": 60,
    "segment_length_m": 1660.6716,
    "stream_order": 3,
    "superfund_score": 0.0,
    "tourism_amenity_density": 0.3183,
    "tri_facility_density": 0.0,
    "usgs_mean_q_cfs": 2.472,
    "velocity_feasibility": 0.7,
    "water_intake_score": 0.0
   },
   "type": "Feature"
  },
  {
   "geometry": {
    "coordinates": [
     -77.922706,
     35.303239
    ],
    "type": "Point"
   },
   "properties": {
    "accumulation": 56836.0,
    "bank_slope_deg": 1.24,
    "bank_slope_score": 1.0,
    "beach_dist_km": 122.17,
    "bridge_proximity_bonus": 0.0,
    "catchment_area_km2": 5.6776,
    "channel_width_m": 4.17,
    "channel_width_score": 1.0,
    "composite_score": 28.7591,
    "cso_density": 0.0,
    "ej_index": 0.5507,
    "elevation_m": 19.1411,
    "estuary_dist_km": 172.52,
    "feasibility_score": 53.2468,
    "flood_q10_cfs": null,
    "flow_score": 8.7642,
    "flow_velocity_ms": 0.1343,
    "generation_score": 3.8332,
    "impact_score": 58.1036,
    "impervious_pct": 2.59,
    "land_ownership": 0.5,
    "lat": 35.3032,
    "litter_complaint_density": 0.0,
    "lon": -77.9227,
    "npdes_points": 0,
    "pixel_col": 1404.0,
    "pixel_row": 1823.0,
    "population_density": 51.2,
    "position_along": 0.5,
    "protected_area_score": 0.0,
    "rank": 83,
    "river_name": null,
    "road_access_m": 208.5,
    "road_access_score": 0.8,
    "road_density_km_km2": 1.576,
    "robustness_pct": 0.0,
    "runoff_coeff_C": 0.0733,
    "seasonal_cv": 0.4346,
    "segment_id": 71,
    "segment_length_m": 2955.5049,
    "stream_order": 1,
    "superfund_score": 0.0,
    "tourism_amenity_density": 0.0,
    "tri_facility_density": 0.0,
    "usgs_mean_q_cfs": 3.121,
    "velocity_feasibility": 0.7,
    "water_intake_score": 0.0
   },
   "type": "Feature"
  },
  {
   "geometry": {
    "coordinates": [
     -77.996413,
     35.310636
    ],
    "type": "Point"
   },
   "properties": {
    "accumulation": 64097.0,
    "bank_slope_deg": 1.09,
    "bank_slope_score": 1.0,
    "beach_dist_km": 123.83,
    "bridge_proximity_bonus": 0.0,
    "catchment_area_km2": 6.403,
    "channel_width_m": 4.36,
    "channel_width_score": 1.0,
    "composite_score": 28.6869,
    "cso_density": 0.0,
    "dem_lat": 35.310589,
    "dem_lon": -77.996545,
    "ej_index": 0.7282,
    "elevation_m": 24.2295,
    "estuary_dist_km": 179.26,
    "feasibility_score": 20.7792,
    "flood_q10_cfs": null,
    "flow_score": 26.5649,
    "flow_velocity_ms": 0.0849,
    "generation_score": 8.4601,
    "impact_score": 54.636,
    "impervious_pct": 2.9,
    "land_ownership": 0.5,
    "lat": 35.3106,
    "litter_complaint_density": 0.0,
    "lon": -77.9965,
    "npdes_points": 0,
    "pixel_col": 735.0,
    "pixel_row": 1717.0,
    "population_density": 62.2,
    "position_along": 0.375,
    "protected_area_score": 0.0,
    "rank": 84,
    "river_name": "Carraway Creek",
    "road_access_m": 1082.0,
    "road_access_score": 0.3,
    "road_density_km_km2": 0.972,
    "robustness_pct": 0.0,
    "runoff_coeff_C": 0.0761,
    "seasonal_cv": 0.4314,
    "segment_id": 73,
    "segment_length_m": 6878.908,
    "snap_dist_m": 13.1,
    "stream_order": 3,
    "superfund_score": 0.0,
    "tourism_amenity_density": 0.0,
    "tri_facility_density": 0.1562,
    "usgs_mean_q_cfs": 6.34,
    "velocity_feasibility": 0.7,
    "water_intake_score": 0.0
   },
   "type": "Feature"
  },
  {
   "geometry": {
    "coordinates": [
     -77.952423,
     35.436963
    ],
    "type": "Point"
   },
   "properties": {
    "accumulation": 82548.0,
    "bank_slope_deg": 0.43,
    "bank_slope_score": 1.0,
    "beach_dist_km": 137.25,
    "bridge_proximity_bonus": 0.0,
    "catchment_area_km2": 8.2461,
    "channel_width_m": 4.77,
    "channel_width_score": 1.0,
    "composite_score": 27.9176,
    "cso_density": 0.0,
    "dem_lat": 35.437124,
    "dem_lon": -77.95203,
    "ej_index": 0.3774,
    "elevation_m": 30.9717,
    "estuary_dist_km": 178.01,
    "feasibility_score": 53.2468,
    "flood_q10_cfs": null,
    "flow_score": 27.483,
    "flow_velocity_ms": 0.1246,
    "generation_score": 15.43,
    "impact_score": 28.1029,
    "impervious_pct": 4.49,
    "land_ownership": 0.5,
    "lat": 35.4371,
    "litter_complaint_density": 0.0,
    "lon": -77.952,
    "npdes_points": 3,
    "pixel_col": 1183.0,
    "pixel_row": 329.0,
    "population_density": 112.4,
    "position_along": 0.5,
    "protected_area_score": 0.0,
    "rank": 85,
    "river_name": "Stoney Creek",
    "road_access_m": 215.4,
    "road_access_score": 0.8,
    "road_density_km_km2": 3.413,
    "robustness_pct": 0.0,
    "runoff_coeff_C": 0.0904,
    "seasonal_cv": 0.4176,
    "segment_id": 11,
    "segment_length_m": 2163.3724,
    "snap_dist_m": 39.9,
    "stream_order": 3,
    "superfund_score": 0.0,
    "tourism_amenity_density": 0.0796,
    "tri_facility_density": 0.0,
    "usgs_mean_q_cfs": 3.995,
    "velocity_feasibility": 0.7,
    "water_intake_score": 0.0
   },
   "type": "Feature"
  },
  {
   "geometry": {
    "coordinates": [
     -77.883284,
     35.457085
    ],
    "type": "Point"
   },
   "properties": {
    "accumulation": 61938.0,
    "bank_slope_deg": 1.02,
    "bank_slope_score": 1.0,
    "beach_dist_km": 138.92,
    "bridge_proximity_bonus": 0.0,
    "catchment_area_km2": 6.1873,
    "channel_width_m": 4.3,
    "channel_width_score": 1.0,
    "composite_score": 27.9067,
    "cso_density": 0.0,
    "dem_lat": 35.457014,
    "dem_lon": -77.883275,
    "ej_index": 0.3688,
    "elevation_m": 26.9688,
    "estuary_dist_km": 172.51,
    "feasibility_score": 53.2468,
    "flood_q10_cfs": null,
    "flow_score": 26.1112,
    "flow_velocity_ms": 0.1275,
    "generation_score": 11.9896,
    "impact_score": 32.6501,
    "impervious_pct": 3.17,
    "land_ownership": 0.5,
    "lat": 35.457,
    "litter_complaint_density": 0.0,
    "lon": -77.8833,
    "npdes_points": 1,
    "pixel_col": 1816.0,
    "pixel_row": 125.0,
    "population_density": 189.4,
    "position_along": 0.5,
    "protected_area_score": 0.0,
    "rank": 86,
    "river_name": "Exum Mill Branch",
    "road_access_m": 216.1,
    "road_access_score": 0.8,
    "road_density_km_km2": 2.835,
    "robustness_pct": 0.0,
    "runoff_coeff_C": 0.0785,
    "seasonal_cv": 0.4173,
    "segment_id": 5,
    "segment_length_m": 2267.0438,
    "snap_dist_m": 7.9,
    "stream_order": 3,
    "superfund_score": 0.0,
    "tourism_amenity_density": 0.0,
    "tri_facility_density": 0.0,
    "usgs_mean_q_cfs": 3.768,
    "velocity_feasibility": 0.7,
    "water_intake_score": 0.0
   },
   "type": "Feature"
  },
  {
   "geometry": {
    "coordinates": [
     -77.95942,
     35.310517
    ],
    "type": "Point"
   },
   "properties": {
    "accumulation": 34545.0,
    "bank_slope_deg": 1.26,
    "bank_slope_score": 1.0,
    "beach_dist_km": 123.35,
    "bridge_proximity_bonus": 0.0,
    "catchment_area_km2": 3.4509,
    "channel_width_m": 3.48,
    "channel_width_score": 1.0,
    "composite_score": 27.6465,
    "cso_density": 0.0,
    "ej_index": 0.6534,
    "elevation_m": 17.4215,
    "estuary_dist_km": 175.93,
    "feasibility_score": 53.2468,
    "flood_q10_cfs": null,
    "flow_score": 7.4939,
    "flow_velocity_ms": 0.1261,
    "generation_score": 1.9725,
    "impact_score": 57.3142,
    "impervious_pct": 1.22,
    "land_ownership": 0.5,
    "lat": 35.3105,
    "litter_complaint_density": 0.0,
    "lon": -77.9594,
    "npdes_points": 0,
    "pixel_col": 1075.0,
    "pixel_row": 1731.0,
    "population_density": 41.2,
    "position_along": 0.1667,
    "protected_area_score": 0.0,
    "rank": 87,
    "river_name": "Neuse River",
    "road_access_m": 496.2,
    "road_access_score": 0.8,
    "road_density_km_km2": 0.927,
    "robustness_pct": 0.0,
    "runoff_coeff_C": 0.061,
    "seasonal_cv": 0.4333,
    "segment_id": 67,
    "segment_length_m": 4675.5566,
    "stream_order": 1,
    "superfund_score": 0.0,
    "tourism_amenity_density": 0.3183,
    "tri_facility_density": 0.0,
    "usgs_mean_q_cfs": 3.57,
    "velocity_feasibility": 0.7,
    "water_intake_score": 0.0
   },
   "type": "Feature"
  },
  {
   "geometry": {
    "coordinates": [
     -77.942458,
     35.433636
    ],
    "type": "Point"
   },
   "properties": {
    "accumulation": 28005.0,
    "bank_slope_deg": 1.01,
    "bank_slope_score": 1.0,
    "beach_dist_km": 136.75,
    "bridge_proximity_bonus": 0.0,
    "catchment_area_km2": 2.7976,
    "channel_width_m": 3.23,
    "channel_width_score": 1.0,
    "composite_score": 27.2354,
    "cso_density": 0.0,
    "dem_lat": 35.433429,
    "dem_lon": -77.942277,
    "ej_index": 0.3795,
    "elevation_m": 30.8299,
    "estuary_dist_km": 177.06,
    "feasibility_score": 66.2338,
    "flood_q10_cfs": null,
    "flow_score": 21.0701,
    "flow_velocity_ms": 0.099,
    "generation_score": 9.9675,
    "impact_score": 30.1418,
    "impervious_pct": 1.47,
    "land_ownership": 0.5,
    "lat": 35.4334,
    "litter_complaint_density": 0.0,
    "lon": -77.9423,
    "npdes_points": 2,
    "pixel_col": 1268.0,
    "pixel_row": 372.0,
    "population_density": 103.5,
    "position_along": 0.5,
    "protected_area_score": 0.0,
    "rank": 88,
    "river_name": "Stoney Run",
    "road_access_m": 70.9,
    "road_access_score": 1.0,
    "road_density_km_km2": 2.405,
    "robustness_pct": 0.0,
    "runoff_coeff_C": 0.0632,
    "seasonal_cv": 0.4369,
    "segment_id": 13,
    "segment_length_m": 1117.5252,
    "snap_dist_m": 28.3,
    "stream_order": 3,
    "superfund_score": 0.0,
    "tourism_amenity_density": 0.1592,
    "tri_facility_density": 0.0,
    "usgs_mean_q_cfs": 1.515,
    "velocity_feasibility": 0.7,
    "water_intake_score": 0.0
   },
   "type": "Feature"
  },
  {
   "geometry": {
    "coordinates": [
     -77.871841,
     35.454687
    ],
    "type": "Point"
   },
   "properties": {
    "accumulation": 23242.0,
    "bank_slope_deg": 1.24,
    "bank_slope_score": 1.0,
    "beach_dist_km": 138.6,
    "bridge_proximity_bonus": 0.0,
    "catchment_area_km2": 2.3218,
    "channel_width_m": 3.01,
    "channel_width_score": 1.0,
    "composite_score": 27.1719,
    "cso_density": 0.0,
    "dem_lat": 35.454674,
    "dem_lon": -77.872191,
    "ej_index": 0.3735,
    "elevation_m": 25.793,
    "estuary_dist_km": 171.47,
    "feasibility_score": 53.2468,
    "flood_q10_cfs": null,
    "flow_score": 21.1733,
    "flow_velocity_ms": 0.0992,
    "generation_score": 11.8112,
    "impact_score": 34.4941,
    "impervious_pct": 3.2,
    "land_ownership": 0.5,
    "lat": 35.4547,
    "litter_complaint_density": 0.0,
    "lon": -77.8722,
    "npdes_points": 0,
    "pixel_col": 1914.0,
    "pixel_row": 151.0,
    "population_density": 211.9,
    "position_along": 0.5,
    "protected_area_score": 0.0,
    "rank": 89,
    "river_name": "Jimmy Prong",
    "road_access_m": 221.0,
    "road_access_score": 0.8,
    "road_density_km_km2": 4.119,
    "robustness_pct": 0.0,
    "runoff_coeff_C": 0.0788,
    "seasonal_cv": 0.4352,
    "segment_id": 6,
    "segment_length_m": 769.0076,
    "snap_dist_m": 31.8,
    "stream_order": 3,
    "superfund_score": 0.0,
    "tourism_amenity_density": 0.0,
    "tri_facility_density": 0.0,
    "usgs_mean_q_cfs": 1.566,
    "velocity_feasibility": 0.7,
    "water_intake_score": 0.0
   },
   "type": "Feature"
  },
  {
   "geometry": {
    "coordinates": [
     -77.875979,
     35.417007
    ],
    "type": "Point"
   },
   "properties": {
    "accumulation": 26339.0,
    "bank_slope_deg": 0.04,
    "bank_slope_score": 1.0,
    "beach_dist_km": 134.44,
    "bridge_proximity_bonus": 0.0,
    "catchment_area_km2": 2.6311,
    "channel_width_m": 3.15,
    "channel_width_score": 1.0,
    "composite_score": 27.145,
    "cso_density": 0.0,
    "dem_lat": 35.416967,
    "dem_lon": -77.875968,
    "ej_index": 0.2583,
    "elevation_m": 32.1886,
    "estuary_dist_km": 170.79,
    "feasibility_score": 66.2338,
    "flood_q10_cfs": null,
    "flow_score": 21.243,
    "flow_velocity_ms": 0.0577,
    "generation_score": 3.9684,
    "impact_score": 35.6957,
    "impervious_pct": 1.87,
    "land_ownership": 0.5,
    "lat": 35.417,
    "litter_complaint_density": 0.0,
    "lon": -77.876,
    "npdes_points": 0,
    "pixel_col": 1866.0,
    "pixel_row": 573.0,
    "population_density": 58.0,
    "position_along": 0.25,
    "protected_area_score": 0.0,
    "rank": 90,
    "river_name": "Bear Creek",
    "road_access_m": 119.6,
    "road_access_score": 1.0,
    "road_density_km_km2": 1.964,
    "robustness_pct": 0.0,
    "runoff_coeff_C": 0.0668,
    "seasonal_cv": 0.4278,
    "segment_id": 22,
    "segment_length_m": 3094.1327,
    "snap_dist_m": 4.5,
    "stream_order": 3,
    "superfund_score": 0.0,
    "tourism_amenity_density": 0.0796,
    "tri_facility_density": 0.0,
    "usgs_mean_q_cfs": 2.889,
    "velocity_feasibility": 0.7,
    "water_intake_score": 0.0
   },
   "type": "Feature"
  },
  {
   "geometry": {
    "coordinates": [
     -78.026926,
     35.411283
    ],
    "type": "Point"
   },
   "properties": {
    "accumulation": 41063.0,
    "bank_slope_deg": 7.07,
    "bank_slope_score": 1.0,
    "beach_dist_km": 135.32,
    "bridge_proximity_bonus": 0.0,
    "catchment_area_km2": 4.102,
    "channel_width_m": 3.71,
    "channel_width_score": 1.0,
    "composite_score": 26.9927,
    "cso_density": 0.0,
    "dem_lat": 35.411281,
    "dem_lon": -78.027009,
    "ej_index": 0.41,
    "elevation_m": 21.3644,
    "estuary_dist_km": 184.0,
    "feasibility_score": 66.2338,
    "flood_q10_cfs": null,
    "flow_score": 23.8865,
    "flow_velocity_ms": 0.052,
    "generation_score": 11.3293,
    "impact_score": 25.624,
    "impervious_pct": 8.5,
    "land_ownership": 0.5,
    "lat": 35.4113,
    "litter_complaint_density": 0.0,
    "lon": -78.027,
    "npdes_points": 0,
    "pixel_col": 493.0,
    "pixel_row": 595.0,
    "population_density": 112.6,
    "position_along": 0.5,
    "protected_area_score": 0.0,
    "rank": 91,
    "river_name": "The Canal",
    "road_access_m": 119.7,
    "road_access_score": 1.0,
    "road_density_km_km2": 3.288,
    "robustness_pct": 0.0,
    "runoff_coeff_C": 0.1265,
    "seasonal_cv": 0.4158,
    "segment_id": 20,
    "segment_length_m": 2418.0915,
    "snap_dist_m": 7.6,
    "stream_order": 3,
    "superfund_score": 0.0,
    "tourism_amenity_density": 0.7162,
    "tri_facility_density": 0.0,
    "usgs_mean_q_cfs": 3.786,
    "velocity_feasibility": 0.7,
    "water_intake_score": 0.0
   },
   "type": "Feature"
  },
  {
   "geometry": {
    "coordinates": [
     -78.044356,
     35.445618
    ],
    "type": "Point"
   },
   "properties": {
    "accumulation": 32789.0,
    "bank_slope_deg": 3.5,
    "bank_slope_score": 1.0,
    "beach_dist_km": 139.34,
    "bridge_proximity_bonus": 0.0,
    "catchment_area_km2": 3.2755,
    "channel_width_m": 3.42,
    "channel_width_score": 1.0,
    "composite_score": 26.9156,
    "cso_density": 0.0,
    "dem_lat": 35.44559,
    "dem_lon": -78.044353,
    "ej_index": 0.2562,
    "elevation_m": 23.7601,
    "estuary_dist_km": 186.37,
    "feasibility_score": 81.8182,
    "flood_q10_cfs": null,
    "flow_score": 30.9001,
    "flow_velocity_ms": 0.5,
    "generation_score": 10.7843,
    "impact_score": 12.2751,
    "impervious_pct": null,
    "land_ownership": 0.5,
    "lat": 35.4456,
    "litter_complaint_density": 0.0,
    "lon": -78.0444,
    "npdes_points": 3,
    "pixel_col": 349.0,
    "pixel_row": 206.0,
    "population_density": 93.3,
    "position_along": 0.5,
    "protected_area_score": 0.0,
    "rank": 92,
    "river_name": "Little River",
    "road_access_m": 115.0,
    "road_access_score": 1.0,
    "road_density_km_km2": 2.301,
    "robustness_pct": 0.0,
    "runoff_coeff_C": null,
    "seasonal_cv": null,
    "segment_id": 8,
    "segment_length_m": 2716.2193,
    "snap_dist_m": 3.2,
    "stream_order": 1,
    "superfund_score": 0.0,
    "tourism_amenity_density": 0.7162,
    "tri_facility_density": 0.0,
    "usgs_mean_q_cfs": null,
    "velocity_feasibility": 1.0,
    "water_intake_score": 0.0
   },
   "type": "Feature"
  },
  {
   "geometry": {
    "coordinates": [
     -77.968032,
     35.442539
    ],
    "type": "Point"
   },
   "properties": {
    "accumulation": 39662.0,
    "bank_slope_deg": 1.28,
    "bank_slope_score": 1.0,
    "beach_dist_km": 138.03,
    "bridge_proximity_bonus": 0.0,
    "catchment_area_km2": 3.962,
    "channel_width_m": 3.66,
    "channel_width_score": 1.0,
    "composite_score": 26.4075,
    "cso_density": 0.0,
    "dem_lat": 35.442709,
    "dem_lon": -77.967954,
    "ej_index": 0.385,
    "elevation_m": 33.9276,
    "estuary_dist_km": 179.56,
    "feasibility_score": 66.2338,
    "flood_q10_cfs": null,
    "flow_score": 23.2887,
    "flow_velocity_ms": 0.0515,
    "generation_score": 10.1267,
    "impact_score": 25.3741,
    "impervious_pct": 4.49,
    "land_ownership": 0.5,
    "lat": 35.4427,
    "litter_complaint_density": 0.0,
    "lon": -77.968,
    "npdes_points": 0,
    "pixel_col": 1042.0,
    "pixel_row": 261.0,
    "population_density": 145.0,
    "position_along": 0.5,
    "protected_area_score": 0.0,
    "rank": 93,
    "river_name": "Stoney Creek",
    "road_access_m": 97.0,
    "road_access_score": 1.0,
    "road_density_km_km2": 3.684,
    "robustness_pct": 0.0,
    "runoff_coeff_C": 0.0904,
    "seasonal_cv": 0.4176,
    "segment_id": 9,
    "segment_length_m": 1849.2732,
    "snap_dist_m": 20.1,
    "stream_order": 3,
    "superfund_score": 0.0,
    "tourism_amenity_density": 0.0,
    "tri_facility_density": 0.0,
    "usgs_mean_q_cfs": 3.995,
    "velocity_feasibility": 0.7,
    "water_intake_score": 0.0
   },
   "type": "Feature"
  },
  {
   "geometry": {
    "coordinates": [
     -77.888567,
     35.344734
    ],
    "type": "Point"
   },
   "properties": {
    "accumulation": 53304.0,
    "bank_slope_deg": 1.66,
    "bank_slope_score": 1.0,
    "beach_dist_km": 126.5,
    "bridge_proximity_bonus": 0.0,
    "catchment_area_km2": 5.3248,
    "channel_width_m": 4.07,
    "channel_width_score": 1.0,
    "composite_score": 26.3033,
    "cso_density": 0.0,
    "ej_index": 0.4376,
    "elevation_m": 29.8031,
    "estuary_dist_km": 170.24,
    "feasibility_score": 53.2468,
    "flood_q10_cfs": null,
    "flow_score": 7.3761,
    "flow_velocity_ms": 0.0563,
    "generation_score": 3.0652,
    "impact_score": 51.8422,
    "impervious_pct": 1.24,
    "land_ownership": 0.5,
    "lat": 35.3447,
    "litter_complaint_density": 0.0,
    "lon": -77.8886,
    "npdes_points": 0,
    "pixel_col": 1727.0,
    "pixel_row": 1368.0,
    "population_density": 54.2,
    "position_along": 0.5,
    "protected_area_score": 0.0,
    "rank": 94,
    "river_name": "Walnut Creek",
    "road_access_m": 249.5,
    "road_access_score": 0.8,
    "road_density_km_km2": 1.594,
    "robustness_pct": 0.0,
    "runoff_coeff_C": 0.0612,
    "seasonal_cv": 0.4326,
    "segment_id": 54,
    "segment_length_m": 1900.6676,
    "stream_order": 1,
    "superfund_score": 0.0,
    "tourism_amenity_density": 0.0,
    "tri_facility_density": 0.0,
    "usgs_mean_q_cfs": 4.543,
    "velocity_feasibility": 0.7,
    "water_intake_score": 0.0
   },
   "type": "Feature"
  },
  {
   "geometry": {
    "coordinates": [
     -77.860527,
     35.396223
    ],
    "type": "Point"
   },
   "properties": {
    "accumulation": 28961.0,
    "bank_slope_deg": 0.9,
    "bank_slope_score": 1.0,
    "beach_dist_km": 132.06,
    "bridge_proximity_bonus": 0.0,
    "catchment_area_km2": 2.8931,
    "channel_width_m": 3.26,
    "channel_width_score": 1.0,
    "composite_score": 25.8083,
    "cso_density": 0.0,
    "dem_lat": 35.396221,
    "dem_lon": -77.860544,
    "ej_index": 0.5975,
    "elevation_m": 30.1727,
    "estuary_dist_km": 168.91,
    "feasibility_score": 20.7792,
    "flood_q10_cfs": null,
    "flow_score": 22.7608,
    "flow_velocity_ms": 0.1425,
    "generation_score": 3.1038,
    "impact_score": 53.5669,
    "impervious_pct": 1.85,
    "land_ownership": 0.5,
    "lat": 35.3962,
    "litter_complaint_density": 0.0,
    "lon": -77.8605,
    "npdes_points": 0,
    "pixel_col": 2001.0,
    "pixel_row": 807.0,
    "population_density": 40.9,
    "position_along": 0.25,
    "protected_area_score": 0.0,
    "rank": 95,
    "river_name": "Peters Branch",
    "road_access_m": 1046.7,
    "road_access_score": 0.3,
    "road_density_km_km2": 1.649,
    "robustness_pct": 0.0,
    "runoff_coeff_C": 0.0667,
    "seasonal_cv": 0.439,
    "segment_id": 30,
    "segment_length_m": 3394.1477,
    "snap_dist_m": 1.5,
    "stream_order": 3,
    "superfund_score": 0.0,
    "tourism_amenity_density": 0.0,
    "tri_facility_density": 0.0,
    "usgs_mean_q_cfs": 2.0,
    "velocity_feasibility": 0.7,
    "water_intake_score": 0.0
   },
   "type": "Feature"
  },
  {
   "geometry": {
    "coordinates": [
     -77.987375,
     35.312768
    ],
    "type": "Point"
   },
   "properties": {
    "accumulation": 25642.0,
    "bank_slope_deg": 0.62,
    "bank_slope_score": 1.0,
    "beach_dist_km": 123.94,
    "bridge_proximity_bonus": 0.0,
    "catchment_area_km2": 2.5615,
    "channel_width_m": 3.12,
    "channel_width_score": 1.0,
    "composite_score": 25.7375,
    "cso_density": 0.0,
    "ej_index": 0.6757,
    "elevation_m": 18.6543,
    "estuary_dist_km": 178.48,
    "feasibility_score": 53.2468,
    "flood_q10_cfs": null,
    "flow_score": 3.4364,
    "flow_velocity_ms": 0.0696,
    "generation_score": 2.8336,
    "impact_score": 53.4711,
    "impervious_pct": 2.14,
    "land_ownership": 0.5,
    "lat": 35.3128,
    "litter_complaint_density": 0.0,
    "lon": -77.9874,
    "npdes_points": 0,
    "pixel_col": 821.0,
    "pixel_row": 1700.0,
    "population_density": 33.5,
    "position_along": 0.5,
    "protected_area_score": 0.0,
    "rank": 96,
    "river_name": "Carraway Creek",
    "road_access_m": 289.2,
    "road_access_score": 0.8,
    "road_density_km_km2": 1.423,
    "robustness_pct": 0.0,
    "runoff_coeff_C": 0.0693,
    "seasonal_cv": 0.4559,
    "segment_id": 64,
    "segment_length_m": 1158.2146,
    "stream_order": 1,
    "superfund_score": 0.0,
    "tourism_amenity_density": 0.0,
    "tri_facility_density": 0.0,
    "usgs_mean_q_cfs": 1.383,
    "velocity_feasibility": 0.7,
    "water_intake_score": 0.0
   },
   "type": "Feature"
  },
  {
   "geometry": {
    "coordinates": [
     -78.047654,
     35.350938
    ],
    "type": "Point"
   },
   "properties": {
    "accumulation": 62864.0,
    "bank_slope_deg": 3.0,
    "bank_slope_score": 1.0,
    "beach_dist_km": 129.03,
    "bridge_proximity_bonus": 0.0,
    "catchment_area_km2": 6.2798,
    "channel_width_m": 4.33,
    "channel_width_score": 1.0,
    "composite_score": 25.4304,
    "cso_density": 0.0,
    "ej_index": 0.7453,
    "elevation_m": 17.1026,
    "estuary_dist_km": 184.57,
    "feasibility_score": 40.2597,
    "flood_q10_cfs": null,
    "flow_score": 20.7544,
    "flow_velocity_ms": 0.0577,
    "generation_score": 4.0413,
    "impact_score": 43.3014,
    "impervious_pct": 3.71,
    "land_ownership": 0.5,
    "lat": 35.3509,
    "litter_complaint_density": 0.0,
    "lon": -78.0477,
    "npdes_points": 0,
    "pixel_col": 286.0,
    "pixel_row": 1259.0,
    "population_density": 50.2,
    "position_along": 0.5,
    "protected_area_score": 0.0,
    "rank": 97,
    "river_name": "Neuse River",
    "road_access_m": 842.2,
    "road_access_score": 0.6,
    "road_density_km_km2": 1.091,
    "robustness_pct": 0.0,
    "runoff_coeff_C": 0.0834,
    "seasonal_cv": 0.468,
    "segment_id": 56,
    "segment_length_m": 5643.8708,
    "stream_order": 3,
    "superfund_score": 0.0,
    "tourism_amenity_density": 0.1592,
    "tri_facility_density": 0.0,
    "usgs_mean_q_cfs": 0.6,
    "velocity_feasibility": 0.7,
    "water_intake_score": 0.0
   },
   "type": "Feature"
  },
  {
   "geometry": {
    "coordinates": [
     -78.044572,
     35.307382
    ],
    "type": "Point"
   },
   "properties": {
    "accumulation": 21649.0,
    "bank_slope_deg": 5.48,
    "bank_slope_score": 1.0,
    "beach_dist_km": 124.22,
    "bridge_proximity_bonus": 0.0,
    "catchment_area_km2": 2.1626,
    "channel_width_m": 2.94,
    "channel_width_score": 1.0,
    "composite_score": 24.7768,
    "cso_density": 0.0,
    "ej_index": 0.7831,
    "elevation_m": 32.3969,
    "estuary_dist_km": 183.52,
    "feasibility_score": 40.2597,
    "flood_q10_cfs": null,
    "flow_score": 6.387,
    "flow_velocity_ms": 0.1475,
    "generation_score": 5.5469,
    "impact_score": 51.5902,
    "impervious_pct": 3.36,
    "land_ownership": 0.5,
    "lat": 35.3074,
    "litter_complaint_density": 0.0,
    "lon": -78.0446,
    "npdes_points": 0,
    "pixel_col": 299.0,
    "pixel_row": 1740.0,
    "population_density": 103.0,
    "position_along": 0.5,
    "protected_area_score": 0.0,
    "rank": 98,
    "river_name": "Poplar Branch",
    "road_access_m": 594.5,
    "road_access_score": 0.6,
    "road_density_km_km2": 1.178,
    "robustness_pct": 0.0,
    "runoff_coeff_C": 0.0802,
    "seasonal_cv": 0.4454,
    "segment_id": 70,
    "segment_length_m": 780.423,
    "stream_order": 1,
    "superfund_score": 0.0,
    "tourism_amenity_density": 0.2387,
    "tri_facility_density": 0.0,
    "usgs_mean_q_cfs": 2.082,
    "velocity_feasibility": 0.7,
    "water_intake_score": 0.0
   },
   "type": "Feature"
  },
  {
   "geometry": {
    "coordinates": [
     -78.012916,
     35.432897
    ],
    "type": "Point"
   },
   "properties": {
    "accumulation": 28911.0,
    "bank_slope_deg": 0.22,
    "bank_slope_score": 1.0,
    "beach_dist_km": 137.49,
    "bridge_proximity_bonus": 0.0,
    "catchment_area_km2": 2.8881,
    "channel_width_m": 3.26,
    "channel_width_score": 1.0,
    "composite_score": 24.6112,
    "cso_density": 0.0,
    "dem_lat": 35.432902,
    "dem_lon": -78.012906,
    "ej_index": 0.1776,
    "elevation_m": 22.2891,
    "estuary_dist_km": 183.27,
    "feasibility_score": 68.8312,
    "flood_q10_cfs": null,
    "flow_score": 30.6949,
    "flow_velocity_ms": 0.5,
    "generation_score": 4.5442,
    "impact_score": 17.4985,
    "impervious_pct": null,
    "land_ownership": 0.5,
    "lat": 35.4329,
    "litter_complaint_density": 0.0,
    "lon": -78.0129,
    "npdes_points": 0,
    "pixel_col": 629.0,
    "pixel_row": 358.0,
    "population_density": 102.3,
    "position_along": 0.5,
    "protected_area_score": 0.0,
    "rank": 99,
    "river_name": "Little River",
    "road_access_m": 488.2,
    "road_access_score": 0.8,
    "road_density_km_km2": 2.373,
    "robustness_pct": 0.0,
    "runoff_coeff_C": null,
    "seasonal_cv": null,
    "segment_id": 15,
    "segment_length_m": 14.1347,
    "snap_dist_m": 1.0,
    "stream_order": 1,
    "superfund_score": 0.0,
    "tourism_amenity_density": 1.5915,
    "tri_facility_density": 0.0,
    "usgs_mean_q_cfs": null,
    "velocity_feasibility": 1.0,
    "water_intake_score": 0.0
   },
   "type": "Feature"
  },
  {
   "geometry": {
    "coordinates": [
     -77.894781,
     35.456042
    ],
    "type": "Point"
   },
   "properties": {
    "accumulation": 20548.0,
    "bank_slope_deg": 1.47,
    "bank_slope_score": 1.0,
    "beach_dist_km": 138.88,
    "bridge_proximity_bonus": 0.0,
    "catchment_area_km2": 2.0526,
    "channel_width_m": 2.88,
    "channel_width_score": 1.0,
    "composite_score": 24.0256,
    "cso_density": 0.0,
    "ej_index": 0.3776,
    "elevation_m": 29.4765,
    "estuary_dist_km": 173.49,
    "feasibility_score": 45.4545,
    "flood_q10_cfs": null,
    "flow_score": 19.2146,
    "flow_velocity_ms": 0.0445,
    "generation_score": 9.5467,
    "impact_score": 31.7993,
    "impervious_pct": 2.51,
    "land_ownership": 0.5,
    "lat": 35.456,
    "litter_complaint_density": 0.0,
    "lon": -77.8948,
    "npdes_points": 1,
    "pixel_col": 1711.0,
    "pixel_row": 131.0,
    "population_density": 138.9,
    "position_along": 0.5,
    "protected_area_score": 0.0,
    "rank": 100,
    "river_name": "Exum Mill Branch",
    "road_access_m": 89.5,
    "road_access_score": 1.0,
    "road_density_km_km2": 2.401,
    "robustness_pct": 0.0,
    "runoff_coeff_C": 0.0726,
    "seasonal_cv": 0.4408,
    "segment_id": 4,
    "segment_length_m": 366.7923,
    "stream_order": 3,
    "superfund_score": 0.0,
    "tourism_amenity_density": 0.0,
    "tri_facility_density": 0.0,
    "usgs_mean_q_cfs": 1.291,
    "velocity_feasibility": 0.3,
    "water_intake_score": 0.0
   },
   "type": "Feature"
  },
  {
   "geometry": {
    "coordinates": [
     -77.95892,
     35.443199
    ],
    "type": "Point"
   },
   "properties": {
    "accumulation": 20536.0,
    "bank_slope_deg": 0.24,
    "bank_slope_score": 1.0,
    "beach_dist_km": 138.1,
    "bridge_proximity_bonus": 0.0,
    "catchment_area_km2": 2.0514,
    "channel_width_m": 2.88,
    "channel_width_score": 1.0,
    "composite_score": 23.0902,
    "cso_density": 0.0,
    "dem_lat": 35.444238,
    "dem_lon": -77.958454,
    "ej_index": 0.359,
    "elevation_m": 32.8202,
    "estuary_dist_km": 178.76,
    "feasibility_score": 45.4545,
    "flood_q10_cfs": null,
    "flow_score": 22.0936,
    "flow_velocity_ms": 0.0435,
    "generation_score": 10.5273,
    "impact_score": 25.3013,
    "impervious_pct": 4.49,
    "land_ownership": 0.5,
    "lat": 35.4442,
    "litter_complaint_density": 0.0,
    "lon": -77.9585,
    "npdes_points": 0,
    "pixel_col": 1127.0,
    "pixel_row": 248.0,
    "population_density": 115.8,
    "position_along": 0.5,
    "protected_area_score": 0.0,
    "rank": 101,
    "river_name": "Stoney Creek",
    "road_access_m": 118.8,
    "road_access_score": 1.0,
    "road_density_km_km2": 4.98,
    "robustness_pct": 0.0,
    "runoff_coeff_C": 0.0904,
    "seasonal_cv": 0.4176,
    "segment_id": 10,
    "segment_length_m": 240.5844,
    "snap_dist_m": 122.9,
    "stream_order": 3,
    "superfund_score": 0.0,
    "tourism_amenity_density": 0.0,
    "tri_facility_density": 0.0,
    "usgs_mean_q_cfs": 3.995,
    "velocity_feasibility": 0.3,
    "water_intake_score": 0.0
   },
   "type": "Feature"
  },
  {
   "geometry": {
    "coordinates": [
     -78.025247,
     35.436573
    ],
    "type": "Point"
   },
   "properties": {
    "accumulation": 29979.0,
    "bank_slope_deg": 1.59,
    "bank_slope_score": 1.0,
    "beach_dist_km": 138.06,
    "bridge_proximity_bonus": 0.0,
    "catchment_area_km2": 2.9948,
    "channel_width_m": 3.31,
    "channel_width_score": 1.0,
    "composite_score": 22.8689,
    "cso_density": 0.0,
    "dem_lat": 35.436494,
    "dem_lon": -78.025292,
    "ej_index": 0.3325,
    "elevation_m": 22.995,
    "estuary_dist_km": 184.46,
    "feasibility_score": 55.8442,
    "flood_q10_cfs": null,
    "flow_score": 30.7514,
    "flow_velocity_ms": 0.5,
    "generation_score": 2.383,
    "impact_score": 20.2985,
    "impervious_pct": null,
    "land_ownership": 0.5,
    "lat": 35.4365,
    "litter_complaint_density": 0.0,
    "lon": -78.0253,
    "npdes_points": 0,
    "pixel_col": 519.0,
    "pixel_row": 316.0,
    "population_density": 88.8,
    "position_along": 0.5,
    "protected_area_score": 0.0,
    "rank": 102,
    "river_name": "Little River",
    "road_access_m": 906.0,
    "road_access_score": 0.6,
    "road_density_km_km2": 0.652,
    "robustness_pct": 0.0,
    "runoff_coeff_C": null,
    "seasonal_cv": null,
    "segment_id": 12,
    "segment_length_m": 492.5842,
    "snap_dist_m": 9.7,
    "stream_order": 1,
    "superfund_score": 0.0,
    "tourism_amenity_density": 1.1937,
    "tri_facility_density": 0.0,
    "usgs_mean_q_cfs": null,
    "velocity_feasibility": 1.0,
    "water_intake_score": 0.0
   },
   "type": "Feature"
  },
  {
   "geometry": {
    "coordinates": [
     -77.926407,
     35.293986
    ],
    "type": "Point"
   },
   "properties": {
    "accumulation": 21549.0,
    "bank_slope_deg": 0.3,
    "bank_slope_score": 1.0,
    "beach_dist_km": 121.18,
    "bridge_proximity_bonus": 0.0,
    "catchment_area_km2": 2.1526,
    "channel_width_m": 2.93,
    "channel_width_score": 1.0,
    "composite_score": 22.5799,
    "cso_density": 0.0,
    "ej_index": 0.5241,
    "elevation_m": 16.4396,
    "estuary_dist_km": 172.7,
    "feasibility_score": 19.4805,
    "flood_q10_cfs": null,
    "flow_score": 6.2314,
    "flow_velocity_ms": 0.0443,
    "generation_score": 2.3928,
    "impact_score": 57.9403,
    "impervious_pct": 2.37,
    "land_ownership": 0.5,
    "lat": 35.294,
    "litter_complaint_density": 0.0,
    "lon": -77.9264,
    "npdes_points": 0,
    "pixel_col": 1366.0,
    "pixel_row": 1925.0,
    "population_density": 54.2,
    "position_along": 0.5,
    "protected_area_score": 0.0,
    "rank": 103,
    "river_name": null,
    "road_access_m": 992.0,
    "road_access_score": 0.6,
    "road_density_km_km2": 0.201,
    "robustness_pct": 0.0,
    "runoff_coeff_C": 0.0713,
    "seasonal_cv": 0.4264,
    "segment_id": 72,
    "segment_length_m": 540.8431,
    "stream_order": 1,
    "superfund_score": 0.0,
    "tourism_amenity_density": 0.0,
    "tri_facility_density": 0.0,
    "usgs_mean_q_cfs": 5.192,
    "velocity_feasibility": 0.3,
    "water_intake_score": 0.0
   },
   "type": "Feature"
  },
  {
   "geometry": {
    "coordinates": [
     -77.881624,
     35.425896
    ],
    "type": "Point"
   },
   "properties": {
    "accumulation": 29689.0,
    "bank_slope_deg": 1.37,
    "bank_slope_score": 1.0,
    "beach_dist_km": 135.46,
    "bridge_proximity_bonus": 0.0,
    "catchment_area_km2": 2.9658,
    "channel_width_m": 3.29,
    "channel_width_score": 1.0,
    "composite_score": 22.5353,
    "cso_density": 0.0,
    "ej_index": 0.3595,
    "elevation_m": 33.4082,
    "estuary_dist_km": 171.52,
    "feasibility_score": 53.2468,
    "flood_q10_cfs": null,
    "flow_score": 5.1,
    "flow_velocity_ms": 0.078,
    "generation_score": 6.6855,
    "impact_score": 37.559,
    "impervious_pct": 1.48,
    "land_ownership": 0.5,
    "lat": 35.4259,
    "litter_complaint_density": 0.0,
    "lon": -77.8816,
    "npdes_points": 1,
    "pixel_col": 1819.0,
    "pixel_row": 472.0,
    "population_density": 98.0,
    "position_along": 0.5,
    "protected_area_score": 0.0,
    "rank": 104,
    "river_name": null,
    "road_access_m": 358.3,
    "road_access_score": 0.8,
    "road_density_km_km2": 1.496,
    "robustness_pct": 0.0,
    "runoff_coeff_C": 0.0633,
    "seasonal_cv": 0.4309,
    "segment_id": 19,
    "segment_length_m": 736.5982,
    "stream_order": 1,
    "superfund_score": 0.0,
    "tourism_amenity_density": 0.0796,
    "tri_facility_density": 0.0,
    "usgs_mean_q_cfs": 2.349,
    "velocity_feasibility": 0.7,
    "water_intake_score": 0.0
   },
   "type": "Feature"
  },
  {
   "geometry": {
    "coordinates": [
     -77.949093,
     35.287015
    ],
    "type": "Point"
   },
   "properties": {
    "accumulation": 20262.0,
    "bank_slope_deg": 0.48,
    "bank_slope_score": 1.0,
    "beach_dist_km": 120.64,
    "bridge_proximity_bonus": 0.0,
    "catchment_area_km2": 2.0241,
    "channel_width_m": 2.87,
    "channel_width_score": 1.0,
    "composite_score": 22.4864,
    "cso_density": 0.0,
    "ej_index": 0.6511,
    "elevation_m": 15.8039,
    "estuary_dist_km": 174.62,
    "feasibility_score": 19.4805,
    "flood_q10_cfs": null,
    "flow_score": 3.8907,
    "flow_velocity_ms": 0.0442,
    "generation_score": 0.9539,
    "impact_score": 61.0182,
    "impervious_pct": 1.33,
    "land_ownership": 0.5,
    "lat": 35.287,
    "litter_complaint_density": 0.0,
    "lon": -77.9491,
    "npdes_points": 0,
    "pixel_col": 1160.0,
    "pixel_row": 1995.0,
    "population_density": 36.3,
    "position_along": 0.5,
    "protected_area_score": 0.0,
    "rank": 105,
    "river_name": "Pine Level Branch",
    "road_access_m": 885.6,
    "road_access_score": 0.6,
    "road_density_km_km2": 0.0,
    "robustness_pct": 0.0,
    "runoff_coeff_C": 0.062,
    "seasonal_cv": 0.4411,
    "segment_id": 76,
    "segment_length_m": 9.9948,
    "stream_order": 1,
    "superfund_score": 0.0,
    "tourism_amenity_density": 0.0,
    "tri_facility_density": 0.0,
    "usgs_mean_q_cfs": 2.855,
    "velocity_feasibility": 0.3,
    "water_intake_score": 0.0
   },
   "type": "Feature"
  },
  {
   "geometry": {
    "coordinates": [
     -78.040776,
     35.382335
    ],
    "type": "Point"
   },
   "properties": {
    "accumulation": 54927.0,
    "bank_slope_deg": 2.2,
    "bank_slope_score": 1.0,
    "beach_dist_km": 132.35,
    "bridge_proximity_bonus": 0.0,
    "catchment_area_km2": 5.4869,
    "channel_width_m": 4.12,
    "channel_width_score": 1.0,
    "composite_score": 22.0545,
    "cso_density": 0.0,
    "ej_index": 0.7204,
    "elevation_m": 20.1334,
    "estuary_dist_km": 184.58,
    "feasibility_score": 20.7792,
    "flood_q10_cfs": null,
    "flow_score": 23.515,
    "flow_velocity_ms": 0.1163,
    "generation_score": 4.6477,
    "impact_score": 38.882,
    "impervious_pct": 5.29,
    "land_ownership": 0.5,
    "lat": 35.3823,
    "litter_complaint_density": 0.0,
    "lon": -78.0408,
    "npdes_points": 0,
    "pixel_col": 358.0,
    "pixel_row": 913.0,
    "population_density": 53.3,
    "position_along": 0.25,
    "protected_area_score": 0.0,
    "rank": 106,
    "river_name": null,
    "road_access_m": 1042.9,
    "road_access_score": 0.3,
    "road_density_km_km2": 0.577,
    "robustness_pct": 0.0,
    "runoff_coeff_C": 0.0976,
    "seasonal_cv": 0.432,
    "segment_id": 36,
    "segment_length_m": 3302.1859,
    "stream_order": 3,
    "superfund_score": 0.0,
    "tourism_amenity_density": 0.2387,
    "tri_facility_density": 0.0,
    "usgs_mean_q_cfs": 1.274,
    "velocity_feasibility": 0.7,
    "water_intake_score": 0.0
   },
   "type": "Feature"
  },
  {
   "geometry": {
    "coordinates": [
     -77.896017,
     35.458556
    ],
    "type": "Point"
   },
   "properties": {
    "accumulation": 23205.0,
    "bank_slope_deg": 1.06,
    "bank_slope_score": 1.0,
    "beach_dist_km": 139.16,
    "bridge_proximity_bonus": 0.0,
    "catchment_area_km2": 2.3181,
    "channel_width_m": 3.01,
    "channel_width_score": 1.0,
    "composite_score": 21.2354,
    "cso_density": 0.0,
    "dem_lat": 35.45842,
    "dem_lon": -77.896025,
    "ej_index": 0.3714,
    "elevation_m": 30.1726,
    "estuary_dist_km": 173.66,
    "feasibility_score": 32.4675,
    "flood_q10_cfs": null,
    "flow_score": 19.2507,
    "flow_velocity_ms": 0.0458,
    "generation_score": 7.4711,
    "impact_score": 31.0375,
    "impervious_pct": 1.1,
    "land_ownership": 0.5,
    "lat": 35.4584,
    "litter_complaint_density": 0.0,
    "lon": -77.896,
    "npdes_points": 1,
    "pixel_col": 1700.0,
    "pixel_row": 106.0,
    "population_density": 125.7,
    "position_along": 0.5,
    "protected_area_score": 0.0,
    "rank": 107,
    "river_name": "Exum Mill Branch",
    "road_access_m": 364.4,
    "road_access_score": 0.8,
    "road_density_km_km2": 1.664,
    "robustness_pct": 0.0,
    "runoff_coeff_C": 0.0599,
    "seasonal_cv": 0.4365,
    "segment_id": 1,
    "segment_length_m": 644.2203,
    "snap_dist_m": 15.2,
    "stream_order": 3,
    "superfund_score": 0.0,
    "tourism_amenity_density": 0.0,
    "tri_facility_density": 0.0,
    "usgs_mean_q_cfs": 1.262,
    "velocity_feasibility": 0.3,
    "water_intake_score": 0.0
   },
   "type": "Feature"
  },
  {
   "geometry": {
    "coordinates": [
     -78.041876,
     35.39808
    ],
    "type": "Point"
   },
   "properties": {
    "accumulation": 32958.0,
    "bank_slope_deg": 0.35,
    "bank_slope_score": 1.0,
    "beach_dist_km": 134.1,
    "bridge_proximity_bonus": 0.0,
    "catchment_area_km2": 3.2923,
    "channel_width_m": 3.42,
    "channel_width_score": 1.0,
    "composite_score": 20.9617,
    "cso_density": 0.0,
    "ej_index": 0.4092,
    "elevation_m": 23.7516,
    "estuary_dist_km": 185.02,
    "feasibility_score": 53.2468,
    "flood_q10_cfs": null,
    "flow_score": 8.9135,
    "flow_velocity_ms": 0.1676,
    "generation_score": 11.6424,
    "impact_score": 24.1786,
    "impervious_pct": 8.53,
    "land_ownership": 0.5,
    "lat": 35.3981,
    "litter_complaint_density": 0.0,
    "lon": -78.0419,
    "npdes_points": 0,
    "pixel_col": 355.0,
    "pixel_row": 737.0,
    "population_density": 145.8,
    "position_along": 0.5,
    "protected_area_score": 0.0,
    "rank": 108,
    "river_name": null,
    "road_access_m": 330.5,
    "road_access_score": 0.8,
    "road_density_km_km2": 2.555,
    "robustness_pct": 0.0,
    "runoff_coeff_C": 0.1268,
    "seasonal_cv": 0.4233,
    "segment_id": 25,
    "segment_length_m": 2002.746,
    "stream_order": 1,
    "superfund_score": 0.0,
    "tourism_amenity_density": 0.1592,
    "tri_facility_density": 0.0,
    "usgs_mean_q_cfs": 1.977,
    "velocity_feasibility": 0.7,
    "water_intake_score": 0.0
   },
   "type": "Feature"
  },
  {
   "geometry": {
    "coordinates": [
     -77.848213,
     35.457675
    ],
    "type": "Point"
   },
   "properties": {
    "accumulation": 20384.0,
    "bank_slope_deg": 0.86,
    "bank_slope_score": 1.0,
    "beach_dist_km": 138.83,
    "bridge_proximity_bonus": 0.0,
    "catchment_area_km2": 2.0363,
    "channel_width_m": 2.87,
    "channel_width_score": 1.0,
    "composite_score": 20.3139,
    "cso_density": 0.0,
    "dem_lat": 35.457578,
    "dem_lon": -77.848169,
    "ej_index": 0.2173,
    "elevation_m": 26.4138,
    "estuary_dist_km": 169.45,
    "feasibility_score": 53.2468,
    "flood_q10_cfs": null,
    "flow_score": 7.3287,
    "flow_velocity_ms": 0.1254,
    "generation_score": 4.226,
    "impact_score": 30.7565,
    "impervious_pct": 2.45,
    "land_ownership": 0.5,
    "lat": 35.4576,
    "litter_complaint_density": 0.0,
    "lon": -77.8482,
    "npdes_points": 0,
    "pixel_col": 2135.0,
    "pixel_row": 128.0,
    "population_density": 70.3,
    "position_along": 0.5,
    "protected_area_score": 0.0,
    "rank": 109,
    "river_name": "Beaver Dam",
    "road_access_m": 237.7,
    "road_access_score": 0.8,
    "road_density_km_km2": 1.466,
    "robustness_pct": 0.0,
    "runoff_coeff_C": 0.0721,
    "seasonal_cv": 0.4192,
    "segment_id": 3,
    "segment_length_m": 471.8843,
    "snap_dist_m": 11.5,
    "stream_order": 1,
    "superfund_score": 0.0,
    "tourism_amenity_density": 0.0,
    "tri_facility_density": 0.0,
    "usgs_mean_q_cfs": 3.654,
    "velocity_feasibility": 0.7,
    "water_intake_score": 0.0
   },
   "type": "Feature"
  },
  {
   "geometry": {
    "coordinates": [
     -78.047802,
     35.43162
    ],
    "type": "Point"
   },
   "properties": {
    "accumulation": 26300.0,
    "bank_slope_deg": 1.14,
    "bank_slope_score": 1.0,
    "beach_dist_km": 137.86,
    "bridge_proximity_bonus": 0.0,
    "catchment_area_km2": 2.6272,
    "channel_width_m": 3.15,
    "channel_width_score": 1.0,
    "composite_score": 19.6271,
    "cso_density": 0.0,
    "ej_index": 0.4563,
    "elevation_m": 28.8975,
    "estuary_dist_km": 186.33,
    "feasibility_score": 53.2468,
    "flood_q10_cfs": null,
    "flow_score": 8.9578,
    "flow_velocity_ms": 0.1391,
    "generation_score": 10.9193,
    "impact_score": 20.416,
    "impervious_pct": 8.93,
    "land_ownership": 0.5,
    "lat": 35.4316,
    "litter_complaint_density": 0.0,
    "lon": -78.0478,
    "npdes_points": 0,
    "pixel_col": 312.0,
    "pixel_row": 362.0,
    "population_density": 74.1,
    "position_along": 0.5,
    "protected_area_score": 0.0,
    "rank": 110,
    "river_name": "Canal, The",
    "road_access_m": 279.8,
    "road_access_score": 0.8,
    "road_density_km_km2": 3.792,
    "robustness_pct": 0.0,
    "runoff_coeff_C": 0.1304,
    "seasonal_cv": 0.4127,
    "segment_id": 16,
    "segment_length_m": 1699.3519,
    "stream_order": 1,
    "superfund_score": 0.0,
    "tourism_amenity_density": 0.2387,
    "tri_facility_density": 0.0,
    "usgs_mean_q_cfs": 3.298,
    "velocity_feasibility": 0.7,
    "water_intake_score": 0.0
   },
   "type": "Feature"
  },
  {
   "geometry": {
    "coordinates": [
     -78.026361,
     35.44878
    ],
    "type": "Point"
   },
   "properties": {
    "accumulation": 53345.0,
    "bank_slope_deg": 0.3,
    "bank_slope_score": 1.0,
    "beach_dist_km": 139.42,
    "bridge_proximity_bonus": 0.0,
    "catchment_area_km2": 5.3289,
    "channel_width_m": 4.07,
    "channel_width_score": 1.0,
    "composite_score": 19.3888,
    "cso_density": 0.0,
    "dem_lat": 35.448762,
    "dem_lon": -78.026291,
    "ej_index": 0.1704,
    "elevation_m": 24.7546,
    "estuary_dist_km": 184.85,
    "feasibility_score": 53.2468,
    "flood_q10_cfs": null,
    "flow_score": 18.4583,
    "flow_velocity_ms": 0.0684,
    "generation_score": 11.834,
    "impact_score": 10.7901,
    "impervious_pct": 3.82,
    "land_ownership": 0.5,
    "lat": 35.4488,
    "litter_complaint_density": 0.0,
    "lon": -78.0263,
    "npdes_points": 2,
    "pixel_col": 512.0,
    "pixel_row": 179.0,
    "population_density": 116.3,
    "position_along": 0.5,
    "protected_area_score": 0.0,
    "rank": 111,
    "river_name": "Peacock Branch",
    "road_access_m": 200.3,
    "road_access_score": 0.8,
    "road_density_km_km2": 2.342,
    "robustness_pct": 0.0,
    "runoff_coeff_C": 0.0844,
    "seasonal_cv": 0.4306,
    "segment_id": 2,
    "segment_length_m": 2287.8655,
    "snap_dist_m": 6.6,
    "stream_order": 1,
    "superfund_score": 0.0,
    "tourism_amenity_density": 0.7162,
    "tri_facility_density": 0.0,
    "usgs_mean_q_cfs": 18.391,
    "velocity_feasibility": 0.7,
    "water_intake_score": 0.0
   },
   "type": "Feature"
  },
  {
   "geometry": {
    "coordinates": [
     -78.054934,
     35.454701
    ],
    "type": "Point"
   },
   "properties": {
    "accumulation": 30958.0,
    "bank_slope_deg": 1.15,
    "bank_slope_score": 1.0,
    "beach_dist_km": 140.5,
    "bridge_proximity_bonus": 0.0,
    "catchment_area_km2": 3.0926,
    "channel_width_m": 3.34,
    "channel_width_score": 1.0,
    "composite_score": 18.8693,
    "cso_density": 0.0,
    "dem_lat": 35.45468,
    "dem_lon": -78.054947,
    "ej_index": 0.0582,
    "elevation_m": 24.092,
    "estuary_dist_km": 187.53,
    "feasibility_score": 68.8312,
    "flood_q10_cfs": null,
    "flow_score": 30.8032,
    "flow_velocity_ms": 0.5,
    "generation_score": 2.8128,
    "impact_score": 0.0,
    "impervious_pct": null,
    "land_ownership": 0.5,
    "lat": 35.4547,
    "litter_complaint_density": 0.0,
    "lon": -78.0549,
    "npdes_points": 0,
    "pixel_col": 256.0,
    "pixel_row": 105.0,
    "population_density": 86.4,
    "position_along": 0.5,
    "protected_area_score": 0.0,
    "rank": 112,
    "river_name": "Little River",
    "road_access_m": 316.0,
    "road_access_score": 0.8,
    "road_density_km_km2": 1.151,
    "robustness_pct": 0.0,
    "runoff_coeff_C": null,
    "seasonal_cv": null,
    "segment_id": 0,
    "segment_length_m": 1444.927,
    "snap_dist_m": 2.6,
    "stream_order": 1,
    "superfund_score": 0.0,
    "tourism_amenity_density": 0.0,
    "tri_facility_density": 0.0,
    "usgs_mean_q_cfs": null,
    "velocity_feasibility": 1.0,
    "water_intake_score": 0.0
   },
   "type": "Feature"
  },
  {
   "geometry": {
    "coordinates": [
     -78.073533,
     35.299352
    ],
    "type": "Point"
   },
   "properties": {
    "accumulation": 30635.0,
    "bank_slope_deg": 1.78,
    "bank_slope_score": 1.0,
    "beach_dist_km": 123.87,
    "bridge_proximity_bonus": 0.0,
    "catchment_area_km2": 3.0603,
    "channel_width_m": 3.33,
    "channel_width_score": 1.0,
    "composite_score": 17.9169,
    "cso_density": 0.0,
    "dem_lat": 35.299355,
    "dem_lon": -78.073596,
    "ej_index": 0.8876,
    "elevation_m": 37.0261,
    "estuary_dist_km": 186.0,
    "feasibility_score": 0.0,
    "flood_q10_cfs": null,
    "flow_score": 6.0965,
    "flow_velocity_ms": 0.0483,
    "generation_score": 2.389,
    "impact_score": 52.2537,
    "impervious_pct": 1.71,
    "land_ownership": 0.5,
    "lat": 35.2994,
    "litter_complaint_density": 0.0,
    "lon": -78.0736,
    "npdes_points": 0,
    "pixel_col": 31.0,
    "pixel_row": 1825.0,
    "population_density": 74.4,
    "position_along": 0.5,
    "protected_area_score": 0.0,
    "rank": 113,
    "river_name": "Edwards Branch",
    "road_access_m": 1345.0,
    "road_access_score": 0.3,
    "road_density_km_km2": 0.0,
    "robustness_pct": 0.0,
    "runoff_coeff_C": 0.0654,
    "seasonal_cv": 0.4247,
    "segment_id": 68,
    "segment_length_m": 1438.0677,
    "snap_dist_m": 5.8,
    "stream_order": 1,
    "superfund_score": 0.0,
    "tourism_amenity_density": 0.0,
    "tri_facility_density": 0.0,
    "usgs_mean_q_cfs": 4.325,
    "velocity_feasibility": 0.3,
    "water_intake_score": 0.0
   },
   "type": "Feature"
  },
  {
   "geometry": {
    "coordinates": [
     -78.046616,
     35.366683
    ],
    "type": "Point"
   },
   "properties": {
    "accumulation": 24943.0,
    "bank_slope_deg": 8.08,
    "bank_slope_score": 1.0,
    "beach_dist_km": 130.75,
    "bridge_proximity_bonus": 0.0,
    "catchment_area_km2": 2.4917,
    "channel_width_m": 3.09,
    "channel_width_score": 1.0,
    "composite_score": 17.4952,
    "cso_density": 0.0,
    "dem_lat": 35.366779,
    "dem_lon": -78.047207,
    "ej_index": 0.7707,
    "elevation_m": 17.3968,
    "estuary_dist_km": 184.84,
    "feasibility_score": 20.7792,
    "flood_q10_cfs": null,
    "flow_score": 5.7094,
    "flow_velocity_ms": 0.1428,
    "generation_score": 0.9121,
    "impact_score": 42.2579,
    "impervious_pct": 0.42,
    "land_ownership": 0.5,
    "lat": 35.3668,
    "litter_complaint_density": 0.0,
    "lon": -78.0472,
    "npdes_points": 0,
    "pixel_col": 296.0,
    "pixel_row": 1083.0,
    "population_density": 39.9,
    "position_along": 0.5,
    "protected_area_score": 0.0,
    "rank": 114,
    "river_name": "Neuse River",
    "road_access_m": 1069.5,
    "road_access_score": 0.3,
    "road_density_km_km2": 0.434,
    "robustness_pct": 0.0,
    "runoff_coeff_C": 0.0538,
    "seasonal_cv": 0.4326,
    "segment_id": 44,
    "segment_length_m": 418.4809,
    "snap_dist_m": 54.7,
    "stream_order": 1,
    "superfund_score": 0.0,
    "tourism_amenity_density": 0.2387,
    "tri_facility_density": 0.0,
    "usgs_mean_q_cfs": 1.323,
    "velocity_feasibility": 0.7,
    "water_intake_score": 0.0
   },
   "type": "Feature"
  }
 ],
 "note": "GRIME region 'Goldsboro, NC' \u2014 real-data pipeline (DEM\u2192streams\u2192candidates\u2192region-appropriate real parameters\u2192shipped scoring, math unchanged). Width curve: Bieger et al. 2015 JAWRA Table 3, Atlantic Plain. Flood: not applicable here (documented fallback). NC Coastal Plain (SIR HR4 needs 24h-50y precip \u2014 not wired; flood fallback); merged nearby towns: Walnut Creek",
 "provenance": {
  "candidates_pre_gate": 114,
  "constant": [
   "bank_slope_score",
   "channel_width_score",
   "cso_density",
   "flood_q10_cfs",
   "land_ownership",
   "litter_complaint_density",
   "protected_area_score",
   "superfund_score",
   "water_intake_score"
  ],
  "hard_gate_removed": 0,
  "n_parameters": 27,
  "parameters": {
   "bank_slope_score": {
    "kind": "real",
    "n_real": 114,
    "n_sites": 114,
    "source": "region DEM gradient (3x3)"
   },
   "beach_dist_km": {
    "kind": "real",
    "n_real": 114,
    "n_sites": 114,
    "source": "haversine to region ref: Wrightsville Beach (shipped NC reference)"
   },
   "bridge_proximity_bonus": {
    "kind": "real",
    "n_real": 114,
    "n_sites": 114,
    "source": "FHWA/BTS NBI (NTAD), 50 m proximity"
   },
   "catchment_area_km2": {
    "kind": "real",
    "n_real": 114,
    "n_sites": 114,
    "source": "DEM flow accumulation (pipeline)"
   },
   "channel_width_score": {
    "kind": "real",
    "n_real": 114,
    "n_sites": 114,
    "source": "Bieger 2015 APL width curve on DEM drainage area \u2192 shipped width curve"
   },
   "cso_density": {
    "kind": "real",
    "n_real": 114,
    "n_sites": 114,
    "source": "EPA ECHO CSO inventory (national bulk), Cauchy proximity"
   },
   "ej_index": {
    "kind": "real",
    "n_real": 114,
    "n_sites": 114,
    "source": "Census ACS C17002+B03002 two-component demographic index, percentile-ranked within region"
   },
   "estuary_dist_km": {
    "kind": "real",
    "n_real": 114,
    "n_sites": 114,
    "source": "haversine to region ref: Pamlico Sound (shipped NC reference)"
   },
   "flood_q10_cfs": {
    "kind": "fallback",
    "n_real": 0,
    "n_sites": 114,
    "source": "flood regression not valid here (NC Coastal Plain (SIR HR4 needs 24h-50y precip \u2014 not wired; ...) \u2014 NaN, dropped by constant-column handling"
   },
   "flow_velocity_ms": {
    "kind": "real",
    "n_real": 82,
    "n_sites": 114,
    "source": "Manning (region DEM/D8) blended with EROM continuity (shipped M4 logic)"
   },
   "impervious_pct": {
    "kind": "real",
    "n_real": 82,
    "n_sites": 114,
    "source": "EPA StreamCat pctimp2019 (per NHDPlus watershed)"
   },
   "land_ownership": {
    "kind": "fallback",
    "n_real": 0,
    "n_sites": 114,
    "source": "no parcel integration for this region (Durham only) \u2014 unknown 0.5"
   },
   "litter_complaint_density": {
    "kind": "fallback",
    "n_real": 0,
    "n_sites": 114,
    "source": "no machine-readable 311/litter source for this region"
   },
   "npdes_points": {
    "kind": "real",
    "n_real": 114,
    "n_sites": 114,
    "source": "EPA ECHO NPDES outfalls (national bulk), per catchment"
   },
   "population_density": {
    "kind": "real",
    "n_real": 114,
    "n_sites": 114,
    "source": "Census ACS 2022 B01003 block groups (bbox, multi-county), area-weighted"
   },
   "protected_area_score": {
    "kind": "fallback",
    "n_real": 0,
    "n_sites": 114,
    "source": "PAD-US services unreachable; OSM proxy saturates \u2014 documented fallback"
   },
   "road_access_score": {
    "kind": "real",
    "n_real": 114,
    "n_sites": 114,
    "source": "OSM drive network nearest-node distance"
   },
   "road_density_km_km2": {
    "kind": "real",
    "n_real": 114,
    "n_sites": 114,
    "source": "OSM drive network (osmnx, cached) clipped per catchment"
   },
   "runoff_coeff_C": {
    "kind": "real",
    "n_real": 82,
    "n_sites": 114,
    "source": "derived from real impervious_pct (C=0.05+0.009*I)"
   },
   "seasonal_cv": {
    "kind": "real",
    "n_real": 82,
    "n_sites": 114,
    "source": "CV of NHDPlus EROM monthly flows per COMID"
   },
   "stream_order": {
    "kind": "real",
    "n_real": 114,
    "n_sites": 114,
    "source": "DEM stream-network confluence heuristic (pipeline)"
   },
   "superfund_score": {
    "kind": "fallback",
    "n_real": 0,
    "n_sites": 114,
    "source": "not wired (low weight; roadmap)"
   },
   "tourism_amenity_density": {
    "kind": "real",
    "n_real": 114,
    "n_sites": 114,
    "source": "OSM leisure/tourism features per 2 km radius"
   },
   "tri_facility_density": {
    "kind": "real",
    "n_real": 114,
    "n_sites": 114,
    "source": "EPA Envirofacts TRI state=NC (sign-fixed), per catchment"
   },
   "usgs_mean_q_cfs": {
    "kind": "real",
    "n_real": 82,
    "n_sites": 114,
    "source": "NHDPlus EROM qe_ma per COMID (snap-guarded)"
   },
   "velocity_feasibility": {
    "kind": "real",
    "n_real": 82,
    "n_sites": 114,
    "source": "shipped step curve on the computed velocity"
   },
   "water_intake_score": {
    "kind": "fallback",
    "n_real": 0,
    "n_sites": 114,
    "source": "no public surface-intake point layer (NC OneMap is wells-only and NC-only)"
   }
  },
  "varying": [
   "beach_dist_km",
   "bridge_proximity_bonus",
   "catchment_area_km2",
   "ej_index",
   "estuary_dist_km",
   "flow_velocity_ms",
   "impervious_pct",
   "npdes_points",
   "population_density",
   "road_access_score",
   "road_density_km_km2",
   "runoff_coeff_C",
   "seasonal_cv",
   "stream_order",
   "tourism_amenity_density",
   "tri_facility_density",
   "usgs_mean_q_cfs",
   "velocity_feasibility"
  ]
 },
 "region": {
  "bbox": [
   -78.0765,
   35.2861,
   -77.8462,
   35.4635
  ],
  "beach_ref": {
   "label": "Wrightsville Beach (shipped NC reference)",
   "lat": 34.21,
   "lon": -77.79
  },
  "center": [
   -77.971869,
   35.378226
  ],
  "estuary_ref": {
   "label": "Pamlico Sound (shipped NC reference)",
   "lat": 35.05,
   "lon": -76.05
  },
  "flood_method": "none",
  "name": "Goldsboro, NC",
  "notes": "NC Coastal Plain (SIR HR4 needs 24h-50y precip \u2014 not wired; flood fallback); merged nearby towns: Walnut Creek",
  "slug": "goldsboro",
  "state": "NC",
  "utm_epsg": 32618,
  "width_curve": {
   "a": 2.22,
   "b": 0.363,
   "code": "APL",
   "source": "Bieger et al. 2015 JAWRA Table 3, Atlantic Plain"
  }
 },
 "streams": {
  "features": [
   {
    "geometry": {
     "coordinates": [
      [
       [
        -77.883381,
        35.405635
       ],
       [
        -77.883857,
        35.405006
       ],
       [
        -77.88432,
        35.40409
       ],
       [
        -77.885179,
        35.402788
       ],
       [
        -77.885729,
        35.402097
       ],
       [
        -77.88587,
        35.401745
       ],
       [
        -77.887187,
        35.400032
       ],
       [
        -77.887616,
        35.398906
       ],
       [
        -77.888584,
        35.396951
       ],
       [
        -77.888826,
        35.394705
       ],
       [
        -77.889029,
        35.394036
       ],
       [
        -77.888969,
        35.393695
       ],
       [
        -77.886912,
        35.390706
       ],
       [
        -77.884605,
        35.38931
       ],
       [
        -77.883142,
        35.389024
       ],
       [
        -77.882137,
        35.388705
       ],
       [
        -77.880299,
        35.388644
       ],
       [
        -77.878985,
        35.387978
       ],
       [
        -77.871524,
        35.381663
       ],
       [
        -77.871181,
        35.381493
       ],
       [
        -77.869672,
        35.380287
       ],
       [
        -77.867726,
        35.379218
       ],
       [
        -77.867384,
        35.378936
       ],
       [
        -77.865718,
        35.377105
       ],
       [
        -77.865179,
        35.376404
       ],
       [
        -77.863081,
        35.372329
       ],
       [
        -77.861316,
        35.37094
       ],
       [
        -77.860304,
        35.369848
       ],
       [
        -77.858613,
        35.368266
       ],
       [
        -77.857453,
        35.367334
       ],
       [
        -77.855433,
        35.36589
       ],
       [
        -77.854627,
        35.364599
       ],
       [
        -77.852383,
        35.363492
       ],
       [
        -77.852112,
        35.363249
       ],
       [
        -77.851488,
        35.362947
       ],
       [
        -77.851159,
        35.362607
       ],
       [
        -77.850919,
        35.361976
       ],
       [
        -77.850436,
        35.361498
       ],
       [
        -77.847297,
        35.359483
       ],
       [
        -77.84405,
        35.357804
       ],
       [
        -77.842549,
        35.357393
       ],
       [
        -77.840308,
        35.356904
       ],
       [
        -77.838594,
        35.356619
       ],
       [
        -77.836259,
        35.35662
       ],
       [
        -77.833014,
        35.356757
       ],
       [
        -77.832083,
        35.356698
       ],
       [
        -77.828194,
        35.35582
       ],
       [
        -77.827202,
        35.355293
       ],
       [
        -77.819391,
        35.345027
       ]
      ],
      [
       [
        -77.880877,
        35.411069
       ],
       [
        -77.881574,
        35.409566
       ],
       [
        -77.881581,
        35.40818
       ],
       [
        -77.88168,
        35.407592
       ],
       [
        -77.883094,
        35.40597
       ]
      ],
      [
       [
        -77.865348,
        35.419804
       ],
       [
        -77.866374,
        35.419462
       ],
       [
        -77.868862,
        35.418885
       ],
       [
        -77.869533,
        35.418593
       ],
       [
        -77.870841,
        35.418339
       ],
       [
        -77.871739,
        35.418033
       ],
       [
        -77.873111,
        35.41733
       ],
       [
        -77.873981,
        35.41719
       ],
       [
        -77.875218,
        35.417145
       ],
       [
        -77.876039,
        35.416996
       ],
       [
        -77.876615,
        35.416976
       ],
       [
        -77.877065,
        35.416538
       ],
       [
        -77.878171,
        35.415768
       ],
       [
        -77.879708,
        35.414288
       ],
       [
        -77.879987,
        35.414204
       ],
       [
        -77.880808,
        35.412743
       ],
       [
        -77.880929,
        35.41236
       ],
       [
        -77.880539,
        35.411855
       ],
       [
        -77.880815,
        35.411328
       ]
      ],
      [
       [
        -77.857983,
        35.421147
       ],
       [
        -77.858605,
        35.420993
       ],
       [
        -77.860597,
        35.420058
       ],
       [
        -77.861757,
        35.420008
       ],
       [
        -77.863006,
        35.420211
       ],
       [
        -77.863932,
        35.420249
       ],
       [
        -77.865189,
        35.419853
       ]
      ],
      [
       [
        -77.847974,
        35.429922
       ],
       [
        -77.85129,
        35.430074
       ],
       [
        -77.852751,
        35.429003
       ],
       [
        -77.851294,
        35.427779
       ],
       [
        -77.851724,
        35.427356
       ],
       [
        -77.852059,
        35.425861
       ],
       [
        -77.852944,
        35.425421
       ],
       [
        -77.853756,
        35.425263
       ],
       [
        -77.854621,
        35.424855
       ],
       [
        -77.855735,
        35.423801
       ],
       [
        -77.857102,
        35.422723
       ],
       [
        -77.857337,
        35.42246
       ],
       [
        -77.857531,
        35.422065
       ],
       [
        -77.857531,
        35.421345
       ],
       [
        -77.857796,
        35.421176
       ]
      ]
     ],
     "type": "MultiLineString"
    },
    "properties": {
     "length_km": 15.12,
     "n_sites": 3,
     "name": "Bear Creek",
     "order": 2,
     "riverKey": "bear creek",
     "source": "osm",
     "waterway": "stream"
    },
    "type": "Feature"
   },
   {
    "geometry": {
     "coordinates": [
      [
       -77.864691,
       35.441174
      ],
      [
       -77.863779,
       35.441707
      ],
      [
       -77.862705,
       35.442103
      ],
      [
       -77.861504,
       35.44201
      ],
      [
       -77.860987,
       35.442038
      ],
      [
       -77.859967,
       35.442165
      ],
      [
       -77.859323,
       35.442368
      ],
      [
       -77.858947,
       35.442758
      ],
      [
       -77.85886,
       35.443258
      ],
      [
       -77.857935,
       35.444522
      ],
      [
       -77.85662,
       35.445901
      ],
      [
       -77.856245,
       35.446192
      ],
      [
       -77.855688,
       35.446472
      ],
      [
       -77.853647,
       35.446781
      ],
      [
       -77.852755,
       35.447456
      ],
      [
       -77.852469,
       35.447768
      ],
      [
       -77.851723,
       35.449098
      ],
      [
       -77.850784,
       35.450134
      ],
      [
       -77.850696,
       35.450398
      ],
      [
       -77.85072,
       35.451003
      ],
      [
       -77.850829,
       35.451274
      ],
      [
       -77.850779,
       35.451483
      ],
      [
       -77.850904,
       35.4519
      ],
      [
       -77.850895,
       35.45222
      ],
      [
       -77.850741,
       35.452703
      ],
      [
       -77.849986,
       35.453583
      ],
      [
       -77.849904,
       35.454098
      ],
      [
       -77.849722,
       35.45449
      ],
      [
       -77.849663,
       35.455024
      ],
      [
       -77.849,
       35.456192
      ],
      [
       -77.849404,
       35.456702
      ],
      [
       -77.848659,
       35.457075
      ],
      [
       -77.848398,
       35.457619
      ],
      [
       -77.847821,
       35.457795
      ],
      [
       -77.847089,
       35.458728
      ],
      [
       -77.846687,
       35.459009
      ],
      [
       -77.845801,
       35.459119
      ],
      [
       -77.845532,
       35.459009
      ],
      [
       -77.845176,
       35.458614
      ],
      [
       -77.844639,
       35.458614
      ],
      [
       -77.844398,
       35.45868
      ],
      [
       -77.843908,
       35.458889
      ],
      [
       -77.843458,
       35.459191
      ],
      [
       -77.842431,
       35.460054
      ],
      [
       -77.842083,
       35.460493
      ],
      [
       -77.841432,
       35.461498
      ],
      [
       -77.841251,
       35.461971
      ],
      [
       -77.84154,
       35.46358
      ],
      [
       -77.841366,
       35.463948
      ],
      [
       -77.841312,
       35.464601
      ],
      [
       -77.841387,
       35.465667
      ],
      [
       -77.841461,
       35.466013
      ],
      [
       -77.841931,
       35.466771
      ],
      [
       -77.843435,
       35.468522
      ],
      [
       -77.843597,
       35.468819
      ],
      [
       -77.843617,
       35.469187
      ],
      [
       -77.843202,
       35.470313
      ],
      [
       -77.842456,
       35.470873
      ],
      [
       -77.842061,
       35.471576
      ],
      [
       -77.84098,
       35.472538
      ],
      [
       -77.840995,
       35.474855
      ]
     ],
     "type": "LineString"
    },
    "properties": {
     "length_km": 5.19,
     "n_sites": 1,
     "name": "Beaver Dam",
     "order": 2,
     "riverKey": "beaver dam",
     "source": "osm",
     "waterway": "stream"
    },
    "type": "Feature"
   },
   {
    "geometry": {
     "coordinates": [
      [
       -77.979407,
       35.40586
      ],
      [
       -77.980049,
       35.405402
      ],
      [
       -77.980328,
       35.405104
      ],
      [
       -77.980942,
       35.403982
      ],
      [
       -77.98122,
       35.403204
      ],
      [
       -77.981331,
       35.402517
      ],
      [
       -77.981329,
       35.401579
      ],
      [
       -77.981049,
       35.400596
      ],
      [
       -77.980992,
       35.399909
      ],
      [
       -77.981242,
       35.399085
      ],
      [
       -77.98194,
       35.398398
      ],
      [
       -77.982554,
       35.398146
      ],
      [
       -77.984258,
       35.397847
      ],
      [
       -77.984789,
       35.39764
      ],
      [
       -77.985264,
       35.397319
      ],
      [
       -77.985487,
       35.39693
      ],
      [
       -77.985654,
       35.396472
      ],
      [
       -77.985764,
       35.395374
      ],
      [
       -77.986125,
       35.394138
      ],
      [
       -77.987157,
       35.392764
      ],
      [
       -77.987408,
       35.392077
      ],
      [
       -77.987518,
       35.391322
      ],
      [
       -77.987374,
       35.388622
      ],
      [
       -77.987541,
       35.387935
      ],
      [
       -77.987622,
       35.386265
      ],
      [
       -77.9879,
       35.385349
      ],
      [
       -77.988541,
       35.384067
      ],
      [
       -77.98935,
       35.383265
      ],
      [
       -77.9915,
       35.382073
      ],
      [
       -77.99189,
       35.381638
      ],
      [
       -77.992643,
       35.380516
      ],
      [
       -77.993419,
       35.376625
      ],
      [
       -77.993864,
       35.375137
      ],
      [
       -77.994782,
       35.372985
      ],
      [
       -77.995006,
       35.372894
      ],
      [
       -77.995424,
       35.37239
      ],
      [
       -77.996317,
       35.372114
      ],
      [
       -78.001203,
       35.372043
      ],
      [
       -78.001566,
       35.371952
      ],
      [
       -78.001846,
       35.371358
      ],
      [
       -78.002014,
       35.371221
      ],
      [
       -78.005059,
       35.37127
      ],
      [
       -78.005507,
       35.37095
      ],
      [
       -78.005927,
       35.370264
      ],
      [
       -78.006458,
       35.369807
      ],
      [
       -78.006961,
       35.369647
      ],
      [
       -78.013582,
       35.369677
      ],
      [
       -78.014365,
       35.369609
      ],
      [
       -78.01484,
       35.369289
      ],
      [
       -78.015177,
       35.36826
      ],
      [
       -78.015456,
       35.368054
      ],
      [
       -78.015987,
       35.368009
      ],
      [
       -78.018249,
       35.368423
      ],
      [
       -78.019227,
       35.368355
      ]
     ],
     "type": "LineString"
    },
    "properties": {
     "length_km": 6.7,
     "n_sites": 3,
     "name": "Big Ditch",
     "order": 2,
     "riverKey": "big ditch",
     "source": "nhd",
     "waterway": "stream"
    },
    "type": "Feature"
   },
   {
    "geometry": {
     "coordinates": [
      [
       [
        -77.950196,
        35.389502
       ],
       [
        -77.950498,
        35.389381
       ],
       [
        -77.951825,
        35.38915
       ],
       [
        -77.952442,
        35.388722
       ],
       [
        -77.952917,
        35.388513
       ]
      ],
      [
       [
        -77.946066,
        35.390519
       ],
       [
        -77.946809,
        35.39021
       ],
       [
        -77.949075,
        35.389854
       ]
      ],
      [
       [
        -77.941719,
        35.388006
       ],
       [
        -77.942108,
        35.388398
       ],
       [
        -77.94251,
        35.388657
       ],
       [
        -77.943013,
        35.389475
       ],
       [
        -77.943308,
        35.389722
       ],
       [
        -77.94369,
        35.389925
       ],
       [
        -77.944648,
        35.39021
       ],
       [
        -77.945222,
        35.390646
       ],
       [
        -77.945522,
        35.390617
       ]
      ],
      [
       [
        -77.931578,
        35.383258
       ],
       [
        -77.931947,
        35.383466
       ],
       [
        -77.93316,
        35.385603
       ],
       [
        -77.934401,
        35.385987
       ],
       [
        -77.935635,
        35.386245
       ],
       [
        -77.936997,
        35.386855
       ],
       [
        -77.938171,
        35.387179
       ],
       [
        -77.939224,
        35.387673
       ],
       [
        -77.941223,
        35.387767
       ],
       [
        -77.941558,
        35.387888
       ]
      ]
     ],
     "type": "MultiLineString"
    },
    "properties": {
     "length_km": 2.16,
     "n_sites": 3,
     "name": "Billy Branch",
     "order": 2,
     "riverKey": "billy branch",
     "source": "osm",
     "waterway": "stream"
    },
    "type": "Feature"
   },
   {
    "geometry": {
     "coordinates": [
      [
       -78.046068,
       35.424486
      ],
      [
       -78.044588,
       35.423592
      ],
      [
       -78.043582,
       35.422837
      ],
      [
       -78.043191,
       35.422745
      ],
      [
       -78.04266,
       35.422767
      ],
      [
       -78.041737,
       35.423201
      ],
      [
       -78.039947,
       35.42336
      ],
      [
       -78.038884,
       35.423931
      ],
      [
       -78.038101,
       35.424846
      ],
      [
       -78.037512,
       35.426379
      ],
      [
       -78.037063,
       35.427133
      ],
      [
       -78.036588,
       35.427522
      ],
      [
       -78.036614,
       35.42846
      ],
      [
       -78.035717,
       35.430221
      ],
      [
       -78.035298,
       35.430587
      ],
      [
       -78.034179,
       35.43109
      ],
      [
       -78.033507,
       35.431501
      ],
      [
       -78.033116,
       35.431569
      ],
      [
       -78.032194,
       35.430653
      ],
      [
       -78.031413,
       35.429211
      ],
      [
       -78.031218,
       35.429028
      ],
      [
       -78.030603,
       35.428821
      ],
      [
       -78.028198,
       35.429139
      ],
      [
       -78.025991,
       35.428474
      ],
      [
       -78.025515,
       35.428473
      ],
      [
       -78.024676,
       35.428884
      ],
      [
       -78.023893,
       35.428952
      ],
      [
       -78.022859,
       35.428562
      ],
      [
       -78.022412,
       35.428287
      ],
      [
       -78.021799,
       35.427371
      ],
      [
       -78.021213,
       35.42625
      ],
      [
       -78.020738,
       35.426043
      ],
      [
       -78.020319,
       35.425631
      ],
      [
       -78.020348,
       35.425082
      ],
      [
       -78.020656,
       35.424602
      ],
      [
       -78.020964,
       35.42435
      ],
      [
       -78.021747,
       35.424122
      ],
      [
       -78.022223,
       35.423825
      ],
      [
       -78.022727,
       35.423368
      ],
      [
       -78.024463,
       35.421104
      ],
      [
       -78.026282,
       35.419779
      ],
      [
       -78.027093,
       35.419276
      ],
      [
       -78.028157,
       35.418407
      ],
      [
       -78.02925,
       35.416372
      ],
      [
       -78.029279,
       35.415617
      ],
      [
       -78.02861,
       35.414083
      ],
      [
       -78.028331,
       35.413213
      ],
      [
       -78.02822,
       35.413144
      ],
      [
       -78.028192,
       35.41287
      ],
      [
       -78.027802,
       35.412229
      ],
      [
       -78.027216,
       35.411542
      ],
      [
       -78.027077,
       35.410695
      ],
      [
       -78.026575,
       35.409871
      ],
      [
       -78.025682,
       35.409115
      ],
      [
       -78.025207,
       35.409046
      ],
      [
       -78.021406,
       35.408905
      ],
      [
       -78.020903,
       35.408744
      ],
      [
       -78.020372,
       35.40824
      ],
      [
       -78.019929,
       35.405586
      ]
     ],
     "type": "LineString"
    },
    "properties": {
     "length_km": 6.41,
     "n_sites": 1,
     "name": "Canal, The",
     "order": 2,
     "riverKey": "canal, the",
     "source": "nhd",
     "waterway": "stream"
    },
    "type": "Feature"
   },
   {
    "geometry": {
     "coordinates": [
      [
       -78.001733,
       35.275643
      ],
      [
       -78.001405,
       35.275163
      ],
      [
       -78.001083,
       35.274927
      ],
      [
       -78.000213,
       35.274619
      ],
      [
       -77.999273,
       35.274987
      ],
      [
       -77.999012,
       35.275223
      ],
      [
       -77.998369,
       35.275493
      ],
      [
       -77.997901,
       35.275976
      ],
      [
       -77.997218,
       35.275993
      ],
      [
       -77.996368,
       35.276449
      ],
      [
       -77.995758,
       35.27651
      ],
      [
       -77.995196,
       35.276878
      ],
      [
       -77.993717,
       35.277198
      ],
      [
       -77.993101,
       35.277544
      ],
      [
       -77.992284,
       35.277802
      ],
      [
       -77.991433,
       35.27788
      ],
      [
       -77.990736,
       35.278231
      ],
      [
       -77.990328,
       35.278544
      ],
      [
       -77.989713,
       35.278776
      ],
      [
       -77.988943,
       35.27921
      ],
      [
       -77.988581,
       35.279517
      ],
      [
       -77.988226,
       35.279688
      ],
      [
       -77.987443,
       35.279683
      ],
      [
       -77.987041,
       35.279447
      ],
      [
       -77.986585,
       35.279425
      ],
      [
       -77.985943,
       35.279667
      ],
      [
       -77.984536,
       35.279558
      ],
      [
       -77.984201,
       35.279744
      ],
      [
       -77.983685,
       35.279838
      ],
      [
       -77.983438,
       35.28003
      ],
      [
       -77.983231,
       35.28086
      ],
      [
       -77.983058,
       35.282524
      ],
      [
       -77.983225,
       35.282936
      ],
      [
       -77.983667,
       35.283424
      ],
      [
       -77.98397,
       35.284374
      ],
      [
       -77.984017,
       35.284704
      ],
      [
       -77.98381,
       35.286291
      ],
      [
       -77.983924,
       35.28678
      ],
      [
       -77.984822,
       35.287444
      ],
      [
       -77.985351,
       35.28802
      ],
      [
       -77.986016,
       35.289294
      ],
      [
       -77.986471,
       35.289849
      ],
      [
       -77.986961,
       35.290161
      ],
      [
       -77.987845,
       35.290414
      ],
      [
       -77.988475,
       35.290831
      ],
      [
       -77.988749,
       35.291116
      ],
      [
       -77.98924,
       35.292077
      ],
      [
       -77.98922,
       35.293137
      ],
      [
       -77.989428,
       35.293906
      ],
      [
       -77.989402,
       35.294148
      ],
      [
       -77.989543,
       35.294477
      ],
      [
       -77.990615,
       35.295756
      ],
      [
       -77.991527,
       35.296305
      ],
      [
       -77.992572,
       35.297589
      ],
      [
       -77.993217,
       35.298539
      ],
      [
       -77.993666,
       35.299473
      ],
      [
       -77.994114,
       35.299857
      ],
      [
       -77.994377,
       35.300269
      ],
      [
       -77.994639,
       35.301246
      ],
      [
       -77.994894,
       35.303097
      ],
      [
       -77.995082,
       35.303409
      ],
      [
       -77.995726,
       35.303881
      ],
      [
       -77.995941,
       35.304189
      ],
      [
       -77.996109,
       35.304771
      ],
      [
       -77.996163,
       35.305353
      ],
      [
       -77.996404,
       35.305957
      ],
      [
       -77.995969,
       35.30649
      ],
      [
       -77.996218,
       35.306961
      ],
      [
       -77.996212,
       35.307117
      ],
      [
       -77.99586,
       35.307846
      ],
      [
       -77.995883,
       35.307998
      ],
      [
       -77.996132,
       35.308264
      ],
      [
       -77.996189,
       35.30863
      ],
      [
       -77.996303,
       35.308674
      ],
      [
       -77.996206,
       35.309091
      ],
      [
       -77.996335,
       35.309397
      ],
      [
       -77.99634,
       35.310497
      ],
      [
       -77.996577,
       35.310949
      ],
      [
       -77.997059,
       35.311354
      ],
      [
       -77.998073,
       35.311924
      ],
      [
       -77.998663,
       35.312161
      ],
      [
       -77.9992,
       35.312646
      ],
      [
       -78.000077,
       35.313685
      ],
      [
       -78.001091,
       35.315135
      ],
      [
       -78.002347,
       35.315965
      ],
      [
       -78.00234,
       35.316457
      ],
      [
       -78.002592,
       35.316929
      ],
      [
       -78.003469,
       35.31782
      ],
      [
       -78.004727,
       35.318902
      ],
      [
       -78.005437,
       35.319809
      ],
      [
       -78.005618,
       35.319951
      ],
      [
       -78.00602,
       35.320094
      ],
      [
       -78.00624,
       35.320594
      ],
      [
       -78.00693,
       35.321402
      ],
      [
       -78.00693,
       35.321753
      ],
      [
       -78.006976,
       35.321798
      ],
      [
       -78.007332,
       35.321677
      ],
      [
       -78.007808,
       35.321891
      ],
      [
       -78.007901,
       35.322127
      ],
      [
       -78.00786,
       35.322655
      ],
      [
       -78.007921,
       35.322737
      ],
      [
       -78.008176,
       35.322781
      ],
      [
       -78.008141,
       35.323116
      ],
      [
       -78.008242,
       35.323237
      ],
      [
       -78.008651,
       35.32327
      ],
      [
       -78.008456,
       35.323901
      ],
      [
       -78.008811,
       35.323968
      ],
      [
       -78.009072,
       35.324138
      ],
      [
       -78.008992,
       35.32455
      ],
      [
       -78.0093,
       35.324885
      ],
      [
       -78.009347,
       35.325066
      ],
      [
       -78.009219,
       35.325429
      ],
      [
       -78.008053,
       35.326153
      ],
      [
       -78.007784,
       35.326631
      ],
      [
       -78.007743,
       35.327185
      ],
      [
       -78.008124,
       35.329519
      ],
      [
       -78.008035,
       35.330525
      ],
      [
       -78.00766,
       35.331354
      ],
      [
       -78.006298,
       35.332836
      ],
      [
       -78.006084,
       35.333434
      ],
      [
       -78.00621,
       35.333676
      ],
      [
       -78.006191,
       35.334148
      ]
     ],
     "type": "LineString"
    },
    "properties": {
     "length_km": 9.06,
     "n_sites": 5,
     "name": "Carraway Creek",
     "order": 2,
     "riverKey": "carraway creek",
     "source": "osm",
     "waterway": "stream"
    },
    "type": "Feature"
   },
   {
    "geometry": {
     "coordinates": [
      [
       -78.06766,
       35.317084
      ],
      [
       -78.06776,
       35.31693
      ],
      [
       -78.067573,
       35.316013
      ],
      [
       -78.068022,
       35.315437
      ],
      [
       -78.068155,
       35.31514
      ],
      [
       -78.06829,
       35.314382
      ],
      [
       -78.068678,
       35.313547
      ],
      [
       -78.069006,
       35.313152
      ],
      [
       -78.069938,
       35.312537
      ],
      [
       -78.070226,
       35.312449
      ],
      [
       -78.070762,
       35.312103
      ],
      [
       -78.071472,
       35.311251
      ],
      [
       -78.071733,
       35.310746
      ],
      [
       -78.072048,
       35.308989
      ],
      [
       -78.07229,
       35.308451
      ],
      [
       -78.072391,
       35.30794
      ],
      [
       -78.07227,
       35.307643
      ],
      [
       -78.071834,
       35.307231
      ],
      [
       -78.071606,
       35.306891
      ],
      [
       -78.071533,
       35.306523
      ],
      [
       -78.071767,
       35.305875
      ],
      [
       -78.071874,
       35.305133
      ],
      [
       -78.072095,
       35.304452
      ],
      [
       -78.072799,
       35.303705
      ],
      [
       -78.072932,
       35.303343
      ],
      [
       -78.073435,
       35.300838
      ],
      [
       -78.073535,
       35.299312
      ],
      [
       -78.073823,
       35.298175
      ],
      [
       -78.07456,
       35.296791
      ],
      [
       -78.075739,
       35.295247
      ],
      [
       -78.077373,
       35.293616
      ],
      [
       -78.077896,
       35.293435
      ],
      [
       -78.079295,
       35.293319
      ],
      [
       -78.080742,
       35.293116
      ],
      [
       -78.081292,
       35.292973
      ],
      [
       -78.081928,
       35.292731
      ],
      [
       -78.083462,
       35.292314
      ],
      [
       -78.084232,
       35.291924
      ],
      [
       -78.084634,
       35.291836
      ],
      [
       -78.085471,
       35.291243
      ],
      [
       -78.086215,
       35.290984
      ],
      [
       -78.086951,
       35.290786
      ],
      [
       -78.089356,
       35.290369
      ],
      [
       -78.091064,
       35.289989
      ],
      [
       -78.093435,
       35.289154
      ],
      [
       -78.094319,
       35.289192
      ],
      [
       -78.097306,
       35.28879
      ],
      [
       -78.098036,
       35.288757
      ],
      [
       -78.100348,
       35.2893
      ],
      [
       -78.100716,
       35.289525
      ],
      [
       -78.101205,
       35.289509
      ],
      [
       -78.102197,
       35.289641
      ],
      [
       -78.103496,
       35.289003
      ],
      [
       -78.103704,
       35.288833
      ],
      [
       -78.103877,
       35.288602
      ],
      [
       -78.104125,
       35.287959
      ],
      [
       -78.10456,
       35.287575
      ],
      [
       -78.10523,
       35.287311
      ],
      [
       -78.106496,
       35.28714
      ],
      [
       -78.106978,
       35.287178
      ],
      [
       -78.107166,
       35.287261
      ]
     ],
     "type": "LineString"
    },
    "properties": {
     "length_km": 5.87,
     "n_sites": 1,
     "name": "Edwards Branch",
     "order": 2,
     "riverKey": "edwards branch",
     "source": "osm",
     "waterway": "stream"
    },
    "type": "Feature"
   },
   {
    "geometry": {
     "coordinates": [
      [
       -77.912166,
       35.452608
      ],
      [
       -77.909777,
       35.453982
      ],
      [
       -77.909628,
       35.4543
      ],
      [
       -77.909655,
       35.454525
      ],
      [
       -77.909259,
       35.455003
      ],
      [
       -77.909245,
       35.455536
      ],
      [
       -77.908761,
       35.456689
      ],
      [
       -77.907848,
       35.457699
      ],
      [
       -77.907204,
       35.457974
      ],
      [
       -77.90568,
       35.458347
      ],
      [
       -77.903673,
       35.459115
      ],
      [
       -77.903418,
       35.459153
      ],
      [
       -77.902807,
       35.459093
      ],
      [
       -77.901894,
       35.458543
      ],
      [
       -77.901276,
       35.458477
      ],
      [
       -77.900766,
       35.458313
      ],
      [
       -77.900021,
       35.458406
      ],
      [
       -77.898014,
       35.458416
      ],
      [
       -77.896209,
       35.458564
      ],
      [
       -77.895651,
       35.458542
      ],
      [
       -77.895349,
       35.458459
      ],
      [
       -77.894906,
       35.45819
      ],
      [
       -77.894296,
       35.458031
      ],
      [
       -77.894128,
       35.457882
      ],
      [
       -77.893913,
       35.457229
      ],
      [
       -77.893612,
       35.45702
      ],
      [
       -77.893175,
       35.456959
      ],
      [
       -77.893001,
       35.45697
      ],
      [
       -77.892396,
       35.457393
      ],
      [
       -77.891598,
       35.457508
      ],
      [
       -77.889181,
       35.457145
      ],
      [
       -77.888738,
       35.457221
      ],
      [
       -77.887879,
       35.457573
      ],
      [
       -77.886785,
       35.457677
      ],
      [
       -77.886308,
       35.457567
      ],
      [
       -77.885899,
       35.457325
      ],
      [
       -77.883677,
       35.457049
      ],
      [
       -77.883066,
       35.457104
      ],
      [
       -77.881133,
       35.457658
      ],
      [
       -77.8793,
       35.457998
      ],
      [
       -77.878179,
       35.457992
      ],
      [
       -77.876662,
       35.457788
      ],
      [
       -77.87453,
       35.4577
      ],
      [
       -77.873885,
       35.45759
      ],
      [
       -77.872248,
       35.457948
      ],
      [
       -77.871416,
       35.458685
      ],
      [
       -77.870558,
       35.459773
      ],
      [
       -77.869786,
       35.460487
      ],
      [
       -77.869471,
       35.461092
      ],
      [
       -77.869331,
       35.462009
      ],
      [
       -77.86958,
       35.462783
      ],
      [
       -77.869547,
       35.464106
      ],
      [
       -77.870079,
       35.465232
      ],
      [
       -77.870315,
       35.466396
      ],
      [
       -77.870161,
       35.466946
      ],
      [
       -77.870141,
       35.467522
      ],
      [
       -77.869665,
       35.46844
      ],
      [
       -77.869598,
       35.46917
      ]
     ],
     "type": "LineString"
    },
    "properties": {
     "length_km": 5.53,
     "n_sites": 4,
     "name": "Exum Mill Branch",
     "order": 2,
     "riverKey": "exum mill branch",
     "source": "osm",
     "waterway": "stream"
    },
    "type": "Feature"
   },
   {
    "geometry": {
     "coordinates": [
      [
       -77.912133,
       35.325675
      ],
      [
       -77.911829,
       35.325332
      ],
      [
       -77.911871,
       35.325007
      ],
      [
       -77.912874,
       35.323552
      ],
      [
       -77.915582,
       35.323546
      ],
      [
       -77.917847,
       35.323377
      ],
      [
       -77.918858,
       35.324042
      ],
      [
       -77.919026,
       35.324322
      ],
      [
       -77.919972,
       35.32503
      ],
      [
       -77.920246,
       35.325431
      ],
      [
       -77.921371,
       35.325904
      ],
      [
       -77.922874,
       35.326282
      ],
      [
       -77.924856,
       35.32608
      ],
      [
       -77.925399,
       35.326113
      ],
      [
       -77.926056,
       35.325986
      ],
      [
       -77.926774,
       35.325981
      ],
      [
       -77.927175,
       35.326057
      ],
      [
       -77.928884,
       35.32692
      ],
      [
       -77.929172,
       35.327338
      ],
      [
       -77.929379,
       35.327903
      ],
      [
       -77.929715,
       35.328139
      ],
      [
       -77.93066,
       35.328194
      ],
      [
       -77.931377,
       35.328051
      ],
      [
       -77.931826,
       35.328089
      ],
      [
       -77.932952,
       35.328585
      ],
      [
       -77.933857,
       35.329193
      ],
      [
       -77.934225,
       35.32926
      ],
      [
       -77.934594,
       35.329216
      ],
      [
       -77.935117,
       35.329013
      ],
      [
       -77.935699,
       35.328519
      ],
      [
       -77.93714,
       35.327776
      ],
      [
       -77.938012,
       35.327733
      ],
      [
       -77.93848,
       35.32754
      ],
      [
       -77.939002,
       35.327161
      ],
      [
       -77.940987,
       35.326684
      ],
      [
       -77.941979,
       35.326091
      ],
      [
       -77.943432,
       35.325546
      ],
      [
       -77.944478,
       35.324827
      ],
      [
       -77.945449,
       35.324371
      ],
      [
       -77.946863,
       35.32324
      ],
      [
       -77.947802,
       35.322284
      ],
      [
       -77.94811,
       35.321273
      ],
      [
       -77.947875,
       35.320965
      ],
      [
       -77.947712,
       35.320116
      ]
     ],
     "type": "LineString"
    },
    "properties": {
     "length_km": 4.24,
     "n_sites": 1,
     "name": "Fellows Branch",
     "order": 2,
     "riverKey": "fellows branch",
     "source": "osm",
     "waterway": "stream"
    },
    "type": "Feature"
   },
   {
    "geometry": {
     "coordinates": [
      [
       [
        -77.99564,
        35.444432
       ],
       [
        -77.996069,
        35.443323
       ],
       [
        -77.991732,
        35.442287
       ],
       [
        -77.992175,
        35.441161
       ],
       [
        -77.991859,
        35.44104
       ],
       [
        -77.992221,
        35.439915
       ],
       [
        -77.992241,
        35.439476
       ],
       [
        -77.992106,
        35.439019
       ],
       [
        -77.991697,
        35.438377
       ],
       [
        -77.991475,
        35.437856
       ],
       [
        -77.991299,
        35.437691
       ],
       [
        -77.990944,
        35.437531
       ],
       [
        -77.989964,
        35.437308
       ],
       [
        -77.989306,
        35.437302
       ],
       [
        -77.987857,
        35.436661
       ],
       [
        -77.986172,
        35.4357
       ],
       [
        -77.985427,
        35.434975
       ],
       [
        -77.984835,
        35.434652
       ],
       [
        -77.983319,
        35.43421
       ],
       [
        -77.982822,
        35.434238
       ]
      ],
      [
       [
        -77.981238,
        35.434217
       ],
       [
        -77.981101,
        35.434158
       ],
       [
        -77.981029,
        35.433861
       ],
       [
        -77.979836,
        35.432655
       ],
       [
        -77.979105,
        35.431496
       ],
       [
        -77.975392,
        35.43058
       ],
       [
        -77.974372,
        35.430718
       ],
       [
        -77.973803,
        35.430608
       ],
       [
        -77.972857,
        35.430164
       ],
       [
        -77.972393,
        35.429698
       ],
       [
        -77.971728,
        35.429192
       ],
       [
        -77.970466,
        35.428615
       ],
       [
        -77.968989,
        35.427606
       ],
       [
        -77.968452,
        35.42709
       ],
       [
        -77.968145,
        35.426497
       ],
       [
        -77.968151,
        35.426084
       ],
       [
        -77.968674,
        35.424514
       ],
       [
        -77.968868,
        35.423273
       ],
       [
        -77.968693,
        35.422027
       ],
       [
        -77.968309,
        35.420868
       ],
       [
        -77.968243,
        35.420423
       ],
       [
        -77.968557,
        35.419868
       ],
       [
        -77.9691,
        35.419291
       ],
       [
        -77.971394,
        35.417912
       ],
       [
        -77.97161,
        35.417489
       ],
       [
        -77.971661,
        35.417094
       ],
       [
        -77.971144,
        35.414425
       ],
       [
        -77.970868,
        35.41348
       ],
       [
        -77.970326,
        35.412558
       ],
       [
        -77.970043,
        35.411657
       ],
       [
        -77.969902,
        35.410251
       ],
       [
        -77.969559,
        35.408692
       ],
       [
        -77.968209,
        35.405485
       ],
       [
        -77.967069,
        35.404667
       ],
       [
        -77.966014,
        35.403662
       ],
       [
        -77.961097,
        35.400836
       ],
       [
        -77.958309,
        35.39949
       ]
      ]
     ],
     "type": "MultiLineString"
    },
    "properties": {
     "length_km": 7.2,
     "n_sites": 3,
     "name": "Howell Branch",
     "order": 2,
     "riverKey": "howell branch",
     "source": "osm",
     "waterway": "stream"
    },
    "type": "Feature"
   },
   {
    "geometry": {
     "coordinates": [
      [
       [
        -77.884222,
        35.443803
       ],
       [
        -77.882524,
        35.443335
       ],
       [
        -77.881363,
        35.44289
       ],
       [
        -77.879988,
        35.441857
       ],
       [
        -77.878257,
        35.442037
       ],
       [
        -77.877787,
        35.441878
       ],
       [
        -77.876639,
        35.442322
       ],
       [
        -77.876055,
        35.44292
       ],
       [
        -77.876014,
        35.443244
       ],
       [
        -77.876255,
        35.443948
       ],
       [
        -77.877295,
        35.445431
       ],
       [
        -77.877314,
        35.445777
       ],
       [
        -77.877039,
        35.44626
       ],
       [
        -77.875864,
        35.447061
       ],
       [
        -77.874093,
        35.448928
       ],
       [
        -77.874301,
        35.449129
       ],
       [
        -77.874129,
        35.449941
       ]
      ],
      [
       [
        -77.874168,
        35.450113
       ],
       [
        -77.87412,
        35.450416
       ],
       [
        -77.873397,
        35.451237
       ],
       [
        -77.873156,
        35.451769
       ],
       [
        -77.872049,
        35.453181
       ],
       [
        -77.871788,
        35.453736
       ],
       [
        -77.871849,
        35.454829
       ],
       [
        -77.872536,
        35.457196
       ],
       [
        -77.872442,
        35.457641
       ],
       [
        -77.872248,
        35.457948
       ]
      ]
     ],
     "type": "MultiLineString"
    },
    "properties": {
     "length_km": 2.72,
     "n_sites": 1,
     "name": "Jimmy Prong",
     "order": 2,
     "riverKey": "jimmy prong",
     "source": "osm",
     "waterway": "stream"
    },
    "type": "Feature"
   },
   {
    "geometry": {
     "coordinates": [
      [
       -78.099161,
       35.465563
      ],
      [
       -78.098775,
       35.465561
      ],
      [
       -78.09778,
       35.465914
      ],
      [
       -78.096513,
       35.465859
      ],
      [
       -78.093753,
       35.46638
      ],
      [
       -78.092266,
       35.466323
      ],
      [
       -78.091615,
       35.465417
      ],
      [
       -78.090793,
       35.465005
      ],
      [
       -78.088535,
       35.464898
      ],
      [
       -78.087755,
       35.465703
      ],
      [
       -78.087426,
       35.465521
      ],
      [
       -78.086884,
       35.46475
      ],
      [
       -78.087151,
       35.460651
      ],
      [
       -78.087934,
       35.45953
      ],
      [
       -78.089565,
       35.459069
      ],
      [
       -78.08982,
       35.458462
      ],
      [
       -78.089328,
       35.458098
      ],
      [
       -78.087897,
       35.457997
      ],
      [
       -78.087131,
       35.457451
      ],
      [
       -78.085621,
       35.454645
      ],
      [
       -78.08506,
       35.454163
      ],
      [
       -78.082059,
       35.45295
      ],
      [
       -78.08156,
       35.453262
      ],
      [
       -78.08176,
       35.455021
      ],
      [
       -78.080956,
       35.455488
      ],
      [
       -78.080277,
       35.454649
      ],
      [
       -78.079173,
       35.454866
      ],
      [
       -78.078462,
       35.454365
      ],
      [
       -78.078195,
       35.453687
      ],
      [
       -78.077697,
       35.453863
      ],
      [
       -78.077258,
       35.453725
      ],
      [
       -78.077101,
       35.452957
      ],
      [
       -78.077337,
       35.451562
      ],
      [
       -78.076684,
       35.450881
      ],
      [
       -78.077025,
       35.449937
      ],
      [
       -78.07626,
       35.449435
      ],
      [
       -78.075929,
       35.449433
      ],
      [
       -78.073828,
       35.450138
      ],
      [
       -78.073621,
       35.44901
      ],
      [
       -78.073132,
       35.44842
      ],
      [
       -78.072975,
       35.447652
      ],
      [
       -78.072372,
       35.447468
      ],
      [
       -78.072082,
       35.447661
      ],
      [
       -78.070176,
       35.446775
      ],
      [
       -78.068798,
       35.446854
      ],
      [
       -78.067694,
       35.447116
      ],
      [
       -78.067296,
       35.44815
      ],
      [
       -78.065854,
       35.44904
      ],
      [
       -78.065795,
       35.449355
      ],
      [
       -78.066286,
       35.44981
      ],
      [
       -78.06788,
       35.450047
      ],
      [
       -78.068525,
       35.451449
      ],
      [
       -78.070002,
       35.452362
      ],
      [
       -78.070268,
       35.453221
      ],
      [
       -78.070262,
       35.453671
      ],
      [
       -78.069818,
       35.454029
      ],
      [
       -78.066796,
       35.454263
      ],
      [
       -78.063692,
       35.454973
      ],
      [
       -78.06193,
       35.454959
      ],
      [
       -78.061034,
       35.45617
      ],
      [
       -78.060218,
       35.456553
      ],
      [
       -78.059106,
       35.456155
      ],
      [
       -78.059168,
       35.455614
      ],
      [
       -78.058949,
       35.455432
      ],
      [
       -78.056636,
       35.455414
      ],
      [
       -78.054443,
       35.454496
      ],
      [
       -78.052915,
       35.453267
      ],
      [
       -78.052937,
       35.451374
      ],
      [
       -78.053443,
       35.450522
      ],
      [
       -78.05434,
       35.447253
      ],
      [
       -78.054424,
       35.446701
      ],
      [
       -78.054403,
       35.445708
      ],
      [
       -78.053932,
       35.444866
      ],
      [
       -78.053358,
       35.44439
      ],
      [
       -78.050875,
       35.442901
      ],
      [
       -78.050058,
       35.442707
      ],
      [
       -78.049487,
       35.442784
      ],
      [
       -78.048991,
       35.442939
      ],
      [
       -78.048583,
       35.44317
      ],
      [
       -78.04831,
       35.443662
      ],
      [
       -78.048212,
       35.444678
      ],
      [
       -78.04792,
       35.445186
      ],
      [
       -78.04726,
       35.445406
      ],
      [
       -78.044246,
       35.445626
      ],
      [
       -78.043916,
       35.445788
      ],
      [
       -78.042423,
       35.446902
      ],
      [
       -78.040995,
       35.447685
      ],
      [
       -78.039847,
       35.448103
      ],
      [
       -78.038264,
       35.448419
      ],
      [
       -78.037358,
       35.448322
      ],
      [
       -78.034959,
       35.44847
      ],
      [
       -78.03329,
       35.448872
      ],
      [
       -78.032714,
       35.448839
      ],
      [
       -78.031474,
       35.448308
      ],
      [
       -78.030388,
       35.447356
      ],
      [
       -78.030027,
       35.446808
      ],
      [
       -78.029959,
       35.4464
      ],
      [
       -78.030144,
       35.446189
      ],
      [
       -78.030601,
       35.445946
      ],
      [
       -78.030695,
       35.445772
      ],
      [
       -78.030665,
       35.445366
      ],
      [
       -78.030506,
       35.445174
      ],
      [
       -78.030173,
       35.444983
      ],
      [
       -78.030159,
       35.444846
      ],
      [
       -78.030235,
       35.444667
      ],
      [
       -78.030684,
       35.444283
      ],
      [
       -78.0311,
       35.443713
      ],
      [
       -78.030646,
       35.442882
      ],
      [
       -78.030401,
       35.442677
      ],
      [
       -78.03063,
       35.441913
      ],
      [
       -78.029141,
       35.441357
      ],
      [
       -78.028441,
       35.440768
      ],
      [
       -78.0265,
       35.440287
      ],
      [
       -78.025754,
       35.4398
      ],
      [
       -78.025312,
       35.439842
      ],
      [
       -78.02493,
       35.439568
      ],
      [
       -78.025101,
       35.439074
      ],
      [
       -78.026629,
       35.43842
      ],
      [
       -78.027043,
       35.437917
      ],
      [
       -78.026393,
       35.437011
      ],
      [
       -78.024584,
       35.43632
      ],
      [
       -78.022103,
       35.436525
      ],
      [
       -78.021877,
       35.437019
      ],
      [
       -78.022477,
       35.43743
      ],
      [
       -78.022253,
       35.437744
      ],
      [
       -78.020335,
       35.437007
      ],
      [
       -78.019524,
       35.435738
      ],
      [
       -78.018414,
       35.436451
      ],
      [
       -78.017573,
       35.436406
      ],
      [
       -78.015829,
       35.436159
      ],
      [
       -78.015273,
       35.43656
      ],
      [
       -78.014833,
       35.436512
      ],
      [
       -78.014623,
       35.435654
      ],
      [
       -78.014996,
       35.435199
      ],
      [
       -78.015394,
       35.434489
      ],
      [
       -78.015345,
       35.434003
      ],
      [
       -78.015126,
       35.43384
      ],
      [
       -78.013543,
       35.433322
      ],
      [
       -78.012985,
       35.432991
      ],
      [
       -78.012646,
       35.432533
      ],
      [
       -78.012733,
       35.431802
      ],
      [
       -78.012466,
       35.431027
      ],
      [
       -78.012114,
       35.430419
      ],
      [
       -78.011651,
       35.429918
      ],
      [
       -78.011504,
       35.429498
      ],
      [
       -78.011553,
       35.429258
      ],
      [
       -78.011769,
       35.429074
      ],
      [
       -78.01245,
       35.428695
      ],
      [
       -78.015156,
       35.428085
      ],
      [
       -78.016764,
       35.427152
      ],
      [
       -78.017157,
       35.426524
      ],
      [
       -78.0175,
       35.425445
      ],
      [
       -78.017517,
       35.424093
      ],
      [
       -78.017247,
       35.42364
      ],
      [
       -78.013261,
       35.420858
      ],
      [
       -78.011558,
       35.420529
      ],
      [
       -78.009791,
       35.420965
      ],
      [
       -78.009572,
       35.420783
      ],
      [
       -78.009694,
       35.419883
      ],
      [
       -78.009366,
       35.41961
      ],
      [
       -78.008871,
       35.419606
      ],
      [
       -78.008276,
       35.418744
      ],
      [
       -78.007613,
       35.418874
      ],
      [
       -78.007495,
       35.419594
      ],
      [
       -78.006938,
       35.420085
      ],
      [
       -78.004008,
       35.421008
      ],
      [
       -78.002411,
       35.42104
      ],
      [
       -78.001483,
       35.420356
      ],
      [
       -78.00127,
       35.419768
      ],
      [
       -78.002102,
       35.41928
      ],
      [
       -78.001893,
       35.418376
      ],
      [
       -78.002115,
       35.418198
      ],
      [
       -78.002997,
       35.418115
      ],
      [
       -78.002837,
       35.417753
      ],
      [
       -78.001754,
       35.417286
      ],
      [
       -78.002142,
       35.416035
      ],
      [
       -78.002642,
       35.415678
      ],
      [
       -78.003692,
       35.415371
      ],
      [
       -78.002711,
       35.414552
      ],
      [
       -78.002672,
       35.413199
      ],
      [
       -78.003877,
       35.411474
      ],
      [
       -78.004362,
       35.410148
      ],
      [
       -78.00542,
       35.410085
      ],
      [
       -78.006016,
       35.409936
      ],
      [
       -78.005201,
       35.409073
      ],
      [
       -78.005648,
       35.408491
      ],
      [
       -78.007794,
       35.408599
      ],
      [
       -78.009731,
       35.407803
      ],
      [
       -78.010501,
       35.407855
      ],
      [
       -78.010936,
       35.408309
      ],
      [
       -78.011443,
       35.407366
      ],
      [
       -78.011842,
       35.406243
      ],
      [
       -78.010968,
       35.40565
      ],
      [
       -78.010098,
       35.404525
      ],
      [
       -78.010158,
       35.403756
      ],
      [
       -78.011485,
       35.403851
      ],
      [
       -78.012193,
       35.404488
      ],
      [
       -78.014118,
       35.404639
      ],
      [
       -78.014499,
       35.405002
      ],
      [
       -78.014261,
       35.406533
      ],
      [
       -78.014474,
       35.407076
      ],
      [
       -78.015306,
       35.406587
      ],
      [
       -78.015968,
       35.406502
      ],
      [
       -78.017471,
       35.405117
      ],
      [
       -78.017799,
       35.405254
      ],
      [
       -78.017629,
       35.405704
      ],
      [
       -78.017789,
       35.406156
      ],
      [
       -78.018674,
       35.405757
      ],
      [
       -78.019693,
       35.405743
      ],
      [
       -78.020227,
       35.404823
      ],
      [
       -78.021271,
       35.405012
      ],
      [
       -78.021446,
       35.404157
      ],
      [
       -78.020901,
       35.403747
      ],
      [
       -78.021183,
       35.402936
      ],
      [
       -78.022798,
       35.401644
      ],
      [
       -78.025664,
       35.401351
      ],
      [
       -78.025777,
       35.401127
      ],
      [
       -78.025177,
       35.400671
      ],
      [
       -78.025456,
       35.400358
      ],
      [
       -78.025949,
       35.400497
      ],
      [
       -78.026984,
       35.401497
      ],
      [
       -78.027313,
       35.40159
      ],
      [
       -78.028471,
       35.401374
      ],
      [
       -78.029361,
       35.400615
      ],
      [
       -78.029313,
       35.400074
      ],
      [
       -78.027675,
       35.398934
      ],
      [
       -78.025973,
       35.398514
      ],
      [
       -78.025049,
       35.397877
      ],
      [
       -78.023509,
       35.397413
      ],
      [
       -78.023514,
       35.397007
      ],
      [
       -78.025674,
       35.395943
      ],
      [
       -78.026017,
       35.394864
      ],
      [
       -78.026322,
       35.394708
      ],
      [
       -78.026633,
       35.393967
      ],
      [
       -78.025783,
       35.392721
      ],
      [
       -78.026006,
       35.391167
      ],
      [
       -78.025408,
       35.390532
      ],
      [
       -78.025528,
       35.389721
      ],
      [
       -78.025365,
       35.389585
      ],
      [
       -78.024924,
       35.389581
      ],
      [
       -78.024152,
       35.389755
      ],
      [
       -78.024045,
       35.389439
      ],
      [
       -78.024382,
       35.388946
      ],
      [
       -78.023342,
       35.388397
      ],
      [
       -78.02346,
       35.387812
      ],
      [
       -78.024399,
       35.387459
      ],
      [
       -78.024029,
       35.386193
      ],
      [
       -78.023376,
       35.385602
      ],
      [
       -78.023173,
       35.385592
      ],
      [
       -78.022854,
       35.385847
      ],
      [
       -78.022713,
       35.385821
      ],
      [
       -78.022666,
       35.385101
      ],
      [
       -78.022448,
       35.384919
      ],
      [
       -78.021957,
       35.384599
      ],
      [
       -78.020858,
       35.38441
      ],
      [
       -78.020314,
       35.383955
      ],
      [
       -78.01999,
       35.383411
      ],
      [
       -78.02041,
       35.382421
      ],
      [
       -78.019569,
       35.38183
      ],
      [
       -78.020015,
       35.381338
      ],
      [
       -78.020072,
       35.381158
      ],
      [
       -78.01994,
       35.380889
      ],
      [
       -78.020642,
       35.37954
      ],
      [
       -78.021246,
       35.379635
      ],
      [
       -78.022063,
       35.380363
      ],
      [
       -78.022393,
       35.380366
      ],
      [
       -78.022564,
       35.379916
      ],
      [
       -78.022426,
       35.379604
      ],
      [
       -78.022424,
       35.379303
      ],
      [
       -78.022766,
       35.379209
      ],
      [
       -78.023068,
       35.379285
      ],
      [
       -78.023454,
       35.379207
      ],
      [
       -78.023686,
       35.378742
      ],
      [
       -78.024265,
       35.378511
      ],
      [
       -78.024307,
       35.378417
      ],
      [
       -78.024087,
       35.378107
      ],
      [
       -78.024123,
       35.377853
      ],
      [
       -78.024867,
       35.377583
      ],
      [
       -78.025044,
       35.377701
      ],
      [
       -78.025289,
       35.378206
      ],
      [
       -78.025456,
       35.378246
      ],
      [
       -78.025684,
       35.378194
      ],
      [
       -78.025844,
       35.377867
      ],
      [
       -78.02558,
       35.377479
      ],
      [
       -78.025346,
       35.377329
      ],
      [
       -78.025293,
       35.376847
      ],
      [
       -78.025011,
       35.376402
      ]
     ],
     "type": "LineString"
    },
    "properties": {
     "length_km": 29.15,
     "n_sites": 12,
     "name": "Little River",
     "order": 4,
     "riverKey": "little river",
     "source": "osm",
     "waterway": "river"
    },
    "type": "Feature"
   },
   {
    "geometry": {
     "coordinates": [
      [
       -77.85222,
       35.316005
      ],
      [
       -77.848962,
       35.313106
      ],
      [
       -77.848191,
       35.311947
      ],
      [
       -77.847968,
       35.311744
      ],
      [
       -77.847185,
       35.311404
      ],
      [
       -77.846146,
       35.310795
      ],
      [
       -77.845235,
       35.310152
      ],
      [
       -77.845394,
       35.309735
      ],
      [
       -77.845931,
       35.309257
      ],
      [
       -77.845502,
       35.308236
      ],
      [
       -77.845749,
       35.307796
      ],
      [
       -77.845642,
       35.307186
      ],
      [
       -77.845782,
       35.306561
      ],
      [
       -77.845989,
       35.306077
      ],
      [
       -77.846238,
       35.305742
      ],
      [
       -77.847074,
       35.305412
      ],
      [
       -77.847698,
       35.305044
      ],
      [
       -77.847992,
       35.304775
      ],
      [
       -77.848186,
       35.304296
      ],
      [
       -77.848179,
       35.303083
      ],
      [
       -77.848501,
       35.302396
      ],
      [
       -77.849391,
       35.301599
      ],
      [
       -77.849693,
       35.301572
      ],
      [
       -77.85049,
       35.301868
      ],
      [
       -77.852466,
       35.303263
      ],
      [
       -77.853707,
       35.30447
      ],
      [
       -77.854157,
       35.304778
      ],
      [
       -77.854559,
       35.30491
      ],
      [
       -77.855255,
       35.304761
      ],
      [
       -77.856213,
       35.304178
      ],
      [
       -77.857029,
       35.303947
      ],
      [
       -77.857801,
       35.303931
      ],
      [
       -77.858745,
       35.304013
      ],
      [
       -77.859932,
       35.303984
      ],
      [
       -77.860675,
       35.30388
      ],
      [
       -77.862149,
       35.303445
      ],
      [
       -77.862363,
       35.303286
      ],
      [
       -77.862918,
       35.302583
      ]
     ],
     "type": "LineString"
    },
    "properties": {
     "length_km": 3.5,
     "n_sites": 1,
     "name": "Mira Branch",
     "order": 2,
     "riverKey": "mira branch",
     "source": "osm",
     "waterway": "stream"
    },
    "type": "Feature"
   },
   {
    "geometry": {
     "coordinates": [
      [
       -78.14302,
       35.352849
      ],
      [
       -78.142092,
       35.354369
      ],
      [
       -78.14041,
       35.355892
      ],
      [
       -78.139099,
       35.356608
      ],
      [
       -78.136832,
       35.357135
      ],
      [
       -78.135996,
       35.357068
      ],
      [
       -78.135423,
       35.356881
      ],
      [
       -78.133059,
       35.355438
      ],
      [
       -78.132452,
       35.355614
      ],
      [
       -78.132119,
       35.355882
      ],
      [
       -78.131895,
       35.356286
      ],
      [
       -78.131778,
       35.356961
      ],
      [
       -78.130168,
       35.358212
      ],
      [
       -78.127569,
       35.359456
      ],
      [
       -78.125137,
       35.360475
      ],
      [
       -78.124865,
       35.360489
      ],
      [
       -78.121315,
       35.363168
      ],
      [
       -78.120596,
       35.363523
      ],
      [
       -78.119712,
       35.363832
      ],
      [
       -78.118279,
       35.364092
      ],
      [
       -78.116573,
       35.36408
      ],
      [
       -78.114045,
       35.363746
      ],
      [
       -78.110028,
       35.363807
      ],
      [
       -78.108562,
       35.364494
      ],
      [
       -78.105155,
       35.36661
      ],
      [
       -78.103583,
       35.368792
      ],
      [
       -78.102858,
       35.370735
      ],
      [
       -78.102748,
       35.372745
      ],
      [
       -78.102126,
       35.37501
      ],
      [
       -78.101792,
       35.377104
      ],
      [
       -78.101846,
       35.377194
      ],
      [
       -78.101393,
       35.378408
      ],
      [
       -78.100611,
       35.379439
      ],
      [
       -78.099003,
       35.380509
      ],
      [
       -78.09767,
       35.38158
      ],
      [
       -78.095404,
       35.38242
      ],
      [
       -78.093586,
       35.382587
      ],
      [
       -78.091674,
       35.38173
      ],
      [
       -78.089638,
       35.38125
      ],
      [
       -78.087547,
       35.381234
      ],
      [
       -78.084986,
       35.381373
      ],
      [
       -78.082973,
       35.381786
      ],
      [
       -78.080938,
       35.38182
      ],
      [
       -78.078903,
       35.381529
      ],
      [
       -78.072219,
       35.378819
      ],
      [
       -78.070078,
       35.378397
      ],
      [
       -78.067373,
       35.379052
      ],
      [
       -78.064602,
       35.380744
      ],
      [
       -78.061845,
       35.381218
      ],
      [
       -78.059699,
       35.381112
      ],
      [
       -78.057503,
       35.380644
      ],
      [
       -78.05652,
       35.380005
      ],
      [
       -78.055828,
       35.379173
      ],
      [
       -78.05555,
       35.378442
      ],
      [
       -78.055499,
       35.377334
      ],
      [
       -78.055716,
       35.376378
      ],
      [
       -78.056071,
       35.375599
      ],
      [
       -78.056316,
       35.375376
      ],
      [
       -78.056639,
       35.375188
      ],
      [
       -78.056981,
       35.375141
      ],
      [
       -78.057239,
       35.375205
      ],
      [
       -78.057387,
       35.375391
      ],
      [
       -78.057665,
       35.376228
      ],
      [
       -78.0581,
       35.376637
      ],
      [
       -78.058593,
       35.376866
      ],
      [
       -78.059308,
       35.376872
      ],
      [
       -78.059695,
       35.376739
      ],
      [
       -78.06025,
       35.376338
      ],
      [
       -78.060753,
       35.375711
      ],
      [
       -78.060978,
       35.375217
      ],
      [
       -78.061125,
       35.374263
      ],
      [
       -78.061542,
       35.372835
      ],
      [
       -78.061966,
       35.372257
      ],
      [
       -78.063738,
       35.370306
      ],
      [
       -78.064191,
       35.370247
      ],
      [
       -78.06462,
       35.370336
      ],
      [
       -78.065206,
       35.370636
      ],
      [
       -78.066317,
       35.37152
      ],
      [
       -78.066567,
       35.371562
      ],
      [
       -78.067049,
       35.371392
      ],
      [
       -78.067746,
       35.370913
      ],
      [
       -78.068392,
       35.369987
      ],
      [
       -78.068445,
       35.369447
      ],
      [
       -78.068379,
       35.368904
      ],
      [
       -78.067961,
       35.367943
      ],
      [
       -78.067672,
       35.367016
      ],
      [
       -78.067712,
       35.366654
      ],
      [
       -78.067855,
       35.366475
      ],
      [
       -78.068099,
       35.366374
      ],
      [
       -78.06839,
       35.36641
      ],
      [
       -78.069464,
       35.367332
      ],
      [
       -78.069746,
       35.367518
      ],
      [
       -78.070138,
       35.367625
      ],
      [
       -78.071137,
       35.367665
      ],
      [
       -78.072472,
       35.367355
      ],
      [
       -78.073017,
       35.367362
      ],
      [
       -78.073309,
       35.36748
      ],
      [
       -78.074319,
       35.368606
      ],
      [
       -78.07475,
       35.368813
      ],
      [
       -78.075582,
       35.369033
      ],
      [
       -78.076997,
       35.369128
      ],
      [
       -78.077932,
       35.369079
      ],
      [
       -78.079812,
       35.368819
      ],
      [
       -78.081676,
       35.367898
      ],
      [
       -78.083066,
       35.367004
      ],
      [
       -78.083966,
       35.365773
      ],
      [
       -78.084117,
       35.365179
      ],
      [
       -78.083978,
       35.364724
      ],
      [
       -78.083544,
       35.364554
      ],
      [
       -78.081954,
       35.364328
      ],
      [
       -78.080006,
       35.363708
      ],
      [
       -78.078704,
       35.362859
      ],
      [
       -78.078312,
       35.362425
      ],
      [
       -78.077992,
       35.361771
      ],
      [
       -78.077297,
       35.358899
      ],
      [
       -78.077245,
       35.357799
      ],
      [
       -78.077453,
       35.357209
      ],
      [
       -78.078221,
       35.356129
      ],
      [
       -78.080228,
       35.35446
      ],
      [
       -78.082273,
       35.353516
      ],
      [
       -78.082695,
       35.353255
      ],
      [
       -78.082953,
       35.35283
      ],
      [
       -78.082967,
       35.352453
      ],
      [
       -78.082942,
       35.351886
      ],
      [
       -78.082624,
       35.351057
      ],
      [
       -78.082187,
       35.350465
      ],
      [
       -78.081711,
       35.350149
      ],
      [
       -78.080603,
       35.349851
      ],
      [
       -78.0792,
       35.349569
      ],
      [
       -78.076278,
       35.349365
      ],
      [
       -78.073826,
       35.349072
      ],
      [
       -78.070013,
       35.349064
      ],
      [
       -78.068683,
       35.349143
      ],
      [
       -78.067677,
       35.34932
      ],
      [
       -78.066717,
       35.349689
      ],
      [
       -78.064736,
       35.350777
      ],
      [
       -78.063924,
       35.351037
      ],
      [
       -78.061362,
       35.351583
      ],
      [
       -78.060577,
       35.351835
      ],
      [
       -78.05981,
       35.352329
      ],
      [
       -78.058486,
       35.353447
      ],
      [
       -78.056223,
       35.354693
      ],
      [
       -78.055291,
       35.355484
      ],
      [
       -78.054603,
       35.356316
      ],
      [
       -78.054003,
       35.356847
      ],
      [
       -78.052876,
       35.357543
      ],
      [
       -78.051501,
       35.35824
      ],
      [
       -78.050808,
       35.358379
      ],
      [
       -78.050254,
       35.358379
      ],
      [
       -78.04965,
       35.358255
      ],
      [
       -78.049105,
       35.357954
      ],
      [
       -78.048499,
       35.357221
      ],
      [
       -78.047761,
       35.356504
      ],
      [
       -78.046736,
       35.355879
      ],
      [
       -78.045802,
       35.355114
      ],
      [
       -78.044945,
       35.354844
      ],
      [
       -78.042919,
       35.354444
      ],
      [
       -78.042574,
       35.355205
      ],
      [
       -78.042095,
       35.356702
      ],
      [
       -78.04141,
       35.357859
      ],
      [
       -78.040598,
       35.358772
      ],
      [
       -78.039773,
       35.359356
      ],
      [
       -78.038787,
       35.359764
      ],
      [
       -78.036621,
       35.3603
      ],
      [
       -78.035451,
       35.36068
      ],
      [
       -78.034769,
       35.361008
      ],
      [
       -78.034518,
       35.361421
      ],
      [
       -78.034511,
       35.362244
      ],
      [
       -78.034882,
       35.362802
      ],
      [
       -78.035777,
       35.363668
      ],
      [
       -78.036832,
       35.364414
      ],
      [
       -78.037651,
       35.364721
      ],
      [
       -78.038118,
       35.364784
      ],
      [
       -78.038655,
       35.364669
      ],
      [
       -78.038936,
       35.364471
      ],
      [
       -78.039147,
       35.364163
      ],
      [
       -78.039185,
       35.363704
      ],
      [
       -78.038898,
       35.36214
      ],
      [
       -78.038994,
       35.361723
      ],
      [
       -78.039518,
       35.360816
      ],
      [
       -78.039914,
       35.360466
      ],
      [
       -78.040566,
       35.360221
      ],
      [
       -78.04141,
       35.360139
      ],
      [
       -78.044064,
       35.360513
      ],
      [
       -78.045464,
       35.36042
      ],
      [
       -78.046365,
       35.360503
      ],
      [
       -78.0468,
       35.36064
      ],
      [
       -78.047291,
       35.36099
      ],
      [
       -78.047484,
       35.361316
      ],
      [
       -78.047493,
       35.361591
      ],
      [
       -78.047446,
       35.361906
      ],
      [
       -78.046873,
       35.362666
      ],
      [
       -78.046672,
       35.363094
      ],
      [
       -78.046653,
       35.363772
      ],
      [
       -78.04682,
       35.364563
      ],
      [
       -78.046852,
       35.365275
      ],
      [
       -78.046616,
       35.366683
      ],
      [
       -78.046026,
       35.367311
      ],
      [
       -78.045398,
       35.367575
      ],
      [
       -78.044811,
       35.367684
      ],
      [
       -78.042854,
       35.367691
      ],
      [
       -78.041271,
       35.36797
      ],
      [
       -78.039927,
       35.368441
      ],
      [
       -78.038741,
       35.368971
      ],
      [
       -78.038108,
       35.369389
      ],
      [
       -78.037596,
       35.369999
      ],
      [
       -78.037097,
       35.371068
      ],
      [
       -78.037023,
       35.371505
      ],
      [
       -78.036707,
       35.372244
      ],
      [
       -78.03634,
       35.372747
      ],
      [
       -78.035671,
       35.373432
      ],
      [
       -78.034738,
       35.374144
      ],
      [
       -78.033612,
       35.374716
      ],
      [
       -78.031987,
       35.375164
      ],
      [
       -78.030782,
       35.375329
      ],
      [
       -78.027795,
       35.375559
      ],
      [
       -78.024559,
       35.376504
      ],
      [
       -78.023566,
       35.376549
      ],
      [
       -78.022936,
       35.376449
      ],
      [
       -78.0225,
       35.376259
      ],
      [
       -78.022172,
       35.375856
      ],
      [
       -78.02185,
       35.375178
      ],
      [
       -78.021611,
       35.373692
      ],
      [
       -78.021609,
       35.373101
      ],
      [
       -78.021738,
       35.372525
      ],
      [
       -78.022106,
       35.371837
      ],
      [
       -78.022671,
       35.37117
      ],
      [
       -78.02292,
       35.37053
      ],
      [
       -78.022902,
       35.370135
      ],
      [
       -78.02274,
       35.369871
      ],
      [
       -78.022384,
       35.369634
      ],
      [
       -78.021789,
       35.369513
      ],
      [
       -78.02064,
       35.369648
      ],
      [
       -78.02021,
       35.369901
      ],
      [
       -78.018867,
       35.370993
      ],
      [
       -78.018571,
       35.371117
      ],
      [
       -78.018096,
       35.37117
      ],
      [
       -78.017713,
       35.370959
      ],
      [
       -78.018152,
       35.369954
      ],
      [
       -78.019047,
       35.369024
      ],
      [
       -78.019416,
       35.368309
      ],
      [
       -78.019988,
       35.36756
      ],
      [
       -78.020312,
       35.367405
      ],
      [
       -78.020967,
       35.367244
      ],
      [
       -78.021323,
       35.367078
      ],
      [
       -78.021438,
       35.366893
      ],
      [
       -78.021493,
       35.36654
      ],
      [
       -78.021337,
       35.366178
      ],
      [
       -78.020852,
       35.3655
      ],
      [
       -78.020833,
       35.365086
      ],
      [
       -78.020962,
       35.364778
      ],
      [
       -78.021586,
       35.364589
      ],
      [
       -78.022684,
       35.364759
      ],
      [
       -78.023012,
       35.364725
      ],
      [
       -78.023169,
       35.364623
      ],
      [
       -78.023257,
       35.364386
      ],
      [
       -78.023192,
       35.36407
      ],
      [
       -78.023017,
       35.36378
      ],
      [
       -78.021849,
       35.363091
      ],
      [
       -78.02147,
       35.362703
      ],
      [
       -78.021267,
       35.362327
      ],
      [
       -78.021226,
       35.361672
      ],
      [
       -78.021369,
       35.361224
      ],
      [
       -78.022431,
       35.360373
      ],
      [
       -78.022588,
       35.360008
      ],
      [
       -78.022652,
       35.359368
      ],
      [
       -78.022421,
       35.357621
      ],
      [
       -78.02178,
       35.355877
      ],
      [
       -78.021743,
       35.355426
      ],
      [
       -78.021881,
       35.355012
      ],
      [
       -78.022463,
       35.354394
      ],
      [
       -78.023058,
       35.353991
      ],
      [
       -78.024328,
       35.353682
      ],
      [
       -78.025108,
       35.353765
      ],
      [
       -78.025962,
       35.354025
      ],
      [
       -78.026299,
       35.35398
      ],
      [
       -78.026622,
       35.353792
      ],
      [
       -78.026719,
       35.353464
      ],
      [
       -78.026539,
       35.35285
      ],
      [
       -78.025477,
       35.351996
      ],
      [
       -78.025131,
       35.351438
      ],
      [
       -78.025011,
       35.350926
      ],
      [
       -78.025025,
       35.350034
      ],
      [
       -78.024933,
       35.349642
      ],
      [
       -78.024395,
       35.34903
      ],
      [
       -78.024259,
       35.348742
      ],
      [
       -78.024203,
       35.348358
      ],
      [
       -78.024261,
       35.348121
      ],
      [
       -78.02446,
       35.347808
      ],
      [
       -78.025376,
       35.347381
      ],
      [
       -78.025925,
       35.347244
      ],
      [
       -78.027469,
       35.347281
      ],
      [
       -78.027872,
       35.347139
      ],
      [
       -78.028475,
       35.34639
      ],
      [
       -78.028662,
       35.345798
      ],
      [
       -78.028574,
       35.345317
      ],
      [
       -78.028156,
       35.344906
      ],
      [
       -78.026722,
       35.343939
      ],
      [
       -78.026056,
       35.343143
      ],
      [
       -78.025563,
       35.341552
      ],
      [
       -78.025135,
       35.340773
      ],
      [
       -78.024096,
       35.339925
      ],
      [
       -78.021113,
       35.338194
      ],
      [
       -78.019386,
       35.337001
      ],
      [
       -78.01834,
       35.33643
      ],
      [
       -78.017178,
       35.335996
      ],
      [
       -78.015187,
       35.335398
      ],
      [
       -78.012451,
       35.334339
      ],
      [
       -78.011466,
       35.334087
      ],
      [
       -78.010571,
       35.333955
      ],
      [
       -78.008829,
       35.333942
      ],
      [
       -78.006191,
       35.334148
      ],
      [
       -78.005289,
       35.334432
      ],
      [
       -78.00388,
       35.335071
      ],
      [
       -78.002364,
       35.335969
      ],
      [
       -78.001267,
       35.336393
      ],
      [
       -77.997901,
       35.337045
      ],
      [
       -77.994401,
       35.337896
      ],
      [
       -77.992356,
       35.337959
      ],
      [
       -77.991619,
       35.337919
      ],
      [
       -77.990041,
       35.337727
      ],
      [
       -77.988001,
       35.337297
      ],
      [
       -77.987028,
       35.336909
      ],
      [
       -77.986607,
       35.336647
      ],
      [
       -77.986226,
       35.33621
      ],
      [
       -77.985525,
       35.334823
      ],
      [
       -77.98507,
       35.334264
      ],
      [
       -77.981259,
       35.33108
      ],
      [
       -77.977847,
       35.327748
      ],
      [
       -77.976516,
       35.326648
      ],
      [
       -77.974946,
       35.32489
      ],
      [
       -77.970644,
       35.321568
      ],
      [
       -77.969024,
       35.320442
      ],
      [
       -77.967998,
       35.319589
      ],
      [
       -77.967013,
       35.318535
      ],
      [
       -77.966385,
       35.318034
      ],
      [
       -77.965759,
       35.317696
      ],
      [
       -77.964913,
       35.317387
      ],
      [
       -77.96354,
       35.317116
      ],
      [
       -77.962567,
       35.317127
      ],
      [
       -77.960424,
       35.317574
      ],
      [
       -77.959584,
       35.317623
      ],
      [
       -77.957463,
       35.317317
      ],
      [
       -77.956316,
       35.317352
      ],
      [
       -77.955401,
       35.317777
      ],
      [
       -77.953769,
       35.318928
      ],
      [
       -77.952697,
       35.319431
      ],
      [
       -77.952123,
       35.31962
      ],
      [
       -77.948907,
       35.320058
      ],
      [
       -77.947182,
       35.320154
      ],
      [
       -77.944986,
       35.319927
      ],
      [
       -77.944313,
       35.319749
      ],
      [
       -77.942023,
       35.31874
      ],
      [
       -77.941191,
       35.318153
      ],
      [
       -77.941051,
       35.317972
      ],
      [
       -77.940957,
       35.317587
      ],
      [
       -77.941037,
       35.317322
      ],
      [
       -77.943121,
       35.315589
      ],
      [
       -77.945493,
       35.312169
      ],
      [
       -77.947146,
       35.309198
      ],
      [
       -77.947789,
       35.308287
      ],
      [
       -77.94853,
       35.307789
      ],
      [
       -77.95025,
       35.307051
      ],
      [
       -77.951427,
       35.306457
      ],
      [
       -77.951918,
       35.30601
      ],
      [
       -77.952313,
       35.305516
      ],
      [
       -77.952573,
       35.304968
      ],
      [
       -77.952721,
       35.30371
      ],
      [
       -77.952515,
       35.302614
      ],
      [
       -77.95097,
       35.29884
      ],
      [
       -77.950422,
       35.298124
      ],
      [
       -77.949258,
       35.297154
      ],
      [
       -77.948825,
       35.296573
      ],
      [
       -77.948198,
       35.295391
      ],
      [
       -77.94679,
       35.292153
      ],
      [
       -77.946248,
       35.291211
      ],
      [
       -77.944222,
       35.288405
      ],
      [
       -77.942523,
       35.285645
      ],
      [
       -77.941244,
       35.284461
      ],
      [
       -77.940337,
       35.283833
      ],
      [
       -77.9386,
       35.282816
      ],
      [
       -77.937089,
       35.282312
      ],
      [
       -77.936347,
       35.282213
      ],
      [
       -77.93316,
       35.282227
      ],
      [
       -77.932787,
       35.282125
      ],
      [
       -77.932362,
       35.281869
      ],
      [
       -77.932051,
       35.281479
      ],
      [
       -77.931967,
       35.281166
      ],
      [
       -77.931989,
       35.280774
      ],
      [
       -77.932108,
       35.28047
      ],
      [
       -77.93292,
       35.279984
      ],
      [
       -77.933407,
       35.279816
      ],
      [
       -77.935163,
       35.279677
      ],
      [
       -77.935855,
       35.279839
      ],
      [
       -77.936328,
       35.280033
      ],
      [
       -77.937272,
       35.28022
      ],
      [
       -77.938771,
       35.280308
      ],
      [
       -77.939207,
       35.280249
      ],
      [
       -77.939482,
       35.280134
      ],
      [
       -77.940123,
       35.279645
      ],
      [
       -77.940321,
       35.279175
      ],
      [
       -77.940289,
       35.278713
      ],
      [
       -77.93998,
       35.277973
      ],
      [
       -77.939088,
       35.277137
      ],
      [
       -77.937913,
       35.276744
      ],
      [
       -77.937615,
       35.276434
      ],
      [
       -77.937465,
       35.276138
      ],
      [
       -77.937391,
       35.275212
      ],
      [
       -77.937886,
       35.273477
      ],
      [
       -77.937869,
       35.272835
      ],
      [
       -77.937765,
       35.272453
      ],
      [
       -77.937427,
       35.27208
      ],
      [
       -77.936991,
       35.271777
      ],
      [
       -77.93563,
       35.271376
      ],
      [
       -77.935514,
       35.271073
      ],
      [
       -77.935618,
       35.270806
      ],
      [
       -77.935923,
       35.2705
      ],
      [
       -77.937144,
       35.269676
      ],
      [
       -77.93781,
       35.269399
      ],
      [
       -77.938599,
       35.269318
      ],
      [
       -77.939127,
       35.269359
      ],
      [
       -77.939512,
       35.269529
      ],
      [
       -77.940041,
       35.269931
      ],
      [
       -77.940432,
       35.269969
      ],
      [
       -77.940803,
       35.269782
      ],
      [
       -77.940901,
       35.269511
      ],
      [
       -77.940847,
       35.269014
      ],
      [
       -77.940662,
       35.268652
      ],
      [
       -77.940449,
       35.268424
      ],
      [
       -77.940025,
       35.268169
      ],
      [
       -77.938718,
       35.26775
      ],
      [
       -77.936492,
       35.266581
      ],
      [
       -77.934979,
       35.265913
      ],
      [
       -77.933659,
       35.26482
      ],
      [
       -77.932898,
       35.264599
      ],
      [
       -77.931397,
       35.264531
      ],
      [
       -77.929811,
       35.264657
      ],
      [
       -77.927862,
       35.264683
      ],
      [
       -77.92663,
       35.264568
      ],
      [
       -77.92431,
       35.263978
      ],
      [
       -77.91875,
       35.263115
      ],
      [
       -77.91549,
       35.262372
      ],
      [
       -77.913164,
       35.261596
      ],
      [
       -77.91226,
       35.261442
      ],
      [
       -77.910579,
       35.261414
      ],
      [
       -77.906871,
       35.261641
      ],
      [
       -77.905219,
       35.261896
      ],
      [
       -77.9035,
       35.262462
      ],
      [
       -77.900914,
       35.263639
      ],
      [
       -77.899139,
       35.264777
      ],
      [
       -77.898515,
       35.26538
      ],
      [
       -77.898058,
       35.266342
      ],
      [
       -77.898325,
       35.268255
      ],
      [
       -77.898866,
       35.269536
      ],
      [
       -77.899128,
       35.270694
      ],
      [
       -77.89925,
       35.271689
      ],
      [
       -77.899254,
       35.272758
      ],
      [
       -77.899115,
       35.273172
      ],
      [
       -77.898767,
       35.273749
      ],
      [
       -77.898207,
       35.274255
      ],
      [
       -77.897569,
       35.274639
      ],
      [
       -77.896887,
       35.274895
      ],
      [
       -77.896183,
       35.275042
      ],
      [
       -77.895434,
       35.275096
      ],
      [
       -77.894569,
       35.274953
      ],
      [
       -77.893901,
       35.274675
      ],
      [
       -77.893129,
       35.274197
      ],
      [
       -77.892405,
       35.273571
      ],
      [
       -77.891952,
       35.272881
      ],
      [
       -77.891915,
       35.272067
      ],
      [
       -77.89262,
       35.270608
      ],
      [
       -77.892652,
       35.270143
      ],
      [
       -77.892263,
       35.269465
      ],
      [
       -77.891602,
       35.268996
      ],
      [
       -77.891169,
       35.268926
      ],
      [
       -77.890595,
       35.268945
      ],
      [
       -77.889629,
       35.269188
      ],
      [
       -77.888075,
       35.270068
      ],
      [
       -77.887161,
       35.270736
      ],
      [
       -77.886593,
       35.270792
      ],
      [
       -77.886267,
       35.270741
      ],
      [
       -77.885886,
       35.270449
      ],
      [
       -77.885819,
       35.270172
      ],
      [
       -77.886068,
       35.269531
      ],
      [
       -77.886739,
       35.268969
      ],
      [
       -77.887733,
       35.268585
      ],
      [
       -77.888105,
       35.268024
      ],
      [
       -77.888095,
       35.267635
      ],
      [
       -77.887836,
       35.266991
      ],
      [
       -77.887689,
       35.266731
      ],
      [
       -77.887156,
       35.266216
      ],
      [
       -77.886829,
       35.265478
      ],
      [
       -77.886852,
       35.265125
      ],
      [
       -77.887453,
       35.264192
      ],
      [
       -77.887742,
       35.263184
      ],
      [
       -77.888019,
       35.262698
      ],
      [
       -77.888513,
       35.262151
      ],
      [
       -77.888955,
       35.261914
      ],
      [
       -77.889092,
       35.26147
      ],
      [
       -77.889067,
       35.26115
      ],
      [
       -77.888785,
       35.260666
      ],
      [
       -77.888278,
       35.260082
      ],
      [
       -77.887579,
       35.259711
      ],
      [
       -77.88736,
       35.259487
      ],
      [
       -77.887094,
       35.259075
      ],
      [
       -77.886886,
       35.25833
      ],
      [
       -77.886464,
       35.257874
      ],
      [
       -77.885919,
       35.257574
      ],
      [
       -77.883941,
       35.257712
      ],
      [
       -77.883697,
       35.257628
      ],
      [
       -77.883453,
       35.257425
      ],
      [
       -77.883425,
       35.25718
      ],
      [
       -77.883531,
       35.256946
      ],
      [
       -77.884834,
       35.255465
      ],
      [
       -77.884739,
       35.255212
      ],
      [
       -77.884448,
       35.254946
      ],
      [
       -77.884029,
       35.254843
      ],
      [
       -77.883727,
       35.25489
      ],
      [
       -77.882031,
       35.255659
      ],
      [
       -77.881805,
       35.255829
      ],
      [
       -77.881678,
       35.256278
      ],
      [
       -77.881866,
       35.257261
      ],
      [
       -77.881784,
       35.257788
      ],
      [
       -77.881087,
       35.258736
      ],
      [
       -77.880612,
       35.25911
      ],
      [
       -77.880133,
       35.259366
      ],
      [
       -77.879631,
       35.259495
      ],
      [
       -77.879014,
       35.259535
      ],
      [
       -77.878069,
       35.25936
      ],
      [
       -77.877295,
       35.258893
      ],
      [
       -77.876695,
       35.258216
      ],
      [
       -77.876495,
       35.257628
      ],
      [
       -77.876447,
       35.256746
      ],
      [
       -77.8768,
       35.255481
      ],
      [
       -77.877363,
       35.254397
      ],
      [
       -77.877698,
       35.253524
      ],
      [
       -77.878873,
       35.251955
      ],
      [
       -77.879676,
       35.250715
      ],
      [
       -77.880364,
       35.24924
      ],
      [
       -77.881122,
       35.248026
      ],
      [
       -77.882034,
       35.246924
      ],
      [
       -77.882235,
       35.246334
      ],
      [
       -77.882247,
       35.245874
      ],
      [
       -77.88203,
       35.245232
      ],
      [
       -77.881673,
       35.24458
      ],
      [
       -77.880995,
       35.243809
      ]
     ],
     "type": "LineString"
    },
    "properties": {
     "length_km": 62.55,
     "n_sites": 17,
     "name": "Neuse River",
     "order": 4,
     "riverKey": "neuse river",
     "source": "osm",
     "waterway": "river"
    },
    "type": "Feature"
   },
   {
    "geometry": {
     "coordinates": [
      [
       -77.925399,
       35.410124
      ],
      [
       -77.919429,
       35.406158
      ],
      [
       -77.919013,
       35.404901
      ],
      [
       -77.918899,
       35.404055
      ],
      [
       -77.918242,
       35.403407
      ],
      [
       -77.918156,
       35.402594
      ],
      [
       -77.917901,
       35.402248
      ],
      [
       -77.917647,
       35.401392
      ],
      [
       -77.916519,
       35.400293
      ],
      [
       -77.915681,
       35.398694
      ],
      [
       -77.915212,
       35.39798
      ],
      [
       -77.914662,
       35.397662
      ],
      [
       -77.913448,
       35.397442
      ],
      [
       -77.913046,
       35.397425
      ],
      [
       -77.912234,
       35.397573
      ],
      [
       -77.911617,
       35.397249
      ],
      [
       -77.911282,
       35.396711
      ],
      [
       -77.910504,
       35.396518
      ],
      [
       -77.910028,
       35.396288
      ],
      [
       -77.909733,
       35.39581
      ],
      [
       -77.909538,
       35.395101
      ],
      [
       -77.909357,
       35.393656
      ],
      [
       -77.908889,
       35.392102
      ],
      [
       -77.908453,
       35.391317
      ],
      [
       -77.908164,
       35.391043
      ],
      [
       -77.906274,
       35.390372
      ],
      [
       -77.904483,
       35.390025
      ],
      [
       -77.903691,
       35.389778
      ],
      [
       -77.903068,
       35.389438
      ],
      [
       -77.902553,
       35.388946
      ],
      [
       -77.901357,
       35.388106
      ],
      [
       -77.900986,
       35.387997
      ],
      [
       -77.900204,
       35.387523
      ],
      [
       -77.899998,
       35.387503
      ],
      [
       -77.89819,
       35.387482
      ],
      [
       -77.897534,
       35.38771
      ],
      [
       -77.896489,
       35.387625
      ],
      [
       -77.894115,
       35.387875
      ],
      [
       -77.893148,
       35.388055
      ],
      [
       -77.890212,
       35.387802
      ],
      [
       -77.887354,
       35.389366
      ],
      [
       -77.885013,
       35.389541
      ]
     ],
     "type": "LineString"
    },
    "properties": {
     "length_km": 5.15,
     "n_sites": 3,
     "name": "Old Mill Branch",
     "order": 2,
     "riverKey": "old mill branch",
     "source": "osm",
     "waterway": "stream"
    },
    "type": "Feature"
   },
   {
    "geometry": {
     "coordinates": [
      [
       -78.024924,
       35.495801
      ],
      [
       -78.025072,
       35.49523
      ],
      [
       -78.02561,
       35.494027
      ],
      [
       -78.025933,
       35.493593
      ],
      [
       -78.026551,
       35.49316
      ],
      [
       -78.026612,
       35.493001
      ],
      [
       -78.026557,
       35.492748
      ],
      [
       -78.026129,
       35.492298
      ],
      [
       -78.026141,
       35.491919
      ],
      [
       -78.026901,
       35.491315
      ],
      [
       -78.027895,
       35.49075
      ],
      [
       -78.028727,
       35.490387
      ],
      [
       -78.029218,
       35.489948
      ],
      [
       -78.02981,
       35.488773
      ],
      [
       -78.029938,
       35.488262
      ],
      [
       -78.029992,
       35.487439
      ],
      [
       -78.029965,
       35.486697
      ],
      [
       -78.029865,
       35.486412
      ],
      [
       -78.029892,
       35.485852
      ],
      [
       -78.030241,
       35.48539
      ],
      [
       -78.030684,
       35.485045
      ],
      [
       -78.031154,
       35.484512
      ],
      [
       -78.031894,
       35.483189
      ],
      [
       -78.032143,
       35.482898
      ],
      [
       -78.033224,
       35.482118
      ],
      [
       -78.03358,
       35.481723
      ],
      [
       -78.033614,
       35.481261
      ],
      [
       -78.033158,
       35.480207
      ],
      [
       -78.033212,
       35.479724
      ],
      [
       -78.03387,
       35.478648
      ],
      [
       -78.034132,
       35.477764
      ],
      [
       -78.034012,
       35.476649
      ],
      [
       -78.033267,
       35.475012
      ],
      [
       -78.032972,
       35.474556
      ],
      [
       -78.032893,
       35.474133
      ],
      [
       -78.031953,
       35.472623
      ],
      [
       -78.031846,
       35.471387
      ],
      [
       -78.031611,
       35.470947
      ],
      [
       -78.031538,
       35.470486
      ],
      [
       -78.030727,
       35.468816
      ],
      [
       -78.030726,
       35.468058
      ],
      [
       -78.031109,
       35.467098
      ],
      [
       -78.031157,
       35.466521
      ],
      [
       -78.031486,
       35.466076
      ],
      [
       -78.031681,
       35.46534
      ],
      [
       -78.032225,
       35.464138
      ],
      [
       -78.033031,
       35.462886
      ],
      [
       -78.033152,
       35.462392
      ],
      [
       -78.033603,
       35.461497
      ],
      [
       -78.033845,
       35.45986
      ],
      [
       -78.033677,
       35.459163
      ],
      [
       -78.033275,
       35.458877
      ],
      [
       -78.032893,
       35.458229
      ],
      [
       -78.032718,
       35.45774
      ],
      [
       -78.03245,
       35.456378
      ],
      [
       -78.032008,
       35.455005
      ],
      [
       -78.031719,
       35.454467
      ],
      [
       -78.031108,
       35.45406
      ],
      [
       -78.02719,
       35.451961
      ],
      [
       -78.027069,
       35.451725
      ],
      [
       -78.026425,
       35.451137
      ],
      [
       -78.025902,
       35.450406
      ],
      [
       -78.025802,
       35.450088
      ],
      [
       -78.025876,
       35.449506
      ],
      [
       -78.026211,
       35.449171
      ],
      [
       -78.02644,
       35.448572
      ],
      [
       -78.028689,
       35.446936
      ],
      [
       -78.029959,
       35.4464
      ]
     ],
     "type": "LineString"
    },
    "properties": {
     "length_km": 6.42,
     "n_sites": 1,
     "name": "Peacock Branch",
     "order": 2,
     "riverKey": "peacock branch",
     "source": "osm",
     "waterway": "stream"
    },
    "type": "Feature"
   },
   {
    "geometry": {
     "coordinates": [
      [
       [
        -77.864517,
        35.379123
       ],
       [
        -77.864881,
        35.378532
       ],
       [
        -77.865598,
        35.376954
       ]
      ],
      [
       [
        -77.842662,
        35.405812
       ],
       [
        -77.842683,
        35.405992
       ],
       [
        -77.8431,
        35.406016
       ],
       [
        -77.843462,
        35.405696
       ],
       [
        -77.843589,
        35.405213
       ],
       [
        -77.843602,
        35.404648
       ],
       [
        -77.843869,
        35.404313
       ],
       [
        -77.845574,
        35.403977
       ],
       [
        -77.846593,
        35.403921
       ],
       [
        -77.847197,
        35.404262
       ],
       [
        -77.847639,
        35.404712
       ],
       [
        -77.849062,
        35.405865
       ],
       [
        -77.85031,
        35.406414
       ],
       [
        -77.851452,
        35.407304
       ],
       [
        -77.852097,
        35.407457
       ],
       [
        -77.853022,
        35.407429
       ],
       [
        -77.853539,
        35.407253
       ],
       [
        -77.854136,
        35.406775
       ],
       [
        -77.855482,
        35.405495
       ],
       [
        -77.855925,
        35.40488
       ],
       [
        -77.856494,
        35.40433
       ],
       [
        -77.856695,
        35.404287
       ],
       [
        -77.857226,
        35.404495
       ],
       [
        -77.857535,
        35.404494
       ],
       [
        -77.858017,
        35.404247
       ],
       [
        -77.858515,
        35.404219
       ],
       [
        -77.859635,
        35.403505
       ],
       [
        -77.860713,
        35.403247
       ],
       [
        -77.861457,
        35.401549
       ],
       [
        -77.861605,
        35.400841
       ],
       [
        -77.86112,
        35.398929
       ],
       [
        -77.861092,
        35.398452
       ],
       [
        -77.86077,
        35.397057
       ],
       [
        -77.860582,
        35.396535
       ],
       [
        -77.860394,
        35.395457
       ],
       [
        -77.860516,
        35.395046
       ],
       [
        -77.860433,
        35.394514
       ],
       [
        -77.860875,
        35.393863
       ],
       [
        -77.861001,
        35.393485
       ],
       [
        -77.861381,
        35.393003
       ],
       [
        -77.861857,
        35.392657
       ],
       [
        -77.86226,
        35.391752
       ],
       [
        -77.862478,
        35.390871
       ],
       [
        -77.862475,
        35.390393
       ],
       [
        -77.86225,
        35.389855
       ],
       [
        -77.862212,
        35.38925
       ],
       [
        -77.861747,
        35.388442
       ],
       [
        -77.861756,
        35.387468
       ],
       [
        -77.862292,
        35.385078
       ],
       [
        -77.862767,
        35.384418
       ],
       [
        -77.863213,
        35.382372
       ]
      ]
     ],
     "type": "MultiLineString"
    },
    "properties": {
     "length_km": 4.84,
     "n_sites": 2,
     "name": "Peters Branch",
     "order": 2,
     "riverKey": "peters branch",
     "source": "osm",
     "waterway": "stream"
    },
    "type": "Feature"
   },
   {
    "geometry": {
     "coordinates": [
      [
       [
        -77.967069,
        35.279844
       ],
       [
        -77.966842,
        35.280239
       ],
       [
        -77.966674,
        35.280931
       ],
       [
        -77.966179,
        35.281519
       ],
       [
        -77.965946,
        35.282145
       ],
       [
        -77.965932,
        35.283133
       ],
       [
        -77.966107,
        35.284473
       ],
       [
        -77.966066,
        35.284742
       ],
       [
        -77.965597,
        35.285309
       ],
       [
        -77.965457,
        35.28572
       ],
       [
        -77.965437,
        35.286247
       ],
       [
        -77.965766,
        35.286852
       ],
       [
        -77.965472,
        35.287313
       ],
       [
        -77.964762,
        35.287911
       ],
       [
        -77.964407,
        35.288088
       ],
       [
        -77.962384,
        35.28806
       ],
       [
        -77.961647,
        35.287946
       ],
       [
        -77.960957,
        35.287687
       ],
       [
        -77.960267,
        35.287616
       ],
       [
        -77.959222,
        35.287961
       ],
       [
        -77.958362,
        35.288337
       ]
      ],
      [
       [
        -77.958103,
        35.28845
       ],
       [
        -77.957065,
        35.288781
       ],
       [
        -77.956469,
        35.288178
       ],
       [
        -77.956101,
        35.28809
       ],
       [
        -77.955807,
        35.288145
       ],
       [
        -77.95513,
        35.288699
       ],
       [
        -77.954627,
        35.288743
       ],
       [
        -77.951935,
        35.288167
       ],
       [
        -77.951446,
        35.28725
       ],
       [
        -77.950849,
        35.286393
       ],
       [
        -77.950674,
        35.285861
       ],
       [
        -77.950721,
        35.284998
       ],
       [
        -77.950608,
        35.284603
       ],
       [
        -77.95103,
        35.28379
       ],
       [
        -77.951003,
        35.283088
       ],
       [
        -77.951163,
        35.282637
       ],
       [
        -77.951136,
        35.282279
       ],
       [
        -77.950948,
        35.282093
       ],
       [
        -77.950426,
        35.281967
       ],
       [
        -77.950152,
        35.281802
       ],
       [
        -77.949751,
        35.281686
       ],
       [
        -77.949463,
        35.281274
       ],
       [
        -77.948652,
        35.280572
       ],
       [
        -77.947921,
        35.280237
       ],
       [
        -77.947593,
        35.279913
       ],
       [
        -77.947372,
        35.27988
       ],
       [
        -77.94695,
        35.280039
       ],
       [
        -77.94632,
        35.279831
       ],
       [
        -77.946475,
        35.279325
       ],
       [
        -77.946174,
        35.278705
       ],
       [
        -77.946273,
        35.278173
       ],
       [
        -77.946113,
        35.278024
       ],
       [
        -77.945557,
        35.277914
       ],
       [
        -77.945228,
        35.277535
       ],
       [
        -77.945228,
        35.277409
       ],
       [
        -77.945516,
        35.2772
       ],
       [
        -77.945342,
        35.27708
       ],
       [
        -77.945382,
        35.276871
       ],
       [
        -77.944734,
        35.276701
       ],
       [
        -77.944518,
        35.27636
       ],
       [
        -77.944149,
        35.276118
       ],
       [
        -77.944084,
        35.275833
       ],
       [
        -77.943561,
        35.27558
       ],
       [
        -77.943287,
        35.275217
       ],
       [
        -77.941631,
        35.274806
       ],
       [
        -77.941638,
        35.274614
       ],
       [
        -77.941384,
        35.274399
       ],
       [
        -77.941471,
        35.274136
       ],
       [
        -77.941304,
        35.274158
       ],
       [
        -77.940834,
        35.274032
       ],
       [
        -77.940949,
        35.273659
       ],
       [
        -77.940574,
        35.273422
       ],
       [
        -77.940728,
        35.273059
       ],
       [
        -77.940653,
        35.272417
       ],
       [
        -77.940325,
        35.272104
       ],
       [
        -77.940031,
        35.27212
       ],
       [
        -77.93981,
        35.271928
       ],
       [
        -77.939542,
        35.271967
       ],
       [
        -77.939394,
        35.271791
       ],
       [
        -77.939422,
        35.271587
       ],
       [
        -77.939656,
        35.271242
       ],
       [
        -77.939649,
        35.27094
       ],
       [
        -77.940092,
        35.270187
       ],
       [
        -77.939998,
        35.270069
       ],
       [
        -77.940041,
        35.269931
       ]
      ]
     ],
     "type": "MultiLineString"
    },
    "properties": {
     "length_km": 5.04,
     "n_sites": 1,
     "name": "Pine Level Branch",
     "order": 2,
     "riverKey": "pine level branch",
     "source": "osm",
     "waterway": "stream"
    },
    "type": "Feature"
   },
   {
    "geometry": {
     "coordinates": [
      [
       [
        -78.036169,
        35.311921
       ],
       [
        -78.036959,
        35.312472
       ],
       [
        -78.037241,
        35.312917
       ],
       [
        -78.03771,
        35.314137
       ],
       [
        -78.03777,
        35.314636
       ],
       [
        -78.037621,
        35.316736
       ],
       [
        -78.037232,
        35.317014
       ]
      ],
      [
       [
        -78.037131,
        35.317063
       ],
       [
        -78.036951,
        35.317223
       ],
       [
        -78.036617,
        35.317945
       ],
       [
        -78.035393,
        35.319108
       ],
       [
        -78.033903,
        35.319546
       ],
       [
        -78.033473,
        35.320017
       ],
       [
        -78.03246,
        35.320813
       ],
       [
        -78.032337,
        35.320973
       ],
       [
        -78.03233,
        35.321252
       ],
       [
        -78.032252,
        35.321325
       ],
       [
        -78.032154,
        35.321292
       ]
      ],
      [
       [
        -78.033378,
        35.30903
       ],
       [
        -78.033799,
        35.309039
       ],
       [
        -78.034468,
        35.309177
       ],
       [
        -78.035506,
        35.311143
       ],
       [
        -78.036031,
        35.311913
       ]
      ],
      [
       [
        -78.030421,
        35.307381
       ],
       [
        -78.031509,
        35.307923
       ],
       [
        -78.03223,
        35.308591
       ],
       [
        -78.033184,
        35.30903
       ]
      ],
      [
       [
        -78.031931,
        35.321273
       ],
       [
        -78.031762,
        35.321207
       ],
       [
        -78.031664,
        35.321242
       ],
       [
        -78.031545,
        35.321472
       ],
       [
        -78.031172,
        35.321548
       ],
       [
        -78.031029,
        35.321778
       ],
       [
        -78.030362,
        35.321878
       ],
       [
        -78.029365,
        35.322232
       ],
       [
        -78.028877,
        35.322487
       ],
       [
        -78.028239,
        35.32396
       ],
       [
        -78.028297,
        35.32437
       ],
       [
        -78.028153,
        35.324843
       ],
       [
        -78.028204,
        35.324982
       ],
       [
        -78.028515,
        35.325095
       ],
       [
        -78.028565,
        35.325388
       ],
       [
        -78.028179,
        35.325735
       ],
       [
        -78.027598,
        35.325762
       ],
       [
        -78.027308,
        35.326309
       ]
      ],
      [
       [
        -78.027619,
        35.287158
       ],
       [
        -78.027799,
        35.288135
       ],
       [
        -78.024409,
        35.289568
       ],
       [
        -78.024583,
        35.290216
       ],
       [
        -78.024562,
        35.291632
       ],
       [
        -78.023905,
        35.292028
       ],
       [
        -78.023477,
        35.292192
       ],
       [
        -78.022793,
        35.292291
       ],
       [
        -78.022405,
        35.292604
       ],
       [
        -78.022183,
        35.29295
       ],
       [
        -78.022022,
        35.293554
       ],
       [
        -78.021948,
        35.294389
       ],
       [
        -78.022456,
        35.295756
       ],
       [
        -78.022671,
        35.296014
       ],
       [
        -78.023414,
        35.296394
       ],
       [
        -78.024083,
        35.297382
       ],
       [
        -78.02486,
        35.298069
       ],
       [
        -78.024813,
        35.298338
       ],
       [
        -78.024176,
        35.299063
       ],
       [
        -78.024061,
        35.300326
       ],
       [
        -78.024108,
        35.300535
       ],
       [
        -78.024765,
        35.301617
       ],
       [
        -78.025327,
        35.303067
       ],
       [
        -78.025742,
        35.303792
       ],
       [
        -78.026492,
        35.304929
       ],
       [
        -78.027082,
        35.305444
       ],
       [
        -78.027616,
        35.305668
       ],
       [
        -78.029831,
        35.306905
       ],
       [
        -78.030066,
        35.30719
       ],
       [
        -78.030264,
        35.307284
       ]
      ],
      [
       [
        -78.027174,
        35.326532
       ],
       [
        -78.026381,
        35.327588
       ],
       [
        -78.0261,
        35.327757
       ],
       [
        -78.02569,
        35.327879
       ],
       [
        -78.0247,
        35.327829
       ]
      ],
      [
       [
        -78.024536,
        35.327804
       ],
       [
        -78.023082,
        35.327362
       ],
       [
        -78.0227,
        35.327406
       ],
       [
        -78.021575,
        35.327933
       ],
       [
        -78.020917,
        35.329218
       ],
       [
        -78.020481,
        35.329618
       ],
       [
        -78.020434,
        35.329756
       ],
       [
        -78.020649,
        35.330212
       ],
       [
        -78.020313,
        35.330618
       ],
       [
        -78.020259,
        35.330947
       ],
       [
        -78.020761,
        35.331865
       ],
       [
        -78.020821,
        35.332194
       ],
       [
        -78.020794,
        35.332293
       ],
       [
        -78.020285,
        35.332732
       ],
       [
        -78.019796,
        35.332935
       ],
       [
        -78.019474,
        35.332973
       ],
       [
        -78.019011,
        35.33271
       ],
       [
        -78.018509,
        35.332957
       ],
       [
        -78.016894,
        35.332714
       ],
       [
        -78.016519,
        35.332511
       ],
       [
        -78.016305,
        35.3325
       ],
       [
        -78.016204,
        35.332599
       ],
       [
        -78.016156,
        35.33317
       ],
       [
        -78.01625,
        35.333395
       ],
       [
        -78.015861,
        35.333554
       ],
       [
        -78.015827,
        35.333801
       ],
       [
        -78.016183,
        35.334318
       ],
       [
        -78.01732,
        35.3345
       ],
       [
        -78.018272,
        35.335717
       ],
       [
        -78.018464,
        35.336185
       ],
       [
        -78.01834,
        35.33643
       ]
      ]
     ],
     "type": "MultiLineString"
    },
    "properties": {
     "length_km": 7.99,
     "n_sites": 4,
     "name": "Poplar Branch",
     "order": 2,
     "riverKey": "poplar branch",
     "source": "osm",
     "waterway": "stream"
    },
    "type": "Feature"
   },
   {
    "geometry": {
     "coordinates": [
      [
       [
        -77.937118,
        35.405681
       ],
       [
        -77.937347,
        35.40393
       ],
       [
        -77.937592,
        35.402781
       ],
       [
        -77.938415,
        35.401189
       ],
       [
        -77.938782,
        35.40075
       ],
       [
        -77.939131,
        35.400019
       ],
       [
        -77.939357,
        35.399827
       ],
       [
        -77.941005,
        35.398837
       ],
       [
        -77.942268,
        35.39774
       ],
       [
        -77.943899,
        35.397021
       ],
       [
        -77.944777,
        35.396724
       ],
       [
        -77.946395,
        35.396526
       ],
       [
        -77.947018,
        35.396306
       ],
       [
        -77.949641,
        35.396164
       ],
       [
        -77.950532,
        35.3959
       ],
       [
        -77.951028,
        35.395582
       ],
       [
        -77.951397,
        35.395186
       ],
       [
        -77.951725,
        35.394285
       ],
       [
        -77.952073,
        35.393752
       ],
       [
        -77.95298,
        35.393384
       ],
       [
        -77.95314,
        35.393137
       ]
      ],
      [
       [
        -77.932926,
        35.433592
       ],
       [
        -77.932072,
        35.433389
       ],
       [
        -77.929577,
        35.431949
       ],
       [
        -77.92908,
        35.431812
       ],
       [
        -77.928993,
        35.431719
       ],
       [
        -77.928147,
        35.429368
       ],
       [
        -77.925987,
        35.425837
       ],
       [
        -77.925813,
        35.425052
       ],
       [
        -77.925679,
        35.42297
       ],
       [
        -77.925384,
        35.421778
       ],
       [
        -77.925404,
        35.421399
       ],
       [
        -77.926122,
        35.420438
       ],
       [
        -77.92676,
        35.41844
       ],
       [
        -77.927263,
        35.417445
       ],
       [
        -77.928102,
        35.416891
       ],
       [
        -77.929101,
        35.416463
       ],
       [
        -77.929551,
        35.416298
       ],
       [
        -77.930732,
        35.416172
       ],
       [
        -77.932167,
        35.415545
       ],
       [
        -77.932409,
        35.415376
       ],
       [
        -77.932529,
        35.415145
       ],
       [
        -77.932557,
        35.414265
       ],
       [
        -77.932772,
        35.413546
       ],
       [
        -77.932918,
        35.413069
       ],
       [
        -77.933247,
        35.412591
       ],
       [
        -77.933361,
        35.412256
       ],
       [
        -77.9342,
        35.41158
       ],
       [
        -77.935448,
        35.410883
       ],
       [
        -77.935784,
        35.410619
       ],
       [
        -77.93624,
        35.409993
       ],
       [
        -77.936508,
        35.409224
       ],
       [
        -77.93679,
        35.408807
       ],
       [
        -77.936917,
        35.408411
       ],
       [
        -77.936977,
        35.407428
       ],
       [
        -77.937118,
        35.407033
       ],
       [
        -77.937017,
        35.406116
       ],
       [
        -77.937103,
        35.405773
       ]
      ]
     ],
     "type": "MultiLineString"
    },
    "properties": {
     "length_km": 6.09,
     "n_sites": 3,
     "name": "Reedy Branch",
     "order": 2,
     "riverKey": "reedy branch",
     "source": "osm",
     "waterway": "stream"
    },
    "type": "Feature"
   },
   {
    "geometry": {
     "coordinates": [
      [
       [
        -77.960139,
        35.375485
       ],
       [
        -77.960842,
        35.374191
       ],
       [
        -77.960862,
        35.373823
       ],
       [
        -77.961465,
        35.373075
       ],
       [
        -77.961994,
        35.372565
       ],
       [
        -77.96202,
        35.371796
       ],
       [
        -77.962209,
        35.371346
       ],
       [
        -77.962235,
        35.370923
       ],
       [
        -77.962462,
        35.370565
       ],
       [
        -77.963333,
        35.369917
       ],
       [
        -77.963649,
        35.36956
       ],
       [
        -77.963997,
        35.369412
       ],
       [
        -77.964554,
        35.368863
       ],
       [
        -77.965197,
        35.368544
       ],
       [
        -77.965479,
        35.368259
       ],
       [
        -77.965807,
        35.368088
       ],
       [
        -77.966176,
        35.367649
       ],
       [
        -77.966591,
        35.366769
       ],
       [
        -77.967047,
        35.366303
       ],
       [
        -77.96826,
        35.365841
       ],
       [
        -77.968829,
        35.365406
       ],
       [
        -77.969941,
        35.364001
       ],
       [
        -77.970175,
        35.362935
       ],
       [
        -77.970463,
        35.362414
       ],
       [
        -77.97051,
        35.362106
       ],
       [
        -77.97096,
        35.361595
       ],
       [
        -77.971181,
        35.360925
       ],
       [
        -77.97179,
        35.360161
       ],
       [
        -77.971978,
        35.359733
       ],
       [
        -77.972586,
        35.358848
       ],
       [
        -77.97323,
        35.358354
       ],
       [
        -77.973786,
        35.357739
       ],
       [
        -77.974209,
        35.357617
       ],
       [
        -77.974503,
        35.357365
       ],
       [
        -77.97512,
        35.356173
       ],
       [
        -77.975696,
        35.355876
       ],
       [
        -77.976058,
        35.355519
       ],
       [
        -77.976795,
        35.355233
       ],
       [
        -77.977352,
        35.354782
       ],
       [
        -77.977779,
        35.354014
       ],
       [
        -77.978148,
        35.353695
       ],
       [
        -77.978542,
        35.352394
       ],
       [
        -77.979113,
        35.352228
       ],
       [
        -77.979394,
        35.35198
       ],
       [
        -77.979682,
        35.351525
       ],
       [
        -77.979709,
        35.351283
       ],
       [
        -77.979568,
        35.351064
       ],
       [
        -77.979038,
        35.350679
       ],
       [
        -77.979018,
        35.350405
       ],
       [
        -77.979158,
        35.350031
       ],
       [
        -77.979132,
        35.349718
       ],
       [
        -77.979717,
        35.34872
       ],
       [
        -77.980806,
        35.347296
       ],
       [
        -77.980832,
        35.34701
       ],
       [
        -77.980704,
        35.346796
       ],
       [
        -77.980423,
        35.346796
       ],
       [
        -77.980181,
        35.346955
       ],
       [
        -77.979966,
        35.346873
       ],
       [
        -77.980081,
        35.34656
       ],
       [
        -77.980724,
        35.346181
       ],
       [
        -77.9809,
        35.345857
       ],
       [
        -77.980865,
        35.345616
       ],
       [
        -77.980442,
        35.345088
       ],
       [
        -77.980462,
        35.344851
       ],
       [
        -77.980864,
        35.344303
       ],
       [
        -77.981059,
        35.344209
       ],
       [
        -77.981634,
        35.344187
       ],
       [
        -77.981836,
        35.344082
       ],
       [
        -77.982083,
        35.343802
       ],
       [
        -77.982601,
        35.343714
       ],
       [
        -77.983296,
        35.342681
       ],
       [
        -77.98361,
        35.342621
       ],
       [
        -77.98398,
        35.342324
       ],
       [
        -77.984563,
        35.342297
       ],
       [
        -77.984904,
        35.34217
       ],
       [
        -77.986259,
        35.342158
       ],
       [
        -77.986882,
        35.342296
       ],
       [
        -77.987901,
        35.342245
       ],
       [
        -77.988269,
        35.342086
       ],
       [
        -77.988658,
        35.342037
       ],
       [
        -77.989073,
        35.342382
       ],
       [
        -77.990306,
        35.342953
       ],
       [
        -77.991019,
        35.343078
       ],
       [
        -77.991742,
        35.343073
       ],
       [
        -77.991842,
        35.343446
       ],
       [
        -77.992225,
        35.343523
       ],
       [
        -77.992835,
        35.343172
       ],
       [
        -77.993961,
        35.342995
       ],
       [
        -77.994484,
        35.342808
       ],
       [
        -77.995104,
        35.342445
       ],
       [
        -77.996707,
        35.342137
       ],
       [
        -77.996801,
        35.341961
       ],
       [
        -77.996714,
        35.341802
       ],
       [
        -77.99674,
        35.341488
       ],
       [
        -77.996398,
        35.340545
       ],
       [
        -77.996262,
        35.339188
       ],
       [
        -77.995022,
        35.33877
       ],
       [
        -77.994401,
        35.337896
       ]
      ],
      [
       [
        -77.976733,
        35.452152
       ],
       [
        -77.975646,
        35.451163
       ],
       [
        -77.975349,
        35.451133
       ],
       [
        -77.975039,
        35.450952
       ],
       [
        -77.974705,
        35.450598
       ],
       [
        -77.974531,
        35.450076
       ],
       [
        -77.974187,
        35.44973
       ]
      ],
      [
       [
        -77.974119,
        35.449558
       ],
       [
        -77.974006,
        35.449348
       ],
       [
        -77.973916,
        35.448713
       ],
       [
        -77.973798,
        35.448556
       ],
       [
        -77.974092,
        35.447589
       ],
       [
        -77.974113,
        35.447276
       ],
       [
        -77.97379,
        35.446502
       ],
       [
        -77.973375,
        35.445925
       ],
       [
        -77.971675,
        35.444246
       ],
       [
        -77.970655,
        35.443537
       ],
       [
        -77.969768,
        35.44307
       ],
       [
        -77.967957,
        35.442516
       ],
       [
        -77.96587,
        35.442319
       ],
       [
        -77.963937,
        35.442611
       ],
       [
        -77.962595,
        35.443051
       ],
       [
        -77.960951,
        35.443419
       ],
       [
        -77.960293,
        35.443441
       ],
       [
        -77.959233,
        35.443293
       ],
       [
        -77.958668,
        35.443123
       ],
       [
        -77.958199,
        35.442887
       ],
       [
        -77.957682,
        35.442442
       ],
       [
        -77.956024,
        35.440235
       ],
       [
        -77.954843,
        35.439433
       ],
       [
        -77.953808,
        35.438988
       ],
       [
        -77.953198,
        35.438307
       ],
       [
        -77.953064,
        35.437852
       ],
       [
        -77.952762,
        35.437516
       ],
       [
        -77.952049,
        35.436353
       ],
       [
        -77.951574,
        35.436073
       ],
       [
        -77.951339,
        35.435601
       ],
       [
        -77.950009,
        35.434453
       ],
       [
        -77.949627,
        35.433849
       ],
       [
        -77.94864,
        35.433344
       ],
       [
        -77.94744,
        35.432031
       ],
       [
        -77.947138,
        35.431542
       ],
       [
        -77.946674,
        35.43129
       ],
       [
        -77.946426,
        35.431015
       ],
       [
        -77.946581,
        35.430499
       ],
       [
        -77.946613,
        35.429972
       ],
       [
        -77.946949,
        35.429268
       ],
       [
        -77.947781,
        35.428412
       ],
       [
        -77.948572,
        35.427824
       ],
       [
        -77.948753,
        35.427176
       ],
       [
        -77.949049,
        35.426583
       ],
       [
        -77.948888,
        35.425753
       ],
       [
        -77.949122,
        35.425418
       ],
       [
        -77.949276,
        35.424946
       ],
       [
        -77.949263,
        35.424293
       ],
       [
        -77.949371,
        35.423843
       ],
       [
        -77.949685,
        35.42337
       ],
       [
        -77.949947,
        35.423161
       ],
       [
        -77.950397,
        35.42303
       ],
       [
        -77.950558,
        35.422892
       ],
       [
        -77.950605,
        35.422591
       ],
       [
        -77.950483,
        35.422222
       ],
       [
        -77.950497,
        35.421942
       ],
       [
        -77.950678,
        35.421409
       ],
       [
        -77.951241,
        35.4203
       ],
       [
        -77.951475,
        35.419004
       ],
       [
        -77.951818,
        35.418691
       ],
       [
        -77.952154,
        35.418158
       ],
       [
        -77.952555,
        35.417762
       ],
       [
        -77.953595,
        35.416395
       ],
       [
        -77.95438,
        35.414479
       ],
       [
        -77.955875,
        35.412682
       ],
       [
        -77.957304,
        35.409837
       ],
       [
        -77.957223,
        35.409074
       ],
       [
        -77.956517,
        35.407014
       ],
       [
        -77.956316,
        35.405933
       ],
       [
        -77.955846,
        35.40502
       ],
       [
        -77.955671,
        35.404439
       ],
       [
        -77.955765,
        35.403659
       ],
       [
        -77.956469,
        35.401726
       ],
       [
        -77.9568,
        35.399921
       ]
      ],
      [
       [
        -77.954326,
        35.385339
       ],
       [
        -77.954808,
        35.384905
       ],
       [
        -77.956271,
        35.384119
       ],
       [
        -77.956968,
        35.382992
       ],
       [
        -77.957309,
        35.382641
       ],
       [
        -77.957524,
        35.382526
       ],
       [
        -77.959816,
        35.377335
       ],
       [
        -77.959896,
        35.377001
       ],
       [
        -77.959761,
        35.376566
       ],
       [
        -77.960061,
        35.375699
       ]
      ],
      [
       [
        -77.956783,
        35.399567
       ],
       [
        -77.956718,
        35.398755
       ],
       [
        -77.955737,
        35.396904
       ],
       [
        -77.953643,
        35.39385
       ],
       [
        -77.953292,
        35.393489
       ],
       [
        -77.953121,
        35.39306
       ],
       [
        -77.952917,
        35.388513
       ],
       [
        -77.953535,
        35.387387
       ],
       [
        -77.954138,
        35.385696
       ],
       [
        -77.954272,
        35.385606
       ]
      ]
     ],
     "type": "MultiLineString"
    },
    "properties": {
     "length_km": 17.34,
     "n_sites": 16,
     "name": "Stoney Creek",
     "order": 2,
     "riverKey": "stoney creek",
     "source": "osm",
     "waterway": "stream"
    },
    "type": "Feature"
   },
   {
    "geometry": {
     "coordinates": [
      [
       -77.9291,
       35.44217
      ],
      [
       -77.928946,
       35.442362
      ],
      [
       -77.930254,
       35.443136
      ],
      [
       -77.931294,
       35.443345
      ],
      [
       -77.932093,
       35.443213
      ],
      [
       -77.933193,
       35.443329
      ],
      [
       -77.933744,
       35.443477
      ],
      [
       -77.934697,
       35.443225
      ],
      [
       -77.935355,
       35.443175
      ],
      [
       -77.935631,
       35.443224
      ],
      [
       -77.936019,
       35.443455
      ],
      [
       -77.93626,
       35.443477
      ],
      [
       -77.936569,
       35.443345
      ],
      [
       -77.937381,
       35.442582
      ],
      [
       -77.937569,
       35.442247
      ],
      [
       -77.938375,
       35.441478
      ],
      [
       -77.938783,
       35.440545
      ],
      [
       -77.939369,
       35.439512
      ],
      [
       -77.939684,
       35.439029
      ],
      [
       -77.940489,
       35.438183
      ],
      [
       -77.940608,
       35.437249
      ],
      [
       -77.940226,
       35.436222
      ],
      [
       -77.940408,
       35.435608
      ],
      [
       -77.940883,
       35.434855
      ],
      [
       -77.941206,
       35.43446
      ],
      [
       -77.941924,
       35.433948
      ],
      [
       -77.944225,
       35.432603
      ],
      [
       -77.946438,
       35.431037
      ]
     ],
     "type": "LineString"
    },
    "properties": {
     "length_km": 2.5,
     "n_sites": 1,
     "name": "Stoney Run",
     "order": 2,
     "riverKey": "stoney run",
     "source": "osm",
     "waterway": "stream"
    },
    "type": "Feature"
   },
   {
    "geometry": {
     "coordinates": [
      [
       [
        -78.037801,
        35.425595
       ],
       [
        -78.036428,
        35.427646
       ],
       [
        -78.036535,
        35.428113
       ],
       [
        -78.036528,
        35.428563
       ],
       [
        -78.035938,
        35.429299
       ],
       [
        -78.035997,
        35.429628
       ],
       [
        -78.035796,
        35.430408
       ],
       [
        -78.035158,
        35.430776
       ],
       [
        -78.033669,
        35.431264
       ],
       [
        -78.033313,
        35.431868
       ],
       [
        -78.033145,
        35.431835
       ],
       [
        -78.031636,
        35.429616
       ],
       [
        -78.031201,
        35.429111
       ],
       [
        -78.03069,
        35.428754
       ],
       [
        -78.028684,
        35.429275
       ],
       [
        -78.028409,
        35.42928
       ],
       [
        -78.027134,
        35.429077
       ],
       [
        -78.025498,
        35.428417
       ],
       [
        -78.025303,
        35.428466
       ],
       [
        -78.024417,
        35.429026
       ],
       [
        -78.023765,
        35.42901
       ],
       [
        -78.023034,
        35.428757
       ],
       [
        -78.022438,
        35.428493
       ],
       [
        -78.022243,
        35.428328
       ],
       [
        -78.021111,
        35.426428
       ],
       [
        -78.020567,
        35.426175
       ],
       [
        -78.020178,
        35.425823
       ],
       [
        -78.020071,
        35.425647
       ],
       [
        -78.020051,
        35.425224
       ],
       [
        -78.020266,
        35.42473
       ],
       [
        -78.020554,
        35.424379
       ],
       [
        -78.02091,
        35.424165
       ],
       [
        -78.021675,
        35.423967
       ],
       [
        -78.022145,
        35.42371
       ],
       [
        -78.022964,
        35.42293
       ],
       [
        -78.024139,
        35.421332
       ],
       [
        -78.024971,
        35.420531
       ],
       [
        -78.025428,
        35.420229
       ]
      ],
      [
       [
        -78.027998,
        35.418313
       ],
       [
        -78.028529,
        35.417424
       ],
       [
        -78.02875,
        35.416891
       ],
       [
        -78.028985,
        35.41604
       ],
       [
        -78.028952,
        35.415507
       ],
       [
        -78.027652,
        35.412415
       ],
       [
        -78.026941,
        35.411635
       ],
       [
        -78.026901,
        35.410729
       ],
       [
        -78.026593,
        35.410113
       ],
       [
        -78.026412,
        35.40997
       ],
       [
        -78.025877,
        35.409216
       ],
       [
        -78.025665,
        35.409095
       ],
       [
        -78.024517,
        35.409188
       ],
       [
        -78.021847,
        35.409088
       ]
      ],
      [
       [
        -78.021655,
        35.409043
       ],
       [
        -78.020624,
        35.408777
       ],
       [
        -78.020496,
        35.40865
       ],
       [
        -78.020383,
        35.40842
       ],
       [
        -78.0198,
        35.405794
       ]
      ]
     ],
     "type": "MultiLineString"
    },
    "properties": {
     "length_km": 5.22,
     "n_sites": 1,
     "name": "The Canal",
     "order": 2,
     "riverKey": "the canal",
     "source": "osm",
     "waterway": "stream"
    },
    "type": "Feature"
   },
   {
    "geometry": {
     "coordinates": [
      [
       [
        -77.908171,
        35.369306
       ],
       [
        -77.905236,
        35.365285
       ],
       [
        -77.904096,
        35.363566
       ],
       [
        -77.901583,
        35.360884
       ],
       [
        -77.901198,
        35.360359
       ]
      ],
      [
       [
        -77.903377,
        35.340736
       ],
       [
        -77.903547,
        35.340378
       ],
       [
        -77.904031,
        35.340004
       ],
       [
        -77.904286,
        35.339197
       ],
       [
        -77.904854,
        35.338681
       ],
       [
        -77.905043,
        35.338324
       ],
       [
        -77.905553,
        35.337901
       ],
       [
        -77.905729,
        35.337606
       ],
       [
        -77.905984,
        35.337479
       ],
       [
        -77.906191,
        35.337063
       ],
       [
        -77.906418,
        35.336871
       ],
       [
        -77.906476,
        35.336516
       ],
       [
        -77.906754,
        35.336107
       ],
       [
        -77.907046,
        35.335976
       ],
       [
        -77.907127,
        35.335836
       ],
       [
        -77.907108,
        35.335665
       ],
       [
        -77.907349,
        35.334918
       ],
       [
        -77.907307,
        35.334499
       ],
       [
        -77.906834,
        35.33415
       ],
       [
        -77.906354,
        35.333361
       ],
       [
        -77.905828,
        35.333116
       ],
       [
        -77.905829,
        35.333042
       ],
       [
        -77.905346,
        35.332925
       ],
       [
        -77.905132,
        35.332404
       ],
       [
        -77.904589,
        35.332283
       ],
       [
        -77.904509,
        35.332079
       ],
       [
        -77.903899,
        35.33142
       ],
       [
        -77.903423,
        35.331299
       ],
       [
        -77.903255,
        35.331079
       ],
       [
        -77.902781,
        35.330898
       ],
       [
        -77.902633,
        35.330717
       ],
       [
        -77.902331,
        35.329942
       ],
       [
        -77.901796,
        35.329349
       ],
       [
        -77.901729,
        35.329114
       ],
       [
        -77.901332,
        35.329058
       ],
       [
        -77.900864,
        35.328597
       ],
       [
        -77.899925,
        35.328151
       ],
       [
        -77.899412,
        35.327812
       ],
       [
        -77.898994,
        35.327661
       ],
       [
        -77.898503,
        35.327589
       ],
       [
        -77.898404,
        35.327381
       ],
       [
        -77.898176,
        35.327203
       ],
       [
        -77.897532,
        35.326897
       ],
       [
        -77.897189,
        35.326978
       ],
       [
        -77.896856,
        35.326895
       ],
       [
        -77.895523,
        35.326249
       ],
       [
        -77.895049,
        35.326173
       ],
       [
        -77.894627,
        35.326223
       ],
       [
        -77.894077,
        35.325926
       ],
       [
        -77.893849,
        35.325673
       ],
       [
        -77.893508,
        35.325497
       ],
       [
        -77.893025,
        35.325052
       ],
       [
        -77.892965,
        35.324827
       ],
       [
        -77.892837,
        35.324705
       ],
       [
        -77.89283,
        35.324475
       ],
       [
        -77.893033,
        35.32397
       ],
       [
        -77.893033,
        35.323272
       ],
       [
        -77.892062,
        35.322305
       ],
       [
        -77.891626,
        35.322102
       ],
       [
        -77.891076,
        35.322025
       ],
       [
        -77.890238,
        35.321734
       ],
       [
        -77.889731,
        35.321739
       ],
       [
        -77.889535,
        35.321673
       ],
       [
        -77.889133,
        35.321722
       ],
       [
        -77.888637,
        35.321409
       ],
       [
        -77.888381,
        35.32147
       ],
       [
        -77.888014,
        35.321315
       ],
       [
        -77.88788,
        35.321157
       ],
       [
        -77.887123,
        35.320678
       ],
       [
        -77.886561,
        35.320634
       ],
       [
        -77.886347,
        35.320359
       ],
       [
        -77.886058,
        35.320244
       ],
       [
        -77.88573,
        35.319755
       ],
       [
        -77.885522,
        35.319782
       ],
       [
        -77.885402,
        35.319689
       ],
       [
        -77.885376,
        35.318777
       ],
       [
        -77.885208,
        35.318497
       ],
       [
        -77.885157,
        35.317965
       ],
       [
        -77.884877,
        35.31774
       ],
       [
        -77.884795,
        35.317458
       ],
       [
        -77.884436,
        35.317022
       ],
       [
        -77.884141,
        35.317003
       ],
       [
        -77.883897,
        35.316887
       ],
       [
        -77.883622,
        35.316568
       ],
       [
        -77.883566,
        35.316252
       ],
       [
        -77.882842,
        35.315782
       ],
       [
        -77.882144,
        35.314863
       ],
       [
        -77.881821,
        35.314645
       ],
       [
        -77.881017,
        35.314159
       ],
       [
        -77.879355,
        35.313681
       ],
       [
        -77.876769,
        35.312507
       ],
       [
        -77.876131,
        35.312323
       ],
       [
        -77.872255,
        35.310495
       ],
       [
        -77.871653,
        35.31013
       ],
       [
        -77.870566,
        35.308984
       ],
       [
        -77.870201,
        35.308412
       ],
       [
        -77.869768,
        35.307362
       ],
       [
        -77.869287,
        35.30671
       ],
       [
        -77.868347,
        35.305801
       ],
       [
        -77.867652,
        35.305294
       ],
       [
        -77.86629,
        35.30461
       ],
       [
        -77.865167,
        35.303676
       ],
       [
        -77.863938,
        35.303049
       ],
       [
        -77.863058,
        35.302709
       ],
       [
        -77.862918,
        35.302583
       ],
       [
        -77.863574,
        35.301813
       ],
       [
        -77.863648,
        35.301231
       ],
       [
        -77.863581,
        35.300968
       ],
       [
        -77.863004,
        35.29999
       ],
       [
        -77.862817,
        35.299177
       ],
       [
        -77.862554,
        35.298985
       ],
       [
        -77.861884,
        35.298733
       ],
       [
        -77.861254,
        35.29836
       ],
       [
        -77.861026,
        35.297926
       ],
       [
        -77.860737,
        35.296696
       ],
       [
        -77.860669,
        35.295301
       ],
       [
        -77.860843,
        35.294548
       ],
       [
        -77.860916,
        35.292748
       ],
       [
        -77.861149,
        35.292148
       ],
       [
        -77.861398,
        35.29189
       ],
       [
        -77.862074,
        35.291456
       ],
       [
        -77.862389,
        35.290994
       ],
       [
        -77.863098,
        35.290417
       ],
       [
        -77.864224,
        35.290175
       ],
       [
        -77.865161,
        35.290127
       ],
       [
        -77.865515,
        35.290031
       ],
       [
        -77.86588,
        35.289689
       ],
       [
        -77.866008,
        35.289348
       ],
       [
        -77.866394,
        35.288954
       ],
       [
        -77.866556,
        35.288165
       ],
       [
        -77.86692,
        35.287727
       ],
       [
        -77.867047,
        35.286494
       ],
       [
        -77.867339,
        35.285906
       ],
       [
        -77.867296,
        35.285354
       ],
       [
        -77.8675,
        35.284916
       ],
       [
        -77.867621,
        35.28389
       ],
       [
        -77.867864,
        35.283366
       ],
       [
        -77.868497,
        35.282832
       ],
       [
        -77.868551,
        35.281648
       ],
       [
        -77.869394,
        35.280617
       ],
       [
        -77.870036,
        35.280116
       ],
       [
        -77.870639,
        35.279863
       ],
       [
        -77.871865,
        35.279533
       ],
       [
        -77.87317,
        35.278725
       ],
       [
        -77.874073,
        35.277862
       ],
       [
        -77.874388,
        35.277241
       ],
       [
        -77.874507,
        35.276489
       ],
       [
        -77.875027,
        35.275292
       ],
       [
        -77.875176,
        35.274324
       ],
       [
        -77.875115,
        35.27311
       ],
       [
        -77.874895,
        35.271704
       ],
       [
        -77.874883,
        35.269683
       ],
       [
        -77.875046,
        35.268172
       ],
       [
        -77.875307,
        35.267497
       ],
       [
        -77.876996,
        35.266202
       ],
       [
        -77.877357,
        35.265774
       ],
       [
        -77.877445,
        35.265521
       ],
       [
        -77.877198,
        35.265082
       ],
       [
        -77.875752,
        35.264258
       ],
       [
        -77.875244,
        35.263648
       ],
       [
        -77.875077,
        35.26318
       ],
       [
        -77.875224,
        35.262071
       ],
       [
        -77.875011,
        35.261717
       ],
       [
        -77.874348,
        35.261226
       ],
       [
        -77.874241,
        35.260941
       ],
       [
        -77.874281,
        35.260551
       ],
       [
        -77.875253,
        35.259814
       ],
       [
        -77.876254,
        35.259331
       ],
       [
        -77.876227,
        35.25916
       ],
       [
        -77.876394,
        35.258634
       ],
       [
        -77.876695,
        35.258216
       ]
      ],
      [
       [
        -77.903103,
        35.352054
       ],
       [
        -77.903349,
        35.351845
       ],
       [
        -77.903505,
        35.351581
       ],
       [
        -77.903572,
        35.351077
       ],
       [
        -77.903129,
        35.350044
       ],
       [
        -77.902626,
        35.349478
       ],
       [
        -77.902044,
        35.348912
       ],
       [
        -77.901286,
        35.348472
       ],
       [
        -77.900066,
        35.347989
       ],
       [
        -77.89888,
        35.34783
       ],
       [
        -77.898471,
        35.347609
       ],
       [
        -77.897485,
        35.34661
       ],
       [
        -77.897359,
        35.346193
       ],
       [
        -77.897688,
        35.345709
       ],
       [
        -77.898257,
        35.345226
       ],
       [
        -77.898767,
        35.344941
       ],
       [
        -77.899773,
        35.343941
       ],
       [
        -77.900805,
        35.343579
       ],
       [
        -77.901556,
        35.343195
       ],
       [
        -77.901872,
        35.342892
       ],
       [
        -77.902032,
        35.342557
       ],
       [
        -77.902938,
        35.341751
       ],
       [
        -77.903255,
        35.34111
       ]
      ],
      [
       [
        -77.901081,
        35.360235
       ],
       [
        -77.899989,
        35.358685
       ],
       [
        -77.899614,
        35.357803
       ],
       [
        -77.899946,
        35.35727
       ],
       [
        -77.899979,
        35.356775
       ],
       [
        -77.900145,
        35.356371
       ],
       [
        -77.901116,
        35.3552
       ],
       [
        -77.901676,
        35.354179
       ],
       [
        -77.902398,
        35.353328
       ],
       [
        -77.902679,
        35.352642
       ],
       [
        -77.902977,
        35.352216
       ]
      ]
     ],
     "type": "MultiLineString"
    },
    "properties": {
     "length_km": 16.51,
     "n_sites": 9,
     "name": "Walnut Creek",
     "order": 2,
     "riverKey": "walnut creek",
     "source": "osm",
     "waterway": "stream"
    },
    "type": "Feature"
   },
   {
    "geometry": {
     "coordinates": [
      [
       -77.909485,
       35.420255
      ],
      [
       -77.909234,
       35.420392
      ],
      [
       -77.908647,
       35.421079
      ],
      [
       -77.908451,
       35.421148
      ],
      [
       -77.902914,
       35.417603
      ],
      [
       -77.902299,
       35.417511
      ],
      [
       -77.901712,
       35.416779
      ],
      [
       -77.901348,
       35.416711
      ],
      [
       -77.900146,
       35.416688
      ],
      [
       -77.899196,
       35.416139
      ],
      [
       -77.899056,
       35.415933
      ],
      [
       -77.899055,
       35.41511
      ],
      [
       -77.899223,
       35.414881
      ],
      [
       -77.899223,
       35.414583
      ],
      [
       -77.89858,
       35.413943
      ],
      [
       -77.898356,
       35.413416
      ],
      [
       -77.89816,
       35.413188
      ],
      [
       -77.897433,
       35.41289
      ],
      [
       -77.89665,
       35.41209
      ],
      [
       -77.896174,
       35.410305
      ],
      [
       -77.895838,
       35.409664
      ],
      [
       -77.89581,
       35.409458
      ],
      [
       -77.895419,
       35.409024
      ],
      [
       -77.895419,
       35.408863
      ],
      [
       -77.894188,
       35.40685
      ],
      [
       -77.893657,
       35.406255
      ],
      [
       -77.892595,
       35.405477
      ],
      [
       -77.891756,
       35.404196
      ],
      [
       -77.890861,
       35.403304
      ],
      [
       -77.889603,
       35.402435
      ],
      [
       -77.888289,
       35.401359
      ],
      [
       -77.887981,
       35.400947
      ],
      [
       -77.887366,
       35.400536
      ],
      [
       -77.887757,
       35.399849
      ],
      [
       -77.889098,
       35.39692
      ],
      [
       -77.889349,
       35.395363
      ],
      [
       -77.889377,
       35.393922
      ],
      [
       -77.888901,
       35.393098
      ],
      [
       -77.887084,
       35.390741
      ],
      [
       -77.885882,
       35.389941
      ],
      [
       -77.885798,
       35.389712
      ],
      [
       -77.885575,
       35.389712
      ],
      [
       -77.885267,
       35.389552
      ],
      [
       -77.884625,
       35.389414
      ],
      [
       -77.883758,
       35.389323
      ],
      [
       -77.882333,
       35.388911
      ],
      [
       -77.880852,
       35.38882
      ],
      [
       -77.879538,
       35.388134
      ],
      [
       -77.878225,
       35.387127
      ],
      [
       -77.877973,
       35.387035
      ],
      [
       -77.874005,
       35.383878
      ],
      [
       -77.870791,
       35.381132
      ],
      [
       -77.869142,
       35.379919
      ],
      [
       -77.867466,
       35.378981
      ],
      [
       -77.866376,
       35.377883
      ],
      [
       -77.865985,
       35.377265
      ],
      [
       -77.865789,
       35.377173
      ],
      [
       -77.865761,
       35.376921
      ],
      [
       -77.864756,
       35.375159
      ],
      [
       -77.864113,
       35.373649
      ],
      [
       -77.863135,
       35.372161
      ],
      [
       -77.862325,
       35.371406
      ],
      [
       -77.861403,
       35.37088
      ],
      [
       -77.859559,
       35.369003
      ],
      [
       -77.85833,
       35.367996
      ],
      [
       -77.855871,
       35.36628
      ],
      [
       -77.85481,
       35.364907
      ],
      [
       -77.853805,
       35.364083
      ],
      [
       -77.853078,
       35.363648
      ],
      [
       -77.851905,
       35.363121
      ],
      [
       -77.85143,
       35.362755
      ],
      [
       -77.851039,
       35.361954
      ],
      [
       -77.848302,
       35.360077
      ],
      [
       -77.847967,
       35.35978
      ],
      [
       -77.845788,
       35.358749
      ],
      [
       -77.844112,
       35.357834
      ],
      [
       -77.843051,
       35.35749
      ],
      [
       -77.84062,
       35.356986
      ],
      [
       -77.837883,
       35.356734
      ],
      [
       -77.832547,
       35.356847
      ],
      [
       -77.832017,
       35.356778
      ],
      [
       -77.828721,
       35.35593
      ],
      [
       -77.827464,
       35.355449
      ],
      [
       -77.827017,
       35.355129
      ],
      [
       -77.824449,
       35.351627
      ],
      [
       -77.824254,
       35.351466
      ],
      [
       -77.816076,
       35.340799
      ],
      [
       -77.816104,
       35.340662
      ],
      [
       -77.815769,
       35.340318
      ],
      [
       -77.814792,
       35.338945
      ],
      [
       -77.813062,
       35.337136
      ],
      [
       -77.812364,
       35.336907
      ]
     ],
     "type": "LineString"
    },
    "properties": {
     "length_km": 14.06,
     "n_sites": 5,
     "name": "West Bear Creek",
     "order": 2,
     "riverKey": "west bear creek",
     "source": "nhd",
     "waterway": "stream"
    },
    "type": "Feature"
   }
  ],
  "type": "FeatureCollection"
 },
 "type": "FeatureCollection"
}
