{
 "features": [
  {
   "geometry": {
    "coordinates": [
     -80.661161,
     35.314287
    ],
    "type": "Point"
   },
   "properties": {
    "accumulation": 124313.0,
    "bank_slope_deg": 22.36,
    "bank_slope_score": 0.5,
    "bank_slope_source": "nc-dps-lidar-dem03-cross-section",
    "beach_dist_km": 289.58,
    "bridge_proximity_bonus": 0.0,
    "catchment_area_km2": 12.4049,
    "channel_width_m": 8.87,
    "channel_width_score": 1.0,
    "composite_score": 48.9476,
    "cso_density": 0.0,
    "ej_index": 0.2803,
    "elevation_m": 177.3365,
    "estuary_dist_km": 420.06,
    "feasibility_score": 45.0,
    "flood_q10_cfs": 1640.9,
    "flow_score": 38.3827,
    "flow_velocity_ms": 0.0483,
    "generation_score": 71.6966,
    "impact_score": 36.9766,
    "impervious_pct": 25.57,
    "land_ownership": 0.5,
    "lat": 35.3143,
    "litter_complaint_density": 0.0,
    "lon": -80.6612,
    "navigable_dist_m": null,
    "npdes_points": 8,
    "pixel_col": 492.0,
    "pixel_row": 557.0,
    "population_density": 559.2,
    "position_along": 0.5833,
    "protected_area_score": 20.7056,
    "rank": 1,
    "road_access_m": 179.0,
    "road_access_score": 1.0,
    "road_density_km_km2": 6.392,
    "robustness_pct": 63.5,
    "runoff_coeff_C": 0.2801,
    "seasonal_cv": 0.4672,
    "segment_id": 15,
    "segment_length_m": 10259.9124,
    "stream_order": 3,
    "superfund_score": 0.0333,
    "tourism_amenity_density": 4.138,
    "tri_facility_density": 0.3225,
    "usgs_mean_q_cfs": 11.417,
    "velocity_feasibility": 0.3,
    "water_intake_score": 1.2453
   },
   "type": "Feature"
  },
  {
   "geometry": {
    "coordinates": [
     -80.675846,
     35.310082
    ],
    "type": "Point"
   },
   "properties": {
    "accumulation": 96634.0,
    "bank_slope_deg": 3.27,
    "bank_slope_score": 1.0,
    "bank_slope_source": "nc-dps-lidar-dem03-cross-section",
    "beach_dist_km": 290.61,
    "bridge_proximity_bonus": 0.0,
    "catchment_area_km2": 9.6429,
    "channel_width_m": 7.99,
    "channel_width_score": 1.0,
    "composite_score": 48.5654,
    "cso_density": 0.0,
    "ej_index": 0.3662,
    "elevation_m": 183.0826,
    "estuary_dist_km": 421.37,
    "feasibility_score": 42.5,
    "flood_q10_cfs": 1427.22,
    "flow_score": 35.9204,
    "flow_velocity_ms": 0.0456,
    "generation_score": 74.0105,
    "impact_score": 36.6906,
    "impervious_pct": 25.57,
    "land_ownership": 0.5,
    "lat": 35.3101,
    "litter_complaint_density": 0.0,
    "lon": -80.6758,
    "navigable_dist_m": null,
    "npdes_points": 5,
    "pixel_col": 359.0,
    "pixel_row": 605.0,
    "population_density": 655.1,
    "position_along": 0.4167,
    "protected_area_score": 22.4796,
    "rank": 2,
    "road_access_m": 291.2,
    "road_access_score": 0.8,
    "road_density_km_km2": 6.762,
    "robustness_pct": 56.5,
    "runoff_coeff_C": 0.2801,
    "seasonal_cv": 0.4672,
    "segment_id": 15,
    "segment_length_m": 10259.9124,
    "stream_order": 3,
    "superfund_score": 0.0472,
    "tourism_amenity_density": 1.9099,
    "tri_facility_density": 0.4148,
    "usgs_mean_q_cfs": 11.417,
    "velocity_feasibility": 0.3,
    "water_intake_score": 1.2358
   },
   "type": "Feature"
  },
  {
   "geometry": {
    "coordinates": [
     -80.686106,
     35.303238
    ],
    "type": "Point"
   },
   "properties": {
    "accumulation": 71099.0,
    "bank_slope_deg": 6.47,
    "bank_slope_score": 1.0,
    "bank_slope_source": "nc-dps-lidar-dem03-cross-section",
    "beach_dist_km": 291.15,
    "bridge_proximity_bonus": 0.0,
    "catchment_area_km2": 7.0948,
    "channel_width_m": 7.04,
    "channel_width_score": 1.0,
    "composite_score": 48.1636,
    "cso_density": 0.0,
    "ej_index": 0.4845,
    "elevation_m": 193.1521,
    "estuary_dist_km": 422.27,
    "feasibility_score": 55.0,
    "flood_q10_cfs": 1211.94,
    "flow_score": 29.6437,
    "flow_velocity_ms": 0.044,
    "generation_score": 69.0549,
    "impact_score": 39.2874,
    "impervious_pct": 22.73,
    "land_ownership": 0.5,
    "lat": 35.3032,
    "litter_complaint_density": 0.0,
    "lon": -80.6861,
    "navigable_dist_m": null,
    "npdes_points": 1,
    "pixel_col": 266.0,
    "pixel_row": 677.0,
    "population_density": 1079.2,
    "position_along": 0.25,
    "protected_area_score": 23.8478,
    "rank": 3,
    "road_access_m": 80.1,
    "road_access_score": 1.0,
    "road_density_km_km2": 8.349,
    "robustness_pct": 56.5,
    "runoff_coeff_C": 0.2546,
    "seasonal_cv": 0.4343,
    "segment_id": 15,
    "segment_length_m": 10259.9124,
    "stream_order": 3,
    "superfund_score": 0.0517,
    "tourism_amenity_density": 2.1486,
    "tri_facility_density": 0.2819,
    "usgs_mean_q_cfs": 2.746,
    "velocity_feasibility": 0.3,
    "water_intake_score": 1.1892
   },
   "type": "Feature"
  },
  {
   "geometry": {
    "coordinates": [
     -80.646184,
     35.311004
    ],
    "type": "Point"
   },
   "properties": {
    "accumulation": 143103.0,
    "bank_slope_deg": 20.46,
    "bank_slope_score": 0.5,
    "bank_slope_source": "nc-dps-lidar-dem03-cross-section",
    "beach_dist_km": 288.19,
    "bridge_proximity_bonus": 0.2,
    "catchment_area_km2": 14.2799,
    "channel_width_m": 9.41,
    "channel_width_score": 1.0,
    "composite_score": 48.1231,
    "cso_density": 0.0,
    "ej_index": 0.2514,
    "elevation_m": 173.8186,
    "estuary_dist_km": 418.69,
    "feasibility_score": 55.0,
    "flood_q10_cfs": 1773.95,
    "flow_score": 39.9708,
    "flow_velocity_ms": 0.0498,
    "generation_score": 59.4957,
    "impact_score": 40.1055,
    "impervious_pct": 25.57,
    "land_ownership": 0.5,
    "lat": 35.311,
    "litter_complaint_density": 0.0,
    "lon": -80.6462,
    "navigable_dist_m": null,
    "npdes_points": 10,
    "pixel_col": 629.0,
    "pixel_row": 589.0,
    "population_density": 582.3,
    "position_along": 0.75,
    "protected_area_score": 18.5481,
    "rank": 4,
    "road_access_m": 69.6,
    "road_access_score": 1.0,
    "road_density_km_km2": 6.449,
    "robustness_pct": 64.5,
    "runoff_coeff_C": 0.2801,
    "seasonal_cv": 0.4672,
    "segment_id": 15,
    "segment_length_m": 10259.9124,
    "stream_order": 3,
    "superfund_score": 0.0249,
    "tourism_amenity_density": 8.7535,
    "tri_facility_density": 0.0,
    "usgs_mean_q_cfs": 11.417,
    "velocity_feasibility": 0.3,
    "water_intake_score": 1.1996
   },
   "type": "Feature"
  },
  {
   "geometry": {
    "coordinates": [
     -80.621138,
     35.309764
    ],
    "type": "Point"
   },
   "properties": {
    "accumulation": 255080.0,
    "bank_slope_deg": 12.55,
    "bank_slope_score": 1.0,
    "bank_slope_source": "nc-dps-lidar-dem03-cross-section",
    "beach_dist_km": 286.07,
    "bridge_proximity_bonus": 0.0,
    "catchment_area_km2": 25.4538,
    "channel_width_m": 11.95,
    "channel_width_score": 1.0,
    "composite_score": 47.808,
    "cso_density": 0.0,
    "ej_index": 0.2864,
    "elevation_m": 166.4137,
    "estuary_dist_km": 416.41,
    "feasibility_score": 66.4286,
    "flood_q10_cfs": 2322.88,
    "flow_score": 51.1312,
    "flow_velocity_ms": 0.1151,
    "generation_score": 43.947,
    "impact_score": 39.5893,
    "impervious_pct": 21.91,
    "land_ownership": 0.5,
    "lat": 35.3098,
    "litter_complaint_density": 0.0,
    "lon": -80.6211,
    "navigable_dist_m": null,
    "npdes_points": 8,
    "pixel_col": 857.0,
    "pixel_row": 602.0,
    "population_density": 327.8,
    "position_along": 0.1667,
    "protected_area_score": 15.0236,
    "rank": 5,
    "road_access_m": 80.1,
    "road_access_score": 1.0,
    "road_density_km_km2": 4.095,
    "robustness_pct": 59.0,
    "runoff_coeff_C": 0.2472,
    "seasonal_cv": 0.4757,
    "segment_id": 16,
    "segment_length_m": 5045.7817,
    "stream_order": 3,
    "superfund_score": 0.022,
    "tourism_amenity_density": 6.3662,
    "tri_facility_density": 0.0,
    "usgs_mean_q_cfs": 17.592,
    "velocity_feasibility": 0.7,
    "water_intake_score": 1.1575
   },
   "type": "Feature"
  },
  {
   "geometry": {
    "coordinates": [
     -80.632483,
     35.311529
    ],
    "type": "Point"
   },
   "properties": {
    "accumulation": 161718.0,
    "bank_slope_deg": 4.67,
    "bank_slope_score": 1.0,
    "bank_slope_source": "nc-dps-lidar-dem03-cross-section",
    "beach_dist_km": 287.09,
    "bridge_proximity_bonus": 0.0,
    "catchment_area_km2": 16.1375,
    "channel_width_m": 9.89,
    "channel_width_score": 1.0,
    "composite_score": 46.1717,
    "cso_density": 0.0,
    "ej_index": 0.262,
    "elevation_m": 171.0081,
    "estuary_dist_km": 417.45,
    "feasibility_score": 53.9286,
    "flood_q10_cfs": 1898.28,
    "flow_score": 43.5766,
    "flow_velocity_ms": 0.1407,
    "generation_score": 50.793,
    "impact_score": 39.8347,
    "impervious_pct": 25.57,
    "land_ownership": 0.5,
    "lat": 35.3115,
    "litter_complaint_density": 0.0,
    "lon": -80.6325,
    "navigable_dist_m": null,
    "npdes_points": 7,
    "pixel_col": 753.0,
    "pixel_row": 587.0,
    "population_density": 451.8,
    "position_along": 0.9167,
    "protected_area_score": 15.9785,
    "rank": 6,
    "road_access_m": 234.3,
    "road_access_score": 0.8,
    "road_density_km_km2": 5.484,
    "robustness_pct": 9.5,
    "runoff_coeff_C": 0.2801,
    "seasonal_cv": 0.4672,
    "segment_id": 15,
    "segment_length_m": 10259.9124,
    "stream_order": 3,
    "superfund_score": 0.0227,
    "tourism_amenity_density": 8.0373,
    "tri_facility_density": 0.0,
    "usgs_mean_q_cfs": 11.417,
    "velocity_feasibility": 0.7,
    "water_intake_score": 1.1929
   },
   "type": "Feature"
  },
  {
   "geometry": {
    "coordinates": [
     -80.613648,
     35.343058
    ],
    "type": "Point"
   },
   "properties": {
    "accumulation": 63833.0,
    "bank_slope_deg": 28.92,
    "bank_slope_score": 0.5,
    "bank_slope_source": "nc-dps-lidar-dem03-cross-section",
    "beach_dist_km": 287.01,
    "bridge_proximity_bonus": 0.0,
    "catchment_area_km2": 6.3697,
    "channel_width_m": 6.73,
    "channel_width_score": 1.0,
    "composite_score": 45.6953,
    "cso_density": 0.0,
    "ej_index": 0.3965,
    "elevation_m": 163.3688,
    "estuary_dist_km": 415.92,
    "feasibility_score": 65.0,
    "flood_q10_cfs": 750.67,
    "flow_score": 44.3378,
    "flow_velocity_ms": 0.5,
    "generation_score": 34.7885,
    "impact_score": 48.0812,
    "impervious_pct": null,
    "land_ownership": 0.5,
    "lat": 35.3431,
    "litter_complaint_density": 0.0,
    "lon": -80.6136,
    "navigable_dist_m": null,
    "npdes_points": 1,
    "pixel_col": 923.0,
    "pixel_row": 235.0,
    "population_density": 435.3,
    "position_along": 0.8333,
    "protected_area_score": 14.4882,
    "rank": 7,
    "road_access_m": 110.9,
    "road_access_score": 1.0,
    "road_density_km_km2": 3.263,
    "robustness_pct": 16.0,
    "runoff_coeff_C": null,
    "seasonal_cv": null,
    "segment_id": 0,
    "segment_length_m": 5395.1158,
    "stream_order": 3,
    "superfund_score": 0.0379,
    "tourism_amenity_density": 2.8648,
    "tri_facility_density": 0.471,
    "usgs_mean_q_cfs": null,
    "velocity_feasibility": 1.0,
    "water_intake_score": 1.4853
   },
   "type": "Feature"
  },
  {
   "geometry": {
    "coordinates": [
     -80.700494,
     35.334695
    ],
    "type": "Point"
   },
   "properties": {
    "accumulation": 21850.0,
    "bank_slope_deg": 8.98,
    "bank_slope_score": 1.0,
    "bank_slope_source": "nc-dps-lidar-dem03-cross-section",
    "beach_dist_km": 293.77,
    "bridge_proximity_bonus": 0.0,
    "catchment_area_km2": 2.1804,
    "channel_width_m": 4.31,
    "channel_width_score": 1.0,
    "composite_score": 45.4214,
    "cso_density": 0.0,
    "ej_index": 0.604,
    "elevation_m": 175.7925,
    "estuary_dist_km": 423.74,
    "feasibility_score": 77.5,
    "flood_q10_cfs": 334.64,
    "flow_score": 40.094,
    "flow_velocity_ms": 0.5,
    "generation_score": 24.36,
    "impact_score": 54.8829,
    "impervious_pct": null,
    "land_ownership": 1.0,
    "lat": 35.3347,
    "litter_complaint_density": 0.0,
    "lon": -80.7005,
    "navigable_dist_m": null,
    "npdes_points": 3,
    "pixel_col": 132.0,
    "pixel_row": 332.0,
    "population_density": 760.0,
    "position_along": 0.5,
    "protected_area_score": 24.0913,
    "rank": 8,
    "road_access_m": 254.2,
    "road_access_score": 0.8,
    "road_density_km_km2": 5.324,
    "robustness_pct": 32.5,
    "runoff_coeff_C": null,
    "seasonal_cv": null,
    "segment_id": 7,
    "segment_length_m": 1071.4089,
    "stream_order": 3,
    "superfund_score": 0.4767,
    "tourism_amenity_density": 1.5915,
    "tri_facility_density": 0.0,
    "usgs_mean_q_cfs": null,
    "velocity_feasibility": 1.0,
    "water_intake_score": 1.5342
   },
   "type": "Feature"
  },
  {
   "geometry": {
    "coordinates": [
     -80.695797,
     35.291861
    ],
    "type": "Point"
   },
   "properties": {
    "accumulation": 31499.0,
    "bank_slope_deg": 3.0,
    "bank_slope_score": 1.0,
    "bank_slope_source": "nc-dps-lidar-dem03-cross-section",
    "beach_dist_km": 291.45,
    "bridge_proximity_bonus": 0.0,
    "catchment_area_km2": 3.1432,
    "channel_width_m": 5.02,
    "channel_width_score": 1.0,
    "composite_score": 44.9902,
    "cso_density": 0.0,
    "ej_index": 0.5786,
    "elevation_m": 205.1353,
    "estuary_dist_km": 423.1,
    "feasibility_score": 66.4286,
    "flood_q10_cfs": 656.19,
    "flow_score": 25.6305,
    "flow_velocity_ms": 0.0929,
    "generation_score": 55.9037,
    "impact_score": 39.4906,
    "impervious_pct": 22.73,
    "land_ownership": 0.5,
    "lat": 35.2919,
    "litter_complaint_density": 0.0,
    "lon": -80.6958,
    "navigable_dist_m": null,
    "npdes_points": 0,
    "pixel_col": 178.0,
    "pixel_row": 803.0,
    "population_density": 1351.5,
    "position_along": 0.0833,
    "protected_area_score": 25.0866,
    "rank": 9,
    "road_access_m": 180.6,
    "road_access_score": 1.0,
    "road_density_km_km2": 6.765,
    "robustness_pct": 16.0,
    "runoff_coeff_C": 0.2546,
    "seasonal_cv": 0.4343,
    "segment_id": 15,
    "segment_length_m": 10259.9124,
    "stream_order": 3,
    "superfund_score": 0.0357,
    "tourism_amenity_density": 1.5915,
    "tri_facility_density": 0.0,
    "usgs_mean_q_cfs": 2.746,
    "velocity_feasibility": 0.7,
    "water_intake_score": 1.1162
   },
   "type": "Feature"
  },
  {
   "geometry": {
    "coordinates": [
     -80.603268,
     35.337856
    ],
    "type": "Point"
   },
   "properties": {
    "accumulation": 104566.0,
    "bank_slope_deg": 1.85,
    "bank_slope_score": 1.0,
    "bank_slope_source": "nc-dps-lidar-dem03-cross-section",
    "beach_dist_km": 285.91,
    "bridge_proximity_bonus": 0.0,
    "catchment_area_km2": 10.4344,
    "channel_width_m": 8.26,
    "channel_width_score": 1.0,
    "composite_score": 44.5662,
    "cso_density": 0.0,
    "ej_index": 0.35,
    "elevation_m": 162.576,
    "estuary_dist_km": 414.95,
    "feasibility_score": 75.0,
    "flood_q10_cfs": 1047.25,
    "flow_score": 47.7685,
    "flow_velocity_ms": 0.5,
    "generation_score": 26.6622,
    "impact_score": 44.5847,
    "impervious_pct": null,
    "land_ownership": 0.5,
    "lat": 35.3379,
    "litter_complaint_density": 0.0,
    "lon": -80.6033,
    "navigable_dist_m": null,
    "npdes_points": 3,
    "pixel_col": 1018.0,
    "pixel_row": 293.0,
    "population_density": 326.0,
    "position_along": 0.5,
    "protected_area_score": 13.717,
    "rank": 10,
    "road_access_m": 151.5,
    "road_access_score": 1.0,
    "road_density_km_km2": 3.143,
    "robustness_pct": 18.5,
    "runoff_coeff_C": null,
    "seasonal_cv": null,
    "segment_id": 3,
    "segment_length_m": 832.6678,
    "stream_order": 3,
    "superfund_score": 0.0498,
    "tourism_amenity_density": 1.1141,
    "tri_facility_density": 0.2875,
    "usgs_mean_q_cfs": null,
    "velocity_feasibility": 1.0,
    "water_intake_score": 1.4044
   },
   "type": "Feature"
  },
  {
   "geometry": {
    "coordinates": [
     -80.653813,
     35.339352
    ],
    "type": "Point"
   },
   "properties": {
    "accumulation": 149515.0,
    "bank_slope_deg": 23.12,
    "bank_slope_score": 0.5,
    "bank_slope_source": "nc-dps-lidar-dem03-cross-section",
    "beach_dist_km": 290.13,
    "bridge_proximity_bonus": 0.0,
    "catchment_area_km2": 14.9197,
    "channel_width_m": 9.58,
    "channel_width_score": 1.0,
    "composite_score": 44.2768,
    "cso_density": 0.0,
    "ej_index": 0.4355,
    "elevation_m": 166.4432,
    "estuary_dist_km": 419.54,
    "feasibility_score": 65.0,
    "flood_q10_cfs": 1276.63,
    "flow_score": 50.9261,
    "flow_velocity_ms": 0.5,
    "generation_score": 25.1361,
    "impact_score": 47.5149,
    "impervious_pct": null,
    "land_ownership": 0.5,
    "lat": 35.3394,
    "litter_complaint_density": 0.0,
    "lon": -80.6538,
    "navigable_dist_m": null,
    "npdes_points": 6,
    "pixel_col": 558.0,
    "pixel_row": 275.0,
    "population_density": 526.4,
    "position_along": 0.5,
    "protected_area_score": 18.1696,
    "rank": 11,
    "road_access_m": 155.5,
    "road_access_score": 1.0,
    "road_density_km_km2": 5.573,
    "robustness_pct": 10.0,
    "runoff_coeff_C": null,
    "seasonal_cv": null,
    "segment_id": 11,
    "segment_length_m": 62.3601,
    "stream_order": 3,
    "superfund_score": 0.0327,
    "tourism_amenity_density": 4.6951,
    "tri_facility_density": 0.0,
    "usgs_mean_q_cfs": null,
    "velocity_feasibility": 1.0,
    "water_intake_score": 1.5162
   },
   "type": "Feature"
  },
  {
   "geometry": {
    "coordinates": [
     -80.612035,
     35.312698
    ],
    "type": "Point"
   },
   "properties": {
    "accumulation": 272946.0,
    "bank_slope_deg": 18.51,
    "bank_slope_score": 0.5,
    "bank_slope_source": "nc-dps-lidar-dem03-cross-section",
    "beach_dist_km": 285.45,
    "bridge_proximity_bonus": 0.0,
    "catchment_area_km2": 27.2366,
    "channel_width_m": 12.3,
    "channel_width_score": 1.0,
    "composite_score": 44.1281,
    "cso_density": 0.0,
    "ej_index": 0.3007,
    "elevation_m": 163.5774,
    "estuary_dist_km": 415.6,
    "feasibility_score": 43.9286,
    "flood_q10_cfs": 2411.63,
    "flow_score": 52.7058,
    "flow_velocity_ms": 0.1284,
    "generation_score": 42.8574,
    "impact_score": 38.3504,
    "impervious_pct": 21.91,
    "land_ownership": 0.5,
    "lat": 35.3127,
    "litter_complaint_density": 0.0,
    "lon": -80.612,
    "navigable_dist_m": null,
    "npdes_points": 7,
    "pixel_col": 939.0,
    "pixel_row": 573.0,
    "population_density": 269.1,
    "position_along": 0.5,
    "protected_area_score": 14.6152,
    "rank": 12,
    "road_access_m": 352.2,
    "road_access_score": 0.8,
    "road_density_km_km2": 3.939,
    "robustness_pct": 3.5,
    "runoff_coeff_C": 0.2472,
    "seasonal_cv": 0.4757,
    "segment_id": 16,
    "segment_length_m": 5045.7817,
    "stream_order": 3,
    "superfund_score": 0.0235,
    "tourism_amenity_density": 2.8648,
    "tri_facility_density": 0.0367,
    "usgs_mean_q_cfs": 17.592,
    "velocity_feasibility": 0.7,
    "water_intake_score": 1.1675
   },
   "type": "Feature"
  },
  {
   "geometry": {
    "coordinates": [
     -80.655961,
     35.33571
    ],
    "type": "Point"
   },
   "properties": {
    "accumulation": 119088.0,
    "bank_slope_deg": 22.32,
    "bank_slope_score": 0.5,
    "bank_slope_source": "nc-dps-lidar-dem03-cross-section",
    "beach_dist_km": 290.14,
    "bridge_proximity_bonus": 0.0,
    "catchment_area_km2": 11.8835,
    "channel_width_m": 8.71,
    "channel_width_score": 1.0,
    "composite_score": 43.9021,
    "cso_density": 0.0,
    "ej_index": 0.4436,
    "elevation_m": 167.1798,
    "estuary_dist_km": 419.71,
    "feasibility_score": 65.0,
    "flood_q10_cfs": 1125.46,
    "flow_score": 48.815,
    "flow_velocity_ms": 0.5,
    "generation_score": 28.0997,
    "impact_score": 45.0616,
    "impervious_pct": null,
    "land_ownership": 0.5,
    "lat": 35.3357,
    "litter_complaint_density": 0.0,
    "lon": -80.656,
    "navigable_dist_m": null,
    "npdes_points": 8,
    "pixel_col": 539.0,
    "pixel_row": 318.0,
    "population_density": 496.0,
    "position_along": 0.5,
    "protected_area_score": 18.5353,
    "rank": 13,
    "road_access_m": 105.2,
    "road_access_score": 1.0,
    "road_density_km_km2": 5.825,
    "robustness_pct": 0.0,
    "runoff_coeff_C": null,
    "seasonal_cv": null,
    "segment_id": 10,
    "segment_length_m": 1547.4711,
    "stream_order": 3,
    "superfund_score": 0.0341,
    "tourism_amenity_density": 2.7056,
    "tri_facility_density": 0.0,
    "usgs_mean_q_cfs": null,
    "velocity_feasibility": 1.0,
    "water_intake_score": 1.4784
   },
   "type": "Feature"
  },
  {
   "geometry": {
    "coordinates": [
     -80.623713,
     35.347087
    ],
    "type": "Point"
   },
   "properties": {
    "accumulation": 52255.0,
    "bank_slope_deg": 24.51,
    "bank_slope_score": 0.5,
    "bank_slope_source": "nc-dps-lidar-dem03-cross-section",
    "beach_dist_km": 288.02,
    "bridge_proximity_bonus": 0.0,
    "catchment_area_km2": 5.2144,
    "channel_width_m": 6.19,
    "channel_width_score": 1.0,
    "composite_score": 43.8878,
    "cso_density": 0.0,
    "ej_index": 0.4541,
    "elevation_m": 164.8914,
    "estuary_dist_km": 416.86,
    "feasibility_score": 65.0,
    "flood_q10_cfs": 645.58,
    "flow_score": 43.2294,
    "flow_velocity_ms": 0.5,
    "generation_score": 24.5852,
    "impact_score": 53.183,
    "impervious_pct": null,
    "land_ownership": 0.5,
    "lat": 35.3471,
    "litter_complaint_density": 0.0,
    "lon": -80.6237,
    "navigable_dist_m": null,
    "npdes_points": 0,
    "pixel_col": 830.0,
    "pixel_row": 192.0,
    "population_density": 585.8,
    "position_along": 0.5,
    "protected_area_score": 14.9661,
    "rank": 14,
    "road_access_m": 126.8,
    "road_access_score": 1.0,
    "road_density_km_km2": 4.547,
    "robustness_pct": 15.0,
    "runoff_coeff_C": null,
    "seasonal_cv": null,
    "segment_id": 0,
    "segment_length_m": 5395.1158,
    "stream_order": 3,
    "superfund_score": 0.0319,
    "tourism_amenity_density": 6.2866,
    "tri_facility_density": 0.1918,
    "usgs_mean_q_cfs": null,
    "velocity_feasibility": 1.0,
    "water_intake_score": 1.5555
   },
   "type": "Feature"
  },
  {
   "geometry": {
    "coordinates": [
     -80.590235,
     35.31704
    ],
    "type": "Point"
   },
   "properties": {
    "accumulation": 488530.0,
    "bank_slope_deg": 5.97,
    "bank_slope_score": 1.0,
    "bank_slope_source": "nc-dps-lidar-dem03-cross-section",
    "beach_dist_km": 283.86,
    "bridge_proximity_bonus": 0.0,
    "catchment_area_km2": 48.7493,
    "channel_width_m": 15.66,
    "channel_width_score": 0.5,
    "composite_score": 43.7254,
    "cso_density": 0.0,
    "ej_index": 0.314,
    "elevation_m": 157.8231,
    "estuary_dist_km": 413.65,
    "feasibility_score": 55.0,
    "flood_q10_cfs": 2459.72,
    "flow_score": 71.233,
    "flow_velocity_ms": 0.5,
    "generation_score": 19.764,
    "impact_score": 39.1266,
    "impervious_pct": null,
    "land_ownership": 0.5,
    "lat": 35.317,
    "litter_complaint_density": 0.0,
    "lon": -80.5902,
    "navigable_dist_m": null,
    "npdes_points": 8,
    "pixel_col": 1137.0,
    "pixel_row": 524.0,
    "population_density": 258.8,
    "position_along": 0.25,
    "protected_area_score": 12.5876,
    "rank": 15,
    "road_access_m": 132.6,
    "road_access_score": 1.0,
    "road_density_km_km2": 2.414,
    "robustness_pct": 22.0,
    "runoff_coeff_C": null,
    "seasonal_cv": null,
    "segment_id": 17,
    "segment_length_m": 3006.9954,
    "stream_order": 3,
    "superfund_score": 0.0309,
    "tourism_amenity_density": 0.557,
    "tri_facility_density": 0.041,
    "usgs_mean_q_cfs": null,
    "velocity_feasibility": 1.0,
    "water_intake_score": 1.1745
   },
   "type": "Feature"
  },
  {
   "geometry": {
    "coordinates": [
     -80.59666,
     35.321137
    ],
    "type": "Point"
   },
   "properties": {
    "accumulation": 180884.0,
    "bank_slope_deg": 20.1,
    "bank_slope_score": 0.5,
    "bank_slope_source": "nc-dps-lidar-dem03-cross-section",
    "beach_dist_km": 284.58,
    "bridge_proximity_bonus": 0.0,
    "catchment_area_km2": 18.05,
    "channel_width_m": 10.37,
    "channel_width_score": 1.0,
    "composite_score": 43.4199,
    "cso_density": 0.0,
    "ej_index": 0.3212,
    "elevation_m": 159.4995,
    "estuary_dist_km": 414.26,
    "feasibility_score": 80.0,
    "flood_q10_cfs": 1418.67,
    "flow_score": 53.0141,
    "flow_velocity_ms": 0.5,
    "generation_score": 20.2934,
    "impact_score": 40.2612,
    "impervious_pct": null,
    "land_ownership": 1.0,
    "lat": 35.3211,
    "litter_complaint_density": 0.0,
    "lon": -80.5967,
    "navigable_dist_m": null,
    "npdes_points": 7,
    "pixel_col": 1076.0,
    "pixel_row": 479.0,
    "population_density": 271.8,
    "position_along": 0.75,
    "protected_area_score": 13.3209,
    "rank": 16,
    "road_access_m": 139.3,
    "road_access_score": 1.0,
    "road_density_km_km2": 3.053,
    "robustness_pct": 18.5,
    "runoff_coeff_C": null,
    "seasonal_cv": null,
    "segment_id": 5,
    "segment_length_m": 3101.0375,
    "stream_order": 3,
    "superfund_score": 0.0334,
    "tourism_amenity_density": 0.9549,
    "tri_facility_density": 0.0554,
    "usgs_mean_q_cfs": null,
    "velocity_feasibility": 1.0,
    "water_intake_score": 1.2234
   },
   "type": "Feature"
  },
  {
   "geometry": {
    "coordinates": [
     -80.699296,
     35.329886
    ],
    "type": "Point"
   },
   "properties": {
    "accumulation": 21156.0,
    "bank_slope_deg": 15.33,
    "bank_slope_score": 0.5,
    "bank_slope_source": "nc-dps-lidar-dem03-cross-section",
    "beach_dist_km": 293.45,
    "bridge_proximity_bonus": 0.0,
    "catchment_area_km2": 2.1111,
    "channel_width_m": 4.25,
    "channel_width_score": 1.0,
    "composite_score": 42.5423,
    "cso_density": 0.0,
    "ej_index": 0.6096,
    "elevation_m": 174.2244,
    "estuary_dist_km": 423.6,
    "feasibility_score": 65.0,
    "flood_q10_cfs": 326.6,
    "flow_score": 40.0164,
    "flow_velocity_ms": 0.5,
    "generation_score": 25.0447,
    "impact_score": 50.9161,
    "impervious_pct": null,
    "land_ownership": 0.5,
    "lat": 35.3299,
    "litter_complaint_density": 0.0,
    "lon": -80.6993,
    "navigable_dist_m": null,
    "npdes_points": 2,
    "pixel_col": 145.0,
    "pixel_row": 382.0,
    "population_density": 810.6,
    "position_along": 0.5,
    "protected_area_score": 24.1584,
    "rank": 17,
    "road_access_m": 72.3,
    "road_access_score": 1.0,
    "road_density_km_km2": 6.061,
    "robustness_pct": 2.5,
    "runoff_coeff_C": null,
    "seasonal_cv": null,
    "segment_id": 12,
    "segment_length_m": 464.0649,
    "stream_order": 3,
    "superfund_score": 0.3054,
    "tourism_amenity_density": 1.4324,
    "tri_facility_density": 0.0,
    "usgs_mean_q_cfs": null,
    "velocity_feasibility": 1.0,
    "water_intake_score": 1.473
   },
   "type": "Feature"
  },
  {
   "geometry": {
    "coordinates": [
     -80.582922,
     35.307188
    ],
    "type": "Point"
   },
   "properties": {
    "accumulation": 411633.0,
    "bank_slope_deg": 8.06,
    "bank_slope_score": 1.0,
    "bank_slope_source": "nc-dps-lidar-dem03-cross-section",
    "beach_dist_km": 282.8,
    "bridge_proximity_bonus": 0.0,
    "catchment_area_km2": 41.0759,
    "channel_width_m": 14.58,
    "channel_width_score": 1.0,
    "composite_score": 42.2809,
    "cso_density": 0.0,
    "ej_index": 0.2994,
    "elevation_m": 160.5347,
    "estuary_dist_km": 412.94,
    "feasibility_score": 53.9286,
    "flood_q10_cfs": 2506.83,
    "flow_score": 69.7182,
    "flow_velocity_ms": 0.1475,
    "generation_score": 18.4342,
    "impact_score": 37.4393,
    "impervious_pct": 8.24,
    "land_ownership": 0.5,
    "lat": 35.3072,
    "litter_complaint_density": 0.0,
    "lon": -80.5829,
    "navigable_dist_m": null,
    "npdes_points": 4,
    "pixel_col": 1204.0,
    "pixel_row": 630.0,
    "population_density": 237.2,
    "position_along": 0.5,
    "protected_area_score": 12.4804,
    "rank": 18,
    "road_access_m": 256.1,
    "road_access_score": 0.8,
    "road_density_km_km2": 1.826,
    "robustness_pct": 15.0,
    "runoff_coeff_C": 0.1242,
    "seasonal_cv": 0.502,
    "segment_id": 29,
    "segment_length_m": 2244.2532,
    "stream_order": 3,
    "superfund_score": 0.0232,
    "tourism_amenity_density": 0.4775,
    "tri_facility_density": 0.0,
    "usgs_mean_q_cfs": 47.505,
    "velocity_feasibility": 0.7,
    "water_intake_score": 1.0658
   },
   "type": "Feature"
  },
  {
   "geometry": {
    "coordinates": [
     -80.600157,
     35.311207
    ],
    "type": "Point"
   },
   "properties": {
    "accumulation": 292770.0,
    "bank_slope_deg": 17.49,
    "bank_slope_score": 0.5,
    "bank_slope_source": "nc-dps-lidar-dem03-cross-section",
    "beach_dist_km": 284.4,
    "bridge_proximity_bonus": 0.0,
    "catchment_area_km2": 29.2148,
    "channel_width_m": 12.66,
    "channel_width_score": 1.0,
    "composite_score": 42.0929,
    "cso_density": 0.0,
    "ej_index": 0.3175,
    "elevation_m": 160.948,
    "estuary_dist_km": 414.52,
    "feasibility_score": 43.9286,
    "flood_q10_cfs": 2507.13,
    "flow_score": 53.0836,
    "flow_velocity_ms": 0.0879,
    "generation_score": 36.1559,
    "impact_score": 37.9531,
    "impervious_pct": 21.91,
    "land_ownership": 0.5,
    "lat": 35.3112,
    "litter_complaint_density": 0.0,
    "lon": -80.6002,
    "navigable_dist_m": null,
    "npdes_points": 5,
    "pixel_col": 1047.0,
    "pixel_row": 587.0,
    "population_density": 244.2,
    "position_along": 0.8333,
    "protected_area_score": 13.648,
    "rank": 19,
    "road_access_m": 412.6,
    "road_access_score": 0.8,
    "road_density_km_km2": 3.16,
    "robustness_pct": 0.0,
    "runoff_coeff_C": 0.2472,
    "seasonal_cv": 0.4757,
    "segment_id": 16,
    "segment_length_m": 5045.7817,
    "stream_order": 3,
    "superfund_score": 0.0244,
    "tourism_amenity_density": 0.9549,
    "tri_facility_density": 0.0,
    "usgs_mean_q_cfs": 17.592,
    "velocity_feasibility": 0.7,
    "water_intake_score": 1.1407
   },
   "type": "Feature"
  },
  {
   "geometry": {
    "coordinates": [
     -80.690852,
     35.334387
    ],
    "type": "Point"
   },
   "properties": {
    "accumulation": 72219.0,
    "bank_slope_deg": 14.9,
    "bank_slope_score": 1.0,
    "bank_slope_source": "nc-dps-lidar-dem03-cross-section",
    "beach_dist_km": 292.96,
    "bridge_proximity_bonus": 0.0,
    "catchment_area_km2": 7.2066,
    "channel_width_m": 7.08,
    "channel_width_score": 1.0,
    "composite_score": 41.7266,
    "cso_density": 0.0,
    "ej_index": 0.5796,
    "elevation_m": 171.9532,
    "estuary_dist_km": 422.86,
    "feasibility_score": 62.5,
    "flood_q10_cfs": 823.85,
    "flow_score": 45.1219,
    "flow_velocity_ms": 0.5,
    "generation_score": 21.0552,
    "impact_score": 49.1818,
    "impervious_pct": null,
    "land_ownership": 0.5,
    "lat": 35.3344,
    "litter_complaint_density": 0.0,
    "lon": -80.6909,
    "navigable_dist_m": null,
    "npdes_points": 4,
    "pixel_col": 218.0,
    "pixel_row": 331.0,
    "population_density": 569.0,
    "position_along": 0.5,
    "protected_area_score": 23.2052,
    "rank": 20,
    "road_access_m": 432.2,
    "road_access_score": 0.8,
    "road_density_km_km2": 4.559,
    "robustness_pct": 0.0,
    "runoff_coeff_C": null,
    "seasonal_cv": null,
    "segment_id": 13,
    "segment_length_m": 2525.9637,
    "stream_order": 3,
    "superfund_score": 0.1844,
    "tourism_amenity_density": 1.1937,
    "tri_facility_density": 0.0,
    "usgs_mean_q_cfs": null,
    "velocity_feasibility": 1.0,
    "water_intake_score": 1.512
   },
   "type": "Feature"
  },
  {
   "geometry": {
    "coordinates": [
     -80.634271,
     35.302929
    ],
    "type": "Point"
   },
   "properties": {
    "accumulation": 72981.0,
    "bank_slope_deg": 7.23,
    "bank_slope_score": 1.0,
    "bank_slope_source": "nc-dps-lidar-dem03-cross-section",
    "beach_dist_km": 286.84,
    "bridge_proximity_bonus": 0.2,
    "catchment_area_km2": 7.2826,
    "channel_width_m": 7.11,
    "channel_width_score": 1.0,
    "composite_score": 41.4466,
    "cso_density": 0.0,
    "ej_index": 0.2513,
    "elevation_m": 172.1115,
    "estuary_dist_km": 417.57,
    "feasibility_score": 76.4286,
    "flood_q10_cfs": 1153.89,
    "flow_score": 31.3205,
    "flow_velocity_ms": 0.1329,
    "generation_score": 35.2104,
    "impact_score": 38.6303,
    "impervious_pct": 18.8,
    "land_ownership": 0.5,
    "lat": 35.3029,
    "litter_complaint_density": 0.0,
    "lon": -80.6343,
    "navigable_dist_m": null,
    "npdes_points": 0,
    "pixel_col": 737.0,
    "pixel_row": 680.0,
    "population_density": 515.1,
    "position_along": 0.8333,
    "protected_area_score": 17.0843,
    "rank": 21,
    "road_access_m": 161.9,
    "road_access_score": 1.0,
    "road_density_km_km2": 5.948,
    "robustness_pct": 1.5,
    "runoff_coeff_C": 0.2192,
    "seasonal_cv": 0.4342,
    "segment_id": 14,
    "segment_length_m": 4744.6805,
    "stream_order": 3,
    "superfund_score": 0.0211,
    "tourism_amenity_density": 7.9577,
    "tri_facility_density": 0.0,
    "usgs_mean_q_cfs": 4.293,
    "velocity_feasibility": 0.7,
    "water_intake_score": 1.1213
   },
   "type": "Feature"
  },
  {
   "geometry": {
    "coordinates": [
     -80.628031,
     35.35202
    ],
    "type": "Point"
   },
   "properties": {
    "accumulation": 25410.0,
    "bank_slope_deg": 16.52,
    "bank_slope_score": 0.5,
    "bank_slope_source": "nc-dps-lidar-dem03-cross-section",
    "beach_dist_km": 288.61,
    "bridge_proximity_bonus": 0.0,
    "catchment_area_km2": 2.5356,
    "channel_width_m": 4.59,
    "channel_width_score": 1.0,
    "composite_score": 40.731,
    "cso_density": 0.0,
    "ej_index": 0.4542,
    "elevation_m": 167.032,
    "estuary_dist_km": 417.28,
    "feasibility_score": 52.5,
    "flood_q10_cfs": 374.96,
    "flow_score": 40.4862,
    "flow_velocity_ms": 0.5,
    "generation_score": 17.9039,
    "impact_score": 57.8774,
    "impervious_pct": null,
    "land_ownership": 0.5,
    "lat": 35.352,
    "litter_complaint_density": 0.0,
    "lon": -80.628,
    "navigable_dist_m": null,
    "npdes_points": 0,
    "pixel_col": 792.0,
    "pixel_row": 137.0,
    "population_density": 636.8,
    "position_along": 0.1667,
    "protected_area_score": 14.8289,
    "rank": 22,
    "road_access_m": 247.3,
    "road_access_score": 0.8,
    "road_density_km_km2": 5.56,
    "robustness_pct": 8.0,
    "runoff_coeff_C": null,
    "seasonal_cv": null,
    "segment_id": 0,
    "segment_length_m": 5395.1158,
    "stream_order": 3,
    "superfund_score": 0.0309,
    "tourism_amenity_density": 10.6634,
    "tri_facility_density": 0.0,
    "usgs_mean_q_cfs": null,
    "velocity_feasibility": 1.0,
    "water_intake_score": 1.6262
   },
   "type": "Feature"
  },
  {
   "geometry": {
    "coordinates": [
     -80.6472,
     35.304877
    ],
    "type": "Point"
   },
   "properties": {
    "accumulation": 50028.0,
    "bank_slope_deg": 17.4,
    "bank_slope_score": 0.5,
    "bank_slope_source": "nc-dps-lidar-dem03-cross-section",
    "beach_dist_km": 288.0,
    "bridge_proximity_bonus": 0.0,
    "catchment_area_km2": 4.9922,
    "channel_width_m": 6.08,
    "channel_width_score": 1.0,
    "composite_score": 40.2386,
    "cso_density": 0.0,
    "ej_index": 0.2604,
    "elevation_m": 177.6767,
    "estuary_dist_km": 418.75,
    "feasibility_score": 56.4286,
    "flood_q10_cfs": 868.11,
    "flow_score": 28.3619,
    "flow_velocity_ms": 0.1226,
    "generation_score": 42.562,
    "impact_score": 39.7175,
    "impervious_pct": 18.8,
    "land_ownership": 0.5,
    "lat": 35.3049,
    "litter_complaint_density": 0.0,
    "lon": -80.6472,
    "navigable_dist_m": null,
    "npdes_points": 1,
    "pixel_col": 620.0,
    "pixel_row": 662.0,
    "population_density": 819.7,
    "position_along": 0.5,
    "protected_area_score": 19.1144,
    "rank": 23,
    "road_access_m": 117.5,
    "road_access_score": 1.0,
    "road_density_km_km2": 6.082,
    "robustness_pct": 0.0,
    "runoff_coeff_C": 0.2192,
    "seasonal_cv": 0.4342,
    "segment_id": 14,
    "segment_length_m": 4744.6805,
    "stream_order": 3,
    "superfund_score": 0.0236,
    "tourism_amenity_density": 8.8331,
    "tri_facility_density": 0.0,
    "usgs_mean_q_cfs": 4.293,
    "velocity_feasibility": 0.7,
    "water_intake_score": 1.147
   },
   "type": "Feature"
  },
  {
   "geometry": {
    "coordinates": [
     -80.582811,
     35.320411
    ],
    "type": "Point"
   },
   "properties": {
    "accumulation": 500870.0,
    "bank_slope_deg": 15.78,
    "bank_slope_score": 0.5,
    "bank_slope_source": "nc-dps-lidar-dem03-cross-section",
    "beach_dist_km": 283.41,
    "bridge_proximity_bonus": 0.0,
    "catchment_area_km2": 49.9806,
    "channel_width_m": 15.82,
    "channel_width_score": 0.5,
    "composite_score": 40.2274,
    "cso_density": 0.0,
    "ej_index": 0.3158,
    "elevation_m": 156.0195,
    "estuary_dist_km": 413.0,
    "feasibility_score": 32.5,
    "flood_q10_cfs": 2493.94,
    "flow_score": 71.9154,
    "flow_velocity_ms": 0.5,
    "generation_score": 17.6595,
    "impact_score": 40.2525,
    "impervious_pct": null,
    "land_ownership": 0.5,
    "lat": 35.3204,
    "litter_complaint_density": 0.0,
    "lon": -80.5828,
    "navigable_dist_m": null,
    "npdes_points": 7,
    "pixel_col": 1205.0,
    "pixel_row": 487.0,
    "population_density": 268.8,
    "position_along": 0.75,
    "protected_area_score": 12.0234,
    "rank": 24,
    "road_access_m": 241.6,
    "road_access_score": 0.8,
    "road_density_km_km2": 2.016,
    "robustness_pct": 10.5,
    "runoff_coeff_C": null,
    "seasonal_cv": null,
    "segment_id": 17,
    "segment_length_m": 3006.9954,
    "stream_order": 3,
    "superfund_score": 0.0378,
    "tourism_amenity_density": 0.4775,
    "tri_facility_density": 0.04,
    "usgs_mean_q_cfs": null,
    "velocity_feasibility": 1.0,
    "water_intake_score": 1.1846
   },
   "type": "Feature"
  },
  {
   "geometry": {
    "coordinates": [
     -80.602089,
     35.34274
    ],
    "type": "Point"
   },
   "properties": {
    "accumulation": 23892.0,
    "bank_slope_deg": 22.24,
    "bank_slope_score": 0.5,
    "bank_slope_source": "nc-dps-lidar-dem03-cross-section",
    "beach_dist_km": 286.04,
    "bridge_proximity_bonus": 0.0,
    "catchment_area_km2": 2.3841,
    "channel_width_m": 4.47,
    "channel_width_score": 1.0,
    "composite_score": 39.8662,
    "cso_density": 0.0,
    "ej_index": 0.3694,
    "elevation_m": 176.4198,
    "estuary_dist_km": 414.87,
    "feasibility_score": 58.9286,
    "flood_q10_cfs": 426.25,
    "flow_score": 21.4923,
    "flow_velocity_ms": 0.0919,
    "generation_score": 38.5523,
    "impact_score": 46.9603,
    "impervious_pct": 9.98,
    "land_ownership": 1.0,
    "lat": 35.3427,
    "litter_complaint_density": 0.0,
    "lon": -80.6021,
    "navigable_dist_m": null,
    "npdes_points": 1,
    "pixel_col": 1024.0,
    "pixel_row": 240.0,
    "population_density": 295.6,
    "position_along": 0.5,
    "protected_area_score": 13.5182,
    "rank": 25,
    "road_access_m": 284.5,
    "road_access_score": 0.8,
    "road_density_km_km2": 2.605,
    "robustness_pct": 0.0,
    "runoff_coeff_C": 0.1398,
    "seasonal_cv": 0.4083,
    "segment_id": 2,
    "segment_length_m": 1062.8394,
    "stream_order": 3,
    "superfund_score": 0.0586,
    "tourism_amenity_density": 1.5915,
    "tri_facility_density": 0.4194,
    "usgs_mean_q_cfs": 1.853,
    "velocity_feasibility": 0.7,
    "water_intake_score": 1.4554
   },
   "type": "Feature"
  },
  {
   "geometry": {
    "coordinates": [
     -80.658969,
     35.302765
    ],
    "type": "Point"
   },
   "properties": {
    "accumulation": 37579.0,
    "bank_slope_deg": 8.46,
    "bank_slope_score": 1.0,
    "bank_slope_source": "nc-dps-lidar-dem03-cross-section",
    "beach_dist_km": 288.88,
    "bridge_proximity_bonus": 0.0,
    "catchment_area_km2": 3.7499,
    "channel_width_m": 5.4,
    "channel_width_score": 1.0,
    "composite_score": 39.714,
    "cso_density": 0.0,
    "ej_index": 0.2612,
    "elevation_m": 184.7496,
    "estuary_dist_km": 419.81,
    "feasibility_score": 66.4286,
    "flood_q10_cfs": 699.72,
    "flow_score": 25.4036,
    "flow_velocity_ms": 0.0611,
    "generation_score": 43.276,
    "impact_score": 34.72,
    "impervious_pct": 18.8,
    "land_ownership": 0.5,
    "lat": 35.3028,
    "litter_complaint_density": 0.0,
    "lon": -80.659,
    "navigable_dist_m": null,
    "npdes_points": 1,
    "pixel_col": 511.0,
    "pixel_row": 681.0,
    "population_density": 770.1,
    "position_along": 0.1667,
    "protected_area_score": 20.638,
    "rank": 26,
    "road_access_m": 97.9,
    "road_access_score": 1.0,
    "road_density_km_km2": 7.004,
    "robustness_pct": 0.0,
    "runoff_coeff_C": 0.2192,
    "seasonal_cv": 0.4342,
    "segment_id": 14,
    "segment_length_m": 4744.6805,
    "stream_order": 3,
    "superfund_score": 0.0268,
    "tourism_amenity_density": 4.5359,
    "tri_facility_density": 0.0,
    "usgs_mean_q_cfs": 4.293,
    "velocity_feasibility": 0.7,
    "water_intake_score": 1.1377
   },
   "type": "Feature"
  },
  {
   "geometry": {
    "coordinates": [
     -80.596528,
     35.331155
    ],
    "type": "Point"
   },
   "properties": {
    "accumulation": 152380.0,
    "bank_slope_deg": 23.5,
    "bank_slope_score": 0.5,
    "bank_slope_source": "nc-dps-lidar-dem03-cross-section",
    "beach_dist_km": 285.04,
    "bridge_proximity_bonus": 0.0,
    "catchment_area_km2": 15.2056,
    "channel_width_m": 9.65,
    "channel_width_score": 1.0,
    "composite_score": 39.0506,
    "cso_density": 0.0,
    "ej_index": 0.3313,
    "elevation_m": 161.2476,
    "estuary_dist_km": 414.3,
    "feasibility_score": 52.5,
    "flood_q10_cfs": 1290.13,
    "flow_score": 51.1202,
    "flow_velocity_ms": 0.5,
    "generation_score": 18.3085,
    "impact_score": 43.0099,
    "impervious_pct": null,
    "land_ownership": 0.5,
    "lat": 35.3312,
    "litter_complaint_density": 0.0,
    "lon": -80.5965,
    "navigable_dist_m": null,
    "npdes_points": 5,
    "pixel_col": 1077.0,
    "pixel_row": 368.0,
    "population_density": 286.7,
    "position_along": 0.25,
    "protected_area_score": 12.9192,
    "rank": 27,
    "road_access_m": 254.0,
    "road_access_score": 0.8,
    "road_density_km_km2": 3.229,
    "robustness_pct": 0.0,
    "runoff_coeff_C": null,
    "seasonal_cv": null,
    "segment_id": 5,
    "segment_length_m": 3101.0375,
    "stream_order": 3,
    "superfund_score": 0.0509,
    "tourism_amenity_density": 1.4324,
    "tri_facility_density": 0.0658,
    "usgs_mean_q_cfs": null,
    "velocity_feasibility": 1.0,
    "water_intake_score": 1.3202
   },
   "type": "Feature"
  },
  {
   "geometry": {
    "coordinates": [
     -80.654307,
     35.33953
    ],
    "type": "Point"
   },
   "properties": {
    "accumulation": 21010.0,
    "bank_slope_deg": 4.77,
    "bank_slope_score": 1.0,
    "bank_slope_source": "nc-dps-lidar-dem03-cross-section",
    "beach_dist_km": 290.18,
    "bridge_proximity_bonus": 0.0,
    "catchment_area_km2": 2.0965,
    "channel_width_m": 4.24,
    "channel_width_score": 1.0,
    "composite_score": 38.7646,
    "cso_density": 0.0,
    "ej_index": 0.4936,
    "elevation_m": 166.3997,
    "estuary_dist_km": 419.58,
    "feasibility_score": 75.0,
    "flood_q10_cfs": 324.9,
    "flow_score": 40.0,
    "flow_velocity_ms": 0.5,
    "generation_score": 9.0528,
    "impact_score": 49.3293,
    "impervious_pct": null,
    "land_ownership": 0.5,
    "lat": 35.3395,
    "litter_complaint_density": 0.0,
    "lon": -80.6543,
    "navigable_dist_m": null,
    "npdes_points": 0,
    "pixel_col": 552.0,
    "pixel_row": 277.0,
    "population_density": 391.8,
    "position_along": 0.5,
    "protected_area_score": 18.1413,
    "rank": 28,
    "road_access_m": 192.7,
    "road_access_score": 1.0,
    "road_density_km_km2": 3.079,
    "robustness_pct": 1.0,
    "runoff_coeff_C": null,
    "seasonal_cv": null,
    "segment_id": 6,
    "segment_length_m": 335.207,
    "stream_order": 3,
    "superfund_score": 0.033,
    "tourism_amenity_density": 4.6155,
    "tri_facility_density": 0.0,
    "usgs_mean_q_cfs": null,
    "velocity_feasibility": 1.0,
    "water_intake_score": 1.5193
   },
   "type": "Feature"
  },
  {
   "geometry": {
    "coordinates": [
     -80.598463,
     35.297872
    ],
    "type": "Point"
   },
   "properties": {
    "accumulation": 270877.0,
    "bank_slope_deg": 11.32,
    "bank_slope_score": 1.0,
    "bank_slope_source": "nc-dps-lidar-dem03-cross-section",
    "beach_dist_km": 283.65,
    "bridge_proximity_bonus": 0.0,
    "catchment_area_km2": 27.0302,
    "channel_width_m": 12.26,
    "channel_width_score": 1.0,
    "composite_score": 38.6321,
    "cso_density": 0.0,
    "ej_index": 0.3123,
    "elevation_m": 163.6046,
    "estuary_dist_km": 414.3,
    "feasibility_score": 53.9286,
    "flood_q10_cfs": 2030.12,
    "flow_score": 53.6641,
    "flow_velocity_ms": 0.0564,
    "generation_score": 21.9301,
    "impact_score": 35.1592,
    "impervious_pct": 9.75,
    "land_ownership": 0.5,
    "lat": 35.2979,
    "litter_complaint_density": 0.0,
    "lon": -80.5985,
    "navigable_dist_m": null,
    "npdes_points": 4,
    "pixel_col": 1063.0,
    "pixel_row": 735.0,
    "population_density": 220.9,
    "position_along": 0.5,
    "protected_area_score": 13.7531,
    "rank": 29,
    "road_access_m": 458.2,
    "road_access_score": 0.8,
    "road_density_km_km2": 3.122,
    "robustness_pct": 0.0,
    "runoff_coeff_C": 0.1377,
    "seasonal_cv": 0.4964,
    "segment_id": 26,
    "segment_length_m": 2761.9868,
    "stream_order": 3,
    "superfund_score": 0.0197,
    "tourism_amenity_density": 0.3183,
    "tri_facility_density": 0.0,
    "usgs_mean_q_cfs": 34.643,
    "velocity_feasibility": 0.7,
    "water_intake_score": 1.0242
   },
   "type": "Feature"
  },
  {
   "geometry": {
    "coordinates": [
     -80.624627,
     35.292202
    ],
    "type": "Point"
   },
   "properties": {
    "accumulation": 191971.0,
    "bank_slope_deg": 8.89,
    "bank_slope_score": 1.0,
    "bank_slope_source": "nc-dps-lidar-dem03-cross-section",
    "beach_dist_km": 285.55,
    "bridge_proximity_bonus": 0.0,
    "catchment_area_km2": 19.1563,
    "channel_width_m": 10.62,
    "channel_width_score": 1.0,
    "composite_score": 38.6014,
    "cso_density": 0.0,
    "ej_index": 0.2972,
    "elevation_m": 169.8432,
    "estuary_dist_km": 416.64,
    "feasibility_score": 66.4286,
    "flood_q10_cfs": 1700.95,
    "flow_score": 48.1569,
    "flow_velocity_ms": 0.1088,
    "generation_score": 21.6818,
    "impact_score": 33.6446,
    "impervious_pct": 10.75,
    "land_ownership": 0.5,
    "lat": 35.2922,
    "litter_complaint_density": 0.0,
    "lon": -80.6246,
    "navigable_dist_m": null,
    "npdes_points": 2,
    "pixel_col": 825.0,
    "pixel_row": 800.0,
    "population_density": 289.0,
    "position_along": 0.25,
    "protected_area_score": 16.0905,
    "rank": 30,
    "road_access_m": 112.4,
    "road_access_score": 1.0,
    "road_density_km_km2": 3.451,
    "robustness_pct": 0.0,
    "runoff_coeff_C": 0.1467,
    "seasonal_cv": 0.494,
    "segment_id": 25,
    "segment_length_m": 3212.9286,
    "stream_order": 3,
    "superfund_score": 0.0191,
    "tourism_amenity_density": 2.2282,
    "tri_facility_density": 0.0,
    "usgs_mean_q_cfs": 30.665,
    "velocity_feasibility": 0.7,
    "water_intake_score": 1.0209
   },
   "type": "Feature"
  },
  {
   "geometry": {
    "coordinates": [
     -80.595164,
     35.340224
    ],
    "type": "Point"
   },
   "properties": {
    "accumulation": 33143.0,
    "bank_slope_deg": 17.53,
    "bank_slope_score": 0.5,
    "bank_slope_source": "nc-dps-lidar-dem03-cross-section",
    "beach_dist_km": 285.36,
    "bridge_proximity_bonus": 0.0,
    "catchment_area_km2": 3.3073,
    "channel_width_m": 5.13,
    "channel_width_score": 1.0,
    "composite_score": 37.5111,
    "cso_density": 0.0,
    "ej_index": 0.3715,
    "elevation_m": 165.5612,
    "estuary_dist_km": 414.23,
    "feasibility_score": 71.4286,
    "flood_q10_cfs": 576.4,
    "flow_score": 22.9617,
    "flow_velocity_ms": 0.0736,
    "generation_score": 23.0304,
    "impact_score": 47.1576,
    "impervious_pct": 13.13,
    "land_ownership": 1.0,
    "lat": 35.3402,
    "litter_complaint_density": 0.0,
    "lon": -80.5952,
    "navigable_dist_m": null,
    "npdes_points": 2,
    "pixel_col": 1090.0,
    "pixel_row": 267.0,
    "population_density": 289.1,
    "position_along": 0.5,
    "protected_area_score": 13.2174,
    "rank": 31,
    "road_access_m": 65.2,
    "road_access_score": 1.0,
    "road_density_km_km2": 2.86,
    "robustness_pct": 0.0,
    "runoff_coeff_C": 0.1682,
    "seasonal_cv": 0.4108,
    "segment_id": 4,
    "segment_length_m": 1339.5299,
    "stream_order": 3,
    "superfund_score": 0.0831,
    "tourism_amenity_density": 1.1937,
    "tri_facility_density": 0.0,
    "usgs_mean_q_cfs": 1.87,
    "velocity_feasibility": 0.7,
    "water_intake_score": 1.4121
   },
   "type": "Feature"
  },
  {
   "geometry": {
    "coordinates": [
     -80.612914,
     35.293655
    ],
    "type": "Point"
   },
   "properties": {
    "accumulation": 204405.0,
    "bank_slope_deg": 16.14,
    "bank_slope_score": 0.5,
    "bank_slope_source": "nc-dps-lidar-dem03-cross-section",
    "beach_dist_km": 284.65,
    "bridge_proximity_bonus": 0.0,
    "catchment_area_km2": 20.3971,
    "channel_width_m": 10.9,
    "channel_width_score": 1.0,
    "composite_score": 36.4135,
    "cso_density": 0.0,
    "ej_index": 0.3153,
    "elevation_m": 166.9366,
    "estuary_dist_km": 415.59,
    "feasibility_score": 56.4286,
    "flood_q10_cfs": 1761.12,
    "flow_score": 49.5215,
    "flow_velocity_ms": 0.1293,
    "generation_score": 18.3964,
    "impact_score": 33.4995,
    "impervious_pct": 10.75,
    "land_ownership": 0.5,
    "lat": 35.2937,
    "litter_complaint_density": 0.0,
    "lon": -80.6129,
    "navigable_dist_m": null,
    "npdes_points": 1,
    "pixel_col": 932.0,
    "pixel_row": 782.0,
    "population_density": 215.6,
    "position_along": 0.75,
    "protected_area_score": 14.842,
    "rank": 32,
    "road_access_m": 163.9,
    "road_access_score": 1.0,
    "road_density_km_km2": 3.222,
    "robustness_pct": 0.0,
    "runoff_coeff_C": 0.1467,
    "seasonal_cv": 0.494,
    "segment_id": 25,
    "segment_length_m": 3212.9286,
    "stream_order": 3,
    "superfund_score": 0.0191,
    "tourism_amenity_density": 0.4775,
    "tri_facility_density": 0.0,
    "usgs_mean_q_cfs": 30.665,
    "velocity_feasibility": 0.7,
    "water_intake_score": 1.0142
   },
   "type": "Feature"
  },
  {
   "geometry": {
    "coordinates": [
     -80.671102,
     35.33314
    ],
    "type": "Point"
   },
   "properties": {
    "accumulation": 43409.0,
    "bank_slope_deg": 7.45,
    "bank_slope_score": 1.0,
    "bank_slope_source": "nc-dps-lidar-dem03-cross-section",
    "beach_dist_km": 291.27,
    "bridge_proximity_bonus": 0.0,
    "catchment_area_km2": 4.3317,
    "channel_width_m": 5.73,
    "channel_width_score": 1.0,
    "composite_score": 35.8087,
    "cso_density": 0.0,
    "ej_index": 0.5203,
    "elevation_m": 169.2782,
    "estuary_dist_km": 421.07,
    "feasibility_score": 62.5,
    "flood_q10_cfs": 561.37,
    "flow_score": 42.3573,
    "flow_velocity_ms": 0.5,
    "generation_score": 8.0236,
    "impact_score": 44.7908,
    "impervious_pct": null,
    "land_ownership": 0.5,
    "lat": 35.3331,
    "litter_complaint_density": 0.0,
    "lon": -80.6711,
    "navigable_dist_m": null,
    "npdes_points": 0,
    "pixel_col": 401.0,
    "pixel_row": 347.0,
    "population_density": 384.5,
    "position_along": 0.5,
    "protected_area_score": 20.4498,
    "rank": 33,
    "road_access_m": 264.5,
    "road_access_score": 0.8,
    "road_density_km_km2": 2.57,
    "robustness_pct": 0.0,
    "runoff_coeff_C": null,
    "seasonal_cv": null,
    "segment_id": 9,
    "segment_length_m": 2770.5564,
    "stream_order": 3,
    "superfund_score": 0.0541,
    "tourism_amenity_density": 0.6366,
    "tri_facility_density": 0.0,
    "usgs_mean_q_cfs": null,
    "velocity_feasibility": 1.0,
    "water_intake_score": 1.4726
   },
   "type": "Feature"
  },
  {
   "geometry": {
    "coordinates": [
     -80.666745,
     35.348397
    ],
    "type": "Point"
   },
   "properties": {
    "accumulation": 35275.0,
    "bank_slope_deg": 17.64,
    "bank_slope_score": 0.5,
    "bank_slope_source": "nc-dps-lidar-dem03-cross-section",
    "beach_dist_km": 291.62,
    "bridge_proximity_bonus": 0.0,
    "catchment_area_km2": 3.52,
    "channel_width_m": 5.26,
    "channel_width_score": 1.0,
    "composite_score": 35.7121,
    "cso_density": 0.0,
    "ej_index": 0.544,
    "elevation_m": 169.7205,
    "estuary_dist_km": 420.76,
    "feasibility_score": 52.5,
    "flood_q10_cfs": 480.11,
    "flow_score": 41.5308,
    "flow_velocity_ms": 0.5,
    "generation_score": 5.3514,
    "impact_score": 52.83,
    "impervious_pct": null,
    "land_ownership": 0.5,
    "lat": 35.3484,
    "litter_complaint_density": 0.0,
    "lon": -80.6667,
    "navigable_dist_m": null,
    "npdes_points": 1,
    "pixel_col": 437.0,
    "pixel_row": 179.0,
    "population_density": 256.1,
    "position_along": 0.25,
    "protected_area_score": 18.8523,
    "rank": 34,
    "road_access_m": 482.6,
    "road_access_score": 0.8,
    "road_density_km_km2": 1.513,
    "robustness_pct": 0.0,
    "runoff_coeff_C": null,
    "seasonal_cv": null,
    "segment_id": 1,
    "segment_length_m": 4368.218,
    "stream_order": 3,
    "superfund_score": 0.041,
    "tourism_amenity_density": 5.093,
    "tri_facility_density": 0.0,
    "usgs_mean_q_cfs": null,
    "velocity_feasibility": 1.0,
    "water_intake_score": 1.653
   },
   "type": "Feature"
  },
  {
   "geometry": {
    "coordinates": [
     -80.62664,
     35.331386
    ],
    "type": "Point"
   },
   "properties": {
    "accumulation": 68173.0,
    "bank_slope_deg": 29.17,
    "bank_slope_score": 0.5,
    "bank_slope_source": "nc-dps-lidar-dem03-cross-section",
    "beach_dist_km": 287.53,
    "bridge_proximity_bonus": 0.0,
    "catchment_area_km2": 6.8028,
    "channel_width_m": 6.91,
    "channel_width_score": 1.0,
    "composite_score": 35.3142,
    "cso_density": 0.0,
    "ej_index": 0.3296,
    "elevation_m": 162.0211,
    "estuary_dist_km": 417.03,
    "feasibility_score": 65.0,
    "flood_q10_cfs": 788.82,
    "flow_score": 30.7454,
    "flow_velocity_ms": 0.5,
    "generation_score": 19.2207,
    "impact_score": 40.3721,
    "impervious_pct": null,
    "land_ownership": 0.5,
    "lat": 35.3314,
    "litter_complaint_density": 0.0,
    "lon": -80.6266,
    "navigable_dist_m": null,
    "npdes_points": 1,
    "pixel_col": 806.0,
    "pixel_row": 366.0,
    "population_density": 374.9,
    "position_along": 0.375,
    "protected_area_score": 15.6661,
    "rank": 35,
    "road_access_m": 152.3,
    "road_access_score": 1.0,
    "road_density_km_km2": 4.066,
    "robustness_pct": 0.0,
    "runoff_coeff_C": null,
    "seasonal_cv": null,
    "segment_id": 8,
    "segment_length_m": 6548.4476,
    "stream_order": 1,
    "superfund_score": 0.0276,
    "tourism_amenity_density": 0.9549,
    "tri_facility_density": 0.147,
    "usgs_mean_q_cfs": null,
    "velocity_feasibility": 1.0,
    "water_intake_score": 1.3838
   },
   "type": "Feature"
  },
  {
   "geometry": {
    "coordinates": [
     -80.653632,
     35.273167
    ],
    "type": "Point"
   },
   "properties": {
    "accumulation": 62498.0,
    "bank_slope_deg": 13.05,
    "bank_slope_score": 1.0,
    "bank_slope_source": "nc-dps-lidar-dem03-cross-section",
    "beach_dist_km": 287.11,
    "bridge_proximity_bonus": 0.0,
    "catchment_area_km2": 6.2365,
    "channel_width_m": 6.67,
    "channel_width_score": 1.0,
    "composite_score": 35.2535,
    "cso_density": 0.0,
    "ej_index": 0.3557,
    "elevation_m": 180.9362,
    "estuary_dist_km": 419.19,
    "feasibility_score": 66.4286,
    "flood_q10_cfs": 923.81,
    "flow_score": 27.3787,
    "flow_velocity_ms": 0.1269,
    "generation_score": 30.339,
    "impact_score": 31.1428,
    "impervious_pct": 12.77,
    "land_ownership": 0.5,
    "lat": 35.2732,
    "litter_complaint_density": 0.0,
    "lon": -80.6536,
    "navigable_dist_m": null,
    "npdes_points": 1,
    "pixel_col": 562.0,
    "pixel_row": 1012.0,
    "population_density": 526.5,
    "position_along": 0.375,
    "protected_area_score": 20.9815,
    "rank": 36,
    "road_access_m": 95.5,
    "road_access_score": 1.0,
    "road_density_km_km2": 5.623,
    "robustness_pct": 0.0,
    "runoff_coeff_C": 0.1649,
    "seasonal_cv": 0.4302,
    "segment_id": 20,
    "segment_length_m": 6885.1963,
    "stream_order": 3,
    "superfund_score": 0.018,
    "tourism_amenity_density": 0.9549,
    "tri_facility_density": 0.0,
    "usgs_mean_q_cfs": 2.492,
    "velocity_feasibility": 0.7,
    "water_intake_score": 0.9066
   },
   "type": "Feature"
  },
  {
   "geometry": {
    "coordinates": [
     -80.638614,
     35.333612
    ],
    "type": "Point"
   },
   "properties": {
    "accumulation": 29996.0,
    "bank_slope_deg": 19.47,
    "bank_slope_score": 0.5,
    "bank_slope_source": "nc-dps-lidar-dem03-cross-section",
    "beach_dist_km": 288.62,
    "bridge_proximity_bonus": 0.0,
    "catchment_area_km2": 2.9932,
    "channel_width_m": 4.92,
    "channel_width_score": 1.0,
    "composite_score": 35.2195,
    "cso_density": 0.0,
    "ej_index": 0.4251,
    "elevation_m": 165.6402,
    "estuary_dist_km": 418.13,
    "feasibility_score": 65.0,
    "flood_q10_cfs": 424.9,
    "flow_score": 26.9786,
    "flow_velocity_ms": 0.5,
    "generation_score": 18.1957,
    "impact_score": 44.2204,
    "impervious_pct": null,
    "land_ownership": 0.5,
    "lat": 35.3336,
    "litter_complaint_density": 0.0,
    "lon": -80.6386,
    "navigable_dist_m": null,
    "npdes_points": 1,
    "pixel_col": 695.0,
    "pixel_row": 342.0,
    "population_density": 470.9,
    "position_along": 0.125,
    "protected_area_score": 16.553,
    "rank": 37,
    "road_access_m": 58.8,
    "road_access_score": 1.0,
    "road_density_km_km2": 6.578,
    "robustness_pct": 0.0,
    "runoff_coeff_C": null,
    "seasonal_cv": null,
    "segment_id": 8,
    "segment_length_m": 6548.4476,
    "stream_order": 1,
    "superfund_score": 0.0276,
    "tourism_amenity_density": 2.4669,
    "tri_facility_density": 0.0,
    "usgs_mean_q_cfs": null,
    "velocity_feasibility": 1.0,
    "water_intake_score": 1.4189
   },
   "type": "Feature"
  },
  {
   "geometry": {
    "coordinates": [
     -80.634766,
     35.284945
    ],
    "type": "Point"
   },
   "properties": {
    "accumulation": 107238.0,
    "bank_slope_deg": 20.61,
    "bank_slope_score": 0.5,
    "bank_slope_source": "nc-dps-lidar-dem03-cross-section",
    "beach_dist_km": 286.07,
    "bridge_proximity_bonus": 0.0,
    "catchment_area_km2": 10.701,
    "channel_width_m": 8.34,
    "channel_width_score": 1.0,
    "composite_score": 34.7012,
    "cso_density": 0.0,
    "ej_index": 0.2663,
    "elevation_m": 172.0435,
    "estuary_dist_km": 417.53,
    "feasibility_score": 56.4286,
    "flood_q10_cfs": 1232.7,
    "flow_score": 37.113,
    "flow_velocity_ms": 0.1107,
    "generation_score": 25.3664,
    "impact_score": 31.1625,
    "impervious_pct": 10.79,
    "land_ownership": 0.5,
    "lat": 35.2849,
    "litter_complaint_density": 0.0,
    "lon": -80.6348,
    "navigable_dist_m": null,
    "npdes_points": 3,
    "pixel_col": 732.0,
    "pixel_row": 878.0,
    "population_density": 353.0,
    "position_along": 0.875,
    "protected_area_score": 17.7921,
    "rank": 38,
    "road_access_m": 172.2,
    "road_access_score": 1.0,
    "road_density_km_km2": 3.982,
    "robustness_pct": 0.0,
    "runoff_coeff_C": 0.1471,
    "seasonal_cv": 0.4852,
    "segment_id": 20,
    "segment_length_m": 6885.1963,
    "stream_order": 3,
    "superfund_score": 0.0189,
    "tourism_amenity_density": 1.9894,
    "tri_facility_density": 0.0,
    "usgs_mean_q_cfs": 19.671,
    "velocity_feasibility": 0.7,
    "water_intake_score": 0.9765
   },
   "type": "Feature"
  },
  {
   "geometry": {
    "coordinates": [
     -80.662528,
     35.259727
    ],
    "type": "Point"
   },
   "properties": {
    "accumulation": 33892.0,
    "bank_slope_deg": 21.24,
    "bank_slope_score": 0.5,
    "bank_slope_source": "nc-dps-lidar-dem03-cross-section",
    "beach_dist_km": 287.26,
    "bridge_proximity_bonus": 0.0,
    "catchment_area_km2": 3.382,
    "channel_width_m": 5.17,
    "channel_width_score": 1.0,
    "composite_score": 34.0236,
    "cso_density": 0.0,
    "ej_index": 0.5282,
    "elevation_m": 182.897,
    "estuary_dist_km": 419.95,
    "feasibility_score": 65.0,
    "flood_q10_cfs": 465.85,
    "flow_score": 27.3875,
    "flow_velocity_ms": 0.5,
    "generation_score": 19.9729,
    "impact_score": 38.1161,
    "impervious_pct": null,
    "land_ownership": 0.5,
    "lat": 35.2597,
    "litter_complaint_density": 0.0,
    "lon": -80.6625,
    "navigable_dist_m": null,
    "npdes_points": 1,
    "pixel_col": 482.0,
    "pixel_row": 1159.0,
    "population_density": 724.0,
    "position_along": 0.5,
    "protected_area_score": 25.5964,
    "rank": 39,
    "road_access_m": 182.5,
    "road_access_score": 1.0,
    "road_density_km_km2": 4.954,
    "robustness_pct": 0.0,
    "runoff_coeff_C": null,
    "seasonal_cv": null,
    "segment_id": 33,
    "segment_length_m": 1513.4871,
    "stream_order": 1,
    "superfund_score": 0.0162,
    "tourism_amenity_density": 0.9549,
    "tri_facility_density": 0.0,
    "usgs_mean_q_cfs": null,
    "velocity_feasibility": 1.0,
    "water_intake_score": 0.8318
   },
   "type": "Feature"
  },
  {
   "geometry": {
    "coordinates": [
     -80.66422,
     35.34384
    ],
    "type": "Point"
   },
   "properties": {
    "accumulation": 48873.0,
    "bank_slope_deg": 16.96,
    "bank_slope_score": 0.5,
    "bank_slope_source": "nc-dps-lidar-dem03-cross-section",
    "beach_dist_km": 291.2,
    "bridge_proximity_bonus": 0.0,
    "catchment_area_km2": 4.8769,
    "channel_width_m": 6.02,
    "channel_width_score": 1.0,
    "composite_score": 33.8511,
    "cso_density": 0.0,
    "ej_index": 0.514,
    "elevation_m": 167.6557,
    "estuary_dist_km": 420.51,
    "feasibility_score": 40.0,
    "flood_q10_cfs": 613.83,
    "flow_score": 42.8988,
    "flow_velocity_ms": 0.5,
    "generation_score": 6.6673,
    "impact_score": 50.4208,
    "impervious_pct": null,
    "land_ownership": 0.5,
    "lat": 35.3438,
    "litter_complaint_density": 0.0,
    "lon": -80.6642,
    "navigable_dist_m": null,
    "npdes_points": 1,
    "pixel_col": 463.0,
    "pixel_row": 228.0,
    "population_density": 332.1,
    "position_along": 0.75,
    "protected_area_score": 18.8639,
    "rank": 40,
    "road_access_m": 889.1,
    "road_access_score": 0.6,
    "road_density_km_km2": 1.47,
    "robustness_pct": 0.0,
    "runoff_coeff_C": null,
    "seasonal_cv": null,
    "segment_id": 1,
    "segment_length_m": 4368.218,
    "stream_order": 3,
    "superfund_score": 0.0403,
    "tourism_amenity_density": 4.5359,
    "tri_facility_density": 0.0,
    "usgs_mean_q_cfs": null,
    "velocity_feasibility": 1.0,
    "water_intake_score": 1.5912
   },
   "type": "Feature"
  },
  {
   "geometry": {
    "coordinates": [
     -80.587897,
     35.299137
    ],
    "type": "Point"
   },
   "properties": {
    "accumulation": 114926.0,
    "bank_slope_deg": 6.57,
    "bank_slope_score": 1.0,
    "bank_slope_source": "nc-dps-lidar-dem03-cross-section",
    "beach_dist_km": 282.83,
    "bridge_proximity_bonus": 0.2,
    "catchment_area_km2": 11.4682,
    "channel_width_m": 8.59,
    "channel_width_score": 1.0,
    "composite_score": 33.6162,
    "cso_density": 0.0,
    "ej_index": 0.3196,
    "elevation_m": 165.5575,
    "estuary_dist_km": 413.35,
    "feasibility_score": 63.9286,
    "flood_q10_cfs": 1165.4,
    "flow_score": 33.0447,
    "flow_velocity_ms": 0.1497,
    "generation_score": 16.0433,
    "impact_score": 36.5092,
    "impervious_pct": 3.95,
    "land_ownership": 0.5,
    "lat": 35.2991,
    "litter_complaint_density": 0.0,
    "lon": -80.5879,
    "navigable_dist_m": null,
    "npdes_points": 4,
    "pixel_col": 1158.0,
    "pixel_row": 719.0,
    "population_density": 242.5,
    "position_along": 0.8333,
    "protected_area_score": 12.9339,
    "rank": 41,
    "road_access_m": 347.4,
    "road_access_score": 0.8,
    "road_density_km_km2": 2.857,
    "robustness_pct": 0.0,
    "runoff_coeff_C": 0.0856,
    "seasonal_cv": 0.448,
    "segment_id": 28,
    "segment_length_m": 5474.6149,
    "stream_order": 3,
    "superfund_score": 0.0199,
    "tourism_amenity_density": 0.3183,
    "tri_facility_density": 0.0,
    "usgs_mean_q_cfs": 10.264,
    "velocity_feasibility": 0.7,
    "water_intake_score": 1.0179
   },
   "type": "Feature"
  },
  {
   "geometry": {
    "coordinates": [
     -80.665302,
     35.270574
    ],
    "type": "Point"
   },
   "properties": {
    "accumulation": 32875.0,
    "bank_slope_deg": 15.56,
    "bank_slope_score": 0.5,
    "bank_slope_source": "nc-dps-lidar-dem03-cross-section",
    "beach_dist_km": 287.96,
    "bridge_proximity_bonus": 0.0,
    "catchment_area_km2": 3.2805,
    "channel_width_m": 5.11,
    "channel_width_score": 1.0,
    "composite_score": 32.8889,
    "cso_density": 0.0,
    "ej_index": 0.3962,
    "elevation_m": 186.5948,
    "estuary_dist_km": 420.24,
    "feasibility_score": 56.4286,
    "flood_q10_cfs": 569.29,
    "flow_score": 23.4871,
    "flow_velocity_ms": 0.1065,
    "generation_score": 29.903,
    "impact_score": 31.9397,
    "impervious_pct": 12.77,
    "land_ownership": 0.5,
    "lat": 35.2706,
    "litter_complaint_density": 0.0,
    "lon": -80.6653,
    "navigable_dist_m": null,
    "npdes_points": 0,
    "pixel_col": 456.0,
    "pixel_row": 1040.0,
    "population_density": 540.2,
    "position_along": 0.125,
    "protected_area_score": 22.761,
    "rank": 42,
    "road_access_m": 90.9,
    "road_access_score": 1.0,
    "road_density_km_km2": 6.107,
    "robustness_pct": 0.0,
    "runoff_coeff_C": 0.1649,
    "seasonal_cv": 0.4302,
    "segment_id": 20,
    "segment_length_m": 6885.1963,
    "stream_order": 3,
    "superfund_score": 0.0174,
    "tourism_amenity_density": 1.0345,
    "tri_facility_density": 0.0,
    "usgs_mean_q_cfs": 2.492,
    "velocity_feasibility": 0.7,
    "water_intake_score": 0.903
   },
   "type": "Feature"
  },
  {
   "geometry": {
    "coordinates": [
     -80.605373,
     35.320507
    ],
    "type": "Point"
   },
   "properties": {
    "accumulation": 102104.0,
    "bank_slope_deg": 25.31,
    "bank_slope_score": 0.5,
    "bank_slope_source": "nc-dps-lidar-dem03-cross-section",
    "beach_dist_km": 285.27,
    "bridge_proximity_bonus": 0.0,
    "catchment_area_km2": 10.1887,
    "channel_width_m": 8.18,
    "channel_width_score": 1.0,
    "composite_score": 32.5974,
    "cso_density": 0.0,
    "ej_index": 0.2727,
    "elevation_m": 160.3591,
    "estuary_dist_km": 415.04,
    "feasibility_score": 65.0,
    "flood_q10_cfs": 1033.52,
    "flow_score": 33.588,
    "flow_velocity_ms": 0.5,
    "generation_score": 10.2255,
    "impact_score": 37.9424,
    "impervious_pct": null,
    "land_ownership": 0.5,
    "lat": 35.3205,
    "litter_complaint_density": 0.0,
    "lon": -80.6054,
    "navigable_dist_m": null,
    "npdes_points": 2,
    "pixel_col": 997.0,
    "pixel_row": 487.0,
    "population_density": 268.2,
    "position_along": 0.875,
    "protected_area_score": 14.2396,
    "rank": 43,
    "road_access_m": 145.8,
    "road_access_score": 1.0,
    "road_density_km_km2": 3.283,
    "robustness_pct": 0.0,
    "runoff_coeff_C": null,
    "seasonal_cv": null,
    "segment_id": 8,
    "segment_length_m": 6548.4476,
    "stream_order": 1,
    "superfund_score": 0.029,
    "tourism_amenity_density": 0.8754,
    "tri_facility_density": 0.0,
    "usgs_mean_q_cfs": null,
    "velocity_feasibility": 1.0,
    "water_intake_score": 1.2336
   },
   "type": "Feature"
  },
  {
   "geometry": {
    "coordinates": [
     -80.696836,
     35.253037
    ],
    "type": "Point"
   },
   "properties": {
    "accumulation": 46905.0,
    "bank_slope_deg": 29.47,
    "bank_slope_score": 0.5,
    "bank_slope_source": "nc-dps-lidar-dem03-cross-section",
    "beach_dist_km": 289.84,
    "bridge_proximity_bonus": 0.0,
    "catchment_area_km2": 4.6805,
    "channel_width_m": 5.92,
    "channel_width_score": 1.0,
    "composite_score": 32.1991,
    "cso_density": 0.0,
    "ej_index": 0.6922,
    "elevation_m": 193.6701,
    "estuary_dist_km": 423.04,
    "feasibility_score": 56.4286,
    "flood_q10_cfs": 651.12,
    "flow_score": 22.9345,
    "flow_velocity_ms": 0.0951,
    "generation_score": 19.7366,
    "impact_score": 40.2673,
    "impervious_pct": 5.14,
    "land_ownership": 0.5,
    "lat": 35.253,
    "litter_complaint_density": 0.0,
    "lon": -80.6968,
    "navigable_dist_m": null,
    "npdes_points": 1,
    "pixel_col": 170.0,
    "pixel_row": 1238.0,
    "population_density": 584.3,
    "position_along": 0.5,
    "protected_area_score": 28.8767,
    "rank": 44,
    "road_access_m": 65.1,
    "road_access_score": 1.0,
    "road_density_km_km2": 3.344,
    "robustness_pct": 0.0,
    "runoff_coeff_C": 0.0963,
    "seasonal_cv": 0.4438,
    "segment_id": 32,
    "segment_length_m": 1247.9117,
    "stream_order": 3,
    "superfund_score": 0.0125,
    "tourism_amenity_density": 0.557,
    "tri_facility_density": 0.0,
    "usgs_mean_q_cfs": 3.368,
    "velocity_feasibility": 0.7,
    "water_intake_score": 0.8545
   },
   "type": "Feature"
  },
  {
   "geometry": {
    "coordinates": [
     -80.591197,
     35.268706
    ],
    "type": "Point"
   },
   "properties": {
    "accumulation": 21087.0,
    "bank_slope_deg": 0.82,
    "bank_slope_score": 1.0,
    "bank_slope_source": "nc-dps-lidar-dem03-cross-section",
    "beach_dist_km": 281.72,
    "bridge_proximity_bonus": 0.0,
    "catchment_area_km2": 2.1042,
    "channel_width_m": 4.25,
    "channel_width_score": 1.0,
    "composite_score": 31.6702,
    "cso_density": 0.0,
    "ej_index": 0.1505,
    "elevation_m": 178.4023,
    "estuary_dist_km": 413.51,
    "feasibility_score": 75.0,
    "flood_q10_cfs": 325.8,
    "flow_score": 40.0087,
    "flow_velocity_ms": 0.5,
    "generation_score": 7.6532,
    "impact_score": 27.0734,
    "impervious_pct": null,
    "land_ownership": 0.5,
    "lat": 35.2687,
    "litter_complaint_density": 0.0,
    "lon": -80.5912,
    "navigable_dist_m": null,
    "npdes_points": 0,
    "pixel_col": 1127.0,
    "pixel_row": 1059.0,
    "population_density": 299.7,
    "position_along": 0.5,
    "protected_area_score": 13.4019,
    "rank": 45,
    "road_access_m": 118.0,
    "road_access_score": 1.0,
    "road_density_km_km2": 3.242,
    "robustness_pct": 0.0,
    "runoff_coeff_C": null,
    "seasonal_cv": null,
    "segment_id": 21,
    "segment_length_m": 86.4766,
    "stream_order": 3,
    "superfund_score": 0.0223,
    "tourism_amenity_density": 0.2387,
    "tri_facility_density": 0.0,
    "usgs_mean_q_cfs": null,
    "velocity_feasibility": 1.0,
    "water_intake_score": 0.8237
   },
   "type": "Feature"
  },
  {
   "geometry": {
    "coordinates": [
     -80.615557,
     35.328096
    ],
    "type": "Point"
   },
   "properties": {
    "accumulation": 87698.0,
    "bank_slope_deg": 26.98,
    "bank_slope_score": 0.5,
    "bank_slope_source": "nc-dps-lidar-dem03-cross-section",
    "beach_dist_km": 286.46,
    "bridge_proximity_bonus": 0.0,
    "catchment_area_km2": 8.7512,
    "channel_width_m": 7.68,
    "channel_width_score": 1.0,
    "composite_score": 31.6637,
    "cso_density": 0.0,
    "ej_index": 0.2705,
    "elevation_m": 161.542,
    "estuary_dist_km": 416.01,
    "feasibility_score": 52.5,
    "flood_q10_cfs": 950.01,
    "flow_score": 32.5119,
    "flow_velocity_ms": 0.5,
    "generation_score": 13.9931,
    "impact_score": 38.2093,
    "impervious_pct": null,
    "land_ownership": 0.5,
    "lat": 35.3281,
    "litter_complaint_density": 0.0,
    "lon": -80.6156,
    "navigable_dist_m": null,
    "npdes_points": 1,
    "pixel_col": 906.0,
    "pixel_row": 403.0,
    "population_density": 297.3,
    "position_along": 0.625,
    "protected_area_score": 14.7108,
    "rank": 46,
    "road_access_m": 210.0,
    "road_access_score": 0.8,
    "road_density_km_km2": 2.813,
    "robustness_pct": 0.0,
    "runoff_coeff_C": null,
    "seasonal_cv": null,
    "segment_id": 8,
    "segment_length_m": 6548.4476,
    "stream_order": 1,
    "superfund_score": 0.0295,
    "tourism_amenity_density": 0.7162,
    "tri_facility_density": 0.1143,
    "usgs_mean_q_cfs": null,
    "velocity_feasibility": 1.0,
    "water_intake_score": 1.3274
   },
   "type": "Feature"
  },
  {
   "geometry": {
    "coordinates": [
     -80.645993,
     35.279859
    ],
    "type": "Point"
   },
   "properties": {
    "accumulation": 76326.0,
    "bank_slope_deg": 25.93,
    "bank_slope_score": 0.5,
    "bank_slope_source": "nc-dps-lidar-dem03-cross-section",
    "beach_dist_km": 286.77,
    "bridge_proximity_bonus": 0.0,
    "catchment_area_km2": 7.6164,
    "channel_width_m": 7.25,
    "channel_width_score": 1.0,
    "composite_score": 31.617,
    "cso_density": 0.0,
    "ej_index": 0.2778,
    "elevation_m": 174.6482,
    "estuary_dist_km": 418.53,
    "feasibility_score": 43.9286,
    "flood_q10_cfs": 1037.42,
    "flow_score": 34.3115,
    "flow_velocity_ms": 0.0943,
    "generation_score": 25.4092,
    "impact_score": 29.4237,
    "impervious_pct": 10.79,
    "land_ownership": 0.5,
    "lat": 35.2799,
    "litter_complaint_density": 0.0,
    "lon": -80.646,
    "navigable_dist_m": null,
    "npdes_points": 2,
    "pixel_col": 631.0,
    "pixel_row": 935.0,
    "population_density": 411.2,
    "position_along": 0.625,
    "protected_area_score": 19.8211,
    "rank": 47,
    "road_access_m": 213.9,
    "road_access_score": 0.8,
    "road_density_km_km2": 4.275,
    "robustness_pct": 0.0,
    "runoff_coeff_C": 0.1471,
    "seasonal_cv": 0.4852,
    "segment_id": 20,
    "segment_length_m": 6885.1963,
    "stream_order": 3,
    "superfund_score": 0.0187,
    "tourism_amenity_density": 0.8754,
    "tri_facility_density": 0.0,
    "usgs_mean_q_cfs": 19.671,
    "velocity_feasibility": 0.7,
    "water_intake_score": 0.9384
   },
   "type": "Feature"
  },
  {
   "geometry": {
    "coordinates": [
     -80.702322,
     35.257654
    ],
    "type": "Point"
   },
   "properties": {
    "accumulation": 22047.0,
    "bank_slope_deg": 13.1,
    "bank_slope_score": 1.0,
    "bank_slope_source": "nc-dps-lidar-dem03-cross-section",
    "beach_dist_km": 290.49,
    "bridge_proximity_bonus": 0.0,
    "catchment_area_km2": 2.2,
    "channel_width_m": 4.33,
    "channel_width_score": 1.0,
    "composite_score": 31.3796,
    "cso_density": 0.0,
    "ej_index": 0.6904,
    "elevation_m": 196.9323,
    "estuary_dist_km": 423.55,
    "feasibility_score": 66.4286,
    "flood_q10_cfs": 368.62,
    "flow_score": 20.2456,
    "flow_velocity_ms": 0.0975,
    "generation_score": 15.8257,
    "impact_score": 38.6873,
    "impervious_pct": 5.14,
    "land_ownership": 0.5,
    "lat": 35.2577,
    "litter_complaint_density": 0.0,
    "lon": -80.7023,
    "navigable_dist_m": null,
    "npdes_points": 1,
    "pixel_col": 119.0,
    "pixel_row": 1187.0,
    "population_density": 388.3,
    "position_along": 0.5,
    "protected_area_score": 27.6491,
    "rank": 48,
    "road_access_m": 179.5,
    "road_access_score": 1.0,
    "road_density_km_km2": 3.161,
    "robustness_pct": 0.0,
    "runoff_coeff_C": 0.0963,
    "seasonal_cv": 0.4438,
    "segment_id": 31,
    "segment_length_m": 199.4935,
    "stream_order": 3,
    "superfund_score": 0.0132,
    "tourism_amenity_density": 0.4775,
    "tri_facility_density": 0.0,
    "usgs_mean_q_cfs": 3.368,
    "velocity_feasibility": 0.7,
    "water_intake_score": 0.893
   },
   "type": "Feature"
  },
  {
   "geometry": {
    "coordinates": [
     -80.702095,
     35.257818
    ],
    "type": "Point"
   },
   "properties": {
    "accumulation": 21991.0,
    "bank_slope_deg": 1.6,
    "bank_slope_score": 1.0,
    "bank_slope_source": "nc-dps-lidar-dem03-cross-section",
    "beach_dist_km": 290.48,
    "bridge_proximity_bonus": 0.0,
    "catchment_area_km2": 2.1944,
    "channel_width_m": 4.32,
    "channel_width_score": 1.0,
    "composite_score": 31.3519,
    "cso_density": 0.0,
    "ej_index": 0.6921,
    "elevation_m": 196.9592,
    "estuary_dist_km": 423.53,
    "feasibility_score": 66.4286,
    "flood_q10_cfs": 367.92,
    "flow_score": 20.0796,
    "flow_velocity_ms": 0.0906,
    "generation_score": 15.7821,
    "impact_score": 38.7769,
    "impervious_pct": 5.14,
    "land_ownership": 0.5,
    "lat": 35.2578,
    "litter_complaint_density": 0.0,
    "lon": -80.7021,
    "navigable_dist_m": null,
    "npdes_points": 1,
    "pixel_col": 118.0,
    "pixel_row": 1186.0,
    "population_density": 383.9,
    "position_along": 0.5,
    "protected_area_score": 27.6323,
    "rank": 49,
    "road_access_m": 196.9,
    "road_access_score": 1.0,
    "road_density_km_km2": 3.182,
    "robustness_pct": 0.0,
    "runoff_coeff_C": 0.0963,
    "seasonal_cv": 0.4438,
    "segment_id": 30,
    "segment_length_m": 218.7623,
    "stream_order": 3,
    "superfund_score": 0.0132,
    "tourism_amenity_density": 0.4775,
    "tri_facility_density": 0.0,
    "usgs_mean_q_cfs": 3.368,
    "velocity_feasibility": 0.7,
    "water_intake_score": 0.8935
   },
   "type": "Feature"
  },
  {
   "geometry": {
    "coordinates": [
     -80.631651,
     35.283613
    ],
    "type": "Point"
   },
   "properties": {
    "accumulation": 66638.0,
    "bank_slope_deg": 9.94,
    "bank_slope_score": 1.0,
    "bank_slope_source": "nc-dps-lidar-dem03-cross-section",
    "beach_dist_km": 285.75,
    "bridge_proximity_bonus": 0.0,
    "catchment_area_km2": 6.6496,
    "channel_width_m": 6.85,
    "channel_width_score": 1.0,
    "composite_score": 31.3178,
    "cso_density": 0.0,
    "ej_index": 0.2399,
    "elevation_m": 172.0259,
    "estuary_dist_km": 417.24,
    "feasibility_score": 66.4286,
    "flood_q10_cfs": 921.91,
    "flow_score": 29.0242,
    "flow_velocity_ms": 0.088,
    "generation_score": 17.0034,
    "impact_score": 29.9883,
    "impervious_pct": 9.89,
    "land_ownership": 0.5,
    "lat": 35.2836,
    "litter_complaint_density": 0.0,
    "lon": -80.6317,
    "navigable_dist_m": null,
    "npdes_points": 1,
    "pixel_col": 762.0,
    "pixel_row": 895.0,
    "population_density": 228.8,
    "position_along": 0.75,
    "protected_area_score": 17.6103,
    "rank": 50,
    "road_access_m": 142.6,
    "road_access_score": 1.0,
    "road_density_km_km2": 2.783,
    "robustness_pct": 0.0,
    "runoff_coeff_C": 0.139,
    "seasonal_cv": 0.4554,
    "segment_id": 24,
    "segment_length_m": 3166.8254,
    "stream_order": 3,
    "superfund_score": 0.0188,
    "tourism_amenity_density": 1.512,
    "tri_facility_density": 0.0,
    "usgs_mean_q_cfs": 10.043,
    "velocity_feasibility": 0.7,
    "water_intake_score": 0.9625
   },
   "type": "Feature"
  },
  {
   "geometry": {
    "coordinates": [
     -80.589884,
     35.275604
    ],
    "type": "Point"
   },
   "properties": {
    "accumulation": 67969.0,
    "bank_slope_deg": 10.07,
    "bank_slope_score": 1.0,
    "bank_slope_source": "nc-dps-lidar-dem03-cross-section",
    "beach_dist_km": 281.92,
    "bridge_proximity_bonus": 0.0,
    "catchment_area_km2": 6.7825,
    "channel_width_m": 6.91,
    "channel_width_score": 1.0,
    "composite_score": 28.6059,
    "cso_density": 0.0,
    "ej_index": 0.2069,
    "elevation_m": 176.0896,
    "estuary_dist_km": 413.42,
    "feasibility_score": 66.4286,
    "flood_q10_cfs": 843.37,
    "flow_score": 28.3619,
    "flow_velocity_ms": 0.1169,
    "generation_score": 9.1378,
    "impact_score": 29.3658,
    "impervious_pct": 3.95,
    "land_ownership": 0.5,
    "lat": 35.2756,
    "litter_complaint_density": 0.0,
    "lon": -80.5899,
    "navigable_dist_m": null,
    "npdes_points": 0,
    "pixel_col": 1142.0,
    "pixel_row": 981.0,
    "population_density": 246.9,
    "position_along": 0.1667,
    "protected_area_score": 13.1447,
    "rank": 51,
    "road_access_m": 167.5,
    "road_access_score": 1.0,
    "road_density_km_km2": 2.384,
    "robustness_pct": 0.0,
    "runoff_coeff_C": 0.0856,
    "seasonal_cv": 0.448,
    "segment_id": 28,
    "segment_length_m": 5474.6149,
    "stream_order": 3,
    "superfund_score": 0.0194,
    "tourism_amenity_density": 0.0,
    "tri_facility_density": 0.0,
    "usgs_mean_q_cfs": 10.264,
    "velocity_feasibility": 0.7,
    "water_intake_score": 0.8623
   },
   "type": "Feature"
  },
  {
   "geometry": {
    "coordinates": [
     -80.635337,
     35.272932
    ],
    "type": "Point"
   },
   "properties": {
    "accumulation": 52679.0,
    "bank_slope_deg": 16.63,
    "bank_slope_score": 0.5,
    "bank_slope_source": "nc-dps-lidar-dem03-cross-section",
    "beach_dist_km": 285.57,
    "bridge_proximity_bonus": 0.0,
    "catchment_area_km2": 5.2567,
    "channel_width_m": 6.21,
    "channel_width_score": 1.0,
    "composite_score": 28.5134,
    "cso_density": 0.0,
    "ej_index": 0.2124,
    "elevation_m": 174.3763,
    "estuary_dist_km": 417.53,
    "feasibility_score": 56.4286,
    "flood_q10_cfs": 772.25,
    "flow_score": 27.4773,
    "flow_velocity_ms": 0.0852,
    "generation_score": 16.3149,
    "impact_score": 27.6175,
    "impervious_pct": 9.89,
    "land_ownership": 0.5,
    "lat": 35.2729,
    "litter_complaint_density": 0.0,
    "lon": -80.6353,
    "navigable_dist_m": null,
    "npdes_points": 1,
    "pixel_col": 727.0,
    "pixel_row": 1012.0,
    "population_density": 260.0,
    "position_along": 0.25,
    "protected_area_score": 19.124,
    "rank": 52,
    "road_access_m": 155.3,
    "road_access_score": 1.0,
    "road_density_km_km2": 2.067,
    "robustness_pct": 0.0,
    "runoff_coeff_C": 0.139,
    "seasonal_cv": 0.4554,
    "segment_id": 24,
    "segment_length_m": 3166.8254,
    "stream_order": 3,
    "superfund_score": 0.0192,
    "tourism_amenity_density": 0.4775,
    "tri_facility_density": 0.0,
    "usgs_mean_q_cfs": 10.043,
    "velocity_feasibility": 0.7,
    "water_intake_score": 0.8968
   },
   "type": "Feature"
  },
  {
   "geometry": {
    "coordinates": [
     -80.585201,
     35.289233
    ],
    "type": "Point"
   },
   "properties": {
    "accumulation": 100807.0,
    "bank_slope_deg": 20.17,
    "bank_slope_score": 0.5,
    "bank_slope_source": "nc-dps-lidar-dem03-cross-section",
    "beach_dist_km": 282.15,
    "bridge_proximity_bonus": 0.0,
    "catchment_area_km2": 10.0593,
    "channel_width_m": 8.13,
    "channel_width_score": 1.0,
    "composite_score": 28.402,
    "cso_density": 0.0,
    "ej_index": 0.2487,
    "elevation_m": 171.5126,
    "estuary_dist_km": 413.05,
    "feasibility_score": 56.4286,
    "flood_q10_cfs": 1083.78,
    "flow_score": 31.2636,
    "flow_velocity_ms": 0.122,
    "generation_score": 7.6443,
    "impact_score": 32.7616,
    "impervious_pct": 3.95,
    "land_ownership": 0.5,
    "lat": 35.2892,
    "litter_complaint_density": 0.0,
    "lon": -80.5852,
    "navigable_dist_m": null,
    "npdes_points": 0,
    "pixel_col": 1182.0,
    "pixel_row": 829.0,
    "population_density": 227.5,
    "position_along": 0.5,
    "protected_area_score": 12.712,
    "rank": 53,
    "road_access_m": 125.6,
    "road_access_score": 1.0,
    "road_density_km_km2": 1.737,
    "robustness_pct": 0.0,
    "runoff_coeff_C": 0.0856,
    "seasonal_cv": 0.448,
    "segment_id": 28,
    "segment_length_m": 5474.6149,
    "stream_order": 3,
    "superfund_score": 0.0179,
    "tourism_amenity_density": 0.2387,
    "tri_facility_density": 0.0,
    "usgs_mean_q_cfs": 10.264,
    "velocity_feasibility": 0.7,
    "water_intake_score": 0.9369
   },
   "type": "Feature"
  },
  {
   "geometry": {
    "coordinates": [
     -80.635668,
     35.266967
    ],
    "type": "Point"
   },
   "properties": {
    "accumulation": 22327.0,
    "bank_slope_deg": 6.82,
    "bank_slope_score": 1.0,
    "bank_slope_source": "nc-dps-lidar-dem03-cross-section",
    "beach_dist_km": 285.34,
    "bridge_proximity_bonus": 0.0,
    "catchment_area_km2": 2.228,
    "channel_width_m": 4.35,
    "channel_width_score": 1.0,
    "composite_score": 26.3055,
    "cso_density": 0.0,
    "ej_index": 0.1848,
    "elevation_m": 177.3145,
    "estuary_dist_km": 417.54,
    "feasibility_score": 53.9286,
    "flood_q10_cfs": 404.4,
    "flow_score": 24.0036,
    "flow_velocity_ms": 0.0863,
    "generation_score": 13.6372,
    "impact_score": 27.0805,
    "impervious_pct": 9.89,
    "land_ownership": 0.5,
    "lat": 35.267,
    "litter_complaint_density": 0.0,
    "lon": -80.6357,
    "navigable_dist_m": null,
    "npdes_points": 0,
    "pixel_col": 722.0,
    "pixel_row": 1079.0,
    "population_density": 239.0,
    "position_along": 0.5,
    "protected_area_score": 20.475,
    "rank": 54,
    "road_access_m": 455.6,
    "road_access_score": 0.8,
    "road_density_km_km2": 1.638,
    "robustness_pct": 0.0,
    "runoff_coeff_C": 0.139,
    "seasonal_cv": 0.4554,
    "segment_id": 23,
    "segment_length_m": 628.7426,
    "stream_order": 3,
    "superfund_score": 0.02,
    "tourism_amenity_density": 0.4775,
    "tri_facility_density": 0.0,
    "usgs_mean_q_cfs": 10.043,
    "velocity_feasibility": 0.7,
    "water_intake_score": 0.8539
   },
   "type": "Feature"
  },
  {
   "geometry": {
    "coordinates": [
     -80.598098,
     35.266625
    ],
    "type": "Point"
   },
   "properties": {
    "accumulation": 26878.0,
    "bank_slope_deg": 11.18,
    "bank_slope_score": 1.0,
    "bank_slope_source": "nc-dps-lidar-dem03-cross-section",
    "beach_dist_km": 282.2,
    "bridge_proximity_bonus": 0.0,
    "catchment_area_km2": 2.6821,
    "channel_width_m": 4.7,
    "channel_width_score": 1.0,
    "composite_score": 25.4512,
    "cso_density": 0.0,
    "ej_index": 0.1875,
    "elevation_m": 179.9283,
    "estuary_dist_km": 414.13,
    "feasibility_score": 53.9286,
    "flood_q10_cfs": 419.16,
    "flow_score": 23.3772,
    "flow_velocity_ms": 0.0864,
    "generation_score": 10.3392,
    "impact_score": 28.0528,
    "impervious_pct": 3.95,
    "land_ownership": 0.5,
    "lat": 35.2666,
    "litter_complaint_density": 0.0,
    "lon": -80.5981,
    "navigable_dist_m": null,
    "npdes_points": 0,
    "pixel_col": 1068.0,
    "pixel_row": 1083.0,
    "population_density": 271.1,
    "position_along": 0.5,
    "protected_area_score": 14.5599,
    "rank": 55,
    "road_access_m": 208.0,
    "road_access_score": 0.8,
    "road_density_km_km2": 2.815,
    "robustness_pct": 0.0,
    "runoff_coeff_C": 0.0856,
    "seasonal_cv": 0.448,
    "segment_id": 27,
    "segment_length_m": 1511.0632,
    "stream_order": 3,
    "superfund_score": 0.0248,
    "tourism_amenity_density": 0.2387,
    "tri_facility_density": 0.0,
    "usgs_mean_q_cfs": 10.264,
    "velocity_feasibility": 0.7,
    "water_intake_score": 0.8195
   },
   "type": "Feature"
  },
  {
   "geometry": {
    "coordinates": [
     -80.638473,
     35.266392
    ],
    "type": "Point"
   },
   "properties": {
    "accumulation": 22328.0,
    "bank_slope_deg": 15.17,
    "bank_slope_score": 0.5,
    "bank_slope_source": "nc-dps-lidar-dem03-cross-section",
    "beach_dist_km": 285.55,
    "bridge_proximity_bonus": 0.0,
    "catchment_area_km2": 2.2281,
    "channel_width_m": 4.35,
    "channel_width_score": 1.0,
    "composite_score": 25.3182,
    "cso_density": 0.0,
    "ej_index": 0.1885,
    "elevation_m": 176.5873,
    "estuary_dist_km": 417.79,
    "feasibility_score": 43.9286,
    "flood_q10_cfs": 404.41,
    "flow_score": 23.7518,
    "flow_velocity_ms": 0.0749,
    "generation_score": 14.8628,
    "impact_score": 27.7738,
    "impervious_pct": 9.89,
    "land_ownership": 0.5,
    "lat": 35.2664,
    "litter_complaint_density": 0.0,
    "lon": -80.6385,
    "navigable_dist_m": null,
    "npdes_points": 0,
    "pixel_col": 698.0,
    "pixel_row": 1085.0,
    "population_density": 245.5,
    "position_along": 0.5,
    "protected_area_score": 21.5522,
    "rank": 56,
    "road_access_m": 200.2,
    "road_access_score": 0.8,
    "road_density_km_km2": 2.267,
    "robustness_pct": 0.0,
    "runoff_coeff_C": 0.139,
    "seasonal_cv": 0.4554,
    "segment_id": 22,
    "segment_length_m": 733.7781,
    "stream_order": 3,
    "superfund_score": 0.0196,
    "tourism_amenity_density": 0.557,
    "tri_facility_density": 0.0,
    "usgs_mean_q_cfs": 10.043,
    "velocity_feasibility": 0.7,
    "water_intake_score": 0.8544
   },
   "type": "Feature"
  },
  {
   "geometry": {
    "coordinates": [
     -80.606964,
     35.288087
    ],
    "type": "Point"
   },
   "properties": {
    "accumulation": 26601.0,
    "bank_slope_deg": 1.77,
    "bank_slope_score": 1.0,
    "bank_slope_source": "nc-dps-lidar-dem03-cross-section",
    "beach_dist_km": 283.9,
    "bridge_proximity_bonus": 0.0,
    "catchment_area_km2": 2.6545,
    "channel_width_m": 4.68,
    "channel_width_score": 1.0,
    "composite_score": 22.6968,
    "cso_density": 0.0,
    "ej_index": 0.4194,
    "elevation_m": 166.7436,
    "estuary_dist_km": 415.02,
    "feasibility_score": 41.4286,
    "flood_q10_cfs": 398.17,
    "flow_score": 20.0084,
    "flow_velocity_ms": 0.0866,
    "generation_score": 1.4641,
    "impact_score": 36.8039,
    "impervious_pct": 1.46,
    "land_ownership": 0.5,
    "lat": 35.2881,
    "litter_complaint_density": 0.0,
    "lon": -80.607,
    "navigable_dist_m": null,
    "npdes_points": 0,
    "pixel_col": 986.0,
    "pixel_row": 845.0,
    "population_density": 91.2,
    "position_along": 0.5,
    "protected_area_score": 14.6362,
    "rank": 57,
    "road_access_m": 615.9,
    "road_access_score": 0.6,
    "road_density_km_km2": 1.062,
    "robustness_pct": 0.0,
    "runoff_coeff_C": 0.0631,
    "seasonal_cv": 0.4281,
    "segment_id": 18,
    "segment_length_m": 795.1342,
    "stream_order": 3,
    "superfund_score": 0.0188,
    "tourism_amenity_density": 0.3183,
    "tri_facility_density": 0.0,
    "usgs_mean_q_cfs": 3.478,
    "velocity_feasibility": 0.7,
    "water_intake_score": 0.9653
   },
   "type": "Feature"
  },
  {
   "geometry": {
    "coordinates": [
     -80.610065,
     35.277547
    ],
    "type": "Point"
   },
   "properties": {
    "accumulation": 25145.0,
    "bank_slope_deg": 16.97,
    "bank_slope_score": 0.5,
    "bank_slope_source": "nc-dps-lidar-dem03-cross-section",
    "beach_dist_km": 283.68,
    "bridge_proximity_bonus": 0.0,
    "catchment_area_km2": 2.5092,
    "channel_width_m": 4.57,
    "channel_width_score": 1.0,
    "composite_score": 20.9448,
    "cso_density": 0.0,
    "ej_index": 0.4194,
    "elevation_m": 171.9627,
    "estuary_dist_km": 415.26,
    "feasibility_score": 56.4286,
    "flood_q10_cfs": 381.43,
    "flow_score": 5.4139,
    "flow_velocity_ms": 0.0928,
    "generation_score": 1.9653,
    "impact_score": 35.1247,
    "impervious_pct": 1.43,
    "land_ownership": 0.5,
    "lat": 35.2775,
    "litter_complaint_density": 0.0,
    "lon": -80.6101,
    "navigable_dist_m": null,
    "npdes_points": 0,
    "pixel_col": 958.0,
    "pixel_row": 960.0,
    "population_density": 91.2,
    "position_along": 0.5,
    "protected_area_score": 15.0235,
    "rank": 58,
    "road_access_m": 144.6,
    "road_access_score": 1.0,
    "road_density_km_km2": 1.364,
    "robustness_pct": 0.0,
    "runoff_coeff_C": 0.0629,
    "seasonal_cv": 0.4173,
    "segment_id": 19,
    "segment_length_m": 592.2129,
    "stream_order": 1,
    "superfund_score": 0.0199,
    "tourism_amenity_density": 0.0796,
    "tri_facility_density": 0.0,
    "usgs_mean_q_cfs": 1.784,
    "velocity_feasibility": 0.7,
    "water_intake_score": 0.899
   },
   "type": "Feature"
  }
 ],
 "note": "GRIME region 'Harrisburg, NC' \u2014 real-data pipeline (DEM\u2192streams\u2192candidates\u2192stream mask (sites confined to \u00b1150 m of mapped OSM/NHD waterways)\u2192region-appropriate real parameters\u2192shipped scoring, math unchanged). Width curve: Bieger et al. 2015 JAWRA Table 3, Appalachian Highlands. Flood: SIR 2014-5030 HR1. NC Piedmont (DEQ physiography polygon)",
 "provenance": {
  "candidates_pre_gate": 58,
  "constant": [
   "cso_density",
   "litter_complaint_density"
  ],
  "gated_navigable": 0,
  "hard_gate_removed": 0,
  "n_parameters": 27,
  "parameters": {
   "bank_slope_score": {
    "kind": "real",
    "n_3dep_10m_fallback": 0,
    "n_nc_lidar_3_125ft": 58,
    "n_real": 58,
    "n_sites": 58,
    "source": "NC OneMap / NC DPS DEM03 statewide lidar-derived 3.125-ft (0.953 m) elevations (perpendicular 50 m transect; robust 5 m bank-rise metric); unavailable profiles use the region 10 m 3DEP DEM-gradient fallback",
    "source_mosaics": [
     "Cabarrus_Ground_3ft",
     "Mecklenburg_Ground_3ft"
    ]
   },
   "beach_dist_km": {
    "kind": "real",
    "n_real": 58,
    "n_sites": 58,
    "source": "haversine to region ref: Wrightsville Beach (shipped NC reference)"
   },
   "bridge_proximity_bonus": {
    "kind": "real",
    "n_real": 58,
    "n_sites": 58,
    "source": "FHWA/BTS NBI (NTAD), 50 m proximity"
   },
   "catchment_area_km2": {
    "kind": "real",
    "n_real": 58,
    "n_sites": 58,
    "source": "DEM flow accumulation (pipeline)"
   },
   "channel_width_score": {
    "kind": "real",
    "n_real": 58,
    "n_sites": 58,
    "source": "Bieger 2015 AHI width curve on DEM drainage area \u2192 shipped width curve"
   },
   "cso_density": {
    "kind": "real",
    "n_real": 58,
    "n_sites": 58,
    "source": "EPA ECHO open CSO/TCS outfall PF coordinates states=NC, Cauchy proximity"
   },
   "ej_index": {
    "kind": "real",
    "n_real": 58,
    "n_sites": 58,
    "source": "Census ACS C17002+B03002 two-component demographic index, percentile-ranked within region"
   },
   "estuary_dist_km": {
    "kind": "real",
    "n_real": 58,
    "n_sites": 58,
    "source": "haversine to region ref: Pamlico Sound (shipped NC reference)"
   },
   "flood_q10_cfs": {
    "impervious_fallback_reason": "StreamCat imperviousness unavailable; the existing regression-input fallback of 0.0% impervious was used and is disclosed here",
    "kind": "real",
    "n_impervious_fallback": 23,
    "n_real": 58,
    "n_sites": 58,
    "source": "USGS SIR 2014-5030 Table 7 HR1 (NC Piedmont)"
   },
   "flow_velocity_ms": {
    "fallback_reason": "EROM/DEM continuity input unavailable; shipped 0.5 m/s default used",
    "kind": "real",
    "n_fallback": 23,
    "n_real": 35,
    "n_sites": 58,
    "source": "Manning (region DEM/D8) blended with EROM continuity (shipped M4 logic)"
   },
   "impervious_pct": {
    "fallback_reason": "NLDI/StreamCat did not return a snap-compatible catchment value; value remains null and is removed by constant-column handling",
    "kind": "real",
    "n_fallback": 23,
    "n_real": 35,
    "n_sites": 58,
    "source": "EPA StreamCat pctimp2019 (per NHDPlus watershed)"
   },
   "land_ownership": {
    "kind": "real",
    "n_fallback": 0,
    "n_real": 58,
    "n_sites": 58,
    "source": "NC OneMap statewide parcels (NC Parcels Transformer) ownname"
   },
   "litter_complaint_density": {
    "kind": "fallback",
    "n_real": 0,
    "n_sites": 58,
    "source": "no public machine-readable litter/illegal-dumping feed for this region"
   },
   "navigable_dist_m": {
    "kind": "real",
    "n_real": 58,
    "n_sites": 58,
    "source": "USACE/BTS NWN (NTAD): no navigable segment within this bbox (+2 km) \u2014 computed absence, gate passes all sites"
   },
   "npdes_points": {
    "kind": "real",
    "n_real": 58,
    "n_sites": 58,
    "source": "EPA ECHO active NPDES outfalls states=NC (types NPD/GPC/NGP; statuses ADC/EFF/EXP), per catchment"
   },
   "population_density": {
    "kind": "real",
    "n_real": 58,
    "n_sites": 58,
    "source": "Census ACS 2022 B01003 block groups (bbox, multi-county), area-weighted"
   },
   "protected_area_score": {
    "kind": "real",
    "n_real": 58,
    "n_sites": 58,
    "source": "USGS PAD-US 4.1 state GDB; states=NC; shipped designation-weighted proximity curve"
   },
   "road_access_score": {
    "kind": "real",
    "n_real": 58,
    "n_sites": 58,
    "source": "OSM drive network nearest-node distance"
   },
   "road_density_km_km2": {
    "kind": "real",
    "n_real": 58,
    "n_sites": 58,
    "source": "OSM drive network (osmnx, cached) clipped per catchment"
   },
   "runoff_coeff_C": {
    "fallback_reason": "source impervious_pct was unavailable; derived value remains null",
    "kind": "real",
    "n_fallback": 23,
    "n_real": 35,
    "n_sites": 58,
    "source": "derived from real impervious_pct (C=0.05+0.009*I)"
   },
   "seasonal_cv": {
    "fallback_reason": "NHDPlus monthly EROM was unavailable or failed the drainage-area snap guard; value remains null",
    "kind": "real",
    "n_fallback": 23,
    "n_real": 35,
    "n_sites": 58,
    "source": "CV of NHDPlus EROM monthly flows per COMID"
   },
   "stream_order": {
    "kind": "real",
    "n_real": 58,
    "n_sites": 58,
    "source": "DEM stream-network confluence heuristic (pipeline)"
   },
   "superfund_score": {
    "kind": "real",
    "n_real": 58,
    "n_sites": 58,
    "source": "EPA DataMap SEMS active sites states=NC (non-archived, georeferenced), shipped 500 m inverse-distance curve"
   },
   "tourism_amenity_density": {
    "kind": "real",
    "n_real": 58,
    "n_sites": 58,
    "source": "OSM leisure/tourism features per 2 km radius"
   },
   "tri_facility_density": {
    "kind": "real",
    "n_real": 58,
    "n_sites": 58,
    "source": "EPA DataMap TRI open facilities states=NC (preferred decimal or packed-DMS recovery), per catchment"
   },
   "usgs_mean_q_cfs": {
    "fallback_reason": "NHDPlus EROM was unavailable or failed the drainage-area snap guard; value remains null",
    "kind": "real",
    "n_fallback": 23,
    "n_real": 35,
    "n_sites": 58,
    "source": "NHDPlus EROM qe_ma per COMID (snap-guarded)"
   },
   "velocity_feasibility": {
    "fallback_reason": "derived from the shipped 0.5 m/s velocity fallback",
    "kind": "real",
    "n_fallback": 23,
    "n_real": 35,
    "n_sites": 58,
    "source": "shipped step curve on the computed velocity"
   },
   "velocity_transport_favorability": {
    "fallback_reason": "EROM/DEM continuity input unavailable; shipped 0.5 m/s default used",
    "kind": "derived",
    "n_fallback": 23,
    "n_real": 35,
    "n_sites": 58,
    "source": "scored form of flow_velocity_ms inside the Flow family \u2014 peaked Gaussian exp(-((v-0.9)/0.6)^2), model.json curves.velocity_transport_favorability; construct: transport/delivery favorability, deliberately distinct from velocity_feasibility (device operability)"
   },
   "water_intake_score": {
    "kind": "real",
    "n_real": 58,
    "n_sites": 58,
    "source": "NC OneMap / NC DEQ SWAP public water supply sources (source_typ='Surface Water'), shipped exp(-d/10km) curve"
   }
  },
  "stream_mask": {
   "buffer_m": 150.0,
   "pre_mask": 58,
   "removed": 0,
   "sources": [
    "osm-overpass (all waterway ways)",
    "usgs-nhdplus flowlines"
   ]
  },
  "varying": [
   "bank_slope_score",
   "beach_dist_km",
   "bridge_proximity_bonus",
   "catchment_area_km2",
   "channel_width_score",
   "ej_index",
   "estuary_dist_km",
   "flood_q10_cfs",
   "flow_velocity_ms",
   "impervious_pct",
   "land_ownership",
   "npdes_points",
   "population_density",
   "protected_area_score",
   "road_access_score",
   "road_density_km_km2",
   "runoff_coeff_C",
   "seasonal_cv",
   "stream_order",
   "superfund_score",
   "tourism_amenity_density",
   "tri_facility_density",
   "usgs_mean_q_cfs",
   "velocity_feasibility",
   "water_intake_score"
  ]
 },
 "region": {
  "bbox": [
   -80.7149,
   35.251,
   -80.5763,
   35.3641
  ],
  "beach_ref": {
   "label": "Wrightsville Beach (shipped NC reference)",
   "lat": 34.21,
   "lon": -77.79
  },
  "center": [
   -80.645617,
   35.307549
  ],
  "estuary_ref": {
   "label": "Pamlico Sound (shipped NC reference)",
   "lat": 35.05,
   "lon": -76.05
  },
  "flood_method": "sir2014_hr1",
  "name": "Harrisburg, NC",
  "notes": "NC Piedmont (DEQ physiography polygon)",
  "slug": "harrisburg",
  "state": "NC",
  "utm_epsg": 32617,
  "width_curve": {
   "a": 3.12,
   "b": 0.415,
   "code": "AHI",
   "source": "Bieger et al. 2015 JAWRA Table 3, Appalachian Highlands"
  }
 },
 "type": "FeatureCollection"
}
