{
 "features": [
  {
   "geometry": {
    "coordinates": [
     -76.906821,
     34.887409
    ],
    "type": "Point"
   },
   "properties": {
    "accumulation": 138643.0,
    "bank_slope_deg": 0.0,
    "bank_slope_score": 1.0,
    "beach_dist_km": 110.53,
    "bridge_proximity_bonus": 0.0,
    "catchment_area_km2": 13.8421,
    "channel_width_m": 5.76,
    "channel_width_score": 1.0,
    "composite_score": 63.9047,
    "cso_density": 0.0,
    "ej_index": 0.7036,
    "elevation_m": -0.0031,
    "estuary_dist_km": 80.14,
    "feasibility_score": 53.5354,
    "flood_q10_cfs": null,
    "flow_score": 67.8272,
    "flow_velocity_ms": 0.0819,
    "generation_score": 58.8107,
    "impact_score": 70.9146,
    "impervious_pct": 16.8,
    "land_ownership": 0.5,
    "lat": 34.8874,
    "litter_complaint_density": 0.0,
    "lon": -76.9068,
    "npdes_points": 11,
    "pixel_col": 677.0,
    "pixel_row": 982.0,
    "population_density": 249.2,
    "position_along": 0.5,
    "protected_area_score": 0.0,
    "rank": 1,
    "river_name": "East Prong Slocum Creek",
    "road_access_m": 221.9,
    "road_access_score": 0.8,
    "road_density_km_km2": 6.369,
    "robustness_pct": 100.0,
    "runoff_coeff_C": 0.2012,
    "seasonal_cv": 0.5556,
    "segment_id": 29,
    "segment_length_m": 399.3855,
    "stream_order": 3,
    "superfund_score": 0.0,
    "tourism_amenity_density": 3.7401,
    "tri_facility_density": 0.0,
    "usgs_mean_q_cfs": 16.055,
    "velocity_feasibility": 0.7,
    "water_intake_score": 0.0
   },
   "type": "Feature"
  },
  {
   "geometry": {
    "coordinates": [
     -76.903072,
     34.88505
    ],
    "type": "Point"
   },
   "properties": {
    "accumulation": 47378.0,
    "bank_slope_deg": 5.51,
    "bank_slope_score": 1.0,
    "beach_dist_km": 110.6,
    "bridge_proximity_bonus": 0.0,
    "catchment_area_km2": 4.7302,
    "channel_width_m": 3.9,
    "channel_width_score": 1.0,
    "composite_score": 57.802,
    "cso_density": 0.0,
    "ej_index": 0.7535,
    "elevation_m": 2.9186,
    "estuary_dist_km": 79.87,
    "feasibility_score": 53.5354,
    "flood_q10_cfs": null,
    "flow_score": 35.729,
    "flow_velocity_ms": 0.203,
    "generation_score": 62.7859,
    "impact_score": 73.3455,
    "impervious_pct": 42.4,
    "land_ownership": 0.5,
    "lat": 34.885,
    "litter_complaint_density": 0.0,
    "lon": -76.9031,
    "npdes_points": 3,
    "pixel_col": 710.0,
    "pixel_row": 1013.0,
    "population_density": 241.1,
    "position_along": 0.5,
    "protected_area_score": 0.0,
    "rank": 2,
    "river_name": "East Prong Slocum Creek",
    "road_access_m": 211.8,
    "road_access_score": 0.8,
    "road_density_km_km2": 6.632,
    "robustness_pct": 100.0,
    "runoff_coeff_C": 0.4316,
    "seasonal_cv": 0.7109,
    "segment_id": 20,
    "segment_length_m": 829.163,
    "stream_order": 3,
    "superfund_score": 0.0,
    "tourism_amenity_density": 3.4218,
    "tri_facility_density": 0.0,
    "usgs_mean_q_cfs": 2.04,
    "velocity_feasibility": 0.7,
    "water_intake_score": 0.0
   },
   "type": "Feature"
  },
  {
   "geometry": {
    "coordinates": [
     -76.907914,
     34.878285
    ],
    "type": "Point"
   },
   "properties": {
    "accumulation": 78760.0,
    "bank_slope_deg": 0.87,
    "bank_slope_score": 1.0,
    "beach_dist_km": 109.77,
    "bridge_proximity_bonus": 0.0,
    "catchment_area_km2": 7.8634,
    "channel_width_m": 4.69,
    "channel_width_score": 1.0,
    "composite_score": 53.1947,
    "cso_density": 0.0,
    "dem_lat": 34.878281,
    "dem_lon": -76.907942,
    "ej_index": 0.6955,
    "elevation_m": 0.9819,
    "estuary_dist_km": 80.48,
    "feasibility_score": 53.5354,
    "flood_q10_cfs": null,
    "flow_score": 52.1252,
    "flow_velocity_ms": 0.1531,
    "generation_score": 40.0056,
    "impact_score": 67.1048,
    "impervious_pct": 6.86,
    "land_ownership": 0.5,
    "lat": 34.8783,
    "litter_complaint_density": 0.0,
    "lon": -76.9079,
    "npdes_points": 1,
    "pixel_col": 667.0,
    "pixel_row": 1083.0,
    "population_density": 254.2,
    "position_along": 0.75,
    "protected_area_score": 0.0,
    "rank": 3,
    "river_name": "East Prong Slocum Creek",
    "road_access_m": 250.3,
    "road_access_score": 0.8,
    "road_density_km_km2": 6.802,
    "robustness_pct": 94.5,
    "runoff_coeff_C": 0.1117,
    "seasonal_cv": 0.5766,
    "segment_id": 28,
    "segment_length_m": 4025.2516,
    "snap_dist_m": 2.6,
    "stream_order": 3,
    "superfund_score": 0.0,
    "tourism_amenity_density": 3.0239,
    "tri_facility_density": 0.0,
    "usgs_mean_q_cfs": 12.116,
    "velocity_feasibility": 0.7,
    "water_intake_score": 0.0
   },
   "type": "Feature"
  },
  {
   "geometry": {
    "coordinates": [
     -76.871276,
     34.878879
    ],
    "type": "Point"
   },
   "properties": {
    "accumulation": 24218.0,
    "bank_slope_deg": 1.49,
    "bank_slope_score": 1.0,
    "beach_dist_km": 112.3,
    "bridge_proximity_bonus": 0.0,
    "catchment_area_km2": 2.4179,
    "channel_width_m": 3.06,
    "channel_width_score": 1.0,
    "composite_score": 48.7421,
    "cso_density": 0.0,
    "ej_index": 0.6204,
    "elevation_m": 5.9123,
    "estuary_dist_km": 77.22,
    "feasibility_score": 63.6364,
    "flood_q10_cfs": null,
    "flow_score": 34.463,
    "flow_velocity_ms": 0.1816,
    "generation_score": 40.6907,
    "impact_score": 61.2456,
    "impervious_pct": 15.95,
    "land_ownership": 0.5,
    "lat": 34.8789,
    "litter_complaint_density": 0.0,
    "lon": -76.8713,
    "npdes_points": 1,
    "pixel_col": 1003.0,
    "pixel_row": 1084.0,
    "population_density": 51.1,
    "position_along": 0.25,
    "protected_area_score": 0.0,
    "rank": 4,
    "river_name": null,
    "road_access_m": 116.1,
    "road_access_score": 1.0,
    "road_density_km_km2": 2.044,
    "robustness_pct": 78.0,
    "runoff_coeff_C": 0.1935,
    "seasonal_cv": 0.6313,
    "segment_id": 22,
    "segment_length_m": 3635.2698,
    "stream_order": 3,
    "superfund_score": 0.0,
    "tourism_amenity_density": 2.3873,
    "tri_facility_density": 0.4136,
    "usgs_mean_q_cfs": 5.704,
    "velocity_feasibility": 0.7,
    "water_intake_score": 0.0
   },
   "type": "Feature"
  },
  {
   "geometry": {
    "coordinates": [
     -76.927289,
     34.888603
    ],
    "type": "Point"
   },
   "properties": {
    "accumulation": 36975.0,
    "bank_slope_deg": 0.44,
    "bank_slope_score": 1.0,
    "beach_dist_km": 109.26,
    "bridge_proximity_bonus": 0.0,
    "catchment_area_km2": 3.6916,
    "channel_width_m": 3.57,
    "channel_width_score": 1.0,
    "composite_score": 46.8824,
    "cso_density": 0.0,
    "dem_lat": 34.88843,
    "dem_lon": -76.927016,
    "ej_index": 0.5827,
    "elevation_m": 0.0653,
    "estuary_dist_km": 81.91,
    "feasibility_score": 100.0,
    "flood_q10_cfs": null,
    "flow_score": 32.9235,
    "flow_velocity_ms": 0.5,
    "generation_score": 30.4929,
    "impact_score": 48.3454,
    "impervious_pct": null,
    "land_ownership": 0.5,
    "lat": 34.8884,
    "litter_complaint_density": 0.0,
    "lon": -76.927,
    "npdes_points": 0,
    "pixel_col": 495.0,
    "pixel_row": 968.0,
    "population_density": 196.4,
    "position_along": 0.5,
    "protected_area_score": 0.0,
    "rank": 5,
    "river_name": "Southwest Prong Slocum Creek",
    "road_access_m": 127.9,
    "road_access_score": 1.0,
    "road_density_km_km2": 7.662,
    "robustness_pct": 37.5,
    "runoff_coeff_C": null,
    "seasonal_cv": null,
    "segment_id": 19,
    "segment_length_m": 1166.8823,
    "snap_dist_m": 31.5,
    "stream_order": 1,
    "superfund_score": 0.0,
    "tourism_amenity_density": 1.2732,
    "tri_facility_density": 0.0,
    "usgs_mean_q_cfs": null,
    "velocity_feasibility": 1.0,
    "water_intake_score": 0.0
   },
   "type": "Feature"
  },
  {
   "geometry": {
    "coordinates": [
     -76.909823,
     34.919164
    ],
    "type": "Point"
   },
   "properties": {
    "accumulation": 28137.0,
    "bank_slope_deg": 0.01,
    "bank_slope_score": 1.0,
    "beach_dist_km": 112.74,
    "bridge_proximity_bonus": 0.0,
    "catchment_area_km2": 2.8092,
    "channel_width_m": 3.23,
    "channel_width_score": 1.0,
    "composite_score": 44.8453,
    "cso_density": 0.0,
    "dem_lat": 34.918896,
    "dem_lon": -76.909772,
    "ej_index": 0.7726,
    "elevation_m": -0.0007,
    "estuary_dist_km": 79.67,
    "feasibility_score": 89.899,
    "flood_q10_cfs": null,
    "flow_score": 31.489,
    "flow_velocity_ms": 0.5,
    "generation_score": 19.6171,
    "impact_score": 58.6768,
    "impervious_pct": null,
    "land_ownership": 0.5,
    "lat": 34.9189,
    "litter_complaint_density": 0.0,
    "lon": -76.9098,
    "npdes_points": 0,
    "pixel_col": 659.0,
    "pixel_row": 633.0,
    "population_density": 165.5,
    "position_along": 0.5,
    "protected_area_score": 0.0,
    "rank": 6,
    "river_name": "Slocum Creek",
    "road_access_m": 349.5,
    "road_access_score": 0.8,
    "road_density_km_km2": 2.889,
    "robustness_pct": 26.0,
    "runoff_coeff_C": null,
    "seasonal_cv": null,
    "segment_id": 13,
    "segment_length_m": 496.2927,
    "snap_dist_m": 30.1,
    "stream_order": 1,
    "superfund_score": 0.0,
    "tourism_amenity_density": 0.6366,
    "tri_facility_density": 0.0,
    "usgs_mean_q_cfs": null,
    "velocity_feasibility": 1.0,
    "water_intake_score": 0.0
   },
   "type": "Feature"
  },
  {
   "geometry": {
    "coordinates": [
     -76.896821,
     34.921174
    ],
    "type": "Point"
   },
   "properties": {
    "accumulation": 23235.0,
    "bank_slope_deg": 6.56,
    "bank_slope_score": 1.0,
    "beach_dist_km": 113.77,
    "bridge_proximity_bonus": 0.0,
    "catchment_area_km2": 2.3198,
    "channel_width_m": 3.01,
    "channel_width_score": 1.0,
    "composite_score": 44.4421,
    "cso_density": 0.0,
    "dem_lat": 34.921174,
    "dem_lon": -76.896794,
    "ej_index": 0.7336,
    "elevation_m": 0.9575,
    "estuary_dist_km": 78.46,
    "feasibility_score": 53.5354,
    "flood_q10_cfs": null,
    "flow_score": 13.1422,
    "flow_velocity_ms": 0.1355,
    "generation_score": 54.4528,
    "impact_score": 55.9681,
    "impervious_pct": 35.67,
    "land_ownership": 0.5,
    "lat": 34.9212,
    "litter_complaint_density": 0.0,
    "lon": -76.8968,
    "npdes_points": 0,
    "pixel_col": 776.0,
    "pixel_row": 609.0,
    "population_density": 84.7,
    "position_along": 0.5,
    "protected_area_score": 0.0,
    "rank": 7,
    "river_name": "Mill Creek",
    "road_access_m": 479.3,
    "road_access_score": 0.8,
    "road_density_km_km2": 1.54,
    "robustness_pct": 31.0,
    "runoff_coeff_C": 0.371,
    "seasonal_cv": 0.697,
    "segment_id": 14,
    "segment_length_m": 1351.8812,
    "snap_dist_m": 2.4,
    "stream_order": 1,
    "superfund_score": 0.0,
    "tourism_amenity_density": 0.4775,
    "tri_facility_density": 0.4311,
    "usgs_mean_q_cfs": 2.449,
    "velocity_feasibility": 0.7,
    "water_intake_score": 0.0
   },
   "type": "Feature"
  },
  {
   "geometry": {
    "coordinates": [
     -76.858581,
     34.884708
    ],
    "type": "Point"
   },
   "properties": {
    "accumulation": 149351.0,
    "bank_slope_deg": 0.59,
    "bank_slope_score": 1.0,
    "beach_dist_km": 113.58,
    "bridge_proximity_bonus": 0.0,
    "catchment_area_km2": 14.9112,
    "channel_width_m": 5.92,
    "channel_width_score": 1.0,
    "composite_score": 42.7811,
    "cso_density": 0.0,
    "dem_lat": 34.884572,
    "dem_lon": -76.858775,
    "ej_index": 0.5644,
    "elevation_m": 0.2588,
    "estuary_dist_km": 75.96,
    "feasibility_score": 43.4343,
    "flood_q10_cfs": null,
    "flow_score": 64.2605,
    "flow_velocity_ms": 0.1876,
    "generation_score": 13.004,
    "impact_score": 54.332,
    "impervious_pct": 0.62,
    "land_ownership": 0.5,
    "lat": 34.8846,
    "litter_complaint_density": 0.0,
    "lon": -76.8588,
    "npdes_points": 3,
    "pixel_col": 1115.0,
    "pixel_row": 1025.0,
    "population_density": 46.4,
    "position_along": 0.5,
    "protected_area_score": 0.0,
    "rank": 8,
    "river_name": "Hancock Creek",
    "road_access_m": 969.0,
    "road_access_score": 0.6,
    "road_density_km_km2": 0.714,
    "robustness_pct": 28.0,
    "runoff_coeff_C": 0.0556,
    "seasonal_cv": 0.5785,
    "segment_id": 27,
    "segment_length_m": 878.4129,
    "snap_dist_m": 23.3,
    "stream_order": 3,
    "superfund_score": 0.0,
    "tourism_amenity_density": 1.6711,
    "tri_facility_density": 0.0671,
    "usgs_mean_q_cfs": 12.395,
    "velocity_feasibility": 0.7,
    "water_intake_score": 0.0
   },
   "type": "Feature"
  },
  {
   "geometry": {
    "coordinates": [
     -76.910432,
     34.862635
    ],
    "type": "Point"
   },
   "properties": {
    "accumulation": 31778.0,
    "bank_slope_deg": 0.4,
    "bank_slope_score": 1.0,
    "beach_dist_km": 108.42,
    "bridge_proximity_bonus": 0.0,
    "catchment_area_km2": 3.1727,
    "channel_width_m": 3.38,
    "channel_width_score": 1.0,
    "composite_score": 42.1724,
    "cso_density": 0.0,
    "dem_lat": 34.862154,
    "dem_lon": -76.910083,
    "ej_index": 0.5481,
    "elevation_m": 2.8082,
    "estuary_dist_km": 81.12,
    "feasibility_score": 63.6364,
    "flood_q10_cfs": null,
    "flow_score": 43.2949,
    "flow_velocity_ms": 0.1137,
    "generation_score": 25.1852,
    "impact_score": 47.4921,
    "impervious_pct": 6.86,
    "land_ownership": 0.5,
    "lat": 34.8622,
    "litter_complaint_density": 0.0,
    "lon": -76.9101,
    "npdes_points": 0,
    "pixel_col": 644.0,
    "pixel_row": 1261.0,
    "population_density": 152.3,
    "position_along": 0.25,
    "protected_area_score": 0.0,
    "rank": 9,
    "river_name": "East Prong Slocum Creek",
    "road_access_m": 170.0,
    "road_access_score": 1.0,
    "road_density_km_km2": 4.475,
    "robustness_pct": 0.0,
    "runoff_coeff_C": 0.1117,
    "seasonal_cv": 0.5766,
    "segment_id": 28,
    "segment_length_m": 4025.2516,
    "snap_dist_m": 62.2,
    "stream_order": 3,
    "superfund_score": 0.0,
    "tourism_amenity_density": 1.1141,
    "tri_facility_density": 0.0,
    "usgs_mean_q_cfs": 12.116,
    "velocity_feasibility": 0.7,
    "water_intake_score": 0.0
   },
   "type": "Feature"
  },
  {
   "geometry": {
    "coordinates": [
     -76.864022,
     34.886604
    ],
    "type": "Point"
   },
   "properties": {
    "accumulation": 50054.0,
    "bank_slope_deg": 1.02,
    "bank_slope_score": 1.0,
    "beach_dist_km": 113.37,
    "bridge_proximity_bonus": 0.0,
    "catchment_area_km2": 4.9974,
    "channel_width_m": 3.98,
    "channel_width_score": 1.0,
    "composite_score": 41.8498,
    "cso_density": 0.0,
    "ej_index": 0.6266,
    "elevation_m": 3.9962,
    "estuary_dist_km": 76.37,
    "feasibility_score": 43.4343,
    "flood_q10_cfs": null,
    "flow_score": 38.1188,
    "flow_velocity_ms": 0.1659,
    "generation_score": 27.6594,
    "impact_score": 58.3571,
    "impervious_pct": 15.95,
    "land_ownership": 0.5,
    "lat": 34.8866,
    "litter_complaint_density": 0.0,
    "lon": -76.864,
    "npdes_points": 1,
    "pixel_col": 1071.0,
    "pixel_row": 1002.0,
    "population_density": 60.5,
    "position_along": 0.75,
    "protected_area_score": 0.0,
    "rank": 10,
    "river_name": "Hancock Creek",
    "road_access_m": 774.2,
    "road_access_score": 0.6,
    "road_density_km_km2": 0.561,
    "robustness_pct": 0.0,
    "runoff_coeff_C": 0.1935,
    "seasonal_cv": 0.6313,
    "segment_id": 22,
    "segment_length_m": 3635.2698,
    "stream_order": 3,
    "superfund_score": 0.0,
    "tourism_amenity_density": 1.6711,
    "tri_facility_density": 0.2001,
    "usgs_mean_q_cfs": 5.704,
    "velocity_feasibility": 0.7,
    "water_intake_score": 0.0
   },
   "type": "Feature"
  },
  {
   "geometry": {
    "coordinates": [
     -76.857478,
     34.880418
    ],
    "type": "Point"
   },
   "properties": {
    "accumulation": 87362.0,
    "bank_slope_deg": 0.46,
    "bank_slope_score": 1.0,
    "beach_dist_km": 113.36,
    "bridge_proximity_bonus": 0.0,
    "catchment_area_km2": 8.7222,
    "channel_width_m": 4.87,
    "channel_width_score": 1.0,
    "composite_score": 39.234,
    "cso_density": 0.0,
    "dem_lat": 34.880409,
    "dem_lon": -76.857556,
    "ej_index": 0.5559,
    "elevation_m": 0.4445,
    "estuary_dist_km": 75.97,
    "feasibility_score": 43.4343,
    "flood_q10_cfs": null,
    "flow_score": 50.7346,
    "flow_velocity_ms": 0.0734,
    "generation_score": 13.9977,
    "impact_score": 52.7863,
    "impervious_pct": 0.62,
    "land_ownership": 0.5,
    "lat": 34.8804,
    "litter_complaint_density": 0.0,
    "lon": -76.8576,
    "npdes_points": 2,
    "pixel_col": 1129.0,
    "pixel_row": 1068.0,
    "population_density": 43.7,
    "position_along": 0.5,
    "protected_area_score": 0.0,
    "rank": 11,
    "river_name": "Hancock Creek",
    "road_access_m": 522.4,
    "road_access_score": 0.6,
    "road_density_km_km2": 0.775,
    "robustness_pct": 4.0,
    "runoff_coeff_C": 0.0556,
    "seasonal_cv": 0.5785,
    "segment_id": 26,
    "segment_length_m": 464.1864,
    "snap_dist_m": 7.2,
    "stream_order": 3,
    "superfund_score": 0.0,
    "tourism_amenity_density": 1.4324,
    "tri_facility_density": 0.1146,
    "usgs_mean_q_cfs": 12.395,
    "velocity_feasibility": 0.7,
    "water_intake_score": 0.0
   },
   "type": "Feature"
  },
  {
   "geometry": {
    "coordinates": [
     -76.899787,
     34.952261
    ],
    "type": "Point"
   },
   "properties": {
    "accumulation": 27867.0,
    "bank_slope_deg": 0.0,
    "bank_slope_score": 1.0,
    "beach_dist_km": 115.98,
    "bridge_proximity_bonus": 0.0,
    "catchment_area_km2": 2.7822,
    "channel_width_m": 3.22,
    "channel_width_score": 1.0,
    "composite_score": 38.9706,
    "cso_density": 0.0,
    "dem_lat": 34.951969,
    "dem_lon": -76.899668,
    "ej_index": 0.7793,
    "elevation_m": 0.0,
    "estuary_dist_km": 78.16,
    "feasibility_score": 79.798,
    "flood_q10_cfs": null,
    "flow_score": 31.4451,
    "flow_velocity_ms": 0.5,
    "generation_score": 7.4795,
    "impact_score": 56.3192,
    "impervious_pct": null,
    "land_ownership": 0.5,
    "lat": 34.952,
    "litter_complaint_density": 0.0,
    "lon": -76.8997,
    "npdes_points": 1,
    "pixel_col": 759.0,
    "pixel_row": 268.0,
    "population_density": 68.8,
    "position_along": 0.5,
    "protected_area_score": 0.0,
    "rank": 12,
    "river_name": "Slocum Creek",
    "road_access_m": 809.4,
    "road_access_score": 0.6,
    "road_density_km_km2": 0.203,
    "robustness_pct": 0.5,
    "runoff_coeff_C": null,
    "seasonal_cv": null,
    "segment_id": 7,
    "segment_length_m": 764.3621,
    "snap_dist_m": 34.2,
    "stream_order": 1,
    "superfund_score": 0.0,
    "tourism_amenity_density": 0.3183,
    "tri_facility_density": 0.0,
    "usgs_mean_q_cfs": null,
    "velocity_feasibility": 1.0,
    "water_intake_score": 0.0
   },
   "type": "Feature"
  },
  {
   "geometry": {
    "coordinates": [
     -76.864069,
     34.91335
    ],
    "type": "Point"
   },
   "properties": {
    "accumulation": 21803.0,
    "bank_slope_deg": 0.01,
    "bank_slope_score": 1.0,
    "beach_dist_km": 115.35,
    "bridge_proximity_bonus": 0.0,
    "catchment_area_km2": 2.1768,
    "channel_width_m": 2.94,
    "channel_width_score": 1.0,
    "composite_score": 38.0544,
    "cso_density": 0.0,
    "ej_index": 0.6936,
    "elevation_m": 0.0019,
    "estuary_dist_km": 75.71,
    "feasibility_score": 79.798,
    "flood_q10_cfs": null,
    "flow_score": 30.461,
    "flow_velocity_ms": 0.5,
    "generation_score": 6.6954,
    "impact_score": 54.8694,
    "impervious_pct": null,
    "land_ownership": 0.5,
    "lat": 34.9134,
    "litter_complaint_density": 0.0,
    "lon": -76.8641,
    "npdes_points": 0,
    "pixel_col": 1076.0,
    "pixel_row": 705.0,
    "population_density": 76.5,
    "position_along": 0.5,
    "protected_area_score": 0.0,
    "rank": 13,
    "river_name": "Hancock Creek",
    "road_access_m": 635.3,
    "road_access_score": 0.6,
    "road_density_km_km2": 0.14,
    "robustness_pct": 0.0,
    "runoff_coeff_C": null,
    "seasonal_cv": null,
    "segment_id": 15,
    "segment_length_m": 680.2874,
    "stream_order": 1,
    "superfund_score": 0.0,
    "tourism_amenity_density": 0.2387,
    "tri_facility_density": 0.0,
    "usgs_mean_q_cfs": null,
    "velocity_feasibility": 1.0,
    "water_intake_score": 0.0
   },
   "type": "Feature"
  },
  {
   "geometry": {
    "coordinates": [
     -76.943726,
     34.8778
    ],
    "type": "Point"
   },
   "properties": {
    "accumulation": 49777.0,
    "bank_slope_deg": 1.07,
    "bank_slope_score": 1.0,
    "beach_dist_km": 107.33,
    "bridge_proximity_bonus": 0.0,
    "catchment_area_km2": 4.9697,
    "channel_width_m": 3.97,
    "channel_width_score": 1.0,
    "composite_score": 36.787,
    "cso_density": 0.0,
    "dem_lat": 34.877565,
    "dem_lon": -76.943519,
    "ej_index": 0.625,
    "elevation_m": 2.279,
    "estuary_dist_km": 83.65,
    "feasibility_score": 89.899,
    "flood_q10_cfs": null,
    "flow_score": 35.0013,
    "flow_velocity_ms": 0.5,
    "generation_score": 3.7565,
    "impact_score": 44.7497,
    "impervious_pct": null,
    "land_ownership": 0.5,
    "lat": 34.8776,
    "litter_complaint_density": 0.0,
    "lon": -76.9435,
    "npdes_points": 0,
    "pixel_col": 342.0,
    "pixel_row": 1086.0,
    "population_density": 7.4,
    "position_along": 0.75,
    "protected_area_score": 0.0,
    "rank": 14,
    "river_name": "Southwest Prong Slocum Creek",
    "road_access_m": 287.4,
    "road_access_score": 0.8,
    "road_density_km_km2": 2.245,
    "robustness_pct": 0.5,
    "runoff_coeff_C": null,
    "seasonal_cv": null,
    "segment_id": 18,
    "segment_length_m": 3458.1325,
    "snap_dist_m": 32.2,
    "stream_order": 1,
    "superfund_score": 0.0,
    "tourism_amenity_density": 0.0796,
    "tri_facility_density": 0.0,
    "usgs_mean_q_cfs": null,
    "velocity_feasibility": 1.0,
    "water_intake_score": 0.0
   },
   "type": "Feature"
  },
  {
   "geometry": {
    "coordinates": [
     -76.954234,
     34.880454
    ],
    "type": "Point"
   },
   "properties": {
    "accumulation": 36136.0,
    "bank_slope_deg": 1.57,
    "bank_slope_score": 1.0,
    "beach_dist_km": 106.85,
    "bridge_proximity_bonus": 0.0,
    "catchment_area_km2": 3.6078,
    "channel_width_m": 3.54,
    "channel_width_score": 1.0,
    "composite_score": 35.0312,
    "cso_density": 0.0,
    "ej_index": 0.625,
    "elevation_m": 5.7397,
    "estuary_dist_km": 84.53,
    "feasibility_score": 89.899,
    "flood_q10_cfs": null,
    "flow_score": 32.7873,
    "flow_velocity_ms": 0.5,
    "generation_score": 0.7329,
    "impact_score": 43.7654,
    "impervious_pct": null,
    "land_ownership": 0.5,
    "lat": 34.8805,
    "litter_complaint_density": 0.0,
    "lon": -76.9542,
    "npdes_points": 0,
    "pixel_col": 243.0,
    "pixel_row": 1055.0,
    "population_density": 7.4,
    "position_along": 0.25,
    "protected_area_score": 0.0,
    "rank": 15,
    "river_name": "Southwest Prong Slocum Creek",
    "road_access_m": 208.3,
    "road_access_score": 0.8,
    "road_density_km_km2": 0.438,
    "robustness_pct": 0.0,
    "runoff_coeff_C": null,
    "seasonal_cv": null,
    "segment_id": 18,
    "segment_length_m": 3458.1325,
    "stream_order": 1,
    "superfund_score": 0.0,
    "tourism_amenity_density": 0.0796,
    "tri_facility_density": 0.0,
    "usgs_mean_q_cfs": null,
    "velocity_feasibility": 1.0,
    "water_intake_score": 0.0
   },
   "type": "Feature"
  },
  {
   "geometry": {
    "coordinates": [
     -76.94406,
     34.933887
    ],
    "type": "Point"
   },
   "properties": {
    "accumulation": 56716.0,
    "bank_slope_deg": 0.64,
    "bank_slope_score": 1.0,
    "beach_dist_km": 111.7,
    "bridge_proximity_bonus": 0.0,
    "catchment_area_km2": 5.6625,
    "channel_width_m": 4.17,
    "channel_width_score": 1.0,
    "composite_score": 34.8789,
    "cso_density": 0.0,
    "dem_lat": 34.933757,
    "dem_lon": -76.943902,
    "ej_index": 0.5574,
    "elevation_m": 0.0885,
    "estuary_dist_km": 82.45,
    "feasibility_score": 63.6364,
    "flood_q10_cfs": null,
    "flow_score": 33.2247,
    "flow_velocity_ms": 0.0906,
    "generation_score": 18.5248,
    "impact_score": 38.2326,
    "impervious_pct": 5.69,
    "land_ownership": 0.5,
    "lat": 34.9338,
    "litter_complaint_density": 0.0,
    "lon": -76.9439,
    "npdes_points": 0,
    "pixel_col": 350.0,
    "pixel_row": 463.0,
    "population_density": 96.6,
    "position_along": 0.5,
    "protected_area_score": 0.0,
    "rank": 16,
    "river_name": "Tucker Creek",
    "road_access_m": 124.6,
    "road_access_score": 1.0,
    "road_density_km_km2": 4.03,
    "robustness_pct": 0.0,
    "runoff_coeff_C": 0.1012,
    "seasonal_cv": 0.6382,
    "segment_id": 12,
    "segment_length_m": 1736.8418,
    "snap_dist_m": 20.4,
    "stream_order": 3,
    "superfund_score": 0.0,
    "tourism_amenity_density": 0.3979,
    "tri_facility_density": 0.0,
    "usgs_mean_q_cfs": 4.383,
    "velocity_feasibility": 0.7,
    "water_intake_score": 0.0
   },
   "type": "Feature"
  },
  {
   "geometry": {
    "coordinates": [
     -76.94992,
     34.866771
    ],
    "type": "Point"
   },
   "properties": {
    "accumulation": 40102.0,
    "bank_slope_deg": 0.8,
    "bank_slope_score": 1.0,
    "beach_dist_km": 106.08,
    "bridge_proximity_bonus": 0.0,
    "catchment_area_km2": 4.0038,
    "channel_width_m": 3.67,
    "channel_width_score": 1.0,
    "composite_score": 34.4872,
    "cso_density": 0.0,
    "dem_lat": 34.866783,
    "dem_lon": -76.949975,
    "ej_index": 0.6292,
    "elevation_m": 4.5628,
    "estuary_dist_km": 84.51,
    "feasibility_score": 79.798,
    "flood_q10_cfs": null,
    "flow_score": 33.431,
    "flow_velocity_ms": 0.5,
    "generation_score": 2.1523,
    "impact_score": 45.0468,
    "impervious_pct": null,
    "land_ownership": 0.5,
    "lat": 34.8668,
    "litter_complaint_density": 0.0,
    "lon": -76.95,
    "npdes_points": 0,
    "pixel_col": 280.0,
    "pixel_row": 1204.0,
    "population_density": 15.1,
    "position_along": 0.5,
    "protected_area_score": 0.0,
    "rank": 17,
    "river_name": "Southwest Prong Slocum Creek",
    "road_access_m": 894.1,
    "road_access_score": 0.6,
    "road_density_km_km2": 0.856,
    "robustness_pct": 0.0,
    "runoff_coeff_C": null,
    "seasonal_cv": null,
    "segment_id": 24,
    "segment_length_m": 2661.3699,
    "snap_dist_m": 5.2,
    "stream_order": 1,
    "superfund_score": 0.0,
    "tourism_amenity_density": 0.0796,
    "tri_facility_density": 0.0,
    "usgs_mean_q_cfs": null,
    "velocity_feasibility": 1.0,
    "water_intake_score": 0.0
   },
   "type": "Feature"
  },
  {
   "geometry": {
    "coordinates": [
     -76.951039,
     34.931525
    ],
    "type": "Point"
   },
   "properties": {
    "accumulation": 22264.0,
    "bank_slope_deg": 0.97,
    "bank_slope_score": 1.0,
    "beach_dist_km": 111.15,
    "bridge_proximity_bonus": 0.0,
    "catchment_area_km2": 2.2228,
    "channel_width_m": 2.97,
    "channel_width_score": 1.0,
    "composite_score": 33.6677,
    "cso_density": 0.0,
    "dem_lat": 34.932244,
    "dem_lon": -76.950758,
    "ej_index": 0.5792,
    "elevation_m": 2.2798,
    "estuary_dist_km": 83.09,
    "feasibility_score": 63.6364,
    "flood_q10_cfs": null,
    "flow_score": 27.9632,
    "flow_velocity_ms": 0.1027,
    "generation_score": 17.7648,
    "impact_score": 39.3398,
    "impervious_pct": 5.69,
    "land_ownership": 0.5,
    "lat": 34.9322,
    "litter_complaint_density": 0.0,
    "lon": -76.9508,
    "npdes_points": 0,
    "pixel_col": 286.0,
    "pixel_row": 480.0,
    "population_density": 56.1,
    "position_along": 0.5,
    "protected_area_score": 0.0,
    "rank": 18,
    "river_name": "Tucker Creek",
    "road_access_m": 177.2,
    "road_access_score": 1.0,
    "road_density_km_km2": 5.839,
    "robustness_pct": 0.0,
    "runoff_coeff_C": 0.1012,
    "seasonal_cv": 0.6382,
    "segment_id": 9,
    "segment_length_m": 588.9392,
    "snap_dist_m": 83.8,
    "stream_order": 3,
    "superfund_score": 0.0,
    "tourism_amenity_density": 0.3979,
    "tri_facility_density": 0.0,
    "usgs_mean_q_cfs": 4.383,
    "velocity_feasibility": 0.7,
    "water_intake_score": 0.0
   },
   "type": "Feature"
  },
  {
   "geometry": {
    "coordinates": [
     -76.848945,
     34.870494
    ],
    "type": "Point"
   },
   "properties": {
    "accumulation": 42537.0,
    "bank_slope_deg": 0.72,
    "bank_slope_score": 1.0,
    "beach_dist_km": 113.25,
    "bridge_proximity_bonus": 0.0,
    "catchment_area_km2": 4.2469,
    "channel_width_m": 3.75,
    "channel_width_score": 1.0,
    "composite_score": 33.6169,
    "cso_density": 0.0,
    "dem_lat": 34.87056,
    "dem_lon": -76.84883,
    "ej_index": 0.5358,
    "elevation_m": 0.6175,
    "estuary_dist_km": 75.48,
    "feasibility_score": 53.5354,
    "flood_q10_cfs": null,
    "flow_score": 40.3493,
    "flow_velocity_ms": 0.1155,
    "generation_score": 6.021,
    "impact_score": 45.6432,
    "impervious_pct": 0.22,
    "land_ownership": 0.5,
    "lat": 34.8706,
    "litter_complaint_density": 0.0,
    "lon": -76.8488,
    "npdes_points": 1,
    "pixel_col": 1203.0,
    "pixel_row": 1181.0,
    "population_density": 36.3,
    "position_along": 0.5,
    "protected_area_score": 0.0,
    "rank": 19,
    "river_name": "Hancock Creek",
    "road_access_m": 327.6,
    "road_access_score": 0.8,
    "road_density_km_km2": 1.068,
    "robustness_pct": 0.0,
    "runoff_coeff_C": 0.052,
    "seasonal_cv": 0.5951,
    "segment_id": 25,
    "segment_length_m": 2645.6466,
    "snap_dist_m": 12.9,
    "stream_order": 3,
    "superfund_score": 0.0,
    "tourism_amenity_density": 0.0796,
    "tri_facility_density": 0.0,
    "usgs_mean_q_cfs": 9.93,
    "velocity_feasibility": 0.7,
    "water_intake_score": 0.0
   },
   "type": "Feature"
  },
  {
   "geometry": {
    "coordinates": [
     -76.957892,
     34.85166
    ],
    "type": "Point"
   },
   "properties": {
    "accumulation": 24080.0,
    "bank_slope_deg": 1.34,
    "bank_slope_score": 1.0,
    "beach_dist_km": 104.41,
    "bridge_proximity_bonus": 0.0,
    "catchment_area_km2": 2.4041,
    "channel_width_m": 3.05,
    "channel_width_score": 1.0,
    "composite_score": 33.4667,
    "cso_density": 0.0,
    "ej_index": 0.6269,
    "elevation_m": 8.098,
    "estuary_dist_km": 85.63,
    "feasibility_score": 79.798,
    "flood_q10_cfs": null,
    "flow_score": 30.8305,
    "flow_velocity_ms": 0.5,
    "generation_score": 1.0417,
    "impact_score": 44.923,
    "impervious_pct": null,
    "land_ownership": 0.5,
    "lat": 34.8517,
    "litter_complaint_density": 0.0,
    "lon": -76.9579,
    "npdes_points": 0,
    "pixel_col": 205.0,
    "pixel_row": 1372.0,
    "population_density": 10.9,
    "position_along": 0.5,
    "protected_area_score": 0.0,
    "rank": 20,
    "river_name": "Southwest Prong Slocum Creek",
    "road_access_m": 911.5,
    "road_access_score": 0.6,
    "road_density_km_km2": 0.427,
    "robustness_pct": 0.0,
    "runoff_coeff_C": null,
    "seasonal_cv": null,
    "segment_id": 31,
    "segment_length_m": 82.3604,
    "stream_order": 1,
    "superfund_score": 0.0,
    "tourism_amenity_density": 0.0796,
    "tri_facility_density": 0.0,
    "usgs_mean_q_cfs": null,
    "velocity_feasibility": 1.0,
    "water_intake_score": 0.0
   },
   "type": "Feature"
  },
  {
   "geometry": {
    "coordinates": [
     -76.856221,
     34.875192
    ],
    "type": "Point"
   },
   "properties": {
    "accumulation": 22099.0,
    "bank_slope_deg": 0.37,
    "bank_slope_score": 1.0,
    "beach_dist_km": 113.06,
    "bridge_proximity_bonus": 0.0,
    "catchment_area_km2": 2.2064,
    "channel_width_m": 2.96,
    "channel_width_score": 1.0,
    "composite_score": 33.2818,
    "cso_density": 0.0,
    "dem_lat": 34.875303,
    "dem_lon": -76.856518,
    "ej_index": 0.563,
    "elevation_m": 0.238,
    "estuary_dist_km": 76.02,
    "feasibility_score": 63.6364,
    "flood_q10_cfs": null,
    "flow_score": 21.7552,
    "flow_velocity_ms": 0.0989,
    "generation_score": 8.2025,
    "impact_score": 52.7894,
    "impervious_pct": 1.51,
    "land_ownership": 0.5,
    "lat": 34.8753,
    "litter_complaint_density": 0.0,
    "lon": -76.8565,
    "npdes_points": 1,
    "pixel_col": 1136.0,
    "pixel_row": 1125.0,
    "population_density": 43.7,
    "position_along": 0.5,
    "protected_area_score": 0.0,
    "rank": 21,
    "river_name": "Deep Branch",
    "road_access_m": 119.1,
    "road_access_score": 1.0,
    "road_density_km_km2": 1.492,
    "robustness_pct": 0.0,
    "runoff_coeff_C": 0.0636,
    "seasonal_cv": 0.7273,
    "segment_id": 23,
    "segment_length_m": 877.7028,
    "snap_dist_m": 29.9,
    "stream_order": 3,
    "superfund_score": 0.0,
    "tourism_amenity_density": 1.2732,
    "tri_facility_density": 0.0,
    "usgs_mean_q_cfs": 1.845,
    "velocity_feasibility": 0.7,
    "water_intake_score": 0.0
   },
   "type": "Feature"
  },
  {
   "geometry": {
    "coordinates": [
     -76.934348,
     34.931872
    ],
    "type": "Point"
   },
   "properties": {
    "accumulation": 39104.0,
    "bank_slope_deg": 0.11,
    "bank_slope_score": 1.0,
    "beach_dist_km": 112.15,
    "bridge_proximity_bonus": 0.0,
    "catchment_area_km2": 3.9041,
    "channel_width_m": 3.64,
    "channel_width_score": 1.0,
    "composite_score": 32.3294,
    "cso_density": 0.0,
    "dem_lat": 34.931898,
    "dem_lon": -76.934561,
    "ej_index": 0.621,
    "elevation_m": 0.008,
    "estuary_dist_km": 81.64,
    "feasibility_score": 63.6364,
    "flood_q10_cfs": null,
    "flow_score": 13.0571,
    "flow_velocity_ms": 0.0603,
    "generation_score": 21.3352,
    "impact_score": 43.7302,
    "impervious_pct": 12.85,
    "land_ownership": 0.5,
    "lat": 34.9319,
    "litter_complaint_density": 0.0,
    "lon": -76.9346,
    "npdes_points": 0,
    "pixel_col": 434.0,
    "pixel_row": 483.0,
    "population_density": 111.2,
    "position_along": 0.5,
    "protected_area_score": 0.0,
    "rank": 22,
    "river_name": "Sandy Run",
    "road_access_m": 129.2,
    "road_access_score": 1.0,
    "road_density_km_km2": 2.306,
    "robustness_pct": 0.0,
    "runoff_coeff_C": 0.1656,
    "seasonal_cv": 0.6567,
    "segment_id": 10,
    "segment_length_m": 1356.7301,
    "snap_dist_m": 19.7,
    "stream_order": 1,
    "superfund_score": 0.0,
    "tourism_amenity_density": 0.3979,
    "tri_facility_density": 0.0,
    "usgs_mean_q_cfs": 3.753,
    "velocity_feasibility": 0.7,
    "water_intake_score": 0.0
   },
   "type": "Feature"
  },
  {
   "geometry": {
    "coordinates": [
     -76.913603,
     34.8545
    ],
    "type": "Point"
   },
   "properties": {
    "accumulation": 28274.0,
    "bank_slope_deg": 0.29,
    "bank_slope_score": 1.0,
    "beach_dist_km": 107.68,
    "bridge_proximity_bonus": 0.0,
    "catchment_area_km2": 2.8229,
    "channel_width_m": 3.24,
    "channel_width_score": 1.0,
    "composite_score": 31.9423,
    "cso_density": 0.0,
    "dem_lat": 34.854769,
    "dem_lon": -76.912924,
    "ej_index": 0.5888,
    "elevation_m": 4.0966,
    "estuary_dist_km": 81.59,
    "feasibility_score": 43.4343,
    "flood_q10_cfs": null,
    "flow_score": 25.0486,
    "flow_velocity_ms": 0.0609,
    "generation_score": 17.321,
    "impact_score": 46.5625,
    "impervious_pct": 6.86,
    "land_ownership": 0.5,
    "lat": 34.8548,
    "litter_complaint_density": 0.0,
    "lon": -76.9129,
    "npdes_points": 0,
    "pixel_col": 613.0,
    "pixel_row": 1344.0,
    "population_density": 114.4,
    "position_along": 0.5,
    "protected_area_score": 0.0,
    "rank": 23,
    "river_name": "East Prong Slocum Creek",
    "road_access_m": 654.1,
    "road_access_score": 0.6,
    "road_density_km_km2": 1.893,
    "robustness_pct": 0.0,
    "runoff_coeff_C": 0.1117,
    "seasonal_cv": 0.5766,
    "segment_id": 32,
    "segment_length_m": 779.4972,
    "snap_dist_m": 68.9,
    "stream_order": 1,
    "superfund_score": 0.0,
    "tourism_amenity_density": 0.3183,
    "tri_facility_density": 0.0,
    "usgs_mean_q_cfs": 12.116,
    "velocity_feasibility": 0.7,
    "water_intake_score": 0.0
   },
   "type": "Feature"
  },
  {
   "geometry": {
    "coordinates": [
     -76.953203,
     34.92829
    ],
    "type": "Point"
   },
   "properties": {
    "accumulation": 22357.0,
    "bank_slope_deg": 4.95,
    "bank_slope_score": 1.0,
    "beach_dist_km": 110.68,
    "bridge_proximity_bonus": 0.0,
    "catchment_area_km2": 2.2321,
    "channel_width_m": 2.97,
    "channel_width_score": 1.0,
    "composite_score": 31.6059,
    "cso_density": 0.0,
    "ej_index": 0.6052,
    "elevation_m": 3.6733,
    "estuary_dist_km": 83.39,
    "feasibility_score": 53.5354,
    "flood_q10_cfs": null,
    "flow_score": 29.0194,
    "flow_velocity_ms": 0.1381,
    "generation_score": 13.5366,
    "impact_score": 40.8661,
    "impervious_pct": 5.69,
    "land_ownership": 0.5,
    "lat": 34.9283,
    "litter_complaint_density": 0.0,
    "lon": -76.9532,
    "npdes_points": 0,
    "pixel_col": 264.0,
    "pixel_row": 521.0,
    "population_density": 28.4,
    "position_along": 0.5,
    "protected_area_score": 0.0,
    "rank": 24,
    "river_name": "Tucker Creek",
    "road_access_m": 416.5,
    "road_access_score": 0.8,
    "road_density_km_km2": 4.86,
    "robustness_pct": 0.0,
    "runoff_coeff_C": 0.1012,
    "seasonal_cv": 0.6382,
    "segment_id": 11,
    "segment_length_m": 1043.8438,
    "stream_order": 3,
    "superfund_score": 0.0,
    "tourism_amenity_density": 0.3183,
    "tri_facility_density": 0.0,
    "usgs_mean_q_cfs": 4.383,
    "velocity_feasibility": 0.7,
    "water_intake_score": 0.0
   },
   "type": "Feature"
  },
  {
   "geometry": {
    "coordinates": [
     -76.934699,
     34.896437
    ],
    "type": "Point"
   },
   "properties": {
    "accumulation": 22071.0,
    "bank_slope_deg": 1.12,
    "bank_slope_score": 1.0,
    "beach_dist_km": 109.37,
    "bridge_proximity_bonus": 0.0,
    "catchment_area_km2": 2.2036,
    "channel_width_m": 2.96,
    "channel_width_score": 1.0,
    "composite_score": 31.1558,
    "cso_density": 0.0,
    "dem_lat": 34.896444,
    "dem_lon": -76.934696,
    "ej_index": 0.6199,
    "elevation_m": 2.2237,
    "estuary_dist_km": 82.4,
    "feasibility_score": 53.5354,
    "flood_q10_cfs": null,
    "flow_score": 7.1045,
    "flow_velocity_ms": 0.0527,
    "generation_score": 23.895,
    "impact_score": 47.2696,
    "impervious_pct": 12.32,
    "land_ownership": 0.5,
    "lat": 34.8964,
    "litter_complaint_density": 0.0,
    "lon": -76.9347,
    "npdes_points": 0,
    "pixel_col": 427.0,
    "pixel_row": 880.0,
    "population_density": 75.9,
    "position_along": 0.5,
    "protected_area_score": 0.0,
    "rank": 25,
    "river_name": "Wolf Pit Branch",
    "road_access_m": 311.5,
    "road_access_score": 0.8,
    "road_density_km_km2": 6.0,
    "robustness_pct": 0.0,
    "runoff_coeff_C": 0.1609,
    "seasonal_cv": 0.6995,
    "segment_id": 17,
    "segment_length_m": 302.8943,
    "snap_dist_m": 0.8,
    "stream_order": 1,
    "superfund_score": 0.0,
    "tourism_amenity_density": 0.7162,
    "tri_facility_density": 0.0,
    "usgs_mean_q_cfs": 2.343,
    "velocity_feasibility": 0.7,
    "water_intake_score": 0.0
   },
   "type": "Feature"
  },
  {
   "geometry": {
    "coordinates": [
     -76.836607,
     34.955191
    ],
    "type": "Point"
   },
   "properties": {
    "accumulation": 25813.0,
    "bank_slope_deg": 0.0,
    "bank_slope_score": 1.0,
    "beach_dist_km": 120.35,
    "bridge_proximity_bonus": 0.0,
    "catchment_area_km2": 2.5772,
    "channel_width_m": 3.13,
    "channel_width_score": 1.0,
    "composite_score": 28.035,
    "cso_density": 0.0,
    "ej_index": 0.4723,
    "elevation_m": 0.0,
    "estuary_dist_km": 72.42,
    "feasibility_score": 54.5455,
    "flood_q10_cfs": null,
    "flow_score": 31.1119,
    "flow_velocity_ms": 0.5,
    "generation_score": 2.4218,
    "impact_score": 37.8291,
    "impervious_pct": null,
    "land_ownership": 0.5,
    "lat": 34.9552,
    "litter_complaint_density": 0.0,
    "lon": -76.8366,
    "npdes_points": 0,
    "pixel_col": 1336.0,
    "pixel_row": 242.0,
    "population_density": 33.3,
    "position_along": 0.25,
    "protected_area_score": 0.0,
    "rank": 26,
    "river_name": "Neuse River",
    "road_access_m": 2458.9,
    "road_access_score": 0.1,
    "road_density_km_km2": 0.0,
    "robustness_pct": 0.0,
    "runoff_coeff_C": null,
    "seasonal_cv": null,
    "segment_id": 8,
    "segment_length_m": 3134.9096,
    "stream_order": 1,
    "superfund_score": 0.0,
    "tourism_amenity_density": 0.0796,
    "tri_facility_density": 0.0,
    "usgs_mean_q_cfs": null,
    "velocity_feasibility": 1.0,
    "water_intake_score": 0.0
   },
   "type": "Feature"
  },
  {
   "geometry": {
    "coordinates": [
     -76.938039,
     34.945926
    ],
    "type": "Point"
   },
   "properties": {
    "accumulation": 33607.0,
    "bank_slope_deg": 0.7,
    "bank_slope_score": 1.0,
    "beach_dist_km": 113.06,
    "bridge_proximity_bonus": 0.0,
    "catchment_area_km2": 3.3553,
    "channel_width_m": 3.45,
    "channel_width_score": 1.0,
    "composite_score": 24.8092,
    "cso_density": 0.0,
    "dem_lat": 34.945968,
    "dem_lon": -76.93799,
    "ej_index": 0.5353,
    "elevation_m": 0.0277,
    "estuary_dist_km": 81.71,
    "feasibility_score": 43.4343,
    "flood_q10_cfs": null,
    "flow_score": 9.0452,
    "flow_velocity_ms": 0.0577,
    "generation_score": 17.151,
    "impact_score": 36.2916,
    "impervious_pct": 4.28,
    "land_ownership": 0.5,
    "lat": 34.946,
    "litter_complaint_density": 0.0,
    "lon": -76.938,
    "npdes_points": 0,
    "pixel_col": 407.0,
    "pixel_row": 330.0,
    "population_density": 134.1,
    "position_along": 0.5,
    "protected_area_score": 0.0,
    "rank": 27,
    "river_name": "Goodwin Creek",
    "road_access_m": 690.0,
    "road_access_score": 0.6,
    "road_density_km_km2": 1.623,
    "robustness_pct": 0.0,
    "runoff_coeff_C": 0.0885,
    "seasonal_cv": 0.6711,
    "segment_id": 6,
    "segment_length_m": 1518.0222,
    "snap_dist_m": 6.4,
    "stream_order": 1,
    "superfund_score": 0.0,
    "tourism_amenity_density": 0.3979,
    "tri_facility_density": 0.0,
    "usgs_mean_q_cfs": 2.761,
    "velocity_feasibility": 0.7,
    "water_intake_score": 0.0
   },
   "type": "Feature"
  },
  {
   "geometry": {
    "coordinates": [
     -76.839149,
     34.907986
    ],
    "type": "Point"
   },
   "properties": {
    "accumulation": 27672.0,
    "bank_slope_deg": 0.01,
    "bank_slope_score": 1.0,
    "beach_dist_km": 116.64,
    "bridge_proximity_bonus": 0.0,
    "catchment_area_km2": 2.7628,
    "channel_width_m": 3.21,
    "channel_width_score": 1.0,
    "composite_score": 24.4221,
    "cso_density": 0.0,
    "ej_index": 0.4441,
    "elevation_m": 0.0015,
    "estuary_dist_km": 73.61,
    "feasibility_score": 43.4343,
    "flood_q10_cfs": null,
    "flow_score": 22.6264,
    "flow_velocity_ms": 0.0545,
    "generation_score": 1.8452,
    "impact_score": 38.9891,
    "impervious_pct": 0.33,
    "land_ownership": 0.5,
    "lat": 34.908,
    "litter_complaint_density": 0.0,
    "lon": -76.8391,
    "npdes_points": 0,
    "pixel_col": 1301.0,
    "pixel_row": 765.0,
    "population_density": 25.0,
    "position_along": 0.5,
    "protected_area_score": 0.0,
    "rank": 28,
    "river_name": "Cahoogue Creek",
    "road_access_m": 953.7,
    "road_access_score": 0.6,
    "road_density_km_km2": 0.0,
    "robustness_pct": 0.0,
    "runoff_coeff_C": 0.053,
    "seasonal_cv": 0.58,
    "segment_id": 16,
    "segment_length_m": 174.7128,
    "stream_order": 1,
    "superfund_score": 0.0,
    "tourism_amenity_density": 0.2387,
    "tri_facility_density": 0.0,
    "usgs_mean_q_cfs": 11.383,
    "velocity_feasibility": 0.7,
    "water_intake_score": 0.0
   },
   "type": "Feature"
  },
  {
   "geometry": {
    "coordinates": [
     -76.850861,
     34.859186
    ],
    "type": "Point"
   },
   "properties": {
    "accumulation": 31769.0,
    "bank_slope_deg": 1.3,
    "bank_slope_score": 1.0,
    "beach_dist_km": 112.32,
    "bridge_proximity_bonus": 0.0,
    "catchment_area_km2": 3.1718,
    "channel_width_m": 3.38,
    "channel_width_score": 1.0,
    "composite_score": 24.105,
    "cso_density": 0.0,
    "dem_lat": 34.859158,
    "dem_lon": -76.850559,
    "ej_index": 0.5987,
    "elevation_m": 3.0913,
    "estuary_dist_km": 75.98,
    "feasibility_score": 28.2828,
    "flood_q10_cfs": null,
    "flow_score": 14.8974,
    "flow_velocity_ms": 0.0932,
    "generation_score": 3.3551,
    "impact_score": 50.4389,
    "impervious_pct": 0.09,
    "land_ownership": 0.5,
    "lat": 34.8592,
    "litter_complaint_density": 0.0,
    "lon": -76.8506,
    "npdes_points": 0,
    "pixel_col": 1185.0,
    "pixel_row": 1305.0,
    "population_density": 42.7,
    "position_along": 0.5,
    "protected_area_score": 0.0,
    "rank": 29,
    "river_name": "Hancock Creek",
    "road_access_m": 1220.3,
    "road_access_score": 0.3,
    "road_density_km_km2": 0.0,
    "robustness_pct": 0.0,
    "runoff_coeff_C": 0.0508,
    "seasonal_cv": 0.6328,
    "segment_id": 30,
    "segment_length_m": 1347.7424,
    "snap_dist_m": 27.8,
    "stream_order": 1,
    "superfund_score": 0.0,
    "tourism_amenity_density": 0.0796,
    "tri_facility_density": 0.0,
    "usgs_mean_q_cfs": 6.052,
    "velocity_feasibility": 0.7,
    "water_intake_score": 0.0
   },
   "type": "Feature"
  },
  {
   "geometry": {
    "coordinates": [
     -76.975208,
     34.966324
    ],
    "type": "Point"
   },
   "properties": {
    "accumulation": 31781.0,
    "bank_slope_deg": 0.52,
    "bank_slope_score": 1.0,
    "beach_dist_km": 112.41,
    "bridge_proximity_bonus": 0.0,
    "catchment_area_km2": 3.173,
    "channel_width_m": 3.38,
    "channel_width_score": 1.0,
    "composite_score": 23.8058,
    "cso_density": 0.0,
    "ej_index": 0.5813,
    "elevation_m": 5.9662,
    "estuary_dist_km": 84.78,
    "feasibility_score": 53.5354,
    "flood_q10_cfs": null,
    "flow_score": 13.5126,
    "flow_velocity_ms": 0.0967,
    "generation_score": 7.573,
    "impact_score": 33.7513,
    "impervious_pct": 1.83,
    "land_ownership": 0.5,
    "lat": 34.9663,
    "litter_complaint_density": 0.0,
    "lon": -76.9752,
    "npdes_points": 0,
    "pixel_col": 67.0,
    "pixel_row": 94.0,
    "population_density": 28.4,
    "position_along": 0.5,
    "protected_area_score": 0.0,
    "rank": 30,
    "river_name": null,
    "road_access_m": 212.0,
    "road_access_score": 0.8,
    "road_density_km_km2": 2.691,
    "robustness_pct": 0.0,
    "runoff_coeff_C": 0.0665,
    "seasonal_cv": 0.6107,
    "segment_id": 5,
    "segment_length_m": 1857.4558,
    "stream_order": 1,
    "superfund_score": 0.0,
    "tourism_amenity_density": 0.1592,
    "tri_facility_density": 0.0,
    "usgs_mean_q_cfs": 4.741,
    "velocity_feasibility": 0.7,
    "water_intake_score": 0.0
   },
   "type": "Feature"
  },
  {
   "geometry": {
    "coordinates": [
     -76.828952,
     34.887292
    ],
    "type": "Point"
   },
   "properties": {
    "accumulation": 24307.0,
    "bank_slope_deg": 0.61,
    "bank_slope_score": 1.0,
    "beach_dist_km": 115.81,
    "bridge_proximity_bonus": 0.0,
    "catchment_area_km2": 2.4268,
    "channel_width_m": 3.06,
    "channel_width_score": 1.0,
    "composite_score": 22.6235,
    "cso_density": 0.0,
    "dem_lat": 34.887151,
    "dem_lon": -76.829179,
    "ej_index": 0.4441,
    "elevation_m": 0.0476,
    "estuary_dist_km": 73.27,
    "feasibility_score": 43.4343,
    "flood_q10_cfs": null,
    "flow_score": 11.5438,
    "flow_velocity_ms": 0.0537,
    "generation_score": 4.2511,
    "impact_score": 39.8235,
    "impervious_pct": 0.49,
    "land_ownership": 0.5,
    "lat": 34.8872,
    "litter_complaint_density": 0.0,
    "lon": -76.8292,
    "npdes_points": 0,
    "pixel_col": 1388.0,
    "pixel_row": 998.0,
    "population_density": 25.0,
    "position_along": 0.5,
    "protected_area_score": 0.0,
    "rank": 31,
    "river_name": "Cahoogue Creek",
    "road_access_m": 598.5,
    "road_access_score": 0.6,
    "road_density_km_km2": 1.38,
    "robustness_pct": 0.0,
    "runoff_coeff_C": 0.0544,
    "seasonal_cv": 0.6393,
    "segment_id": 21,
    "segment_length_m": 720.2554,
    "snap_dist_m": 26.0,
    "stream_order": 1,
    "superfund_score": 0.0,
    "tourism_amenity_density": 0.0796,
    "tri_facility_density": 0.0,
    "usgs_mean_q_cfs": 5.363,
    "velocity_feasibility": 0.7,
    "water_intake_score": 0.0
   },
   "type": "Feature"
  },
  {
   "geometry": {
    "coordinates": [
     -76.963699,
     34.974378
    ],
    "type": "Point"
   },
   "properties": {
    "accumulation": 24499.0,
    "bank_slope_deg": 0.44,
    "bank_slope_score": 1.0,
    "beach_dist_km": 113.79,
    "bridge_proximity_bonus": 0.0,
    "catchment_area_km2": 2.446,
    "channel_width_m": 3.07,
    "channel_width_score": 1.0,
    "composite_score": 22.4746,
    "cso_density": 0.0,
    "dem_lat": 34.974254,
    "dem_lon": -76.963371,
    "ej_index": 0.3186,
    "elevation_m": 0.4815,
    "estuary_dist_km": 83.61,
    "feasibility_score": 63.6364,
    "flood_q10_cfs": null,
    "flow_score": 9.7895,
    "flow_velocity_ms": 0.128,
    "generation_score": 19.4002,
    "impact_score": 15.539,
    "impervious_pct": 3.39,
    "land_ownership": 0.5,
    "lat": 34.9743,
    "litter_complaint_density": 0.0,
    "lon": -76.9634,
    "npdes_points": 0,
    "pixel_col": 181.0,
    "pixel_row": 9.0,
    "population_density": 135.6,
    "position_along": 0.5,
    "protected_area_score": 0.0,
    "rank": 32,
    "river_name": "Otter Creek",
    "road_access_m": 177.1,
    "road_access_score": 1.0,
    "road_density_km_km2": 3.205,
    "robustness_pct": 0.0,
    "runoff_coeff_C": 0.0805,
    "seasonal_cv": 0.6545,
    "segment_id": 1,
    "segment_length_m": 177.1373,
    "snap_dist_m": 32.9,
    "stream_order": 1,
    "superfund_score": 0.0,
    "tourism_amenity_density": 0.2387,
    "tri_facility_density": 0.0,
    "usgs_mean_q_cfs": 2.88,
    "velocity_feasibility": 0.7,
    "water_intake_score": 0.0
   },
   "type": "Feature"
  },
  {
   "geometry": {
    "coordinates": [
     -76.924791,
     34.974886
    ],
    "type": "Point"
   },
   "properties": {
    "accumulation": 41695.0,
    "bank_slope_deg": null,
    "bank_slope_score": 0.1,
    "beach_dist_km": 116.21,
    "bridge_proximity_bonus": 0.0,
    "catchment_area_km2": 4.1628,
    "channel_width_m": 3.73,
    "channel_width_score": 1.0,
    "composite_score": 21.2489,
    "cso_density": 0.0,
    "ej_index": 0.4805,
    "elevation_m": 0.0,
    "estuary_dist_km": 80.11,
    "feasibility_score": 25.2525,
    "flood_q10_cfs": null,
    "flow_score": 14.9652,
    "flow_velocity_ms": 0.0598,
    "generation_score": 15.1898,
    "impact_score": 30.5427,
    "impervious_pct": 1.15,
    "land_ownership": 0.5,
    "lat": 34.9749,
    "litter_complaint_density": 0.0,
    "lon": -76.9248,
    "npdes_points": 0,
    "pixel_col": 530.0,
    "pixel_row": 10.0,
    "population_density": 146.7,
    "position_along": 0.5,
    "protected_area_score": 0.0,
    "rank": 33,
    "river_name": "Dam Creek",
    "road_access_m": 723.1,
    "road_access_score": 0.6,
    "road_density_km_km2": 0.878,
    "robustness_pct": 0.0,
    "runoff_coeff_C": 0.0604,
    "seasonal_cv": 0.6151,
    "segment_id": 0,
    "segment_length_m": 2384.6574,
    "stream_order": 1,
    "superfund_score": 0.0,
    "tourism_amenity_density": 0.2387,
    "tri_facility_density": 0.0,
    "usgs_mean_q_cfs": 5.344,
    "velocity_feasibility": 0.7,
    "water_intake_score": 0.0
   },
   "type": "Feature"
  },
  {
   "geometry": {
    "coordinates": [
     -76.825318,
     34.965565
    ],
    "type": "Point"
   },
   "properties": {
    "accumulation": 59184.0,
    "bank_slope_deg": 0.0,
    "bank_slope_score": 1.0,
    "beach_dist_km": 121.89,
    "bridge_proximity_bonus": 0.0,
    "catchment_area_km2": 5.9089,
    "channel_width_m": 4.23,
    "channel_width_score": 1.0,
    "composite_score": 17.0629,
    "cso_density": 0.0,
    "ej_index": 0.3777,
    "elevation_m": 0.0,
    "estuary_dist_km": 71.23,
    "feasibility_score": 18.1818,
    "flood_q10_cfs": null,
    "flow_score": 15.2232,
    "flow_velocity_ms": 0.0664,
    "generation_score": 3.0858,
    "impact_score": 32.0135,
    "impervious_pct": 3.17,
    "land_ownership": 0.5,
    "lat": 34.9656,
    "litter_complaint_density": 0.0,
    "lon": -76.8253,
    "npdes_points": 0,
    "pixel_col": 1441.0,
    "pixel_row": 129.0,
    "population_density": 19.9,
    "position_along": 0.75,
    "protected_area_score": 0.0,
    "rank": 34,
    "river_name": "Alligator Gut",
    "road_access_m": 3978.2,
    "road_access_score": 0.1,
    "road_density_km_km2": 0.0,
    "robustness_pct": 0.0,
    "runoff_coeff_C": 0.0785,
    "seasonal_cv": 0.652,
    "segment_id": 8,
    "segment_length_m": 3134.9096,
    "stream_order": 1,
    "superfund_score": 0.0,
    "tourism_amenity_density": 0.2387,
    "tri_facility_density": 0.0,
    "usgs_mean_q_cfs": 3.81,
    "velocity_feasibility": 0.7,
    "water_intake_score": 0.0
   },
   "type": "Feature"
  },
  {
   "geometry": {
    "coordinates": [
     -76.833248,
     34.969623
    ],
    "type": "Point"
   },
   "properties": {
    "accumulation": 49849.0,
    "bank_slope_deg": 0.0,
    "bank_slope_score": 1.0,
    "beach_dist_km": 121.67,
    "bridge_proximity_bonus": 0.0,
    "catchment_area_km2": 4.9769,
    "channel_width_m": 3.98,
    "channel_width_score": 1.0,
    "composite_score": 15.8781,
    "cso_density": 0.0,
    "ej_index": 0.375,
    "elevation_m": 0.0,
    "estuary_dist_km": 71.89,
    "feasibility_score": 18.1818,
    "flood_q10_cfs": null,
    "flow_score": 13.9006,
    "flow_velocity_ms": 0.0631,
    "generation_score": 1.3436,
    "impact_score": 30.9088,
    "impervious_pct": 0.32,
    "land_ownership": 0.5,
    "lat": 34.9696,
    "litter_complaint_density": 0.0,
    "lon": -76.8332,
    "npdes_points": 0,
    "pixel_col": 1369.0,
    "pixel_row": 83.0,
    "population_density": 19.7,
    "position_along": 0.5,
    "protected_area_score": 0.0,
    "rank": 35,
    "river_name": "Smith Gut",
    "road_access_m": 3799.4,
    "road_access_score": 0.1,
    "road_density_km_km2": 0.0,
    "robustness_pct": 0.0,
    "runoff_coeff_C": 0.0529,
    "seasonal_cv": 0.6422,
    "segment_id": 4,
    "segment_length_m": 1578.512,
    "stream_order": 1,
    "superfund_score": 0.0,
    "tourism_amenity_density": 0.2387,
    "tri_facility_density": 0.0,
    "usgs_mean_q_cfs": 4.143,
    "velocity_feasibility": 0.7,
    "water_intake_score": 0.0
   },
   "type": "Feature"
  },
  {
   "geometry": {
    "coordinates": [
     -76.852508,
     34.974929
    ],
    "type": "Point"
   },
   "properties": {
    "accumulation": 25756.0,
    "bank_slope_deg": null,
    "bank_slope_score": 0.1,
    "beach_dist_km": 120.82,
    "bridge_proximity_bonus": 0.0,
    "catchment_area_km2": 2.5715,
    "channel_width_m": 3.13,
    "channel_width_score": 1.0,
    "composite_score": 12.9686,
    "cso_density": 0.0,
    "ej_index": 0.375,
    "elevation_m": 0.0,
    "estuary_dist_km": 73.56,
    "feasibility_score": 0.0,
    "flood_q10_cfs": null,
    "flow_score": 16.4415,
    "flow_velocity_ms": 0.052,
    "generation_score": 1.7428,
    "impact_score": 27.7846,
    "impervious_pct": 0.98,
    "land_ownership": 0.5,
    "lat": 34.9749,
    "litter_complaint_density": 0.0,
    "lon": -76.8525,
    "npdes_points": 0,
    "pixel_col": 1194.0,
    "pixel_row": 22.0,
    "population_density": 19.7,
    "position_along": 0.25,
    "protected_area_score": 0.0,
    "rank": 36,
    "river_name": "Mill Creek",
    "road_access_m": 3418.3,
    "road_access_score": 0.1,
    "road_density_km_km2": 0.0,
    "robustness_pct": 0.0,
    "runoff_coeff_C": 0.0588,
    "seasonal_cv": 0.5893,
    "segment_id": 2,
    "segment_length_m": 3092.3744,
    "stream_order": 1,
    "superfund_score": 0.0,
    "tourism_amenity_density": 0.0,
    "tri_facility_density": 0.0,
    "usgs_mean_q_cfs": 7.768,
    "velocity_feasibility": 0.7,
    "water_intake_score": 0.0
   },
   "type": "Feature"
  },
  {
   "geometry": {
    "coordinates": [
     -76.825426,
     34.974677
    ],
    "type": "Point"
   },
   "properties": {
    "accumulation": 20396.0,
    "bank_slope_deg": null,
    "bank_slope_score": 0.1,
    "beach_dist_km": 122.58,
    "bridge_proximity_bonus": 0.0,
    "catchment_area_km2": 2.0363,
    "channel_width_m": 2.87,
    "channel_width_score": 1.0,
    "composite_score": 12.4126,
    "cso_density": 0.0,
    "ej_index": 0.375,
    "elevation_m": -0.164,
    "estuary_dist_km": 71.11,
    "feasibility_score": 0.0,
    "flood_q10_cfs": null,
    "flow_score": 8.5435,
    "flow_velocity_ms": 0.0504,
    "generation_score": 3.0671,
    "impact_score": 31.1886,
    "impervious_pct": 3.17,
    "land_ownership": 0.5,
    "lat": 34.9747,
    "litter_complaint_density": 0.0,
    "lon": -76.8254,
    "npdes_points": 0,
    "pixel_col": 1438.0,
    "pixel_row": 27.0,
    "population_density": 19.7,
    "position_along": 0.5,
    "protected_area_score": 0.0,
    "rank": 37,
    "river_name": "Alligator Gut",
    "road_access_m": 4685.3,
    "road_access_score": 0.1,
    "road_density_km_km2": 0.0,
    "robustness_pct": 0.0,
    "runoff_coeff_C": 0.0785,
    "seasonal_cv": 0.652,
    "segment_id": 3,
    "segment_length_m": 66.5152,
    "stream_order": 1,
    "superfund_score": 0.0,
    "tourism_amenity_density": 0.2387,
    "tri_facility_density": 0.0,
    "usgs_mean_q_cfs": 3.81,
    "velocity_feasibility": 0.7,
    "water_intake_score": 0.0
   },
   "type": "Feature"
  },
  {
   "geometry": {
    "coordinates": [
     -76.836875,
     34.9748
    ],
    "type": "Point"
   },
   "properties": {
    "accumulation": 27605.0,
    "bank_slope_deg": null,
    "bank_slope_score": 0.1,
    "beach_dist_km": 121.92,
    "bridge_proximity_bonus": 0.0,
    "catchment_area_km2": 2.7561,
    "channel_width_m": 3.21,
    "channel_width_score": 1.0,
    "composite_score": 12.0228,
    "cso_density": 0.0,
    "dem_lat": 34.974914,
    "dem_lon": -76.835708,
    "ej_index": 0.375,
    "elevation_m": 0.0,
    "estuary_dist_km": 72.04,
    "feasibility_score": 0.0,
    "flood_q10_cfs": null,
    "flow_score": 10.0764,
    "flow_velocity_ms": 0.0542,
    "generation_score": 1.3436,
    "impact_score": 30.3352,
    "impervious_pct": 0.32,
    "land_ownership": 0.5,
    "lat": 34.9749,
    "litter_complaint_density": 0.0,
    "lon": -76.8357,
    "npdes_points": 0,
    "pixel_col": 1348.0,
    "pixel_row": 25.0,
    "population_density": 19.7,
    "position_along": 0.75,
    "protected_area_score": 0.0,
    "rank": 38,
    "river_name": "Smith Gut",
    "road_access_m": 4160.1,
    "road_access_score": 0.1,
    "road_density_km_km2": 0.0,
    "robustness_pct": 0.0,
    "runoff_coeff_C": 0.0529,
    "seasonal_cv": 0.6422,
    "segment_id": 2,
    "segment_length_m": 3092.3744,
    "snap_dist_m": 107.3,
    "stream_order": 1,
    "superfund_score": 0.0,
    "tourism_amenity_density": 0.2387,
    "tri_facility_density": 0.0,
    "usgs_mean_q_cfs": 4.143,
    "velocity_feasibility": 0.7,
    "water_intake_score": 0.0
   },
   "type": "Feature"
  }
 ],
 "note": "GRIME region 'Havelock, NC' \u2014 real-data pipeline (DEM\u2192streams\u2192candidates\u2192region-appropriate real parameters\u2192shipped scoring, math unchanged). Width curve: Bieger et al. 2015 JAWRA Table 3, Atlantic Plain. Flood: not applicable here (documented fallback). NC Coastal Plain (SIR HR4 needs 24h-50y precip \u2014 not wired; flood fallback)",
 "provenance": {
  "candidates_pre_gate": 38,
  "constant": [
   "bridge_proximity_bonus",
   "channel_width_score",
   "cso_density",
   "flood_q10_cfs",
   "land_ownership",
   "litter_complaint_density",
   "protected_area_score",
   "superfund_score",
   "water_intake_score"
  ],
  "hard_gate_removed": 0,
  "n_parameters": 27,
  "parameters": {
   "bank_slope_score": {
    "kind": "real",
    "n_real": 38,
    "n_sites": 38,
    "source": "region DEM gradient (3x3)"
   },
   "beach_dist_km": {
    "kind": "real",
    "n_real": 38,
    "n_sites": 38,
    "source": "haversine to region ref: Wrightsville Beach (shipped NC reference)"
   },
   "bridge_proximity_bonus": {
    "kind": "real",
    "n_real": 38,
    "n_sites": 38,
    "source": "FHWA/BTS NBI (NTAD), 50 m proximity"
   },
   "catchment_area_km2": {
    "kind": "real",
    "n_real": 38,
    "n_sites": 38,
    "source": "DEM flow accumulation (pipeline)"
   },
   "channel_width_score": {
    "kind": "real",
    "n_real": 38,
    "n_sites": 38,
    "source": "Bieger 2015 APL width curve on DEM drainage area \u2192 shipped width curve"
   },
   "cso_density": {
    "kind": "real",
    "n_real": 38,
    "n_sites": 38,
    "source": "EPA ECHO CSO inventory (national bulk), Cauchy proximity"
   },
   "ej_index": {
    "kind": "real",
    "n_real": 38,
    "n_sites": 38,
    "source": "Census ACS C17002+B03002 two-component demographic index, percentile-ranked within region"
   },
   "estuary_dist_km": {
    "kind": "real",
    "n_real": 38,
    "n_sites": 38,
    "source": "haversine to region ref: Pamlico Sound (shipped NC reference)"
   },
   "flood_q10_cfs": {
    "kind": "fallback",
    "n_real": 0,
    "n_sites": 38,
    "source": "flood regression not valid here (NC Coastal Plain (SIR HR4 needs 24h-50y precip \u2014 not wired; ...) \u2014 NaN, dropped by constant-column handling"
   },
   "flow_velocity_ms": {
    "kind": "real",
    "n_real": 29,
    "n_sites": 38,
    "source": "Manning (region DEM/D8) blended with EROM continuity (shipped M4 logic)"
   },
   "impervious_pct": {
    "kind": "real",
    "n_real": 29,
    "n_sites": 38,
    "source": "EPA StreamCat pctimp2019 (per NHDPlus watershed)"
   },
   "land_ownership": {
    "kind": "fallback",
    "n_real": 0,
    "n_sites": 38,
    "source": "no parcel integration for this region (Durham only) \u2014 unknown 0.5"
   },
   "litter_complaint_density": {
    "kind": "fallback",
    "n_real": 0,
    "n_sites": 38,
    "source": "no machine-readable 311/litter source for this region"
   },
   "npdes_points": {
    "kind": "real",
    "n_real": 38,
    "n_sites": 38,
    "source": "EPA ECHO NPDES outfalls (national bulk), per catchment"
   },
   "population_density": {
    "kind": "real",
    "n_real": 38,
    "n_sites": 38,
    "source": "Census ACS 2022 B01003 block groups (bbox, multi-county), area-weighted"
   },
   "protected_area_score": {
    "kind": "fallback",
    "n_real": 0,
    "n_sites": 38,
    "source": "PAD-US services unreachable; OSM proxy saturates \u2014 documented fallback"
   },
   "road_access_score": {
    "kind": "real",
    "n_real": 38,
    "n_sites": 38,
    "source": "OSM drive network nearest-node distance"
   },
   "road_density_km_km2": {
    "kind": "real",
    "n_real": 38,
    "n_sites": 38,
    "source": "OSM drive network (osmnx, cached) clipped per catchment"
   },
   "runoff_coeff_C": {
    "kind": "real",
    "n_real": 29,
    "n_sites": 38,
    "source": "derived from real impervious_pct (C=0.05+0.009*I)"
   },
   "seasonal_cv": {
    "kind": "real",
    "n_real": 29,
    "n_sites": 38,
    "source": "CV of NHDPlus EROM monthly flows per COMID"
   },
   "stream_order": {
    "kind": "real",
    "n_real": 38,
    "n_sites": 38,
    "source": "DEM stream-network confluence heuristic (pipeline)"
   },
   "superfund_score": {
    "kind": "fallback",
    "n_real": 0,
    "n_sites": 38,
    "source": "not wired (low weight; roadmap)"
   },
   "tourism_amenity_density": {
    "kind": "real",
    "n_real": 38,
    "n_sites": 38,
    "source": "OSM leisure/tourism features per 2 km radius"
   },
   "tri_facility_density": {
    "kind": "real",
    "n_real": 38,
    "n_sites": 38,
    "source": "EPA Envirofacts TRI state=NC (sign-fixed), per catchment"
   },
   "usgs_mean_q_cfs": {
    "kind": "real",
    "n_real": 29,
    "n_sites": 38,
    "source": "NHDPlus EROM qe_ma per COMID (snap-guarded)"
   },
   "velocity_feasibility": {
    "kind": "real",
    "n_real": 29,
    "n_sites": 38,
    "source": "shipped step curve on the computed velocity"
   },
   "water_intake_score": {
    "kind": "fallback",
    "n_real": 0,
    "n_sites": 38,
    "source": "no public surface-intake point layer (NC OneMap is wells-only and NC-only)"
   }
  },
  "varying": [
   "bank_slope_score",
   "beach_dist_km",
   "catchment_area_km2",
   "ej_index",
   "estuary_dist_km",
   "flow_velocity_ms",
   "impervious_pct",
   "npdes_points",
   "population_density",
   "road_access_score",
   "road_density_km_km2",
   "runoff_coeff_C",
   "seasonal_cv",
   "stream_order",
   "tourism_amenity_density",
   "tri_facility_density",
   "usgs_mean_q_cfs",
   "velocity_feasibility"
  ]
 },
 "region": {
  "bbox": [
   -76.9799,
   34.843,
   -76.819,
   34.9749
  ],
  "beach_ref": {
   "label": "Wrightsville Beach (shipped NC reference)",
   "lat": 34.21,
   "lon": -77.79
  },
  "center": [
   -76.899469,
   34.908905
  ],
  "estuary_ref": {
   "label": "Pamlico Sound (shipped NC reference)",
   "lat": 35.05,
   "lon": -76.05
  },
  "flood_method": "none",
  "name": "Havelock, NC",
  "notes": "NC Coastal Plain (SIR HR4 needs 24h-50y precip \u2014 not wired; flood fallback)",
  "slug": "havelock",
  "state": "NC",
  "utm_epsg": 32618,
  "width_curve": {
   "a": 2.22,
   "b": 0.363,
   "code": "APL",
   "source": "Bieger et al. 2015 JAWRA Table 3, Atlantic Plain"
  }
 },
 "streams": {
  "features": [
   {
    "geometry": {
     "coordinates": [
      [
       [
        -76.818971,
        34.991557
       ],
       [
        -76.819027,
        34.989932
       ],
       [
        -76.819474,
        34.98778
       ],
       [
        -76.819558,
        34.986131
       ],
       [
        -76.819689,
        34.985525
       ]
      ],
      [
       [
        -76.819657,
        34.98543
       ],
       [
        -76.819572,
        34.985185
       ],
       [
        -76.819713,
        34.984883
       ],
       [
        -76.819698,
        34.984689
       ],
       [
        -76.819564,
        34.984435
       ],
       [
        -76.819245,
        34.984322
       ],
       [
        -76.819169,
        34.984207
       ],
       [
        -76.819282,
        34.983203
       ],
       [
        -76.81901,
        34.982511
       ],
       [
        -76.81873,
        34.978326
       ],
       [
        -76.819471,
        34.975735
       ],
       [
        -76.819593,
        34.975611
       ],
       [
        -76.819567,
        34.975337
       ],
       [
        -76.819624,
        34.975212
       ],
       [
        -76.820037,
        34.974906
       ],
       [
        -76.820204,
        34.974042
       ],
       [
        -76.820233,
        34.973004
       ],
       [
        -76.820142,
        34.972747
       ],
       [
        -76.81956,
        34.972028
       ],
       [
        -76.819501,
        34.97161
       ],
       [
        -76.819555,
        34.970826
       ],
       [
        -76.816787,
        34.952443
       ]
      ]
     ],
     "type": "MultiLineString"
    },
    "properties": {
     "length_km": 4.43,
     "n_sites": 2,
     "name": "Alligator Gut",
     "order": 2,
     "riverKey": "alligator gut",
     "source": "osm",
     "waterway": "stream"
    },
    "type": "Feature"
   },
   {
    "geometry": {
     "coordinates": [
      [
       -76.818985,
       34.869102
      ],
      [
       -76.819319,
       34.869308
      ],
      [
       -76.820429,
       34.870271
      ],
      [
       -76.821207,
       34.871118
      ],
      [
       -76.821568,
       34.871691
      ],
      [
       -76.821817,
       34.873362
      ],
      [
       -76.821203,
       34.87682
      ],
      [
       -76.821231,
       34.877827
      ],
      [
       -76.821647,
       34.878858
      ],
      [
       -76.823313,
       34.881354
      ],
      [
       -76.823424,
       34.881675
      ],
      [
       -76.823923,
       34.882362
      ],
      [
       -76.824312,
       34.883095
      ],
      [
       -76.824812,
       34.883713
      ],
      [
       -76.825432,
       34.884308
      ],
      [
       -76.826404,
       34.884423
      ],
      [
       -76.826793,
       34.884583
      ],
      [
       -76.827432,
       34.885087
      ],
      [
       -76.827821,
       34.885568
      ],
      [
       -76.828182,
       34.886209
      ],
      [
       -76.828237,
       34.886507
      ],
      [
       -76.829709,
       34.888123
      ],
      [
       -76.830006,
       34.888248
      ],
      [
       -76.83032,
       34.888894
      ],
      [
       -76.830826,
       34.889321
      ],
      [
       -76.830806,
       34.889848
      ],
      [
       -76.83067,
       34.890182
      ],
      [
       -76.830075,
       34.890617
      ],
      [
       -76.829461,
       34.891555
      ],
      [
       -76.829354,
       34.891956
      ],
      [
       -76.829023,
       34.892212
      ],
      [
       -76.829346,
       34.892689
      ],
      [
       -76.829422,
       34.89293
      ],
      [
       -76.829332,
       34.893155
      ],
      [
       -76.829388,
       34.893322
      ],
      [
       -76.829782,
       34.893339
      ],
      [
       -76.82984,
       34.893459
      ],
      [
       -76.829754,
       34.893806
      ],
      [
       -76.829798,
       34.89399
      ],
      [
       -76.829926,
       34.894135
      ],
      [
       -76.830126,
       34.894207
      ],
      [
       -76.830366,
       34.894187
      ],
      [
       -76.83074,
       34.894608
      ],
      [
       -76.830659,
       34.895147
      ],
      [
       -76.830394,
       34.895506
      ],
      [
       -76.829605,
       34.895787
      ],
      [
       -76.829353,
       34.895992
      ],
      [
       -76.829404,
       34.896386
      ],
      [
       -76.829891,
       34.896606
      ],
      [
       -76.830091,
       34.896779
      ],
      [
       -76.830169,
       34.897131
      ],
      [
       -76.830099,
       34.897422
      ]
     ],
     "type": "LineString"
    },
    "properties": {
     "length_km": 3.82,
     "n_sites": 2,
     "name": "Cahoogue Creek",
     "order": 2,
     "riverKey": "cahoogue creek",
     "source": "osm",
     "waterway": "stream"
    },
    "type": "Feature"
   },
   {
    "geometry": {
     "coordinates": [
      [
       -76.942864,
       34.960812
      ],
      [
       -76.94267,
       34.961476
      ],
      [
       -76.941615,
       34.962965
      ],
      [
       -76.94117,
       34.963355
      ],
      [
       -76.940392,
       34.964271
      ],
      [
       -76.93892,
       34.9656
      ],
      [
       -76.938615,
       34.966585
      ],
      [
       -76.938616,
       34.967775
      ],
      [
       -76.938421,
       34.968073
      ],
      [
       -76.937365,
       34.968738
      ],
      [
       -76.936781,
       34.969196
      ],
      [
       -76.936448,
       34.969562
      ],
      [
       -76.936337,
       34.969929
      ],
      [
       -76.936337,
       34.970364
      ],
      [
       -76.936644,
       34.971623
      ],
      [
       -76.936645,
       34.972241
      ],
      [
       -76.935839,
       34.972952
      ],
      [
       -76.935756,
       34.972952
      ],
      [
       -76.934641,
       34.9743
      ],
      [
       -76.930599,
       34.977313
      ],
      [
       -76.926301,
       34.978929
      ],
      [
       -76.893008,
       34.983261
      ]
     ],
     "type": "LineString"
    },
    "properties": {
     "length_km": 5.78,
     "n_sites": 1,
     "name": "Dam Creek",
     "order": 2,
     "riverKey": "dam creek",
     "source": "nhd",
     "waterway": "stream"
    },
    "type": "Feature"
   },
   {
    "geometry": {
     "coordinates": [
      [
       -76.863325,
       34.867143
      ],
      [
       -76.86252,
       34.867441
      ],
      [
       -76.861686,
       34.868013
      ],
      [
       -76.861214,
       34.868608
      ],
      [
       -76.860269,
       34.870211
      ],
      [
       -76.859936,
       34.870623
      ],
      [
       -76.859463,
       34.87099
      ],
      [
       -76.857963,
       34.871745
      ],
      [
       -76.857491,
       34.872226
      ],
      [
       -76.856768,
       34.874126
      ],
      [
       -76.856379,
       34.874905
      ],
      [
       -76.855962,
       34.87566
      ],
      [
       -76.85549,
       34.875981
      ]
     ],
     "type": "LineString"
    },
    "properties": {
     "length_km": 1.26,
     "n_sites": 1,
     "name": "Deep Branch",
     "order": 2,
     "riverKey": "deep branch",
     "source": "osm",
     "waterway": "stream"
    },
    "type": "Feature"
   },
   {
    "geometry": {
     "coordinates": [
      [
       [
        -76.917265,
        34.848015
       ],
       [
        -76.915099,
        34.848496
       ],
       [
        -76.913194,
        34.849494
       ]
      ],
      [
       [
        -76.913117,
        34.849567
       ],
       [
        -76.912323,
        34.850365
       ],
       [
        -76.912053,
        34.850945
       ],
       [
        -76.91199,
        34.851543
       ],
       [
        -76.91224,
        34.852161
       ],
       [
        -76.914214,
        34.855549
       ],
       [
        -76.914353,
        34.856007
       ],
       [
        -76.914604,
        34.857999
       ],
       [
        -76.91516,
        34.859281
       ],
       [
        -76.915189,
        34.860403
       ],
       [
        -76.914606,
        34.861158
       ],
       [
        -76.913911,
        34.861571
       ],
       [
        -76.912828,
        34.861983
       ],
       [
        -76.910564,
        34.862571
       ]
      ],
      [
       [
        -76.910432,
        34.862635
       ],
       [
        -76.909747,
        34.863002
       ],
       [
        -76.909551,
        34.863542
       ],
       [
        -76.908357,
        34.865213
       ],
       [
        -76.908108,
        34.865786
       ],
       [
        -76.908305,
        34.866481
       ],
       [
        -76.908298,
        34.867134
       ],
       [
        -76.908151,
        34.867868
       ]
      ],
      [
       [
        -76.908156,
        34.868023
       ],
       [
        -76.908032,
        34.868711
       ],
       [
        -76.907609,
        34.86947
       ],
       [
        -76.907746,
        34.870105
       ],
       [
        -76.907693,
        34.870663
       ],
       [
        -76.907083,
        34.873548
       ],
       [
        -76.907112,
        34.875174
       ],
       [
        -76.907223,
        34.875357
       ],
       [
        -76.90739,
        34.87641
       ],
       [
        -76.907585,
        34.876731
       ],
       [
        -76.908051,
        34.878938
       ]
      ],
      [
       [
        -76.90823,
        34.880768
       ],
       [
        -76.908748,
        34.881409
       ],
       [
        -76.908328,
        34.882093
       ],
       [
        -76.908334,
        34.882413
       ],
       [
        -76.908518,
        34.882591
       ],
       [
        -76.908193,
        34.883456
       ],
       [
        -76.907885,
        34.884018
       ],
       [
        -76.90754,
        34.884338
       ],
       [
        -76.907283,
        34.884813
       ],
       [
        -76.907089,
        34.884951
       ]
      ]
     ],
     "type": "MultiLineString"
    },
    "properties": {
     "length_km": 4.63,
     "n_sites": 5,
     "name": "East Prong Slocum Creek",
     "order": 2,
     "riverKey": "east prong slocum creek",
     "source": "osm",
     "waterway": "stream"
    },
    "type": "Feature"
   },
   {
    "geometry": {
     "coordinates": [
      [
       -76.948615,
       34.954077
      ],
      [
       -76.946555,
       34.952132
      ],
      [
       -76.945803,
       34.950988
      ],
      [
       -76.945163,
       34.950278
      ],
      [
       -76.943548,
       34.948929
      ],
      [
       -76.942575,
       34.948609
      ],
      [
       -76.940767,
       34.948427
      ],
      [
       -76.940239,
       34.948198
      ],
      [
       -76.939654,
       34.947809
      ],
      [
       -76.939209,
       34.946962
      ],
      [
       -76.938819,
       34.94655
      ],
      [
       -76.936788,
       34.944926
      ],
      [
       -76.936342,
       34.944216
      ],
      [
       -76.935619,
       34.943621
      ],
      [
       -76.935479,
       34.943301
      ],
      [
       -76.935367,
       34.942523
      ],
      [
       -76.935173,
       34.942317
      ],
      [
       -76.935173,
       34.942134
      ],
      [
       -76.934838,
       34.941653
      ],
      [
       -76.934226,
       34.941195
      ],
      [
       -76.932864,
       34.940715
      ],
      [
       -76.932418,
       34.940166
      ]
     ],
     "type": "LineString"
    },
    "properties": {
     "length_km": 2.24,
     "n_sites": 1,
     "name": "Goodwin Creek",
     "order": 2,
     "riverKey": "goodwin creek",
     "source": "osm",
     "waterway": "stream"
    },
    "type": "Feature"
   },
   {
    "geometry": {
     "coordinates": [
      [
       -76.861299,
       34.851092
      ],
      [
       -76.860494,
       34.851779
      ],
      [
       -76.858855,
       34.853588
      ],
      [
       -76.858299,
       34.855374
      ],
      [
       -76.858049,
       34.855648
      ],
      [
       -76.856521,
       34.855923
      ],
      [
       -76.855271,
       34.855923
      ],
      [
       -76.854077,
       34.855671
      ],
      [
       -76.852743,
       34.855716
      ],
      [
       -76.852188,
       34.855922
      ],
      [
       -76.851743,
       34.85638
      ],
      [
       -76.851132,
       34.857914
      ],
      [
       -76.850937,
       34.858624
      ],
      [
       -76.850659,
       34.860685
      ],
      [
       -76.850353,
       34.86144
      ],
      [
       -76.849631,
       34.862379
      ],
      [
       -76.847547,
       34.863386
      ],
      [
       -76.846741,
       34.864187
      ],
      [
       -76.846268,
       34.86492
      ],
      [
       -76.845712,
       34.866706
      ],
      [
       -76.845712,
       34.866798
      ],
      [
       -76.846157,
       34.86721
      ],
      [
       -76.847045,
       34.868355
      ],
      [
       -76.847462,
       34.868744
      ],
      [
       -76.850239,
       34.872019
      ],
      [
       -76.85299,
       34.874286
      ],
      [
       -76.854184,
       34.875156
      ],
      [
       -76.854684,
       34.875408
      ],
      [
       -76.85549,
       34.875981
      ],
      [
       -76.855518,
       34.876095
      ],
      [
       -76.856212,
       34.876714
      ],
      [
       -76.856657,
       34.87724
      ],
      [
       -76.857212,
       34.878317
      ],
      [
       -76.857212,
       34.878866
      ],
      [
       -76.857656,
       34.881454
      ],
      [
       -76.857656,
       34.88356
      ],
      [
       -76.857823,
       34.883972
      ],
      [
       -76.859073,
       34.885186
      ],
      [
       -76.859859,
       34.885704
      ],
      [
       -76.861666,
       34.887919
      ],
      [
       -76.86433,
       34.894235
      ],
      [
       -76.863984,
       34.896859
      ],
      [
       -76.859993,
       34.901436
      ],
      [
       -76.859653,
       34.902785
      ],
      [
       -76.861099,
       34.904556
      ],
      [
       -76.861423,
       34.906398
      ],
      [
       -76.860131,
       34.910272
      ],
      [
       -76.85855,
       34.911543
      ],
      [
       -76.857236,
       34.913624
      ],
      [
       -76.855731,
       34.917718
      ],
      [
       -76.854029,
       34.918841
      ],
      [
       -76.853541,
       34.919527
      ],
      [
       -76.852354,
       34.92048
      ],
      [
       -76.852017,
       34.921191
      ],
      [
       -76.851791,
       34.923963
      ],
      [
       -76.85218,
       34.924922
      ],
      [
       -76.85193,
       34.926541
      ],
      [
       -76.85214,
       34.926958
      ],
      [
       -76.851212,
       34.930637
      ],
      [
       -76.853652,
       34.933467
      ],
      [
       -76.85334,
       34.935331
      ],
      [
       -76.851878,
       34.93675
      ],
      [
       -76.850746,
       34.938734
      ],
      [
       -76.84883,
       34.940077
      ],
      [
       -76.846756,
       34.942672
      ],
      [
       -76.844894,
       34.944665
      ],
      [
       -76.841123,
       34.948365
      ],
      [
       -76.831007,
       34.953176
      ],
      [
       -76.820168,
       34.954874
      ]
     ],
     "type": "LineString"
    },
    "properties": {
     "length_km": 15.16,
     "n_sites": 6,
     "name": "Hancock Creek",
     "order": 2,
     "riverKey": "hancock creek",
     "source": "nhd",
     "waterway": "stream"
    },
    "type": "Feature"
   },
   {
    "geometry": {
     "coordinates": [
      [
       [
        -76.882309,
        34.921042
       ],
       [
        -76.883616,
        34.920744
       ],
       [
        -76.8847,
        34.920286
       ],
       [
        -76.885256,
        34.919805
       ],
       [
        -76.886089,
        34.918774
       ],
       [
        -76.88659,
        34.918454
       ],
       [
        -76.88734,
        34.918156
       ],
       [
        -76.888202,
        34.918018
       ],
       [
        -76.888814,
        34.918018
       ],
       [
        -76.891009,
        34.917766
       ],
       [
        -76.892344,
        34.917399
       ],
       [
        -76.893456,
        34.917239
       ],
       [
        -76.893817,
        34.917056
       ],
       [
        -76.894039,
        34.917101
       ],
       [
        -76.895457,
        34.918292
       ],
       [
        -76.896403,
        34.91923
       ],
       [
        -76.896737,
        34.91978
       ],
       [
        -76.89682,
        34.920146
       ],
       [
        -76.896821,
        34.921474
       ],
       [
        -76.896932,
        34.921794
       ],
       [
        -76.897238,
        34.922
       ],
       [
        -76.89771,
        34.922183
       ],
       [
        -76.899017,
        34.922275
       ],
       [
        -76.89974,
        34.922549
       ],
       [
        -76.900715,
        34.92316
       ]
      ],
      [
       [
        -76.839576,
        35.020907
       ],
       [
        -76.839766,
        35.020256
       ],
       [
        -76.840477,
        35.018685
       ],
       [
        -76.840329,
        35.018165
       ],
       [
        -76.840709,
        35.017359
       ],
       [
        -76.841007,
        35.017036
       ],
       [
        -76.841202,
        35.016963
       ],
       [
        -76.841602,
        35.016346
       ],
       [
        -76.84151,
        35.01486
       ],
       [
        -76.841302,
        35.014442
       ],
       [
        -76.8409,
        35.014098
       ],
       [
        -76.840076,
        35.013594
       ],
       [
        -76.839565,
        35.013026
       ],
       [
        -76.839666,
        35.012658
       ],
       [
        -76.840778,
        35.010453
       ],
       [
        -76.840799,
        35.010064
       ],
       [
        -76.841369,
        35.009258
       ],
       [
        -76.841576,
        35.008648
       ],
       [
        -76.841719,
        35.008494
       ],
       [
        -76.842116,
        35.008421
       ],
       [
        -76.842212,
        35.008232
       ],
       [
        -76.842048,
        35.00792
       ],
       [
        -76.841973,
        35.007483
       ],
       [
        -76.842025,
        35.007196
       ],
       [
        -76.842174,
        35.007191
       ],
       [
        -76.842194,
        35.006919
       ],
       [
        -76.842455,
        35.006841
       ],
       [
        -76.842528,
        35.006671
       ],
       [
        -76.842696,
        35.006682
       ],
       [
        -76.84261,
        35.006491
       ],
       [
        -76.842712,
        35.006153
       ],
       [
        -76.842792,
        35.006161
       ],
       [
        -76.842848,
        35.006023
       ],
       [
        -76.843125,
        35.005891
       ],
       [
        -76.842991,
        35.005789
       ],
       [
        -76.842972,
        35.005606
       ],
       [
        -76.843156,
        35.005457
       ],
       [
        -76.843027,
        35.005334
       ],
       [
        -76.843175,
        35.005158
       ],
       [
        -76.843073,
        35.005028
       ],
       [
        -76.843282,
        35.004798
       ],
       [
        -76.843069,
        35.004267
       ],
       [
        -76.843487,
        35.003963
       ],
       [
        -76.84367,
        35.003601
       ],
       [
        -76.843316,
        35.00339
       ],
       [
        -76.843387,
        35.003257
       ],
       [
        -76.843585,
        35.003251
       ],
       [
        -76.843729,
        35.003164
       ],
       [
        -76.843748,
        35.003019
       ],
       [
        -76.843616,
        35.002812
       ],
       [
        -76.844042,
        35.002565
       ],
       [
        -76.844181,
        35.002314
       ],
       [
        -76.84414,
        35.001989
       ],
       [
        -76.843851,
        35.001422
       ],
       [
        -76.844013,
        35.001134
       ],
       [
        -76.844479,
        35.000803
       ],
       [
        -76.845156,
        35.000574
       ],
       [
        -76.845743,
        34.999991
       ],
       [
        -76.846037,
        34.99987
       ],
       [
        -76.846428,
        34.999559
       ],
       [
        -76.846461,
        34.998929
       ],
       [
        -76.846611,
        34.998457
       ],
       [
        -76.847447,
        34.997529
       ],
       [
        -76.848083,
        34.997324
       ],
       [
        -76.84825,
        34.99705
       ],
       [
        -76.848366,
        34.996434
       ],
       [
        -76.849108,
        34.99546
       ],
       [
        -76.849057,
        34.995047
       ],
       [
        -76.849166,
        34.994851
       ],
       [
        -76.849749,
        34.9947
       ],
       [
        -76.850605,
        34.99429
       ],
       [
        -76.851314,
        34.9938
       ],
       [
        -76.85192,
        34.993229
       ],
       [
        -76.848302,
        34.960865
       ]
      ]
     ],
     "type": "MultiLineString"
    },
    "properties": {
     "length_km": 9.63,
     "n_sites": 2,
     "name": "Mill Creek",
     "order": 2,
     "riverKey": "mill creek",
     "source": "osm",
     "waterway": "stream"
    },
    "type": "Feature"
   },
   {
    "geometry": {
     "coordinates": [
      [
       -77.074398,
       35.151157
      ],
      [
       -77.059351,
       35.144938
      ],
      [
       -77.054887,
       35.144061
      ],
      [
       -77.0498,
       35.140269
      ],
      [
       -77.045337,
       35.135317
      ],
      [
       -77.041159,
       35.131089
      ],
      [
       -77.038515,
       35.126816
      ],
      [
       -77.031162,
       35.119272
      ],
      [
       -77.028388,
       35.115051
      ],
      [
       -77.028324,
       35.111991
      ],
      [
       -77.027163,
       35.10777
      ],
      [
       -77.020132,
       35.09368
      ],
      [
       -77.011683,
       35.083494
      ],
      [
       -77.000782,
       35.068767
      ],
      [
       -76.97466,
       35.045377
      ],
      [
       -76.963759,
       35.0336
      ],
      [
       -76.951182,
       35.01691
      ],
      [
       -76.921899,
       34.996411
      ],
      [
       -76.896481,
       34.979764
      ],
      [
       -76.848302,
       34.960865
      ],
      [
       -76.832153,
       34.955812
      ],
      [
       -76.816787,
       34.952443
      ],
      [
       -76.80179,
       34.95035
      ],
      [
       -76.775769,
       34.948762
      ],
      [
       -76.75499,
       34.953913
      ],
      [
       -76.736965,
       34.963324
      ],
      [
       -76.707809,
       34.982677
      ],
      [
       -76.704033,
       34.984497
      ]
     ],
     "type": "LineString"
    },
    "properties": {
     "length_km": 45.04,
     "n_sites": 1,
     "name": "Neuse River",
     "order": 4,
     "riverKey": "neuse river",
     "source": "osm",
     "waterway": "river"
    },
    "type": "Feature"
   },
   {
    "geometry": {
     "coordinates": [
      [
       [
        -76.960056,
        34.969626
       ],
       [
        -76.960285,
        34.969889
       ],
       [
        -76.960981,
        34.970347
       ],
       [
        -76.962985,
        34.971329
       ],
       [
        -76.963792,
        34.971947
       ],
       [
        -76.964071,
        34.97245
       ],
       [
        -76.964211,
        34.973458
       ],
       [
        -76.963407,
        34.974901
       ],
       [
        -76.962906,
        34.975389
       ],
       [
        -76.962915,
        34.975592
       ],
       [
        -76.96274,
        34.97581
       ],
       [
        -76.962642,
        34.976272
       ],
       [
        -76.96242,
        34.976566
       ],
       [
        -76.962418,
        34.976731
       ],
       [
        -76.961725,
        34.977384
       ],
       [
        -76.961544,
        34.978015
       ],
       [
        -76.9613,
        34.978155
       ],
       [
        -76.960785,
        34.978153
       ],
       [
        -76.960503,
        34.978624
       ],
       [
        -76.960093,
        34.979093
       ],
       [
        -76.959995,
        34.979394
       ],
       [
        -76.960033,
        34.979949
       ],
       [
        -76.959583,
        34.980624
       ],
       [
        -76.959459,
        34.981567
       ],
       [
        -76.9592,
        34.981757
       ],
       [
        -76.958546,
        34.981849
       ],
       [
        -76.958393,
        34.982012
       ],
       [
        -76.958261,
        34.982645
       ],
       [
        -76.957904,
        34.983389
       ],
       [
        -76.957493,
        34.983761
       ],
       [
        -76.957,
        34.984071
       ],
       [
        -76.956944,
        34.984232
       ],
       [
        -76.957004,
        34.984941
       ],
       [
        -76.956527,
        34.985818
       ],
       [
        -76.956239,
        34.985934
       ],
       [
        -76.956007,
        34.985833
       ],
       [
        -76.955809,
        34.985853
       ],
       [
        -76.955906,
        34.986745
       ],
       [
        -76.956017,
        34.987006
       ],
       [
        -76.956263,
        34.987271
       ],
       [
        -76.956089,
        34.987618
       ],
       [
        -76.956078,
        34.988163
       ],
       [
        -76.95596,
        34.988397
       ],
       [
        -76.95641,
        34.988636
       ],
       [
        -76.956704,
        34.988937
       ],
       [
        -76.956723,
        34.989336
       ],
       [
        -76.956553,
        34.989857
       ]
      ],
      [
       [
        -76.951728,
        34.964567
       ],
       [
        -76.952575,
        34.964972
       ],
       [
        -76.953243,
        34.965453
       ],
       [
        -76.954858,
        34.966413
       ],
       [
        -76.957056,
        34.967236
       ],
       [
        -76.957779,
        34.967602
       ],
       [
        -76.958671,
        34.968608
       ],
       [
        -76.959898,
        34.969507
       ]
      ],
      [
       [
        -76.947233,
        34.962503
       ],
       [
        -76.94918,
        34.96312
       ],
       [
        -76.951452,
        34.964407
       ]
      ]
     ],
     "type": "MultiLineString"
    },
    "properties": {
     "length_km": 4.2,
     "n_sites": 1,
     "name": "Otter Creek",
     "order": 2,
     "riverKey": "otter creek",
     "source": "osm",
     "waterway": "stream"
    },
    "type": "Feature"
   },
   {
    "geometry": {
     "coordinates": [
      [
       [
        -76.942622,
        34.919602
       ],
       [
        -76.942288,
        34.920561
       ],
       [
        -76.942159,
        34.920731
       ],
       [
        -76.942239,
        34.920843
       ],
       [
        -76.942038,
        34.921786
       ],
       [
        -76.942097,
        34.922151
       ],
       [
        -76.941934,
        34.922253
       ],
       [
        -76.941963,
        34.923208
       ]
      ],
      [
       [
        -76.94172,
        34.923513
       ],
       [
        -76.941571,
        34.923909
       ],
       [
        -76.941601,
        34.924808
       ],
       [
        -76.94148,
        34.925039
       ],
       [
        -76.940719,
        34.925737
       ],
       [
        -76.939756,
        34.926114
       ],
       [
        -76.938838,
        34.926255
       ],
       [
        -76.938474,
        34.926391
       ],
       [
        -76.937015,
        34.927401
       ],
       [
        -76.936328,
        34.927662
       ],
       [
        -76.935739,
        34.928294
       ],
       [
        -76.935367,
        34.928837
       ],
       [
        -76.935162,
        34.929701
       ],
       [
        -76.934413,
        34.93151
       ],
       [
        -76.934302,
        34.932128
       ],
       [
        -76.934191,
        34.932312
       ],
       [
        -76.933632,
        34.932894
       ],
       [
        -76.931496,
        34.934398
       ],
       [
        -76.931369,
        34.934617
       ],
       [
        -76.931239,
        34.935309
       ],
       [
        -76.931236,
        34.935951
       ],
       [
        -76.931061,
        34.936448
       ],
       [
        -76.930353,
        34.937424
       ],
       [
        -76.929474,
        34.937767
       ],
       [
        -76.929201,
        34.938048
       ],
       [
        -76.929243,
        34.939011
       ],
       [
        -76.929498,
        34.939389
       ]
      ]
     ],
     "type": "MultiLineString"
    },
    "properties": {
     "length_km": 2.7,
     "n_sites": 1,
     "name": "Sandy Run",
     "order": 2,
     "riverKey": "sandy run",
     "source": "osm",
     "waterway": "stream"
    },
    "type": "Feature"
   },
   {
    "geometry": {
     "coordinates": [
      [
       -76.914982,
       34.900301
      ],
      [
       -76.915066,
       34.901847
      ],
      [
       -76.914696,
       34.903319
      ],
      [
       -76.914907,
       34.903737
      ],
      [
       -76.914352,
       34.905944
      ],
      [
       -76.914221,
       34.908349
      ],
      [
       -76.913052,
       34.91237
      ],
      [
       -76.912565,
       34.913056
      ],
      [
       -76.912287,
       34.91416
      ],
      [
       -76.912556,
       34.91497
      ],
      [
       -76.912187,
       34.916442
      ],
      [
       -76.911511,
       34.918501
      ],
      [
       -76.910418,
       34.919087
      ],
      [
       -76.909114,
       34.919255
      ],
      [
       -76.908385,
       34.919646
      ],
      [
       -76.908231,
       34.920259
      ],
      [
       -76.909829,
       34.922055
      ],
      [
       -76.90903,
       34.924605
      ],
      [
       -76.907205,
       34.92622
      ],
      [
       -76.906653,
       34.927789
      ],
      [
       -76.906984,
       34.928354
      ],
      [
       -76.90695,
       34.929115
      ],
      [
       -76.908577,
       34.931427
      ],
      [
       -76.908083,
       34.933388
      ],
      [
       -76.909679,
       34.935823
      ],
      [
       -76.908939,
       34.938765
      ],
      [
       -76.908331,
       34.939304
      ],
      [
       -76.907473,
       34.941461
      ],
      [
       -76.907616,
       34.9434
      ],
      [
       -76.90703,
       34.94573
      ],
      [
       -76.906755,
       34.946195
      ],
      [
       -76.904413,
       34.94798
      ],
      [
       -76.903549,
       34.951413
      ],
      [
       -76.901908,
       34.952292
      ],
      [
       -76.901392,
       34.952462
      ],
      [
       -76.899787,
       34.952261
      ],
      [
       -76.898419,
       34.952994
      ],
      [
       -76.897056,
       34.952769
      ],
      [
       -76.895665,
       34.952028
      ],
      [
       -76.893545,
       34.951679
      ],
      [
       -76.890815,
       34.951867
      ],
      [
       -76.885143,
       34.953349
      ],
      [
       -76.873254,
       34.955316
      ],
      [
       -76.868378,
       34.956946
      ],
      [
       -76.855926,
       34.962135
      ],
      [
       -76.850379,
       34.963323
      ]
     ],
     "type": "LineString"
    },
    "properties": {
     "length_km": 11.47,
     "n_sites": 2,
     "name": "Slocum Creek",
     "order": 2,
     "riverKey": "slocum creek",
     "source": "nhd",
     "waterway": "stream"
    },
    "type": "Feature"
   },
   {
    "geometry": {
     "coordinates": [
      [
       -76.82139,
       34.993985
      ],
      [
       -76.821501,
       34.993986
      ],
      [
       -76.822392,
       34.993207
      ],
      [
       -76.824202,
       34.991422
      ],
      [
       -76.824953,
       34.990025
      ],
      [
       -76.825371,
       34.989613
      ],
      [
       -76.8259,
       34.989362
      ],
      [
       -76.826456,
       34.989316
      ],
      [
       -76.827819,
       34.989797
      ],
      [
       -76.828348,
       34.989797
      ],
      [
       -76.82871,
       34.989729
      ],
      [
       -76.829684,
       34.989317
      ],
      [
       -76.830212,
       34.988951
      ],
      [
       -76.83063,
       34.988516
      ],
      [
       -76.831075,
       34.987875
      ],
      [
       -76.831911,
       34.986089
      ],
      [
       -76.833247,
       34.98467
      ],
      [
       -76.833469,
       34.984189
      ],
      [
       -76.83347,
       34.983891
      ],
      [
       -76.833943,
       34.982563
      ],
      [
       -76.834305,
       34.982358
      ],
      [
       -76.835418,
       34.982289
      ],
      [
       -76.835696,
       34.982129
      ],
      [
       -76.835763,
       34.981058
      ],
      [
       -76.836911,
       34.975049
      ],
      [
       -76.834893,
       34.960988
      ],
      [
       -76.832311,
       34.957396
      ]
     ],
     "type": "LineString"
    },
    "properties": {
     "length_km": 4.9,
     "n_sites": 2,
     "name": "Smith Gut",
     "order": 2,
     "riverKey": "smith gut",
     "source": "nhd",
     "waterway": "stream"
    },
    "type": "Feature"
   },
   {
    "geometry": {
     "coordinates": [
      [
       [
        -76.989894,
        34.839807
       ],
       [
        -76.989177,
        34.83898
       ],
       [
        -76.986323,
        34.836087
       ],
       [
        -76.985849,
        34.835707
       ],
       [
        -76.984606,
        34.836083
       ],
       [
        -76.978326,
        34.837558
       ],
       [
        -76.975633,
        34.838384
       ],
       [
        -76.972885,
        34.83944
       ],
       [
        -76.969831,
        34.840267
       ],
       [
        -76.966722,
        34.841002
       ],
       [
        -76.963723,
        34.841874
       ],
       [
        -76.960336,
        34.843045
       ],
       [
        -76.95831,
        34.843916
       ],
       [
        -76.95745,
        34.844901
       ],
       [
        -76.95709,
        34.845703
       ],
       [
        -76.955398,
        34.847353
       ],
       [
        -76.955287,
        34.847605
       ],
       [
        -76.954775,
        34.84814
       ],
       [
        -76.954833,
        34.84839
       ]
      ],
      [
       [
        -76.954874,
        34.848561
       ],
       [
        -76.955251,
        34.849607
       ],
       [
        -76.955272,
        34.850553
       ],
       [
        -76.955651,
        34.851176
       ],
       [
        -76.955485,
        34.851657
       ],
       [
        -76.955236,
        34.852024
       ],
       [
        -76.954819,
        34.852345
       ],
       [
        -76.953511,
        34.852906
       ]
      ],
      [
       [
        -76.953413,
        34.852948
       ],
       [
        -76.952432,
        34.853422
       ],
       [
        -76.951766,
        34.853972
       ],
       [
        -76.951073,
        34.855072
       ],
       [
        -76.951046,
        34.856171
       ],
       [
        -76.95163,
        34.85688
       ],
       [
        -76.95188,
        34.857384
       ],
       [
        -76.951909,
        34.857865
       ],
       [
        -76.952075,
        34.858025
       ],
       [
        -76.952465,
        34.859101
       ],
       [
        -76.952439,
        34.860566
       ],
       [
        -76.952245,
        34.861322
       ],
       [
        -76.950744,
        34.865127
       ]
      ],
      [
       [
        -76.950649,
        34.865204
       ],
       [
        -76.950305,
        34.865628
       ],
       [
        -76.949696,
        34.867437
       ],
       [
        -76.949919,
        34.868124
       ],
       [
        -76.949808,
        34.868582
       ],
       [
        -76.949448,
        34.869269
       ],
       [
        -76.949309,
        34.869864
       ],
       [
        -76.950699,
        34.870802
       ],
       [
        -76.951033,
        34.871374
       ],
       [
        -76.951035,
        34.872817
       ],
       [
        -76.950896,
        34.873252
       ],
       [
        -76.950064,
        34.874443
       ],
       [
        -76.949647,
        34.874718
       ],
       [
        -76.949092,
        34.874878
       ],
       [
        -76.948425,
        34.874879
       ],
       [
        -76.94773,
        34.874765
       ],
       [
        -76.946869,
        34.874994
       ],
       [
        -76.946425,
        34.875338
       ],
       [
        -76.945315,
        34.876736
       ],
       [
        -76.944815,
        34.877148
       ],
       [
        -76.943399,
        34.877996
       ],
       [
        -76.941869,
        34.878423
       ],
       [
        -76.941376,
        34.878661
       ],
       [
        -76.940882,
        34.879092
       ],
       [
        -76.939411,
        34.879479
       ],
       [
        -76.934623,
        34.882878
       ],
       [
        -76.931541,
        34.885444
       ],
       [
        -76.929763,
        34.886407
       ],
       [
        -76.92893,
        34.886957
       ],
       [
        -76.928458,
        34.887346
       ],
       [
        -76.926903,
        34.889018
       ],
       [
        -76.92442,
        34.890426
       ],
       [
        -76.923563,
        34.89072
       ],
       [
        -76.923429,
        34.891102
       ],
       [
        -76.923278,
        34.891181
       ],
       [
        -76.922713,
        34.891061
       ],
       [
        -76.922126,
        34.891398
       ],
       [
        -76.922079,
        34.892149
       ],
       [
        -76.921722,
        34.892304
       ],
       [
        -76.921529,
        34.892578
       ],
       [
        -76.921354,
        34.892669
       ],
       [
        -76.920795,
        34.892751
       ],
       [
        -76.920237,
        34.893395
       ],
       [
        -76.919904,
        34.894082
       ],
       [
        -76.919877,
        34.895616
       ]
      ]
     ],
     "type": "MultiLineString"
    },
    "properties": {
     "length_km": 10.96,
     "n_sites": 5,
     "name": "Southwest Prong Slocum Creek",
     "order": 2,
     "riverKey": "southwest prong slocum creek",
     "source": "osm",
     "waterway": "stream"
    },
    "type": "Feature"
   },
   {
    "geometry": {
     "coordinates": [
      [
       [
        -76.953356,
        34.93097
       ],
       [
        -76.953101,
        34.93087
       ],
       [
        -76.951954,
        34.931429
       ],
       [
        -76.951339,
        34.931544
       ]
      ],
      [
       [
        -76.951205,
        34.931569
       ],
       [
        -76.950602,
        34.931409
       ],
       [
        -76.949793,
        34.93053
       ],
       [
        -76.949506,
        34.930407
       ],
       [
        -76.949288,
        34.929745
       ],
       [
        -76.948787,
        34.929665
       ]
      ],
      [
       [
        -76.948001,
        34.929475
       ],
       [
        -76.947604,
        34.929558
       ],
       [
        -76.947207,
        34.929993
       ],
       [
        -76.947183,
        34.930273
       ],
       [
        -76.947293,
        34.930761
       ],
       [
        -76.947274,
        34.931663
       ],
       [
        -76.947183,
        34.932008
       ],
       [
        -76.946943,
        34.93234
       ],
       [
        -76.94623,
        34.932808
       ],
       [
        -76.944285,
        34.933702
       ],
       [
        -76.943618,
        34.934252
       ],
       [
        -76.942312,
        34.93565
       ],
       [
        -76.941451,
        34.936383
       ],
       [
        -76.940784,
        34.936727
       ],
       [
        -76.939339,
        34.937094
       ],
       [
        -76.937059,
        34.937416
       ],
       [
        -76.936003,
        34.937966
       ],
       [
        -76.934808,
        34.938745
       ],
       [
        -76.934141,
        34.939501
       ],
       [
        -76.93353,
        34.939868
       ],
       [
        -76.932418,
        34.940166
       ],
       [
        -76.931611,
        34.939663
       ],
       [
        -76.930382,
        34.93934
       ],
       [
        -76.929942,
        34.939307
       ],
       [
        -76.929498,
        34.939389
       ]
      ]
     ],
     "type": "MultiLineString"
    },
    "properties": {
     "length_km": 2.83,
     "n_sites": 3,
     "name": "Tucker Creek",
     "order": 2,
     "riverKey": "tucker creek",
     "source": "osm",
     "waterway": "stream"
    },
    "type": "Feature"
   },
   {
    "geometry": {
     "coordinates": [
      [
       -76.936776,
       34.898675
      ],
      [
       -76.936719,
       34.897302
      ],
      [
       -76.936552,
       34.897096
      ],
      [
       -76.935969,
       34.896798
      ],
      [
       -76.93444,
       34.896364
      ],
      [
       -76.933772,
       34.89609
      ],
      [
       -76.933161,
       34.895564
      ],
      [
       -76.932521,
       34.89474
      ],
      [
       -76.932326,
       34.893847
      ],
      [
       -76.931686,
       34.892977
      ],
      [
       -76.930824,
       34.89252
      ],
      [
       -76.928879,
       34.892383
      ],
      [
       -76.928462,
       34.892132
      ],
      [
       -76.927739,
       34.891331
      ],
      [
       -76.927544,
       34.890712
      ],
      [
       -76.927516,
       34.890232
      ],
      [
       -76.926903,
       34.889018
      ]
     ],
     "type": "LineString"
    },
    "properties": {
     "length_km": 1.56,
     "n_sites": 1,
     "name": "Wolf Pit Branch",
     "order": 2,
     "riverKey": "wolf pit branch",
     "source": "osm",
     "waterway": "stream"
    },
    "type": "Feature"
   }
  ],
  "type": "FeatureCollection"
 },
 "type": "FeatureCollection"
}
