{
 "features": [
  {
   "geometry": {
    "coordinates": [
     -79.987927,
     35.98399
    ],
    "type": "Point"
   },
   "properties": {
    "accumulation": 66457.0,
    "bank_slope_deg": 0.67,
    "bank_slope_score": 1.0,
    "beach_dist_km": 280.87,
    "bridge_proximity_bonus": 0.0,
    "catchment_area_km2": 6.6299,
    "channel_width_m": 6.84,
    "channel_width_score": 1.0,
    "composite_score": 53.6642,
    "cso_density": 0.0,
    "ej_index": 0.7296,
    "elevation_m": 245.6626,
    "estuary_dist_km": 371.2,
    "feasibility_score": 81.4286,
    "flood_q10_cfs": 1535.2,
    "flow_score": 26.8527,
    "flow_velocity_ms": 0.1114,
    "generation_score": 54.0894,
    "impact_score": 61.6997,
    "impervious_pct": 39.16,
    "land_ownership": 1.0,
    "lat": 35.984,
    "litter_complaint_density": 0.0,
    "lon": -79.9879,
    "navigable_dist_m": null,
    "npdes_points": 4,
    "pixel_col": 1290.0,
    "pixel_row": 527.0,
    "population_density": 1471.5,
    "position_along": 0.25,
    "protected_area_score": 16.4518,
    "rank": 1,
    "road_access_m": 121.4,
    "road_access_score": 1.0,
    "road_density_km_km2": 9.667,
    "robustness_pct": 85.5,
    "runoff_coeff_C": 0.4024,
    "seasonal_cv": 0.392,
    "segment_id": 35,
    "segment_length_m": 3978.7004,
    "stream_order": 3,
    "superfund_score": 0.0399,
    "tourism_amenity_density": 6.5254,
    "tri_facility_density": 0.0,
    "usgs_mean_q_cfs": 3.198,
    "velocity_feasibility": 0.7,
    "water_intake_score": 2.2895
   },
   "type": "Feature"
  },
  {
   "geometry": {
    "coordinates": [
     -79.989321,
     35.975929
    ],
    "type": "Point"
   },
   "properties": {
    "accumulation": 29181.0,
    "bank_slope_deg": 3.17,
    "bank_slope_score": 1.0,
    "beach_dist_km": 280.34,
    "bridge_proximity_bonus": 0.0,
    "catchment_area_km2": 2.9111,
    "channel_width_m": 4.86,
    "channel_width_score": 1.0,
    "composite_score": 53.0188,
    "cso_density": 0.0,
    "ej_index": 0.7804,
    "elevation_m": 248.502,
    "estuary_dist_km": 371.09,
    "feasibility_score": 81.4286,
    "flood_q10_cfs": 825.65,
    "flow_score": 23.8576,
    "flow_velocity_ms": 0.1114,
    "generation_score": 53.7425,
    "impact_score": 62.3913,
    "impervious_pct": 39.16,
    "land_ownership": 1.0,
    "lat": 35.9759,
    "litter_complaint_density": 0.0,
    "lon": -79.9893,
    "navigable_dist_m": null,
    "npdes_points": 3,
    "pixel_col": 1277.0,
    "pixel_row": 617.0,
    "population_density": 1638.8,
    "position_along": 0.5,
    "protected_area_score": 15.8779,
    "rank": 2,
    "road_access_m": 112.6,
    "road_access_score": 1.0,
    "road_density_km_km2": 9.498,
    "robustness_pct": 73.5,
    "runoff_coeff_C": 0.4024,
    "seasonal_cv": 0.392,
    "segment_id": 33,
    "segment_length_m": 96.4533,
    "stream_order": 3,
    "superfund_score": 0.0519,
    "tourism_amenity_density": 7.7986,
    "tri_facility_density": 0.0,
    "usgs_mean_q_cfs": 3.198,
    "velocity_feasibility": 0.7,
    "water_intake_score": 2.2203
   },
   "type": "Feature"
  },
  {
   "geometry": {
    "coordinates": [
     -79.986436,
     35.939255
    ],
    "type": "Point"
   },
   "properties": {
    "accumulation": 94270.0,
    "bank_slope_deg": 0.41,
    "bank_slope_score": 1.0,
    "beach_dist_km": 277.34,
    "bridge_proximity_bonus": 0.0,
    "catchment_area_km2": 9.4045,
    "channel_width_m": 7.91,
    "channel_width_score": 1.0,
    "composite_score": 51.7114,
    "cso_density": 0.0,
    "ej_index": 0.7973,
    "elevation_m": 238.9303,
    "estuary_dist_km": 369.8,
    "feasibility_score": 81.4286,
    "flood_q10_cfs": 2129.27,
    "flow_score": 30.4009,
    "flow_velocity_ms": 0.0842,
    "generation_score": 59.0188,
    "impact_score": 47.3043,
    "impervious_pct": 55.53,
    "land_ownership": 1.0,
    "lat": 35.9393,
    "litter_complaint_density": 0.0,
    "lon": -79.9864,
    "navigable_dist_m": null,
    "npdes_points": 1,
    "pixel_col": 1310.0,
    "pixel_row": 1026.0,
    "population_density": 823.0,
    "position_along": 0.75,
    "protected_area_score": 13.0191,
    "rank": 3,
    "road_access_m": 175.4,
    "road_access_score": 1.0,
    "road_density_km_km2": 10.11,
    "robustness_pct": 62.0,
    "runoff_coeff_C": 0.5498,
    "seasonal_cv": 0.3998,
    "segment_id": 64,
    "segment_length_m": 3970.0102,
    "stream_order": 3,
    "superfund_score": 0.0864,
    "tourism_amenity_density": 2.1486,
    "tri_facility_density": 1.3823,
    "usgs_mean_q_cfs": 4.632,
    "velocity_feasibility": 0.7,
    "water_intake_score": 1.9257
   },
   "type": "Feature"
  },
  {
   "geometry": {
    "coordinates": [
     -79.992599,
     35.974786
    ],
    "type": "Point"
   },
   "properties": {
    "accumulation": 26750.0,
    "bank_slope_deg": 0.79,
    "bank_slope_score": 1.0,
    "beach_dist_km": 280.46,
    "bridge_proximity_bonus": 0.0,
    "catchment_area_km2": 2.6686,
    "channel_width_m": 4.69,
    "channel_width_score": 1.0,
    "composite_score": 51.6789,
    "cso_density": 0.0,
    "ej_index": 0.7756,
    "elevation_m": 249.4928,
    "estuary_dist_km": 371.34,
    "feasibility_score": 66.4286,
    "flood_q10_cfs": 793.83,
    "flow_score": 23.2686,
    "flow_velocity_ms": 0.0993,
    "generation_score": 57.8148,
    "impact_score": 61.8436,
    "impervious_pct": 40.66,
    "land_ownership": 0.5,
    "lat": 35.9748,
    "litter_complaint_density": 0.0,
    "lon": -79.9926,
    "navigable_dist_m": null,
    "npdes_points": 3,
    "pixel_col": 1250.0,
    "pixel_row": 632.0,
    "population_density": 1945.6,
    "position_along": 0.5,
    "protected_area_score": 15.405,
    "rank": 4,
    "road_access_m": 63.9,
    "road_access_score": 1.0,
    "road_density_km_km2": 9.199,
    "robustness_pct": 60.5,
    "runoff_coeff_C": 0.4159,
    "seasonal_cv": 0.3844,
    "segment_id": 34,
    "segment_length_m": 701.0004,
    "stream_order": 3,
    "superfund_score": 0.0577,
    "tourism_amenity_density": 8.5944,
    "tri_facility_density": 0.0,
    "usgs_mean_q_cfs": 1.348,
    "velocity_feasibility": 0.7,
    "water_intake_score": 2.1966
   },
   "type": "Feature"
  },
  {
   "geometry": {
    "coordinates": [
     -79.927686,
     35.979536
    ],
    "type": "Point"
   },
   "properties": {
    "accumulation": 406409.0,
    "bank_slope_deg": 1.73,
    "bank_slope_score": 1.0,
    "beach_dist_km": 276.64,
    "bridge_proximity_bonus": 0.0,
    "catchment_area_km2": 40.544,
    "channel_width_m": 14.5,
    "channel_width_score": 1.0,
    "composite_score": 50.7049,
    "cso_density": 0.0,
    "ej_index": 0.4816,
    "elevation_m": 210.6093,
    "estuary_dist_km": 365.84,
    "feasibility_score": 66.4286,
    "flood_q10_cfs": 3075.46,
    "flow_score": 53.2739,
    "flow_velocity_ms": 0.0622,
    "generation_score": 35.4142,
    "impact_score": 55.9929,
    "impervious_pct": 23.56,
    "land_ownership": 0.5,
    "lat": 35.9795,
    "litter_complaint_density": 0.0,
    "lon": -79.9277,
    "navigable_dist_m": null,
    "npdes_points": 7,
    "pixel_col": 1835.0,
    "pixel_row": 573.0,
    "population_density": 340.1,
    "position_along": 0.5,
    "protected_area_score": 20.1953,
    "rank": 5,
    "road_access_m": 139.3,
    "road_access_score": 1.0,
    "road_density_km_km2": 5.221,
    "robustness_pct": 63.5,
    "runoff_coeff_C": 0.262,
    "seasonal_cv": 0.4241,
    "segment_id": 45,
    "segment_length_m": 238.0,
    "stream_order": 3,
    "superfund_score": 0.0274,
    "tourism_amenity_density": 1.9894,
    "tri_facility_density": 0.074,
    "usgs_mean_q_cfs": 75.067,
    "velocity_feasibility": 0.7,
    "water_intake_score": 2.1831
   },
   "type": "Feature"
  },
  {
   "geometry": {
    "coordinates": [
     -79.935043,
     35.98684
    ],
    "type": "Point"
   },
   "properties": {
    "accumulation": 366321.0,
    "bank_slope_deg": 0.91,
    "bank_slope_score": 1.0,
    "beach_dist_km": 277.69,
    "bridge_proximity_bonus": 0.0,
    "catchment_area_km2": 36.5448,
    "channel_width_m": 13.89,
    "channel_width_score": 1.0,
    "composite_score": 49.3768,
    "cso_density": 0.0,
    "ej_index": 0.4464,
    "elevation_m": 218.4592,
    "estuary_dist_km": 366.69,
    "feasibility_score": 59.2857,
    "flood_q10_cfs": 2903.54,
    "flow_score": 52.4802,
    "flow_velocity_ms": 0.1016,
    "generation_score": 34.2535,
    "impact_score": 56.9593,
    "impervious_pct": 23.56,
    "land_ownership": 0.5,
    "lat": 35.9868,
    "litter_complaint_density": 0.0,
    "lon": -79.935,
    "navigable_dist_m": null,
    "npdes_points": 6,
    "pixel_col": 1768.0,
    "pixel_row": 493.0,
    "population_density": 416.8,
    "position_along": 0.5,
    "protected_area_score": 20.5506,
    "rank": 6,
    "road_access_m": 218.5,
    "road_access_score": 0.8,
    "road_density_km_km2": 5.448,
    "robustness_pct": 30.0,
    "runoff_coeff_C": 0.262,
    "seasonal_cv": 0.4227,
    "segment_id": 38,
    "segment_length_m": 2700.2778,
    "stream_order": 3,
    "superfund_score": 0.0295,
    "tourism_amenity_density": 1.2732,
    "tri_facility_density": 0.0547,
    "usgs_mean_q_cfs": 73.732,
    "velocity_feasibility": 0.7,
    "water_intake_score": 2.3009
   },
   "type": "Feature"
  },
  {
   "geometry": {
    "coordinates": [
     -79.945354,
     35.991523
    ],
    "type": "Point"
   },
   "properties": {
    "accumulation": 286414.0,
    "bank_slope_deg": 1.74,
    "bank_slope_score": 1.0,
    "beach_dist_km": 278.71,
    "bridge_proximity_bonus": 0.0,
    "catchment_area_km2": 28.5731,
    "channel_width_m": 12.54,
    "channel_width_score": 1.0,
    "composite_score": 48.6183,
    "cso_density": 0.0,
    "ej_index": 0.4307,
    "elevation_m": 220.3027,
    "estuary_dist_km": 367.72,
    "feasibility_score": 66.4286,
    "flood_q10_cfs": 2535.33,
    "flow_score": 49.7877,
    "flow_velocity_ms": 0.142,
    "generation_score": 29.2646,
    "impact_score": 58.0924,
    "impervious_pct": 23.61,
    "land_ownership": 0.5,
    "lat": 35.9915,
    "litter_complaint_density": 0.0,
    "lon": -79.9454,
    "navigable_dist_m": null,
    "npdes_points": 3,
    "pixel_col": 1674.0,
    "pixel_row": 443.0,
    "population_density": 517.1,
    "position_along": 0.5,
    "protected_area_score": 20.2519,
    "rank": 7,
    "road_access_m": 168.0,
    "road_access_score": 1.0,
    "road_density_km_km2": 5.644,
    "robustness_pct": 14.5,
    "runoff_coeff_C": 0.2625,
    "seasonal_cv": 0.4215,
    "segment_id": 37,
    "segment_length_m": 1489.47,
    "stream_order": 3,
    "superfund_score": 0.0305,
    "tourism_amenity_density": 0.4775,
    "tri_facility_density": 0.07,
    "usgs_mean_q_cfs": 69.936,
    "velocity_feasibility": 0.7,
    "water_intake_score": 2.4387
   },
   "type": "Feature"
  },
  {
   "geometry": {
    "coordinates": [
     -79.973805,
     35.944437
    ],
    "type": "Point"
   },
   "properties": {
    "accumulation": 156309.0,
    "bank_slope_deg": 3.41,
    "bank_slope_score": 1.0,
    "beach_dist_km": 276.91,
    "bridge_proximity_bonus": 0.0,
    "catchment_area_km2": 15.5936,
    "channel_width_m": 9.76,
    "channel_width_score": 1.0,
    "composite_score": 48.4865,
    "cso_density": 0.0,
    "ej_index": 0.8034,
    "elevation_m": 237.8109,
    "estuary_dist_km": 368.85,
    "feasibility_score": 66.4286,
    "flood_q10_cfs": 2632.04,
    "flow_score": 32.5668,
    "flow_velocity_ms": 0.0513,
    "generation_score": 51.3664,
    "impact_score": 49.9019,
    "impervious_pct": 50.6,
    "land_ownership": 0.5,
    "lat": 35.9444,
    "litter_complaint_density": 0.0,
    "lon": -79.9738,
    "navigable_dist_m": null,
    "npdes_points": 2,
    "pixel_col": 1423.0,
    "pixel_row": 966.0,
    "population_density": 736.9,
    "position_along": 0.5,
    "protected_area_score": 14.1051,
    "rank": 8,
    "road_access_m": 74.0,
    "road_access_score": 1.0,
    "road_density_km_km2": 8.87,
    "robustness_pct": 19.5,
    "runoff_coeff_C": 0.5054,
    "seasonal_cv": 0.409,
    "segment_id": 65,
    "segment_length_m": 817.1359,
    "stream_order": 3,
    "superfund_score": 0.0556,
    "tourism_amenity_density": 1.5915,
    "tri_facility_density": 0.7695,
    "usgs_mean_q_cfs": 7.35,
    "velocity_feasibility": 0.7,
    "water_intake_score": 1.9758
   },
   "type": "Feature"
  },
  {
   "geometry": {
    "coordinates": [
     -79.953457,
     35.999844
    ],
    "type": "Point"
   },
   "properties": {
    "accumulation": 239778.0,
    "bank_slope_deg": 0.57,
    "bank_slope_score": 1.0,
    "beach_dist_km": 279.88,
    "bridge_proximity_bonus": 0.0,
    "catchment_area_km2": 23.9206,
    "channel_width_m": 11.65,
    "channel_width_score": 1.0,
    "composite_score": 48.1034,
    "cso_density": 0.0,
    "ej_index": 0.4112,
    "elevation_m": 230.4772,
    "estuary_dist_km": 368.67,
    "feasibility_score": 81.4286,
    "flood_q10_cfs": 2164.22,
    "flow_score": 38.7489,
    "flow_velocity_ms": 0.0919,
    "generation_score": 29.7866,
    "impact_score": 57.5532,
    "impervious_pct": 19.28,
    "land_ownership": 1.0,
    "lat": 35.9998,
    "litter_complaint_density": 0.0,
    "lon": -79.9535,
    "navigable_dist_m": null,
    "npdes_points": 4,
    "pixel_col": 1600.0,
    "pixel_row": 349.0,
    "population_density": 570.6,
    "position_along": 0.75,
    "protected_area_score": 20.2171,
    "rank": 9,
    "road_access_m": 196.5,
    "road_access_score": 1.0,
    "road_density_km_km2": 5.802,
    "robustness_pct": 18.5,
    "runoff_coeff_C": 0.2235,
    "seasonal_cv": 0.4437,
    "segment_id": 36,
    "segment_length_m": 3413.8116,
    "stream_order": 3,
    "superfund_score": 0.0318,
    "tourism_amenity_density": 0.6366,
    "tri_facility_density": 0.0,
    "usgs_mean_q_cfs": 42.728,
    "velocity_feasibility": 0.7,
    "water_intake_score": 2.4723
   },
   "type": "Feature"
  },
  {
   "geometry": {
    "coordinates": [
     -79.917396,
     35.972177
    ],
    "type": "Point"
   },
   "properties": {
    "accumulation": 554883.0,
    "bank_slope_deg": 4.76,
    "bank_slope_score": 1.0,
    "beach_dist_km": 275.41,
    "bridge_proximity_bonus": 0.0,
    "catchment_area_km2": 55.356,
    "channel_width_m": 16.5,
    "channel_width_score": 0.5,
    "composite_score": 47.9083,
    "cso_density": 0.0,
    "ej_index": 0.5161,
    "elevation_m": 209.4597,
    "estuary_dist_km": 364.73,
    "feasibility_score": 46.4286,
    "flood_q10_cfs": 3662.51,
    "flow_score": 60.3713,
    "flow_velocity_ms": 0.0663,
    "generation_score": 33.6275,
    "impact_score": 52.5433,
    "impervious_pct": 23.72,
    "land_ownership": 0.5,
    "lat": 35.9722,
    "litter_complaint_density": 0.0,
    "lon": -79.9174,
    "navigable_dist_m": null,
    "npdes_points": 7,
    "pixel_col": 1928.0,
    "pixel_row": 655.0,
    "population_density": 261.0,
    "position_along": 0.5,
    "protected_area_score": 19.8587,
    "rank": 10,
    "road_access_m": 197.9,
    "road_access_score": 1.0,
    "road_density_km_km2": 4.331,
    "robustness_pct": 26.5,
    "runoff_coeff_C": 0.2635,
    "seasonal_cv": 0.4309,
    "segment_id": 46,
    "segment_length_m": 2343.2526,
    "stream_order": 3,
    "superfund_score": 0.025,
    "tourism_amenity_density": 0.9549,
    "tri_facility_density": 0.0903,
    "usgs_mean_q_cfs": 84.208,
    "velocity_feasibility": 0.7,
    "water_intake_score": 2.0411
   },
   "type": "Feature"
  },
  {
   "geometry": {
    "coordinates": [
     -79.962671,
     35.99892
    ],
    "type": "Point"
   },
   "properties": {
    "accumulation": 223705.0,
    "bank_slope_deg": 0.64,
    "bank_slope_score": 1.0,
    "beach_dist_km": 280.4,
    "bridge_proximity_bonus": 0.0,
    "catchment_area_km2": 22.3172,
    "channel_width_m": 11.32,
    "channel_width_score": 1.0,
    "composite_score": 47.2003,
    "cso_density": 0.0,
    "ej_index": 0.4725,
    "elevation_m": 230.7594,
    "estuary_dist_km": 369.44,
    "feasibility_score": 74.2857,
    "flood_q10_cfs": 2085.79,
    "flow_score": 38.8463,
    "flow_velocity_ms": 0.1292,
    "generation_score": 30.4541,
    "impact_score": 57.3656,
    "impervious_pct": 19.39,
    "land_ownership": 1.0,
    "lat": 35.9989,
    "litter_complaint_density": 0.0,
    "lon": -79.9627,
    "navigable_dist_m": null,
    "npdes_points": 3,
    "pixel_col": 1517.0,
    "pixel_row": 361.0,
    "population_density": 699.3,
    "position_along": 0.25,
    "protected_area_score": 19.5558,
    "rank": 11,
    "road_access_m": 293.5,
    "road_access_score": 0.8,
    "road_density_km_km2": 6.55,
    "robustness_pct": 0.0,
    "runoff_coeff_C": 0.2245,
    "seasonal_cv": 0.4428,
    "segment_id": 36,
    "segment_length_m": 3413.8116,
    "stream_order": 3,
    "superfund_score": 0.0313,
    "tourism_amenity_density": 0.557,
    "tri_facility_density": 0.0448,
    "usgs_mean_q_cfs": 41.699,
    "velocity_feasibility": 0.7,
    "water_intake_score": 2.4619
   },
   "type": "Feature"
  },
  {
   "geometry": {
    "coordinates": [
     -79.977019,
     35.995725
    ],
    "type": "Point"
   },
   "properties": {
    "accumulation": 101638.0,
    "bank_slope_deg": 3.82,
    "bank_slope_score": 1.0,
    "beach_dist_km": 281.07,
    "bridge_proximity_bonus": 0.0,
    "catchment_area_km2": 10.1396,
    "channel_width_m": 8.16,
    "channel_width_score": 1.0,
    "composite_score": 47.1765,
    "cso_density": 0.0,
    "ej_index": 0.5773,
    "elevation_m": 234.7257,
    "estuary_dist_km": 370.59,
    "feasibility_score": 66.4286,
    "flood_q10_cfs": 1711.17,
    "flow_score": 28.5983,
    "flow_velocity_ms": 0.1314,
    "generation_score": 40.653,
    "impact_score": 59.5558,
    "impervious_pct": 36.69,
    "land_ownership": 0.5,
    "lat": 35.9957,
    "litter_complaint_density": 0.0,
    "lon": -79.977,
    "navigable_dist_m": null,
    "npdes_points": 2,
    "pixel_col": 1388.0,
    "pixel_row": 398.0,
    "population_density": 940.0,
    "position_along": 0.75,
    "protected_area_score": 18.7217,
    "rank": 12,
    "road_access_m": 159.5,
    "road_access_score": 1.0,
    "road_density_km_km2": 7.695,
    "robustness_pct": 4.5,
    "runoff_coeff_C": 0.3802,
    "seasonal_cv": 0.3973,
    "segment_id": 35,
    "segment_length_m": 3978.7004,
    "stream_order": 3,
    "superfund_score": 0.032,
    "tourism_amenity_density": 2.4669,
    "tri_facility_density": 0.0986,
    "usgs_mean_q_cfs": 4.517,
    "velocity_feasibility": 0.7,
    "water_intake_score": 2.4293
   },
   "type": "Feature"
  },
  {
   "geometry": {
    "coordinates": [
     -79.971017,
     36.000415
    ],
    "type": "Point"
   },
   "properties": {
    "accumulation": 95859.0,
    "bank_slope_deg": 0.73,
    "bank_slope_score": 1.0,
    "beach_dist_km": 281.05,
    "bridge_proximity_bonus": 0.0,
    "catchment_area_km2": 9.563,
    "channel_width_m": 7.96,
    "channel_width_score": 1.0,
    "composite_score": 46.7219,
    "cso_density": 0.0,
    "ej_index": 0.4828,
    "elevation_m": 231.3128,
    "estuary_dist_km": 370.21,
    "feasibility_score": 82.8571,
    "flood_q10_cfs": 997.87,
    "flow_score": 43.687,
    "flow_velocity_ms": 0.5,
    "generation_score": 20.7944,
    "impact_score": 57.1108,
    "impervious_pct": null,
    "land_ownership": 1.0,
    "lat": 36.0004,
    "litter_complaint_density": 0.0,
    "lon": -79.971,
    "navigable_dist_m": null,
    "npdes_points": 2,
    "pixel_col": 1442.0,
    "pixel_row": 347.0,
    "population_density": 754.9,
    "position_along": 0.5,
    "protected_area_score": 19.3198,
    "rank": 13,
    "road_access_m": 223.0,
    "road_access_score": 0.8,
    "road_density_km_km2": 6.512,
    "robustness_pct": 10.5,
    "runoff_coeff_C": null,
    "seasonal_cv": null,
    "segment_id": 17,
    "segment_length_m": 94.7397,
    "stream_order": 3,
    "superfund_score": 0.0313,
    "tourism_amenity_density": 1.1141,
    "tri_facility_density": 0.1046,
    "usgs_mean_q_cfs": null,
    "velocity_feasibility": 1.0,
    "water_intake_score": 2.4567
   },
   "type": "Feature"
  },
  {
   "geometry": {
    "coordinates": [
     -80.001106,
     35.932393
    ],
    "type": "Point"
   },
   "properties": {
    "accumulation": 54218.0,
    "bank_slope_deg": 3.79,
    "bank_slope_score": 1.0,
    "beach_dist_km": 277.78,
    "bridge_proximity_bonus": 0.0,
    "catchment_area_km2": 5.4089,
    "channel_width_m": 6.29,
    "channel_width_score": 1.0,
    "composite_score": 46.4411,
    "cso_density": 0.0,
    "ej_index": 0.8331,
    "elevation_m": 247.8613,
    "estuary_dist_km": 370.9,
    "feasibility_score": 66.4286,
    "flood_q10_cfs": 1824.47,
    "flow_score": 28.5194,
    "flow_velocity_ms": 0.0833,
    "generation_score": 53.9151,
    "impact_score": 43.9081,
    "impervious_pct": 57.79,
    "land_ownership": 0.5,
    "lat": 35.9324,
    "litter_complaint_density": 0.0,
    "lon": -80.0011,
    "navigable_dist_m": null,
    "npdes_points": 1,
    "pixel_col": 1178.0,
    "pixel_row": 1104.0,
    "population_density": 513.0,
    "position_along": 0.25,
    "protected_area_score": 11.2437,
    "rank": 14,
    "road_access_m": 195.3,
    "road_access_score": 1.0,
    "road_density_km_km2": 8.75,
    "robustness_pct": 3.0,
    "runoff_coeff_C": 0.5701,
    "seasonal_cv": 0.3903,
    "segment_id": 64,
    "segment_length_m": 3970.0102,
    "stream_order": 3,
    "superfund_score": 0.1324,
    "tourism_amenity_density": 1.9099,
    "tri_facility_density": 1.2942,
    "usgs_mean_q_cfs": 2.59,
    "velocity_feasibility": 0.7,
    "water_intake_score": 1.8652
   },
   "type": "Feature"
  },
  {
   "geometry": {
    "coordinates": [
     -79.905221,
     35.948577
    ],
    "type": "Point"
   },
   "properties": {
    "accumulation": 634780.0,
    "bank_slope_deg": 2.2,
    "bank_slope_score": 1.0,
    "beach_dist_km": 272.79,
    "bridge_proximity_bonus": 0.0,
    "catchment_area_km2": 63.3266,
    "channel_width_m": 17.45,
    "channel_width_score": 0.5,
    "composite_score": 45.1065,
    "cso_density": 0.0,
    "ej_index": 0.5835,
    "elevation_m": 208.1471,
    "estuary_dist_km": 362.99,
    "feasibility_score": 54.2857,
    "flood_q10_cfs": 3898.15,
    "flow_score": 63.5963,
    "flow_velocity_ms": 0.0682,
    "generation_score": 20.9662,
    "impact_score": 49.2492,
    "impervious_pct": 22.84,
    "land_ownership": 1.0,
    "lat": 35.9486,
    "litter_complaint_density": 0.0,
    "lon": -79.9052,
    "navigable_dist_m": null,
    "npdes_points": 3,
    "pixel_col": 2042.0,
    "pixel_row": 916.0,
    "population_density": 132.8,
    "position_along": 0.75,
    "protected_area_score": 18.533,
    "rank": 15,
    "road_access_m": 237.4,
    "road_access_score": 0.8,
    "road_density_km_km2": 2.874,
    "robustness_pct": 11.5,
    "runoff_coeff_C": 0.2556,
    "seasonal_cv": 0.434,
    "segment_id": 48,
    "segment_length_m": 3029.0021,
    "stream_order": 3,
    "superfund_score": 0.0193,
    "tourism_amenity_density": 0.0796,
    "tri_facility_density": 0.0632,
    "usgs_mean_q_cfs": 88.103,
    "velocity_feasibility": 0.7,
    "water_intake_score": 1.8701
   },
   "type": "Feature"
  },
  {
   "geometry": {
    "coordinates": [
     -79.979075,
     36.005009
    ],
    "type": "Point"
   },
   "properties": {
    "accumulation": 49796.0,
    "bank_slope_deg": 1.75,
    "bank_slope_score": 1.0,
    "beach_dist_km": 281.93,
    "bridge_proximity_bonus": 0.0,
    "catchment_area_km2": 4.9677,
    "channel_width_m": 6.07,
    "channel_width_score": 1.0,
    "composite_score": 45.0176,
    "cso_density": 0.0,
    "ej_index": 0.4192,
    "elevation_m": 232.9011,
    "estuary_dist_km": 371.05,
    "feasibility_score": 75.0,
    "flood_q10_cfs": 622.43,
    "flow_score": 41.568,
    "flow_velocity_ms": 0.5,
    "generation_score": 21.9811,
    "impact_score": 55.9377,
    "impervious_pct": null,
    "land_ownership": 0.5,
    "lat": 36.005,
    "litter_complaint_density": 0.0,
    "lon": -79.9791,
    "navigable_dist_m": null,
    "npdes_points": 2,
    "pixel_col": 1369.0,
    "pixel_row": 297.0,
    "population_density": 816.1,
    "position_along": 0.75,
    "protected_area_score": 18.8352,
    "rank": 16,
    "road_access_m": 98.0,
    "road_access_score": 1.0,
    "road_density_km_km2": 6.184,
    "robustness_pct": 0.0,
    "runoff_coeff_C": null,
    "seasonal_cv": null,
    "segment_id": 16,
    "segment_length_m": 3888.5138,
    "stream_order": 3,
    "superfund_score": 0.0311,
    "tourism_amenity_density": 2.5465,
    "tri_facility_density": 0.2013,
    "usgs_mean_q_cfs": null,
    "velocity_feasibility": 1.0,
    "water_intake_score": 2.4685
   },
   "type": "Feature"
  },
  {
   "geometry": {
    "coordinates": [
     -79.907201,
     35.958875
    ],
    "type": "Point"
   },
   "properties": {
    "accumulation": 611556.0,
    "bank_slope_deg": 6.34,
    "bank_slope_score": 1.0,
    "beach_dist_km": 273.72,
    "bridge_proximity_bonus": 0.0,
    "catchment_area_km2": 61.0098,
    "channel_width_m": 17.18,
    "channel_width_score": 0.5,
    "composite_score": 43.7857,
    "cso_density": 0.0,
    "ej_index": 0.5611,
    "elevation_m": 210.7406,
    "estuary_dist_km": 363.46,
    "feasibility_score": 47.1429,
    "flood_q10_cfs": 3818.5,
    "flow_score": 63.4407,
    "flow_velocity_ms": 0.0941,
    "generation_score": 19.8641,
    "impact_score": 49.6497,
    "impervious_pct": 22.84,
    "land_ownership": 1.0,
    "lat": 35.9589,
    "litter_complaint_density": 0.0,
    "lon": -79.9072,
    "navigable_dist_m": null,
    "npdes_points": 2,
    "pixel_col": 2023.0,
    "pixel_row": 802.0,
    "population_density": 175.5,
    "position_along": 0.25,
    "protected_area_score": 18.8442,
    "rank": 17,
    "road_access_m": 878.9,
    "road_access_score": 0.6,
    "road_density_km_km2": 3.353,
    "robustness_pct": 5.0,
    "runoff_coeff_C": 0.2556,
    "seasonal_cv": 0.434,
    "segment_id": 48,
    "segment_length_m": 3029.0021,
    "stream_order": 3,
    "superfund_score": 0.0212,
    "tourism_amenity_density": 0.0796,
    "tri_facility_density": 0.0656,
    "usgs_mean_q_cfs": 88.103,
    "velocity_feasibility": 0.7,
    "water_intake_score": 1.9182
   },
   "type": "Feature"
  },
  {
   "geometry": {
    "coordinates": [
     -79.955423,
     35.979278
    ],
    "type": "Point"
   },
   "properties": {
    "accumulation": 29283.0,
    "bank_slope_deg": 4.03,
    "bank_slope_score": 1.0,
    "beach_dist_km": 278.4,
    "bridge_proximity_bonus": 0.2,
    "catchment_area_km2": 2.9213,
    "channel_width_m": 4.87,
    "channel_width_score": 1.0,
    "composite_score": 43.14,
    "cso_density": 0.0,
    "ej_index": 0.6379,
    "elevation_m": 237.2653,
    "estuary_dist_km": 368.24,
    "feasibility_score": 76.4286,
    "flood_q10_cfs": 644.55,
    "flow_score": 22.2833,
    "flow_velocity_ms": 0.1356,
    "generation_score": 28.0142,
    "impact_score": 59.0021,
    "impervious_pct": 24.86,
    "land_ownership": 0.5,
    "lat": 35.9793,
    "litter_complaint_density": 0.0,
    "lon": -79.9554,
    "navigable_dist_m": null,
    "npdes_points": 1,
    "pixel_col": 1585.0,
    "pixel_row": 580.0,
    "population_density": 578.2,
    "position_along": 0.5,
    "protected_area_score": 19.0395,
    "rank": 18,
    "road_access_m": 14.6,
    "road_access_score": 1.0,
    "road_density_km_km2": 7.752,
    "robustness_pct": 0.0,
    "runoff_coeff_C": 0.2737,
    "seasonal_cv": 0.3836,
    "segment_id": 30,
    "segment_length_m": 586.9944,
    "stream_order": 3,
    "superfund_score": 0.0309,
    "tourism_amenity_density": 0.7162,
    "tri_facility_density": 0.0,
    "usgs_mean_q_cfs": 1.433,
    "velocity_feasibility": 0.7,
    "water_intake_score": 2.3175
   },
   "type": "Feature"
  },
  {
   "geometry": {
    "coordinates": [
     -79.981524,
     35.945708
    ],
    "type": "Point"
   },
   "properties": {
    "accumulation": 23055.0,
    "bank_slope_deg": 1.62,
    "bank_slope_score": 1.0,
    "beach_dist_km": 277.51,
    "bridge_proximity_bonus": 0.0,
    "catchment_area_km2": 2.3,
    "channel_width_m": 4.41,
    "channel_width_score": 1.0,
    "composite_score": 42.9018,
    "cso_density": 0.0,
    "ej_index": 0.6941,
    "elevation_m": 238.9428,
    "estuary_dist_km": 369.55,
    "feasibility_score": 70.0,
    "flood_q10_cfs": 771.49,
    "flow_score": 22.2526,
    "flow_velocity_ms": 0.0346,
    "generation_score": 43.4856,
    "impact_score": 45.9768,
    "impervious_pct": 45.43,
    "land_ownership": 1.0,
    "lat": 35.9457,
    "litter_complaint_density": 0.0,
    "lon": -79.9815,
    "navigable_dist_m": null,
    "npdes_points": 0,
    "pixel_col": 1353.0,
    "pixel_row": 954.0,
    "population_density": 917.9,
    "position_along": 0.5,
    "protected_area_score": 13.6258,
    "rank": 19,
    "road_access_m": 89.8,
    "road_access_score": 1.0,
    "road_density_km_km2": 11.551,
    "robustness_pct": 0.0,
    "runoff_coeff_C": 0.4589,
    "seasonal_cv": 0.3848,
    "segment_id": 55,
    "segment_length_m": 965.9531,
    "stream_order": 3,
    "superfund_score": 0.077,
    "tourism_amenity_density": 1.5915,
    "tri_facility_density": 0.0,
    "usgs_mean_q_cfs": 1.493,
    "velocity_feasibility": 0.3,
    "water_intake_score": 1.9769
   },
   "type": "Feature"
  },
  {
   "geometry": {
    "coordinates": [
     -79.946592,
     35.981787
    ],
    "type": "Point"
   },
   "properties": {
    "accumulation": 57872.0,
    "bank_slope_deg": 5.46,
    "bank_slope_score": 1.0,
    "beach_dist_km": 278.03,
    "bridge_proximity_bonus": 0.0,
    "catchment_area_km2": 5.7734,
    "channel_width_m": 6.46,
    "channel_width_score": 1.0,
    "composite_score": 42.6335,
    "cso_density": 0.0,
    "ej_index": 0.5373,
    "elevation_m": 226.5484,
    "estuary_dist_km": 367.54,
    "feasibility_score": 74.2857,
    "flood_q10_cfs": 1062.21,
    "flow_score": 24.2264,
    "flow_velocity_ms": 0.1308,
    "generation_score": 26.7139,
    "impact_score": 58.0663,
    "impervious_pct": 24.07,
    "land_ownership": 1.0,
    "lat": 35.9818,
    "litter_complaint_density": 0.0,
    "lon": -79.9466,
    "navigable_dist_m": null,
    "npdes_points": 1,
    "pixel_col": 1662.0,
    "pixel_row": 547.0,
    "population_density": 574.2,
    "position_along": 0.5,
    "protected_area_score": 19.6176,
    "rank": 20,
    "road_access_m": 309.3,
    "road_access_score": 0.8,
    "road_density_km_km2": 6.972,
    "robustness_pct": 0.0,
    "runoff_coeff_C": 0.2666,
    "seasonal_cv": 0.3901,
    "segment_id": 32,
    "segment_length_m": 1895.2595,
    "stream_order": 3,
    "superfund_score": 0.0294,
    "tourism_amenity_density": 0.8754,
    "tri_facility_density": 0.0,
    "usgs_mean_q_cfs": 2.981,
    "velocity_feasibility": 0.7,
    "water_intake_score": 2.3303
   },
   "type": "Feature"
  },
  {
   "geometry": {
    "coordinates": [
     -79.961155,
     35.947323
    ],
    "type": "Point"
   },
   "properties": {
    "accumulation": 26019.0,
    "bank_slope_deg": 2.46,
    "bank_slope_score": 1.0,
    "beach_dist_km": 276.31,
    "bridge_proximity_bonus": 0.0,
    "catchment_area_km2": 2.5957,
    "channel_width_m": 4.64,
    "channel_width_score": 1.0,
    "composite_score": 42.3029,
    "cso_density": 0.0,
    "ej_index": 0.778,
    "elevation_m": 224.2403,
    "estuary_dist_km": 367.83,
    "feasibility_score": 59.2857,
    "flood_q10_cfs": 879.51,
    "flow_score": 25.2953,
    "flow_velocity_ms": 0.0963,
    "generation_score": 39.4563,
    "impact_score": 50.8311,
    "impervious_pct": 47.71,
    "land_ownership": 0.5,
    "lat": 35.9473,
    "litter_complaint_density": 0.0,
    "lon": -79.9612,
    "navigable_dist_m": null,
    "npdes_points": 0,
    "pixel_col": 1537.0,
    "pixel_row": 933.0,
    "population_density": 415.6,
    "position_along": 0.5,
    "protected_area_score": 15.1437,
    "rank": 21,
    "road_access_m": 214.5,
    "road_access_score": 0.8,
    "road_density_km_km2": 6.869,
    "robustness_pct": 0.0,
    "runoff_coeff_C": 0.4794,
    "seasonal_cv": 0.4122,
    "segment_id": 57,
    "segment_length_m": 1442.663,
    "stream_order": 3,
    "superfund_score": 0.0384,
    "tourism_amenity_density": 0.8754,
    "tri_facility_density": 0.7705,
    "usgs_mean_q_cfs": 8.488,
    "velocity_feasibility": 0.7,
    "water_intake_score": 1.996
   },
   "type": "Feature"
  },
  {
   "geometry": {
    "coordinates": [
     -79.897756,
     35.941878
    ],
    "type": "Point"
   },
   "properties": {
    "accumulation": 907734.0,
    "bank_slope_deg": 1.57,
    "bank_slope_score": 1.0,
    "beach_dist_km": 271.79,
    "bridge_proximity_bonus": 0.0,
    "catchment_area_km2": 90.557,
    "channel_width_m": 20.24,
    "channel_width_score": 0.5,
    "composite_score": 42.2937,
    "cso_density": 0.0,
    "ej_index": 0.5497,
    "elevation_m": 205.7964,
    "estuary_dist_km": 362.15,
    "feasibility_score": 21.4286,
    "flood_q10_cfs": 4752.24,
    "flow_score": 71.9456,
    "flow_velocity_ms": 0.0738,
    "generation_score": 22.417,
    "impact_score": 47.893,
    "impervious_pct": 22.84,
    "land_ownership": 0.5,
    "lat": 35.9419,
    "litter_complaint_density": 0.0,
    "lon": -79.8978,
    "navigable_dist_m": null,
    "npdes_points": 4,
    "pixel_col": 2108.0,
    "pixel_row": 990.0,
    "population_density": 131.6,
    "position_along": 0.5,
    "protected_area_score": 18.4441,
    "rank": 22,
    "road_access_m": 1037.0,
    "road_access_score": 0.3,
    "road_density_km_km2": 2.379,
    "robustness_pct": 11.5,
    "runoff_coeff_C": 0.2556,
    "seasonal_cv": 0.434,
    "segment_id": 70,
    "segment_length_m": 1878.1227,
    "stream_order": 3,
    "superfund_score": 0.0175,
    "tourism_amenity_density": 0.0796,
    "tri_facility_density": 0.0442,
    "usgs_mean_q_cfs": 88.103,
    "velocity_feasibility": 0.7,
    "water_intake_score": 1.8239
   },
   "type": "Feature"
  },
  {
   "geometry": {
    "coordinates": [
     -79.991479,
     36.009504
    ],
    "type": "Point"
   },
   "properties": {
    "accumulation": 30839.0,
    "bank_slope_deg": 0.18,
    "bank_slope_score": 1.0,
    "beach_dist_km": 283.07,
    "bridge_proximity_bonus": 0.0,
    "catchment_area_km2": 3.0765,
    "channel_width_m": 4.97,
    "channel_width_score": 1.0,
    "composite_score": 41.9706,
    "cso_density": 0.0,
    "ej_index": 0.3251,
    "elevation_m": 244.7086,
    "estuary_dist_km": 372.26,
    "feasibility_score": 81.4286,
    "flood_q10_cfs": 812.89,
    "flow_score": 22.6573,
    "flow_velocity_ms": 0.0659,
    "generation_score": 28.5121,
    "impact_score": 51.7945,
    "impervious_pct": 35.89,
    "land_ownership": 1.0,
    "lat": 36.0095,
    "litter_complaint_density": 0.0,
    "lon": -79.9915,
    "navigable_dist_m": null,
    "npdes_points": 0,
    "pixel_col": 1256.0,
    "pixel_row": 245.0,
    "population_density": 510.9,
    "position_along": 0.25,
    "protected_area_score": 17.7802,
    "rank": 23,
    "road_access_m": 187.2,
    "road_access_score": 1.0,
    "road_density_km_km2": 4.184,
    "robustness_pct": 0.0,
    "runoff_coeff_C": 0.373,
    "seasonal_cv": 0.3916,
    "segment_id": 16,
    "segment_length_m": 3888.5138,
    "stream_order": 3,
    "superfund_score": 0.0307,
    "tourism_amenity_density": 3.9789,
    "tri_facility_density": 0.325,
    "usgs_mean_q_cfs": 3.71,
    "velocity_feasibility": 0.7,
    "water_intake_score": 2.4391
   },
   "type": "Feature"
  },
  {
   "geometry": {
    "coordinates": [
     -79.970989,
     36.00852
    ],
    "type": "Point"
   },
   "properties": {
    "accumulation": 29991.0,
    "bank_slope_deg": 0.62,
    "bank_slope_score": 1.0,
    "beach_dist_km": 281.68,
    "bridge_proximity_bonus": 0.0,
    "catchment_area_km2": 2.9919,
    "channel_width_m": 4.92,
    "channel_width_score": 1.0,
    "composite_score": 41.7824,
    "cso_density": 0.0,
    "ej_index": 0.4027,
    "elevation_m": 237.5824,
    "estuary_dist_km": 370.45,
    "feasibility_score": 66.4286,
    "flood_q10_cfs": 731.47,
    "flow_score": 22.6389,
    "flow_velocity_ms": 0.1087,
    "generation_score": 31.2551,
    "impact_score": 55.9395,
    "impervious_pct": 31.06,
    "land_ownership": 0.5,
    "lat": 36.0085,
    "litter_complaint_density": 0.0,
    "lon": -79.971,
    "navigable_dist_m": null,
    "npdes_points": 0,
    "pixel_col": 1438.0,
    "pixel_row": 257.0,
    "population_density": 972.4,
    "position_along": 0.5,
    "protected_area_score": 19.4012,
    "rank": 24,
    "road_access_m": 150.4,
    "road_access_score": 1.0,
    "road_density_km_km2": 5.905,
    "robustness_pct": 0.0,
    "runoff_coeff_C": 0.3295,
    "seasonal_cv": 0.3792,
    "segment_id": 4,
    "segment_length_m": 2203.8858,
    "stream_order": 3,
    "superfund_score": 0.0315,
    "tourism_amenity_density": 2.2282,
    "tri_facility_density": 0.0,
    "usgs_mean_q_cfs": 1.648,
    "velocity_feasibility": 0.7,
    "water_intake_score": 2.4581
   },
   "type": "Feature"
  },
  {
   "geometry": {
    "coordinates": [
     -79.953778,
     35.977484
    ],
    "type": "Point"
   },
   "properties": {
    "accumulation": 20192.0,
    "bank_slope_deg": 2.37,
    "bank_slope_score": 1.0,
    "beach_dist_km": 278.16,
    "bridge_proximity_bonus": 0.0,
    "catchment_area_km2": 2.0144,
    "channel_width_m": 4.17,
    "channel_width_score": 1.0,
    "composite_score": 41.2731,
    "cso_density": 0.0,
    "ej_index": 0.5959,
    "elevation_m": 234.4633,
    "estuary_dist_km": 368.04,
    "feasibility_score": 66.4286,
    "flood_q10_cfs": 531.71,
    "flow_score": 21.5337,
    "flow_velocity_ms": 0.1139,
    "generation_score": 29.0939,
    "impact_score": 57.3241,
    "impervious_pct": 29.87,
    "land_ownership": 0.5,
    "lat": 35.9775,
    "litter_complaint_density": 0.0,
    "lon": -79.9538,
    "navigable_dist_m": null,
    "npdes_points": 1,
    "pixel_col": 1600.0,
    "pixel_row": 597.0,
    "population_density": 556.5,
    "position_along": 0.5,
    "protected_area_score": 18.9826,
    "rank": 25,
    "road_access_m": 91.3,
    "road_access_score": 1.0,
    "road_density_km_km2": 6.992,
    "robustness_pct": 0.0,
    "runoff_coeff_C": 0.3188,
    "seasonal_cv": 0.3852,
    "segment_id": 31,
    "segment_length_m": 126.4176,
    "stream_order": 3,
    "superfund_score": 0.0306,
    "tourism_amenity_density": 0.6366,
    "tri_facility_density": 0.0,
    "usgs_mean_q_cfs": 1.019,
    "velocity_feasibility": 0.7,
    "water_intake_score": 2.2955
   },
   "type": "Feature"
  },
  {
   "geometry": {
    "coordinates": [
     -79.944424,
     35.999979
    ],
    "type": "Point"
   },
   "properties": {
    "accumulation": 24736.0,
    "bank_slope_deg": 1.2,
    "bank_slope_score": 1.0,
    "beach_dist_km": 279.31,
    "bridge_proximity_bonus": 0.0,
    "catchment_area_km2": 2.4677,
    "channel_width_m": 4.54,
    "channel_width_score": 1.0,
    "composite_score": 41.0923,
    "cso_density": 0.0,
    "ej_index": 0.1638,
    "elevation_m": 231.0556,
    "estuary_dist_km": 367.89,
    "feasibility_score": 90.0,
    "flood_q10_cfs": 367.36,
    "flow_score": 40.2549,
    "flow_velocity_ms": 0.5,
    "generation_score": 7.152,
    "impact_score": 51.2766,
    "impervious_pct": null,
    "land_ownership": 1.0,
    "lat": 36.0,
    "litter_complaint_density": 0.0,
    "lon": -79.9444,
    "navigable_dist_m": null,
    "npdes_points": 0,
    "pixel_col": 1679.0,
    "pixel_row": 349.0,
    "population_density": 271.4,
    "position_along": 0.5,
    "protected_area_score": 20.5971,
    "rank": 26,
    "road_access_m": 99.1,
    "road_access_score": 1.0,
    "road_density_km_km2": 4.391,
    "robustness_pct": 0.0,
    "runoff_coeff_C": null,
    "seasonal_cv": null,
    "segment_id": 18,
    "segment_length_m": 697.5731,
    "stream_order": 3,
    "superfund_score": 0.0327,
    "tourism_amenity_density": 0.557,
    "tri_facility_density": 0.0,
    "usgs_mean_q_cfs": null,
    "velocity_feasibility": 1.0,
    "water_intake_score": 2.4476
   },
   "type": "Feature"
  },
  {
   "geometry": {
    "coordinates": [
     -79.917764,
     36.007707
    ],
    "type": "Point"
   },
   "properties": {
    "accumulation": 60238.0,
    "bank_slope_deg": 2.34,
    "bank_slope_score": 1.0,
    "beach_dist_km": 278.23,
    "bridge_proximity_bonus": 0.0,
    "catchment_area_km2": 6.0094,
    "channel_width_m": 6.57,
    "channel_width_score": 1.0,
    "composite_score": 40.9884,
    "cso_density": 0.0,
    "ej_index": 0.2605,
    "elevation_m": 226.9686,
    "estuary_dist_km": 365.82,
    "feasibility_score": 66.4286,
    "flood_q10_cfs": 1176.21,
    "flow_score": 25.8074,
    "flow_velocity_ms": 0.1214,
    "generation_score": 32.1937,
    "impact_score": 49.7139,
    "impervious_pct": 28.17,
    "land_ownership": 0.5,
    "lat": 36.0077,
    "litter_complaint_density": 0.0,
    "lon": -79.9178,
    "navigable_dist_m": null,
    "npdes_points": 4,
    "pixel_col": 1919.0,
    "pixel_row": 257.0,
    "population_density": 395.2,
    "position_along": 0.375,
    "protected_area_score": 22.0204,
    "rank": 27,
    "road_access_m": 168.3,
    "road_access_score": 1.0,
    "road_density_km_km2": 5.111,
    "robustness_pct": 0.0,
    "runoff_coeff_C": 0.3035,
    "seasonal_cv": 0.3946,
    "segment_id": 0,
    "segment_length_m": 7063.0779,
    "stream_order": 3,
    "superfund_score": 0.0459,
    "tourism_amenity_density": 1.9894,
    "tri_facility_density": 0.1664,
    "usgs_mean_q_cfs": 7.47,
    "velocity_feasibility": 0.7,
    "water_intake_score": 2.1195
   },
   "type": "Feature"
  },
  {
   "geometry": {
    "coordinates": [
     -79.925363,
     35.985369
    ],
    "type": "Point"
   },
   "properties": {
    "accumulation": 115162.0,
    "bank_slope_deg": 3.15,
    "bank_slope_score": 1.0,
    "beach_dist_km": 276.95,
    "bridge_proximity_bonus": 0.0,
    "catchment_area_km2": 11.4887,
    "channel_width_m": 8.59,
    "channel_width_score": 1.0,
    "composite_score": 40.5361,
    "cso_density": 0.0,
    "ej_index": 0.3913,
    "elevation_m": 214.328,
    "estuary_dist_km": 365.81,
    "feasibility_score": 66.4286,
    "flood_q10_cfs": 1587.25,
    "flow_score": 28.9051,
    "flow_velocity_ms": 0.1459,
    "generation_score": 22.6124,
    "impact_score": 55.2062,
    "impervious_pct": 26.24,
    "land_ownership": 0.5,
    "lat": 35.9854,
    "litter_complaint_density": 0.0,
    "lon": -79.9254,
    "navigable_dist_m": null,
    "npdes_points": 0,
    "pixel_col": 1856.0,
    "pixel_row": 509.0,
    "population_density": 396.9,
    "position_along": 0.875,
    "protected_area_score": 20.7393,
    "rank": 28,
    "road_access_m": 78.9,
    "road_access_score": 1.0,
    "road_density_km_km2": 5.094,
    "robustness_pct": 0.0,
    "runoff_coeff_C": 0.2862,
    "seasonal_cv": 0.3997,
    "segment_id": 0,
    "segment_length_m": 7063.0779,
    "stream_order": 3,
    "superfund_score": 0.0291,
    "tourism_amenity_density": 2.5465,
    "tri_facility_density": 0.1741,
    "usgs_mean_q_cfs": 8.866,
    "velocity_feasibility": 0.7,
    "water_intake_score": 2.2008
   },
   "type": "Feature"
  },
  {
   "geometry": {
    "coordinates": [
     -80.01181,
     35.993141
    ],
    "type": "Point"
   },
   "properties": {
    "accumulation": 41376.0,
    "bank_slope_deg": 5.26,
    "bank_slope_score": 1.0,
    "beach_dist_km": 283.12,
    "bridge_proximity_bonus": 0.0,
    "catchment_area_km2": 4.1277,
    "channel_width_m": 5.62,
    "channel_width_score": 1.0,
    "composite_score": 40.2516,
    "cso_density": 0.0,
    "ej_index": 0.5746,
    "elevation_m": 249.0727,
    "estuary_dist_km": 373.54,
    "feasibility_score": 66.4286,
    "flood_q10_cfs": 1202.96,
    "flow_score": 11.9071,
    "flow_velocity_ms": 0.1162,
    "generation_score": 42.4091,
    "impact_score": 48.626,
    "impervious_pct": 45.63,
    "land_ownership": 0.5,
    "lat": 35.9931,
    "litter_complaint_density": 0.0,
    "lon": -80.0118,
    "navigable_dist_m": null,
    "npdes_points": 0,
    "pixel_col": 1075.0,
    "pixel_row": 428.0,
    "population_density": 966.7,
    "position_along": 0.5,
    "protected_area_score": 14.8911,
    "rank": 29,
    "road_access_m": 82.3,
    "road_access_score": 1.0,
    "road_density_km_km2": 8.253,
    "robustness_pct": 0.0,
    "runoff_coeff_C": 0.4607,
    "seasonal_cv": 0.3849,
    "segment_id": 27,
    "segment_length_m": 593.5552,
    "stream_order": 1,
    "superfund_score": 0.035,
    "tourism_amenity_density": 4.7746,
    "tri_facility_density": 0.2423,
    "usgs_mean_q_cfs": 2.098,
    "velocity_feasibility": 0.7,
    "water_intake_score": 2.1975
   },
   "type": "Feature"
  },
  {
   "geometry": {
    "coordinates": [
     -79.932135,
     35.97617
    ],
    "type": "Point"
   },
   "properties": {
    "accumulation": 29452.0,
    "bank_slope_deg": 2.27,
    "bank_slope_score": 1.0,
    "beach_dist_km": 276.67,
    "bridge_proximity_bonus": 0.0,
    "catchment_area_km2": 2.9382,
    "channel_width_m": 4.88,
    "channel_width_score": 1.0,
    "composite_score": 40.1757,
    "cso_density": 0.0,
    "ej_index": 0.5046,
    "elevation_m": 220.2754,
    "estuary_dist_km": 366.13,
    "feasibility_score": 66.4286,
    "flood_q10_cfs": 632.35,
    "flow_score": 21.0941,
    "flow_velocity_ms": 0.0938,
    "generation_score": 28.7414,
    "impact_score": 54.3849,
    "impervious_pct": 23.52,
    "land_ownership": 0.5,
    "lat": 35.9762,
    "litter_complaint_density": 0.0,
    "lon": -79.9321,
    "navigable_dist_m": null,
    "npdes_points": 0,
    "pixel_col": 1796.0,
    "pixel_row": 609.0,
    "population_density": 633.9,
    "position_along": 0.5,
    "protected_area_score": 19.627,
    "rank": 30,
    "road_access_m": 176.1,
    "road_access_score": 1.0,
    "road_density_km_km2": 5.23,
    "robustness_pct": 0.0,
    "runoff_coeff_C": 0.2617,
    "seasonal_cv": 0.3849,
    "segment_id": 44,
    "segment_length_m": 1124.3426,
    "stream_order": 3,
    "superfund_score": 0.0271,
    "tourism_amenity_density": 0.6366,
    "tri_facility_density": 0.6807,
    "usgs_mean_q_cfs": 1.511,
    "velocity_feasibility": 0.7,
    "water_intake_score": 2.1891
   },
   "type": "Feature"
  },
  {
   "geometry": {
    "coordinates": [
     -79.951807,
     35.94764
    ],
    "type": "Point"
   },
   "properties": {
    "accumulation": 61703.0,
    "bank_slope_deg": 3.39,
    "bank_slope_score": 1.0,
    "beach_dist_km": 275.72,
    "bridge_proximity_bonus": 0.0,
    "catchment_area_km2": 6.1556,
    "channel_width_m": 6.63,
    "channel_width_score": 1.0,
    "composite_score": 40.0066,
    "cso_density": 0.0,
    "ej_index": 0.7137,
    "elevation_m": 218.8378,
    "estuary_dist_km": 367.02,
    "feasibility_score": 59.2857,
    "flood_q10_cfs": 1607.33,
    "flow_score": 28.9386,
    "flow_velocity_ms": 0.1212,
    "generation_score": 29.1315,
    "impact_score": 50.4655,
    "impervious_pct": 44.98,
    "land_ownership": 0.5,
    "lat": 35.9476,
    "litter_complaint_density": 0.0,
    "lon": -79.9518,
    "navigable_dist_m": null,
    "npdes_points": 0,
    "pixel_col": 1620.0,
    "pixel_row": 927.0,
    "population_density": 293.5,
    "position_along": 0.5,
    "protected_area_score": 15.7914,
    "rank": 31,
    "road_access_m": 217.8,
    "road_access_score": 0.8,
    "road_density_km_km2": 4.719,
    "robustness_pct": 0.0,
    "runoff_coeff_C": 0.4548,
    "seasonal_cv": 0.416,
    "segment_id": 58,
    "segment_length_m": 662.052,
    "stream_order": 3,
    "superfund_score": 0.0316,
    "tourism_amenity_density": 0.7162,
    "tri_facility_density": 0.1625,
    "usgs_mean_q_cfs": 9.968,
    "velocity_feasibility": 0.7,
    "water_intake_score": 2.0007
   },
   "type": "Feature"
  },
  {
   "geometry": {
    "coordinates": [
     -79.91275,
     36.017771
    ],
    "type": "Point"
   },
   "properties": {
    "accumulation": 37549.0,
    "bank_slope_deg": 1.95,
    "bank_slope_score": 1.0,
    "beach_dist_km": 278.71,
    "bridge_proximity_bonus": 0.0,
    "catchment_area_km2": 3.7459,
    "channel_width_m": 5.4,
    "channel_width_score": 1.0,
    "composite_score": 39.5154,
    "cso_density": 0.0,
    "ej_index": 0.3352,
    "elevation_m": 231.4461,
    "estuary_dist_km": 365.69,
    "feasibility_score": 66.4286,
    "flood_q10_cfs": 823.74,
    "flow_score": 23.8751,
    "flow_velocity_ms": 0.1066,
    "generation_score": 30.8936,
    "impact_score": 47.7142,
    "impervious_pct": 28.17,
    "land_ownership": 0.5,
    "lat": 36.0178,
    "litter_complaint_density": 0.0,
    "lon": -79.9127,
    "navigable_dist_m": null,
    "npdes_points": 0,
    "pixel_col": 1965.0,
    "pixel_row": 148.0,
    "population_density": 1030.5,
    "position_along": 0.125,
    "protected_area_score": 22.4919,
    "rank": 32,
    "road_access_m": 99.7,
    "road_access_score": 1.0,
    "road_density_km_km2": 6.087,
    "robustness_pct": 0.0,
    "runoff_coeff_C": 0.3035,
    "seasonal_cv": 0.3946,
    "segment_id": 0,
    "segment_length_m": 7063.0779,
    "stream_order": 3,
    "superfund_score": 0.0698,
    "tourism_amenity_density": 0.6366,
    "tri_facility_density": 0.0,
    "usgs_mean_q_cfs": 7.47,
    "velocity_feasibility": 0.7,
    "water_intake_score": 2.0118
   },
   "type": "Feature"
  },
  {
   "geometry": {
    "coordinates": [
     -80.071329,
     35.883391
    ],
    "type": "Point"
   },
   "properties": {
    "accumulation": 25690.0,
    "bank_slope_deg": 4.96,
    "bank_slope_score": 1.0,
    "beach_dist_km": 278.83,
    "bridge_proximity_bonus": 0.0,
    "catchment_area_km2": 2.5629,
    "channel_width_m": 4.61,
    "channel_width_score": 1.0,
    "composite_score": 39.4796,
    "cso_density": 0.0,
    "ej_index": 0.6477,
    "elevation_m": 252.4874,
    "estuary_dist_km": 375.76,
    "feasibility_score": 66.4286,
    "flood_q10_cfs": 650.93,
    "flow_score": 8.3607,
    "flow_velocity_ms": 0.1165,
    "generation_score": 53.2962,
    "impact_score": 38.121,
    "impervious_pct": 31.06,
    "land_ownership": 0.5,
    "lat": 35.8834,
    "litter_complaint_density": 0.0,
    "lon": -80.0713,
    "navigable_dist_m": null,
    "npdes_points": 1,
    "pixel_col": 545.0,
    "pixel_row": 1654.0,
    "population_density": 646.8,
    "position_along": 0.5,
    "protected_area_score": 9.4535,
    "rank": 33,
    "road_access_m": 180.6,
    "road_access_score": 1.0,
    "road_density_km_km2": 6.553,
    "robustness_pct": 0.0,
    "runoff_coeff_C": 0.3295,
    "seasonal_cv": 0.4138,
    "segment_id": 103,
    "segment_length_m": 1165.7145,
    "stream_order": 1,
    "superfund_score": 0.3153,
    "tourism_amenity_density": 5.65,
    "tri_facility_density": 2.7313,
    "usgs_mean_q_cfs": 4.189,
    "velocity_feasibility": 0.7,
    "water_intake_score": 1.8066
   },
   "type": "Feature"
  },
  {
   "geometry": {
    "coordinates": [
     -79.958009,
     35.949842
    ],
    "type": "Point"
   },
   "properties": {
    "accumulation": 27185.0,
    "bank_slope_deg": 9.68,
    "bank_slope_score": 1.0,
    "beach_dist_km": 276.29,
    "bridge_proximity_bonus": 0.0,
    "catchment_area_km2": 2.712,
    "channel_width_m": 4.72,
    "channel_width_score": 1.0,
    "composite_score": 39.2858,
    "cso_density": 0.0,
    "ej_index": 0.7588,
    "elevation_m": 229.8534,
    "estuary_dist_km": 367.62,
    "feasibility_score": 66.4286,
    "flood_q10_cfs": 717.53,
    "flow_score": 25.3621,
    "flow_velocity_ms": 0.2066,
    "generation_score": 25.0246,
    "impact_score": 51.5788,
    "impervious_pct": 34.19,
    "land_ownership": 0.5,
    "lat": 35.9498,
    "litter_complaint_density": 0.0,
    "lon": -79.958,
    "navigable_dist_m": null,
    "npdes_points": 0,
    "pixel_col": 1564.0,
    "pixel_row": 907.0,
    "population_density": 388.6,
    "position_along": 0.5,
    "protected_area_score": 15.592,
    "rank": 34,
    "road_access_m": 35.3,
    "road_access_score": 1.0,
    "road_density_km_km2": 5.49,
    "robustness_pct": 0.0,
    "runoff_coeff_C": 0.3577,
    "seasonal_cv": 0.3842,
    "segment_id": 52,
    "segment_length_m": 1007.2033,
    "stream_order": 3,
    "superfund_score": 0.0357,
    "tourism_amenity_density": 0.7958,
    "tri_facility_density": 0.0,
    "usgs_mean_q_cfs": 1.371,
    "velocity_feasibility": 0.7,
    "water_intake_score": 2.0225
   },
   "type": "Feature"
  },
  {
   "geometry": {
    "coordinates": [
     -79.925914,
     35.997949
    ],
    "type": "Point"
   },
   "properties": {
    "accumulation": 94706.0,
    "bank_slope_deg": 2.48,
    "bank_slope_score": 1.0,
    "beach_dist_km": 277.98,
    "bridge_proximity_bonus": 0.0,
    "catchment_area_km2": 9.448,
    "channel_width_m": 7.92,
    "channel_width_score": 1.0,
    "composite_score": 39.1473,
    "cso_density": 0.0,
    "ej_index": 0.268,
    "elevation_m": 225.367,
    "estuary_dist_km": 366.23,
    "feasibility_score": 59.2857,
    "flood_q10_cfs": 1464.2,
    "flow_score": 27.3793,
    "flow_velocity_ms": 0.1186,
    "generation_score": 24.4919,
    "impact_score": 53.5401,
    "impervious_pct": 28.24,
    "land_ownership": 0.5,
    "lat": 35.9979,
    "litter_complaint_density": 0.0,
    "lon": -79.9259,
    "navigable_dist_m": null,
    "npdes_points": 1,
    "pixel_col": 1846.0,
    "pixel_row": 370.0,
    "population_density": 335.3,
    "position_along": 0.625,
    "protected_area_score": 21.6451,
    "rank": 35,
    "road_access_m": 274.0,
    "road_access_score": 0.8,
    "road_density_km_km2": 5.976,
    "robustness_pct": 0.0,
    "runoff_coeff_C": 0.3042,
    "seasonal_cv": 0.3952,
    "segment_id": 0,
    "segment_length_m": 7063.0779,
    "stream_order": 3,
    "superfund_score": 0.0348,
    "tourism_amenity_density": 2.7056,
    "tri_facility_density": 0.0,
    "usgs_mean_q_cfs": 7.627,
    "velocity_feasibility": 0.7,
    "water_intake_score": 2.2411
   },
   "type": "Feature"
  },
  {
   "geometry": {
    "coordinates": [
     -80.013492,
     36.011339
    ],
    "type": "Point"
   },
   "properties": {
    "accumulation": 73319.0,
    "bank_slope_deg": 0.91,
    "bank_slope_score": 1.0,
    "beach_dist_km": 284.63,
    "bridge_proximity_bonus": 0.0,
    "catchment_area_km2": 7.3144,
    "channel_width_m": 7.13,
    "channel_width_score": 1.0,
    "composite_score": 39.0922,
    "cso_density": 0.0,
    "ej_index": 0.3423,
    "elevation_m": 244.7341,
    "estuary_dist_km": 374.22,
    "feasibility_score": 81.4286,
    "flood_q10_cfs": 1220.72,
    "flow_score": 24.4562,
    "flow_velocity_ms": 0.1075,
    "generation_score": 27.9575,
    "impact_score": 41.2556,
    "impervious_pct": 21.83,
    "land_ownership": 1.0,
    "lat": 36.0113,
    "litter_complaint_density": 0.0,
    "lon": -80.0135,
    "navigable_dist_m": null,
    "npdes_points": 2,
    "pixel_col": 1057.0,
    "pixel_row": 228.0,
    "population_density": 529.0,
    "position_along": 0.5,
    "protected_area_score": 15.3308,
    "rank": 36,
    "road_access_m": 143.4,
    "road_access_score": 1.0,
    "road_density_km_km2": 7.485,
    "robustness_pct": 0.0,
    "runoff_coeff_C": 0.2465,
    "seasonal_cv": 0.3919,
    "segment_id": 13,
    "segment_length_m": 1003.0661,
    "stream_order": 3,
    "superfund_score": 0.0314,
    "tourism_amenity_density": 4.2972,
    "tri_facility_density": 0.0,
    "usgs_mean_q_cfs": 3.954,
    "velocity_feasibility": 0.7,
    "water_intake_score": 2.2014
   },
   "type": "Feature"
  },
  {
   "geometry": {
    "coordinates": [
     -79.923959,
     35.941143
    ],
    "type": "Point"
   },
   "properties": {
    "accumulation": 174221.0,
    "bank_slope_deg": 7.98,
    "bank_slope_score": 1.0,
    "beach_dist_km": 273.42,
    "bridge_proximity_bonus": 0.0,
    "catchment_area_km2": 17.3806,
    "channel_width_m": 10.2,
    "channel_width_score": 1.0,
    "composite_score": 38.884,
    "cso_density": 0.0,
    "ej_index": 0.642,
    "elevation_m": 214.2012,
    "estuary_dist_km": 364.41,
    "feasibility_score": 59.2857,
    "flood_q10_cfs": 2262.51,
    "flow_score": 35.2272,
    "flow_velocity_ms": 0.1887,
    "generation_score": 22.0695,
    "impact_score": 48.545,
    "impervious_pct": 35.3,
    "land_ownership": 0.5,
    "lat": 35.9411,
    "litter_complaint_density": 0.0,
    "lon": -79.924,
    "navigable_dist_m": null,
    "npdes_points": 1,
    "pixel_col": 1874.0,
    "pixel_row": 999.0,
    "population_density": 61.8,
    "position_along": 0.5,
    "protected_area_score": 16.8788,
    "rank": 37,
    "road_access_m": 357.1,
    "road_access_score": 0.8,
    "road_density_km_km2": 3.642,
    "robustness_pct": 0.0,
    "runoff_coeff_C": 0.3677,
    "seasonal_cv": 0.426,
    "segment_id": 68,
    "segment_length_m": 2433.0234,
    "stream_order": 3,
    "superfund_score": 0.0214,
    "tourism_amenity_density": 0.0796,
    "tri_facility_density": 0.0575,
    "usgs_mean_q_cfs": 14.868,
    "velocity_feasibility": 0.7,
    "water_intake_score": 1.8944
   },
   "type": "Feature"
  },
  {
   "geometry": {
    "coordinates": [
     -79.986495,
     36.014941
    ],
    "type": "Point"
   },
   "properties": {
    "accumulation": 34826.0,
    "bank_slope_deg": 0.03,
    "bank_slope_score": 1.0,
    "beach_dist_km": 283.18,
    "bridge_proximity_bonus": 0.0,
    "catchment_area_km2": 3.4743,
    "channel_width_m": 5.23,
    "channel_width_score": 1.0,
    "composite_score": 38.4092,
    "cso_density": 0.0,
    "ej_index": 0.3755,
    "elevation_m": 244.3985,
    "estuary_dist_km": 371.99,
    "feasibility_score": 82.8571,
    "flood_q10_cfs": 475.4,
    "flow_score": 26.8005,
    "flow_velocity_ms": 0.5,
    "generation_score": 9.7988,
    "impact_score": 54.4696,
    "impervious_pct": null,
    "land_ownership": 1.0,
    "lat": 36.0149,
    "litter_complaint_density": 0.0,
    "lon": -79.9865,
    "navigable_dist_m": null,
    "npdes_points": 0,
    "pixel_col": 1299.0,
    "pixel_row": 187.0,
    "population_density": 661.3,
    "position_along": 0.5,
    "protected_area_score": 18.3293,
    "rank": 38,
    "road_access_m": 277.2,
    "road_access_score": 0.8,
    "road_density_km_km2": 2.554,
    "robustness_pct": 0.0,
    "runoff_coeff_C": null,
    "seasonal_cv": null,
    "segment_id": 6,
    "segment_length_m": 166.3698,
    "stream_order": 1,
    "superfund_score": 0.0308,
    "tourism_amenity_density": 4.0585,
    "tri_facility_density": 0.0,
    "usgs_mean_q_cfs": null,
    "velocity_feasibility": 1.0,
    "water_intake_score": 2.457
   },
   "type": "Feature"
  },
  {
   "geometry": {
    "coordinates": [
     -79.942719,
     35.944821
    ],
    "type": "Point"
   },
   "properties": {
    "accumulation": 88165.0,
    "bank_slope_deg": 2.95,
    "bank_slope_score": 1.0,
    "beach_dist_km": 274.92,
    "bridge_proximity_bonus": 0.0,
    "catchment_area_km2": 8.7955,
    "channel_width_m": 7.69,
    "channel_width_score": 1.0,
    "composite_score": 38.3569,
    "cso_density": 0.0,
    "ej_index": 0.6649,
    "elevation_m": 215.7271,
    "estuary_dist_km": 366.15,
    "feasibility_score": 59.2857,
    "flood_q10_cfs": 1698.89,
    "flow_score": 29.6157,
    "flow_velocity_ms": 0.1145,
    "generation_score": 24.7881,
    "impact_score": 48.7454,
    "impervious_pct": 41.87,
    "land_ownership": 0.5,
    "lat": 35.9448,
    "litter_complaint_density": 0.0,
    "lon": -79.9427,
    "navigable_dist_m": null,
    "npdes_points": 0,
    "pixel_col": 1703.0,
    "pixel_row": 957.0,
    "population_density": 168.2,
    "position_along": 0.5,
    "protected_area_score": 16.1467,
    "rank": 39,
    "road_access_m": 391.6,
    "road_access_score": 0.8,
    "road_density_km_km2": 3.837,
    "robustness_pct": 0.0,
    "runoff_coeff_C": 0.4268,
    "seasonal_cv": 0.4193,
    "segment_id": 59,
    "segment_length_m": 1962.4584,
    "stream_order": 3,
    "superfund_score": 0.0271,
    "tourism_amenity_density": 0.2387,
    "tri_facility_density": 0.1137,
    "usgs_mean_q_cfs": 11.504,
    "velocity_feasibility": 0.7,
    "water_intake_score": 1.9618
   },
   "type": "Feature"
  },
  {
   "geometry": {
    "coordinates": [
     -79.891791,
     35.881392
    ],
    "type": "Point"
   },
   "properties": {
    "accumulation": 382791.0,
    "bank_slope_deg": 2.79,
    "bank_slope_score": 1.0,
    "beach_dist_km": 266.72,
    "bridge_proximity_bonus": 0.0,
    "catchment_area_km2": 38.1878,
    "channel_width_m": 14.15,
    "channel_width_score": 1.0,
    "composite_score": 38.032,
    "cso_density": 0.0,
    "ej_index": 0.3341,
    "elevation_m": 206.6163,
    "estuary_dist_km": 359.97,
    "feasibility_score": 81.4286,
    "flood_q10_cfs": 2748.32,
    "flow_score": 38.9433,
    "flow_velocity_ms": 0.153,
    "generation_score": 13.0772,
    "impact_score": 40.5289,
    "impervious_pct": 17.82,
    "land_ownership": 1.0,
    "lat": 35.8814,
    "litter_complaint_density": 0.0,
    "lon": -79.8918,
    "navigable_dist_m": null,
    "npdes_points": 2,
    "pixel_col": 2171.0,
    "pixel_row": 1661.0,
    "population_density": 102.8,
    "position_along": 0.5,
    "protected_area_score": 13.5535,
    "rank": 40,
    "road_access_m": 145.4,
    "road_access_score": 1.0,
    "road_density_km_km2": 0.655,
    "robustness_pct": 0.0,
    "runoff_coeff_C": 0.2104,
    "seasonal_cv": 0.43,
    "segment_id": 102,
    "segment_length_m": 422.3383,
    "stream_order": 3,
    "superfund_score": 0.011,
    "tourism_amenity_density": 0.0,
    "tri_facility_density": 0.0,
    "usgs_mean_q_cfs": 17.749,
    "velocity_feasibility": 0.7,
    "water_intake_score": 1.8347
   },
   "type": "Feature"
  },
  {
   "geometry": {
    "coordinates": [
     -79.89352,
     35.982041
    ],
    "type": "Point"
   },
   "properties": {
    "accumulation": 89968.0,
    "bank_slope_deg": 0.74,
    "bank_slope_score": 1.0,
    "beach_dist_km": 274.67,
    "bridge_proximity_bonus": 0.0,
    "catchment_area_km2": 8.9753,
    "channel_width_m": 7.76,
    "channel_width_score": 1.0,
    "composite_score": 37.7237,
    "cso_density": 0.0,
    "ej_index": 0.4432,
    "elevation_m": 223.9578,
    "estuary_dist_km": 362.95,
    "feasibility_score": 81.4286,
    "flood_q10_cfs": 1228.78,
    "flow_score": 25.2183,
    "flow_velocity_ms": 0.1165,
    "generation_score": 13.9036,
    "impact_score": 50.1124,
    "impervious_pct": 17.61,
    "land_ownership": 1.0,
    "lat": 35.982,
    "litter_complaint_density": 0.0,
    "lon": -79.8935,
    "navigable_dist_m": null,
    "npdes_points": 0,
    "pixel_col": 2141.0,
    "pixel_row": 543.0,
    "population_density": 199.4,
    "position_along": 0.125,
    "protected_area_score": 20.915,
    "rank": 41,
    "road_access_m": 113.5,
    "road_access_score": 1.0,
    "road_density_km_km2": 4.234,
    "robustness_pct": 0.0,
    "runoff_coeff_C": 0.2085,
    "seasonal_cv": 0.3962,
    "segment_id": 24,
    "segment_length_m": 6865.6182,
    "stream_order": 3,
    "superfund_score": 0.0274,
    "tourism_amenity_density": 1.9099,
    "tri_facility_density": 0.0,
    "usgs_mean_q_cfs": 6.661,
    "velocity_feasibility": 0.7,
    "water_intake_score": 1.8931
   },
   "type": "Feature"
  },
  {
   "geometry": {
    "coordinates": [
     -79.913259,
     35.964549
    ],
    "type": "Point"
   },
   "properties": {
    "accumulation": 20412.0,
    "bank_slope_deg": 6.88,
    "bank_slope_score": 1.0,
    "beach_dist_km": 274.55,
    "bridge_proximity_bonus": 0.0,
    "catchment_area_km2": 2.0363,
    "channel_width_m": 4.19,
    "channel_width_score": 1.0,
    "composite_score": 37.4539,
    "cso_density": 0.0,
    "ej_index": 0.6409,
    "elevation_m": 211.461,
    "estuary_dist_km": 364.15,
    "feasibility_score": 75.7143,
    "flood_q10_cfs": 317.84,
    "flow_score": 40.0109,
    "flow_velocity_ms": 0.5,
    "generation_score": 0.5128,
    "impact_score": 53.134,
    "impervious_pct": null,
    "land_ownership": 1.0,
    "lat": 35.9645,
    "litter_complaint_density": 0.0,
    "lon": -79.9133,
    "navigable_dist_m": null,
    "npdes_points": 0,
    "pixel_col": 1967.0,
    "pixel_row": 740.0,
    "population_density": 58.7,
    "position_along": 0.5,
    "protected_area_score": 19.1284,
    "rank": 42,
    "road_access_m": 608.8,
    "road_access_score": 0.6,
    "road_density_km_km2": 0.895,
    "robustness_pct": 0.0,
    "runoff_coeff_C": null,
    "seasonal_cv": null,
    "segment_id": 47,
    "segment_length_m": 342.4337,
    "stream_order": 3,
    "superfund_score": 0.0229,
    "tourism_amenity_density": 0.1592,
    "tri_facility_density": 0.0,
    "usgs_mean_q_cfs": null,
    "velocity_feasibility": 1.0,
    "water_intake_score": 1.9789
   },
   "type": "Feature"
  },
  {
   "geometry": {
    "coordinates": [
     -79.952031,
     35.934818
    ],
    "type": "Point"
   },
   "properties": {
    "accumulation": 31542.0,
    "bank_slope_deg": 0.77,
    "bank_slope_score": 1.0,
    "beach_dist_km": 274.75,
    "bridge_proximity_bonus": 0.0,
    "catchment_area_km2": 3.1467,
    "channel_width_m": 5.02,
    "channel_width_score": 1.0,
    "composite_score": 37.0191,
    "cso_density": 0.0,
    "ej_index": 0.7222,
    "elevation_m": 229.5627,
    "estuary_dist_km": 366.68,
    "feasibility_score": 74.2857,
    "flood_q10_cfs": 689.84,
    "flow_score": 21.8007,
    "flow_velocity_ms": 0.1057,
    "generation_score": 20.1622,
    "impact_score": 47.9249,
    "impervious_pct": 25.54,
    "land_ownership": 1.0,
    "lat": 35.9348,
    "litter_complaint_density": 0.0,
    "lon": -79.952,
    "navigable_dist_m": null,
    "npdes_points": 1,
    "pixel_col": 1621.0,
    "pixel_row": 1071.0,
    "population_density": 283.5,
    "position_along": 0.25,
    "protected_area_score": 14.7263,
    "rank": 43,
    "road_access_m": 411.3,
    "road_access_score": 0.8,
    "road_density_km_km2": 3.813,
    "robustness_pct": 0.0,
    "runoff_coeff_C": 0.2799,
    "seasonal_cv": 0.3856,
    "segment_id": 67,
    "segment_length_m": 3263.5747,
    "stream_order": 3,
    "superfund_score": 0.0311,
    "tourism_amenity_density": 1.1141,
    "tri_facility_density": 0.0,
    "usgs_mean_q_cfs": 1.631,
    "velocity_feasibility": 0.7,
    "water_intake_score": 1.9051
   },
   "type": "Feature"
  },
  {
   "geometry": {
    "coordinates": [
     -79.907122,
     35.940397
    ],
    "type": "Point"
   },
   "properties": {
    "accumulation": 226225.0,
    "bank_slope_deg": 2.11,
    "bank_slope_score": 1.0,
    "beach_dist_km": 272.27,
    "bridge_proximity_bonus": 0.0,
    "catchment_area_km2": 22.5686,
    "channel_width_m": 11.37,
    "channel_width_score": 1.0,
    "composite_score": 36.9258,
    "cso_density": 0.0,
    "ej_index": 0.638,
    "elevation_m": 207.5182,
    "estuary_dist_km": 362.92,
    "feasibility_score": 52.1429,
    "flood_q10_cfs": 2459.15,
    "flow_score": 33.8852,
    "flow_velocity_ms": 0.0547,
    "generation_score": 19.0922,
    "impact_score": 49.6847,
    "impervious_pct": 30.86,
    "land_ownership": 0.5,
    "lat": 35.9404,
    "litter_complaint_density": 0.0,
    "lon": -79.9071,
    "navigable_dist_m": null,
    "npdes_points": 1,
    "pixel_col": 2026.0,
    "pixel_row": 1004.0,
    "population_density": 59.1,
    "position_along": 0.5,
    "protected_area_score": 17.9326,
    "rank": 44,
    "road_access_m": 872.1,
    "road_access_score": 0.6,
    "road_density_km_km2": 2.895,
    "robustness_pct": 0.0,
    "runoff_coeff_C": 0.3277,
    "seasonal_cv": 0.4312,
    "segment_id": 69,
    "segment_length_m": 1130.9033,
    "stream_order": 3,
    "superfund_score": 0.0185,
    "tourism_amenity_density": 0.0,
    "tri_facility_density": 0.0443,
    "usgs_mean_q_cfs": 18.308,
    "velocity_feasibility": 0.7,
    "water_intake_score": 1.8506
   },
   "type": "Feature"
  },
  {
   "geometry": {
    "coordinates": [
     -79.939022,
     36.025119
    ],
    "type": "Point"
   },
   "properties": {
    "accumulation": 43446.0,
    "bank_slope_deg": 0.13,
    "bank_slope_score": 1.0,
    "beach_dist_km": 280.95,
    "bridge_proximity_bonus": 0.0,
    "catchment_area_km2": 4.3342,
    "channel_width_m": 5.73,
    "channel_width_score": 1.0,
    "composite_score": 36.6845,
    "cso_density": 0.0,
    "ej_index": 0.3467,
    "elevation_m": 230.6891,
    "estuary_dist_km": 368.19,
    "feasibility_score": 82.8571,
    "flood_q10_cfs": 561.62,
    "flow_score": 27.2474,
    "flow_velocity_ms": 0.5,
    "generation_score": 8.941,
    "impact_score": 49.2061,
    "impervious_pct": null,
    "land_ownership": 1.0,
    "lat": 36.0251,
    "litter_complaint_density": 0.0,
    "lon": -79.939,
    "navigable_dist_m": null,
    "npdes_points": 0,
    "pixel_col": 1728.0,
    "pixel_row": 65.0,
    "population_density": 534.4,
    "position_along": 0.5,
    "protected_area_score": 21.6,
    "rank": 45,
    "road_access_m": 268.2,
    "road_access_score": 0.8,
    "road_density_km_km2": 3.155,
    "robustness_pct": 0.0,
    "runoff_coeff_C": null,
    "seasonal_cv": null,
    "segment_id": 2,
    "segment_length_m": 1426.4082,
    "stream_order": 1,
    "superfund_score": 0.05,
    "tourism_amenity_density": 0.9549,
    "tri_facility_density": 0.0,
    "usgs_mean_q_cfs": null,
    "velocity_feasibility": 1.0,
    "water_intake_score": 2.1731
   },
   "type": "Feature"
  },
  {
   "geometry": {
    "coordinates": [
     -79.949801,
     35.948557
    ],
    "type": "Point"
   },
   "properties": {
    "accumulation": 20237.0,
    "bank_slope_deg": 4.73,
    "bank_slope_score": 1.0,
    "beach_dist_km": 275.66,
    "bridge_proximity_bonus": 0.0,
    "catchment_area_km2": 2.0189,
    "channel_width_m": 4.18,
    "channel_width_score": 1.0,
    "composite_score": 36.4486,
    "cso_density": 0.0,
    "ej_index": 0.6607,
    "elevation_m": 217.974,
    "estuary_dist_km": 366.87,
    "feasibility_score": 67.8571,
    "flood_q10_cfs": 315.79,
    "flow_score": 40.0009,
    "flow_velocity_ms": 0.5,
    "generation_score": 5.1321,
    "impact_score": 49.1005,
    "impervious_pct": null,
    "land_ownership": 0.5,
    "lat": 35.9486,
    "litter_complaint_density": 0.0,
    "lon": -79.9498,
    "navigable_dist_m": null,
    "npdes_points": 0,
    "pixel_col": 1639.0,
    "pixel_row": 921.0,
    "population_density": 168.1,
    "position_along": 0.5,
    "protected_area_score": 16.1216,
    "rank": 46,
    "road_access_m": 202.1,
    "road_access_score": 0.8,
    "road_density_km_km2": 3.736,
    "robustness_pct": 0.0,
    "runoff_coeff_C": null,
    "seasonal_cv": null,
    "segment_id": 54,
    "segment_length_m": 72.34,
    "stream_order": 3,
    "superfund_score": 0.0305,
    "tourism_amenity_density": 0.2387,
    "tri_facility_density": 0.0,
    "usgs_mean_q_cfs": null,
    "velocity_feasibility": 1.0,
    "water_intake_score": 2.0057
   },
   "type": "Feature"
  },
  {
   "geometry": {
    "coordinates": [
     -79.930976,
     35.897059
    ],
    "type": "Point"
   },
   "properties": {
    "accumulation": 129238.0,
    "bank_slope_deg": 3.85,
    "bank_slope_score": 1.0,
    "beach_dist_km": 270.49,
    "bridge_proximity_bonus": 0.0,
    "catchment_area_km2": 12.893,
    "channel_width_m": 9.01,
    "channel_width_score": 1.0,
    "composite_score": 36.2535,
    "cso_density": 0.0,
    "ej_index": 0.3152,
    "elevation_m": 220.067,
    "estuary_dist_km": 363.82,
    "feasibility_score": 74.2857,
    "flood_q10_cfs": 1768.42,
    "flow_score": 29.2035,
    "flow_velocity_ms": 0.1437,
    "generation_score": 23.6133,
    "impact_score": 35.7527,
    "impervious_pct": 29.44,
    "land_ownership": 1.0,
    "lat": 35.8971,
    "litter_complaint_density": 0.0,
    "lon": -79.931,
    "navigable_dist_m": null,
    "npdes_points": 1,
    "pixel_col": 1816.0,
    "pixel_row": 1491.0,
    "population_density": 361.3,
    "position_along": 0.875,
    "protected_area_score": 13.5059,
    "rank": 47,
    "road_access_m": 217.5,
    "road_access_score": 0.8,
    "road_density_km_km2": 4.479,
    "robustness_pct": 0.0,
    "runoff_coeff_C": 0.315,
    "seasonal_cv": 0.4061,
    "segment_id": 85,
    "segment_length_m": 6031.6395,
    "stream_order": 3,
    "superfund_score": 0.0178,
    "tourism_amenity_density": 1.5915,
    "tri_facility_density": 0.0,
    "usgs_mean_q_cfs": 6.212,
    "velocity_feasibility": 0.7,
    "water_intake_score": 1.7628
   },
   "type": "Feature"
  },
  {
   "geometry": {
    "coordinates": [
     -79.904085,
     35.887982
    ],
    "type": "Point"
   },
   "properties": {
    "accumulation": 287110.0,
    "bank_slope_deg": 4.14,
    "bank_slope_score": 1.0,
    "beach_dist_km": 268.03,
    "bridge_proximity_bonus": 0.0,
    "catchment_area_km2": 28.6425,
    "channel_width_m": 12.55,
    "channel_width_score": 1.0,
    "composite_score": 36.2157,
    "cso_density": 0.0,
    "ej_index": 0.3321,
    "elevation_m": 210.0132,
    "estuary_dist_km": 361.22,
    "feasibility_score": 74.2857,
    "flood_q10_cfs": 2482.55,
    "flow_score": 34.8971,
    "flow_velocity_ms": 0.1241,
    "generation_score": 16.0773,
    "impact_score": 38.4179,
    "impervious_pct": 21.99,
    "land_ownership": 1.0,
    "lat": 35.888,
    "litter_complaint_density": 0.0,
    "lon": -79.9041,
    "navigable_dist_m": null,
    "npdes_points": 2,
    "pixel_col": 2059.0,
    "pixel_row": 1589.0,
    "population_density": 136.1,
    "position_along": 0.75,
    "protected_area_score": 13.5191,
    "rank": 48,
    "road_access_m": 488.8,
    "road_access_score": 0.8,
    "road_density_km_km2": 1.298,
    "robustness_pct": 0.0,
    "runoff_coeff_C": 0.2479,
    "seasonal_cv": 0.4236,
    "segment_id": 87,
    "segment_length_m": 3263.1589,
    "stream_order": 3,
    "superfund_score": 0.0127,
    "tourism_amenity_density": 0.3183,
    "tri_facility_density": 0.0,
    "usgs_mean_q_cfs": 13.561,
    "velocity_feasibility": 0.7,
    "water_intake_score": 1.7982
   },
   "type": "Feature"
  },
  {
   "geometry": {
    "coordinates": [
     -80.022157,
     36.009506
    ],
    "type": "Point"
   },
   "properties": {
    "accumulation": 26439.0,
    "bank_slope_deg": 2.29,
    "bank_slope_score": 1.0,
    "beach_dist_km": 285.05,
    "bridge_proximity_bonus": 0.0,
    "catchment_area_km2": 2.6376,
    "channel_width_m": 4.67,
    "channel_width_score": 1.0,
    "composite_score": 35.9555,
    "cso_density": 0.0,
    "ej_index": 0.3925,
    "elevation_m": 246.5789,
    "estuary_dist_km": 374.92,
    "feasibility_score": 81.4286,
    "flood_q10_cfs": 553.82,
    "flow_score": 20.2603,
    "flow_velocity_ms": 0.0818,
    "generation_score": 24.7246,
    "impact_score": 37.5292,
    "impervious_pct": 20.59,
    "land_ownership": 1.0,
    "lat": 36.0095,
    "litter_complaint_density": 0.0,
    "lon": -80.0222,
    "navigable_dist_m": null,
    "npdes_points": 1,
    "pixel_col": 979.0,
    "pixel_row": 250.0,
    "population_density": 400.2,
    "position_along": 0.5,
    "protected_area_score": 14.2959,
    "rank": 49,
    "road_access_m": 51.4,
    "road_access_score": 1.0,
    "road_density_km_km2": 8.429,
    "robustness_pct": 0.0,
    "runoff_coeff_C": 0.2353,
    "seasonal_cv": 0.3833,
    "segment_id": 12,
    "segment_length_m": 863.9429,
    "stream_order": 3,
    "superfund_score": 0.0318,
    "tourism_amenity_density": 3.3423,
    "tri_facility_density": 0.0,
    "usgs_mean_q_cfs": 1.456,
    "velocity_feasibility": 0.7,
    "water_intake_score": 2.1238
   },
   "type": "Feature"
  },
  {
   "geometry": {
    "coordinates": [
     -79.915816,
     35.893762
    ],
    "type": "Point"
   },
   "properties": {
    "accumulation": 257200.0,
    "bank_slope_deg": 2.07,
    "bank_slope_score": 1.0,
    "beach_dist_km": 269.24,
    "bridge_proximity_bonus": 0.0,
    "catchment_area_km2": 25.6587,
    "channel_width_m": 11.99,
    "channel_width_score": 1.0,
    "composite_score": 35.8935,
    "cso_density": 0.0,
    "ej_index": 0.3388,
    "elevation_m": 215.0054,
    "estuary_dist_km": 362.4,
    "feasibility_score": 66.4286,
    "flood_q10_cfs": 2392.29,
    "flow_score": 34.8812,
    "flow_velocity_ms": 0.1647,
    "generation_score": 19.0859,
    "impact_score": 38.2772,
    "impervious_pct": 23.72,
    "land_ownership": 0.5,
    "lat": 35.8938,
    "litter_complaint_density": 0.0,
    "lon": -79.9158,
    "navigable_dist_m": null,
    "npdes_points": 2,
    "pixel_col": 1953.0,
    "pixel_row": 1522.0,
    "population_density": 207.9,
    "position_along": 0.25,
    "protected_area_score": 13.7243,
    "rank": 50,
    "road_access_m": 184.3,
    "road_access_score": 1.0,
    "road_density_km_km2": 2.478,
    "robustness_pct": 0.0,
    "runoff_coeff_C": 0.2635,
    "seasonal_cv": 0.4203,
    "segment_id": 87,
    "segment_length_m": 3263.1589,
    "stream_order": 3,
    "superfund_score": 0.0147,
    "tourism_amenity_density": 1.4324,
    "tri_facility_density": 0.0,
    "usgs_mean_q_cfs": 11.79,
    "velocity_feasibility": 0.7,
    "water_intake_score": 1.7776
   },
   "type": "Feature"
  },
  {
   "geometry": {
    "coordinates": [
     -79.894041,
     35.992325
    ],
    "type": "Point"
   },
   "properties": {
    "accumulation": 22989.0,
    "bank_slope_deg": 3.1,
    "bank_slope_score": 1.0,
    "beach_dist_km": 275.51,
    "bridge_proximity_bonus": 0.0,
    "catchment_area_km2": 2.2934,
    "channel_width_m": 4.4,
    "channel_width_score": 1.0,
    "composite_score": 35.6648,
    "cso_density": 0.0,
    "ej_index": 0.4256,
    "elevation_m": 227.6808,
    "estuary_dist_km": 363.3,
    "feasibility_score": 66.4286,
    "flood_q10_cfs": 489.7,
    "flow_score": 20.5114,
    "flow_velocity_ms": 0.1122,
    "generation_score": 16.8051,
    "impact_score": 51.7702,
    "impervious_pct": 19.58,
    "land_ownership": 0.5,
    "lat": 35.9923,
    "litter_complaint_density": 0.0,
    "lon": -79.894,
    "navigable_dist_m": null,
    "npdes_points": 0,
    "pixel_col": 2136.0,
    "pixel_row": 429.0,
    "population_density": 291.8,
    "position_along": 0.5,
    "protected_area_score": 21.7671,
    "rank": 51,
    "road_access_m": 125.7,
    "road_access_score": 1.0,
    "road_density_km_km2": 5.011,
    "robustness_pct": 0.0,
    "runoff_coeff_C": 0.2262,
    "seasonal_cv": 0.3837,
    "segment_id": 23,
    "segment_length_m": 906.6127,
    "stream_order": 3,
    "superfund_score": 0.034,
    "tourism_amenity_density": 3.1035,
    "tri_facility_density": 0.0,
    "usgs_mean_q_cfs": 1.165,
    "velocity_feasibility": 0.7,
    "water_intake_score": 1.905
   },
   "type": "Feature"
  },
  {
   "geometry": {
    "coordinates": [
     -79.895792,
     35.884359
    ],
    "type": "Point"
   },
   "properties": {
    "accumulation": 360692.0,
    "bank_slope_deg": 3.05,
    "bank_slope_score": 1.0,
    "beach_dist_km": 267.21,
    "bridge_proximity_bonus": 0.0,
    "catchment_area_km2": 35.9832,
    "channel_width_m": 13.8,
    "channel_width_score": 1.0,
    "composite_score": 35.5847,
    "cso_density": 0.0,
    "ej_index": 0.3334,
    "elevation_m": 207.3357,
    "estuary_dist_km": 360.4,
    "feasibility_score": 66.4286,
    "flood_q10_cfs": 2699.25,
    "flow_score": 38.3655,
    "flow_velocity_ms": 0.1592,
    "generation_score": 13.9214,
    "impact_score": 39.5089,
    "impervious_pct": 18.9,
    "land_ownership": 0.5,
    "lat": 35.8844,
    "litter_complaint_density": 0.0,
    "lon": -79.8958,
    "navigable_dist_m": null,
    "npdes_points": 2,
    "pixel_col": 2135.0,
    "pixel_row": 1628.0,
    "population_density": 111.3,
    "position_along": 0.5,
    "protected_area_score": 13.4741,
    "rank": 52,
    "road_access_m": 115.1,
    "road_access_score": 1.0,
    "road_density_km_km2": 0.881,
    "robustness_pct": 0.0,
    "runoff_coeff_C": 0.2201,
    "seasonal_cv": 0.4284,
    "segment_id": 88,
    "segment_length_m": 675.1734,
    "stream_order": 3,
    "superfund_score": 0.0116,
    "tourism_amenity_density": 0.0,
    "tri_facility_density": 0.0,
    "usgs_mean_q_cfs": 16.617,
    "velocity_feasibility": 0.7,
    "water_intake_score": 1.8196
   },
   "type": "Feature"
  },
  {
   "geometry": {
    "coordinates": [
     -79.966296,
     35.897994
    ],
    "type": "Point"
   },
   "properties": {
    "accumulation": 62087.0,
    "bank_slope_deg": 4.51,
    "bank_slope_score": 1.0,
    "beach_dist_km": 272.88,
    "bridge_proximity_bonus": 0.2,
    "catchment_area_km2": 6.1939,
    "channel_width_m": 6.65,
    "channel_width_score": 1.0,
    "composite_score": 35.3064,
    "cso_density": 0.0,
    "ej_index": 0.4348,
    "elevation_m": 236.0885,
    "estuary_dist_km": 366.93,
    "feasibility_score": 76.4286,
    "flood_q10_cfs": 1227.35,
    "flow_score": 25.5337,
    "flow_velocity_ms": 0.1253,
    "generation_score": 24.6972,
    "impact_score": 33.4983,
    "impervious_pct": 29.3,
    "land_ownership": 0.5,
    "lat": 35.898,
    "litter_complaint_density": 0.0,
    "lon": -79.9663,
    "navigable_dist_m": null,
    "npdes_points": 0,
    "pixel_col": 1496.0,
    "pixel_row": 1484.0,
    "population_density": 482.1,
    "position_along": 0.125,
    "protected_area_score": 11.512,
    "rank": 53,
    "road_access_m": 96.5,
    "road_access_score": 1.0,
    "road_density_km_km2": 6.095,
    "robustness_pct": 0.0,
    "runoff_coeff_C": 0.3137,
    "seasonal_cv": 0.4044,
    "segment_id": 85,
    "segment_length_m": 6031.6395,
    "stream_order": 3,
    "superfund_score": 0.0322,
    "tourism_amenity_density": 1.6711,
    "tri_facility_density": 0.0,
    "usgs_mean_q_cfs": 5.619,
    "velocity_feasibility": 0.7,
    "water_intake_score": 1.7453
   },
   "type": "Feature"
  },
  {
   "geometry": {
    "coordinates": [
     -79.923277,
     35.898066
    ],
    "type": "Point"
   },
   "properties": {
    "accumulation": 220857.0,
    "bank_slope_deg": 2.7,
    "bank_slope_score": 1.0,
    "beach_dist_km": 270.06,
    "bridge_proximity_bonus": 0.0,
    "catchment_area_km2": 22.033,
    "channel_width_m": 11.26,
    "channel_width_score": 1.0,
    "composite_score": 35.2913,
    "cso_density": 0.0,
    "ej_index": 0.3431,
    "elevation_m": 217.0232,
    "estuary_dist_km": 363.17,
    "feasibility_score": 66.4286,
    "flood_q10_cfs": 2284.8,
    "flow_score": 32.7628,
    "flow_velocity_ms": 0.1287,
    "generation_score": 19.7395,
    "impact_score": 37.3817,
    "impervious_pct": 26.5,
    "land_ownership": 0.5,
    "lat": 35.8981,
    "litter_complaint_density": 0.0,
    "lon": -79.9233,
    "navigable_dist_m": null,
    "npdes_points": 1,
    "pixel_col": 1885.0,
    "pixel_row": 1478.0,
    "population_density": 256.8,
    "position_along": 0.5,
    "protected_area_score": 13.7256,
    "rank": 54,
    "road_access_m": 195.0,
    "road_access_score": 1.0,
    "road_density_km_km2": 3.361,
    "robustness_pct": 0.0,
    "runoff_coeff_C": 0.2885,
    "seasonal_cv": 0.4169,
    "segment_id": 86,
    "segment_length_m": 692.0162,
    "stream_order": 3,
    "superfund_score": 0.0164,
    "tourism_amenity_density": 1.4324,
    "tri_facility_density": 0.0,
    "usgs_mean_q_cfs": 10.128,
    "velocity_feasibility": 0.7,
    "water_intake_score": 1.7713
   },
   "type": "Feature"
  },
  {
   "geometry": {
    "coordinates": [
     -79.882144,
     35.950666
    ],
    "type": "Point"
   },
   "properties": {
    "accumulation": 148931.0,
    "bank_slope_deg": 2.62,
    "bank_slope_score": 1.0,
    "beach_dist_km": 271.47,
    "bridge_proximity_bonus": 0.0,
    "catchment_area_km2": 14.8576,
    "channel_width_m": 9.56,
    "channel_width_score": 1.0,
    "composite_score": 35.1635,
    "cso_density": 0.0,
    "ej_index": 0.609,
    "elevation_m": 212.273,
    "estuary_dist_km": 361.04,
    "feasibility_score": 74.2857,
    "flood_q10_cfs": 1557.91,
    "flow_score": 27.2663,
    "flow_velocity_ms": 0.0861,
    "generation_score": 7.6185,
    "impact_score": 49.7283,
    "impervious_pct": 14.58,
    "land_ownership": 1.0,
    "lat": 35.9507,
    "litter_complaint_density": 0.0,
    "lon": -79.8821,
    "navigable_dist_m": null,
    "npdes_points": 0,
    "pixel_col": 2246.0,
    "pixel_row": 891.0,
    "population_density": 65.9,
    "position_along": 0.875,
    "protected_area_score": 19.45,
    "rank": 55,
    "road_access_m": 375.2,
    "road_access_score": 0.8,
    "road_density_km_km2": 1.37,
    "robustness_pct": 0.0,
    "runoff_coeff_C": 0.1812,
    "seasonal_cv": 0.4085,
    "segment_id": 24,
    "segment_length_m": 6865.6182,
    "stream_order": 3,
    "superfund_score": 0.0174,
    "tourism_amenity_density": 0.0,
    "tri_facility_density": 0.0,
    "usgs_mean_q_cfs": 10.992,
    "velocity_feasibility": 0.7,
    "water_intake_score": 1.7675
   },
   "type": "Feature"
  },
  {
   "geometry": {
    "coordinates": [
     -79.939178,
     35.908886
    ],
    "type": "Point"
   },
   "properties": {
    "accumulation": 65375.0,
    "bank_slope_deg": 5.11,
    "bank_slope_score": 1.0,
    "beach_dist_km": 271.93,
    "bridge_proximity_bonus": 0.2,
    "catchment_area_km2": 6.5219,
    "channel_width_m": 6.79,
    "channel_width_score": 1.0,
    "composite_score": 34.9639,
    "cso_density": 0.0,
    "ej_index": 0.3018,
    "elevation_m": 226.5707,
    "estuary_dist_km": 364.85,
    "feasibility_score": 76.4286,
    "flood_q10_cfs": 1134.85,
    "flow_score": 25.0854,
    "flow_velocity_ms": 0.149,
    "generation_score": 21.6753,
    "impact_score": 35.7523,
    "impervious_pct": 22.6,
    "land_ownership": 0.5,
    "lat": 35.9089,
    "litter_complaint_density": 0.0,
    "lon": -79.9392,
    "navigable_dist_m": null,
    "npdes_points": 0,
    "pixel_col": 1740.0,
    "pixel_row": 1360.0,
    "population_density": 489.6,
    "position_along": 0.5,
    "protected_area_score": 13.538,
    "rank": 56,
    "road_access_m": 104.5,
    "road_access_score": 1.0,
    "road_density_km_km2": 5.973,
    "robustness_pct": 0.0,
    "runoff_coeff_C": 0.2534,
    "seasonal_cv": 0.3958,
    "segment_id": 77,
    "segment_length_m": 4581.8278,
    "stream_order": 3,
    "superfund_score": 0.0218,
    "tourism_amenity_density": 2.5465,
    "tri_facility_density": 0.0,
    "usgs_mean_q_cfs": 4.036,
    "velocity_feasibility": 0.7,
    "water_intake_score": 1.7796
   },
   "type": "Feature"
  },
  {
   "geometry": {
    "coordinates": [
     -79.972541,
     35.902893
    ],
    "type": "Point"
   },
   "properties": {
    "accumulation": 23513.0,
    "bank_slope_deg": 1.57,
    "bank_slope_score": 1.0,
    "beach_dist_km": 273.66,
    "bridge_proximity_bonus": 0.0,
    "catchment_area_km2": 2.3457,
    "channel_width_m": 4.44,
    "channel_width_score": 1.0,
    "composite_score": 34.8192,
    "cso_density": 0.0,
    "ej_index": 0.4667,
    "elevation_m": 239.4618,
    "estuary_dist_km": 367.61,
    "feasibility_score": 66.4286,
    "flood_q10_cfs": 685.38,
    "flow_score": 22.3354,
    "flow_velocity_ms": 0.0927,
    "generation_score": 30.1873,
    "impact_score": 34.0495,
    "impervious_pct": 37.82,
    "land_ownership": 0.5,
    "lat": 35.9029,
    "litter_complaint_density": 0.0,
    "lon": -79.9725,
    "navigable_dist_m": null,
    "npdes_points": 0,
    "pixel_col": 1438.0,
    "pixel_row": 1430.0,
    "population_density": 640.6,
    "position_along": 0.5,
    "protected_area_score": 11.4643,
    "rank": 57,
    "road_access_m": 185.5,
    "road_access_score": 1.0,
    "road_density_km_km2": 5.897,
    "robustness_pct": 0.0,
    "runoff_coeff_C": 0.3904,
    "seasonal_cv": 0.3875,
    "segment_id": 84,
    "segment_length_m": 434.3341,
    "stream_order": 3,
    "superfund_score": 0.0408,
    "tourism_amenity_density": 1.6711,
    "tri_facility_density": 0.0,
    "usgs_mean_q_cfs": 1.199,
    "velocity_feasibility": 0.7,
    "water_intake_score": 1.7607
   },
   "type": "Feature"
  },
  {
   "geometry": {
    "coordinates": [
     -80.117144,
     35.8966
    ],
    "type": "Point"
   },
   "properties": {
    "accumulation": 261533.0,
    "bank_slope_deg": 2.61,
    "bank_slope_score": 1.0,
    "beach_dist_km": 282.9,
    "bridge_proximity_bonus": 0.0,
    "catchment_area_km2": 26.0909,
    "channel_width_m": 12.08,
    "channel_width_score": 1.0,
    "composite_score": 34.7008,
    "cso_density": 0.0,
    "ej_index": 0.5133,
    "elevation_m": 210.354,
    "estuary_dist_km": 380.11,
    "feasibility_score": 74.2857,
    "flood_q10_cfs": 2421.88,
    "flow_score": 33.5439,
    "flow_velocity_ms": 0.1192,
    "generation_score": 20.8908,
    "impact_score": 29.6823,
    "impervious_pct": 23.94,
    "land_ownership": 1.0,
    "lat": 35.8966,
    "litter_complaint_density": 0.0,
    "lon": -80.1171,
    "navigable_dist_m": null,
    "npdes_points": 2,
    "pixel_col": 130.0,
    "pixel_row": 1511.0,
    "population_density": 272.4,
    "position_along": 0.5,
    "protected_area_score": 8.1949,
    "rank": 58,
    "road_access_m": 246.9,
    "road_access_score": 0.8,
    "road_density_km_km2": 2.993,
    "robustness_pct": 0.0,
    "runoff_coeff_C": 0.2655,
    "seasonal_cv": 0.4393,
    "segment_id": 93,
    "segment_length_m": 44.0895,
    "stream_order": 3,
    "superfund_score": 0.12,
    "tourism_amenity_density": 1.9894,
    "tri_facility_density": 0.0383,
    "usgs_mean_q_cfs": 12.114,
    "velocity_feasibility": 0.7,
    "water_intake_score": 2.0675
   },
   "type": "Feature"
  },
  {
   "geometry": {
    "coordinates": [
     -80.020543,
     36.015016
    ],
    "type": "Point"
   },
   "properties": {
    "accumulation": 24362.0,
    "bank_slope_deg": 1.51,
    "bank_slope_score": 1.0,
    "beach_dist_km": 285.37,
    "bridge_proximity_bonus": 0.0,
    "catchment_area_km2": 2.4304,
    "channel_width_m": 4.51,
    "channel_width_score": 1.0,
    "composite_score": 34.3969,
    "cso_density": 0.0,
    "ej_index": 0.2598,
    "elevation_m": 246.4384,
    "estuary_dist_km": 374.94,
    "feasibility_score": 81.4286,
    "flood_q10_cfs": 523.26,
    "flow_score": 20.4304,
    "flow_velocity_ms": 0.0923,
    "generation_score": 22.9383,
    "impact_score": 33.9784,
    "impervious_pct": 20.87,
    "land_ownership": 1.0,
    "lat": 36.015,
    "litter_complaint_density": 0.0,
    "lon": -80.0205,
    "navigable_dist_m": null,
    "npdes_points": 0,
    "pixel_col": 993.0,
    "pixel_row": 189.0,
    "population_density": 442.1,
    "position_along": 0.5,
    "protected_area_score": 14.6556,
    "rank": 59,
    "road_access_m": 90.3,
    "road_access_score": 1.0,
    "road_density_km_km2": 8.234,
    "robustness_pct": 0.0,
    "runoff_coeff_C": 0.2378,
    "seasonal_cv": 0.3806,
    "segment_id": 3,
    "segment_length_m": 1068.5513,
    "stream_order": 3,
    "superfund_score": 0.0326,
    "tourism_amenity_density": 3.1831,
    "tri_facility_density": 0.0,
    "usgs_mean_q_cfs": 1.411,
    "velocity_feasibility": 0.7,
    "water_intake_score": 2.1224
   },
   "type": "Feature"
  },
  {
   "geometry": {
    "coordinates": [
     -79.942011,
     35.892861
    ],
    "type": "Point"
   },
   "properties": {
    "accumulation": 109895.0,
    "bank_slope_deg": 1.14,
    "bank_slope_score": 1.0,
    "beach_dist_km": 270.89,
    "bridge_proximity_bonus": 0.0,
    "catchment_area_km2": 10.9633,
    "channel_width_m": 8.43,
    "channel_width_score": 1.0,
    "composite_score": 34.2636,
    "cso_density": 0.0,
    "ej_index": 0.3025,
    "elevation_m": 226.5231,
    "estuary_dist_km": 364.67,
    "feasibility_score": 66.4286,
    "flood_q10_cfs": 1613.4,
    "flow_score": 28.2482,
    "flow_velocity_ms": 0.1456,
    "generation_score": 22.8486,
    "impact_score": 34.6091,
    "impervious_pct": 29.3,
    "land_ownership": 0.5,
    "lat": 35.8929,
    "litter_complaint_density": 0.0,
    "lon": -79.942,
    "navigable_dist_m": null,
    "npdes_points": 0,
    "pixel_col": 1717.0,
    "pixel_row": 1536.0,
    "population_density": 430.2,
    "position_along": 0.625,
    "protected_area_score": 12.8286,
    "rank": 60,
    "road_access_m": 70.6,
    "road_access_score": 1.0,
    "road_density_km_km2": 5.044,
    "robustness_pct": 0.0,
    "runoff_coeff_C": 0.3137,
    "seasonal_cv": 0.4044,
    "segment_id": 85,
    "segment_length_m": 6031.6395,
    "stream_order": 3,
    "superfund_score": 0.0198,
    "tourism_amenity_density": 2.3873,
    "tri_facility_density": 0.0,
    "usgs_mean_q_cfs": 5.619,
    "velocity_feasibility": 0.7,
    "water_intake_score": 1.7523
   },
   "type": "Feature"
  },
  {
   "geometry": {
    "coordinates": [
     -79.885322,
     35.997789
    ],
    "type": "Point"
   },
   "properties": {
    "accumulation": 33844.0,
    "bank_slope_deg": 2.02,
    "bank_slope_score": 1.0,
    "beach_dist_km": 275.4,
    "bridge_proximity_bonus": 0.0,
    "catchment_area_km2": 3.3763,
    "channel_width_m": 5.17,
    "channel_width_score": 1.0,
    "composite_score": 33.9353,
    "cso_density": 0.0,
    "ej_index": 0.5112,
    "elevation_m": 230.892,
    "estuary_dist_km": 362.71,
    "feasibility_score": 59.2857,
    "flood_q10_cfs": 644.03,
    "flow_score": 21.026,
    "flow_velocity_ms": 0.0796,
    "generation_score": 14.8119,
    "impact_score": 51.1414,
    "impervious_pct": 18.58,
    "land_ownership": 0.5,
    "lat": 35.9978,
    "litter_complaint_density": 0.0,
    "lon": -79.8853,
    "navigable_dist_m": null,
    "npdes_points": 0,
    "pixel_col": 2213.0,
    "pixel_row": 368.0,
    "population_density": 297.5,
    "position_along": 0.5,
    "protected_area_score": 22.5133,
    "rank": 61,
    "road_access_m": 236.0,
    "road_access_score": 0.8,
    "road_density_km_km2": 3.609,
    "robustness_pct": 0.0,
    "runoff_coeff_C": 0.2172,
    "seasonal_cv": 0.386,
    "segment_id": 9,
    "segment_length_m": 2884.6161,
    "stream_order": 3,
    "superfund_score": 0.039,
    "tourism_amenity_density": 1.3528,
    "tri_facility_density": 0.0,
    "usgs_mean_q_cfs": 3.974,
    "velocity_feasibility": 0.7,
    "water_intake_score": 1.8281
   },
   "type": "Feature"
  },
  {
   "geometry": {
    "coordinates": [
     -80.099463,
     35.895672
    ],
    "type": "Point"
   },
   "properties": {
    "accumulation": 51118.0,
    "bank_slope_deg": 9.1,
    "bank_slope_score": 1.0,
    "beach_dist_km": 281.63,
    "bridge_proximity_bonus": 0.0,
    "catchment_area_km2": 5.0996,
    "channel_width_m": 6.13,
    "channel_width_score": 1.0,
    "composite_score": 33.9062,
    "cso_density": 0.0,
    "ej_index": 0.6246,
    "elevation_m": 217.7144,
    "estuary_dist_km": 378.54,
    "feasibility_score": 55.0,
    "flood_q10_cfs": 1114.5,
    "flow_score": 22.6324,
    "flow_velocity_ms": 0.0405,
    "generation_score": 26.2447,
    "impact_score": 40.4156,
    "impervious_pct": 32.16,
    "land_ownership": 0.5,
    "lat": 35.8957,
    "litter_complaint_density": 0.0,
    "lon": -80.0995,
    "navigable_dist_m": null,
    "npdes_points": 0,
    "pixel_col": 289.0,
    "pixel_row": 1517.0,
    "population_density": 519.6,
    "position_along": 0.5,
    "protected_area_score": 8.7283,
    "rank": 62,
    "road_access_m": 62.0,
    "road_access_score": 1.0,
    "road_density_km_km2": 5.939,
    "robustness_pct": 0.0,
    "runoff_coeff_C": 0.3394,
    "seasonal_cv": 0.4063,
    "segment_id": 97,
    "segment_length_m": 2935.5603,
    "stream_order": 3,
    "superfund_score": 0.7853,
    "tourism_amenity_density": 3.7401,
    "tri_facility_density": 0.0,
    "usgs_mean_q_cfs": 2.884,
    "velocity_feasibility": 0.3,
    "water_intake_score": 1.9508
   },
   "type": "Feature"
  },
  {
   "geometry": {
    "coordinates": [
     -79.91871,
     35.942176
    ],
    "type": "Point"
   },
   "properties": {
    "accumulation": 23023.0,
    "bank_slope_deg": 6.57,
    "bank_slope_score": 1.0,
    "beach_dist_km": 273.16,
    "bridge_proximity_bonus": 0.0,
    "catchment_area_km2": 2.2968,
    "channel_width_m": 4.41,
    "channel_width_score": 1.0,
    "composite_score": 33.8565,
    "cso_density": 0.0,
    "ej_index": 0.6409,
    "elevation_m": 213.9968,
    "estuary_dist_km": 363.98,
    "feasibility_score": 74.2857,
    "flood_q10_cfs": 423.45,
    "flow_score": 20.6837,
    "flow_velocity_ms": 0.1543,
    "generation_score": 9.5003,
    "impact_score": 48.9754,
    "impervious_pct": 11.21,
    "land_ownership": 1.0,
    "lat": 35.9422,
    "litter_complaint_density": 0.0,
    "lon": -79.9187,
    "navigable_dist_m": null,
    "npdes_points": 0,
    "pixel_col": 1921.0,
    "pixel_row": 987.0,
    "population_density": 58.7,
    "position_along": 0.5,
    "protected_area_score": 17.2786,
    "rank": 63,
    "road_access_m": 331.1,
    "road_access_score": 0.8,
    "road_density_km_km2": 1.185,
    "robustness_pct": 0.0,
    "runoff_coeff_C": 0.1509,
    "seasonal_cv": 0.3819,
    "segment_id": 56,
    "segment_length_m": 1405.844,
    "stream_order": 3,
    "superfund_score": 0.0205,
    "tourism_amenity_density": 0.0,
    "tri_facility_density": 0.4354,
    "usgs_mean_q_cfs": 1.359,
    "velocity_feasibility": 0.7,
    "water_intake_score": 1.8851
   },
   "type": "Feature"
  },
  {
   "geometry": {
    "coordinates": [
     -80.075014,
     35.90631
    ],
    "type": "Point"
   },
   "properties": {
    "accumulation": 79100.0,
    "bank_slope_deg": 6.19,
    "bank_slope_score": 1.0,
    "beach_dist_km": 280.76,
    "bridge_proximity_bonus": 0.2,
    "catchment_area_km2": 7.8911,
    "channel_width_m": 7.35,
    "channel_width_score": 1.0,
    "composite_score": 33.6995,
    "cso_density": 0.0,
    "ej_index": 0.4214,
    "elevation_m": 229.6512,
    "estuary_dist_km": 376.67,
    "feasibility_score": 76.4286,
    "flood_q10_cfs": 1325.58,
    "flow_score": 26.1682,
    "flow_velocity_ms": 0.1412,
    "generation_score": 26.6324,
    "impact_score": 25.6782,
    "impervious_pct": 28.26,
    "land_ownership": 0.5,
    "lat": 35.9063,
    "litter_complaint_density": 0.0,
    "lon": -80.075,
    "navigable_dist_m": null,
    "npdes_points": 0,
    "pixel_col": 509.0,
    "pixel_row": 1398.0,
    "population_density": 577.2,
    "position_along": 0.5,
    "protected_area_score": 9.1951,
    "rank": 64,
    "road_access_m": 92.6,
    "road_access_score": 1.0,
    "road_density_km_km2": 7.163,
    "robustness_pct": 0.0,
    "runoff_coeff_C": 0.3043,
    "seasonal_cv": 0.4078,
    "segment_id": 91,
    "segment_length_m": 5573.6079,
    "stream_order": 3,
    "superfund_score": 0.1012,
    "tourism_amenity_density": 2.6261,
    "tri_facility_density": 0.0,
    "usgs_mean_q_cfs": 4.591,
    "velocity_feasibility": 0.7,
    "water_intake_score": 1.8465
   },
   "type": "Feature"
  },
  {
   "geometry": {
    "coordinates": [
     -79.890698,
     35.969213
    ],
    "type": "Point"
   },
   "properties": {
    "accumulation": 121075.0,
    "bank_slope_deg": 1.24,
    "bank_slope_score": 1.0,
    "beach_dist_km": 273.48,
    "bridge_proximity_bonus": 0.0,
    "catchment_area_km2": 12.0786,
    "channel_width_m": 8.77,
    "channel_width_score": 1.0,
    "composite_score": 33.6693,
    "cso_density": 0.0,
    "ej_index": 0.5228,
    "elevation_m": 220.2575,
    "estuary_dist_km": 362.32,
    "feasibility_score": 59.2857,
    "flood_q10_cfs": 1414.26,
    "flow_score": 27.8743,
    "flow_velocity_ms": 0.1549,
    "generation_score": 10.5737,
    "impact_score": 48.7859,
    "impervious_pct": 15.88,
    "land_ownership": 0.5,
    "lat": 35.9692,
    "litter_complaint_density": 0.0,
    "lon": -79.8907,
    "navigable_dist_m": null,
    "npdes_points": 0,
    "pixel_col": 2168.0,
    "pixel_row": 685.0,
    "population_density": 107.0,
    "position_along": 0.375,
    "protected_area_score": 20.1862,
    "rank": 65,
    "road_access_m": 426.2,
    "road_access_score": 0.8,
    "road_density_km_km2": 2.994,
    "robustness_pct": 0.0,
    "runoff_coeff_C": 0.1929,
    "seasonal_cv": 0.4057,
    "segment_id": 24,
    "segment_length_m": 6865.6182,
    "stream_order": 3,
    "superfund_score": 0.0223,
    "tourism_amenity_density": 0.0796,
    "tri_facility_density": 0.0,
    "usgs_mean_q_cfs": 9.928,
    "velocity_feasibility": 0.7,
    "water_intake_score": 1.843
   },
   "type": "Feature"
  },
  {
   "geometry": {
    "coordinates": [
     -79.931198,
     35.900668
    ],
    "type": "Point"
   },
   "properties": {
    "accumulation": 82964.0,
    "bank_slope_deg": 2.16,
    "bank_slope_score": 1.0,
    "beach_dist_km": 270.78,
    "bridge_proximity_bonus": 0.0,
    "catchment_area_km2": 8.2766,
    "channel_width_m": 7.5,
    "channel_width_score": 1.0,
    "composite_score": 33.653,
    "cso_density": 0.0,
    "ej_index": 0.3091,
    "elevation_m": 220.0705,
    "estuary_dist_km": 363.93,
    "feasibility_score": 66.4286,
    "flood_q10_cfs": 1258.69,
    "flow_score": 25.4266,
    "flow_velocity_ms": 0.1336,
    "generation_score": 22.0904,
    "impact_score": 35.6832,
    "impervious_pct": 22.6,
    "land_ownership": 0.5,
    "lat": 35.9007,
    "litter_complaint_density": 0.0,
    "lon": -79.9312,
    "navigable_dist_m": null,
    "npdes_points": 1,
    "pixel_col": 1813.0,
    "pixel_row": 1448.0,
    "population_density": 441.3,
    "position_along": 0.8333,
    "protected_area_score": 13.569,
    "rank": 66,
    "road_access_m": 194.3,
    "road_access_score": 1.0,
    "road_density_km_km2": 4.941,
    "robustness_pct": 0.0,
    "runoff_coeff_C": 0.2534,
    "seasonal_cv": 0.3958,
    "segment_id": 77,
    "segment_length_m": 4581.8278,
    "stream_order": 3,
    "superfund_score": 0.0184,
    "tourism_amenity_density": 1.6711,
    "tri_facility_density": 0.0,
    "usgs_mean_q_cfs": 4.036,
    "velocity_feasibility": 0.7,
    "water_intake_score": 1.7674
   },
   "type": "Feature"
  },
  {
   "geometry": {
    "coordinates": [
     -80.088062,
     35.903674
    ],
    "type": "Point"
   },
   "properties": {
    "accumulation": 94422.0,
    "bank_slope_deg": 0.62,
    "bank_slope_score": 1.0,
    "beach_dist_km": 281.45,
    "bridge_proximity_bonus": 0.0,
    "catchment_area_km2": 9.4197,
    "channel_width_m": 7.91,
    "channel_width_score": 1.0,
    "composite_score": 33.5382,
    "cso_density": 0.0,
    "ej_index": 0.4896,
    "elevation_m": 223.7448,
    "estuary_dist_km": 377.74,
    "feasibility_score": 66.4286,
    "flood_q10_cfs": 1462.17,
    "flow_score": 28.5229,
    "flow_velocity_ms": 0.1977,
    "generation_score": 24.635,
    "impact_score": 30.1757,
    "impervious_pct": 28.26,
    "land_ownership": 0.5,
    "lat": 35.9037,
    "litter_complaint_density": 0.0,
    "lon": -80.0881,
    "navigable_dist_m": null,
    "npdes_points": 0,
    "pixel_col": 392.0,
    "pixel_row": 1430.0,
    "population_density": 520.5,
    "position_along": 0.8333,
    "protected_area_score": 8.9904,
    "rank": 67,
    "road_access_m": 47.9,
    "road_access_score": 1.0,
    "road_density_km_km2": 6.034,
    "robustness_pct": 0.0,
    "runoff_coeff_C": 0.3043,
    "seasonal_cv": 0.4078,
    "segment_id": 91,
    "segment_length_m": 5573.6079,
    "stream_order": 3,
    "superfund_score": 0.1553,
    "tourism_amenity_density": 4.2972,
    "tri_facility_density": 0.0,
    "usgs_mean_q_cfs": 4.591,
    "velocity_feasibility": 0.7,
    "water_intake_score": 1.8943
   },
   "type": "Feature"
  },
  {
   "geometry": {
    "coordinates": [
     -79.979821,
     35.90327
    ],
    "type": "Point"
   },
   "properties": {
    "accumulation": 26826.0,
    "bank_slope_deg": 0.97,
    "bank_slope_score": 1.0,
    "beach_dist_km": 274.17,
    "bridge_proximity_bonus": 0.0,
    "catchment_area_km2": 2.6762,
    "channel_width_m": 4.69,
    "channel_width_score": 1.0,
    "composite_score": 33.2897,
    "cso_density": 0.0,
    "ej_index": 0.4646,
    "elevation_m": 242.1221,
    "estuary_dist_km": 368.25,
    "feasibility_score": 66.4286,
    "flood_q10_cfs": 653.94,
    "flow_score": 21.7989,
    "flow_velocity_ms": 0.1004,
    "generation_score": 26.5509,
    "impact_score": 33.0348,
    "impervious_pct": 29.46,
    "land_ownership": 0.5,
    "lat": 35.9033,
    "litter_complaint_density": 0.0,
    "lon": -79.9798,
    "navigable_dist_m": null,
    "npdes_points": 1,
    "pixel_col": 1374.0,
    "pixel_row": 1425.0,
    "population_density": 510.2,
    "position_along": 0.5,
    "protected_area_score": 10.993,
    "rank": 68,
    "road_access_m": 139.3,
    "road_access_score": 1.0,
    "road_density_km_km2": 5.438,
    "robustness_pct": 0.0,
    "runoff_coeff_C": 0.3151,
    "seasonal_cv": 0.3884,
    "segment_id": 81,
    "segment_length_m": 1777.8261,
    "stream_order": 3,
    "superfund_score": 0.0517,
    "tourism_amenity_density": 1.6711,
    "tri_facility_density": 0.0,
    "usgs_mean_q_cfs": 1.722,
    "velocity_feasibility": 0.7,
    "water_intake_score": 1.7635
   },
   "type": "Feature"
  },
  {
   "geometry": {
    "coordinates": [
     -80.034228,
     35.958783
    ],
    "type": "Point"
   },
   "properties": {
    "accumulation": 33755.0,
    "bank_slope_deg": 5.65,
    "bank_slope_score": 1.0,
    "beach_dist_km": 281.96,
    "bridge_proximity_bonus": 0.0,
    "catchment_area_km2": 3.3675,
    "channel_width_m": 5.16,
    "channel_width_score": 1.0,
    "composite_score": 33.133,
    "cso_density": 0.0,
    "ej_index": 0.284,
    "elevation_m": 240.8953,
    "estuary_dist_km": 374.51,
    "feasibility_score": 66.4286,
    "flood_q10_cfs": 774.57,
    "flow_score": 22.6214,
    "flow_velocity_ms": 0.1063,
    "generation_score": 29.8379,
    "impact_score": 28.54,
    "impervious_pct": 29.24,
    "land_ownership": 0.5,
    "lat": 35.9588,
    "litter_complaint_density": 0.0,
    "lon": -80.0342,
    "navigable_dist_m": null,
    "npdes_points": 0,
    "pixel_col": 872.0,
    "pixel_row": 811.0,
    "population_density": 658.5,
    "position_along": 0.25,
    "protected_area_score": 11.43,
    "rank": 69,
    "road_access_m": 93.7,
    "road_access_score": 1.0,
    "road_density_km_km2": 8.701,
    "robustness_pct": 0.0,
    "runoff_coeff_C": 0.3132,
    "seasonal_cv": 0.389,
    "segment_id": 49,
    "segment_length_m": 3917.3523,
    "stream_order": 3,
    "superfund_score": 0.0603,
    "tourism_amenity_density": 3.9789,
    "tri_facility_density": 0.0,
    "usgs_mean_q_cfs": 2.506,
    "velocity_feasibility": 0.7,
    "water_intake_score": 1.9246
   },
   "type": "Feature"
  },
  {
   "geometry": {
    "coordinates": [
     -79.888979,
     35.958197
    ],
    "type": "Point"
   },
   "properties": {
    "accumulation": 135313.0,
    "bank_slope_deg": 3.39,
    "bank_slope_score": 1.0,
    "beach_dist_km": 272.5,
    "bridge_proximity_bonus": 0.0,
    "catchment_area_km2": 13.499,
    "channel_width_m": 9.19,
    "channel_width_score": 1.0,
    "composite_score": 32.2982,
    "cso_density": 0.0,
    "ej_index": 0.5829,
    "elevation_m": 215.5641,
    "estuary_dist_km": 361.85,
    "feasibility_score": 55.0,
    "flood_q10_cfs": 1504.09,
    "flow_score": 25.9656,
    "flow_velocity_ms": 0.0491,
    "generation_score": 8.7996,
    "impact_score": 49.7231,
    "impervious_pct": 15.88,
    "land_ownership": 0.5,
    "lat": 35.9582,
    "litter_complaint_density": 0.0,
    "lon": -79.889,
    "navigable_dist_m": null,
    "npdes_points": 0,
    "pixel_col": 2185.0,
    "pixel_row": 808.0,
    "population_density": 76.3,
    "position_along": 0.625,
    "protected_area_score": 19.7334,
    "rank": 70,
    "road_access_m": 74.7,
    "road_access_score": 1.0,
    "road_density_km_km2": 1.783,
    "robustness_pct": 0.0,
    "runoff_coeff_C": 0.1929,
    "seasonal_cv": 0.4057,
    "segment_id": 24,
    "segment_length_m": 6865.6182,
    "stream_order": 3,
    "superfund_score": 0.0194,
    "tourism_amenity_density": 0.0796,
    "tri_facility_density": 0.0,
    "usgs_mean_q_cfs": 9.928,
    "velocity_feasibility": 0.3,
    "water_intake_score": 1.8114
   },
   "type": "Feature"
  },
  {
   "geometry": {
    "coordinates": [
     -79.953337,
     35.896898
    ],
    "type": "Point"
   },
   "properties": {
    "accumulation": 84422.0,
    "bank_slope_deg": 2.53,
    "bank_slope_score": 1.0,
    "beach_dist_km": 271.94,
    "bridge_proximity_bonus": 0.0,
    "catchment_area_km2": 8.4221,
    "channel_width_m": 7.55,
    "channel_width_score": 1.0,
    "composite_score": 32.2242,
    "cso_density": 0.0,
    "ej_index": 0.3318,
    "elevation_m": 229.9043,
    "estuary_dist_km": 365.77,
    "feasibility_score": 55.0,
    "flood_q10_cfs": 1394.15,
    "flow_score": 24.7308,
    "flow_velocity_ms": 0.045,
    "generation_score": 25.1859,
    "impact_score": 34.1192,
    "impervious_pct": 29.3,
    "land_ownership": 0.5,
    "lat": 35.8969,
    "litter_complaint_density": 0.0,
    "lon": -79.9533,
    "navigable_dist_m": null,
    "npdes_points": 0,
    "pixel_col": 1614.0,
    "pixel_row": 1493.0,
    "population_density": 475.4,
    "position_along": 0.375,
    "protected_area_score": 12.2948,
    "rank": 71,
    "road_access_m": 71.3,
    "road_access_score": 1.0,
    "road_density_km_km2": 6.589,
    "robustness_pct": 0.0,
    "runoff_coeff_C": 0.3137,
    "seasonal_cv": 0.4044,
    "segment_id": 85,
    "segment_length_m": 6031.6395,
    "stream_order": 3,
    "superfund_score": 0.0246,
    "tourism_amenity_density": 2.8648,
    "tri_facility_density": 0.0,
    "usgs_mean_q_cfs": 5.619,
    "velocity_feasibility": 0.3,
    "water_intake_score": 1.7477
   },
   "type": "Feature"
  },
  {
   "geometry": {
    "coordinates": [
     -80.113456,
     35.899918
    ],
    "type": "Point"
   },
   "properties": {
    "accumulation": 237757.0,
    "bank_slope_deg": 3.08,
    "bank_slope_score": 1.0,
    "beach_dist_km": 282.89,
    "bridge_proximity_bonus": 0.0,
    "catchment_area_km2": 23.719,
    "channel_width_m": 11.61,
    "channel_width_score": 1.0,
    "composite_score": 32.1786,
    "cso_density": 0.0,
    "ej_index": 0.5209,
    "elevation_m": 211.0056,
    "estuary_dist_km": 379.87,
    "feasibility_score": 59.2857,
    "flood_q10_cfs": 2328.98,
    "flow_score": 31.1988,
    "flow_velocity_ms": 0.0556,
    "generation_score": 22.1148,
    "impact_score": 29.5053,
    "impervious_pct": 24.93,
    "land_ownership": 0.5,
    "lat": 35.8999,
    "litter_complaint_density": 0.0,
    "lon": -80.1135,
    "navigable_dist_m": null,
    "npdes_points": 2,
    "pixel_col": 163.0,
    "pixel_row": 1474.0,
    "population_density": 284.2,
    "position_along": 0.5,
    "protected_area_score": 8.2935,
    "rank": 72,
    "road_access_m": 254.4,
    "road_access_score": 0.8,
    "road_density_km_km2": 3.519,
    "robustness_pct": 0.0,
    "runoff_coeff_C": 0.2744,
    "seasonal_cv": 0.4335,
    "segment_id": 98,
    "segment_length_m": 1089.9471,
    "stream_order": 3,
    "superfund_score": 0.1397,
    "tourism_amenity_density": 1.9894,
    "tri_facility_density": 0.0422,
    "usgs_mean_q_cfs": 10.635,
    "velocity_feasibility": 0.7,
    "water_intake_score": 2.0378
   },
   "type": "Feature"
  },
  {
   "geometry": {
    "coordinates": [
     -80.123817,
     35.897184
    ],
    "type": "Point"
   },
   "properties": {
    "accumulation": 274638.0,
    "bank_slope_deg": 1.73,
    "bank_slope_score": 1.0,
    "beach_dist_km": 283.4,
    "bridge_proximity_bonus": 0.0,
    "catchment_area_km2": 27.3983,
    "channel_width_m": 12.33,
    "channel_width_score": 1.0,
    "composite_score": 32.0794,
    "cso_density": 0.0,
    "ej_index": 0.4599,
    "elevation_m": 208.9168,
    "estuary_dist_km": 380.71,
    "feasibility_score": 66.4286,
    "flood_q10_cfs": 2454.23,
    "flow_score": 32.5303,
    "flow_velocity_ms": 0.0572,
    "generation_score": 18.9342,
    "impact_score": 27.6743,
    "impervious_pct": 22.94,
    "land_ownership": 0.5,
    "lat": 35.8972,
    "litter_complaint_density": 0.0,
    "lon": -80.1238,
    "navigable_dist_m": null,
    "npdes_points": 2,
    "pixel_col": 69.0,
    "pixel_row": 1506.0,
    "population_density": 208.4,
    "position_along": 0.5,
    "protected_area_score": 8.1481,
    "rank": 73,
    "road_access_m": 188.0,
    "road_access_score": 1.0,
    "road_density_km_km2": 2.374,
    "robustness_pct": 0.0,
    "runoff_coeff_C": 0.2565,
    "seasonal_cv": 0.4417,
    "segment_id": 99,
    "segment_length_m": 1296.8573,
    "stream_order": 3,
    "superfund_score": 0.0755,
    "tourism_amenity_density": 1.1937,
    "tri_facility_density": 0.0365,
    "usgs_mean_q_cfs": 12.736,
    "velocity_feasibility": 0.7,
    "water_intake_score": 2.1191
   },
   "type": "Feature"
  },
  {
   "geometry": {
    "coordinates": [
     -79.949469,
     35.912046
    ],
    "type": "Point"
   },
   "properties": {
    "accumulation": 26261.0,
    "bank_slope_deg": 1.59,
    "bank_slope_score": 1.0,
    "beach_dist_km": 272.84,
    "bridge_proximity_bonus": 0.0,
    "catchment_area_km2": 2.6198,
    "channel_width_m": 4.65,
    "channel_width_score": 1.0,
    "composite_score": 32.0527,
    "cso_density": 0.0,
    "ej_index": 0.2311,
    "elevation_m": 236.0067,
    "estuary_dist_km": 365.84,
    "feasibility_score": 66.4286,
    "flood_q10_cfs": 570.74,
    "flow_score": 21.9218,
    "flow_velocity_ms": 0.1264,
    "generation_score": 22.8594,
    "impact_score": 32.5004,
    "impervious_pct": 22.6,
    "land_ownership": 0.5,
    "lat": 35.912,
    "litter_complaint_density": 0.0,
    "lon": -79.9495,
    "navigable_dist_m": null,
    "npdes_points": 0,
    "pixel_col": 1647.0,
    "pixel_row": 1323.0,
    "population_density": 430.4,
    "position_along": 0.1667,
    "protected_area_score": 13.139,
    "rank": 74,
    "road_access_m": 109.8,
    "road_access_score": 1.0,
    "road_density_km_km2": 7.625,
    "robustness_pct": 0.0,
    "runoff_coeff_C": 0.2534,
    "seasonal_cv": 0.3958,
    "segment_id": 77,
    "segment_length_m": 4581.8278,
    "stream_order": 3,
    "superfund_score": 0.0265,
    "tourism_amenity_density": 2.3077,
    "tri_facility_density": 0.0,
    "usgs_mean_q_cfs": 4.036,
    "velocity_feasibility": 0.7,
    "water_intake_score": 1.7919
   },
   "type": "Feature"
  },
  {
   "geometry": {
    "coordinates": [
     -79.998687,
     36.014922
    ],
    "type": "Point"
   },
   "properties": {
    "accumulation": 30486.0,
    "bank_slope_deg": 0.2,
    "bank_slope_score": 1.0,
    "beach_dist_km": 283.96,
    "bridge_proximity_bonus": 0.0,
    "catchment_area_km2": 3.0413,
    "channel_width_m": 4.95,
    "channel_width_score": 1.0,
    "composite_score": 31.802,
    "cso_density": 0.0,
    "ej_index": 0.2303,
    "elevation_m": 245.0891,
    "estuary_dist_km": 373.04,
    "feasibility_score": 74.2857,
    "flood_q10_cfs": 629.33,
    "flow_score": 7.5278,
    "flow_velocity_ms": 0.09,
    "generation_score": 17.9008,
    "impact_score": 44.6897,
    "impervious_pct": 21.76,
    "land_ownership": 1.0,
    "lat": 36.0149,
    "litter_complaint_density": 0.0,
    "lon": -79.9987,
    "navigable_dist_m": null,
    "npdes_points": 1,
    "pixel_col": 1189.0,
    "pixel_row": 184.0,
    "population_density": 356.8,
    "position_along": 0.5,
    "protected_area_score": 17.2559,
    "rank": 75,
    "road_access_m": 363.9,
    "road_access_score": 0.8,
    "road_density_km_km2": 2.531,
    "robustness_pct": 0.0,
    "runoff_coeff_C": 0.2458,
    "seasonal_cv": 0.3965,
    "segment_id": 7,
    "segment_length_m": 1120.6212,
    "stream_order": 1,
    "superfund_score": 0.0307,
    "tourism_amenity_density": 3.8993,
    "tri_facility_density": 0.0,
    "usgs_mean_q_cfs": 5.238,
    "velocity_feasibility": 0.7,
    "water_intake_score": 2.3337
   },
   "type": "Feature"
  },
  {
   "geometry": {
    "coordinates": [
     -80.060029,
     35.907256
    ],
    "type": "Point"
   },
   "properties": {
    "accumulation": 54726.0,
    "bank_slope_deg": 3.99,
    "bank_slope_score": 1.0,
    "beach_dist_km": 279.82,
    "bridge_proximity_bonus": 0.0,
    "catchment_area_km2": 5.4596,
    "channel_width_m": 6.31,
    "channel_width_score": 1.0,
    "composite_score": 31.0743,
    "cso_density": 0.0,
    "ej_index": 0.3841,
    "elevation_m": 243.095,
    "estuary_dist_km": 375.38,
    "feasibility_score": 59.2857,
    "flood_q10_cfs": 1134.12,
    "flow_score": 24.4876,
    "flow_velocity_ms": 0.1202,
    "generation_score": 30.1316,
    "impact_score": 23.4003,
    "impervious_pct": 30.22,
    "land_ownership": 0.5,
    "lat": 35.9073,
    "litter_complaint_density": 0.0,
    "lon": -80.06,
    "navigable_dist_m": null,
    "npdes_points": 1,
    "pixel_col": 645.0,
    "pixel_row": 1389.0,
    "population_density": 617.6,
    "position_along": 0.1667,
    "protected_area_score": 9.2047,
    "rank": 76,
    "road_access_m": 202.6,
    "road_access_score": 0.8,
    "road_density_km_km2": 7.109,
    "robustness_pct": 0.0,
    "runoff_coeff_C": 0.322,
    "seasonal_cv": 0.395,
    "segment_id": 91,
    "segment_length_m": 5573.6079,
    "stream_order": 3,
    "superfund_score": 0.088,
    "tourism_amenity_density": 1.6711,
    "tri_facility_density": 0.0,
    "usgs_mean_q_cfs": 2.539,
    "velocity_feasibility": 0.7,
    "water_intake_score": 1.8022
   },
   "type": "Feature"
  },
  {
   "geometry": {
    "coordinates": [
     -80.0521,
     35.99537
    ],
    "type": "Point"
   },
   "properties": {
    "accumulation": 21967.0,
    "bank_slope_deg": 2.05,
    "bank_slope_score": 1.0,
    "beach_dist_km": 285.92,
    "bridge_proximity_bonus": 0.0,
    "catchment_area_km2": 2.1915,
    "channel_width_m": 4.32,
    "channel_width_score": 1.0,
    "composite_score": 31.0268,
    "cso_density": 0.0,
    "ej_index": 0.4749,
    "elevation_m": 238.4693,
    "estuary_dist_km": 377.1,
    "feasibility_score": 55.0,
    "flood_q10_cfs": 557.72,
    "flow_score": 19.9273,
    "flow_velocity_ms": 0.0342,
    "generation_score": 30.0545,
    "impact_score": 29.2622,
    "impervious_pct": 28.97,
    "land_ownership": 0.5,
    "lat": 35.9954,
    "litter_complaint_density": 0.0,
    "lon": -80.0521,
    "navigable_dist_m": null,
    "npdes_points": 0,
    "pixel_col": 708.0,
    "pixel_row": 410.0,
    "population_density": 801.5,
    "position_along": 0.5,
    "protected_area_score": 12.8669,
    "rank": 77,
    "road_access_m": 83.4,
    "road_access_score": 1.0,
    "road_density_km_km2": 7.478,
    "robustness_pct": 0.0,
    "runoff_coeff_C": 0.3107,
    "seasonal_cv": 0.3837,
    "segment_id": 25,
    "segment_length_m": 416.4874,
    "stream_order": 3,
    "superfund_score": 0.0295,
    "tourism_amenity_density": 2.069,
    "tri_facility_density": 0.0,
    "usgs_mean_q_cfs": 1.15,
    "velocity_feasibility": 0.3,
    "water_intake_score": 1.9236
   },
   "type": "Feature"
  },
  {
   "geometry": {
    "coordinates": [
     -80.127823,
     35.923368
    ],
    "type": "Point"
   },
   "properties": {
    "accumulation": 700357.0,
    "bank_slope_deg": 1.63,
    "bank_slope_score": 1.0,
    "beach_dist_km": 285.58,
    "bridge_proximity_bonus": 0.0,
    "catchment_area_km2": 69.8687,
    "channel_width_m": 18.18,
    "channel_width_score": 0.5,
    "composite_score": 31.0089,
    "cso_density": 0.0,
    "ej_index": 0.3172,
    "elevation_m": 210.2359,
    "estuary_dist_km": 381.73,
    "feasibility_score": 46.4286,
    "flood_q10_cfs": 3760.17,
    "flow_score": 50.6388,
    "flow_velocity_ms": 0.1284,
    "generation_score": 18.9498,
    "impact_score": 19.0,
    "impervious_pct": 16.29,
    "land_ownership": 0.5,
    "lat": 35.9234,
    "litter_complaint_density": 0.0,
    "lon": -80.1278,
    "navigable_dist_m": null,
    "npdes_points": 4,
    "pixel_col": 33.0,
    "pixel_row": 1216.0,
    "population_density": 153.7,
    "position_along": 0.5,
    "protected_area_score": 8.4817,
    "rank": 78,
    "road_access_m": 140.8,
    "road_access_score": 1.0,
    "road_density_km_km2": 1.878,
    "robustness_pct": 0.0,
    "runoff_coeff_C": 0.1966,
    "seasonal_cv": 0.4552,
    "segment_id": 76,
    "segment_length_m": 876.3545,
    "stream_order": 3,
    "superfund_score": 0.0331,
    "tourism_amenity_density": 0.0,
    "tri_facility_density": 0.0143,
    "usgs_mean_q_cfs": 31.4,
    "velocity_feasibility": 0.7,
    "water_intake_score": 2.0582
   },
   "type": "Feature"
  },
  {
   "geometry": {
    "coordinates": [
     -80.088162,
     35.931336
    ],
    "type": "Point"
   },
   "properties": {
    "accumulation": 132922.0,
    "bank_slope_deg": 2.85,
    "bank_slope_score": 1.0,
    "beach_dist_km": 283.49,
    "bridge_proximity_bonus": 0.2,
    "catchment_area_km2": 13.2605,
    "channel_width_m": 9.12,
    "channel_width_score": 1.0,
    "composite_score": 30.8833,
    "cso_density": 0.0,
    "ej_index": 0.312,
    "elevation_m": 217.8341,
    "estuary_dist_km": 378.47,
    "feasibility_score": 85.0,
    "flood_q10_cfs": 1195.93,
    "flow_score": 45.0637,
    "flow_velocity_ms": 0.5,
    "generation_score": 5.5211,
    "impact_score": 17.3702,
    "impervious_pct": null,
    "land_ownership": 0.5,
    "lat": 35.9313,
    "litter_complaint_density": 0.0,
    "lon": -80.0882,
    "navigable_dist_m": null,
    "npdes_points": 0,
    "pixel_col": 388.0,
    "pixel_row": 1122.0,
    "population_density": 223.7,
    "position_along": 0.5,
    "protected_area_score": 8.9407,
    "rank": 79,
    "road_access_m": 113.0,
    "road_access_score": 1.0,
    "road_density_km_km2": 3.484,
    "robustness_pct": 0.0,
    "runoff_coeff_C": null,
    "seasonal_cv": null,
    "segment_id": 72,
    "segment_length_m": 5437.6686,
    "stream_order": 3,
    "superfund_score": 0.0418,
    "tourism_amenity_density": 0.0,
    "tri_facility_density": 0.0,
    "usgs_mean_q_cfs": null,
    "velocity_feasibility": 1.0,
    "water_intake_score": 1.8807
   },
   "type": "Feature"
  },
  {
   "geometry": {
    "coordinates": [
     -80.007215,
     35.898618
    ],
    "type": "Point"
   },
   "properties": {
    "accumulation": 27766.0,
    "bank_slope_deg": 3.06,
    "bank_slope_score": 1.0,
    "beach_dist_km": 275.64,
    "bridge_proximity_bonus": 0.0,
    "catchment_area_km2": 2.77,
    "channel_width_m": 4.76,
    "channel_width_score": 1.0,
    "composite_score": 30.6097,
    "cso_density": 0.0,
    "ej_index": 0.4793,
    "elevation_m": 216.9065,
    "estuary_dist_km": 370.53,
    "feasibility_score": 66.4286,
    "flood_q10_cfs": 677.51,
    "flow_score": 22.4336,
    "flow_velocity_ms": 0.1209,
    "generation_score": 20.6245,
    "impact_score": 29.4987,
    "impervious_pct": 30.0,
    "land_ownership": 0.5,
    "lat": 35.8986,
    "litter_complaint_density": 0.0,
    "lon": -80.0072,
    "navigable_dist_m": null,
    "npdes_points": 1,
    "pixel_col": 1126.0,
    "pixel_row": 1481.0,
    "population_density": 212.2,
    "position_along": 0.5,
    "protected_area_score": 10.1446,
    "rank": 80,
    "road_access_m": 74.2,
    "road_access_score": 1.0,
    "road_density_km_km2": 3.255,
    "robustness_pct": 0.0,
    "runoff_coeff_C": 0.32,
    "seasonal_cv": 0.3886,
    "segment_id": 82,
    "segment_length_m": 2224.8658,
    "stream_order": 3,
    "superfund_score": 0.0917,
    "tourism_amenity_density": 1.3528,
    "tri_facility_density": 0.0,
    "usgs_mean_q_cfs": 1.725,
    "velocity_feasibility": 0.7,
    "water_intake_score": 1.7293
   },
   "type": "Feature"
  },
  {
   "geometry": {
    "coordinates": [
     -80.056033,
     36.002066
    ],
    "type": "Point"
   },
   "properties": {
    "accumulation": 41546.0,
    "bank_slope_deg": 5.46,
    "bank_slope_score": 1.0,
    "beach_dist_km": 286.69,
    "bridge_proximity_bonus": 0.0,
    "catchment_area_km2": 4.1447,
    "channel_width_m": 5.63,
    "channel_width_score": 1.0,
    "composite_score": 30.4528,
    "cso_density": 0.0,
    "ej_index": 0.4528,
    "elevation_m": 240.4727,
    "estuary_dist_km": 377.64,
    "feasibility_score": 66.4286,
    "flood_q10_cfs": 693.88,
    "flow_score": 20.8415,
    "flow_velocity_ms": 0.0937,
    "generation_score": 24.1166,
    "impact_score": 26.8106,
    "impervious_pct": 14.01,
    "land_ownership": 0.5,
    "lat": 36.0021,
    "litter_complaint_density": 0.0,
    "lon": -80.056,
    "navigable_dist_m": null,
    "npdes_points": 0,
    "pixel_col": 673.0,
    "pixel_row": 336.0,
    "population_density": 949.0,
    "position_along": 0.75,
    "protected_area_score": 13.1295,
    "rank": 81,
    "road_access_m": 149.6,
    "road_access_score": 1.0,
    "road_density_km_km2": 6.522,
    "robustness_pct": 0.0,
    "runoff_coeff_C": 0.1761,
    "seasonal_cv": 0.3853,
    "segment_id": 1,
    "segment_length_m": 3232.7789,
    "stream_order": 3,
    "superfund_score": 0.0297,
    "tourism_amenity_density": 1.4324,
    "tri_facility_density": 0.0,
    "usgs_mean_q_cfs": 2.392,
    "velocity_feasibility": 0.7,
    "water_intake_score": 1.8982
   },
   "type": "Feature"
  },
  {
   "geometry": {
    "coordinates": [
     -80.048496,
     35.980645
    ],
    "type": "Point"
   },
   "properties": {
    "accumulation": 51052.0,
    "bank_slope_deg": 3.26,
    "bank_slope_score": 1.0,
    "beach_dist_km": 284.56,
    "bridge_proximity_bonus": 0.0,
    "catchment_area_km2": 5.093,
    "channel_width_m": 6.13,
    "channel_width_score": 1.0,
    "composite_score": 30.1675,
    "cso_density": 0.0,
    "ej_index": 0.4648,
    "elevation_m": 233.1285,
    "estuary_dist_km": 376.37,
    "feasibility_score": 66.4286,
    "flood_q10_cfs": 1021.56,
    "flow_score": 23.5392,
    "flow_velocity_ms": 0.1026,
    "generation_score": 20.1811,
    "impact_score": 27.5472,
    "impervious_pct": 27.24,
    "land_ownership": 0.5,
    "lat": 35.9806,
    "litter_complaint_density": 0.0,
    "lon": -80.0485,
    "navigable_dist_m": null,
    "npdes_points": 0,
    "pixel_col": 741.0,
    "pixel_row": 572.0,
    "population_density": 384.0,
    "position_along": 0.5,
    "protected_area_score": 11.329,
    "rank": 82,
    "road_access_m": 136.3,
    "road_access_score": 1.0,
    "road_density_km_km2": 4.015,
    "robustness_pct": 0.0,
    "runoff_coeff_C": 0.2952,
    "seasonal_cv": 0.3872,
    "segment_id": 28,
    "segment_length_m": 2034.0886,
    "stream_order": 3,
    "superfund_score": 0.0324,
    "tourism_amenity_density": 0.9549,
    "tri_facility_density": 0.0,
    "usgs_mean_q_cfs": 2.605,
    "velocity_feasibility": 0.7,
    "water_intake_score": 1.9394
   },
   "type": "Feature"
  },
  {
   "geometry": {
    "coordinates": [
     -80.102203,
     35.905328
    ],
    "type": "Point"
   },
   "properties": {
    "accumulation": 154299.0,
    "bank_slope_deg": 4.22,
    "bank_slope_score": 1.0,
    "beach_dist_km": 282.52,
    "bridge_proximity_bonus": 0.0,
    "catchment_area_km2": 15.3931,
    "channel_width_m": 9.7,
    "channel_width_score": 1.0,
    "composite_score": 30.1373,
    "cso_density": 0.0,
    "ej_index": 0.4964,
    "elevation_m": 213.6549,
    "estuary_dist_km": 379.02,
    "feasibility_score": 59.2857,
    "flood_q10_cfs": 1806.59,
    "flow_score": 29.2804,
    "flow_velocity_ms": 0.1438,
    "generation_score": 18.3203,
    "impact_score": 28.0941,
    "impervious_pct": 23.88,
    "land_ownership": 0.5,
    "lat": 35.9053,
    "litter_complaint_density": 0.0,
    "lon": -80.1022,
    "navigable_dist_m": null,
    "npdes_points": 0,
    "pixel_col": 264.0,
    "pixel_row": 1413.0,
    "population_density": 317.3,
    "position_along": 0.5,
    "protected_area_score": 8.5933,
    "rank": 83,
    "road_access_m": 223.8,
    "road_access_score": 0.8,
    "road_density_km_km2": 4.401,
    "robustness_pct": 0.0,
    "runoff_coeff_C": 0.2649,
    "seasonal_cv": 0.4215,
    "segment_id": 92,
    "segment_length_m": 1596.6212,
    "stream_order": 3,
    "superfund_score": 0.1558,
    "tourism_amenity_density": 2.1486,
    "tri_facility_density": 0.0,
    "usgs_mean_q_cfs": 7.458,
    "velocity_feasibility": 0.7,
    "water_intake_score": 1.963
   },
   "type": "Feature"
  },
  {
   "geometry": {
    "coordinates": [
     -80.051036,
     36.014233
    ],
    "type": "Point"
   },
   "properties": {
    "accumulation": 28423.0,
    "bank_slope_deg": 3.39,
    "bank_slope_score": 1.0,
    "beach_dist_km": 287.29,
    "bridge_proximity_bonus": 0.0,
    "catchment_area_km2": 2.8355,
    "channel_width_m": 4.81,
    "channel_width_score": 1.0,
    "composite_score": 29.9236,
    "cso_density": 0.0,
    "ej_index": 0.4013,
    "elevation_m": 251.3952,
    "estuary_dist_km": 377.56,
    "feasibility_score": 59.2857,
    "flood_q10_cfs": 521.25,
    "flow_score": 20.4797,
    "flow_velocity_ms": 0.1128,
    "generation_score": 26.1945,
    "impact_score": 26.8417,
    "impervious_pct": 14.01,
    "land_ownership": 0.5,
    "lat": 36.0142,
    "litter_complaint_density": 0.0,
    "lon": -80.051,
    "navigable_dist_m": null,
    "npdes_points": 4,
    "pixel_col": 715.0,
    "pixel_row": 201.0,
    "population_density": 508.5,
    "position_along": 0.25,
    "protected_area_score": 14.3758,
    "rank": 84,
    "road_access_m": 226.6,
    "road_access_score": 0.8,
    "road_density_km_km2": 5.374,
    "robustness_pct": 0.0,
    "runoff_coeff_C": 0.1761,
    "seasonal_cv": 0.3853,
    "segment_id": 1,
    "segment_length_m": 3232.7789,
    "stream_order": 3,
    "superfund_score": 0.0353,
    "tourism_amenity_density": 1.512,
    "tri_facility_density": 0.0,
    "usgs_mean_q_cfs": 2.392,
    "velocity_feasibility": 0.7,
    "water_intake_score": 1.9024
   },
   "type": "Feature"
  },
  {
   "geometry": {
    "coordinates": [
     -79.892682,
     35.883956
    ],
    "type": "Point"
   },
   "properties": {
    "accumulation": 20359.0,
    "bank_slope_deg": 6.16,
    "bank_slope_score": 1.0,
    "beach_dist_km": 266.98,
    "bridge_proximity_bonus": 0.0,
    "catchment_area_km2": 2.031,
    "channel_width_m": 4.19,
    "channel_width_score": 1.0,
    "composite_score": 29.8582,
    "cso_density": 0.0,
    "ej_index": 0.331,
    "elevation_m": 207.8737,
    "estuary_dist_km": 360.12,
    "feasibility_score": 81.4286,
    "flood_q10_cfs": 332.28,
    "flow_score": 17.5324,
    "flow_velocity_ms": 0.0876,
    "generation_score": 4.1601,
    "impact_score": 40.0424,
    "impervious_pct": 2.65,
    "land_ownership": 1.0,
    "lat": 35.884,
    "litter_complaint_density": 0.0,
    "lon": -79.8927,
    "navigable_dist_m": null,
    "npdes_points": 1,
    "pixel_col": 2162.0,
    "pixel_row": 1632.0,
    "population_density": 68.8,
    "position_along": 0.5,
    "protected_area_score": 13.5745,
    "rank": 85,
    "road_access_m": 88.7,
    "road_access_score": 1.0,
    "road_density_km_km2": 1.025,
    "robustness_pct": 0.0,
    "runoff_coeff_C": 0.0738,
    "seasonal_cv": 0.3936,
    "segment_id": 101,
    "segment_length_m": 303.4853,
    "stream_order": 3,
    "superfund_score": 0.0113,
    "tourism_amenity_density": 0.0,
    "tri_facility_density": 0.0,
    "usgs_mean_q_cfs": 1.024,
    "velocity_feasibility": 0.7,
    "water_intake_score": 1.8271
   },
   "type": "Feature"
  },
  {
   "geometry": {
    "coordinates": [
     -80.052878,
     35.904318
    ],
    "type": "Point"
   },
   "properties": {
    "accumulation": 44227.0,
    "bank_slope_deg": 20.29,
    "bank_slope_score": 0.5,
    "beach_dist_km": 279.12,
    "bridge_proximity_bonus": 0.0,
    "catchment_area_km2": 4.4122,
    "channel_width_m": 5.78,
    "channel_width_score": 1.0,
    "composite_score": 29.7731,
    "cso_density": 0.0,
    "ej_index": 0.3909,
    "elevation_m": 253.6583,
    "estuary_dist_km": 374.68,
    "feasibility_score": 56.4286,
    "flood_q10_cfs": 894.5,
    "flow_score": 24.4676,
    "flow_velocity_ms": 0.1771,
    "generation_score": 27.4204,
    "impact_score": 23.2194,
    "impervious_pct": 25.83,
    "land_ownership": 0.5,
    "lat": 35.9043,
    "litter_complaint_density": 0.0,
    "lon": -80.0529,
    "navigable_dist_m": null,
    "npdes_points": 1,
    "pixel_col": 709.0,
    "pixel_row": 1419.0,
    "population_density": 599.1,
    "position_along": 0.5,
    "protected_area_score": 9.477,
    "rank": 86,
    "road_access_m": 86.4,
    "road_access_score": 1.0,
    "road_density_km_km2": 6.644,
    "robustness_pct": 0.0,
    "runoff_coeff_C": 0.2825,
    "seasonal_cv": 0.388,
    "segment_id": 89,
    "segment_length_m": 28.2505,
    "stream_order": 3,
    "superfund_score": 0.0983,
    "tourism_amenity_density": 0.7958,
    "tri_facility_density": 0.0,
    "usgs_mean_q_cfs": 1.247,
    "velocity_feasibility": 0.7,
    "water_intake_score": 1.7843
   },
   "type": "Feature"
  },
  {
   "geometry": {
    "coordinates": [
     -80.008818,
     35.890397
    ],
    "type": "Point"
   },
   "properties": {
    "accumulation": 78902.0,
    "bank_slope_deg": 2.91,
    "bank_slope_score": 1.0,
    "beach_dist_km": 275.14,
    "bridge_proximity_bonus": 0.0,
    "catchment_area_km2": 7.8714,
    "channel_width_m": 7.35,
    "channel_width_score": 1.0,
    "composite_score": 29.7287,
    "cso_density": 0.0,
    "ej_index": 0.42,
    "elevation_m": 210.2258,
    "estuary_dist_km": 370.46,
    "feasibility_score": 74.2857,
    "flood_q10_cfs": 1103.68,
    "flow_score": 23.4543,
    "flow_velocity_ms": 0.112,
    "generation_score": 15.0876,
    "impact_score": 27.3198,
    "impervious_pct": 15.1,
    "land_ownership": 1.0,
    "lat": 35.8904,
    "litter_complaint_density": 0.0,
    "lon": -80.0088,
    "navigable_dist_m": null,
    "npdes_points": 2,
    "pixel_col": 1113.0,
    "pixel_row": 1572.0,
    "population_density": 185.2,
    "position_along": 0.5,
    "protected_area_score": 10.0781,
    "rank": 87,
    "road_access_m": 264.5,
    "road_access_score": 0.8,
    "road_density_km_km2": 2.568,
    "robustness_pct": 0.0,
    "runoff_coeff_C": 0.1859,
    "seasonal_cv": 0.3984,
    "segment_id": 95,
    "segment_length_m": 66.4891,
    "stream_order": 3,
    "superfund_score": 0.0642,
    "tourism_amenity_density": 1.4324,
    "tri_facility_density": 0.0,
    "usgs_mean_q_cfs": 3.661,
    "velocity_feasibility": 0.7,
    "water_intake_score": 1.7081
   },
   "type": "Feature"
  },
  {
   "geometry": {
    "coordinates": [
     -80.049631,
     35.945792
    ],
    "type": "Point"
   },
   "properties": {
    "accumulation": 25108.0,
    "bank_slope_deg": 3.75,
    "bank_slope_score": 1.0,
    "beach_dist_km": 282.0,
    "bridge_proximity_bonus": 0.0,
    "catchment_area_km2": 2.5048,
    "channel_width_m": 4.57,
    "channel_width_score": 1.0,
    "composite_score": 29.4489,
    "cso_density": 0.0,
    "ej_index": 0.3317,
    "elevation_m": 230.2964,
    "estuary_dist_km": 375.5,
    "feasibility_score": 66.4286,
    "flood_q10_cfs": 701.48,
    "flow_score": 22.948,
    "flow_velocity_ms": 0.1174,
    "generation_score": 24.4081,
    "impact_score": 21.4173,
    "impervious_pct": 36.32,
    "land_ownership": 0.5,
    "lat": 35.9458,
    "litter_complaint_density": 0.0,
    "lon": -80.0496,
    "navigable_dist_m": null,
    "npdes_points": 0,
    "pixel_col": 734.0,
    "pixel_row": 961.0,
    "population_density": 417.4,
    "position_along": 0.5,
    "protected_area_score": 9.9017,
    "rank": 88,
    "road_access_m": 186.8,
    "road_access_score": 1.0,
    "road_density_km_km2": 3.833,
    "robustness_pct": 0.0,
    "runoff_coeff_C": 0.3769,
    "seasonal_cv": 0.3857,
    "segment_id": 60,
    "segment_length_m": 1517.7205,
    "stream_order": 3,
    "superfund_score": 0.0462,
    "tourism_amenity_density": 0.557,
    "tri_facility_density": 0.0,
    "usgs_mean_q_cfs": 1.391,
    "velocity_feasibility": 0.7,
    "water_intake_score": 1.8551
   },
   "type": "Feature"
  },
  {
   "geometry": {
    "coordinates": [
     -80.046013,
     35.947938
    ],
    "type": "Point"
   },
   "properties": {
    "accumulation": 25476.0,
    "bank_slope_deg": 3.12,
    "bank_slope_score": 1.0,
    "beach_dist_km": 281.92,
    "bridge_proximity_bonus": 0.0,
    "catchment_area_km2": 2.5415,
    "channel_width_m": 4.59,
    "channel_width_score": 1.0,
    "composite_score": 29.388,
    "cso_density": 0.0,
    "ej_index": 0.3124,
    "elevation_m": 231.7333,
    "estuary_dist_km": 375.24,
    "feasibility_score": 66.4286,
    "flood_q10_cfs": 659.07,
    "flow_score": 21.5958,
    "flow_velocity_ms": 0.0802,
    "generation_score": 24.7363,
    "impact_score": 22.013,
    "impervious_pct": 32.13,
    "land_ownership": 0.5,
    "lat": 35.9479,
    "litter_complaint_density": 0.0,
    "lon": -80.046,
    "navigable_dist_m": null,
    "npdes_points": 0,
    "pixel_col": 767.0,
    "pixel_row": 935.0,
    "population_density": 466.2,
    "position_along": 0.5,
    "protected_area_score": 10.2909,
    "rank": 89,
    "road_access_m": 198.4,
    "road_access_score": 1.0,
    "road_density_km_km2": 5.21,
    "robustness_pct": 0.0,
    "runoff_coeff_C": 0.3392,
    "seasonal_cv": 0.3859,
    "segment_id": 53,
    "segment_length_m": 2419.1922,
    "stream_order": 3,
    "superfund_score": 0.0485,
    "tourism_amenity_density": 0.557,
    "tri_facility_density": 0.0,
    "usgs_mean_q_cfs": 1.542,
    "velocity_feasibility": 0.7,
    "water_intake_score": 1.8715
   },
   "type": "Feature"
  },
  {
   "geometry": {
    "coordinates": [
     -79.941182,
     35.939756
    ],
    "type": "Point"
   },
   "properties": {
    "accumulation": 59855.0,
    "bank_slope_deg": 0.8,
    "bank_slope_score": 1.0,
    "beach_dist_km": 274.42,
    "bridge_proximity_bonus": 0.0,
    "catchment_area_km2": 5.9712,
    "channel_width_m": 6.55,
    "channel_width_score": 1.0,
    "composite_score": 28.8942,
    "cso_density": 0.0,
    "ej_index": 0.6578,
    "elevation_m": 215.6931,
    "estuary_dist_km": 365.87,
    "feasibility_score": 40.7143,
    "flood_q10_cfs": 950.18,
    "flow_score": 21.2012,
    "flow_velocity_ms": 0.0429,
    "generation_score": 10.7657,
    "impact_score": 47.5234,
    "impervious_pct": 16.25,
    "land_ownership": 0.5,
    "lat": 35.9398,
    "litter_complaint_density": 0.0,
    "lon": -79.9412,
    "navigable_dist_m": null,
    "npdes_points": 0,
    "pixel_col": 1718.0,
    "pixel_row": 1015.0,
    "population_density": 105.4,
    "position_along": 0.75,
    "protected_area_score": 15.8471,
    "rank": 90,
    "road_access_m": 524.0,
    "road_access_score": 0.6,
    "road_density_km_km2": 3.035,
    "robustness_pct": 0.0,
    "runoff_coeff_C": 0.1962,
    "seasonal_cv": 0.3906,
    "segment_id": 67,
    "segment_length_m": 3263.5747,
    "stream_order": 3,
    "superfund_score": 0.0262,
    "tourism_amenity_density": 0.3183,
    "tri_facility_density": 0.0,
    "usgs_mean_q_cfs": 2.99,
    "velocity_feasibility": 0.3,
    "water_intake_score": 1.9199
   },
   "type": "Feature"
  },
  {
   "geometry": {
    "coordinates": [
     -80.055262,
     35.92775
    ],
    "type": "Point"
   },
   "properties": {
    "accumulation": 46873.0,
    "bank_slope_deg": 8.33,
    "bank_slope_score": 1.0,
    "beach_dist_km": 281.02,
    "bridge_proximity_bonus": 0.0,
    "catchment_area_km2": 4.6761,
    "channel_width_m": 5.92,
    "channel_width_score": 1.0,
    "composite_score": 28.7767,
    "cso_density": 0.0,
    "ej_index": 0.3957,
    "elevation_m": 231.4842,
    "estuary_dist_km": 375.5,
    "feasibility_score": 66.4286,
    "flood_q10_cfs": 995.13,
    "flow_score": 24.4382,
    "flow_velocity_ms": 0.1407,
    "generation_score": 20.5436,
    "impact_score": 21.7991,
    "impervious_pct": 29.42,
    "land_ownership": 0.5,
    "lat": 35.9278,
    "litter_complaint_density": 0.0,
    "lon": -80.0553,
    "navigable_dist_m": null,
    "npdes_points": 0,
    "pixel_col": 685.0,
    "pixel_row": 1159.0,
    "population_density": 355.9,
    "position_along": 0.5,
    "protected_area_score": 9.0425,
    "rank": 91,
    "road_access_m": 138.8,
    "road_access_score": 1.0,
    "road_density_km_km2": 3.789,
    "robustness_pct": 0.0,
    "runoff_coeff_C": 0.3148,
    "seasonal_cv": 0.3948,
    "segment_id": 71,
    "segment_length_m": 2457.1367,
    "stream_order": 3,
    "superfund_score": 0.0531,
    "tourism_amenity_density": 0.4775,
    "tri_facility_density": 0.0,
    "usgs_mean_q_cfs": 2.923,
    "velocity_feasibility": 0.7,
    "water_intake_score": 1.8257
   },
   "type": "Feature"
  },
  {
   "geometry": {
    "coordinates": [
     -79.910157,
     35.900003
    ],
    "type": "Point"
   },
   "properties": {
    "accumulation": 35891.0,
    "bank_slope_deg": 0.78,
    "bank_slope_score": 1.0,
    "beach_dist_km": 269.35,
    "bridge_proximity_bonus": 0.0,
    "catchment_area_km2": 3.5805,
    "channel_width_m": 5.3,
    "channel_width_score": 1.0,
    "composite_score": 28.732,
    "cso_density": 0.0,
    "ej_index": 0.331,
    "elevation_m": 220.5181,
    "estuary_dist_km": 362.08,
    "feasibility_score": 66.4286,
    "flood_q10_cfs": 555.2,
    "flow_score": 19.3475,
    "flow_velocity_ms": 0.0843,
    "generation_score": 8.4752,
    "impact_score": 37.9608,
    "impervious_pct": 7.57,
    "land_ownership": 0.5,
    "lat": 35.9,
    "litter_complaint_density": 0.0,
    "lon": -79.9102,
    "navigable_dist_m": null,
    "npdes_points": 1,
    "pixel_col": 2002.0,
    "pixel_row": 1456.0,
    "population_density": 68.8,
    "position_along": 0.25,
    "protected_area_score": 14.4424,
    "rank": 92,
    "road_access_m": 157.1,
    "road_access_score": 1.0,
    "road_density_km_km2": 2.871,
    "robustness_pct": 0.0,
    "runoff_coeff_C": 0.1181,
    "seasonal_cv": 0.3861,
    "segment_id": 80,
    "segment_length_m": 3672.9638,
    "stream_order": 3,
    "superfund_score": 0.0146,
    "tourism_amenity_density": 0.3979,
    "tri_facility_density": 0.0,
    "usgs_mean_q_cfs": 1.981,
    "velocity_feasibility": 0.7,
    "water_intake_score": 1.7833
   },
   "type": "Feature"
  },
  {
   "geometry": {
    "coordinates": [
     -80.085799,
     35.90982
    ],
    "type": "Point"
   },
   "properties": {
    "accumulation": 32137.0,
    "bank_slope_deg": 4.3,
    "bank_slope_score": 1.0,
    "beach_dist_km": 281.75,
    "bridge_proximity_bonus": 0.0,
    "catchment_area_km2": 3.206,
    "channel_width_m": 5.06,
    "channel_width_score": 1.0,
    "composite_score": 28.6886,
    "cso_density": 0.0,
    "ej_index": 0.353,
    "elevation_m": 222.9642,
    "estuary_dist_km": 377.7,
    "feasibility_score": 66.4286,
    "flood_q10_cfs": 692.44,
    "flow_score": 21.8793,
    "flow_velocity_ms": 0.1167,
    "generation_score": 20.0044,
    "impact_score": 24.1771,
    "impervious_pct": 24.95,
    "land_ownership": 0.5,
    "lat": 35.9098,
    "litter_complaint_density": 0.0,
    "lon": -80.0858,
    "navigable_dist_m": null,
    "npdes_points": 0,
    "pixel_col": 413.0,
    "pixel_row": 1363.0,
    "population_density": 387.0,
    "position_along": 0.5,
    "protected_area_score": 8.9403,
    "rank": 93,
    "road_access_m": 152.3,
    "road_access_score": 1.0,
    "road_density_km_km2": 4.71,
    "robustness_pct": 0.0,
    "runoff_coeff_C": 0.2745,
    "seasonal_cv": 0.3943,
    "segment_id": 78,
    "segment_length_m": 2526.0494,
    "stream_order": 3,
    "superfund_score": 0.0978,
    "tourism_amenity_density": 3.1831,
    "tri_facility_density": 0.0,
    "usgs_mean_q_cfs": 1.796,
    "velocity_feasibility": 0.7,
    "water_intake_score": 1.8852
   },
   "type": "Feature"
  },
  {
   "geometry": {
    "coordinates": [
     -80.007704,
     35.887653
    ],
    "type": "Point"
   },
   "properties": {
    "accumulation": 116187.0,
    "bank_slope_deg": 7.51,
    "bank_slope_score": 1.0,
    "beach_dist_km": 274.86,
    "bridge_proximity_bonus": 0.0,
    "catchment_area_km2": 11.591,
    "channel_width_m": 8.63,
    "channel_width_score": 1.0,
    "composite_score": 28.6098,
    "cso_density": 0.0,
    "ej_index": 0.4039,
    "elevation_m": 209.8543,
    "estuary_dist_km": 370.29,
    "feasibility_score": 59.2857,
    "flood_q10_cfs": 1445.43,
    "flow_score": 26.6932,
    "flow_velocity_ms": 0.1406,
    "generation_score": 16.4223,
    "impact_score": 27.0565,
    "impervious_pct": 19.11,
    "land_ownership": 0.5,
    "lat": 35.8877,
    "litter_complaint_density": 0.0,
    "lon": -80.0077,
    "navigable_dist_m": null,
    "npdes_points": 2,
    "pixel_col": 1124.0,
    "pixel_row": 1603.0,
    "population_density": 180.4,
    "position_along": 0.5,
    "protected_area_score": 10.144,
    "rank": 94,
    "road_access_m": 448.0,
    "road_access_score": 0.8,
    "road_density_km_km2": 2.234,
    "robustness_pct": 0.0,
    "runoff_coeff_C": 0.222,
    "seasonal_cv": 0.4066,
    "segment_id": 96,
    "segment_length_m": 692.432,
    "stream_order": 3,
    "superfund_score": 0.0582,
    "tourism_amenity_density": 1.512,
    "tri_facility_density": 0.0,
    "usgs_mean_q_cfs": 5.593,
    "velocity_feasibility": 0.7,
    "water_intake_score": 1.7021
   },
   "type": "Feature"
  },
  {
   "geometry": {
    "coordinates": [
     -79.922874,
     35.900825
    ],
    "type": "Point"
   },
   "properties": {
    "accumulation": 23105.0,
    "bank_slope_deg": 1.83,
    "bank_slope_score": 1.0,
    "beach_dist_km": 270.24,
    "bridge_proximity_bonus": 0.0,
    "catchment_area_km2": 2.305,
    "channel_width_m": 4.41,
    "channel_width_score": 1.0,
    "composite_score": 28.5925,
    "cso_density": 0.0,
    "ej_index": 0.322,
    "elevation_m": 221.5927,
    "estuary_dist_km": 363.21,
    "feasibility_score": 66.4286,
    "flood_q10_cfs": 403.01,
    "flow_score": 18.9143,
    "flow_velocity_ms": 0.1017,
    "generation_score": 9.5075,
    "impact_score": 36.8247,
    "impervious_pct": 8.23,
    "land_ownership": 0.5,
    "lat": 35.9008,
    "litter_complaint_density": 0.0,
    "lon": -79.9229,
    "navigable_dist_m": null,
    "npdes_points": 0,
    "pixel_col": 1888.0,
    "pixel_row": 1448.0,
    "population_density": 238.8,
    "position_along": 0.5,
    "protected_area_score": 13.7601,
    "rank": 95,
    "road_access_m": 113.5,
    "road_access_score": 1.0,
    "road_density_km_km2": 3.614,
    "robustness_pct": 0.0,
    "runoff_coeff_C": 0.1241,
    "seasonal_cv": 0.386,
    "segment_id": 83,
    "segment_length_m": 1244.9092,
    "stream_order": 3,
    "superfund_score": 0.0167,
    "tourism_amenity_density": 1.4324,
    "tri_facility_density": 0.0,
    "usgs_mean_q_cfs": 1.361,
    "velocity_feasibility": 0.7,
    "water_intake_score": 1.7741
   },
   "type": "Feature"
  },
  {
   "geometry": {
    "coordinates": [
     -80.052773,
     35.987352
    ],
    "type": "Point"
   },
   "properties": {
    "accumulation": 80126.0,
    "bank_slope_deg": 2.0,
    "bank_slope_score": 1.0,
    "beach_dist_km": 285.35,
    "bridge_proximity_bonus": 0.0,
    "catchment_area_km2": 7.9935,
    "channel_width_m": 7.39,
    "channel_width_score": 1.0,
    "composite_score": 28.5175,
    "cso_density": 0.0,
    "ej_index": 0.4644,
    "elevation_m": 233.898,
    "estuary_dist_km": 376.93,
    "feasibility_score": 59.2857,
    "flood_q10_cfs": 1162.48,
    "flow_score": 23.9641,
    "flow_velocity_ms": 0.0988,
    "generation_score": 17.5821,
    "impact_score": 27.8634,
    "impervious_pct": 18.24,
    "land_ownership": 0.5,
    "lat": 35.9874,
    "litter_complaint_density": 0.0,
    "lon": -80.0528,
    "navigable_dist_m": null,
    "npdes_points": 0,
    "pixel_col": 703.0,
    "pixel_row": 499.0,
    "population_density": 452.2,
    "position_along": 0.5,
    "protected_area_score": 11.8725,
    "rank": 96,
    "road_access_m": 217.7,
    "road_access_score": 0.8,
    "road_density_km_km2": 4.5,
    "robustness_pct": 0.0,
    "runoff_coeff_C": 0.2142,
    "seasonal_cv": 0.3962,
    "segment_id": 26,
    "segment_length_m": 2120.5539,
    "stream_order": 3,
    "superfund_score": 0.0298,
    "tourism_amenity_density": 1.512,
    "tri_facility_density": 0.0,
    "usgs_mean_q_cfs": 4.725,
    "velocity_feasibility": 0.7,
    "water_intake_score": 1.9328
   },
   "type": "Feature"
  },
  {
   "geometry": {
    "coordinates": [
     -80.016569,
     35.90478
    ],
    "type": "Point"
   },
   "properties": {
    "accumulation": 29507.0,
    "bank_slope_deg": 5.51,
    "bank_slope_score": 1.0,
    "beach_dist_km": 276.73,
    "bridge_proximity_bonus": 0.0,
    "catchment_area_km2": 2.9437,
    "channel_width_m": 4.88,
    "channel_width_score": 1.0,
    "composite_score": 28.5162,
    "cso_density": 0.0,
    "ej_index": 0.5275,
    "elevation_m": 226.2992,
    "estuary_dist_km": 371.51,
    "feasibility_score": 59.2857,
    "flood_q10_cfs": 641.95,
    "flow_score": 21.5506,
    "flow_velocity_ms": 0.109,
    "generation_score": 17.9261,
    "impact_score": 29.5262,
    "impervious_pct": 24.3,
    "land_ownership": 0.5,
    "lat": 35.9048,
    "litter_complaint_density": 0.0,
    "lon": -80.0166,
    "navigable_dist_m": null,
    "npdes_points": 0,
    "pixel_col": 1040.0,
    "pixel_row": 1413.0,
    "population_density": 166.7,
    "position_along": 0.25,
    "protected_area_score": 9.9003,
    "rank": 97,
    "road_access_m": 374.1,
    "road_access_score": 0.8,
    "road_density_km_km2": 3.008,
    "robustness_pct": 0.0,
    "runoff_coeff_C": 0.2687,
    "seasonal_cv": 0.3872,
    "segment_id": 79,
    "segment_length_m": 3225.9242,
    "stream_order": 3,
    "superfund_score": 0.1312,
    "tourism_amenity_density": 0.7162,
    "tri_facility_density": 0.3397,
    "usgs_mean_q_cfs": 1.698,
    "velocity_feasibility": 0.7,
    "water_intake_score": 1.7449
   },
   "type": "Feature"
  },
  {
   "geometry": {
    "coordinates": [
     -80.12108,
     35.93275
    ],
    "type": "Point"
   },
   "properties": {
    "accumulation": 653382.0,
    "bank_slope_deg": 2.92,
    "bank_slope_score": 1.0,
    "beach_dist_km": 285.81,
    "bridge_proximity_bonus": 0.0,
    "catchment_area_km2": 65.1824,
    "channel_width_m": 17.66,
    "channel_width_score": 0.5,
    "composite_score": 28.4326,
    "cso_density": 0.0,
    "ej_index": 0.3042,
    "elevation_m": 211.9211,
    "estuary_dist_km": 381.39,
    "feasibility_score": 32.1429,
    "flood_q10_cfs": 3662.58,
    "flow_score": 48.7108,
    "flow_velocity_ms": 0.1155,
    "generation_score": 21.1564,
    "impact_score": 16.9551,
    "impervious_pct": 17.17,
    "land_ownership": 0.5,
    "lat": 35.9328,
    "litter_complaint_density": 0.0,
    "lon": -80.1211,
    "navigable_dist_m": null,
    "npdes_points": 5,
    "pixel_col": 92.0,
    "pixel_row": 1112.0,
    "population_density": 131.8,
    "position_along": 0.5,
    "protected_area_score": 8.9545,
    "rank": 98,
    "road_access_m": 551.2,
    "road_access_score": 0.6,
    "road_density_km_km2": 1.884,
    "robustness_pct": 0.0,
    "runoff_coeff_C": 0.2045,
    "seasonal_cv": 0.4512,
    "segment_id": 73,
    "segment_length_m": 2267.3634,
    "stream_order": 3,
    "superfund_score": 0.0301,
    "tourism_amenity_density": 0.0,
    "tri_facility_density": 0.0,
    "usgs_mean_q_cfs": 29.33,
    "velocity_feasibility": 0.7,
    "water_intake_score": 1.9777
   },
   "type": "Feature"
  },
  {
   "geometry": {
    "coordinates": [
     -80.07076,
     35.934265
    ],
    "type": "Point"
   },
   "properties": {
    "accumulation": 101958.0,
    "bank_slope_deg": 4.65,
    "bank_slope_score": 1.0,
    "beach_dist_km": 282.55,
    "bridge_proximity_bonus": 0.2,
    "catchment_area_km2": 10.1715,
    "channel_width_m": 8.17,
    "channel_width_score": 1.0,
    "composite_score": 28.3021,
    "cso_density": 0.0,
    "ej_index": 0.3042,
    "elevation_m": 221.5906,
    "estuary_dist_km": 377.03,
    "feasibility_score": 76.4286,
    "flood_q10_cfs": 1442.48,
    "flow_score": 26.215,
    "flow_velocity_ms": 0.1148,
    "generation_score": 16.5533,
    "impact_score": 17.7271,
    "impervious_pct": 24.2,
    "land_ownership": 0.5,
    "lat": 35.9343,
    "litter_complaint_density": 0.0,
    "lon": -80.0708,
    "navigable_dist_m": null,
    "npdes_points": 0,
    "pixel_col": 545.0,
    "pixel_row": 1090.0,
    "population_density": 241.1,
    "position_along": 0.1667,
    "protected_area_score": 9.0202,
    "rank": 99,
    "road_access_m": 145.3,
    "road_access_score": 1.0,
    "road_density_km_km2": 3.555,
    "robustness_pct": 0.0,
    "runoff_coeff_C": 0.2678,
    "seasonal_cv": 0.4091,
    "segment_id": 72,
    "segment_length_m": 5437.6686,
    "stream_order": 3,
    "superfund_score": 0.0427,
    "tourism_amenity_density": 0.1592,
    "tri_facility_density": 0.0,
    "usgs_mean_q_cfs": 5.78,
    "velocity_feasibility": 0.7,
    "water_intake_score": 1.8446
   },
   "type": "Feature"
  },
  {
   "geometry": {
    "coordinates": [
     -79.901258,
     35.88997
    ],
    "type": "Point"
   },
   "properties": {
    "accumulation": 59688.0,
    "bank_slope_deg": 1.67,
    "bank_slope_score": 1.0,
    "beach_dist_km": 268.0,
    "bridge_proximity_bonus": 0.0,
    "catchment_area_km2": 5.9546,
    "channel_width_m": 6.54,
    "channel_width_score": 1.0,
    "composite_score": 28.2204,
    "cso_density": 0.0,
    "ej_index": 0.331,
    "elevation_m": 213.6097,
    "estuary_dist_km": 361.03,
    "feasibility_score": 66.4286,
    "flood_q10_cfs": 787.92,
    "flow_score": 20.5596,
    "flow_velocity_ms": 0.0837,
    "generation_score": 5.3684,
    "impact_score": 38.3525,
    "impervious_pct": 5.67,
    "land_ownership": 0.5,
    "lat": 35.89,
    "litter_complaint_density": 0.0,
    "lon": -79.9013,
    "navigable_dist_m": null,
    "npdes_points": 1,
    "pixel_col": 2085.0,
    "pixel_row": 1566.0,
    "population_density": 68.8,
    "position_along": 0.75,
    "protected_area_score": 13.6477,
    "rank": 100,
    "road_access_m": 177.6,
    "road_access_score": 1.0,
    "road_density_km_km2": 0.911,
    "robustness_pct": 0.0,
    "runoff_coeff_C": 0.101,
    "seasonal_cv": 0.3905,
    "segment_id": 80,
    "segment_length_m": 3672.9638,
    "stream_order": 3,
    "superfund_score": 0.0126,
    "tourism_amenity_density": 0.0,
    "tri_facility_density": 0.0,
    "usgs_mean_q_cfs": 3.122,
    "velocity_feasibility": 0.7,
    "water_intake_score": 1.8005
   },
   "type": "Feature"
  },
  {
   "geometry": {
    "coordinates": [
     -80.095638,
     35.94445
    ],
    "type": "Point"
   },
   "properties": {
    "accumulation": 204968.0,
    "bank_slope_deg": 2.86,
    "bank_slope_score": 1.0,
    "beach_dist_km": 284.97,
    "bridge_proximity_bonus": 0.0,
    "catchment_area_km2": 20.4479,
    "channel_width_m": 10.92,
    "channel_width_score": 1.0,
    "composite_score": 28.1034,
    "cso_density": 0.0,
    "ej_index": 0.3453,
    "elevation_m": 216.4643,
    "estuary_dist_km": 379.48,
    "feasibility_score": 59.2857,
    "flood_q10_cfs": 2010.33,
    "flow_score": 30.561,
    "flow_velocity_ms": 0.1155,
    "generation_score": 21.7528,
    "impact_score": 16.8149,
    "impervious_pct": 20.23,
    "land_ownership": 0.5,
    "lat": 35.9445,
    "litter_complaint_density": 0.0,
    "lon": -80.0956,
    "navigable_dist_m": null,
    "npdes_points": 4,
    "pixel_col": 319.0,
    "pixel_row": 978.0,
    "population_density": 156.9,
    "position_along": 0.75,
    "protected_area_score": 9.1386,
    "rank": 101,
    "road_access_m": 203.9,
    "road_access_score": 0.8,
    "road_density_km_km2": 2.862,
    "robustness_pct": 0.0,
    "runoff_coeff_C": 0.2321,
    "seasonal_cv": 0.4175,
    "segment_id": 62,
    "segment_length_m": 3677.5168,
    "stream_order": 3,
    "superfund_score": 0.0306,
    "tourism_amenity_density": 0.0,
    "tri_facility_density": 0.0,
    "usgs_mean_q_cfs": 9.817,
    "velocity_feasibility": 0.7,
    "water_intake_score": 1.8721
   },
   "type": "Feature"
  },
  {
   "geometry": {
    "coordinates": [
     -80.109706,
     35.940503
    ],
    "type": "Point"
   },
   "properties": {
    "accumulation": 477923.0,
    "bank_slope_deg": 1.73,
    "bank_slope_score": 1.0,
    "beach_dist_km": 285.62,
    "bridge_proximity_bonus": 0.0,
    "catchment_area_km2": 47.6783,
    "channel_width_m": 15.51,
    "channel_width_score": 0.5,
    "composite_score": 28.0905,
    "cso_density": 0.0,
    "ej_index": 0.3091,
    "elevation_m": 213.5733,
    "estuary_dist_km": 380.6,
    "feasibility_score": 39.2857,
    "flood_q10_cfs": 3075.83,
    "flow_score": 43.3614,
    "flow_velocity_ms": 0.1815,
    "generation_score": 21.6785,
    "impact_score": 16.1793,
    "impervious_pct": 17.07,
    "land_ownership": 0.5,
    "lat": 35.9405,
    "litter_complaint_density": 0.0,
    "lon": -80.1097,
    "navigable_dist_m": null,
    "npdes_points": 5,
    "pixel_col": 194.0,
    "pixel_row": 1025.0,
    "population_density": 134.3,
    "position_along": 0.5,
    "protected_area_score": 9.1482,
    "rank": 102,
    "road_access_m": 218.7,
    "road_access_score": 0.8,
    "road_density_km_km2": 2.348,
    "robustness_pct": 0.0,
    "runoff_coeff_C": 0.2036,
    "seasonal_cv": 0.4387,
    "segment_id": 63,
    "segment_length_m": 1440.2394,
    "stream_order": 3,
    "superfund_score": 0.0293,
    "tourism_amenity_density": 0.0,
    "tri_facility_density": 0.0,
    "usgs_mean_q_cfs": 21.39,
    "velocity_feasibility": 0.7,
    "water_intake_score": 1.9186
   },
   "type": "Feature"
  },
  {
   "geometry": {
    "coordinates": [
     -80.101934,
     35.948931
    ],
    "type": "Point"
   },
   "properties": {
    "accumulation": 248029.0,
    "bank_slope_deg": 4.12,
    "bank_slope_score": 1.0,
    "beach_dist_km": 285.72,
    "bridge_proximity_bonus": 0.2,
    "catchment_area_km2": 24.7438,
    "channel_width_m": 11.82,
    "channel_width_score": 1.0,
    "composite_score": 28.0795,
    "cso_density": 0.0,
    "ej_index": 0.3275,
    "elevation_m": 215.7774,
    "estuary_dist_km": 380.15,
    "feasibility_score": 62.1429,
    "flood_q10_cfs": 2069.09,
    "flow_score": 30.1252,
    "flow_velocity_ms": 0.056,
    "generation_score": 21.0331,
    "impact_score": 16.3893,
    "impervious_pct": 14.67,
    "land_ownership": 0.5,
    "lat": 35.9489,
    "litter_complaint_density": 0.0,
    "lon": -80.1019,
    "navigable_dist_m": null,
    "npdes_points": 5,
    "pixel_col": 263.0,
    "pixel_row": 930.0,
    "population_density": 134.6,
    "position_along": 0.9,
    "protected_area_score": 9.858,
    "rank": 103,
    "road_access_m": 560.6,
    "road_access_score": 0.6,
    "road_density_km_km2": 2.708,
    "robustness_pct": 0.0,
    "runoff_coeff_C": 0.182,
    "seasonal_cv": 0.4197,
    "segment_id": 29,
    "segment_length_m": 7769.5134,
    "stream_order": 3,
    "superfund_score": 0.0275,
    "tourism_amenity_density": 0.0,
    "tri_facility_density": 0.0,
    "usgs_mean_q_cfs": 11.434,
    "velocity_feasibility": 0.7,
    "water_intake_score": 1.8736
   },
   "type": "Feature"
  },
  {
   "geometry": {
    "coordinates": [
     -80.060664,
     35.975151
    ],
    "type": "Point"
   },
   "properties": {
    "accumulation": 167142.0,
    "bank_slope_deg": 3.06,
    "bank_slope_score": 1.0,
    "beach_dist_km": 284.95,
    "bridge_proximity_bonus": 0.0,
    "catchment_area_km2": 16.6743,
    "channel_width_m": 10.03,
    "channel_width_score": 1.0,
    "composite_score": 27.9566,
    "cso_density": 0.0,
    "ej_index": 0.3434,
    "elevation_m": 228.5452,
    "estuary_dist_km": 377.27,
    "feasibility_score": 59.2857,
    "flood_q10_cfs": 1662.77,
    "flow_score": 27.9311,
    "flow_velocity_ms": 0.0902,
    "generation_score": 19.9274,
    "impact_score": 20.3424,
    "impervious_pct": 14.67,
    "land_ownership": 0.5,
    "lat": 35.9752,
    "litter_complaint_density": 0.0,
    "lon": -80.0607,
    "navigable_dist_m": null,
    "npdes_points": 3,
    "pixel_col": 636.0,
    "pixel_row": 636.0,
    "population_density": 298.4,
    "position_along": 0.1,
    "protected_area_score": 10.8283,
    "rank": 104,
    "road_access_m": 337.4,
    "road_access_score": 0.8,
    "road_density_km_km2": 3.822,
    "robustness_pct": 0.0,
    "runoff_coeff_C": 0.182,
    "seasonal_cv": 0.4197,
    "segment_id": 29,
    "segment_length_m": 7769.5134,
    "stream_order": 3,
    "superfund_score": 0.0301,
    "tourism_amenity_density": 0.0796,
    "tri_facility_density": 0.0,
    "usgs_mean_q_cfs": 11.434,
    "velocity_feasibility": 0.7,
    "water_intake_score": 1.8823
   },
   "type": "Feature"
  },
  {
   "geometry": {
    "coordinates": [
     -80.122513,
     35.956022
    ],
    "type": "Point"
   },
   "properties": {
    "accumulation": 415435.0,
    "bank_slope_deg": 6.57,
    "bank_slope_score": 1.0,
    "beach_dist_km": 287.63,
    "bridge_proximity_bonus": 0.0,
    "catchment_area_km2": 41.4444,
    "channel_width_m": 14.64,
    "channel_width_score": 1.0,
    "composite_score": 27.9064,
    "cso_density": 0.0,
    "ej_index": 0.2739,
    "elevation_m": 219.8728,
    "estuary_dist_km": 382.14,
    "feasibility_score": 52.1429,
    "flood_q10_cfs": 2477.16,
    "flow_score": 43.6034,
    "flow_velocity_ms": 0.2042,
    "generation_score": 16.0366,
    "impact_score": 14.5771,
    "impervious_pct": 7.02,
    "land_ownership": 0.5,
    "lat": 35.956,
    "litter_complaint_density": 0.0,
    "lon": -80.1225,
    "navigable_dist_m": null,
    "npdes_points": 5,
    "pixel_col": 75.0,
    "pixel_row": 849.0,
    "population_density": 107.1,
    "position_along": 0.5,
    "protected_area_score": 11.1182,
    "rank": 105,
    "road_access_m": 517.6,
    "road_access_score": 0.6,
    "road_density_km_km2": 1.612,
    "robustness_pct": 0.0,
    "runoff_coeff_C": 0.1132,
    "seasonal_cv": 0.453,
    "segment_id": 43,
    "segment_length_m": 96.4533,
    "stream_order": 3,
    "superfund_score": 0.022,
    "tourism_amenity_density": 0.0,
    "tri_facility_density": 0.0,
    "usgs_mean_q_cfs": 37.31,
    "velocity_feasibility": 0.7,
    "water_intake_score": 1.8871
   },
   "type": "Feature"
  },
  {
   "geometry": {
    "coordinates": [
     -80.014472,
     35.894728
    ],
    "type": "Point"
   },
   "properties": {
    "accumulation": 47001.0,
    "bank_slope_deg": 5.64,
    "bank_slope_score": 1.0,
    "beach_dist_km": 275.84,
    "bridge_proximity_bonus": 0.0,
    "catchment_area_km2": 4.6889,
    "channel_width_m": 5.92,
    "channel_width_score": 1.0,
    "composite_score": 27.8392,
    "cso_density": 0.0,
    "ej_index": 0.4508,
    "elevation_m": 213.7617,
    "estuary_dist_km": 371.06,
    "feasibility_score": 66.4286,
    "flood_q10_cfs": 845.49,
    "flow_score": 22.5085,
    "flow_velocity_ms": 0.1208,
    "generation_score": 12.8878,
    "impact_score": 27.9383,
    "impervious_pct": 19.99,
    "land_ownership": 0.5,
    "lat": 35.8947,
    "litter_complaint_density": 0.0,
    "lon": -80.0145,
    "navigable_dist_m": null,
    "npdes_points": 0,
    "pixel_col": 1062.0,
    "pixel_row": 1524.0,
    "population_density": 182.8,
    "position_along": 0.75,
    "protected_area_score": 10.1192,
    "rank": 106,
    "road_access_m": 126.5,
    "road_access_score": 1.0,
    "road_density_km_km2": 2.616,
    "robustness_pct": 0.0,
    "runoff_coeff_C": 0.2299,
    "seasonal_cv": 0.3907,
    "segment_id": 79,
    "segment_length_m": 3225.9242,
    "stream_order": 3,
    "superfund_score": 0.0791,
    "tourism_amenity_density": 1.4324,
    "tri_facility_density": 0.0,
    "usgs_mean_q_cfs": 2.332,
    "velocity_feasibility": 0.7,
    "water_intake_score": 1.7181
   },
   "type": "Feature"
  },
  {
   "geometry": {
    "coordinates": [
     -80.081498,
     35.961225
    ],
    "type": "Point"
   },
   "properties": {
    "accumulation": 208629.0,
    "bank_slope_deg": 6.73,
    "bank_slope_score": 1.0,
    "beach_dist_km": 285.28,
    "bridge_proximity_bonus": 0.0,
    "catchment_area_km2": 20.8132,
    "channel_width_m": 11.0,
    "channel_width_score": 1.0,
    "composite_score": 27.531,
    "cso_density": 0.0,
    "ej_index": 0.3299,
    "elevation_m": 222.0984,
    "estuary_dist_km": 378.7,
    "feasibility_score": 59.2857,
    "flood_q10_cfs": 1880.04,
    "flow_score": 28.6876,
    "flow_velocity_ms": 0.0539,
    "generation_score": 21.4503,
    "impact_score": 16.7704,
    "impervious_pct": 14.67,
    "land_ownership": 0.5,
    "lat": 35.9612,
    "litter_complaint_density": 0.0,
    "lon": -80.0815,
    "navigable_dist_m": null,
    "npdes_points": 5,
    "pixel_col": 447.0,
    "pixel_row": 792.0,
    "population_density": 148.5,
    "position_along": 0.5,
    "protected_area_score": 9.641,
    "rank": 107,
    "road_access_m": 386.4,
    "road_access_score": 0.8,
    "road_density_km_km2": 2.922,
    "robustness_pct": 0.0,
    "runoff_coeff_C": 0.182,
    "seasonal_cv": 0.4197,
    "segment_id": 29,
    "segment_length_m": 7769.5134,
    "stream_order": 3,
    "superfund_score": 0.028,
    "tourism_amenity_density": 0.2387,
    "tri_facility_density": 0.0,
    "usgs_mean_q_cfs": 11.434,
    "velocity_feasibility": 0.7,
    "water_intake_score": 1.8455
   },
   "type": "Feature"
  },
  {
   "geometry": {
    "coordinates": [
     -80.053071,
     35.902649
    ],
    "type": "Point"
   },
   "properties": {
    "accumulation": 22972.0,
    "bank_slope_deg": 4.9,
    "bank_slope_score": 1.0,
    "beach_dist_km": 279.01,
    "bridge_proximity_bonus": 0.0,
    "catchment_area_km2": 2.2917,
    "channel_width_m": 4.4,
    "channel_width_score": 1.0,
    "composite_score": 27.3585,
    "cso_density": 0.0,
    "ej_index": 0.3583,
    "elevation_m": 255.1249,
    "estuary_dist_km": 374.65,
    "feasibility_score": 55.0,
    "flood_q10_cfs": 546.0,
    "flow_score": 19.5492,
    "flow_velocity_ms": 0.0345,
    "generation_score": 24.8821,
    "impact_score": 22.5217,
    "impervious_pct": 25.83,
    "land_ownership": 0.5,
    "lat": 35.9026,
    "litter_complaint_density": 0.0,
    "lon": -80.0531,
    "navigable_dist_m": null,
    "npdes_points": 0,
    "pixel_col": 712.0,
    "pixel_row": 1436.0,
    "population_density": 740.4,
    "position_along": 0.5,
    "protected_area_score": 9.4767,
    "rank": 108,
    "road_access_m": 104.7,
    "road_access_score": 1.0,
    "road_density_km_km2": 4.853,
    "robustness_pct": 0.0,
    "runoff_coeff_C": 0.2825,
    "seasonal_cv": 0.388,
    "segment_id": 90,
    "segment_length_m": 405.0797,
    "stream_order": 3,
    "superfund_score": 0.1067,
    "tourism_amenity_density": 0.8754,
    "tri_facility_density": 0.0,
    "usgs_mean_q_cfs": 1.247,
    "velocity_feasibility": 0.3,
    "water_intake_score": 1.7818
   },
   "type": "Feature"
  },
  {
   "geometry": {
    "coordinates": [
     -80.063005,
     35.946991
    ],
    "type": "Point"
   },
   "properties": {
    "accumulation": 67282.0,
    "bank_slope_deg": 1.63,
    "bank_slope_score": 1.0,
    "beach_dist_km": 282.98,
    "bridge_proximity_bonus": 0.0,
    "catchment_area_km2": 6.7122,
    "channel_width_m": 6.88,
    "channel_width_score": 1.0,
    "composite_score": 27.1555,
    "cso_density": 0.0,
    "ej_index": 0.2955,
    "elevation_m": 223.3997,
    "estuary_dist_km": 376.7,
    "feasibility_score": 66.4286,
    "flood_q10_cfs": 1303.74,
    "flow_score": 24.8422,
    "flow_velocity_ms": 0.0963,
    "generation_score": 18.7496,
    "impact_score": 17.8525,
    "impervious_pct": 29.29,
    "land_ownership": 0.5,
    "lat": 35.947,
    "litter_complaint_density": 0.0,
    "lon": -80.063,
    "navigable_dist_m": null,
    "npdes_points": 0,
    "pixel_col": 613.0,
    "pixel_row": 947.0,
    "population_density": 239.9,
    "position_along": 0.5,
    "protected_area_score": 9.5224,
    "rank": 109,
    "road_access_m": 169.9,
    "road_access_score": 1.0,
    "road_density_km_km2": 3.514,
    "robustness_pct": 0.0,
    "runoff_coeff_C": 0.3136,
    "seasonal_cv": 0.3944,
    "segment_id": 61,
    "segment_length_m": 1373.0405,
    "stream_order": 3,
    "superfund_score": 0.038,
    "tourism_amenity_density": 0.0,
    "tri_facility_density": 0.0,
    "usgs_mean_q_cfs": 3.383,
    "velocity_feasibility": 0.7,
    "water_intake_score": 1.8462
   },
   "type": "Feature"
  },
  {
   "geometry": {
    "coordinates": [
     -80.055718,
     35.935482
    ],
    "type": "Point"
   },
   "properties": {
    "accumulation": 28027.0,
    "bank_slope_deg": 10.15,
    "bank_slope_score": 1.0,
    "beach_dist_km": 281.63,
    "bridge_proximity_bonus": 0.0,
    "catchment_area_km2": 2.796,
    "channel_width_m": 4.78,
    "channel_width_score": 1.0,
    "composite_score": 27.1442,
    "cso_density": 0.0,
    "ej_index": 0.3251,
    "elevation_m": 231.5299,
    "estuary_dist_km": 375.75,
    "feasibility_score": 66.4286,
    "flood_q10_cfs": 660.8,
    "flow_score": 22.2482,
    "flow_velocity_ms": 0.1221,
    "generation_score": 19.0904,
    "impact_score": 19.6359,
    "impervious_pct": 28.17,
    "land_ownership": 0.5,
    "lat": 35.9355,
    "litter_complaint_density": 0.0,
    "lon": -80.0557,
    "navigable_dist_m": null,
    "npdes_points": 0,
    "pixel_col": 682.0,
    "pixel_row": 1072.0,
    "population_density": 282.8,
    "position_along": 0.5,
    "protected_area_score": 9.1786,
    "rank": 110,
    "road_access_m": 65.1,
    "road_access_score": 1.0,
    "road_density_km_km2": 3.785,
    "robustness_pct": 0.0,
    "runoff_coeff_C": 0.3035,
    "seasonal_cv": 0.3873,
    "segment_id": 66,
    "segment_length_m": 2117.1265,
    "stream_order": 3,
    "superfund_score": 0.0473,
    "tourism_amenity_density": 0.3979,
    "tri_facility_density": 0.0,
    "usgs_mean_q_cfs": 1.634,
    "velocity_feasibility": 0.7,
    "water_intake_score": 1.832
   },
   "type": "Feature"
  },
  {
   "geometry": {
    "coordinates": [
     -80.101201,
     35.967098
    ],
    "type": "Point"
   },
   "properties": {
    "accumulation": 214053.0,
    "bank_slope_deg": 3.68,
    "bank_slope_score": 1.0,
    "beach_dist_km": 287.03,
    "bridge_proximity_bonus": 0.0,
    "catchment_area_km2": 21.3543,
    "channel_width_m": 11.11,
    "channel_width_score": 1.0,
    "composite_score": 27.1177,
    "cso_density": 0.0,
    "ej_index": 0.3282,
    "elevation_m": 225.5663,
    "estuary_dist_km": 380.58,
    "feasibility_score": 59.2857,
    "flood_q10_cfs": 1752.35,
    "flow_score": 31.6535,
    "flow_velocity_ms": 0.0888,
    "generation_score": 17.9788,
    "impact_score": 16.3927,
    "impervious_pct": 8.55,
    "land_ownership": 0.5,
    "lat": 35.9671,
    "litter_complaint_density": 0.0,
    "lon": -80.1012,
    "navigable_dist_m": null,
    "npdes_points": 5,
    "pixel_col": 269.0,
    "pixel_row": 728.0,
    "population_density": 103.3,
    "position_along": 0.25,
    "protected_area_score": 10.9506,
    "rank": 111,
    "road_access_m": 238.4,
    "road_access_score": 0.8,
    "road_density_km_km2": 2.746,
    "robustness_pct": 0.0,
    "runoff_coeff_C": 0.127,
    "seasonal_cv": 0.437,
    "segment_id": 40,
    "segment_length_m": 3840.8751,
    "stream_order": 3,
    "superfund_score": 0.0236,
    "tourism_amenity_density": 0.7162,
    "tri_facility_density": 0.0,
    "usgs_mean_q_cfs": 25.365,
    "velocity_feasibility": 0.7,
    "water_intake_score": 1.8334
   },
   "type": "Feature"
  },
  {
   "geometry": {
    "coordinates": [
     -80.071999,
     35.968632
    ],
    "type": "Point"
   },
   "properties": {
    "accumulation": 185119.0,
    "bank_slope_deg": 6.36,
    "bank_slope_score": 1.0,
    "beach_dist_km": 285.2,
    "bridge_proximity_bonus": 0.0,
    "catchment_area_km2": 18.4678,
    "channel_width_m": 10.46,
    "channel_width_score": 1.0,
    "composite_score": 26.8599,
    "cso_density": 0.0,
    "ej_index": 0.3337,
    "elevation_m": 224.9541,
    "estuary_dist_km": 378.08,
    "feasibility_score": 59.2857,
    "flood_q10_cfs": 1759.57,
    "flow_score": 29.466,
    "flow_velocity_ms": 0.1264,
    "generation_score": 17.3527,
    "impact_score": 17.9825,
    "impervious_pct": 14.67,
    "land_ownership": 0.5,
    "lat": 35.9686,
    "litter_complaint_density": 0.0,
    "lon": -80.072,
    "navigable_dist_m": null,
    "npdes_points": 3,
    "pixel_col": 530.0,
    "pixel_row": 708.0,
    "population_density": 160.4,
    "position_along": 0.3,
    "protected_area_score": 10.23,
    "rank": 112,
    "road_access_m": 212.1,
    "road_access_score": 0.8,
    "road_density_km_km2": 3.054,
    "robustness_pct": 0.0,
    "runoff_coeff_C": 0.182,
    "seasonal_cv": 0.4197,
    "segment_id": 29,
    "segment_length_m": 7769.5134,
    "stream_order": 3,
    "superfund_score": 0.0285,
    "tourism_amenity_density": 0.2387,
    "tri_facility_density": 0.0,
    "usgs_mean_q_cfs": 11.434,
    "velocity_feasibility": 0.7,
    "water_intake_score": 1.847
   },
   "type": "Feature"
  },
  {
   "geometry": {
    "coordinates": [
     -80.050162,
     35.955807
    ],
    "type": "Point"
   },
   "properties": {
    "accumulation": 47858.0,
    "bank_slope_deg": 3.12,
    "bank_slope_score": 1.0,
    "beach_dist_km": 282.79,
    "bridge_proximity_bonus": 0.0,
    "catchment_area_km2": 4.7744,
    "channel_width_m": 5.97,
    "channel_width_score": 1.0,
    "composite_score": 26.8411,
    "cso_density": 0.0,
    "ej_index": 0.2629,
    "elevation_m": 228.2889,
    "estuary_dist_km": 375.82,
    "feasibility_score": 59.2857,
    "flood_q10_cfs": 1007.67,
    "flow_score": 23.5698,
    "flow_velocity_ms": 0.1032,
    "generation_score": 20.5149,
    "impact_score": 19.6711,
    "impervious_pct": 29.24,
    "land_ownership": 0.5,
    "lat": 35.9558,
    "litter_complaint_density": 0.0,
    "lon": -80.0502,
    "navigable_dist_m": null,
    "npdes_points": 0,
    "pixel_col": 728.0,
    "pixel_row": 847.0,
    "population_density": 332.6,
    "position_along": 0.75,
    "protected_area_score": 10.1944,
    "rank": 113,
    "road_access_m": 207.1,
    "road_access_score": 0.8,
    "road_density_km_km2": 4.08,
    "robustness_pct": 0.0,
    "runoff_coeff_C": 0.3132,
    "seasonal_cv": 0.389,
    "segment_id": 49,
    "segment_length_m": 3917.3523,
    "stream_order": 3,
    "superfund_score": 0.0416,
    "tourism_amenity_density": 0.3979,
    "tri_facility_density": 0.0,
    "usgs_mean_q_cfs": 2.506,
    "velocity_feasibility": 0.7,
    "water_intake_score": 1.8756
   },
   "type": "Feature"
  },
  {
   "geometry": {
    "coordinates": [
     -80.114385,
     35.957106
    ],
    "type": "Point"
   },
   "properties": {
    "accumulation": 229868.0,
    "bank_slope_deg": 3.21,
    "bank_slope_score": 1.0,
    "beach_dist_km": 287.16,
    "bridge_proximity_bonus": 0.0,
    "catchment_area_km2": 22.932,
    "channel_width_m": 11.45,
    "channel_width_score": 1.0,
    "composite_score": 26.7649,
    "cso_density": 0.0,
    "ej_index": 0.2945,
    "elevation_m": 222.4084,
    "estuary_dist_km": 381.46,
    "feasibility_score": 59.2857,
    "flood_q10_cfs": 1822.92,
    "flow_score": 32.7326,
    "flow_velocity_ms": 0.1118,
    "generation_score": 17.1367,
    "impact_score": 15.1594,
    "impervious_pct": 8.55,
    "land_ownership": 0.5,
    "lat": 35.9571,
    "litter_complaint_density": 0.0,
    "lon": -80.1144,
    "navigable_dist_m": null,
    "npdes_points": 5,
    "pixel_col": 149.0,
    "pixel_row": 841.0,
    "population_density": 110.0,
    "position_along": 0.75,
    "protected_area_score": 11.0007,
    "rank": 114,
    "road_access_m": 375.7,
    "road_access_score": 0.8,
    "road_density_km_km2": 1.946,
    "robustness_pct": 0.0,
    "runoff_coeff_C": 0.127,
    "seasonal_cv": 0.437,
    "segment_id": 40,
    "segment_length_m": 3840.8751,
    "stream_order": 3,
    "superfund_score": 0.0231,
    "tourism_amenity_density": 0.0,
    "tri_facility_density": 0.0,
    "usgs_mean_q_cfs": 25.365,
    "velocity_feasibility": 0.7,
    "water_intake_score": 1.8701
   },
   "type": "Feature"
  },
  {
   "geometry": {
    "coordinates": [
     -80.091925,
     35.954511
    ],
    "type": "Point"
   },
   "properties": {
    "accumulation": 228231.0,
    "bank_slope_deg": 2.98,
    "bank_slope_score": 1.0,
    "beach_dist_km": 285.47,
    "bridge_proximity_bonus": 0.0,
    "catchment_area_km2": 22.7687,
    "channel_width_m": 11.41,
    "channel_width_score": 1.0,
    "composite_score": 26.558,
    "cso_density": 0.0,
    "ej_index": 0.3286,
    "elevation_m": 218.8448,
    "estuary_dist_km": 379.43,
    "feasibility_score": 59.2857,
    "flood_q10_cfs": 1975.92,
    "flow_score": 30.8063,
    "flow_velocity_ms": 0.1177,
    "generation_score": 16.9758,
    "impact_score": 16.2362,
    "impervious_pct": 14.67,
    "land_ownership": 0.5,
    "lat": 35.9545,
    "litter_complaint_density": 0.0,
    "lon": -80.0919,
    "navigable_dist_m": null,
    "npdes_points": 3,
    "pixel_col": 353.0,
    "pixel_row": 867.0,
    "population_density": 149.7,
    "position_along": 0.7,
    "protected_area_score": 9.6528,
    "rank": 115,
    "road_access_m": 294.6,
    "road_access_score": 0.8,
    "road_density_km_km2": 2.841,
    "robustness_pct": 0.0,
    "runoff_coeff_C": 0.182,
    "seasonal_cv": 0.4197,
    "segment_id": 29,
    "segment_length_m": 7769.5134,
    "stream_order": 3,
    "superfund_score": 0.0276,
    "tourism_amenity_density": 0.0796,
    "tri_facility_density": 0.0,
    "usgs_mean_q_cfs": 11.434,
    "velocity_feasibility": 0.7,
    "water_intake_score": 1.8526
   },
   "type": "Feature"
  },
  {
   "geometry": {
    "coordinates": [
     -80.089309,
     35.978546
    ],
    "type": "Point"
   },
   "properties": {
    "accumulation": 168322.0,
    "bank_slope_deg": 4.77,
    "bank_slope_score": 1.0,
    "beach_dist_km": 287.1,
    "bridge_proximity_bonus": 0.0,
    "catchment_area_km2": 16.7921,
    "channel_width_m": 10.06,
    "channel_width_score": 1.0,
    "composite_score": 26.493,
    "cso_density": 0.0,
    "ej_index": 0.2584,
    "elevation_m": 230.5896,
    "estuary_dist_km": 379.86,
    "feasibility_score": 59.2857,
    "flood_q10_cfs": 1545.41,
    "flow_score": 30.2217,
    "flow_velocity_ms": 0.1141,
    "generation_score": 18.2375,
    "impact_score": 15.2451,
    "impervious_pct": 9.09,
    "land_ownership": 0.5,
    "lat": 35.9785,
    "litter_complaint_density": 0.0,
    "lon": -80.0893,
    "navigable_dist_m": null,
    "npdes_points": 5,
    "pixel_col": 373.0,
    "pixel_row": 600.0,
    "population_density": 94.0,
    "position_along": 0.75,
    "protected_area_score": 11.5947,
    "rank": 116,
    "road_access_m": 233.4,
    "road_access_score": 0.8,
    "road_density_km_km2": 2.861,
    "robustness_pct": 0.0,
    "runoff_coeff_C": 0.1318,
    "seasonal_cv": 0.4328,
    "segment_id": 20,
    "segment_length_m": 3924.2071,
    "stream_order": 3,
    "superfund_score": 0.0243,
    "tourism_amenity_density": 0.7162,
    "tri_facility_density": 0.0,
    "usgs_mean_q_cfs": 23.02,
    "velocity_feasibility": 0.7,
    "water_intake_score": 1.8197
   },
   "type": "Feature"
  },
  {
   "geometry": {
    "coordinates": [
     -80.105431,
     35.935334
    ],
    "type": "Point"
   },
   "properties": {
    "accumulation": 160526.0,
    "bank_slope_deg": 1.19,
    "bank_slope_score": 1.0,
    "beach_dist_km": 284.95,
    "bridge_proximity_bonus": 0.0,
    "catchment_area_km2": 16.0143,
    "channel_width_m": 9.86,
    "channel_width_score": 1.0,
    "composite_score": 26.3019,
    "cso_density": 0.0,
    "ej_index": 0.3242,
    "elevation_m": 214.3748,
    "estuary_dist_km": 380.09,
    "feasibility_score": 59.2857,
    "flood_q10_cfs": 1735.79,
    "flow_score": 28.1813,
    "flow_velocity_ms": 0.118,
    "generation_score": 17.426,
    "impact_score": 17.1196,
    "impervious_pct": 19.4,
    "land_ownership": 0.5,
    "lat": 35.9353,
    "litter_complaint_density": 0.0,
    "lon": -80.1054,
    "navigable_dist_m": null,
    "npdes_points": 2,
    "pixel_col": 232.0,
    "pixel_row": 1078.0,
    "population_density": 154.2,
    "position_along": 0.8333,
    "protected_area_score": 8.9774,
    "rank": 117,
    "road_access_m": 281.5,
    "road_access_score": 0.8,
    "road_density_km_km2": 3.269,
    "robustness_pct": 0.0,
    "runoff_coeff_C": 0.2246,
    "seasonal_cv": 0.4183,
    "segment_id": 72,
    "segment_length_m": 5437.6686,
    "stream_order": 3,
    "superfund_score": 0.0337,
    "tourism_amenity_density": 0.0,
    "tri_facility_density": 0.0,
    "usgs_mean_q_cfs": 7.507,
    "velocity_feasibility": 0.7,
    "water_intake_score": 1.9205
   },
   "type": "Feature"
  },
  {
   "geometry": {
    "coordinates": [
     -80.078291,
     35.946659
    ],
    "type": "Point"
   },
   "properties": {
    "accumulation": 182571.0,
    "bank_slope_deg": 3.48,
    "bank_slope_score": 1.0,
    "beach_dist_km": 283.97,
    "bridge_proximity_bonus": 0.0,
    "catchment_area_km2": 18.2136,
    "channel_width_m": 10.4,
    "channel_width_score": 1.0,
    "composite_score": 25.8879,
    "cso_density": 0.0,
    "ej_index": 0.3286,
    "elevation_m": 219.5249,
    "estuary_dist_km": 378.02,
    "feasibility_score": 59.2857,
    "flood_q10_cfs": 1942.37,
    "flow_score": 30.1743,
    "flow_velocity_ms": 0.1253,
    "generation_score": 14.3954,
    "impact_score": 17.1094,
    "impervious_pct": 22.38,
    "land_ownership": 0.5,
    "lat": 35.9467,
    "litter_complaint_density": 0.0,
    "lon": -80.0783,
    "navigable_dist_m": null,
    "npdes_points": 0,
    "pixel_col": 476.0,
    "pixel_row": 953.0,
    "population_density": 191.7,
    "position_along": 0.25,
    "protected_area_score": 9.0845,
    "rank": 118,
    "road_access_m": 276.7,
    "road_access_score": 0.8,
    "road_density_km_km2": 2.909,
    "robustness_pct": 0.0,
    "runoff_coeff_C": 0.2514,
    "seasonal_cv": 0.4139,
    "segment_id": 62,
    "segment_length_m": 3677.5168,
    "stream_order": 3,
    "superfund_score": 0.0334,
    "tourism_amenity_density": 0.0,
    "tri_facility_density": 0.0,
    "usgs_mean_q_cfs": 8.843,
    "velocity_feasibility": 0.7,
    "water_intake_score": 1.8519
   },
   "type": "Feature"
  },
  {
   "geometry": {
    "coordinates": [
     -80.015321,
     35.892522
    ],
    "type": "Point"
   },
   "properties": {
    "accumulation": 25457.0,
    "bank_slope_deg": 5.38,
    "bank_slope_score": 1.0,
    "beach_dist_km": 275.73,
    "bridge_proximity_bonus": 0.0,
    "catchment_area_km2": 2.5396,
    "channel_width_m": 4.59,
    "channel_width_score": 1.0,
    "composite_score": 24.8453,
    "cso_density": 0.0,
    "ej_index": 0.428,
    "elevation_m": 214.8332,
    "estuary_dist_km": 371.08,
    "feasibility_score": 66.4286,
    "flood_q10_cfs": 423.95,
    "flow_score": 18.5404,
    "flow_velocity_ms": 0.0869,
    "generation_score": 7.0016,
    "impact_score": 27.1515,
    "impervious_pct": 6.95,
    "land_ownership": 0.5,
    "lat": 35.8925,
    "litter_complaint_density": 0.0,
    "lon": -80.0153,
    "navigable_dist_m": null,
    "npdes_points": 0,
    "pixel_col": 1054.0,
    "pixel_row": 1548.0,
    "population_density": 177.9,
    "position_along": 0.5,
    "protected_area_score": 10.1039,
    "rank": 119,
    "road_access_m": 131.0,
    "road_access_score": 1.0,
    "road_density_km_km2": 2.581,
    "robustness_pct": 0.0,
    "runoff_coeff_C": 0.1125,
    "seasonal_cv": 0.3879,
    "segment_id": 94,
    "segment_length_m": 1610.3307,
    "stream_order": 3,
    "superfund_score": 0.0745,
    "tourism_amenity_density": 1.4324,
    "tri_facility_density": 0.0,
    "usgs_mean_q_cfs": 1.418,
    "velocity_feasibility": 0.7,
    "water_intake_score": 1.7128
   },
   "type": "Feature"
  },
  {
   "geometry": {
    "coordinates": [
     -80.052761,
     35.960868
    ],
    "type": "Point"
   },
   "properties": {
    "accumulation": 27043.0,
    "bank_slope_deg": 3.48,
    "bank_slope_score": 1.0,
    "beach_dist_km": 283.34,
    "bridge_proximity_bonus": 0.0,
    "catchment_area_km2": 2.6979,
    "channel_width_m": 4.71,
    "channel_width_score": 1.0,
    "composite_score": 24.3019,
    "cso_density": 0.0,
    "ej_index": 0.2805,
    "elevation_m": 229.7634,
    "estuary_dist_km": 376.18,
    "feasibility_score": 59.2857,
    "flood_q10_cfs": 520.49,
    "flow_score": 20.4298,
    "flow_velocity_ms": 0.1106,
    "generation_score": 15.1148,
    "impact_score": 19.2237,
    "impervious_pct": 16.07,
    "land_ownership": 0.5,
    "lat": 35.9609,
    "litter_complaint_density": 0.0,
    "lon": -80.0528,
    "navigable_dist_m": null,
    "npdes_points": 1,
    "pixel_col": 704.0,
    "pixel_row": 793.0,
    "population_density": 285.0,
    "position_along": 0.5,
    "protected_area_score": 10.0633,
    "rank": 120,
    "road_access_m": 357.5,
    "road_access_score": 0.8,
    "road_density_km_km2": 3.065,
    "robustness_pct": 0.0,
    "runoff_coeff_C": 0.1946,
    "seasonal_cv": 0.3842,
    "segment_id": 50,
    "segment_length_m": 1810.5079,
    "stream_order": 3,
    "superfund_score": 0.0378,
    "tourism_amenity_density": 0.0796,
    "tri_facility_density": 0.0,
    "usgs_mean_q_cfs": 1.65,
    "velocity_feasibility": 0.7,
    "water_intake_score": 1.8796
   },
   "type": "Feature"
  },
  {
   "geometry": {
    "coordinates": [
     -79.884462,
     35.921692
    ],
    "type": "Point"
   },
   "properties": {
    "accumulation": 23404.0,
    "bank_slope_deg": 1.54,
    "bank_slope_score": 1.0,
    "beach_dist_km": 269.36,
    "bridge_proximity_bonus": 0.0,
    "catchment_area_km2": 2.3348,
    "channel_width_m": 4.44,
    "channel_width_score": 1.0,
    "composite_score": 24.1227,
    "cso_density": 0.0,
    "ej_index": 0.6393,
    "elevation_m": 219.5525,
    "estuary_dist_km": 360.43,
    "feasibility_score": 52.1429,
    "flood_q10_cfs": 368.3,
    "flow_score": 4.1505,
    "flow_velocity_ms": 0.0961,
    "generation_score": 1.1225,
    "impact_score": 49.7563,
    "impervious_pct": 2.53,
    "land_ownership": 0.5,
    "lat": 35.9217,
    "litter_complaint_density": 0.0,
    "lon": -79.8845,
    "navigable_dist_m": null,
    "npdes_points": 0,
    "pixel_col": 2233.0,
    "pixel_row": 1212.0,
    "population_density": 58.7,
    "position_along": 0.5,
    "protected_area_score": 17.3257,
    "rank": 121,
    "road_access_m": 955.8,
    "road_access_score": 0.6,
    "road_density_km_km2": 0.451,
    "robustness_pct": 0.0,
    "runoff_coeff_C": 0.0728,
    "seasonal_cv": 0.3863,
    "segment_id": 74,
    "segment_length_m": 1076.1159,
    "stream_order": 1,
    "superfund_score": 0.0139,
    "tourism_amenity_density": 0.0796,
    "tri_facility_density": 0.0,
    "usgs_mean_q_cfs": 1.425,
    "velocity_feasibility": 0.7,
    "water_intake_score": 1.7726
   },
   "type": "Feature"
  },
  {
   "geometry": {
    "coordinates": [
     -80.077315,
     35.989093
    ],
    "type": "Point"
   },
   "properties": {
    "accumulation": 138466.0,
    "bank_slope_deg": 3.77,
    "bank_slope_score": 1.0,
    "beach_dist_km": 287.1,
    "bridge_proximity_bonus": 0.0,
    "catchment_area_km2": 13.8136,
    "channel_width_m": 9.28,
    "channel_width_score": 1.0,
    "composite_score": 23.1594,
    "cso_density": 0.0,
    "ej_index": 0.2811,
    "elevation_m": 234.2376,
    "estuary_dist_km": 379.12,
    "feasibility_score": 47.8571,
    "flood_q10_cfs": 1387.0,
    "flow_score": 27.6811,
    "flow_velocity_ms": 0.0486,
    "generation_score": 12.5184,
    "impact_score": 17.6833,
    "impervious_pct": 9.09,
    "land_ownership": 0.5,
    "lat": 35.9891,
    "litter_complaint_density": 0.0,
    "lon": -80.0773,
    "navigable_dist_m": null,
    "npdes_points": 2,
    "pixel_col": 481.0,
    "pixel_row": 482.0,
    "population_density": 158.6,
    "position_along": 0.25,
    "protected_area_score": 12.0525,
    "rank": 122,
    "road_access_m": 441.3,
    "road_access_score": 0.8,
    "road_density_km_km2": 2.934,
    "robustness_pct": 0.0,
    "runoff_coeff_C": 0.1318,
    "seasonal_cv": 0.4328,
    "segment_id": 20,
    "segment_length_m": 3924.2071,
    "stream_order": 3,
    "superfund_score": 0.0258,
    "tourism_amenity_density": 1.0345,
    "tri_facility_density": 0.0,
    "usgs_mean_q_cfs": 23.02,
    "velocity_feasibility": 0.3,
    "water_intake_score": 1.8371
   },
   "type": "Feature"
  },
  {
   "geometry": {
    "coordinates": [
     -80.06422,
     35.953154
    ],
    "type": "Point"
   },
   "properties": {
    "accumulation": 95469.0,
    "bank_slope_deg": 2.74,
    "bank_slope_score": 1.0,
    "beach_dist_km": 283.52,
    "bridge_proximity_bonus": 0.0,
    "catchment_area_km2": 9.5241,
    "channel_width_m": 7.95,
    "channel_width_score": 1.0,
    "composite_score": 22.9088,
    "cso_density": 0.0,
    "ej_index": 0.2935,
    "elevation_m": 223.1075,
    "estuary_dist_km": 376.97,
    "feasibility_score": 47.8571,
    "flood_q10_cfs": 1335.52,
    "flow_score": 23.9337,
    "flow_velocity_ms": 0.0463,
    "generation_score": 14.8639,
    "impact_score": 17.6255,
    "impervious_pct": 21.26,
    "land_ownership": 0.5,
    "lat": 35.9532,
    "litter_complaint_density": 0.0,
    "lon": -80.0642,
    "navigable_dist_m": null,
    "npdes_points": 0,
    "pixel_col": 603.0,
    "pixel_row": 880.0,
    "population_density": 223.7,
    "position_along": 0.5,
    "protected_area_score": 9.6413,
    "rank": 123,
    "road_access_m": 289.1,
    "road_access_score": 0.8,
    "road_density_km_km2": 3.406,
    "robustness_pct": 0.0,
    "runoff_coeff_C": 0.2413,
    "seasonal_cv": 0.3991,
    "segment_id": 51,
    "segment_length_m": 1494.023,
    "stream_order": 3,
    "superfund_score": 0.0351,
    "tourism_amenity_density": 0.0,
    "tri_facility_density": 0.0,
    "usgs_mean_q_cfs": 4.755,
    "velocity_feasibility": 0.3,
    "water_intake_score": 1.8513
   },
   "type": "Feature"
  },
  {
   "geometry": {
    "coordinates": [
     -80.117263,
     35.96391
    ],
    "type": "Point"
   },
   "properties": {
    "accumulation": 164730.0,
    "bank_slope_deg": 3.79,
    "bank_slope_score": 1.0,
    "beach_dist_km": 287.86,
    "bridge_proximity_bonus": 0.0,
    "catchment_area_km2": 16.4337,
    "channel_width_m": 9.97,
    "channel_width_score": 1.0,
    "composite_score": 22.8887,
    "cso_density": 0.0,
    "ej_index": 0.2966,
    "elevation_m": 223.6127,
    "estuary_dist_km": 381.89,
    "feasibility_score": 59.2857,
    "flood_q10_cfs": 1422.18,
    "flow_score": 25.7755,
    "flow_velocity_ms": 0.0804,
    "generation_score": 10.7381,
    "impact_score": 14.4351,
    "impervious_pct": 3.94,
    "land_ownership": 0.5,
    "lat": 35.9639,
    "litter_complaint_density": 0.0,
    "lon": -80.1173,
    "navigable_dist_m": null,
    "npdes_points": 3,
    "pixel_col": 123.0,
    "pixel_row": 765.0,
    "population_density": 104.4,
    "position_along": 0.5,
    "protected_area_score": 11.3126,
    "rank": 124,
    "road_access_m": 238.3,
    "road_access_score": 0.8,
    "road_density_km_km2": 2.042,
    "robustness_pct": 0.0,
    "runoff_coeff_C": 0.0855,
    "seasonal_cv": 0.4289,
    "segment_id": 42,
    "segment_length_m": 2385.8006,
    "stream_order": 3,
    "superfund_score": 0.0217,
    "tourism_amenity_density": 0.0,
    "tri_facility_density": 0.0,
    "usgs_mean_q_cfs": 11.785,
    "velocity_feasibility": 0.7,
    "water_intake_score": 1.8517
   },
   "type": "Feature"
  },
  {
   "geometry": {
    "coordinates": [
     -80.076884,
     36.000625
    ],
    "type": "Point"
   },
   "properties": {
    "accumulation": 77280.0,
    "bank_slope_deg": 3.78,
    "bank_slope_score": 1.0,
    "beach_dist_km": 287.94,
    "bridge_proximity_bonus": 0.0,
    "catchment_area_km2": 7.7096,
    "channel_width_m": 7.28,
    "channel_width_score": 1.0,
    "composite_score": 22.7029,
    "cso_density": 0.0,
    "ej_index": 0.3141,
    "elevation_m": 237.4908,
    "estuary_dist_km": 379.41,
    "feasibility_score": 59.2857,
    "flood_q10_cfs": 1035.85,
    "flow_score": 25.2647,
    "flow_velocity_ms": 0.0846,
    "generation_score": 7.1843,
    "impact_score": 17.7954,
    "impervious_pct": 10.18,
    "land_ownership": 0.5,
    "lat": 36.0006,
    "litter_complaint_density": 0.0,
    "lon": -80.0769,
    "navigable_dist_m": null,
    "npdes_points": 0,
    "pixel_col": 484.0,
    "pixel_row": 354.0,
    "population_density": 136.0,
    "position_along": 0.5,
    "protected_area_score": 12.6409,
    "rank": 125,
    "road_access_m": 331.3,
    "road_access_score": 0.8,
    "road_density_km_km2": 1.942,
    "robustness_pct": 0.0,
    "runoff_coeff_C": 0.1416,
    "seasonal_cv": 0.4259,
    "segment_id": 15,
    "segment_length_m": 1119.4955,
    "stream_order": 3,
    "superfund_score": 0.0269,
    "tourism_amenity_density": 0.6366,
    "tri_facility_density": 0.0,
    "usgs_mean_q_cfs": 18.726,
    "velocity_feasibility": 0.7,
    "water_intake_score": 1.8229
   },
   "type": "Feature"
  },
  {
   "geometry": {
    "coordinates": [
     -80.122758,
     35.92533
    ],
    "type": "Point"
   },
   "properties": {
    "accumulation": 23798.0,
    "bank_slope_deg": 3.09,
    "bank_slope_score": 1.0,
    "beach_dist_km": 285.38,
    "bridge_proximity_bonus": 0.0,
    "catchment_area_km2": 2.3741,
    "channel_width_m": 4.47,
    "channel_width_score": 1.0,
    "composite_score": 22.208,
    "cso_density": 0.0,
    "ej_index": 0.3658,
    "elevation_m": 212.3743,
    "estuary_dist_km": 381.34,
    "feasibility_score": 66.4286,
    "flood_q10_cfs": 402.89,
    "flow_score": 18.5452,
    "flow_velocity_ms": 0.1067,
    "generation_score": 5.7707,
    "impact_score": 19.5873,
    "impervious_pct": 6.94,
    "land_ownership": 0.5,
    "lat": 35.9253,
    "litter_complaint_density": 0.0,
    "lon": -80.1228,
    "navigable_dist_m": null,
    "npdes_points": 0,
    "pixel_col": 76.0,
    "pixel_row": 1191.0,
    "population_density": 88.1,
    "position_along": 0.5,
    "protected_area_score": 8.5937,
    "rank": 126,
    "road_access_m": 99.0,
    "road_access_score": 1.0,
    "road_density_km_km2": 2.47,
    "robustness_pct": 0.0,
    "runoff_coeff_C": 0.1125,
    "seasonal_cv": 0.4012,
    "segment_id": 75,
    "segment_length_m": 461.5807,
    "stream_order": 3,
    "superfund_score": 0.0346,
    "tourism_amenity_density": 0.0,
    "tri_facility_density": 0.0,
    "usgs_mean_q_cfs": 1.182,
    "velocity_feasibility": 0.7,
    "water_intake_score": 2.0163
   },
   "type": "Feature"
  },
  {
   "geometry": {
    "coordinates": [
     -80.116583,
     35.978371
    ],
    "type": "Point"
   },
   "properties": {
    "accumulation": 131416.0,
    "bank_slope_deg": 4.12,
    "bank_slope_score": 1.0,
    "beach_dist_km": 288.89,
    "bridge_proximity_bonus": 0.0,
    "catchment_area_km2": 13.1103,
    "channel_width_m": 9.08,
    "channel_width_score": 1.0,
    "composite_score": 22.0253,
    "cso_density": 0.0,
    "ej_index": 0.2714,
    "elevation_m": 228.0141,
    "estuary_dist_km": 382.23,
    "feasibility_score": 59.2857,
    "flood_q10_cfs": 1260.27,
    "flow_score": 25.158,
    "flow_velocity_ms": 0.1178,
    "generation_score": 10.6505,
    "impact_score": 12.1595,
    "impervious_pct": 4.25,
    "land_ownership": 0.5,
    "lat": 35.9784,
    "litter_complaint_density": 0.0,
    "lon": -80.1166,
    "navigable_dist_m": null,
    "npdes_points": 3,
    "pixel_col": 130.0,
    "pixel_row": 605.0,
    "population_density": 104.5,
    "position_along": 0.75,
    "protected_area_score": 11.6491,
    "rank": 127,
    "road_access_m": 316.1,
    "road_access_score": 0.8,
    "road_density_km_km2": 1.846,
    "robustness_pct": 0.0,
    "runoff_coeff_C": 0.0882,
    "seasonal_cv": 0.4242,
    "segment_id": 22,
    "segment_length_m": 3314.8129,
    "stream_order": 3,
    "superfund_score": 0.0212,
    "tourism_amenity_density": 0.0,
    "tri_facility_density": 0.0,
    "usgs_mean_q_cfs": 10.061,
    "velocity_feasibility": 0.7,
    "water_intake_score": 1.8069
   },
   "type": "Feature"
  },
  {
   "geometry": {
    "coordinates": [
     -79.999474,
     35.888246
    ],
    "type": "Point"
   },
   "properties": {
    "accumulation": 21468.0,
    "bank_slope_deg": 3.6,
    "bank_slope_score": 1.0,
    "beach_dist_km": 274.35,
    "bridge_proximity_bonus": 0.0,
    "catchment_area_km2": 2.1417,
    "channel_width_m": 4.28,
    "channel_width_score": 1.0,
    "composite_score": 21.9233,
    "cso_density": 0.0,
    "ej_index": 0.3976,
    "elevation_m": 212.6154,
    "estuary_dist_km": 369.58,
    "feasibility_score": 59.2857,
    "flood_q10_cfs": 426.71,
    "flow_score": 5.54,
    "flow_velocity_ms": 0.1056,
    "generation_score": 11.2107,
    "impact_score": 27.6075,
    "impervious_pct": 14.66,
    "land_ownership": 0.5,
    "lat": 35.8882,
    "litter_complaint_density": 0.0,
    "lon": -79.9995,
    "navigable_dist_m": null,
    "npdes_points": 0,
    "pixel_col": 1195.0,
    "pixel_row": 1595.0,
    "population_density": 202.4,
    "position_along": 0.5,
    "protected_area_score": 10.2416,
    "rank": 128,
    "road_access_m": 231.5,
    "road_access_score": 0.8,
    "road_density_km_km2": 3.004,
    "robustness_pct": 0.0,
    "runoff_coeff_C": 0.1819,
    "seasonal_cv": 0.3877,
    "segment_id": 100,
    "segment_length_m": 488.1176,
    "stream_order": 1,
    "superfund_score": 0.0517,
    "tourism_amenity_density": 1.4324,
    "tri_facility_density": 0.0,
    "usgs_mean_q_cfs": 1.046,
    "velocity_feasibility": 0.7,
    "water_intake_score": 1.7058
   },
   "type": "Feature"
  },
  {
   "geometry": {
    "coordinates": [
     -80.013866,
     35.88177
    ],
    "type": "Point"
   },
   "properties": {
    "accumulation": 25058.0,
    "bank_slope_deg": 12.77,
    "bank_slope_score": 1.0,
    "beach_dist_km": 274.83,
    "bridge_proximity_bonus": 0.0,
    "catchment_area_km2": 2.4998,
    "channel_width_m": 4.56,
    "channel_width_score": 1.0,
    "composite_score": 21.555,
    "cso_density": 0.0,
    "ej_index": 0.3941,
    "elevation_m": 216.7177,
    "estuary_dist_km": 370.68,
    "feasibility_score": 66.4286,
    "flood_q10_cfs": 422.77,
    "flow_score": 5.4617,
    "flow_velocity_ms": 0.1162,
    "generation_score": 8.3758,
    "impact_score": 25.7086,
    "impervious_pct": 7.47,
    "land_ownership": 0.5,
    "lat": 35.8818,
    "litter_complaint_density": 0.0,
    "lon": -80.0139,
    "navigable_dist_m": null,
    "npdes_points": 1,
    "pixel_col": 1068.0,
    "pixel_row": 1665.0,
    "population_density": 162.8,
    "position_along": 0.5,
    "protected_area_score": 10.0222,
    "rank": 129,
    "road_access_m": 46.2,
    "road_access_score": 1.0,
    "road_density_km_km2": 1.828,
    "robustness_pct": 0.0,
    "runoff_coeff_C": 0.1172,
    "seasonal_cv": 0.3941,
    "segment_id": 104,
    "segment_length_m": 745.0899,
    "stream_order": 1,
    "superfund_score": 0.0576,
    "tourism_amenity_density": 1.0345,
    "tri_facility_density": 0.0,
    "usgs_mean_q_cfs": 2.758,
    "velocity_feasibility": 0.7,
    "water_intake_score": 1.6961
   },
   "type": "Feature"
  },
  {
   "geometry": {
    "coordinates": [
     -80.117553,
     35.990722
    ],
    "type": "Point"
   },
   "properties": {
    "accumulation": 101839.0,
    "bank_slope_deg": 3.22,
    "bank_slope_score": 1.0,
    "beach_dist_km": 289.88,
    "bridge_proximity_bonus": 0.0,
    "catchment_area_km2": 10.1596,
    "channel_width_m": 8.17,
    "channel_width_score": 1.0,
    "composite_score": 20.8832,
    "cso_density": 0.0,
    "ej_index": 0.2789,
    "elevation_m": 233.1076,
    "estuary_dist_km": 382.66,
    "feasibility_score": 59.2857,
    "flood_q10_cfs": 1094.28,
    "flow_score": 24.4041,
    "flow_velocity_ms": 0.1325,
    "generation_score": 8.2607,
    "impact_score": 11.3703,
    "impervious_pct": 4.25,
    "land_ownership": 0.5,
    "lat": 35.9907,
    "litter_complaint_density": 0.0,
    "lon": -80.1176,
    "navigable_dist_m": null,
    "npdes_points": 2,
    "pixel_col": 119.0,
    "pixel_row": 467.0,
    "population_density": 105.9,
    "position_along": 0.25,
    "protected_area_score": 11.9385,
    "rank": 130,
    "road_access_m": 351.4,
    "road_access_score": 0.8,
    "road_density_km_km2": 1.665,
    "robustness_pct": 0.0,
    "runoff_coeff_C": 0.0882,
    "seasonal_cv": 0.4242,
    "segment_id": 22,
    "segment_length_m": 3314.8129,
    "stream_order": 3,
    "superfund_score": 0.0219,
    "tourism_amenity_density": 0.1592,
    "tri_facility_density": 0.0,
    "usgs_mean_q_cfs": 10.061,
    "velocity_feasibility": 0.7,
    "water_intake_score": 1.7796
   },
   "type": "Feature"
  },
  {
   "geometry": {
    "coordinates": [
     -80.118903,
     36.003467
    ],
    "type": "Point"
   },
   "properties": {
    "accumulation": 61492.0,
    "bank_slope_deg": 4.66,
    "bank_slope_score": 1.0,
    "beach_dist_km": 290.93,
    "bridge_proximity_bonus": 0.0,
    "catchment_area_km2": 6.1345,
    "channel_width_m": 6.62,
    "channel_width_score": 1.0,
    "composite_score": 19.6606,
    "cso_density": 0.0,
    "ej_index": 0.271,
    "elevation_m": 237.2744,
    "estuary_dist_km": 383.14,
    "feasibility_score": 59.2857,
    "flood_q10_cfs": 799.34,
    "flow_score": 21.4695,
    "flow_velocity_ms": 0.1062,
    "generation_score": 8.5924,
    "impact_score": 9.4089,
    "impervious_pct": 5.21,
    "land_ownership": 0.5,
    "lat": 36.0035,
    "litter_complaint_density": 0.0,
    "lon": -80.1189,
    "navigable_dist_m": null,
    "npdes_points": 2,
    "pixel_col": 107.0,
    "pixel_row": 326.0,
    "population_density": 104.8,
    "position_along": 0.5,
    "protected_area_score": 11.8709,
    "rank": 131,
    "road_access_m": 380.6,
    "road_access_score": 0.8,
    "road_density_km_km2": 1.595,
    "robustness_pct": 0.0,
    "runoff_coeff_C": 0.0969,
    "seasonal_cv": 0.4147,
    "segment_id": 11,
    "segment_length_m": 1527.2928,
    "stream_order": 3,
    "superfund_score": 0.0242,
    "tourism_amenity_density": 0.1592,
    "tri_facility_density": 0.0,
    "usgs_mean_q_cfs": 6.714,
    "velocity_feasibility": 0.7,
    "water_intake_score": 1.7476
   },
   "type": "Feature"
  },
  {
   "geometry": {
    "coordinates": [
     -80.096381,
     35.974063
    ],
    "type": "Point"
   },
   "properties": {
    "accumulation": 20379.0,
    "bank_slope_deg": 0.75,
    "bank_slope_score": 1.0,
    "beach_dist_km": 287.23,
    "bridge_proximity_bonus": 0.0,
    "catchment_area_km2": 2.033,
    "channel_width_m": 4.19,
    "channel_width_score": 1.0,
    "composite_score": 19.6358,
    "cso_density": 0.0,
    "ej_index": 0.2759,
    "elevation_m": 229.5957,
    "estuary_dist_km": 380.35,
    "feasibility_score": 59.2857,
    "flood_q10_cfs": 345.94,
    "flow_score": 18.6064,
    "flow_velocity_ms": 0.1149,
    "generation_score": 5.4312,
    "impact_score": 14.8733,
    "impervious_pct": 4.91,
    "land_ownership": 0.5,
    "lat": 35.9741,
    "litter_complaint_density": 0.0,
    "lon": -80.0964,
    "navigable_dist_m": null,
    "npdes_points": 0,
    "pixel_col": 312.0,
    "pixel_row": 651.0,
    "population_density": 77.7,
    "position_along": 0.5,
    "protected_area_score": 11.134,
    "rank": 132,
    "road_access_m": 252.4,
    "road_access_score": 0.8,
    "road_density_km_km2": 3.066,
    "robustness_pct": 0.0,
    "runoff_coeff_C": 0.0942,
    "seasonal_cv": 0.3854,
    "segment_id": 39,
    "segment_length_m": 263.533,
    "stream_order": 3,
    "superfund_score": 0.0236,
    "tourism_amenity_density": 0.7162,
    "tri_facility_density": 0.0,
    "usgs_mean_q_cfs": 1.015,
    "velocity_feasibility": 0.7,
    "water_intake_score": 1.8208
   },
   "type": "Feature"
  },
  {
   "geometry": {
    "coordinates": [
     -80.121719,
     36.01034
    ],
    "type": "Point"
   },
   "properties": {
    "accumulation": 20527.0,
    "bank_slope_deg": 3.87,
    "bank_slope_score": 1.0,
    "beach_dist_km": 291.63,
    "bridge_proximity_bonus": 0.0,
    "catchment_area_km2": 2.0478,
    "channel_width_m": 4.2,
    "channel_width_score": 1.0,
    "composite_score": 19.6111,
    "cso_density": 0.0,
    "ej_index": 0.2974,
    "elevation_m": 240.0045,
    "estuary_dist_km": 383.58,
    "feasibility_score": 66.4286,
    "flood_q10_cfs": 354.16,
    "flow_score": 18.1946,
    "flow_velocity_ms": 0.0835,
    "generation_score": 7.463,
    "impact_score": 9.5309,
    "impervious_pct": 5.94,
    "land_ownership": 0.5,
    "lat": 36.0103,
    "litter_complaint_density": 0.0,
    "lon": -80.1217,
    "navigable_dist_m": null,
    "npdes_points": 1,
    "pixel_col": 81.0,
    "pixel_row": 250.0,
    "population_density": 107.5,
    "position_along": 0.5,
    "protected_area_score": 12.2922,
    "rank": 133,
    "road_access_m": 179.4,
    "road_access_score": 1.0,
    "road_density_km_km2": 2.211,
    "robustness_pct": 0.0,
    "runoff_coeff_C": 0.1035,
    "seasonal_cv": 0.4042,
    "segment_id": 8,
    "segment_length_m": 208.7456,
    "stream_order": 3,
    "superfund_score": 0.0264,
    "tourism_amenity_density": 0.1592,
    "tri_facility_density": 0.0,
    "usgs_mean_q_cfs": 3.431,
    "velocity_feasibility": 0.7,
    "water_intake_score": 1.7306
   },
   "type": "Feature"
  },
  {
   "geometry": {
    "coordinates": [
     -80.078451,
     36.011291
    ],
    "type": "Point"
   },
   "properties": {
    "accumulation": 43114.0,
    "bank_slope_deg": 5.28,
    "bank_slope_score": 1.0,
    "beach_dist_km": 288.86,
    "bridge_proximity_bonus": 0.0,
    "catchment_area_km2": 4.3011,
    "channel_width_m": 5.72,
    "channel_width_score": 1.0,
    "composite_score": 19.5345,
    "cso_density": 0.0,
    "ej_index": 0.3074,
    "elevation_m": 240.5129,
    "estuary_dist_km": 379.85,
    "feasibility_score": 47.8571,
    "flood_q10_cfs": 674.43,
    "flow_score": 22.2923,
    "flow_velocity_ms": 0.0394,
    "generation_score": 6.6651,
    "impact_score": 15.9446,
    "impervious_pct": 10.79,
    "land_ownership": 0.5,
    "lat": 36.0113,
    "litter_complaint_density": 0.0,
    "lon": -80.0785,
    "navigable_dist_m": null,
    "npdes_points": 0,
    "pixel_col": 469.0,
    "pixel_row": 236.0,
    "population_density": 81.9,
    "position_along": 0.5,
    "protected_area_score": 12.9033,
    "rank": 134,
    "road_access_m": 248.1,
    "road_access_score": 0.8,
    "road_density_km_km2": 1.831,
    "robustness_pct": 0.0,
    "runoff_coeff_C": 0.1471,
    "seasonal_cv": 0.4235,
    "segment_id": 5,
    "segment_length_m": 1880.1304,
    "stream_order": 3,
    "superfund_score": 0.0296,
    "tourism_amenity_density": 0.1592,
    "tri_facility_density": 0.0,
    "usgs_mean_q_cfs": 17.435,
    "velocity_feasibility": 0.3,
    "water_intake_score": 1.7971
   },
   "type": "Feature"
  },
  {
   "geometry": {
    "coordinates": [
     -80.073036,
     36.000266
    ],
    "type": "Point"
   },
   "properties": {
    "accumulation": 23883.0,
    "bank_slope_deg": 2.86,
    "bank_slope_score": 1.0,
    "beach_dist_km": 287.66,
    "bridge_proximity_bonus": 0.0,
    "catchment_area_km2": 2.3826,
    "channel_width_m": 4.47,
    "channel_width_score": 1.0,
    "composite_score": 19.4381,
    "cso_density": 0.0,
    "ej_index": 0.4022,
    "elevation_m": 239.3288,
    "estuary_dist_km": 379.06,
    "feasibility_score": 52.1429,
    "flood_q10_cfs": 391.11,
    "flow_score": 18.3494,
    "flow_velocity_ms": 0.0911,
    "generation_score": 2.5344,
    "impact_score": 20.8966,
    "impervious_pct": 5.09,
    "land_ownership": 0.5,
    "lat": 36.0003,
    "litter_complaint_density": 0.0,
    "lon": -80.073,
    "navigable_dist_m": null,
    "npdes_points": 0,
    "pixel_col": 517.0,
    "pixel_row": 358.0,
    "population_density": 72.2,
    "position_along": 0.5,
    "protected_area_score": 12.5678,
    "rank": 135,
    "road_access_m": 677.9,
    "road_access_score": 0.6,
    "road_density_km_km2": 0.547,
    "robustness_pct": 0.0,
    "runoff_coeff_C": 0.0958,
    "seasonal_cv": 0.3841,
    "segment_id": 19,
    "segment_length_m": 1165.7145,
    "stream_order": 3,
    "superfund_score": 0.0273,
    "tourism_amenity_density": 0.7162,
    "tri_facility_density": 0.0,
    "usgs_mean_q_cfs": 1.188,
    "velocity_feasibility": 0.7,
    "water_intake_score": 1.8361
   },
   "type": "Feature"
  },
  {
   "geometry": {
    "coordinates": [
     -80.082168,
     36.006932
    ],
    "type": "Point"
   },
   "properties": {
    "accumulation": 23956.0,
    "bank_slope_deg": 4.55,
    "bank_slope_score": 1.0,
    "beach_dist_km": 288.77,
    "bridge_proximity_bonus": 0.0,
    "catchment_area_km2": 2.3899,
    "channel_width_m": 4.48,
    "channel_width_score": 1.0,
    "composite_score": 19.2891,
    "cso_density": 0.0,
    "ej_index": 0.1952,
    "elevation_m": 243.0419,
    "estuary_dist_km": 380.05,
    "feasibility_score": 66.4286,
    "flood_q10_cfs": 374.57,
    "flow_score": 18.3911,
    "flow_velocity_ms": 0.1081,
    "generation_score": 3.1206,
    "impact_score": 12.6362,
    "impervious_pct": 2.49,
    "land_ownership": 0.5,
    "lat": 36.0069,
    "litter_complaint_density": 0.0,
    "lon": -80.0822,
    "navigable_dist_m": null,
    "npdes_points": 0,
    "pixel_col": 438.0,
    "pixel_row": 284.0,
    "population_density": 81.3,
    "position_along": 0.5,
    "protected_area_score": 12.7655,
    "rank": 136,
    "road_access_m": 122.6,
    "road_access_score": 1.0,
    "road_density_km_km2": 1.957,
    "robustness_pct": 0.0,
    "runoff_coeff_C": 0.0724,
    "seasonal_cv": 0.3875,
    "segment_id": 14,
    "segment_length_m": 1064.4141,
    "stream_order": 3,
    "superfund_score": 0.0277,
    "tourism_amenity_density": 0.1592,
    "tri_facility_density": 0.0,
    "usgs_mean_q_cfs": 1.261,
    "velocity_feasibility": 0.7,
    "water_intake_score": 1.7956
   },
   "type": "Feature"
  },
  {
   "geometry": {
    "coordinates": [
     -80.121,
     36.009654
    ],
    "type": "Point"
   },
   "properties": {
    "accumulation": 49997.0,
    "bank_slope_deg": 5.56,
    "bank_slope_score": 1.0,
    "beach_dist_km": 291.54,
    "bridge_proximity_bonus": 0.0,
    "catchment_area_km2": 4.9878,
    "channel_width_m": 6.08,
    "channel_width_score": 1.0,
    "composite_score": 19.1981,
    "cso_density": 0.0,
    "ej_index": 0.2855,
    "elevation_m": 239.4194,
    "estuary_dist_km": 383.5,
    "feasibility_score": 59.2857,
    "flood_q10_cfs": 681.53,
    "flow_score": 19.5368,
    "flow_velocity_ms": 0.0781,
    "generation_score": 8.7379,
    "impact_score": 9.3323,
    "impervious_pct": 5.01,
    "land_ownership": 0.5,
    "lat": 36.0097,
    "litter_complaint_density": 0.0,
    "lon": -80.121,
    "navigable_dist_m": null,
    "npdes_points": 2,
    "pixel_col": 84.0,
    "pixel_row": 257.0,
    "population_density": 106.2,
    "position_along": 0.5,
    "protected_area_score": 12.2758,
    "rank": 137,
    "road_access_m": 277.8,
    "road_access_score": 0.8,
    "road_density_km_km2": 1.783,
    "robustness_pct": 0.0,
    "runoff_coeff_C": 0.0951,
    "seasonal_cv": 0.3992,
    "segment_id": 10,
    "segment_length_m": 48.2267,
    "stream_order": 3,
    "superfund_score": 0.0262,
    "tourism_amenity_density": 0.1592,
    "tri_facility_density": 0.0,
    "usgs_mean_q_cfs": 2.662,
    "velocity_feasibility": 0.7,
    "water_intake_score": 1.7324
   },
   "type": "Feature"
  },
  {
   "geometry": {
    "coordinates": [
     -80.115383,
     35.998876
    ],
    "type": "Point"
   },
   "properties": {
    "accumulation": 22222.0,
    "bank_slope_deg": 1.4,
    "bank_slope_score": 1.0,
    "beach_dist_km": 290.35,
    "bridge_proximity_bonus": 0.0,
    "catchment_area_km2": 2.2169,
    "channel_width_m": 4.34,
    "channel_width_score": 1.0,
    "composite_score": 18.6221,
    "cso_density": 0.0,
    "ej_index": 0.2197,
    "elevation_m": 238.7685,
    "estuary_dist_km": 382.7,
    "feasibility_score": 66.4286,
    "flood_q10_cfs": 352.84,
    "flow_score": 17.8522,
    "flow_velocity_ms": 0.0928,
    "generation_score": 4.9784,
    "impact_score": 9.004,
    "impervious_pct": 2.31,
    "land_ownership": 0.5,
    "lat": 35.9989,
    "litter_complaint_density": 0.0,
    "lon": -80.1154,
    "navigable_dist_m": null,
    "npdes_points": 1,
    "pixel_col": 136.0,
    "pixel_row": 377.0,
    "population_density": 97.8,
    "position_along": 0.5,
    "protected_area_score": 11.9436,
    "rank": 138,
    "road_access_m": 105.6,
    "road_access_score": 1.0,
    "road_density_km_km2": 1.557,
    "robustness_pct": 0.0,
    "runoff_coeff_C": 0.0708,
    "seasonal_cv": 0.3889,
    "segment_id": 21,
    "segment_length_m": 838.1159,
    "stream_order": 3,
    "superfund_score": 0.0233,
    "tourism_amenity_density": 0.1592,
    "tri_facility_density": 0.0,
    "usgs_mean_q_cfs": 1.137,
    "velocity_feasibility": 0.7,
    "water_intake_score": 1.7604
   },
   "type": "Feature"
  },
  {
   "geometry": {
    "coordinates": [
     -80.113317,
     35.973225
    ],
    "type": "Point"
   },
   "properties": {
    "accumulation": 20628.0,
    "bank_slope_deg": 1.13,
    "bank_slope_score": 1.0,
    "beach_dist_km": 288.29,
    "bridge_proximity_bonus": 0.0,
    "catchment_area_km2": 2.0579,
    "channel_width_m": 4.21,
    "channel_width_score": 1.0,
    "composite_score": 18.5629,
    "cso_density": 0.0,
    "ej_index": 0.2574,
    "elevation_m": 227.0253,
    "estuary_dist_km": 381.81,
    "feasibility_score": 59.2857,
    "flood_q10_cfs": 336.93,
    "flow_score": 18.3941,
    "flow_velocity_ms": 0.1154,
    "generation_score": 3.9052,
    "impact_score": 12.9998,
    "impervious_pct": 2.88,
    "land_ownership": 0.5,
    "lat": 35.9732,
    "litter_complaint_density": 0.0,
    "lon": -80.1133,
    "navigable_dist_m": null,
    "npdes_points": 0,
    "pixel_col": 158.0,
    "pixel_row": 661.0,
    "population_density": 102.5,
    "position_along": 0.5,
    "protected_area_score": 11.3997,
    "rank": 139,
    "road_access_m": 397.6,
    "road_access_score": 0.8,
    "road_density_km_km2": 2.262,
    "robustness_pct": 0.0,
    "runoff_coeff_C": 0.0759,
    "seasonal_cv": 0.3858,
    "segment_id": 41,
    "segment_length_m": 214.5965,
    "stream_order": 3,
    "superfund_score": 0.0216,
    "tourism_amenity_density": 0.4775,
    "tri_facility_density": 0.0,
    "usgs_mean_q_cfs": 1.016,
    "velocity_feasibility": 0.7,
    "water_intake_score": 1.8209
   },
   "type": "Feature"
  }
 ],
 "note": "GRIME region 'High Point, NC' \u2014 real-data pipeline (DEM\u2192streams\u2192candidates\u2192stream mask (sites confined to \u00b1150 m of mapped OSM/NHD waterways)\u2192region-appropriate real parameters\u2192shipped scoring, math unchanged). Width curve: Bieger et al. 2015 JAWRA Table 3, Appalachian Highlands. Flood: SIR 2014-5030 HR1. NC Piedmont",
 "provenance": {
  "candidates_pre_gate": 139,
  "constant": [
   "cso_density",
   "litter_complaint_density"
  ],
  "gated_navigable": 0,
  "hard_gate_removed": 0,
  "n_parameters": 27,
  "parameters": {
   "bank_slope_score": {
    "kind": "real",
    "n_real": 139,
    "n_sites": 139,
    "source": "region DEM gradient (3x3)"
   },
   "beach_dist_km": {
    "kind": "real",
    "n_real": 139,
    "n_sites": 139,
    "source": "haversine to region ref: Wrightsville Beach (shipped NC reference)"
   },
   "bridge_proximity_bonus": {
    "kind": "real",
    "n_real": 139,
    "n_sites": 139,
    "source": "FHWA/BTS NBI (NTAD), 50 m proximity"
   },
   "catchment_area_km2": {
    "kind": "real",
    "n_real": 139,
    "n_sites": 139,
    "source": "DEM flow accumulation (pipeline)"
   },
   "channel_width_score": {
    "kind": "real",
    "n_real": 139,
    "n_sites": 139,
    "source": "Bieger 2015 AHI width curve on DEM drainage area \u2192 shipped width curve"
   },
   "cso_density": {
    "kind": "real",
    "n_real": 139,
    "n_sites": 139,
    "source": "EPA ECHO CSO inventory (national bulk), Cauchy proximity"
   },
   "ej_index": {
    "kind": "real",
    "n_real": 139,
    "n_sites": 139,
    "source": "Census ACS C17002+B03002 two-component demographic index, percentile-ranked within region"
   },
   "estuary_dist_km": {
    "kind": "real",
    "n_real": 139,
    "n_sites": 139,
    "source": "haversine to region ref: Pamlico Sound (shipped NC reference)"
   },
   "flood_q10_cfs": {
    "kind": "real",
    "n_real": 139,
    "n_sites": 139,
    "source": "USGS SIR 2014-5030 Table 7 HR1 (NC Piedmont)"
   },
   "flow_velocity_ms": {
    "kind": "real",
    "n_real": 131,
    "n_sites": 139,
    "source": "Manning (region DEM/D8) blended with EROM continuity (shipped M4 logic)"
   },
   "impervious_pct": {
    "kind": "real",
    "n_real": 131,
    "n_sites": 139,
    "source": "EPA StreamCat pctimp2019 (per NHDPlus watershed)"
   },
   "land_ownership": {
    "kind": "real",
    "n_real": 128,
    "n_sites": 139,
    "source": "NC OneMap statewide parcels (NC Parcels Transformer) ownname"
   },
   "litter_complaint_density": {
    "kind": "fallback",
    "n_real": 0,
    "n_sites": 139,
    "source": "no machine-readable 311/litter source for this region"
   },
   "navigable_dist_m": {
    "kind": "real",
    "n_real": 139,
    "n_sites": 139,
    "source": "USACE/BTS NWN (NTAD): no navigable segment within this bbox (+2 km) \u2014 computed absence, gate passes all sites"
   },
   "npdes_points": {
    "kind": "real",
    "n_real": 139,
    "n_sites": 139,
    "source": "EPA ECHO NPDES outfalls (national bulk), per catchment"
   },
   "population_density": {
    "kind": "real",
    "n_real": 139,
    "n_sites": 139,
    "source": "Census ACS 2022 B01003 block groups (bbox, multi-county), area-weighted"
   },
   "protected_area_score": {
    "kind": "real",
    "n_real": 139,
    "n_sites": 139,
    "source": "USGS PAD-US 4.1 NC state clip (local GDB, retrieved 2026-07-10), shipped designation-weighted proximity curve"
   },
   "road_access_score": {
    "kind": "real",
    "n_real": 139,
    "n_sites": 139,
    "source": "OSM drive network nearest-node distance"
   },
   "road_density_km_km2": {
    "kind": "real",
    "n_real": 139,
    "n_sites": 139,
    "source": "OSM drive network (osmnx, cached) clipped per catchment"
   },
   "runoff_coeff_C": {
    "kind": "real",
    "n_real": 131,
    "n_sites": 139,
    "source": "derived from real impervious_pct (C=0.05+0.009*I)"
   },
   "seasonal_cv": {
    "kind": "real",
    "n_real": 131,
    "n_sites": 139,
    "source": "CV of NHDPlus EROM monthly flows per COMID"
   },
   "stream_order": {
    "kind": "real",
    "n_real": 139,
    "n_sites": 139,
    "source": "DEM stream-network confluence heuristic (pipeline)"
   },
   "superfund_score": {
    "kind": "real",
    "n_real": 139,
    "n_sites": 139,
    "source": "EPA Envirofacts SEMS state=NC (sign-fixed, georeferenced sites), shipped 500 m inverse-distance curve"
   },
   "tourism_amenity_density": {
    "kind": "real",
    "n_real": 139,
    "n_sites": 139,
    "source": "OSM leisure/tourism features per 2 km radius"
   },
   "tri_facility_density": {
    "kind": "real",
    "n_real": 139,
    "n_sites": 139,
    "source": "EPA Envirofacts TRI state=NC (sign-fixed), per catchment"
   },
   "usgs_mean_q_cfs": {
    "kind": "real",
    "n_real": 131,
    "n_sites": 139,
    "source": "NHDPlus EROM qe_ma per COMID (snap-guarded)"
   },
   "velocity_feasibility": {
    "kind": "real",
    "n_real": 131,
    "n_sites": 139,
    "source": "shipped step curve on the computed velocity"
   },
   "velocity_transport_favorability": {
    "kind": "derived",
    "n_real": 131,
    "n_sites": 139,
    "source": "scored form of flow_velocity_ms inside the Flow family \u2014 peaked Gaussian exp(-((v-0.9)/0.6)^2), model.json curves.velocity_transport_favorability; construct: transport/delivery favorability, deliberately distinct from velocity_feasibility (device operability)"
   },
   "water_intake_score": {
    "kind": "real",
    "n_real": 139,
    "n_sites": 139,
    "source": "NC OneMap / NC DEQ SWAP public water supply sources (source_typ='Surface Water'), shipped exp(-d/10km) curve"
   }
  },
  "stream_mask": {
   "buffer_m": 150.0,
   "pre_mask": 139,
   "removed": 0,
   "sources": [
    "osm-overpass (all waterway ways)",
    "usgs-nhdplus flowlines"
   ]
  },
  "varying": [
   "bank_slope_score",
   "beach_dist_km",
   "bridge_proximity_bonus",
   "catchment_area_km2",
   "channel_width_score",
   "ej_index",
   "estuary_dist_km",
   "flood_q10_cfs",
   "flow_velocity_ms",
   "impervious_pct",
   "land_ownership",
   "npdes_points",
   "population_density",
   "protected_area_score",
   "road_access_score",
   "road_density_km_km2",
   "runoff_coeff_C",
   "seasonal_cv",
   "stream_order",
   "superfund_score",
   "tourism_amenity_density",
   "tri_facility_density",
   "usgs_mean_q_cfs",
   "velocity_feasibility",
   "water_intake_score"
  ]
 },
 "region": {
  "bbox": [
   -80.1303,
   35.8807,
   -79.8803,
   36.0307
  ],
  "beach_ref": {
   "label": "Wrightsville Beach (shipped NC reference)",
   "lat": 34.21,
   "lon": -77.79
  },
  "center": [
   -80.0053,
   35.9557
  ],
  "estuary_ref": {
   "label": "Pamlico Sound (shipped NC reference)",
   "lat": 35.05,
   "lon": -76.05
  },
  "flood_method": "sir2014_hr1",
  "name": "High Point, NC",
  "notes": "NC Piedmont",
  "slug": "high-point",
  "state": "NC",
  "utm_epsg": 32617,
  "width_curve": {
   "a": 3.12,
   "b": 0.415,
   "code": "AHI",
   "source": "Bieger et al. 2015 JAWRA Table 3, Appalachian Highlands"
  }
 },
 "type": "FeatureCollection"
}
