{
 "features": [
  {
   "geometry": {
    "coordinates": [
     -80.861996,
     35.350307
    ],
    "type": "Point"
   },
   "properties": {
    "accumulation": 100942.0,
    "bank_slope_deg": 1.7,
    "bank_slope_score": 1.0,
    "beach_dist_km": 307.87,
    "bridge_proximity_bonus": 0.0,
    "catchment_area_km2": 10.0699,
    "channel_width_m": 8.14,
    "channel_width_score": 1.0,
    "composite_score": 50.4369,
    "cso_density": 0.0,
    "ej_index": 0.6156,
    "elevation_m": 216.7378,
    "estuary_dist_km": 438.46,
    "feasibility_score": 62.6984,
    "flood_q10_cfs": 1718.36,
    "flow_score": 30.0535,
    "flow_velocity_ms": 0.1213,
    "generation_score": 56.3693,
    "impact_score": 55.36,
    "impervious_pct": 37.27,
    "land_ownership": 0.5,
    "lat": 35.3503,
    "litter_complaint_density": 0.0,
    "lon": -80.862,
    "navigable_dist_m": null,
    "npdes_points": 5,
    "pixel_col": 963.0,
    "pixel_row": 1508.0,
    "population_density": 1088.9,
    "position_along": 0.125,
    "protected_area_score": 33.2864,
    "rank": 1,
    "road_access_m": 143.7,
    "road_access_score": 1.0,
    "road_density_km_km2": 8.734,
    "robustness_pct": 92.0,
    "runoff_coeff_C": 0.3854,
    "seasonal_cv": 0.4778,
    "segment_id": 71,
    "segment_length_m": 6869.3657,
    "stream_order": 3,
    "superfund_score": 0.0364,
    "tourism_amenity_density": 2.3077,
    "tri_facility_density": 0.0,
    "usgs_mean_q_cfs": 5.14,
    "velocity_feasibility": 0.7,
    "water_intake_score": 2.4694
   },
   "type": "Feature"
  },
  {
   "geometry": {
    "coordinates": [
     -80.724433,
     35.383949
    ],
    "type": "Point"
   },
   "properties": {
    "accumulation": 1161166.0,
    "bank_slope_deg": 4.63,
    "bank_slope_score": 1.0,
    "beach_dist_km": 298.03,
    "bridge_proximity_bonus": 0.0,
    "catchment_area_km2": 115.8365,
    "channel_width_m": 22.42,
    "channel_width_score": 0.5,
    "composite_score": 48.5549,
    "cso_density": 0.0,
    "ej_index": 0.4888,
    "elevation_m": 180.2239,
    "estuary_dist_km": 426.22,
    "feasibility_score": 26.5873,
    "flood_q10_cfs": 4654.83,
    "flow_score": 74.9936,
    "flow_velocity_ms": 0.2129,
    "generation_score": 33.6571,
    "impact_score": 52.4044,
    "impervious_pct": 11.47,
    "land_ownership": 0.5,
    "lat": 35.3839,
    "litter_complaint_density": 0.0,
    "lon": -80.7244,
    "navigable_dist_m": null,
    "npdes_points": 12,
    "pixel_col": 2215.0,
    "pixel_row": 1131.0,
    "population_density": 658.8,
    "position_along": 0.5,
    "protected_area_score": 24.0464,
    "rank": 2,
    "road_access_m": 270.6,
    "road_access_score": 0.8,
    "road_density_km_km2": 3.53,
    "robustness_pct": 58.5,
    "runoff_coeff_C": 0.1532,
    "seasonal_cv": 0.5244,
    "segment_id": 58,
    "segment_length_m": 429.8969,
    "stream_order": 3,
    "superfund_score": 0.0248,
    "tourism_amenity_density": 3.0239,
    "tri_facility_density": 0.0086,
    "usgs_mean_q_cfs": 81.588,
    "velocity_feasibility": 0.7,
    "water_intake_score": 2.2148
   },
   "type": "Feature"
  },
  {
   "geometry": {
    "coordinates": [
     -80.852307,
     35.358844
    ],
    "type": "Point"
   },
   "properties": {
    "accumulation": 23524.0,
    "bank_slope_deg": 2.95,
    "bank_slope_score": 1.0,
    "beach_dist_km": 307.44,
    "bridge_proximity_bonus": 0.0,
    "catchment_area_km2": 2.3467,
    "channel_width_m": 4.45,
    "channel_width_score": 1.0,
    "composite_score": 47.9675,
    "cso_density": 0.0,
    "ej_index": 0.6451,
    "elevation_m": 221.5342,
    "estuary_dist_km": 437.63,
    "feasibility_score": 62.6984,
    "flood_q10_cfs": 679.04,
    "flow_score": 24.837,
    "flow_velocity_ms": 0.0947,
    "generation_score": 51.8531,
    "impact_score": 55.992,
    "impervious_pct": 37.27,
    "land_ownership": 0.5,
    "lat": 35.3588,
    "litter_complaint_density": 0.0,
    "lon": -80.8523,
    "navigable_dist_m": null,
    "npdes_points": 5,
    "pixel_col": 1051.0,
    "pixel_row": 1413.0,
    "population_density": 722.0,
    "position_along": 0.5,
    "protected_area_score": 32.8908,
    "rank": 3,
    "road_access_m": 55.1,
    "road_access_score": 1.0,
    "road_density_km_km2": 9.837,
    "robustness_pct": 74.5,
    "runoff_coeff_C": 0.3854,
    "seasonal_cv": 0.4778,
    "segment_id": 67,
    "segment_length_m": 1237.3274,
    "stream_order": 3,
    "superfund_score": 0.0419,
    "tourism_amenity_density": 2.069,
    "tri_facility_density": 0.0,
    "usgs_mean_q_cfs": 5.14,
    "velocity_feasibility": 0.7,
    "water_intake_score": 2.4295
   },
   "type": "Feature"
  },
  {
   "geometry": {
    "coordinates": [
     -80.746686,
     35.392302
    ],
    "type": "Point"
   },
   "properties": {
    "accumulation": 26406.0,
    "bank_slope_deg": 8.69,
    "bank_slope_score": 1.0,
    "beach_dist_km": 300.25,
    "bridge_proximity_bonus": 0.0,
    "catchment_area_km2": 2.6342,
    "channel_width_m": 4.66,
    "channel_width_score": 1.0,
    "composite_score": 47.7894,
    "cso_density": 0.0,
    "ej_index": 0.42,
    "elevation_m": 187.9923,
    "estuary_dist_km": 428.29,
    "feasibility_score": 62.6984,
    "flood_q10_cfs": 674.74,
    "flow_score": 25.523,
    "flow_velocity_ms": 0.1328,
    "generation_score": 53.7136,
    "impact_score": 52.9659,
    "impervious_pct": 31.93,
    "land_ownership": 0.5,
    "lat": 35.3923,
    "litter_complaint_density": 0.0,
    "lon": -80.7467,
    "navigable_dist_m": null,
    "npdes_points": 0,
    "pixel_col": 2012.0,
    "pixel_row": 1039.0,
    "population_density": 1524.5,
    "position_along": 0.5,
    "protected_area_score": 25.4429,
    "rank": 4,
    "road_access_m": 89.3,
    "road_access_score": 1.0,
    "road_density_km_km2": 8.11,
    "robustness_pct": 66.0,
    "runoff_coeff_C": 0.3374,
    "seasonal_cv": 0.4421,
    "segment_id": 39,
    "segment_length_m": 1974.8425,
    "stream_order": 3,
    "superfund_score": 0.0239,
    "tourism_amenity_density": 5.093,
    "tri_facility_density": 0.0,
    "usgs_mean_q_cfs": 4.412,
    "velocity_feasibility": 0.7,
    "water_intake_score": 2.3145
   },
   "type": "Feature"
  },
  {
   "geometry": {
    "coordinates": [
     -80.873009,
     35.342228
    ],
    "type": "Point"
   },
   "properties": {
    "accumulation": 133085.0,
    "bank_slope_deg": 1.65,
    "bank_slope_score": 1.0,
    "beach_dist_km": 308.43,
    "bridge_proximity_bonus": 0.0,
    "catchment_area_km2": 13.2764,
    "channel_width_m": 9.13,
    "channel_width_score": 1.0,
    "composite_score": 46.8435,
    "cso_density": 0.0,
    "ej_index": 0.5558,
    "elevation_m": 212.2979,
    "estuary_dist_km": 439.41,
    "feasibility_score": 62.6984,
    "flood_q10_cfs": 1918.73,
    "flow_score": 33.1928,
    "flow_velocity_ms": 0.1336,
    "generation_score": 44.1255,
    "impact_score": 53.0095,
    "impervious_pct": 34.17,
    "land_ownership": 0.5,
    "lat": 35.3422,
    "litter_complaint_density": 0.0,
    "lon": -80.873,
    "navigable_dist_m": null,
    "npdes_points": 1,
    "pixel_col": 860.0,
    "pixel_row": 1594.0,
    "population_density": 931.0,
    "position_along": 0.375,
    "protected_area_score": 33.8884,
    "rank": 5,
    "road_access_m": 149.6,
    "road_access_score": 1.0,
    "road_density_km_km2": 5.656,
    "robustness_pct": 27.5,
    "runoff_coeff_C": 0.3575,
    "seasonal_cv": 0.4858,
    "segment_id": 71,
    "segment_length_m": 6869.3657,
    "stream_order": 3,
    "superfund_score": 0.0297,
    "tourism_amenity_density": 1.5915,
    "tri_facility_density": 0.0,
    "usgs_mean_q_cfs": 13.515,
    "velocity_feasibility": 0.7,
    "water_intake_score": 2.5434
   },
   "type": "Feature"
  },
  {
   "geometry": {
    "coordinates": [
     -80.867505,
     35.409702
    ],
    "type": "Point"
   },
   "properties": {
    "accumulation": 41133.0,
    "bank_slope_deg": 2.95,
    "bank_slope_score": 1.0,
    "beach_dist_km": 311.01,
    "bridge_proximity_bonus": 0.0,
    "catchment_area_km2": 4.1034,
    "channel_width_m": 5.61,
    "channel_width_score": 1.0,
    "composite_score": 46.672,
    "cso_density": 0.0,
    "ej_index": 0.4076,
    "elevation_m": 210.1261,
    "estuary_dist_km": 439.35,
    "feasibility_score": 50.0,
    "flood_q10_cfs": 840.41,
    "flow_score": 22.4033,
    "flow_velocity_ms": 0.0383,
    "generation_score": 61.6967,
    "impact_score": 50.2071,
    "impervious_pct": 25.39,
    "land_ownership": 0.5,
    "lat": 35.4097,
    "litter_complaint_density": 0.0,
    "lon": -80.8675,
    "navigable_dist_m": null,
    "npdes_points": 0,
    "pixel_col": 911.0,
    "pixel_row": 848.0,
    "population_density": 998.9,
    "position_along": 0.5,
    "protected_area_score": 28.8879,
    "rank": 6,
    "road_access_m": 118.8,
    "road_access_score": 1.0,
    "road_density_km_km2": 11.738,
    "robustness_pct": 42.5,
    "runoff_coeff_C": 0.2785,
    "seasonal_cv": 0.4584,
    "segment_id": 32,
    "segment_length_m": 2899.8266,
    "stream_order": 3,
    "superfund_score": 0.0382,
    "tourism_amenity_density": 6.207,
    "tri_facility_density": 0.2437,
    "usgs_mean_q_cfs": 2.316,
    "velocity_feasibility": 0.3,
    "water_intake_score": 2.7568
   },
   "type": "Feature"
  },
  {
   "geometry": {
    "coordinates": [
     -80.846864,
     35.355115
    ],
    "type": "Point"
   },
   "properties": {
    "accumulation": 45933.0,
    "bank_slope_deg": 2.91,
    "bank_slope_score": 1.0,
    "beach_dist_km": 306.82,
    "bridge_proximity_bonus": 0.0,
    "catchment_area_km2": 4.5822,
    "channel_width_m": 5.87,
    "channel_width_score": 1.0,
    "composite_score": 46.262,
    "cso_density": 0.0,
    "ej_index": 0.6314,
    "elevation_m": 221.9725,
    "estuary_dist_km": 437.12,
    "feasibility_score": 48.8095,
    "flood_q10_cfs": 1124.35,
    "flow_score": 26.5647,
    "flow_velocity_ms": 0.0918,
    "generation_score": 52.4045,
    "impact_score": 55.2601,
    "impervious_pct": 37.27,
    "land_ownership": 0.5,
    "lat": 35.3551,
    "litter_complaint_density": 0.0,
    "lon": -80.8469,
    "navigable_dist_m": null,
    "npdes_points": 6,
    "pixel_col": 1098.0,
    "pixel_row": 1451.0,
    "population_density": 662.9,
    "position_along": 0.5,
    "protected_area_score": 33.0007,
    "rank": 7,
    "road_access_m": 258.9,
    "road_access_score": 0.8,
    "road_density_km_km2": 10.236,
    "robustness_pct": 26.0,
    "runoff_coeff_C": 0.3854,
    "seasonal_cv": 0.4778,
    "segment_id": 70,
    "segment_length_m": 1874.2534,
    "stream_order": 3,
    "superfund_score": 0.0513,
    "tourism_amenity_density": 1.8303,
    "tri_facility_density": 0.0,
    "usgs_mean_q_cfs": 5.14,
    "velocity_feasibility": 0.7,
    "water_intake_score": 2.3503
   },
   "type": "Feature"
  },
  {
   "geometry": {
    "coordinates": [
     -80.741117,
     35.424287
    ],
    "type": "Point"
   },
   "properties": {
    "accumulation": 417549.0,
    "bank_slope_deg": 8.44,
    "bank_slope_score": 1.0,
    "beach_dist_km": 301.33,
    "bridge_proximity_bonus": 0.2,
    "catchment_area_km2": 41.6542,
    "channel_width_m": 14.67,
    "channel_width_score": 1.0,
    "composite_score": 45.6388,
    "cso_density": 0.0,
    "ej_index": 0.3584,
    "elevation_m": 185.9097,
    "estuary_dist_km": 428.04,
    "feasibility_score": 73.8095,
    "flood_q10_cfs": 2583.14,
    "flow_score": 47.4928,
    "flow_velocity_ms": 0.1678,
    "generation_score": 25.6278,
    "impact_score": 50.0196,
    "impervious_pct": 9.85,
    "land_ownership": 0.5,
    "lat": 35.4243,
    "litter_complaint_density": 0.0,
    "lon": -80.7411,
    "navigable_dist_m": null,
    "npdes_points": 6,
    "pixel_col": 2062.0,
    "pixel_row": 684.0,
    "population_density": 621.4,
    "position_along": 0.5,
    "protected_area_score": 23.442,
    "rank": 8,
    "road_access_m": 188.1,
    "road_access_score": 1.0,
    "road_density_km_km2": 3.892,
    "robustness_pct": 38.0,
    "runoff_coeff_C": 0.1386,
    "seasonal_cv": 0.5053,
    "segment_id": 29,
    "segment_length_m": 42.3752,
    "stream_order": 3,
    "superfund_score": 0.0191,
    "tourism_amenity_density": 1.8303,
    "tri_facility_density": 0.0,
    "usgs_mean_q_cfs": 52.502,
    "velocity_feasibility": 0.7,
    "water_intake_score": 2.7756
   },
   "type": "Feature"
  },
  {
   "geometry": {
    "coordinates": [
     -80.788627,
     35.358569
    ],
    "type": "Point"
   },
   "properties": {
    "accumulation": 35581.0,
    "bank_slope_deg": 2.43,
    "bank_slope_score": 1.0,
    "beach_dist_km": 302.15,
    "bridge_proximity_bonus": 0.0,
    "catchment_area_km2": 3.5495,
    "channel_width_m": 5.28,
    "channel_width_score": 1.0,
    "composite_score": 45.5161,
    "cso_density": 0.0,
    "ej_index": 0.4858,
    "elevation_m": 220.4647,
    "estuary_dist_km": 431.86,
    "feasibility_score": 62.6984,
    "flood_q10_cfs": 811.02,
    "flow_score": 24.5524,
    "flow_velocity_ms": 0.109,
    "generation_score": 47.4152,
    "impact_score": 52.4956,
    "impervious_pct": 29.6,
    "land_ownership": 0.5,
    "lat": 35.3586,
    "litter_complaint_density": 0.0,
    "lon": -80.7886,
    "navigable_dist_m": null,
    "npdes_points": 1,
    "pixel_col": 1631.0,
    "pixel_row": 1415.0,
    "population_density": 1092.8,
    "position_along": 0.5,
    "protected_area_score": 31.2937,
    "rank": 9,
    "road_access_m": 78.7,
    "road_access_score": 1.0,
    "road_density_km_km2": 9.052,
    "robustness_pct": 2.0,
    "runoff_coeff_C": 0.3164,
    "seasonal_cv": 0.443,
    "segment_id": 66,
    "segment_length_m": 2357.3954,
    "stream_order": 3,
    "superfund_score": 0.0399,
    "tourism_amenity_density": 3.6606,
    "tri_facility_density": 0.0,
    "usgs_mean_q_cfs": 2.106,
    "velocity_feasibility": 0.7,
    "water_intake_score": 2.0032
   },
   "type": "Feature"
  },
  {
   "geometry": {
    "coordinates": [
     -80.86309,
     35.400871
    ],
    "type": "Point"
   },
   "properties": {
    "accumulation": 91498.0,
    "bank_slope_deg": 0.8,
    "bank_slope_score": 1.0,
    "beach_dist_km": 310.24,
    "bridge_proximity_bonus": 0.0,
    "catchment_area_km2": 9.1277,
    "channel_width_m": 7.81,
    "channel_width_score": 1.0,
    "composite_score": 44.1851,
    "cso_density": 0.0,
    "ej_index": 0.4642,
    "elevation_m": 211.4533,
    "estuary_dist_km": 438.89,
    "feasibility_score": 62.6984,
    "flood_q10_cfs": 1323.68,
    "flow_score": 26.8241,
    "flow_velocity_ms": 0.1281,
    "generation_score": 40.9633,
    "impact_score": 52.6179,
    "impervious_pct": 22.32,
    "land_ownership": 0.5,
    "lat": 35.4009,
    "litter_complaint_density": 0.0,
    "lon": -80.8631,
    "navigable_dist_m": null,
    "npdes_points": 0,
    "pixel_col": 950.0,
    "pixel_row": 946.0,
    "population_density": 586.6,
    "position_along": 0.5,
    "protected_area_score": 29.7688,
    "rank": 10,
    "road_access_m": 96.5,
    "road_access_score": 1.0,
    "road_density_km_km2": 9.126,
    "robustness_pct": 0.0,
    "runoff_coeff_C": 0.2509,
    "seasonal_cv": 0.4841,
    "segment_id": 43,
    "segment_length_m": 1147.0203,
    "stream_order": 3,
    "superfund_score": 0.0431,
    "tourism_amenity_density": 5.8092,
    "tri_facility_density": 0.1096,
    "usgs_mean_q_cfs": 6.023,
    "velocity_feasibility": 0.7,
    "water_intake_score": 2.7
   },
   "type": "Feature"
  },
  {
   "geometry": {
    "coordinates": [
     -80.783409,
     35.34164
    ],
    "type": "Point"
   },
   "properties": {
    "accumulation": 132303.0,
    "bank_slope_deg": 2.77,
    "bank_slope_score": 1.0,
    "beach_dist_km": 300.95,
    "bridge_proximity_bonus": 0.0,
    "catchment_area_km2": 13.1984,
    "channel_width_m": 9.1,
    "channel_width_score": 1.0,
    "composite_score": 44.0228,
    "cso_density": 0.0,
    "ej_index": 0.5057,
    "elevation_m": 211.1526,
    "estuary_dist_km": 431.29,
    "feasibility_score": 62.6984,
    "flood_q10_cfs": 1639.9,
    "flow_score": 29.6041,
    "flow_velocity_ms": 0.1449,
    "generation_score": 38.8813,
    "impact_score": 51.8419,
    "impervious_pct": 23.04,
    "land_ownership": 0.5,
    "lat": 35.3416,
    "litter_complaint_density": 0.0,
    "lon": -80.7834,
    "navigable_dist_m": null,
    "npdes_points": 1,
    "pixel_col": 1679.0,
    "pixel_row": 1603.0,
    "population_density": 1128.9,
    "position_along": 0.5,
    "protected_area_score": 32.229,
    "rank": 11,
    "road_access_m": 92.3,
    "road_access_score": 1.0,
    "road_density_km_km2": 5.041,
    "robustness_pct": 0.0,
    "runoff_coeff_C": 0.2574,
    "seasonal_cv": 0.4741,
    "segment_id": 75,
    "segment_length_m": 2119.9363,
    "stream_order": 3,
    "superfund_score": 0.0412,
    "tourism_amenity_density": 2.7056,
    "tri_facility_density": 0.0,
    "usgs_mean_q_cfs": 7.459,
    "velocity_feasibility": 0.7,
    "water_intake_score": 1.8337
   },
   "type": "Feature"
  },
  {
   "geometry": {
    "coordinates": [
     -80.862512,
     35.450649
    ],
    "type": "Point"
   },
   "properties": {
    "accumulation": 32194.0,
    "bank_slope_deg": 0.83,
    "bank_slope_score": 1.0,
    "beach_dist_km": 312.51,
    "bridge_proximity_bonus": 0.0,
    "catchment_area_km2": 3.2116,
    "channel_width_m": 5.06,
    "channel_width_score": 1.0,
    "composite_score": 43.9929,
    "cso_density": 0.0,
    "ej_index": 0.27,
    "elevation_m": 218.5364,
    "estuary_dist_km": 439.23,
    "feasibility_score": 79.3651,
    "flood_q10_cfs": 836.57,
    "flow_score": 24.8713,
    "flow_velocity_ms": 0.0783,
    "generation_score": 48.8906,
    "impact_score": 37.3438,
    "impervious_pct": 35.68,
    "land_ownership": 1.0,
    "lat": 35.4506,
    "litter_complaint_density": 0.0,
    "lon": -80.8625,
    "navigable_dist_m": null,
    "npdes_points": 0,
    "pixel_col": 954.0,
    "pixel_row": 392.0,
    "population_density": 1006.2,
    "position_along": 0.5,
    "protected_area_score": 24.5116,
    "rank": 12,
    "road_access_m": 114.5,
    "road_access_score": 1.0,
    "road_density_km_km2": 8.774,
    "robustness_pct": 14.5,
    "runoff_coeff_C": 0.3711,
    "seasonal_cv": 0.4589,
    "segment_id": 17,
    "segment_length_m": 889.4635,
    "stream_order": 3,
    "superfund_score": 0.0394,
    "tourism_amenity_density": 4.2176,
    "tri_facility_density": 0.0,
    "usgs_mean_q_cfs": 3.727,
    "velocity_feasibility": 0.7,
    "water_intake_score": 2.7308
   },
   "type": "Feature"
  },
  {
   "geometry": {
    "coordinates": [
     -80.88674,
     35.342315
    ],
    "type": "Point"
   },
   "properties": {
    "accumulation": 158843.0,
    "bank_slope_deg": 5.56,
    "bank_slope_score": 1.0,
    "beach_dist_km": 309.58,
    "bridge_proximity_bonus": 0.0,
    "catchment_area_km2": 15.846,
    "channel_width_m": 9.82,
    "channel_width_score": 1.0,
    "composite_score": 43.73,
    "cso_density": 0.0,
    "ej_index": 0.4949,
    "elevation_m": 206.0136,
    "estuary_dist_km": 440.65,
    "feasibility_score": 62.6984,
    "flood_q10_cfs": 2116.29,
    "flow_score": 33.6272,
    "flow_velocity_ms": 0.109,
    "generation_score": 35.047,
    "impact_score": 51.3479,
    "impervious_pct": 34.17,
    "land_ownership": 0.5,
    "lat": 35.3423,
    "litter_complaint_density": 0.0,
    "lon": -80.8867,
    "navigable_dist_m": null,
    "npdes_points": 0,
    "pixel_col": 736.0,
    "pixel_row": 1597.0,
    "population_density": 536.5,
    "position_along": 0.625,
    "protected_area_score": 34.3768,
    "rank": 13,
    "road_access_m": 93.6,
    "road_access_score": 1.0,
    "road_density_km_km2": 4.048,
    "robustness_pct": 0.0,
    "runoff_coeff_C": 0.3575,
    "seasonal_cv": 0.4858,
    "segment_id": 71,
    "segment_length_m": 6869.3657,
    "stream_order": 3,
    "superfund_score": 0.0237,
    "tourism_amenity_density": 0.9549,
    "tri_facility_density": 0.0,
    "usgs_mean_q_cfs": 13.515,
    "velocity_feasibility": 0.7,
    "water_intake_score": 2.7149
   },
   "type": "Feature"
  },
  {
   "geometry": {
    "coordinates": [
     -80.874233,
     35.400679
    ],
    "type": "Point"
   },
   "properties": {
    "accumulation": 125337.0,
    "bank_slope_deg": 2.73,
    "bank_slope_score": 1.0,
    "beach_dist_km": 311.15,
    "bridge_proximity_bonus": 0.0,
    "catchment_area_km2": 12.5035,
    "channel_width_m": 8.9,
    "channel_width_score": 1.0,
    "composite_score": 43.4625,
    "cso_density": 0.0,
    "ej_index": 0.4113,
    "elevation_m": 206.3508,
    "estuary_dist_km": 439.89,
    "feasibility_score": 62.6984,
    "flood_q10_cfs": 1575.74,
    "flow_score": 27.6409,
    "flow_velocity_ms": 0.1064,
    "generation_score": 40.6109,
    "impact_score": 49.8808,
    "impervious_pct": 22.32,
    "land_ownership": 0.5,
    "lat": 35.4007,
    "litter_complaint_density": 0.0,
    "lon": -80.8742,
    "navigable_dist_m": null,
    "npdes_points": 1,
    "pixel_col": 848.0,
    "pixel_row": 947.0,
    "population_density": 714.3,
    "position_along": 0.5,
    "protected_area_score": 29.4795,
    "rank": 14,
    "road_access_m": 100.3,
    "road_access_score": 1.0,
    "road_density_km_km2": 7.927,
    "robustness_pct": 0.0,
    "runoff_coeff_C": 0.2509,
    "seasonal_cv": 0.4841,
    "segment_id": 44,
    "segment_length_m": 1160.1415,
    "stream_order": 3,
    "superfund_score": 0.0316,
    "tourism_amenity_density": 5.4908,
    "tri_facility_density": 0.08,
    "usgs_mean_q_cfs": 6.023,
    "velocity_feasibility": 0.7,
    "water_intake_score": 2.7897
   },
   "type": "Feature"
  },
  {
   "geometry": {
    "coordinates": [
     -80.746839,
     35.441535
    ],
    "type": "Point"
   },
   "properties": {
    "accumulation": 34773.0,
    "bank_slope_deg": 4.55,
    "bank_slope_score": 1.0,
    "beach_dist_km": 302.63,
    "bridge_proximity_bonus": 0.0,
    "catchment_area_km2": 3.4689,
    "channel_width_m": 5.23,
    "channel_width_score": 1.0,
    "composite_score": 43.2377,
    "cso_density": 0.0,
    "ej_index": 0.4075,
    "elevation_m": 190.4119,
    "estuary_dist_km": 428.7,
    "feasibility_score": 72.2222,
    "flood_q10_cfs": 474.85,
    "flow_score": 40.7092,
    "flow_velocity_ms": 0.5,
    "generation_score": 21.4033,
    "impact_score": 52.6868,
    "impervious_pct": null,
    "land_ownership": 0.5,
    "lat": 35.4415,
    "litter_complaint_density": 0.0,
    "lon": -80.7468,
    "navigable_dist_m": null,
    "npdes_points": 0,
    "pixel_col": 2007.0,
    "pixel_row": 493.0,
    "population_density": 989.3,
    "position_along": 0.5,
    "protected_area_score": 22.713,
    "rank": 15,
    "road_access_m": 161.0,
    "road_access_score": 1.0,
    "road_density_km_km2": 6.437,
    "robustness_pct": 15.0,
    "runoff_coeff_C": null,
    "seasonal_cv": null,
    "segment_id": 22,
    "segment_length_m": 1164.6944,
    "stream_order": 3,
    "superfund_score": 0.019,
    "tourism_amenity_density": 2.7056,
    "tri_facility_density": 0.0,
    "usgs_mean_q_cfs": null,
    "velocity_feasibility": 1.0,
    "water_intake_score": 2.9261
   },
   "type": "Feature"
  },
  {
   "geometry": {
    "coordinates": [
     -80.886637,
     35.405194
    ],
    "type": "Point"
   },
   "properties": {
    "accumulation": 263243.0,
    "bank_slope_deg": 2.31,
    "bank_slope_score": 1.0,
    "beach_dist_km": 312.38,
    "bridge_proximity_bonus": 0.0,
    "catchment_area_km2": 26.2608,
    "channel_width_m": 12.11,
    "channel_width_score": 1.0,
    "composite_score": 42.8558,
    "cso_density": 0.0,
    "ej_index": 0.358,
    "elevation_m": 202.5556,
    "estuary_dist_km": 441.05,
    "feasibility_score": 62.6984,
    "flood_q10_cfs": 2383.72,
    "flow_score": 33.7032,
    "flow_velocity_ms": 0.1094,
    "generation_score": 37.5696,
    "impact_score": 45.8478,
    "impervious_pct": 22.53,
    "land_ownership": 0.5,
    "lat": 35.4052,
    "litter_complaint_density": 0.0,
    "lon": -80.8866,
    "navigable_dist_m": null,
    "npdes_points": 2,
    "pixel_col": 736.0,
    "pixel_row": 896.0,
    "population_density": 715.4,
    "position_along": 0.5,
    "protected_area_score": 28.6723,
    "rank": 16,
    "road_access_m": 190.6,
    "road_access_score": 1.0,
    "road_density_km_km2": 6.727,
    "robustness_pct": 0.0,
    "runoff_coeff_C": 0.2528,
    "seasonal_cv": 0.5023,
    "segment_id": 46,
    "segment_length_m": 1319.2386,
    "stream_order": 3,
    "superfund_score": 0.0247,
    "tourism_amenity_density": 4.5359,
    "tri_facility_density": 0.0381,
    "usgs_mean_q_cfs": 11.644,
    "velocity_feasibility": 0.7,
    "water_intake_score": 2.9011
   },
   "type": "Feature"
  },
  {
   "geometry": {
    "coordinates": [
     -80.869539,
     35.444461
    ],
    "type": "Point"
   },
   "properties": {
    "accumulation": 77666.0,
    "bank_slope_deg": 1.85,
    "bank_slope_score": 1.0,
    "beach_dist_km": 312.8,
    "bridge_proximity_bonus": 0.0,
    "catchment_area_km2": 7.7479,
    "channel_width_m": 7.3,
    "channel_width_score": 1.0,
    "composite_score": 42.7521,
    "cso_density": 0.0,
    "ej_index": 0.2038,
    "elevation_m": 217.2389,
    "estuary_dist_km": 439.81,
    "feasibility_score": 62.6984,
    "flood_q10_cfs": 1624.5,
    "flow_score": 30.7833,
    "flow_velocity_ms": 0.182,
    "generation_score": 50.3553,
    "impact_score": 35.1498,
    "impervious_pct": 35.68,
    "land_ownership": 0.5,
    "lat": 35.4445,
    "litter_complaint_density": 0.0,
    "lon": -80.8695,
    "navigable_dist_m": null,
    "npdes_points": 1,
    "pixel_col": 893.0,
    "pixel_row": 458.0,
    "population_density": 1000.3,
    "position_along": 0.5,
    "protected_area_score": 24.4094,
    "rank": 17,
    "road_access_m": 166.1,
    "road_access_score": 1.0,
    "road_density_km_km2": 9.239,
    "robustness_pct": 0.0,
    "runoff_coeff_C": 0.3711,
    "seasonal_cv": 0.4589,
    "segment_id": 18,
    "segment_length_m": 1654.1031,
    "stream_order": 3,
    "superfund_score": 0.0343,
    "tourism_amenity_density": 4.2176,
    "tri_facility_density": 0.0,
    "usgs_mean_q_cfs": 3.727,
    "velocity_feasibility": 0.7,
    "water_intake_score": 2.7872
   },
   "type": "Feature"
  },
  {
   "geometry": {
    "coordinates": [
     -80.755179,
     35.449279
    ],
    "type": "Point"
   },
   "properties": {
    "accumulation": 304459.0,
    "bank_slope_deg": 9.55,
    "bank_slope_score": 1.0,
    "beach_dist_km": 303.69,
    "bridge_proximity_bonus": 0.0,
    "catchment_area_km2": 30.3725,
    "channel_width_m": 12.86,
    "channel_width_score": 1.0,
    "composite_score": 42.6126,
    "cso_density": 0.0,
    "ej_index": 0.324,
    "elevation_m": 189.34,
    "estuary_dist_km": 429.52,
    "feasibility_score": 62.6984,
    "flood_q10_cfs": 2132.58,
    "flow_score": 41.5647,
    "flow_velocity_ms": 0.1645,
    "generation_score": 28.6408,
    "impact_score": 47.4148,
    "impervious_pct": 8.64,
    "land_ownership": 0.5,
    "lat": 35.4493,
    "litter_complaint_density": 0.0,
    "lon": -80.7552,
    "navigable_dist_m": null,
    "npdes_points": 10,
    "pixel_col": 1932.0,
    "pixel_row": 407.0,
    "population_density": 562.5,
    "position_along": 0.5,
    "protected_area_score": 22.8854,
    "rank": 18,
    "road_access_m": 142.3,
    "road_access_score": 1.0,
    "road_density_km_km2": 4.478,
    "robustness_pct": 0.0,
    "runoff_coeff_C": 0.1278,
    "seasonal_cv": 0.5003,
    "segment_id": 14,
    "segment_length_m": 2926.2413,
    "stream_order": 3,
    "superfund_score": 0.0207,
    "tourism_amenity_density": 1.6711,
    "tri_facility_density": 0.0,
    "usgs_mean_q_cfs": 43.158,
    "velocity_feasibility": 0.7,
    "water_intake_score": 2.9015
   },
   "type": "Feature"
  },
  {
   "geometry": {
    "coordinates": [
     -80.85688,
     35.398159
    ],
    "type": "Point"
   },
   "properties": {
    "accumulation": 64958.0,
    "bank_slope_deg": 2.52,
    "bank_slope_score": 1.0,
    "beach_dist_km": 309.6,
    "bridge_proximity_bonus": 0.0,
    "catchment_area_km2": 6.4801,
    "channel_width_m": 6.78,
    "channel_width_score": 1.0,
    "composite_score": 42.6106,
    "cso_density": 0.0,
    "ej_index": 0.4948,
    "elevation_m": 213.7681,
    "estuary_dist_km": 438.3,
    "feasibility_score": 50.0,
    "flood_q10_cfs": 1123.84,
    "flow_score": 23.8415,
    "flow_velocity_ms": 0.0415,
    "generation_score": 40.6194,
    "impact_score": 56.5481,
    "impervious_pct": 22.32,
    "land_ownership": 0.5,
    "lat": 35.3982,
    "litter_complaint_density": 0.0,
    "lon": -80.8569,
    "navigable_dist_m": null,
    "npdes_points": 1,
    "pixel_col": 1007.0,
    "pixel_row": 972.0,
    "population_density": 337.8,
    "position_along": 0.5,
    "protected_area_score": 30.0592,
    "rank": 19,
    "road_access_m": 159.6,
    "road_access_score": 1.0,
    "road_density_km_km2": 8.691,
    "robustness_pct": 0.0,
    "runoff_coeff_C": 0.2509,
    "seasonal_cv": 0.4841,
    "segment_id": 42,
    "segment_length_m": 437.1673,
    "stream_order": 3,
    "superfund_score": 0.0532,
    "tourism_amenity_density": 7.6394,
    "tri_facility_density": 0.1543,
    "usgs_mean_q_cfs": 6.023,
    "velocity_feasibility": 0.3,
    "water_intake_score": 2.644
   },
   "type": "Feature"
  },
  {
   "geometry": {
    "coordinates": [
     -80.757292,
     35.353579
    ],
    "type": "Point"
   },
   "properties": {
    "accumulation": 29606.0,
    "bank_slope_deg": 6.87,
    "bank_slope_score": 1.0,
    "beach_dist_km": 299.33,
    "bridge_proximity_bonus": 0.0,
    "catchment_area_km2": 2.9535,
    "channel_width_m": 4.89,
    "channel_width_score": 1.0,
    "composite_score": 42.5517,
    "cso_density": 0.0,
    "ej_index": 0.6239,
    "elevation_m": 205.7946,
    "estuary_dist_km": 429.0,
    "feasibility_score": 48.8095,
    "flood_q10_cfs": 605.96,
    "flow_score": 8.791,
    "flow_velocity_ms": 0.1071,
    "generation_score": 53.0739,
    "impact_score": 57.0344,
    "impervious_pct": 20.86,
    "land_ownership": 0.5,
    "lat": 35.3536,
    "litter_complaint_density": 0.0,
    "lon": -80.7573,
    "navigable_dist_m": null,
    "npdes_points": 0,
    "pixel_col": 1917.0,
    "pixel_row": 1469.0,
    "population_density": 741.7,
    "position_along": 0.5,
    "protected_area_score": 29.0436,
    "rank": 20,
    "road_access_m": 239.4,
    "road_access_score": 0.8,
    "road_density_km_km2": 4.813,
    "robustness_pct": 1.5,
    "runoff_coeff_C": 0.2377,
    "seasonal_cv": 0.4446,
    "segment_id": 69,
    "segment_length_m": 2201.8474,
    "stream_order": 1,
    "superfund_score": 0.0339,
    "tourism_amenity_density": 4.4563,
    "tri_facility_density": 0.3386,
    "usgs_mean_q_cfs": 3.206,
    "velocity_feasibility": 0.7,
    "water_intake_score": 1.8581
   },
   "type": "Feature"
  },
  {
   "geometry": {
    "coordinates": [
     -80.791796,
     35.349411
    ],
    "type": "Point"
   },
   "properties": {
    "accumulation": 70469.0,
    "bank_slope_deg": 1.95,
    "bank_slope_score": 1.0,
    "beach_dist_km": 302.0,
    "bridge_proximity_bonus": 0.0,
    "catchment_area_km2": 7.0299,
    "channel_width_m": 7.01,
    "channel_width_score": 1.0,
    "composite_score": 42.5494,
    "cso_density": 0.0,
    "ej_index": 0.471,
    "elevation_m": 217.8424,
    "estuary_dist_km": 432.1,
    "feasibility_score": 62.6984,
    "flood_q10_cfs": 1147.02,
    "flow_score": 25.3068,
    "flow_velocity_ms": 0.1204,
    "generation_score": 37.4852,
    "impact_score": 51.9078,
    "impervious_pct": 19.98,
    "land_ownership": 0.5,
    "lat": 35.3494,
    "litter_complaint_density": 0.0,
    "lon": -80.7918,
    "navigable_dist_m": null,
    "npdes_points": 0,
    "pixel_col": 1603.0,
    "pixel_row": 1515.0,
    "population_density": 1079.0,
    "position_along": 0.5,
    "protected_area_score": 32.0675,
    "rank": 21,
    "road_access_m": 86.0,
    "road_access_score": 1.0,
    "road_density_km_km2": 7.244,
    "robustness_pct": 0.0,
    "runoff_coeff_C": 0.2298,
    "seasonal_cv": 0.4568,
    "segment_id": 74,
    "segment_length_m": 948.9753,
    "stream_order": 3,
    "superfund_score": 0.0476,
    "tourism_amenity_density": 3.5014,
    "tri_facility_density": 0.0,
    "usgs_mean_q_cfs": 3.769,
    "velocity_feasibility": 0.7,
    "water_intake_score": 1.9369
   },
   "type": "Feature"
  },
  {
   "geometry": {
    "coordinates": [
     -80.742915,
     35.423886
    ],
    "type": "Point"
   },
   "properties": {
    "accumulation": 25531.0,
    "bank_slope_deg": 3.46,
    "bank_slope_score": 1.0,
    "beach_dist_km": 301.45,
    "bridge_proximity_bonus": 0.0,
    "catchment_area_km2": 2.5469,
    "channel_width_m": 4.6,
    "channel_width_score": 1.0,
    "composite_score": 42.3792,
    "cso_density": 0.0,
    "ej_index": 0.3647,
    "elevation_m": 186.3927,
    "estuary_dist_km": 428.2,
    "feasibility_score": 72.2222,
    "flood_q10_cfs": 376.22,
    "flow_score": 40.2444,
    "flow_velocity_ms": 0.5,
    "generation_score": 21.6985,
    "impact_score": 49.9175,
    "impervious_pct": null,
    "land_ownership": 0.5,
    "lat": 35.4239,
    "litter_complaint_density": 0.0,
    "lon": -80.7429,
    "navigable_dist_m": null,
    "npdes_points": 0,
    "pixel_col": 2046.0,
    "pixel_row": 687.0,
    "population_density": 1089.7,
    "position_along": 0.5,
    "protected_area_score": 23.5035,
    "rank": 22,
    "road_access_m": 41.5,
    "road_access_score": 1.0,
    "road_density_km_km2": 5.313,
    "robustness_pct": 2.0,
    "runoff_coeff_C": null,
    "seasonal_cv": null,
    "segment_id": 28,
    "segment_length_m": 345.8563,
    "stream_order": 3,
    "superfund_score": 0.0196,
    "tourism_amenity_density": 1.9099,
    "tri_facility_density": 0.0,
    "usgs_mean_q_cfs": null,
    "velocity_feasibility": 1.0,
    "water_intake_score": 2.7517
   },
   "type": "Feature"
  },
  {
   "geometry": {
    "coordinates": [
     -80.74084,
     35.4247
    ],
    "type": "Point"
   },
   "properties": {
    "accumulation": 23943.0,
    "bank_slope_deg": 3.42,
    "bank_slope_score": 1.0,
    "beach_dist_km": 301.32,
    "bridge_proximity_bonus": 0.0,
    "catchment_area_km2": 2.3885,
    "channel_width_m": 4.48,
    "channel_width_score": 1.0,
    "composite_score": 42.1933,
    "cso_density": 0.0,
    "ej_index": 0.3583,
    "elevation_m": 186.0081,
    "estuary_dist_km": 428.02,
    "feasibility_score": 75.0,
    "flood_q10_cfs": 358.44,
    "flow_score": 40.1619,
    "flow_velocity_ms": 0.5,
    "generation_score": 19.5544,
    "impact_score": 50.1217,
    "impervious_pct": null,
    "land_ownership": 1.0,
    "lat": 35.4247,
    "litter_complaint_density": 0.0,
    "lon": -80.7408,
    "navigable_dist_m": null,
    "npdes_points": 0,
    "pixel_col": 2063.0,
    "pixel_row": 679.0,
    "population_density": 996.5,
    "position_along": 0.5,
    "protected_area_score": 23.4364,
    "rank": 23,
    "road_access_m": 237.8,
    "road_access_score": 0.8,
    "road_density_km_km2": 4.722,
    "robustness_pct": 8.5,
    "runoff_coeff_C": null,
    "seasonal_cv": null,
    "segment_id": 27,
    "segment_length_m": 146.3917,
    "stream_order": 3,
    "superfund_score": 0.019,
    "tourism_amenity_density": 1.8303,
    "tri_facility_density": 0.0,
    "usgs_mean_q_cfs": null,
    "velocity_feasibility": 1.0,
    "water_intake_score": 2.7829
   },
   "type": "Feature"
  },
  {
   "geometry": {
    "coordinates": [
     -80.802156,
     35.344565
    ],
    "type": "Point"
   },
   "properties": {
    "accumulation": 28189.0,
    "bank_slope_deg": 1.21,
    "bank_slope_score": 1.0,
    "beach_dist_km": 302.64,
    "bridge_proximity_bonus": 0.0,
    "catchment_area_km2": 2.8121,
    "channel_width_m": 4.79,
    "channel_width_score": 1.0,
    "composite_score": 42.193,
    "cso_density": 0.0,
    "ej_index": 0.4487,
    "elevation_m": 223.7034,
    "estuary_dist_km": 433.01,
    "feasibility_score": 62.6984,
    "flood_q10_cfs": 653.17,
    "flow_score": 23.6502,
    "flow_velocity_ms": 0.114,
    "generation_score": 38.6643,
    "impact_score": 50.9213,
    "impervious_pct": 27.26,
    "land_ownership": 0.5,
    "lat": 35.3446,
    "litter_complaint_density": 0.0,
    "lon": -80.8022,
    "navigable_dist_m": null,
    "npdes_points": 0,
    "pixel_col": 1509.0,
    "pixel_row": 1570.0,
    "population_density": 814.2,
    "position_along": 0.5,
    "protected_area_score": 32.6683,
    "rank": 24,
    "road_access_m": 130.2,
    "road_access_score": 1.0,
    "road_density_km_km2": 7.542,
    "robustness_pct": 0.0,
    "runoff_coeff_C": 0.2953,
    "seasonal_cv": 0.441,
    "segment_id": 73,
    "segment_length_m": 1641.3976,
    "stream_order": 3,
    "superfund_score": 0.0793,
    "tourism_amenity_density": 2.8648,
    "tri_facility_density": 0.0,
    "usgs_mean_q_cfs": 1.717,
    "velocity_feasibility": 0.7,
    "water_intake_score": 1.9461
   },
   "type": "Feature"
  },
  {
   "geometry": {
    "coordinates": [
     -80.732758,
     35.386039
    ],
    "type": "Point"
   },
   "properties": {
    "accumulation": 655890.0,
    "bank_slope_deg": 0.24,
    "bank_slope_score": 1.0,
    "beach_dist_km": 298.82,
    "bridge_proximity_bonus": 0.0,
    "catchment_area_km2": 65.4308,
    "channel_width_m": 17.69,
    "channel_width_score": 0.5,
    "composite_score": 42.1924,
    "cso_density": 0.0,
    "ej_index": 0.468,
    "elevation_m": 180.9632,
    "estuary_dist_km": 426.99,
    "feasibility_score": 40.4762,
    "flood_q10_cfs": 3517.88,
    "flow_score": 48.7387,
    "flow_velocity_ms": 0.1582,
    "generation_score": 27.2151,
    "impact_score": 52.5726,
    "impervious_pct": 14.1,
    "land_ownership": 0.5,
    "lat": 35.386,
    "litter_complaint_density": 0.0,
    "lon": -80.7328,
    "navigable_dist_m": null,
    "npdes_points": 3,
    "pixel_col": 2139.0,
    "pixel_row": 1107.0,
    "population_density": 632.2,
    "position_along": 0.5,
    "protected_area_score": 24.5871,
    "rank": 25,
    "road_access_m": 136.4,
    "road_access_score": 1.0,
    "road_density_km_km2": 4.353,
    "robustness_pct": 12.5,
    "runoff_coeff_C": 0.1769,
    "seasonal_cv": 0.5065,
    "segment_id": 57,
    "segment_length_m": 1676.9182,
    "stream_order": 3,
    "superfund_score": 0.0241,
    "tourism_amenity_density": 3.7401,
    "tri_facility_density": 0.0153,
    "usgs_mean_q_cfs": 30.835,
    "velocity_feasibility": 0.7,
    "water_intake_score": 2.2394
   },
   "type": "Feature"
  },
  {
   "geometry": {
    "coordinates": [
     -80.747313,
     35.43057
    ],
    "type": "Point"
   },
   "properties": {
    "accumulation": 365312.0,
    "bank_slope_deg": 6.14,
    "bank_slope_score": 1.0,
    "beach_dist_km": 302.14,
    "bridge_proximity_bonus": 0.0,
    "catchment_area_km2": 36.4431,
    "channel_width_m": 13.87,
    "channel_width_score": 1.0,
    "composite_score": 42.1244,
    "cso_density": 0.0,
    "ej_index": 0.3408,
    "elevation_m": 186.5228,
    "estuary_dist_km": 428.65,
    "feasibility_score": 48.8095,
    "flood_q10_cfs": 2398.82,
    "flow_score": 44.1492,
    "flow_velocity_ms": 0.0924,
    "generation_score": 29.1033,
    "impact_score": 50.1156,
    "impervious_pct": 9.85,
    "land_ownership": 0.5,
    "lat": 35.4306,
    "litter_complaint_density": 0.0,
    "lon": -80.7473,
    "navigable_dist_m": null,
    "npdes_points": 9,
    "pixel_col": 2005.0,
    "pixel_row": 614.0,
    "population_density": 619.9,
    "position_along": 0.5,
    "protected_area_score": 23.3219,
    "rank": 26,
    "road_access_m": 207.5,
    "road_access_score": 0.8,
    "road_density_km_km2": 4.261,
    "robustness_pct": 0.0,
    "runoff_coeff_C": 0.1386,
    "seasonal_cv": 0.5053,
    "segment_id": 23,
    "segment_length_m": 1815.7454,
    "stream_order": 3,
    "superfund_score": 0.0202,
    "tourism_amenity_density": 2.9444,
    "tri_facility_density": 0.0,
    "usgs_mean_q_cfs": 52.502,
    "velocity_feasibility": 0.7,
    "water_intake_score": 2.7923
   },
   "type": "Feature"
  },
  {
   "geometry": {
    "coordinates": [
     -80.881023,
     35.402918
    ],
    "type": "Point"
   },
   "properties": {
    "accumulation": 180871.0,
    "bank_slope_deg": 2.63,
    "bank_slope_score": 1.0,
    "beach_dist_km": 311.81,
    "bridge_proximity_bonus": 0.0,
    "catchment_area_km2": 18.0435,
    "channel_width_m": 10.36,
    "channel_width_score": 1.0,
    "composite_score": 42.1103,
    "cso_density": 0.0,
    "ej_index": 0.3734,
    "elevation_m": 204.3524,
    "estuary_dist_km": 440.52,
    "feasibility_score": 62.6984,
    "flood_q10_cfs": 1930.7,
    "flow_score": 28.4874,
    "flow_velocity_ms": 0.0522,
    "generation_score": 37.6714,
    "impact_score": 47.6075,
    "impervious_pct": 22.32,
    "land_ownership": 0.5,
    "lat": 35.4029,
    "litter_complaint_density": 0.0,
    "lon": -80.881,
    "navigable_dist_m": null,
    "npdes_points": 1,
    "pixel_col": 787.0,
    "pixel_row": 921.0,
    "population_density": 718.1,
    "position_along": 0.5,
    "protected_area_score": 29.0851,
    "rank": 27,
    "road_access_m": 175.5,
    "road_access_score": 1.0,
    "road_density_km_km2": 6.771,
    "robustness_pct": 0.0,
    "runoff_coeff_C": 0.2509,
    "seasonal_cv": 0.4841,
    "segment_id": 45,
    "segment_length_m": 278.6582,
    "stream_order": 3,
    "superfund_score": 0.0274,
    "tourism_amenity_density": 5.093,
    "tri_facility_density": 0.0554,
    "usgs_mean_q_cfs": 6.023,
    "velocity_feasibility": 0.7,
    "water_intake_score": 2.8509
   },
   "type": "Feature"
  },
  {
   "geometry": {
    "coordinates": [
     -80.887304,
     35.410742
    ],
    "type": "Point"
   },
   "properties": {
    "accumulation": 252156.0,
    "bank_slope_deg": 2.05,
    "bank_slope_score": 1.0,
    "beach_dist_km": 312.69,
    "bridge_proximity_bonus": 0.0,
    "catchment_area_km2": 25.1548,
    "channel_width_m": 11.9,
    "channel_width_score": 1.0,
    "composite_score": 41.989,
    "cso_density": 0.0,
    "ej_index": 0.3192,
    "elevation_m": 202.8804,
    "estuary_dist_km": 441.15,
    "feasibility_score": 48.8095,
    "flood_q10_cfs": 2553.31,
    "flow_score": 33.9052,
    "flow_velocity_ms": 0.0557,
    "generation_score": 43.5513,
    "impact_score": 43.753,
    "impervious_pct": 29.23,
    "land_ownership": 0.5,
    "lat": 35.4107,
    "litter_complaint_density": 0.0,
    "lon": -80.8873,
    "navigable_dist_m": null,
    "npdes_points": 2,
    "pixel_col": 732.0,
    "pixel_row": 837.0,
    "population_density": 787.4,
    "position_along": 0.8333,
    "protected_area_score": 27.9272,
    "rank": 28,
    "road_access_m": 238.7,
    "road_access_score": 0.8,
    "road_density_km_km2": 6.834,
    "robustness_pct": 0.0,
    "runoff_coeff_C": 0.3131,
    "seasonal_cv": 0.4953,
    "segment_id": 19,
    "segment_length_m": 5297.8835,
    "stream_order": 3,
    "superfund_score": 0.0246,
    "tourism_amenity_density": 4.5359,
    "tri_facility_density": 0.0398,
    "usgs_mean_q_cfs": 11.411,
    "velocity_feasibility": 0.7,
    "water_intake_score": 2.918
   },
   "type": "Feature"
  },
  {
   "geometry": {
    "coordinates": [
     -80.761023,
     35.416268
    ],
    "type": "Point"
   },
   "properties": {
    "accumulation": 374271.0,
    "bank_slope_deg": 1.51,
    "bank_slope_score": 1.0,
    "beach_dist_km": 302.57,
    "bridge_proximity_bonus": 0.0,
    "catchment_area_km2": 37.3368,
    "channel_width_m": 14.01,
    "channel_width_score": 1.0,
    "composite_score": 41.8258,
    "cso_density": 0.0,
    "ej_index": 0.3729,
    "elevation_m": 188.1035,
    "estuary_dist_km": 429.77,
    "feasibility_score": 48.8095,
    "flood_q10_cfs": 2539.02,
    "flow_score": 36.7848,
    "flow_velocity_ms": 0.1357,
    "generation_score": 32.7728,
    "impact_score": 51.5878,
    "impervious_pct": 12.99,
    "land_ownership": 0.5,
    "lat": 35.4163,
    "litter_complaint_density": 0.0,
    "lon": -80.761,
    "navigable_dist_m": null,
    "npdes_points": 8,
    "pixel_col": 1881.0,
    "pixel_row": 772.0,
    "population_density": 746.2,
    "position_along": 0.5,
    "protected_area_score": 25.3252,
    "rank": 29,
    "road_access_m": 271.3,
    "road_access_score": 0.8,
    "road_density_km_km2": 4.738,
    "robustness_pct": 0.0,
    "runoff_coeff_C": 0.1669,
    "seasonal_cv": 0.4947,
    "segment_id": 55,
    "segment_length_m": 388.5255,
    "stream_order": 3,
    "superfund_score": 0.0261,
    "tourism_amenity_density": 4.5359,
    "tri_facility_density": 0.0,
    "usgs_mean_q_cfs": 16.709,
    "velocity_feasibility": 0.7,
    "water_intake_score": 2.5661
   },
   "type": "Feature"
  },
  {
   "geometry": {
    "coordinates": [
     -80.743008,
     35.40595
    ],
    "type": "Point"
   },
   "properties": {
    "accumulation": 584352.0,
    "bank_slope_deg": 0.94,
    "bank_slope_score": 1.0,
    "beach_dist_km": 300.6,
    "bridge_proximity_bonus": 0.0,
    "catchment_area_km2": 58.2942,
    "channel_width_m": 16.86,
    "channel_width_score": 0.5,
    "composite_score": 41.5836,
    "cso_density": 0.0,
    "ej_index": 0.4001,
    "elevation_m": 185.6133,
    "estuary_dist_km": 428.06,
    "feasibility_score": 40.4762,
    "flood_q10_cfs": 3170.3,
    "flow_score": 43.9088,
    "flow_velocity_ms": 0.1184,
    "generation_score": 29.5423,
    "impact_score": 52.2408,
    "impervious_pct": 11.2,
    "land_ownership": 0.5,
    "lat": 35.406,
    "litter_complaint_density": 0.0,
    "lon": -80.743,
    "navigable_dist_m": null,
    "npdes_points": 7,
    "pixel_col": 2041.0,
    "pixel_row": 888.0,
    "population_density": 689.7,
    "position_along": 0.5,
    "protected_area_score": 24.506,
    "rank": 30,
    "road_access_m": 145.9,
    "road_access_score": 1.0,
    "road_density_km_km2": 4.665,
    "robustness_pct": 0.0,
    "runoff_coeff_C": 0.1508,
    "seasonal_cv": 0.5045,
    "segment_id": 56,
    "segment_length_m": 4809.0629,
    "stream_order": 3,
    "superfund_score": 0.0213,
    "tourism_amenity_density": 3.9789,
    "tri_facility_density": 0.0,
    "usgs_mean_q_cfs": 26.501,
    "velocity_feasibility": 0.7,
    "water_intake_score": 2.5056
   },
   "type": "Feature"
  },
  {
   "geometry": {
    "coordinates": [
     -80.735742,
     35.417336
    ],
    "type": "Point"
   },
   "properties": {
    "accumulation": 423045.0,
    "bank_slope_deg": 5.06,
    "bank_slope_score": 1.0,
    "beach_dist_km": 300.55,
    "bridge_proximity_bonus": 0.0,
    "catchment_area_km2": 42.2025,
    "channel_width_m": 14.75,
    "channel_width_score": 1.0,
    "composite_score": 41.5641,
    "cso_density": 0.0,
    "ej_index": 0.3774,
    "elevation_m": 184.9877,
    "estuary_dist_km": 427.5,
    "feasibility_score": 48.8095,
    "flood_q10_cfs": 2601.92,
    "flow_score": 46.7093,
    "flow_velocity_ms": 0.1334,
    "generation_score": 25.0439,
    "impact_score": 50.1741,
    "impervious_pct": 9.85,
    "land_ownership": 0.5,
    "lat": 35.4173,
    "litter_complaint_density": 0.0,
    "lon": -80.7357,
    "navigable_dist_m": null,
    "npdes_points": 5,
    "pixel_col": 2111.0,
    "pixel_row": 761.0,
    "population_density": 641.6,
    "position_along": 0.1667,
    "protected_area_score": 23.3765,
    "rank": 31,
    "road_access_m": 283.9,
    "road_access_score": 0.8,
    "road_density_km_km2": 4.0,
    "robustness_pct": 1.5,
    "runoff_coeff_C": 0.1386,
    "seasonal_cv": 0.5053,
    "segment_id": 30,
    "segment_length_m": 5708.2203,
    "stream_order": 3,
    "superfund_score": 0.0186,
    "tourism_amenity_density": 1.6711,
    "tri_facility_density": 0.0,
    "usgs_mean_q_cfs": 52.502,
    "velocity_feasibility": 0.7,
    "water_intake_score": 2.6998
   },
   "type": "Feature"
  },
  {
   "geometry": {
    "coordinates": [
     -80.903484,
     35.403426
    ],
    "type": "Point"
   },
   "properties": {
    "accumulation": 573170.0,
    "bank_slope_deg": 5.52,
    "bank_slope_score": 1.0,
    "beach_dist_km": 313.69,
    "bridge_proximity_bonus": 0.0,
    "catchment_area_km2": 57.1787,
    "channel_width_m": 16.73,
    "channel_width_score": 0.5,
    "composite_score": 41.4797,
    "cso_density": 0.0,
    "ej_index": 0.3504,
    "elevation_m": 200.9149,
    "estuary_dist_km": 442.56,
    "feasibility_score": 40.4762,
    "flood_q10_cfs": 3765.58,
    "flow_score": 47.9641,
    "flow_velocity_ms": 0.1647,
    "generation_score": 35.5959,
    "impact_score": 42.4616,
    "impervious_pct": 24.43,
    "land_ownership": 0.5,
    "lat": 35.4034,
    "litter_complaint_density": 0.0,
    "lon": -80.9035,
    "navigable_dist_m": null,
    "npdes_points": 6,
    "pixel_col": 584.0,
    "pixel_row": 918.0,
    "population_density": 461.7,
    "position_along": 0.25,
    "protected_area_score": 28.0776,
    "rank": 32,
    "road_access_m": 126.2,
    "road_access_score": 1.0,
    "road_density_km_km2": 4.993,
    "robustness_pct": 7.5,
    "runoff_coeff_C": 0.2699,
    "seasonal_cv": 0.5225,
    "segment_id": 48,
    "segment_length_m": 3079.1935,
    "stream_order": 3,
    "superfund_score": 0.0191,
    "tourism_amenity_density": 2.8648,
    "tri_facility_density": 0.0175,
    "usgs_mean_q_cfs": 24.91,
    "velocity_feasibility": 0.7,
    "water_intake_score": 3.0209
   },
   "type": "Feature"
  },
  {
   "geometry": {
    "coordinates": [
     -80.894893,
     35.405119
    ],
    "type": "Point"
   },
   "properties": {
    "accumulation": 534882.0,
    "bank_slope_deg": 4.28,
    "bank_slope_score": 1.0,
    "beach_dist_km": 313.06,
    "bridge_proximity_bonus": 0.0,
    "catchment_area_km2": 53.3592,
    "channel_width_m": 16.25,
    "channel_width_score": 0.5,
    "composite_score": 41.4243,
    "cso_density": 0.0,
    "ej_index": 0.3596,
    "elevation_m": 201.3274,
    "estuary_dist_km": 441.79,
    "feasibility_score": 40.4762,
    "flood_q10_cfs": 3692.84,
    "flow_score": 44.3041,
    "flow_velocity_ms": 0.0648,
    "generation_score": 38.6756,
    "impact_score": 42.2473,
    "impervious_pct": 25.79,
    "land_ownership": 0.5,
    "lat": 35.4051,
    "litter_complaint_density": 0.0,
    "lon": -80.8949,
    "navigable_dist_m": null,
    "npdes_points": 6,
    "pixel_col": 661.0,
    "pixel_row": 899.0,
    "population_density": 533.0,
    "position_along": 0.5,
    "protected_area_score": 28.3545,
    "rank": 33,
    "road_access_m": 181.9,
    "road_access_score": 1.0,
    "road_density_km_km2": 5.814,
    "robustness_pct": 0.5,
    "runoff_coeff_C": 0.2821,
    "seasonal_cv": 0.5183,
    "segment_id": 47,
    "segment_length_m": 286.9325,
    "stream_order": 3,
    "superfund_score": 0.0216,
    "tourism_amenity_density": 2.069,
    "tri_facility_density": 0.0187,
    "usgs_mean_q_cfs": 22.477,
    "velocity_feasibility": 0.7,
    "water_intake_score": 2.9644
   },
   "type": "Feature"
  },
  {
   "geometry": {
    "coordinates": [
     -80.877559,
     35.453739
    ],
    "type": "Point"
   },
   "properties": {
    "accumulation": 75954.0,
    "bank_slope_deg": 4.03,
    "bank_slope_score": 1.0,
    "beach_dist_km": 313.89,
    "bridge_proximity_bonus": 0.0,
    "catchment_area_km2": 7.5771,
    "channel_width_m": 7.23,
    "channel_width_score": 1.0,
    "composite_score": 41.3101,
    "cso_density": 0.0,
    "ej_index": 0.2414,
    "elevation_m": 214.7539,
    "estuary_dist_km": 440.61,
    "feasibility_score": 62.6984,
    "flood_q10_cfs": 1474.66,
    "flow_score": 27.0685,
    "flow_velocity_ms": 0.08,
    "generation_score": 49.0473,
    "impact_score": 34.7468,
    "impervious_pct": 31.11,
    "land_ownership": 0.5,
    "lat": 35.4537,
    "litter_complaint_density": 0.0,
    "lon": -80.8776,
    "navigable_dist_m": null,
    "npdes_points": 1,
    "pixel_col": 820.0,
    "pixel_row": 359.0,
    "population_density": 1098.5,
    "position_along": 0.5,
    "protected_area_score": 23.9101,
    "rank": 34,
    "road_access_m": 148.2,
    "road_access_score": 1.0,
    "road_density_km_km2": 9.492,
    "robustness_pct": 0.0,
    "runoff_coeff_C": 0.33,
    "seasonal_cv": 0.4632,
    "segment_id": 7,
    "segment_length_m": 2504.7909,
    "stream_order": 3,
    "superfund_score": 0.0314,
    "tourism_amenity_density": 4.2176,
    "tri_facility_density": 0.0,
    "usgs_mean_q_cfs": 4.199,
    "velocity_feasibility": 0.7,
    "water_intake_score": 2.7998
   },
   "type": "Feature"
  },
  {
   "geometry": {
    "coordinates": [
     -80.889155,
     35.424711
    ],
    "type": "Point"
   },
   "properties": {
    "accumulation": 228239.0,
    "bank_slope_deg": 3.85,
    "bank_slope_score": 1.0,
    "beach_dist_km": 313.48,
    "bridge_proximity_bonus": 0.0,
    "catchment_area_km2": 22.7688,
    "channel_width_m": 11.41,
    "channel_width_score": 1.0,
    "composite_score": 41.0672,
    "cso_density": 0.0,
    "ej_index": 0.2421,
    "elevation_m": 205.3633,
    "estuary_dist_km": 441.42,
    "feasibility_score": 62.6984,
    "flood_q10_cfs": 2416.19,
    "flow_score": 34.1852,
    "flow_velocity_ms": 0.1061,
    "generation_score": 40.3841,
    "impact_score": 36.6697,
    "impervious_pct": 29.23,
    "land_ownership": 0.5,
    "lat": 35.4247,
    "litter_complaint_density": 0.0,
    "lon": -80.8892,
    "navigable_dist_m": null,
    "npdes_points": 1,
    "pixel_col": 715.0,
    "pixel_row": 682.0,
    "population_density": 829.9,
    "position_along": 0.5,
    "protected_area_score": 26.3414,
    "rank": 35,
    "road_access_m": 134.6,
    "road_access_score": 1.0,
    "road_density_km_km2": 6.748,
    "robustness_pct": 0.0,
    "runoff_coeff_C": 0.3131,
    "seasonal_cv": 0.4953,
    "segment_id": 19,
    "segment_length_m": 5297.8835,
    "stream_order": 3,
    "superfund_score": 0.024,
    "tourism_amenity_density": 2.3077,
    "tri_facility_density": 0.0,
    "usgs_mean_q_cfs": 11.411,
    "velocity_feasibility": 0.7,
    "water_intake_score": 2.9677
   },
   "type": "Feature"
  },
  {
   "geometry": {
    "coordinates": [
     -80.760317,
     35.381053
    ],
    "type": "Point"
   },
   "properties": {
    "accumulation": 39733.0,
    "bank_slope_deg": 0.02,
    "bank_slope_score": 1.0,
    "beach_dist_km": 300.85,
    "bridge_proximity_bonus": 0.0,
    "catchment_area_km2": 3.9637,
    "channel_width_m": 5.53,
    "channel_width_score": 1.0,
    "composite_score": 41.0544,
    "cso_density": 0.0,
    "ej_index": 0.3993,
    "elevation_m": 207.9685,
    "estuary_dist_km": 429.45,
    "feasibility_score": 50.0,
    "flood_q10_cfs": 943.28,
    "flow_score": 10.2957,
    "flow_velocity_ms": 0.0387,
    "generation_score": 52.815,
    "impact_score": 50.4534,
    "impervious_pct": 33.48,
    "land_ownership": 0.5,
    "lat": 35.3811,
    "litter_complaint_density": 0.0,
    "lon": -80.7603,
    "navigable_dist_m": null,
    "npdes_points": 0,
    "pixel_col": 1889.0,
    "pixel_row": 1163.0,
    "population_density": 1213.6,
    "position_along": 0.5,
    "protected_area_score": 27.7904,
    "rank": 36,
    "road_access_m": 173.8,
    "road_access_score": 1.0,
    "road_density_km_km2": 10.672,
    "robustness_pct": 0.0,
    "runoff_coeff_C": 0.3513,
    "seasonal_cv": 0.4338,
    "segment_id": 59,
    "segment_length_m": 2494.3367,
    "stream_order": 1,
    "superfund_score": 0.0277,
    "tourism_amenity_density": 3.9789,
    "tri_facility_density": 0.0,
    "usgs_mean_q_cfs": 2.23,
    "velocity_feasibility": 0.3,
    "water_intake_score": 2.1644
   },
   "type": "Feature"
  },
  {
   "geometry": {
    "coordinates": [
     -80.75189,
     35.41392
    ],
    "type": "Point"
   },
   "properties": {
    "accumulation": 559349.0,
    "bank_slope_deg": 4.5,
    "bank_slope_score": 1.0,
    "beach_dist_km": 301.71,
    "bridge_proximity_bonus": 0.2,
    "catchment_area_km2": 55.8,
    "channel_width_m": 16.56,
    "channel_width_score": 0.5,
    "composite_score": 41.0043,
    "cso_density": 0.0,
    "ej_index": 0.377,
    "elevation_m": 186.706,
    "estuary_dist_km": 428.93,
    "feasibility_score": 37.6984,
    "flood_q10_cfs": 3094.43,
    "flow_score": 42.4665,
    "flow_velocity_ms": 0.084,
    "generation_score": 32.2335,
    "impact_score": 50.2095,
    "impervious_pct": 11.2,
    "land_ownership": 0.5,
    "lat": 35.4139,
    "litter_complaint_density": 0.0,
    "lon": -80.7519,
    "navigable_dist_m": null,
    "npdes_points": 10,
    "pixel_col": 1964.0,
    "pixel_row": 798.0,
    "population_density": 678.5,
    "position_along": 0.1667,
    "protected_area_score": 24.5669,
    "rank": 37,
    "road_access_m": 211.1,
    "road_access_score": 0.8,
    "road_density_km_km2": 4.482,
    "robustness_pct": 0.0,
    "runoff_coeff_C": 0.1508,
    "seasonal_cv": 0.5045,
    "segment_id": 56,
    "segment_length_m": 4809.0629,
    "stream_order": 3,
    "superfund_score": 0.0229,
    "tourism_amenity_density": 3.1035,
    "tri_facility_density": 0.0,
    "usgs_mean_q_cfs": 26.501,
    "velocity_feasibility": 0.7,
    "water_intake_score": 2.5793
   },
   "type": "Feature"
  },
  {
   "geometry": {
    "coordinates": [
     -80.864369,
     35.452529
    ],
    "type": "Point"
   },
   "properties": {
    "accumulation": 24763.0,
    "bank_slope_deg": 2.46,
    "bank_slope_score": 1.0,
    "beach_dist_km": 312.76,
    "bridge_proximity_bonus": 0.0,
    "catchment_area_km2": 2.4703,
    "channel_width_m": 4.54,
    "channel_width_score": 1.0,
    "composite_score": 40.9662,
    "cso_density": 0.0,
    "ej_index": 0.2585,
    "elevation_m": 218.4072,
    "estuary_dist_km": 439.41,
    "feasibility_score": 62.6984,
    "flood_q10_cfs": 686.45,
    "flow_score": 24.7998,
    "flow_velocity_ms": 0.1019,
    "generation_score": 48.4649,
    "impact_score": 36.0735,
    "impervious_pct": 35.68,
    "land_ownership": 0.5,
    "lat": 35.4525,
    "litter_complaint_density": 0.0,
    "lon": -80.8644,
    "navigable_dist_m": null,
    "npdes_points": 1,
    "pixel_col": 938.0,
    "pixel_row": 373.0,
    "population_density": 978.2,
    "position_along": 0.5,
    "protected_area_score": 24.4858,
    "rank": 38,
    "road_access_m": 86.6,
    "road_access_score": 1.0,
    "road_density_km_km2": 7.891,
    "robustness_pct": 0.0,
    "runoff_coeff_C": 0.3711,
    "seasonal_cv": 0.4589,
    "segment_id": 15,
    "segment_length_m": 1113.3351,
    "stream_order": 3,
    "superfund_score": 0.0384,
    "tourism_amenity_density": 3.7401,
    "tri_facility_density": 0.0,
    "usgs_mean_q_cfs": 3.727,
    "velocity_feasibility": 0.7,
    "water_intake_score": 2.7331
   },
   "type": "Feature"
  },
  {
   "geometry": {
    "coordinates": [
     -80.738532,
     35.395613
    ],
    "type": "Point"
   },
   "properties": {
    "accumulation": 604943.0,
    "bank_slope_deg": 0.5,
    "bank_slope_score": 1.0,
    "beach_dist_km": 299.74,
    "bridge_proximity_bonus": 0.0,
    "catchment_area_km2": 60.3484,
    "channel_width_m": 17.11,
    "channel_width_score": 0.5,
    "composite_score": 40.8796,
    "cso_density": 0.0,
    "ej_index": 0.4312,
    "elevation_m": 183.0917,
    "estuary_dist_km": 427.58,
    "feasibility_score": 40.4762,
    "flood_q10_cfs": 3231.7,
    "flow_score": 45.2345,
    "flow_velocity_ms": 0.1495,
    "generation_score": 25.8448,
    "impact_score": 52.4869,
    "impervious_pct": 11.2,
    "land_ownership": 0.5,
    "lat": 35.3956,
    "litter_complaint_density": 0.0,
    "lon": -80.7385,
    "navigable_dist_m": null,
    "npdes_points": 4,
    "pixel_col": 2086.0,
    "pixel_row": 1002.0,
    "population_density": 654.0,
    "position_along": 0.8333,
    "protected_area_score": 24.5974,
    "rank": 39,
    "road_access_m": 130.0,
    "road_access_score": 1.0,
    "road_density_km_km2": 4.614,
    "robustness_pct": 0.0,
    "runoff_coeff_C": 0.1508,
    "seasonal_cv": 0.5045,
    "segment_id": 56,
    "segment_length_m": 4809.0629,
    "stream_order": 3,
    "superfund_score": 0.0221,
    "tourism_amenity_density": 4.0585,
    "tri_facility_density": 0.0,
    "usgs_mean_q_cfs": 26.501,
    "velocity_feasibility": 0.7,
    "water_intake_score": 2.3671
   },
   "type": "Feature"
  },
  {
   "geometry": {
    "coordinates": [
     -80.900515,
     35.338742
    ],
    "type": "Point"
   },
   "properties": {
    "accumulation": 178061.0,
    "bank_slope_deg": 3.02,
    "bank_slope_score": 1.0,
    "beach_dist_km": 310.57,
    "bridge_proximity_bonus": 0.0,
    "catchment_area_km2": 17.7631,
    "channel_width_m": 10.3,
    "channel_width_score": 1.0,
    "composite_score": 40.7647,
    "cso_density": 0.0,
    "ej_index": 0.489,
    "elevation_m": 202.7213,
    "estuary_dist_km": 441.88,
    "feasibility_score": 48.8095,
    "flood_q10_cfs": 2254.49,
    "flow_score": 34.9164,
    "flow_velocity_ms": 0.1308,
    "generation_score": 31.2648,
    "impact_score": 51.1158,
    "impervious_pct": 34.17,
    "land_ownership": 0.5,
    "lat": 35.3387,
    "litter_complaint_density": 0.0,
    "lon": -80.9005,
    "navigable_dist_m": null,
    "npdes_points": 1,
    "pixel_col": 610.0,
    "pixel_row": 1636.0,
    "population_density": 345.5,
    "position_along": 0.875,
    "protected_area_score": 34.0815,
    "rank": 40,
    "road_access_m": 284.7,
    "road_access_score": 0.8,
    "road_density_km_km2": 2.475,
    "robustness_pct": 0.0,
    "runoff_coeff_C": 0.3575,
    "seasonal_cv": 0.4858,
    "segment_id": 71,
    "segment_length_m": 6869.3657,
    "stream_order": 3,
    "superfund_score": 0.0203,
    "tourism_amenity_density": 0.4775,
    "tri_facility_density": 0.0,
    "usgs_mean_q_cfs": 13.515,
    "velocity_feasibility": 0.7,
    "water_intake_score": 2.8977
   },
   "type": "Feature"
  },
  {
   "geometry": {
    "coordinates": [
     -80.754997,
     35.364186
    ],
    "type": "Point"
   },
   "properties": {
    "accumulation": 25114.0,
    "bank_slope_deg": 2.16,
    "bank_slope_score": 1.0,
    "beach_dist_km": 299.63,
    "bridge_proximity_bonus": 0.2,
    "catchment_area_km2": 2.5053,
    "channel_width_m": 4.57,
    "channel_width_score": 1.0,
    "composite_score": 40.4442,
    "cso_density": 0.0,
    "ej_index": 0.5807,
    "elevation_m": 212.7402,
    "estuary_dist_km": 428.85,
    "feasibility_score": 73.8095,
    "flood_q10_cfs": 570.49,
    "flow_score": 8.9034,
    "flow_velocity_ms": 0.1003,
    "generation_score": 33.9801,
    "impact_score": 56.5096,
    "impervious_pct": 24.5,
    "land_ownership": 0.5,
    "lat": 35.3642,
    "litter_complaint_density": 0.0,
    "lon": -80.755,
    "navigable_dist_m": null,
    "npdes_points": 0,
    "pixel_col": 1937.0,
    "pixel_row": 1352.0,
    "population_density": 535.7,
    "position_along": 0.1667,
    "protected_area_score": 28.4818,
    "rank": 41,
    "road_access_m": 21.6,
    "road_access_score": 1.0,
    "road_density_km_km2": 8.941,
    "robustness_pct": 3.5,
    "runoff_coeff_C": 0.2705,
    "seasonal_cv": 0.4343,
    "segment_id": 64,
    "segment_length_m": 5952.7777,
    "stream_order": 1,
    "superfund_score": 0.031,
    "tourism_amenity_density": 4.6951,
    "tri_facility_density": 0.0,
    "usgs_mean_q_cfs": 2.29,
    "velocity_feasibility": 0.7,
    "water_intake_score": 1.9597
   },
   "type": "Feature"
  },
  {
   "geometry": {
    "coordinates": [
     -80.880127,
     35.410883
    ],
    "type": "Point"
   },
   "properties": {
    "accumulation": 63752.0,
    "bank_slope_deg": 0.93,
    "bank_slope_score": 1.0,
    "beach_dist_km": 312.1,
    "bridge_proximity_bonus": 0.0,
    "catchment_area_km2": 6.3598,
    "channel_width_m": 6.72,
    "channel_width_score": 1.0,
    "composite_score": 40.3884,
    "cso_density": 0.0,
    "ej_index": 0.2611,
    "elevation_m": 207.3557,
    "estuary_dist_km": 440.5,
    "feasibility_score": 62.6984,
    "flood_q10_cfs": 1120.56,
    "flow_score": 24.8818,
    "flow_velocity_ms": 0.1058,
    "generation_score": 38.9505,
    "impact_score": 43.5934,
    "impervious_pct": 22.96,
    "land_ownership": 0.5,
    "lat": 35.4109,
    "litter_complaint_density": 0.0,
    "lon": -80.8801,
    "navigable_dist_m": null,
    "npdes_points": 0,
    "pixel_col": 797.0,
    "pixel_row": 835.0,
    "population_density": 1076.3,
    "position_along": 0.75,
    "protected_area_score": 28.3618,
    "rank": 42,
    "road_access_m": 72.1,
    "road_access_score": 1.0,
    "road_density_km_km2": 6.77,
    "robustness_pct": 0.0,
    "runoff_coeff_C": 0.2566,
    "seasonal_cv": 0.4632,
    "segment_id": 25,
    "segment_length_m": 3846.7942,
    "stream_order": 3,
    "superfund_score": 0.0282,
    "tourism_amenity_density": 5.4113,
    "tri_facility_density": 0.0,
    "usgs_mean_q_cfs": 3.115,
    "velocity_feasibility": 0.7,
    "water_intake_score": 2.8606
   },
   "type": "Feature"
  },
  {
   "geometry": {
    "coordinates": [
     -80.868621,
     35.423696
    ],
    "type": "Point"
   },
   "properties": {
    "accumulation": 41489.0,
    "bank_slope_deg": 0.52,
    "bank_slope_score": 1.0,
    "beach_dist_km": 311.75,
    "bridge_proximity_bonus": 0.0,
    "catchment_area_km2": 4.1389,
    "channel_width_m": 5.63,
    "channel_width_score": 1.0,
    "composite_score": 40.3722,
    "cso_density": 0.0,
    "ej_index": 0.2405,
    "elevation_m": 214.3139,
    "estuary_dist_km": 439.56,
    "feasibility_score": 66.6667,
    "flood_q10_cfs": 810.67,
    "flow_score": 22.093,
    "flow_velocity_ms": 0.0381,
    "generation_score": 42.578,
    "impact_score": 40.2517,
    "impervious_pct": 22.96,
    "land_ownership": 1.0,
    "lat": 35.4237,
    "litter_complaint_density": 0.0,
    "lon": -80.8686,
    "navigable_dist_m": null,
    "npdes_points": 0,
    "pixel_col": 899.0,
    "pixel_row": 693.0,
    "population_density": 1093.4,
    "position_along": 0.25,
    "protected_area_score": 26.9884,
    "rank": 43,
    "road_access_m": 172.9,
    "road_access_score": 1.0,
    "road_density_km_km2": 9.705,
    "robustness_pct": 0.0,
    "runoff_coeff_C": 0.2566,
    "seasonal_cv": 0.4632,
    "segment_id": 25,
    "segment_length_m": 3846.7942,
    "stream_order": 3,
    "superfund_score": 0.0359,
    "tourism_amenity_density": 4.3768,
    "tri_facility_density": 0.0,
    "usgs_mean_q_cfs": 3.115,
    "velocity_feasibility": 0.3,
    "water_intake_score": 2.7938
   },
   "type": "Feature"
  },
  {
   "geometry": {
    "coordinates": [
     -80.857681,
     35.397643
    ],
    "type": "Point"
   },
   "properties": {
    "accumulation": 20439.0,
    "bank_slope_deg": 0.27,
    "bank_slope_score": 1.0,
    "beach_dist_km": 309.64,
    "bridge_proximity_bonus": 0.0,
    "catchment_area_km2": 2.039,
    "channel_width_m": 4.19,
    "channel_width_score": 1.0,
    "composite_score": 40.3049,
    "cso_density": 0.0,
    "ej_index": 0.5513,
    "elevation_m": 213.5063,
    "estuary_dist_km": 438.37,
    "feasibility_score": 62.6984,
    "flood_q10_cfs": 470.18,
    "flow_score": 21.5837,
    "flow_velocity_ms": 0.0694,
    "generation_score": 27.6928,
    "impact_score": 57.3213,
    "impervious_pct": 22.32,
    "land_ownership": 0.5,
    "lat": 35.3976,
    "litter_complaint_density": 0.0,
    "lon": -80.8577,
    "navigable_dist_m": null,
    "npdes_points": 0,
    "pixel_col": 1002.0,
    "pixel_row": 978.0,
    "population_density": 250.6,
    "position_along": 0.5,
    "protected_area_score": 30.0877,
    "rank": 44,
    "road_access_m": 124.4,
    "road_access_score": 1.0,
    "road_density_km_km2": 8.681,
    "robustness_pct": 0.0,
    "runoff_coeff_C": 0.2509,
    "seasonal_cv": 0.4841,
    "segment_id": 38,
    "segment_length_m": 499.8124,
    "stream_order": 3,
    "superfund_score": 0.0512,
    "tourism_amenity_density": 6.8437,
    "tri_facility_density": 0.0,
    "usgs_mean_q_cfs": 6.023,
    "velocity_feasibility": 0.7,
    "water_intake_score": 2.6484
   },
   "type": "Feature"
  },
  {
   "geometry": {
    "coordinates": [
     -80.876993,
     35.46724
    ],
    "type": "Point"
   },
   "properties": {
    "accumulation": 23010.0,
    "bank_slope_deg": 1.43,
    "bank_slope_score": 1.0,
    "beach_dist_km": 314.49,
    "bridge_proximity_bonus": 0.0,
    "catchment_area_km2": 2.2954,
    "channel_width_m": 4.4,
    "channel_width_score": 1.0,
    "composite_score": 40.0492,
    "cso_density": 0.0,
    "ej_index": 0.2836,
    "elevation_m": 220.6208,
    "estuary_dist_km": 440.68,
    "feasibility_score": 62.6984,
    "flood_q10_cfs": 599.58,
    "flow_score": 23.8439,
    "flow_velocity_ms": 0.0996,
    "generation_score": 48.8363,
    "impact_score": 33.4419,
    "impervious_pct": 31.11,
    "land_ownership": 0.5,
    "lat": 35.4672,
    "litter_complaint_density": 0.0,
    "lon": -80.877,
    "navigable_dist_m": null,
    "npdes_points": 0,
    "pixel_col": 826.0,
    "pixel_row": 209.0,
    "population_density": 1184.3,
    "position_along": 0.5,
    "protected_area_score": 23.148,
    "rank": 45,
    "road_access_m": 145.0,
    "road_access_score": 1.0,
    "road_density_km_km2": 9.023,
    "robustness_pct": 0.0,
    "runoff_coeff_C": 0.33,
    "seasonal_cv": 0.4632,
    "segment_id": 6,
    "segment_length_m": 892.8908,
    "stream_order": 3,
    "superfund_score": 0.0385,
    "tourism_amenity_density": 3.8993,
    "tri_facility_density": 0.0,
    "usgs_mean_q_cfs": 4.199,
    "velocity_feasibility": 0.7,
    "water_intake_score": 2.7071
   },
   "type": "Feature"
  },
  {
   "geometry": {
    "coordinates": [
     -80.772996,
     35.413412
    ],
    "type": "Point"
   },
   "properties": {
    "accumulation": 339215.0,
    "bank_slope_deg": 4.2,
    "bank_slope_score": 1.0,
    "beach_dist_km": 303.41,
    "bridge_proximity_bonus": 0.0,
    "catchment_area_km2": 33.8397,
    "channel_width_m": 13.45,
    "channel_width_score": 1.0,
    "composite_score": 39.6835,
    "cso_density": 0.0,
    "ej_index": 0.3777,
    "elevation_m": 189.3477,
    "estuary_dist_km": 430.83,
    "feasibility_score": 48.8095,
    "flood_q10_cfs": 2404.41,
    "flow_score": 34.0379,
    "flow_velocity_ms": 0.0595,
    "generation_score": 29.2549,
    "impact_score": 50.2538,
    "impervious_pct": 12.99,
    "land_ownership": 0.5,
    "lat": 35.4134,
    "litter_complaint_density": 0.0,
    "lon": -80.773,
    "navigable_dist_m": null,
    "npdes_points": 6,
    "pixel_col": 1773.0,
    "pixel_row": 802.0,
    "population_density": 682.5,
    "position_along": 0.5,
    "protected_area_score": 26.2202,
    "rank": 46,
    "road_access_m": 231.9,
    "road_access_score": 0.8,
    "road_density_km_km2": 4.333,
    "robustness_pct": 0.0,
    "runoff_coeff_C": 0.1669,
    "seasonal_cv": 0.4947,
    "segment_id": 54,
    "segment_length_m": 2048.4794,
    "stream_order": 3,
    "superfund_score": 0.0329,
    "tourism_amenity_density": 3.9789,
    "tri_facility_density": 0.0,
    "usgs_mean_q_cfs": 16.709,
    "velocity_feasibility": 0.7,
    "water_intake_score": 2.5107
   },
   "type": "Feature"
  },
  {
   "geometry": {
    "coordinates": [
     -80.911635,
     35.393413
    ],
    "type": "Point"
   },
   "properties": {
    "accumulation": 587913.0,
    "bank_slope_deg": 0.33,
    "bank_slope_score": 1.0,
    "beach_dist_km": 313.91,
    "bridge_proximity_bonus": 0.0,
    "catchment_area_km2": 58.6495,
    "channel_width_m": 16.9,
    "channel_width_score": 0.5,
    "composite_score": 39.3554,
    "cso_density": 0.0,
    "ej_index": 0.3667,
    "elevation_m": 199.5678,
    "estuary_dist_km": 443.22,
    "feasibility_score": 26.5873,
    "flood_q10_cfs": 3818.93,
    "flow_score": 47.0212,
    "flow_velocity_ms": 0.1132,
    "generation_score": 32.5322,
    "impact_score": 46.1746,
    "impervious_pct": 24.43,
    "land_ownership": 0.5,
    "lat": 35.3934,
    "litter_complaint_density": 0.0,
    "lon": -80.9116,
    "navigable_dist_m": null,
    "npdes_points": 7,
    "pixel_col": 512.0,
    "pixel_row": 1030.0,
    "population_density": 366.7,
    "position_along": 0.75,
    "protected_area_score": 29.0313,
    "rank": 47,
    "road_access_m": 332.6,
    "road_access_score": 0.8,
    "road_density_km_km2": 3.769,
    "robustness_pct": 0.0,
    "runoff_coeff_C": 0.2699,
    "seasonal_cv": 0.5225,
    "segment_id": 48,
    "segment_length_m": 3079.1935,
    "stream_order": 3,
    "superfund_score": 0.0172,
    "tourism_amenity_density": 4.4563,
    "tri_facility_density": 0.0,
    "usgs_mean_q_cfs": 24.91,
    "velocity_feasibility": 0.7,
    "water_intake_score": 3.0764
   },
   "type": "Feature"
  },
  {
   "geometry": {
    "coordinates": [
     -80.814515,
     35.406567
    ],
    "type": "Point"
   },
   "properties": {
    "accumulation": 44061.0,
    "bank_slope_deg": 2.4,
    "bank_slope_score": 1.0,
    "beach_dist_km": 306.5,
    "bridge_proximity_bonus": 0.0,
    "catchment_area_km2": 4.3955,
    "channel_width_m": 5.77,
    "channel_width_score": 1.0,
    "composite_score": 39.2391,
    "cso_density": 0.0,
    "ej_index": 0.3905,
    "elevation_m": 200.9763,
    "estuary_dist_km": 434.53,
    "feasibility_score": 62.6984,
    "flood_q10_cfs": 833.11,
    "flow_score": 23.0599,
    "flow_velocity_ms": 0.0824,
    "generation_score": 32.4764,
    "impact_score": 47.755,
    "impervious_pct": 21.93,
    "land_ownership": 0.5,
    "lat": 35.4066,
    "litter_complaint_density": 0.0,
    "lon": -80.8145,
    "navigable_dist_m": null,
    "npdes_points": 4,
    "pixel_col": 1395.0,
    "pixel_row": 881.0,
    "population_density": 534.5,
    "position_along": 0.5,
    "protected_area_score": 28.4261,
    "rank": 48,
    "road_access_m": 106.8,
    "road_access_score": 1.0,
    "road_density_km_km2": 5.603,
    "robustness_pct": 0.0,
    "runoff_coeff_C": 0.2474,
    "seasonal_cv": 0.4498,
    "segment_id": 34,
    "segment_length_m": 2421.8759,
    "stream_order": 3,
    "superfund_score": 0.1859,
    "tourism_amenity_density": 0.9549,
    "tri_facility_density": 0.0,
    "usgs_mean_q_cfs": 2.53,
    "velocity_feasibility": 0.7,
    "water_intake_score": 2.4478
   },
   "type": "Feature"
  },
  {
   "geometry": {
    "coordinates": [
     -80.74309,
     35.352954
    ],
    "type": "Point"
   },
   "properties": {
    "accumulation": 40743.0,
    "bank_slope_deg": 4.69,
    "bank_slope_score": 1.0,
    "beach_dist_km": 298.13,
    "bridge_proximity_bonus": 0.0,
    "catchment_area_km2": 4.0645,
    "channel_width_m": 5.58,
    "channel_width_score": 1.0,
    "composite_score": 39.2262,
    "cso_density": 0.0,
    "ej_index": 0.6929,
    "elevation_m": 199.0441,
    "estuary_dist_km": 427.71,
    "feasibility_score": 62.6984,
    "flood_q10_cfs": 821.5,
    "flow_score": 10.7624,
    "flow_velocity_ms": 0.133,
    "generation_score": 33.2998,
    "impact_score": 57.1365,
    "impervious_pct": 24.5,
    "land_ownership": 0.5,
    "lat": 35.353,
    "litter_complaint_density": 0.0,
    "lon": -80.7431,
    "navigable_dist_m": null,
    "npdes_points": 0,
    "pixel_col": 2046.0,
    "pixel_row": 1476.0,
    "population_density": 570.6,
    "position_along": 0.5,
    "protected_area_score": 28.1476,
    "rank": 49,
    "road_access_m": 199.9,
    "road_access_score": 1.0,
    "road_density_km_km2": 7.866,
    "robustness_pct": 0.0,
    "runoff_coeff_C": 0.2705,
    "seasonal_cv": 0.4343,
    "segment_id": 64,
    "segment_length_m": 5952.7777,
    "stream_order": 1,
    "superfund_score": 0.0406,
    "tourism_amenity_density": 2.7056,
    "tri_facility_density": 0.0,
    "usgs_mean_q_cfs": 2.29,
    "velocity_feasibility": 0.7,
    "water_intake_score": 1.8105
   },
   "type": "Feature"
  },
  {
   "geometry": {
    "coordinates": [
     -80.727681,
     35.378827
    ],
    "type": "Point"
   },
   "properties": {
    "accumulation": 29648.0,
    "bank_slope_deg": 1.22,
    "bank_slope_score": 1.0,
    "beach_dist_km": 298.06,
    "bridge_proximity_bonus": 0.2,
    "catchment_area_km2": 2.9576,
    "channel_width_m": 4.89,
    "channel_width_score": 1.0,
    "composite_score": 39.2086,
    "cso_density": 0.0,
    "ej_index": 0.3787,
    "elevation_m": 185.9854,
    "estuary_dist_km": 426.48,
    "feasibility_score": 73.8095,
    "flood_q10_cfs": 791.18,
    "flow_score": 10.8888,
    "flow_velocity_ms": 0.078,
    "generation_score": 36.1189,
    "impact_score": 48.5976,
    "impervious_pct": 36.04,
    "land_ownership": 0.5,
    "lat": 35.3788,
    "litter_complaint_density": 0.0,
    "lon": -80.7277,
    "navigable_dist_m": null,
    "npdes_points": 0,
    "pixel_col": 2185.0,
    "pixel_row": 1188.0,
    "population_density": 326.2,
    "position_along": 0.5,
    "protected_area_score": 24.6104,
    "rank": 50,
    "road_access_m": 114.9,
    "road_access_score": 1.0,
    "road_density_km_km2": 6.755,
    "robustness_pct": 0.0,
    "runoff_coeff_C": 0.3744,
    "seasonal_cv": 0.4258,
    "segment_id": 62,
    "segment_length_m": 2499.8935,
    "stream_order": 1,
    "superfund_score": 0.0274,
    "tourism_amenity_density": 3.3423,
    "tri_facility_density": 0.0,
    "usgs_mean_q_cfs": 2.003,
    "velocity_feasibility": 0.7,
    "water_intake_score": 2.1262
   },
   "type": "Feature"
  },
  {
   "geometry": {
    "coordinates": [
     -80.919776,
     35.391614
    ],
    "type": "Point"
   },
   "properties": {
    "accumulation": 628333.0,
    "bank_slope_deg": 2.91,
    "bank_slope_score": 1.0,
    "beach_dist_km": 314.51,
    "bridge_proximity_bonus": 0.0,
    "catchment_area_km2": 62.6817,
    "channel_width_m": 17.38,
    "channel_width_score": 0.5,
    "composite_score": 39.0296,
    "cso_density": 0.0,
    "ej_index": 0.3559,
    "elevation_m": 198.9531,
    "estuary_dist_km": 443.95,
    "feasibility_score": 26.5873,
    "flood_q10_cfs": 3923.52,
    "flow_score": 48.1739,
    "flow_velocity_ms": 0.1117,
    "generation_score": 30.4508,
    "impact_score": 46.2094,
    "impervious_pct": 23.72,
    "land_ownership": 0.5,
    "lat": 35.3916,
    "litter_complaint_density": 0.0,
    "lon": -80.9198,
    "navigable_dist_m": null,
    "npdes_points": 7,
    "pixel_col": 437.0,
    "pixel_row": 1050.0,
    "population_density": 311.4,
    "position_along": 0.5,
    "protected_area_score": 28.8653,
    "rank": 51,
    "road_access_m": 279.4,
    "road_access_score": 0.8,
    "road_density_km_km2": 3.138,
    "robustness_pct": 0.5,
    "runoff_coeff_C": 0.2635,
    "seasonal_cv": 0.5244,
    "segment_id": 49,
    "segment_length_m": 507.3768,
    "stream_order": 3,
    "superfund_score": 0.0159,
    "tourism_amenity_density": 5.0134,
    "tri_facility_density": 0.0,
    "usgs_mean_q_cfs": 26.202,
    "velocity_feasibility": 0.7,
    "water_intake_score": 3.1317
   },
   "type": "Feature"
  },
  {
   "geometry": {
    "coordinates": [
     -80.769126,
     35.456728
    ],
    "type": "Point"
   },
   "properties": {
    "accumulation": 249789.0,
    "bank_slope_deg": 6.32,
    "bank_slope_score": 1.0,
    "beach_dist_km": 305.19,
    "bridge_proximity_bonus": 0.0,
    "catchment_area_km2": 24.9186,
    "channel_width_m": 11.85,
    "channel_width_score": 1.0,
    "composite_score": 39.0059,
    "cso_density": 0.0,
    "ej_index": 0.2985,
    "elevation_m": 192.1113,
    "estuary_dist_km": 430.85,
    "feasibility_score": 62.6984,
    "flood_q10_cfs": 1913.0,
    "flow_score": 37.8899,
    "flow_velocity_ms": 0.1062,
    "generation_score": 23.1577,
    "impact_score": 43.9378,
    "impervious_pct": 8.71,
    "land_ownership": 0.5,
    "lat": 35.4567,
    "litter_complaint_density": 0.0,
    "lon": -80.7691,
    "navigable_dist_m": null,
    "npdes_points": 7,
    "pixel_col": 1807.0,
    "pixel_row": 321.0,
    "population_density": 456.5,
    "position_along": 0.5,
    "protected_area_score": 23.3849,
    "rank": 52,
    "road_access_m": 156.2,
    "road_access_score": 1.0,
    "road_density_km_km2": 3.792,
    "robustness_pct": 0.0,
    "runoff_coeff_C": 0.1284,
    "seasonal_cv": 0.4992,
    "segment_id": 13,
    "segment_length_m": 727.8211,
    "stream_order": 3,
    "superfund_score": 0.025,
    "tourism_amenity_density": 1.2732,
    "tri_facility_density": 0.0,
    "usgs_mean_q_cfs": 40.851,
    "velocity_feasibility": 0.7,
    "water_intake_score": 2.8217
   },
   "type": "Feature"
  },
  {
   "geometry": {
    "coordinates": [
     -80.782497,
     35.461968
    ],
    "type": "Point"
   },
   "properties": {
    "accumulation": 184953.0,
    "bank_slope_deg": 6.28,
    "bank_slope_score": 1.0,
    "beach_dist_km": 306.53,
    "bridge_proximity_bonus": 0.0,
    "catchment_area_km2": 18.4507,
    "channel_width_m": 10.46,
    "channel_width_score": 1.0,
    "composite_score": 38.9595,
    "cso_density": 0.0,
    "ej_index": 0.2581,
    "elevation_m": 194.6329,
    "estuary_dist_km": 432.1,
    "feasibility_score": 62.6984,
    "flood_q10_cfs": 1608.29,
    "flow_score": 31.2159,
    "flow_velocity_ms": 0.0795,
    "generation_score": 30.12,
    "impact_score": 42.3825,
    "impervious_pct": 8.2,
    "land_ownership": 0.5,
    "lat": 35.462,
    "litter_complaint_density": 0.0,
    "lon": -80.7825,
    "navigable_dist_m": null,
    "npdes_points": 15,
    "pixel_col": 1685.0,
    "pixel_row": 266.0,
    "population_density": 370.0,
    "position_along": 0.5,
    "protected_area_score": 23.858,
    "rank": 53,
    "road_access_m": 147.2,
    "road_access_score": 1.0,
    "road_density_km_km2": 4.203,
    "robustness_pct": 0.0,
    "runoff_coeff_C": 0.1238,
    "seasonal_cv": 0.4911,
    "segment_id": 12,
    "segment_length_m": 2381.752,
    "stream_order": 3,
    "superfund_score": 0.0308,
    "tourism_amenity_density": 2.7056,
    "tri_facility_density": 0.0,
    "usgs_mean_q_cfs": 25.496,
    "velocity_feasibility": 0.7,
    "water_intake_score": 2.7344
   },
   "type": "Feature"
  },
  {
   "geometry": {
    "coordinates": [
     -80.881985,
     35.438151
    ],
    "type": "Point"
   },
   "properties": {
    "accumulation": 187242.0,
    "bank_slope_deg": 5.02,
    "bank_slope_score": 1.0,
    "beach_dist_km": 313.52,
    "bridge_proximity_bonus": 0.0,
    "catchment_area_km2": 18.679,
    "channel_width_m": 10.51,
    "channel_width_score": 1.0,
    "composite_score": 38.8786,
    "cso_density": 0.0,
    "ej_index": 0.2133,
    "elevation_m": 209.4587,
    "estuary_dist_km": 440.88,
    "feasibility_score": 48.8095,
    "flood_q10_cfs": 2165.22,
    "flow_score": 33.0386,
    "flow_velocity_ms": 0.119,
    "generation_score": 41.45,
    "impact_score": 36.2083,
    "impervious_pct": 29.23,
    "land_ownership": 0.5,
    "lat": 35.4382,
    "litter_complaint_density": 0.0,
    "lon": -80.882,
    "navigable_dist_m": null,
    "npdes_points": 1,
    "pixel_col": 779.0,
    "pixel_row": 533.0,
    "population_density": 846.8,
    "position_along": 0.1667,
    "protected_area_score": 25.2399,
    "rank": 54,
    "road_access_m": 241.9,
    "road_access_score": 0.8,
    "road_density_km_km2": 7.447,
    "robustness_pct": 0.0,
    "runoff_coeff_C": 0.3131,
    "seasonal_cv": 0.4953,
    "segment_id": 19,
    "segment_length_m": 5297.8835,
    "stream_order": 3,
    "superfund_score": 0.0273,
    "tourism_amenity_density": 4.0585,
    "tri_facility_density": 0.0,
    "usgs_mean_q_cfs": 11.411,
    "velocity_feasibility": 0.7,
    "water_intake_score": 2.8912
   },
   "type": "Feature"
  },
  {
   "geometry": {
    "coordinates": [
     -80.929391,
     35.388115
    ],
    "type": "Point"
   },
   "properties": {
    "accumulation": 704658.0,
    "bank_slope_deg": 3.01,
    "bank_slope_score": 1.0,
    "beach_dist_km": 315.15,
    "bridge_proximity_bonus": 0.0,
    "catchment_area_km2": 70.2958,
    "channel_width_m": 18.22,
    "channel_width_score": 0.5,
    "composite_score": 38.8245,
    "cso_density": 0.0,
    "ej_index": 0.3534,
    "elevation_m": 197.4473,
    "estuary_dist_km": 444.8,
    "feasibility_score": 26.5873,
    "flood_q10_cfs": 4050.55,
    "flow_score": 51.1672,
    "flow_velocity_ms": 0.1404,
    "generation_score": 27.2067,
    "impact_score": 46.2753,
    "impervious_pct": 21.43,
    "land_ownership": 0.5,
    "lat": 35.3881,
    "litter_complaint_density": 0.0,
    "lon": -80.9294,
    "navigable_dist_m": null,
    "npdes_points": 7,
    "pixel_col": 347.0,
    "pixel_row": 1089.0,
    "population_density": 257.1,
    "position_along": 0.25,
    "protected_area_score": 28.9881,
    "rank": 55,
    "road_access_m": 223.1,
    "road_access_score": 0.8,
    "road_density_km_km2": 2.427,
    "robustness_pct": 4.5,
    "runoff_coeff_C": 0.2429,
    "seasonal_cv": 0.5301,
    "segment_id": 61,
    "segment_length_m": 3692.0065,
    "stream_order": 3,
    "superfund_score": 0.0146,
    "tourism_amenity_density": 5.0134,
    "tri_facility_density": 0.0,
    "usgs_mean_q_cfs": 30.22,
    "velocity_feasibility": 0.7,
    "water_intake_score": 3.2075
   },
   "type": "Feature"
  },
  {
   "geometry": {
    "coordinates": [
     -80.851965,
     35.392589
    ],
    "type": "Point"
   },
   "properties": {
    "accumulation": 30331.0,
    "bank_slope_deg": 1.92,
    "bank_slope_score": 1.0,
    "beach_dist_km": 308.94,
    "bridge_proximity_bonus": 0.0,
    "catchment_area_km2": 3.0258,
    "channel_width_m": 4.94,
    "channel_width_score": 1.0,
    "composite_score": 38.7957,
    "cso_density": 0.0,
    "ej_index": 0.4924,
    "elevation_m": 222.6205,
    "estuary_dist_km": 437.82,
    "feasibility_score": 62.6984,
    "flood_q10_cfs": 633.08,
    "flow_score": 23.1458,
    "flow_velocity_ms": 0.1086,
    "generation_score": 26.6808,
    "impact_score": 52.0008,
    "impervious_pct": 22.32,
    "land_ownership": 0.5,
    "lat": 35.3926,
    "litter_complaint_density": 0.0,
    "lon": -80.852,
    "navigable_dist_m": null,
    "npdes_points": 1,
    "pixel_col": 1052.0,
    "pixel_row": 1034.0,
    "population_density": 258.6,
    "position_along": 0.5,
    "protected_area_score": 30.6229,
    "rank": 56,
    "road_access_m": 22.2,
    "road_access_score": 1.0,
    "road_density_km_km2": 6.79,
    "robustness_pct": 0.0,
    "runoff_coeff_C": 0.2509,
    "seasonal_cv": 0.4841,
    "segment_id": 41,
    "segment_length_m": 1397.5502,
    "stream_order": 3,
    "superfund_score": 0.0595,
    "tourism_amenity_density": 3.581,
    "tri_facility_density": 0.0,
    "usgs_mean_q_cfs": 6.023,
    "velocity_feasibility": 0.7,
    "water_intake_score": 2.5874
   },
   "type": "Feature"
  },
  {
   "geometry": {
    "coordinates": [
     -80.772442,
     35.412696
    ],
    "type": "Point"
   },
   "properties": {
    "accumulation": 27976.0,
    "bank_slope_deg": 0.48,
    "bank_slope_score": 1.0,
    "beach_dist_km": 303.33,
    "bridge_proximity_bonus": 0.0,
    "catchment_area_km2": 2.7909,
    "channel_width_m": 4.78,
    "channel_width_score": 1.0,
    "composite_score": 38.5343,
    "cso_density": 0.0,
    "ej_index": 0.4487,
    "elevation_m": 189.7498,
    "estuary_dist_km": 430.78,
    "feasibility_score": 72.2222,
    "flood_q10_cfs": 403.06,
    "flow_score": 40.3698,
    "flow_velocity_ms": 0.5,
    "generation_score": 6.2842,
    "impact_score": 52.411,
    "impervious_pct": null,
    "land_ownership": 0.5,
    "lat": 35.4127,
    "litter_complaint_density": 0.0,
    "lon": -80.7724,
    "navigable_dist_m": null,
    "npdes_points": 0,
    "pixel_col": 1778.0,
    "pixel_row": 810.0,
    "population_density": 305.8,
    "position_along": 0.5,
    "protected_area_score": 26.1866,
    "rank": 57,
    "road_access_m": 155.1,
    "road_access_score": 1.0,
    "road_density_km_km2": 2.631,
    "robustness_pct": 1.0,
    "runoff_coeff_C": null,
    "seasonal_cv": null,
    "segment_id": 35,
    "segment_length_m": 2161.4799,
    "stream_order": 3,
    "superfund_score": 0.0325,
    "tourism_amenity_density": 3.8993,
    "tri_facility_density": 0.0,
    "usgs_mean_q_cfs": null,
    "velocity_feasibility": 1.0,
    "water_intake_score": 2.5057
   },
   "type": "Feature"
  },
  {
   "geometry": {
    "coordinates": [
     -80.853746,
     35.39811
    ],
    "type": "Point"
   },
   "properties": {
    "accumulation": 23518.0,
    "bank_slope_deg": 3.25,
    "bank_slope_score": 1.0,
    "beach_dist_km": 309.34,
    "bridge_proximity_bonus": 0.0,
    "catchment_area_km2": 2.3461,
    "channel_width_m": 4.44,
    "channel_width_score": 1.0,
    "composite_score": 37.9823,
    "cso_density": 0.0,
    "ej_index": 0.4938,
    "elevation_m": 216.9014,
    "estuary_dist_km": 438.02,
    "feasibility_score": 50.0,
    "flood_q10_cfs": 522.63,
    "flow_score": 21.0859,
    "flow_velocity_ms": 0.0331,
    "generation_score": 27.0674,
    "impact_score": 56.9688,
    "impervious_pct": 22.32,
    "land_ownership": 0.5,
    "lat": 35.3981,
    "litter_complaint_density": 0.0,
    "lon": -80.8537,
    "navigable_dist_m": null,
    "npdes_points": 0,
    "pixel_col": 1035.0,
    "pixel_row": 975.0,
    "population_density": 258.4,
    "position_along": 0.5,
    "protected_area_score": 30.0858,
    "rank": 58,
    "road_access_m": 18.5,
    "road_access_score": 1.0,
    "road_density_km_km2": 8.027,
    "robustness_pct": 0.0,
    "runoff_coeff_C": 0.2509,
    "seasonal_cv": 0.4841,
    "segment_id": 37,
    "segment_length_m": 268.6703,
    "stream_order": 3,
    "superfund_score": 0.061,
    "tourism_amenity_density": 7.7986,
    "tri_facility_density": 0.0,
    "usgs_mean_q_cfs": 6.023,
    "velocity_feasibility": 0.3,
    "water_intake_score": 2.6206
   },
   "type": "Feature"
  },
  {
   "geometry": {
    "coordinates": [
     -80.874785,
     35.467873
    ],
    "type": "Point"
   },
   "properties": {
    "accumulation": 27898.0,
    "bank_slope_deg": 5.01,
    "bank_slope_score": 1.0,
    "beach_dist_km": 314.34,
    "bridge_proximity_bonus": 0.0,
    "catchment_area_km2": 2.7831,
    "channel_width_m": 4.77,
    "channel_width_score": 1.0,
    "composite_score": 37.886,
    "cso_density": 0.0,
    "ej_index": 0.3052,
    "elevation_m": 221.5576,
    "estuary_dist_km": 440.49,
    "feasibility_score": 50.0,
    "flood_q10_cfs": 693.26,
    "flow_score": 22.874,
    "flow_velocity_ms": 0.0349,
    "generation_score": 47.4466,
    "impact_score": 34.7783,
    "impervious_pct": 31.11,
    "land_ownership": 0.5,
    "lat": 35.4679,
    "litter_complaint_density": 0.0,
    "lon": -80.8748,
    "navigable_dist_m": null,
    "npdes_points": 0,
    "pixel_col": 845.0,
    "pixel_row": 202.0,
    "population_density": 1145.9,
    "position_along": 0.5,
    "protected_area_score": 23.261,
    "rank": 59,
    "road_access_m": 168.0,
    "road_access_score": 1.0,
    "road_density_km_km2": 8.337,
    "robustness_pct": 0.0,
    "runoff_coeff_C": 0.33,
    "seasonal_cv": 0.4632,
    "segment_id": 4,
    "segment_length_m": 967.2375,
    "stream_order": 3,
    "superfund_score": 0.0408,
    "tourism_amenity_density": 4.2176,
    "tri_facility_density": 0.0,
    "usgs_mean_q_cfs": 4.199,
    "velocity_feasibility": 0.3,
    "water_intake_score": 2.6947
   },
   "type": "Feature"
  },
  {
   "geometry": {
    "coordinates": [
     -80.801092,
     35.351225
    ],
    "type": "Point"
   },
   "properties": {
    "accumulation": 25811.0,
    "bank_slope_deg": 1.63,
    "bank_slope_score": 1.0,
    "beach_dist_km": 302.85,
    "bridge_proximity_bonus": 0.0,
    "catchment_area_km2": 2.5749,
    "channel_width_m": 4.62,
    "channel_width_score": 1.0,
    "composite_score": 37.7652,
    "cso_density": 0.0,
    "ej_index": 0.4666,
    "elevation_m": 222.5056,
    "estuary_dist_km": 432.95,
    "feasibility_score": 62.6984,
    "flood_q10_cfs": 482.09,
    "flow_score": 20.4121,
    "flow_velocity_ms": 0.0812,
    "generation_score": 26.2281,
    "impact_score": 51.2966,
    "impervious_pct": 13.7,
    "land_ownership": 0.5,
    "lat": 35.3512,
    "litter_complaint_density": 0.0,
    "lon": -80.8011,
    "navigable_dist_m": null,
    "npdes_points": 0,
    "pixel_col": 1518.0,
    "pixel_row": 1497.0,
    "population_density": 827.3,
    "position_along": 0.5,
    "protected_area_score": 32.1672,
    "rank": 60,
    "road_access_m": 64.2,
    "road_access_score": 1.0,
    "road_density_km_km2": 4.646,
    "robustness_pct": 0.0,
    "runoff_coeff_C": 0.1733,
    "seasonal_cv": 0.4427,
    "segment_id": 72,
    "segment_length_m": 1375.8606,
    "stream_order": 3,
    "superfund_score": 0.0619,
    "tourism_amenity_density": 3.0239,
    "tri_facility_density": 0.0,
    "usgs_mean_q_cfs": 1.867,
    "velocity_feasibility": 0.7,
    "water_intake_score": 1.9951
   },
   "type": "Feature"
  },
  {
   "geometry": {
    "coordinates": [
     -80.867305,
     35.397455
    ],
    "type": "Point"
   },
   "properties": {
    "accumulation": 23203.0,
    "bank_slope_deg": 4.99,
    "bank_slope_score": 1.0,
    "beach_dist_km": 310.43,
    "bridge_proximity_bonus": 0.0,
    "catchment_area_km2": 2.3147,
    "channel_width_m": 4.42,
    "channel_width_score": 1.0,
    "composite_score": 37.7575,
    "cso_density": 0.0,
    "ej_index": 0.5171,
    "elevation_m": 210.2876,
    "estuary_dist_km": 439.24,
    "feasibility_score": 50.0,
    "flood_q10_cfs": 517.34,
    "flow_score": 21.062,
    "flow_velocity_ms": 0.033,
    "generation_score": 29.5943,
    "impact_score": 53.7124,
    "impervious_pct": 22.32,
    "land_ownership": 0.5,
    "lat": 35.3975,
    "litter_complaint_density": 0.0,
    "lon": -80.8673,
    "navigable_dist_m": null,
    "npdes_points": 0,
    "pixel_col": 913.0,
    "pixel_row": 980.0,
    "population_density": 400.4,
    "position_along": 0.5,
    "protected_area_score": 29.8319,
    "rank": 61,
    "road_access_m": 121.9,
    "road_access_score": 1.0,
    "road_density_km_km2": 8.281,
    "robustness_pct": 0.0,
    "runoff_coeff_C": 0.2509,
    "seasonal_cv": 0.4841,
    "segment_id": 40,
    "segment_length_m": 950.3949,
    "stream_order": 3,
    "superfund_score": 0.0372,
    "tourism_amenity_density": 5.4113,
    "tri_facility_density": 0.0,
    "usgs_mean_q_cfs": 6.023,
    "velocity_feasibility": 0.3,
    "water_intake_score": 2.7242
   },
   "type": "Feature"
  },
  {
   "geometry": {
    "coordinates": [
     -80.728477,
     35.403938
    ],
    "type": "Point"
   },
   "properties": {
    "accumulation": 470796.0,
    "bank_slope_deg": 4.18,
    "bank_slope_score": 1.0,
    "beach_dist_km": 299.32,
    "bridge_proximity_bonus": 0.0,
    "catchment_area_km2": 46.966,
    "channel_width_m": 15.42,
    "channel_width_score": 0.5,
    "composite_score": 37.7479,
    "cso_density": 0.0,
    "ej_index": 0.41,
    "elevation_m": 183.3293,
    "estuary_dist_km": 426.73,
    "feasibility_score": 26.5873,
    "flood_q10_cfs": 2760.71,
    "flow_score": 47.191,
    "flow_velocity_ms": 0.1014,
    "generation_score": 22.5968,
    "impact_score": 50.6102,
    "impervious_pct": 9.85,
    "land_ownership": 0.5,
    "lat": 35.4039,
    "litter_complaint_density": 0.0,
    "lon": -80.7285,
    "navigable_dist_m": null,
    "npdes_points": 3,
    "pixel_col": 2177.0,
    "pixel_row": 910.0,
    "population_density": 628.6,
    "position_along": 0.5,
    "protected_area_score": 23.3827,
    "rank": 62,
    "road_access_m": 340.6,
    "road_access_score": 0.8,
    "road_density_km_km2": 3.833,
    "robustness_pct": 0.0,
    "runoff_coeff_C": 0.1386,
    "seasonal_cv": 0.5053,
    "segment_id": 30,
    "segment_length_m": 5708.2203,
    "stream_order": 3,
    "superfund_score": 0.0192,
    "tourism_amenity_density": 1.9894,
    "tri_facility_density": 0.0,
    "usgs_mean_q_cfs": 52.502,
    "velocity_feasibility": 0.7,
    "water_intake_score": 2.5247
   },
   "type": "Feature"
  },
  {
   "geometry": {
    "coordinates": [
     -80.725073,
     35.391034
    ],
    "type": "Point"
   },
   "properties": {
    "accumulation": 490177.0,
    "bank_slope_deg": 4.66,
    "bank_slope_score": 1.0,
    "beach_dist_km": 298.42,
    "bridge_proximity_bonus": 0.0,
    "catchment_area_km2": 48.8995,
    "channel_width_m": 15.68,
    "channel_width_score": 0.5,
    "composite_score": 37.3662,
    "cso_density": 0.0,
    "ej_index": 0.4399,
    "elevation_m": 181.1049,
    "estuary_dist_km": 426.33,
    "feasibility_score": 26.5873,
    "flood_q10_cfs": 2823.09,
    "flow_score": 47.2575,
    "flow_velocity_ms": 0.0819,
    "generation_score": 21.0104,
    "impact_score": 50.8688,
    "impervious_pct": 9.85,
    "land_ownership": 0.5,
    "lat": 35.391,
    "litter_complaint_density": 0.0,
    "lon": -80.7251,
    "navigable_dist_m": null,
    "npdes_points": 2,
    "pixel_col": 2209.0,
    "pixel_row": 1053.0,
    "population_density": 609.2,
    "position_along": 0.8333,
    "protected_area_score": 23.6172,
    "rank": 63,
    "road_access_m": 312.8,
    "road_access_score": 0.8,
    "road_density_km_km2": 3.61,
    "robustness_pct": 0.0,
    "runoff_coeff_C": 0.1386,
    "seasonal_cv": 0.5053,
    "segment_id": 30,
    "segment_length_m": 5708.2203,
    "stream_order": 3,
    "superfund_score": 0.022,
    "tourism_amenity_density": 2.6261,
    "tri_facility_density": 0.0,
    "usgs_mean_q_cfs": 52.502,
    "velocity_feasibility": 0.7,
    "water_intake_score": 2.3217
   },
   "type": "Feature"
  },
  {
   "geometry": {
    "coordinates": [
     -80.730663,
     35.342077
    ],
    "type": "Point"
   },
   "properties": {
    "accumulation": 83937.0,
    "bank_slope_deg": 3.53,
    "bank_slope_score": 1.0,
    "beach_dist_km": 296.6,
    "bridge_proximity_bonus": 0.0,
    "catchment_area_km2": 8.3735,
    "channel_width_m": 7.54,
    "channel_width_score": 1.0,
    "composite_score": 37.1939,
    "cso_density": 0.0,
    "ej_index": 0.637,
    "elevation_m": 187.0474,
    "estuary_dist_km": 426.52,
    "feasibility_score": 50.0,
    "flood_q10_cfs": 1285.51,
    "flow_score": 11.4832,
    "flow_velocity_ms": 0.0446,
    "generation_score": 37.1065,
    "impact_score": 52.3038,
    "impervious_pct": 23.66,
    "land_ownership": 0.5,
    "lat": 35.3421,
    "litter_complaint_density": 0.0,
    "lon": -80.7307,
    "navigable_dist_m": null,
    "npdes_points": 2,
    "pixel_col": 2158.0,
    "pixel_row": 1597.0,
    "population_density": 921.6,
    "position_along": 0.8333,
    "protected_area_score": 27.2918,
    "rank": 64,
    "road_access_m": 182.5,
    "road_access_score": 1.0,
    "road_density_km_km2": 5.074,
    "robustness_pct": 0.0,
    "runoff_coeff_C": 0.2629,
    "seasonal_cv": 0.4574,
    "segment_id": 64,
    "segment_length_m": 5952.7777,
    "stream_order": 1,
    "superfund_score": 0.0755,
    "tourism_amenity_density": 0.557,
    "tri_facility_density": 0.0,
    "usgs_mean_q_cfs": 6.281,
    "velocity_feasibility": 0.3,
    "water_intake_score": 1.6679
   },
   "type": "Feature"
  },
  {
   "geometry": {
    "coordinates": [
     -80.79168,
     35.470824
    ],
    "type": "Point"
   },
   "properties": {
    "accumulation": 21066.0,
    "bank_slope_deg": 7.38,
    "bank_slope_score": 1.0,
    "beach_dist_km": 307.71,
    "bridge_proximity_bonus": 0.0,
    "catchment_area_km2": 2.1015,
    "channel_width_m": 4.25,
    "channel_width_score": 1.0,
    "composite_score": 37.0539,
    "cso_density": 0.0,
    "ej_index": 0.1637,
    "elevation_m": 196.784,
    "estuary_dist_km": 433.01,
    "feasibility_score": 72.2222,
    "flood_q10_cfs": 325.48,
    "flow_score": 40.0099,
    "flow_velocity_ms": 0.5,
    "generation_score": 18.0667,
    "impact_score": 35.9935,
    "impervious_pct": null,
    "land_ownership": 0.5,
    "lat": 35.4708,
    "litter_complaint_density": 0.0,
    "lon": -80.7917,
    "navigable_dist_m": null,
    "npdes_points": 8,
    "pixel_col": 1601.0,
    "pixel_row": 168.0,
    "population_density": 383.0,
    "position_along": 0.5,
    "protected_area_score": 23.72,
    "rank": 65,
    "road_access_m": 123.1,
    "road_access_score": 1.0,
    "road_density_km_km2": 4.695,
    "robustness_pct": 0.0,
    "runoff_coeff_C": null,
    "seasonal_cv": null,
    "segment_id": 3,
    "segment_length_m": 484.9775,
    "stream_order": 3,
    "superfund_score": 0.0324,
    "tourism_amenity_density": 1.6711,
    "tri_facility_density": 0.0,
    "usgs_mean_q_cfs": null,
    "velocity_feasibility": 1.0,
    "water_intake_score": 2.6871
   },
   "type": "Feature"
  },
  {
   "geometry": {
    "coordinates": [
     -80.916751,
     35.397884
    ],
    "type": "Point"
   },
   "properties": {
    "accumulation": 25980.0,
    "bank_slope_deg": 2.43,
    "bank_slope_score": 1.0,
    "beach_dist_km": 314.54,
    "bridge_proximity_bonus": 0.2,
    "catchment_area_km2": 2.5917,
    "channel_width_m": 4.63,
    "channel_width_score": 1.0,
    "composite_score": 36.7269,
    "cso_density": 0.0,
    "ej_index": 0.3535,
    "elevation_m": 203.7353,
    "estuary_dist_km": 443.72,
    "feasibility_score": 73.8095,
    "flood_q10_cfs": 444.89,
    "flow_score": 20.5667,
    "flow_velocity_ms": 0.1357,
    "generation_score": 23.3516,
    "impact_score": 45.0279,
    "impervious_pct": 8.83,
    "land_ownership": 0.5,
    "lat": 35.3979,
    "litter_complaint_density": 0.0,
    "lon": -80.9168,
    "navigable_dist_m": null,
    "npdes_points": 0,
    "pixel_col": 466.0,
    "pixel_row": 980.0,
    "population_density": 713.4,
    "position_along": 0.5,
    "protected_area_score": 28.2043,
    "rank": 66,
    "road_access_m": 84.9,
    "road_access_score": 1.0,
    "road_density_km_km2": 6.628,
    "robustness_pct": 0.0,
    "runoff_coeff_C": 0.1295,
    "seasonal_cv": 0.4528,
    "segment_id": 36,
    "segment_length_m": 1361.9078,
    "stream_order": 3,
    "superfund_score": 0.0163,
    "tourism_amenity_density": 4.9338,
    "tri_facility_density": 0.0,
    "usgs_mean_q_cfs": 1.287,
    "velocity_feasibility": 0.7,
    "water_intake_score": 3.0988
   },
   "type": "Feature"
  },
  {
   "geometry": {
    "coordinates": [
     -80.785119,
     35.410197
    ],
    "type": "Point"
   },
   "properties": {
    "accumulation": 277460.0,
    "bank_slope_deg": 4.02,
    "bank_slope_score": 1.0,
    "beach_dist_km": 304.25,
    "bridge_proximity_bonus": 0.0,
    "catchment_area_km2": 27.6791,
    "channel_width_m": 12.38,
    "channel_width_score": 1.0,
    "composite_score": 35.7041,
    "cso_density": 0.0,
    "ej_index": 0.3876,
    "elevation_m": 191.2344,
    "estuary_dist_km": 431.9,
    "feasibility_score": 48.8095,
    "flood_q10_cfs": 2115.77,
    "flow_score": 30.8259,
    "flow_velocity_ms": 0.0571,
    "generation_score": 23.0867,
    "impact_score": 45.834,
    "impervious_pct": 11.79,
    "land_ownership": 0.5,
    "lat": 35.4102,
    "litter_complaint_density": 0.0,
    "lon": -80.7851,
    "navigable_dist_m": null,
    "npdes_points": 5,
    "pixel_col": 1662.0,
    "pixel_row": 840.0,
    "population_density": 464.4,
    "position_along": 0.5,
    "protected_area_score": 27.067,
    "rank": 67,
    "road_access_m": 481.7,
    "road_access_score": 0.8,
    "road_density_km_km2": 3.562,
    "robustness_pct": 0.0,
    "runoff_coeff_C": 0.1561,
    "seasonal_cv": 0.4891,
    "segment_id": 52,
    "segment_length_m": 478.4169,
    "stream_order": 3,
    "superfund_score": 0.0438,
    "tourism_amenity_density": 0.7958,
    "tri_facility_density": 0.0,
    "usgs_mean_q_cfs": 12.284,
    "velocity_feasibility": 0.7,
    "water_intake_score": 2.4614
   },
   "type": "Feature"
  },
  {
   "geometry": {
    "coordinates": [
     -80.763357,
     35.422269
    ],
    "type": "Point"
   },
   "properties": {
    "accumulation": 163417.0,
    "bank_slope_deg": 2.32,
    "bank_slope_score": 1.0,
    "beach_dist_km": 303.05,
    "bridge_proximity_bonus": 0.0,
    "catchment_area_km2": 16.3023,
    "channel_width_m": 9.94,
    "channel_width_score": 1.0,
    "composite_score": 35.2187,
    "cso_density": 0.0,
    "ej_index": 0.3533,
    "elevation_m": 189.2021,
    "estuary_dist_km": 430.03,
    "feasibility_score": 48.8095,
    "flood_q10_cfs": 1436.36,
    "flow_score": 26.2639,
    "flow_velocity_ms": 0.1125,
    "generation_score": 22.0632,
    "impact_score": 49.0411,
    "impervious_pct": 4.98,
    "land_ownership": 0.5,
    "lat": 35.4223,
    "litter_complaint_density": 0.0,
    "lon": -80.7634,
    "navigable_dist_m": null,
    "npdes_points": 3,
    "pixel_col": 1859.0,
    "pixel_row": 707.0,
    "population_density": 763.0,
    "position_along": 0.9,
    "protected_area_score": 24.954,
    "rank": 68,
    "road_access_m": 239.0,
    "road_access_score": 0.8,
    "road_density_km_km2": 4.445,
    "robustness_pct": 0.0,
    "runoff_coeff_C": 0.0948,
    "seasonal_cv": 0.4672,
    "segment_id": 21,
    "segment_length_m": 8460.5296,
    "stream_order": 3,
    "superfund_score": 0.0271,
    "tourism_amenity_density": 3.2627,
    "tri_facility_density": 0.0,
    "usgs_mean_q_cfs": 7.648,
    "velocity_feasibility": 0.7,
    "water_intake_score": 2.6086
   },
   "type": "Feature"
  },
  {
   "geometry": {
    "coordinates": [
     -80.912844,
     35.386663
    ],
    "type": "Point"
   },
   "properties": {
    "accumulation": 41422.0,
    "bank_slope_deg": 3.29,
    "bank_slope_score": 1.0,
    "beach_dist_km": 313.71,
    "bridge_proximity_bonus": 0.0,
    "catchment_area_km2": 4.1322,
    "channel_width_m": 5.62,
    "channel_width_score": 1.0,
    "composite_score": 34.8324,
    "cso_density": 0.0,
    "ej_index": 0.4353,
    "elevation_m": 204.482,
    "estuary_dist_km": 443.29,
    "feasibility_score": 62.6984,
    "flood_q10_cfs": 639.54,
    "flow_score": 21.5269,
    "flow_velocity_ms": 0.1364,
    "generation_score": 19.0403,
    "impact_score": 47.7794,
    "impervious_pct": 9.48,
    "land_ownership": 0.5,
    "lat": 35.3867,
    "litter_complaint_density": 0.0,
    "lon": -80.9128,
    "navigable_dist_m": null,
    "npdes_points": 1,
    "pixel_col": 498.0,
    "pixel_row": 1103.0,
    "population_density": 312.2,
    "position_along": 0.5,
    "protected_area_score": 29.827,
    "rank": 69,
    "road_access_m": 37.5,
    "road_access_score": 1.0,
    "road_density_km_km2": 7.095,
    "robustness_pct": 0.0,
    "runoff_coeff_C": 0.1353,
    "seasonal_cv": 0.4671,
    "segment_id": 60,
    "segment_length_m": 1919.3461,
    "stream_order": 3,
    "superfund_score": 0.017,
    "tourism_amenity_density": 3.0239,
    "tri_facility_density": 0.0,
    "usgs_mean_q_cfs": 2.208,
    "velocity_feasibility": 0.7,
    "water_intake_score": 3.0992
   },
   "type": "Feature"
  },
  {
   "geometry": {
    "coordinates": [
     -80.774435,
     35.464416
    ],
    "type": "Point"
   },
   "properties": {
    "accumulation": 29451.0,
    "bank_slope_deg": 6.53,
    "bank_slope_score": 1.0,
    "beach_dist_km": 306.0,
    "bridge_proximity_bonus": 0.0,
    "catchment_area_km2": 2.938,
    "channel_width_m": 4.88,
    "channel_width_score": 1.0,
    "composite_score": 34.7442,
    "cso_density": 0.0,
    "ej_index": 0.2661,
    "elevation_m": 194.6331,
    "estuary_dist_km": 431.4,
    "feasibility_score": 58.3333,
    "flood_q10_cfs": 418.97,
    "flow_score": 40.4445,
    "flow_velocity_ms": 0.5,
    "generation_score": 10.1177,
    "impact_score": 42.8259,
    "impervious_pct": null,
    "land_ownership": 0.5,
    "lat": 35.4644,
    "litter_complaint_density": 0.0,
    "lon": -80.7744,
    "navigable_dist_m": null,
    "npdes_points": 0,
    "pixel_col": 1758.0,
    "pixel_row": 239.0,
    "population_density": 476.2,
    "position_along": 0.5,
    "protected_area_score": 23.3474,
    "rank": 70,
    "road_access_m": 422.0,
    "road_access_score": 0.8,
    "road_density_km_km2": 3.636,
    "robustness_pct": 0.0,
    "runoff_coeff_C": null,
    "seasonal_cv": null,
    "segment_id": 5,
    "segment_length_m": 1766.3938,
    "stream_order": 3,
    "superfund_score": 0.0255,
    "tourism_amenity_density": 2.1486,
    "tri_facility_density": 0.0,
    "usgs_mean_q_cfs": null,
    "velocity_feasibility": 1.0,
    "water_intake_score": 2.7967
   },
   "type": "Feature"
  },
  {
   "geometry": {
    "coordinates": [
     -80.816341,
     35.429451
    ],
    "type": "Point"
   },
   "properties": {
    "accumulation": 39195.0,
    "bank_slope_deg": 5.79,
    "bank_slope_score": 1.0,
    "beach_dist_km": 307.72,
    "bridge_proximity_bonus": 0.0,
    "catchment_area_km2": 3.91,
    "channel_width_m": 5.49,
    "channel_width_score": 1.0,
    "composite_score": 34.6114,
    "cso_density": 0.0,
    "ej_index": 0.1696,
    "elevation_m": 206.336,
    "estuary_dist_km": 434.88,
    "feasibility_score": 62.6984,
    "flood_q10_cfs": 630.21,
    "flow_score": 20.5678,
    "flow_velocity_ms": 0.0544,
    "generation_score": 22.673,
    "impact_score": 44.2093,
    "impervious_pct": 11.02,
    "land_ownership": 0.5,
    "lat": 35.4295,
    "litter_complaint_density": 0.0,
    "lon": -80.8163,
    "navigable_dist_m": null,
    "npdes_points": 2,
    "pixel_col": 1378.0,
    "pixel_row": 628.0,
    "population_density": 508.4,
    "position_along": 0.1667,
    "protected_area_score": 26.851,
    "rank": 71,
    "road_access_m": 130.7,
    "road_access_score": 1.0,
    "road_density_km_km2": 5.747,
    "robustness_pct": 0.0,
    "runoff_coeff_C": 0.1492,
    "seasonal_cv": 0.4645,
    "segment_id": 26,
    "segment_length_m": 5245.0542,
    "stream_order": 3,
    "superfund_score": 0.3483,
    "tourism_amenity_density": 1.5915,
    "tri_facility_density": 0.0,
    "usgs_mean_q_cfs": 4.878,
    "velocity_feasibility": 0.7,
    "water_intake_score": 2.5684
   },
   "type": "Feature"
  },
  {
   "geometry": {
    "coordinates": [
     -80.940131,
     35.380293
    ],
    "type": "Point"
   },
   "properties": {
    "accumulation": 735118.0,
    "bank_slope_deg": 1.1,
    "bank_slope_score": 1.0,
    "beach_dist_km": 315.69,
    "bridge_proximity_bonus": 0.0,
    "catchment_area_km2": 73.3345,
    "channel_width_m": 18.55,
    "channel_width_score": 0.5,
    "composite_score": 34.3057,
    "cso_density": 0.0,
    "ej_index": 0.3686,
    "elevation_m": 196.2517,
    "estuary_dist_km": 445.72,
    "feasibility_score": 12.6984,
    "flood_q10_cfs": 4146.62,
    "flow_score": 50.2693,
    "flow_velocity_ms": 0.0688,
    "generation_score": 23.6299,
    "impact_score": 42.4822,
    "impervious_pct": 21.43,
    "land_ownership": 0.5,
    "lat": 35.3803,
    "litter_complaint_density": 0.0,
    "lon": -80.9401,
    "navigable_dist_m": null,
    "npdes_points": 5,
    "pixel_col": 252.0,
    "pixel_row": 1175.0,
    "population_density": 214.0,
    "position_along": 0.75,
    "protected_area_score": 29.5655,
    "rank": 72,
    "road_access_m": 548.5,
    "road_access_score": 0.6,
    "road_density_km_km2": 1.687,
    "robustness_pct": 0.0,
    "runoff_coeff_C": 0.2429,
    "seasonal_cv": 0.5301,
    "segment_id": 61,
    "segment_length_m": 3692.0065,
    "stream_order": 3,
    "superfund_score": 0.0138,
    "tourism_amenity_density": 0.7958,
    "tri_facility_density": 0.0,
    "usgs_mean_q_cfs": 30.22,
    "velocity_feasibility": 0.7,
    "water_intake_score": 3.3187
   },
   "type": "Feature"
  },
  {
   "geometry": {
    "coordinates": [
     -80.79865,
     35.467995
    ],
    "type": "Point"
   },
   "properties": {
    "accumulation": 135891.0,
    "bank_slope_deg": 5.46,
    "bank_slope_score": 1.0,
    "beach_dist_km": 308.14,
    "bridge_proximity_bonus": 0.0,
    "catchment_area_km2": 13.5563,
    "channel_width_m": 9.2,
    "channel_width_score": 1.0,
    "composite_score": 34.2591,
    "cso_density": 0.0,
    "ej_index": 0.1953,
    "elevation_m": 198.1199,
    "estuary_dist_km": 433.62,
    "feasibility_score": 48.8095,
    "flood_q10_cfs": 1419.3,
    "flow_score": 26.7787,
    "flow_velocity_ms": 0.1137,
    "generation_score": 30.4303,
    "impact_score": 37.0463,
    "impervious_pct": 11.51,
    "land_ownership": 0.5,
    "lat": 35.468,
    "litter_complaint_density": 0.0,
    "lon": -80.7986,
    "navigable_dist_m": null,
    "npdes_points": 13,
    "pixel_col": 1538.0,
    "pixel_row": 198.0,
    "population_density": 343.1,
    "position_along": 0.75,
    "protected_area_score": 24.273,
    "rank": 73,
    "road_access_m": 266.2,
    "road_access_score": 0.8,
    "road_density_km_km2": 4.647,
    "robustness_pct": 0.0,
    "runoff_coeff_C": 0.1536,
    "seasonal_cv": 0.4708,
    "segment_id": 11,
    "segment_length_m": 3224.5814,
    "stream_order": 3,
    "superfund_score": 0.0382,
    "tourism_amenity_density": 1.8303,
    "tri_facility_density": 0.0,
    "usgs_mean_q_cfs": 8.122,
    "velocity_feasibility": 0.7,
    "water_intake_score": 2.6674
   },
   "type": "Feature"
  },
  {
   "geometry": {
    "coordinates": [
     -80.794941,
     35.407027
    ],
    "type": "Point"
   },
   "properties": {
    "accumulation": 159061.0,
    "bank_slope_deg": 3.52,
    "bank_slope_score": 1.0,
    "beach_dist_km": 304.91,
    "bridge_proximity_bonus": 0.0,
    "catchment_area_km2": 15.8677,
    "channel_width_m": 9.83,
    "channel_width_score": 1.0,
    "composite_score": 33.9283,
    "cso_density": 0.0,
    "ej_index": 0.4213,
    "elevation_m": 194.0078,
    "estuary_dist_km": 432.77,
    "feasibility_score": 48.8095,
    "flood_q10_cfs": 1562.37,
    "flow_score": 27.5759,
    "flow_velocity_ms": 0.1181,
    "generation_score": 19.8214,
    "impact_score": 45.8884,
    "impervious_pct": 12.15,
    "land_ownership": 0.5,
    "lat": 35.407,
    "litter_complaint_density": 0.0,
    "lon": -80.7949,
    "navigable_dist_m": null,
    "npdes_points": 5,
    "pixel_col": 1573.0,
    "pixel_row": 875.0,
    "population_density": 303.6,
    "position_along": 0.5,
    "protected_area_score": 27.652,
    "rank": 74,
    "road_access_m": 259.8,
    "road_access_score": 0.8,
    "road_density_km_km2": 2.705,
    "robustness_pct": 0.0,
    "runoff_coeff_C": 0.1593,
    "seasonal_cv": 0.4749,
    "segment_id": 51,
    "segment_length_m": 1644.825,
    "stream_order": 3,
    "superfund_score": 0.0586,
    "tourism_amenity_density": 0.2387,
    "tri_facility_density": 0.0,
    "usgs_mean_q_cfs": 7.566,
    "velocity_feasibility": 0.7,
    "water_intake_score": 2.4348
   },
   "type": "Feature"
  },
  {
   "geometry": {
    "coordinates": [
     -80.824677,
     35.476085
    ],
    "type": "Point"
   },
   "properties": {
    "accumulation": 42506.0,
    "bank_slope_deg": 3.51,
    "bank_slope_score": 1.0,
    "beach_dist_km": 310.65,
    "bridge_proximity_bonus": 0.0,
    "catchment_area_km2": 4.2403,
    "channel_width_m": 5.68,
    "channel_width_score": 1.0,
    "composite_score": 33.6686,
    "cso_density": 0.0,
    "ej_index": 0.1383,
    "elevation_m": 207.0336,
    "estuary_dist_km": 436.04,
    "feasibility_score": 79.3651,
    "flood_q10_cfs": 678.3,
    "flow_score": 22.1717,
    "flow_velocity_ms": 0.1141,
    "generation_score": 20.4166,
    "impact_score": 33.653,
    "impervious_pct": 11.73,
    "land_ownership": 1.0,
    "lat": 35.4761,
    "litter_complaint_density": 0.0,
    "lon": -80.8247,
    "navigable_dist_m": null,
    "npdes_points": 0,
    "pixel_col": 1302.0,
    "pixel_row": 111.0,
    "population_density": 437.7,
    "position_along": 0.5,
    "protected_area_score": 24.1197,
    "rank": 75,
    "road_access_m": 128.9,
    "road_access_score": 1.0,
    "road_density_km_km2": 6.114,
    "robustness_pct": 0.0,
    "runoff_coeff_C": 0.1556,
    "seasonal_cv": 0.4546,
    "segment_id": 2,
    "segment_length_m": 1345.8968,
    "stream_order": 3,
    "superfund_score": 0.0576,
    "tourism_amenity_density": 3.581,
    "tri_facility_density": 0.0,
    "usgs_mean_q_cfs": 4.103,
    "velocity_feasibility": 0.7,
    "water_intake_score": 2.5886
   },
   "type": "Feature"
  },
  {
   "geometry": {
    "coordinates": [
     -80.897625,
     35.411131
    ],
    "type": "Point"
   },
   "properties": {
    "accumulation": 23886.0,
    "bank_slope_deg": 3.25,
    "bank_slope_score": 1.0,
    "beach_dist_km": 313.56,
    "bridge_proximity_bonus": 0.0,
    "catchment_area_km2": 2.3828,
    "channel_width_m": 4.47,
    "channel_width_score": 1.0,
    "composite_score": 33.5051,
    "cso_density": 0.0,
    "ej_index": 0.2809,
    "elevation_m": 205.2688,
    "estuary_dist_km": 442.08,
    "feasibility_score": 62.6984,
    "flood_q10_cfs": 459.54,
    "flow_score": 20.1417,
    "flow_velocity_ms": 0.0861,
    "generation_score": 24.6657,
    "impact_score": 38.8842,
    "impervious_pct": 14.3,
    "land_ownership": 0.5,
    "lat": 35.4111,
    "litter_complaint_density": 0.0,
    "lon": -80.8976,
    "navigable_dist_m": null,
    "npdes_points": 0,
    "pixel_col": 639.0,
    "pixel_row": 833.0,
    "population_density": 683.5,
    "position_along": 0.5,
    "protected_area_score": 27.5083,
    "rank": 76,
    "road_access_m": 127.8,
    "road_access_score": 1.0,
    "road_density_km_km2": 4.899,
    "robustness_pct": 0.0,
    "runoff_coeff_C": 0.1787,
    "seasonal_cv": 0.4524,
    "segment_id": 31,
    "segment_length_m": 1462.2029,
    "stream_order": 3,
    "superfund_score": 0.0208,
    "tourism_amenity_density": 2.2282,
    "tri_facility_density": 0.0,
    "usgs_mean_q_cfs": 1.214,
    "velocity_feasibility": 0.7,
    "water_intake_score": 2.9951
   },
   "type": "Feature"
  },
  {
   "geometry": {
    "coordinates": [
     -80.809397,
     35.402755
    ],
    "type": "Point"
   },
   "properties": {
    "accumulation": 85537.0,
    "bank_slope_deg": 2.81,
    "bank_slope_score": 1.0,
    "beach_dist_km": 305.9,
    "bridge_proximity_bonus": 0.0,
    "catchment_area_km2": 8.5331,
    "channel_width_m": 7.6,
    "channel_width_score": 1.0,
    "composite_score": 33.3396,
    "cso_density": 0.0,
    "ej_index": 0.4342,
    "elevation_m": 199.1804,
    "estuary_dist_km": 434.04,
    "feasibility_score": 48.8095,
    "flood_q10_cfs": 1055.74,
    "flow_score": 23.6494,
    "flow_velocity_ms": 0.1162,
    "generation_score": 19.7724,
    "impact_score": 47.2471,
    "impervious_pct": 8.65,
    "land_ownership": 0.5,
    "lat": 35.4028,
    "litter_complaint_density": 0.0,
    "lon": -80.8094,
    "navigable_dist_m": null,
    "npdes_points": 5,
    "pixel_col": 1442.0,
    "pixel_row": 923.0,
    "population_density": 377.1,
    "position_along": 0.75,
    "protected_area_score": 28.7536,
    "rank": 77,
    "road_access_m": 245.5,
    "road_access_score": 0.8,
    "road_density_km_km2": 3.755,
    "robustness_pct": 0.0,
    "runoff_coeff_C": 0.1279,
    "seasonal_cv": 0.4587,
    "segment_id": 50,
    "segment_length_m": 3551.0498,
    "stream_order": 3,
    "superfund_score": 0.1233,
    "tourism_amenity_density": 0.1592,
    "tri_facility_density": 0.0,
    "usgs_mean_q_cfs": 4.235,
    "velocity_feasibility": 0.7,
    "water_intake_score": 2.4137
   },
   "type": "Feature"
  },
  {
   "geometry": {
    "coordinates": [
     -80.811902,
     35.473095
    ],
    "type": "Point"
   },
   "properties": {
    "accumulation": 99846.0,
    "bank_slope_deg": 2.27,
    "bank_slope_score": 1.0,
    "beach_dist_km": 309.47,
    "bridge_proximity_bonus": 0.0,
    "catchment_area_km2": 9.9605,
    "channel_width_m": 8.1,
    "channel_width_score": 1.0,
    "composite_score": 32.3657,
    "cso_density": 0.0,
    "ej_index": 0.1689,
    "elevation_m": 202.1618,
    "estuary_dist_km": 434.86,
    "feasibility_score": 50.0,
    "flood_q10_cfs": 1196.54,
    "flow_score": 24.0156,
    "flow_velocity_ms": 0.046,
    "generation_score": 27.973,
    "impact_score": 34.8997,
    "impervious_pct": 11.51,
    "land_ownership": 0.5,
    "lat": 35.4731,
    "litter_complaint_density": 0.0,
    "lon": -80.8119,
    "navigable_dist_m": null,
    "npdes_points": 10,
    "pixel_col": 1418.0,
    "pixel_row": 142.0,
    "population_density": 373.0,
    "position_along": 0.25,
    "protected_area_score": 24.1019,
    "rank": 78,
    "road_access_m": 174.3,
    "road_access_score": 1.0,
    "road_density_km_km2": 4.777,
    "robustness_pct": 0.0,
    "runoff_coeff_C": 0.1536,
    "seasonal_cv": 0.4708,
    "segment_id": 11,
    "segment_length_m": 3224.5814,
    "stream_order": 3,
    "superfund_score": 0.045,
    "tourism_amenity_density": 2.6261,
    "tri_facility_density": 0.0,
    "usgs_mean_q_cfs": 8.122,
    "velocity_feasibility": 0.3,
    "water_intake_score": 2.6141
   },
   "type": "Feature"
  },
  {
   "geometry": {
    "coordinates": [
     -80.823845,
     35.466989
    ],
    "type": "Point"
   },
   "properties": {
    "accumulation": 30952.0,
    "bank_slope_deg": 1.7,
    "bank_slope_score": 1.0,
    "beach_dist_km": 310.14,
    "bridge_proximity_bonus": 0.0,
    "catchment_area_km2": 3.0877,
    "channel_width_m": 4.98,
    "channel_width_score": 1.0,
    "composite_score": 31.7419,
    "cso_density": 0.0,
    "ej_index": 0.1557,
    "elevation_m": 210.7549,
    "estuary_dist_km": 435.88,
    "feasibility_score": 62.6984,
    "flood_q10_cfs": 541.32,
    "flow_score": 22.4005,
    "flow_velocity_ms": 0.1558,
    "generation_score": 19.4882,
    "impact_score": 36.302,
    "impervious_pct": 12.5,
    "land_ownership": 0.5,
    "lat": 35.467,
    "litter_complaint_density": 0.0,
    "lon": -80.8238,
    "navigable_dist_m": null,
    "npdes_points": 0,
    "pixel_col": 1308.0,
    "pixel_row": 208.0,
    "population_density": 381.0,
    "position_along": 0.5,
    "protected_area_score": 24.3588,
    "rank": 79,
    "road_access_m": 73.6,
    "road_access_score": 1.0,
    "road_density_km_km2": 5.62,
    "robustness_pct": 0.0,
    "runoff_coeff_C": 0.1625,
    "seasonal_cv": 0.439,
    "segment_id": 10,
    "segment_length_m": 1612.8535,
    "stream_order": 3,
    "superfund_score": 0.0541,
    "tourism_amenity_density": 4.5359,
    "tri_facility_density": 0.0,
    "usgs_mean_q_cfs": 1.78,
    "velocity_feasibility": 0.7,
    "water_intake_score": 2.6105
   },
   "type": "Feature"
  },
  {
   "geometry": {
    "coordinates": [
     -80.807028,
     35.419322
    ],
    "type": "Point"
   },
   "properties": {
    "accumulation": 70934.0,
    "bank_slope_deg": 3.33,
    "bank_slope_score": 1.0,
    "beach_dist_km": 306.48,
    "bridge_proximity_bonus": 0.0,
    "catchment_area_km2": 7.0763,
    "channel_width_m": 7.03,
    "channel_width_score": 1.0,
    "composite_score": 31.2548,
    "cso_density": 0.0,
    "ej_index": 0.2832,
    "elevation_m": 200.1676,
    "estuary_dist_km": 433.96,
    "feasibility_score": 48.8095,
    "flood_q10_cfs": 985.44,
    "flow_score": 23.6265,
    "flow_velocity_ms": 0.1178,
    "generation_score": 18.516,
    "impact_score": 41.5733,
    "impervious_pct": 11.02,
    "land_ownership": 0.5,
    "lat": 35.4193,
    "litter_complaint_density": 0.0,
    "lon": -80.807,
    "navigable_dist_m": null,
    "npdes_points": 1,
    "pixel_col": 1463.0,
    "pixel_row": 738.0,
    "population_density": 385.2,
    "position_along": 0.5,
    "protected_area_score": 27.1525,
    "rank": 80,
    "road_access_m": 242.8,
    "road_access_score": 0.8,
    "road_density_km_km2": 4.706,
    "robustness_pct": 0.0,
    "runoff_coeff_C": 0.1492,
    "seasonal_cv": 0.4645,
    "segment_id": 26,
    "segment_length_m": 5245.0542,
    "stream_order": 3,
    "superfund_score": 0.103,
    "tourism_amenity_density": 0.4775,
    "tri_facility_density": 0.0,
    "usgs_mean_q_cfs": 4.878,
    "velocity_feasibility": 0.7,
    "water_intake_score": 2.5141
   },
   "type": "Feature"
  },
  {
   "geometry": {
    "coordinates": [
     -80.802332,
     35.442665
    ],
    "type": "Point"
   },
   "properties": {
    "accumulation": 74307.0,
    "bank_slope_deg": 3.04,
    "bank_slope_score": 1.0,
    "beach_dist_km": 307.21,
    "bridge_proximity_bonus": 0.0,
    "catchment_area_km2": 7.4128,
    "channel_width_m": 7.16,
    "channel_width_score": 1.0,
    "composite_score": 30.9976,
    "cso_density": 0.0,
    "ej_index": 0.1859,
    "elevation_m": 203.0871,
    "estuary_dist_km": 433.72,
    "feasibility_score": 62.6984,
    "flood_q10_cfs": 918.18,
    "flow_score": 23.368,
    "flow_velocity_ms": 0.1201,
    "generation_score": 13.6177,
    "impact_score": 38.8853,
    "impervious_pct": 4.98,
    "land_ownership": 0.5,
    "lat": 35.4427,
    "litter_complaint_density": 0.0,
    "lon": -80.8023,
    "navigable_dist_m": null,
    "npdes_points": 5,
    "pixel_col": 1505.0,
    "pixel_row": 481.0,
    "population_density": 209.1,
    "position_along": 0.3,
    "protected_area_score": 25.3231,
    "rank": 81,
    "road_access_m": 179.6,
    "road_access_score": 1.0,
    "road_density_km_km2": 2.895,
    "robustness_pct": 0.0,
    "runoff_coeff_C": 0.0948,
    "seasonal_cv": 0.4672,
    "segment_id": 21,
    "segment_length_m": 8460.5296,
    "stream_order": 3,
    "superfund_score": 0.1152,
    "tourism_amenity_density": 1.3528,
    "tri_facility_density": 0.0,
    "usgs_mean_q_cfs": 7.648,
    "velocity_feasibility": 0.7,
    "water_intake_score": 2.6141
   },
   "type": "Feature"
  },
  {
   "geometry": {
    "coordinates": [
     -80.763742,
     35.46246
    ],
    "type": "Point"
   },
   "properties": {
    "accumulation": 31202.0,
    "bank_slope_deg": 6.37,
    "bank_slope_score": 1.0,
    "beach_dist_km": 305.03,
    "bridge_proximity_bonus": 0.0,
    "catchment_area_km2": 3.1127,
    "channel_width_m": 5.0,
    "channel_width_score": 1.0,
    "composite_score": 30.8628,
    "cso_density": 0.0,
    "ej_index": 0.3395,
    "elevation_m": 195.7307,
    "estuary_dist_km": 430.41,
    "feasibility_score": 50.0,
    "flood_q10_cfs": 493.95,
    "flow_score": 19.1296,
    "flow_velocity_ms": 0.0369,
    "generation_score": 16.6786,
    "impact_score": 45.2561,
    "impervious_pct": 6.92,
    "land_ownership": 0.5,
    "lat": 35.4625,
    "litter_complaint_density": 0.0,
    "lon": -80.7637,
    "navigable_dist_m": null,
    "npdes_points": 0,
    "pixel_col": 1853.0,
    "pixel_row": 261.0,
    "population_density": 467.5,
    "position_along": 0.5,
    "protected_area_score": 22.8046,
    "rank": 82,
    "road_access_m": 120.0,
    "road_access_score": 1.0,
    "road_density_km_km2": 5.329,
    "robustness_pct": 0.0,
    "runoff_coeff_C": 0.1123,
    "seasonal_cv": 0.419,
    "segment_id": 8,
    "segment_length_m": 1235.198,
    "stream_order": 3,
    "superfund_score": 0.0215,
    "tourism_amenity_density": 0.8754,
    "tri_facility_density": 0.0,
    "usgs_mean_q_cfs": 1.848,
    "velocity_feasibility": 0.3,
    "water_intake_score": 2.8861
   },
   "type": "Feature"
  },
  {
   "geometry": {
    "coordinates": [
     -80.796003,
     35.393547
    ],
    "type": "Point"
   },
   "properties": {
    "accumulation": 27476.0,
    "bank_slope_deg": 0.04,
    "bank_slope_score": 1.0,
    "beach_dist_km": 304.37,
    "bridge_proximity_bonus": 0.0,
    "catchment_area_km2": 2.741,
    "channel_width_m": 4.74,
    "channel_width_score": 1.0,
    "composite_score": 30.6778,
    "cso_density": 0.0,
    "ej_index": 0.4621,
    "elevation_m": 208.7853,
    "estuary_dist_km": 432.76,
    "feasibility_score": 50.0,
    "flood_q10_cfs": 458.09,
    "flow_score": 18.7629,
    "flow_velocity_ms": 0.0355,
    "generation_score": 13.5061,
    "impact_score": 48.1173,
    "impervious_pct": 8.09,
    "land_ownership": 0.5,
    "lat": 35.3935,
    "litter_complaint_density": 0.0,
    "lon": -80.796,
    "navigable_dist_m": null,
    "npdes_points": 0,
    "pixel_col": 1564.0,
    "pixel_row": 1024.0,
    "population_density": 259.7,
    "position_along": 0.25,
    "protected_area_score": 29.1648,
    "rank": 83,
    "road_access_m": 148.8,
    "road_access_score": 1.0,
    "road_density_km_km2": 4.713,
    "robustness_pct": 0.0,
    "runoff_coeff_C": 0.1228,
    "seasonal_cv": 0.444,
    "segment_id": 53,
    "segment_length_m": 3770.0745,
    "stream_order": 3,
    "superfund_score": 0.0528,
    "tourism_amenity_density": 0.6366,
    "tri_facility_density": 0.0,
    "usgs_mean_q_cfs": 2.376,
    "velocity_feasibility": 0.3,
    "water_intake_score": 2.3245
   },
   "type": "Feature"
  },
  {
   "geometry": {
    "coordinates": [
     -80.789203,
     35.435666
    ],
    "type": "Point"
   },
   "properties": {
    "accumulation": 106128.0,
    "bank_slope_deg": 6.67,
    "bank_slope_score": 1.0,
    "beach_dist_km": 305.8,
    "bridge_proximity_bonus": 0.0,
    "catchment_area_km2": 10.5872,
    "channel_width_m": 8.31,
    "channel_width_score": 1.0,
    "composite_score": 30.5284,
    "cso_density": 0.0,
    "ej_index": 0.2418,
    "elevation_m": 197.4731,
    "estuary_dist_km": 432.48,
    "feasibility_score": 48.8095,
    "flood_q10_cfs": 1130.9,
    "flow_score": 25.1975,
    "flow_velocity_ms": 0.145,
    "generation_score": 13.1513,
    "impact_score": 43.2073,
    "impervious_pct": 4.98,
    "land_ownership": 0.5,
    "lat": 35.4357,
    "litter_complaint_density": 0.0,
    "lon": -80.7892,
    "navigable_dist_m": null,
    "npdes_points": 5,
    "pixel_col": 1625.0,
    "pixel_row": 559.0,
    "population_density": 248.8,
    "position_along": 0.5,
    "protected_area_score": 25.7622,
    "rank": 84,
    "road_access_m": 340.7,
    "road_access_score": 0.8,
    "road_density_km_km2": 1.941,
    "robustness_pct": 0.0,
    "runoff_coeff_C": 0.0948,
    "seasonal_cv": 0.4672,
    "segment_id": 21,
    "segment_length_m": 8460.5296,
    "stream_order": 3,
    "superfund_score": 0.058,
    "tourism_amenity_density": 2.6261,
    "tri_facility_density": 0.0,
    "usgs_mean_q_cfs": 7.648,
    "velocity_feasibility": 0.7,
    "water_intake_score": 2.6234
   },
   "type": "Feature"
  },
  {
   "geometry": {
    "coordinates": [
     -80.785375,
     35.403323
    ],
    "type": "Point"
   },
   "properties": {
    "accumulation": 44873.0,
    "bank_slope_deg": 5.23,
    "bank_slope_score": 1.0,
    "beach_dist_km": 303.95,
    "bridge_proximity_bonus": 0.0,
    "catchment_area_km2": 4.4765,
    "channel_width_m": 5.81,
    "channel_width_score": 1.0,
    "composite_score": 30.3873,
    "cso_density": 0.0,
    "ej_index": 0.4563,
    "elevation_m": 194.584,
    "estuary_dist_km": 431.87,
    "feasibility_score": 48.8095,
    "flood_q10_cfs": 662.97,
    "flow_score": 20.7034,
    "flow_velocity_ms": 0.0848,
    "generation_score": 11.3601,
    "impact_score": 48.2732,
    "impervious_pct": 8.09,
    "land_ownership": 0.5,
    "lat": 35.4033,
    "litter_complaint_density": 0.0,
    "lon": -80.7854,
    "navigable_dist_m": null,
    "npdes_points": 1,
    "pixel_col": 1660.0,
    "pixel_row": 914.0,
    "population_density": 269.8,
    "position_along": 0.75,
    "protected_area_score": 27.5896,
    "rank": 85,
    "road_access_m": 413.6,
    "road_access_score": 0.8,
    "road_density_km_km2": 1.802,
    "robustness_pct": 0.0,
    "runoff_coeff_C": 0.1228,
    "seasonal_cv": 0.444,
    "segment_id": 53,
    "segment_length_m": 3770.0745,
    "stream_order": 3,
    "superfund_score": 0.0424,
    "tourism_amenity_density": 0.9549,
    "tri_facility_density": 0.0,
    "usgs_mean_q_cfs": 2.376,
    "velocity_feasibility": 0.7,
    "water_intake_score": 2.4065
   },
   "type": "Feature"
  },
  {
   "geometry": {
    "coordinates": [
     -80.777327,
     35.427529
    ],
    "type": "Point"
   },
   "properties": {
    "accumulation": 125956.0,
    "bank_slope_deg": 4.06,
    "bank_slope_score": 1.0,
    "beach_dist_km": 304.44,
    "bridge_proximity_bonus": 0.0,
    "catchment_area_km2": 12.5652,
    "channel_width_m": 8.92,
    "channel_width_score": 1.0,
    "composite_score": 29.8432,
    "cso_density": 0.0,
    "ej_index": 0.3188,
    "elevation_m": 192.568,
    "estuary_dist_km": 431.34,
    "feasibility_score": 34.9206,
    "flood_q10_cfs": 1243.45,
    "flow_score": 25.1316,
    "flow_velocity_ms": 0.1159,
    "generation_score": 14.9679,
    "impact_score": 46.106,
    "impervious_pct": 4.98,
    "land_ownership": 0.5,
    "lat": 35.4275,
    "litter_complaint_density": 0.0,
    "lon": -80.7773,
    "navigable_dist_m": null,
    "npdes_points": 5,
    "pixel_col": 1732.0,
    "pixel_row": 649.0,
    "population_density": 330.8,
    "position_along": 0.7,
    "protected_area_score": 25.8811,
    "rank": 86,
    "road_access_m": 632.8,
    "road_access_score": 0.6,
    "road_density_km_km2": 2.4,
    "robustness_pct": 0.0,
    "runoff_coeff_C": 0.0948,
    "seasonal_cv": 0.4672,
    "segment_id": 21,
    "segment_length_m": 8460.5296,
    "stream_order": 3,
    "superfund_score": 0.0376,
    "tourism_amenity_density": 2.1486,
    "tri_facility_density": 0.0,
    "usgs_mean_q_cfs": 7.648,
    "velocity_feasibility": 0.7,
    "water_intake_score": 2.6105
   },
   "type": "Feature"
  },
  {
   "geometry": {
    "coordinates": [
     -80.815329,
     35.390606
    ],
    "type": "Point"
   },
   "properties": {
    "accumulation": 52233.0,
    "bank_slope_deg": 7.65,
    "bank_slope_score": 1.0,
    "beach_dist_km": 305.82,
    "bridge_proximity_bonus": 0.0,
    "catchment_area_km2": 5.2107,
    "channel_width_m": 6.19,
    "channel_width_score": 1.0,
    "composite_score": 29.6858,
    "cso_density": 0.0,
    "ej_index": 0.5189,
    "elevation_m": 205.7601,
    "estuary_dist_km": 434.49,
    "feasibility_score": 36.1111,
    "flood_q10_cfs": 750.68,
    "flow_score": 20.4933,
    "flow_velocity_ms": 0.0403,
    "generation_score": 12.8917,
    "impact_score": 50.9277,
    "impervious_pct": 8.65,
    "land_ownership": 0.5,
    "lat": 35.3906,
    "litter_complaint_density": 0.0,
    "lon": -80.8153,
    "navigable_dist_m": null,
    "npdes_points": 4,
    "pixel_col": 1388.0,
    "pixel_row": 1057.0,
    "population_density": 160.0,
    "position_along": 0.25,
    "protected_area_score": 29.6298,
    "rank": 87,
    "road_access_m": 377.3,
    "road_access_score": 0.8,
    "road_density_km_km2": 1.626,
    "robustness_pct": 0.0,
    "runoff_coeff_C": 0.1279,
    "seasonal_cv": 0.4587,
    "segment_id": 50,
    "segment_length_m": 3551.0498,
    "stream_order": 3,
    "superfund_score": 0.1075,
    "tourism_amenity_density": 1.1937,
    "tri_facility_density": 0.0,
    "usgs_mean_q_cfs": 4.235,
    "velocity_feasibility": 0.3,
    "water_intake_score": 2.3594
   },
   "type": "Feature"
  },
  {
   "geometry": {
    "coordinates": [
     -80.792795,
     35.415835
    ],
    "type": "Point"
   },
   "properties": {
    "accumulation": 100281.0,
    "bank_slope_deg": 2.41,
    "bank_slope_score": 1.0,
    "beach_dist_km": 305.15,
    "bridge_proximity_bonus": 0.0,
    "catchment_area_km2": 10.0039,
    "channel_width_m": 8.11,
    "channel_width_score": 1.0,
    "composite_score": 29.6329,
    "cso_density": 0.0,
    "ej_index": 0.372,
    "elevation_m": 194.1848,
    "estuary_dist_km": 432.64,
    "feasibility_score": 34.9206,
    "flood_q10_cfs": 1191.33,
    "flow_score": 23.545,
    "flow_velocity_ms": 0.0642,
    "generation_score": 17.105,
    "impact_score": 44.59,
    "impervious_pct": 11.02,
    "land_ownership": 0.5,
    "lat": 35.4158,
    "litter_complaint_density": 0.0,
    "lon": -80.7928,
    "navigable_dist_m": null,
    "npdes_points": 4,
    "pixel_col": 1591.0,
    "pixel_row": 779.0,
    "population_density": 300.1,
    "position_along": 0.8333,
    "protected_area_score": 27.1741,
    "rank": 88,
    "road_access_m": 816.7,
    "road_access_score": 0.6,
    "road_density_km_km2": 1.955,
    "robustness_pct": 0.0,
    "runoff_coeff_C": 0.1492,
    "seasonal_cv": 0.4645,
    "segment_id": 26,
    "segment_length_m": 5245.0542,
    "stream_order": 3,
    "superfund_score": 0.0577,
    "tourism_amenity_density": 0.3183,
    "tri_facility_density": 0.0,
    "usgs_mean_q_cfs": 4.878,
    "velocity_feasibility": 0.7,
    "water_intake_score": 2.4953
   },
   "type": "Feature"
  },
  {
   "geometry": {
    "coordinates": [
     -80.752631,
     35.454654
    ],
    "type": "Point"
   },
   "properties": {
    "accumulation": 20986.0,
    "bank_slope_deg": 3.14,
    "bank_slope_score": 1.0,
    "beach_dist_km": 303.74,
    "bridge_proximity_bonus": 0.0,
    "catchment_area_km2": 2.0935,
    "channel_width_m": 4.24,
    "channel_width_score": 1.0,
    "composite_score": 29.6159,
    "cso_density": 0.0,
    "ej_index": 0.3437,
    "elevation_m": 195.6827,
    "estuary_dist_km": 429.34,
    "feasibility_score": 62.6984,
    "flood_q10_cfs": 360.67,
    "flow_score": 5.5225,
    "flow_velocity_ms": 0.0956,
    "generation_score": 14.2678,
    "impact_score": 48.5005,
    "impervious_pct": 6.03,
    "land_ownership": 0.5,
    "lat": 35.4547,
    "litter_complaint_density": 0.0,
    "lon": -80.7526,
    "navigable_dist_m": null,
    "npdes_points": 0,
    "pixel_col": 1955.0,
    "pixel_row": 347.0,
    "population_density": 466.2,
    "position_along": 0.5,
    "protected_area_score": 22.5936,
    "rank": 89,
    "road_access_m": 106.4,
    "road_access_score": 1.0,
    "road_density_km_km2": 3.775,
    "robustness_pct": 0.0,
    "runoff_coeff_C": 0.1043,
    "seasonal_cv": 0.4173,
    "segment_id": 16,
    "segment_length_m": 344.4366,
    "stream_order": 1,
    "superfund_score": 0.0191,
    "tourism_amenity_density": 1.5915,
    "tri_facility_density": 0.0,
    "usgs_mean_q_cfs": 1.318,
    "velocity_feasibility": 0.7,
    "water_intake_score": 2.9645
   },
   "type": "Feature"
  },
  {
   "geometry": {
    "coordinates": [
     -80.723039,
     35.363168
    ],
    "type": "Point"
   },
   "properties": {
    "accumulation": 26209.0,
    "bank_slope_deg": 6.09,
    "bank_slope_score": 1.0,
    "beach_dist_km": 296.94,
    "bridge_proximity_bonus": 0.0,
    "catchment_area_km2": 2.6146,
    "channel_width_m": 4.65,
    "channel_width_score": 1.0,
    "composite_score": 28.401,
    "cso_density": 0.0,
    "ej_index": 0.492,
    "elevation_m": 187.6965,
    "estuary_dist_km": 425.95,
    "feasibility_score": 36.1111,
    "flood_q10_cfs": 561.95,
    "flow_score": 7.3536,
    "flow_velocity_ms": 0.035,
    "generation_score": 20.0754,
    "impact_score": 50.411,
    "impervious_pct": 21.8,
    "land_ownership": 0.5,
    "lat": 35.3632,
    "litter_complaint_density": 0.0,
    "lon": -80.723,
    "navigable_dist_m": null,
    "npdes_points": 0,
    "pixel_col": 2228.0,
    "pixel_row": 1362.0,
    "population_density": 381.6,
    "position_along": 0.5,
    "protected_area_score": 25.7359,
    "rank": 90,
    "road_access_m": 350.4,
    "road_access_score": 0.8,
    "road_density_km_km2": 0.533,
    "robustness_pct": 0.0,
    "runoff_coeff_C": 0.2462,
    "seasonal_cv": 0.4276,
    "segment_id": 68,
    "segment_length_m": 1231.8925,
    "stream_order": 1,
    "superfund_score": 0.0454,
    "tourism_amenity_density": 1.9894,
    "tri_facility_density": 0.0,
    "usgs_mean_q_cfs": 2.575,
    "velocity_feasibility": 0.3,
    "water_intake_score": 1.9129
   },
   "type": "Feature"
  },
  {
   "geometry": {
    "coordinates": [
     -80.817557,
     35.443835
    ],
    "type": "Point"
   },
   "properties": {
    "accumulation": 38848.0,
    "bank_slope_deg": 4.46,
    "bank_slope_score": 1.0,
    "beach_dist_km": 308.51,
    "bridge_proximity_bonus": 0.0,
    "catchment_area_km2": 3.8754,
    "channel_width_m": 5.47,
    "channel_width_score": 1.0,
    "composite_score": 28.3175,
    "cso_density": 0.0,
    "ej_index": 0.135,
    "elevation_m": 209.6926,
    "estuary_dist_km": 435.11,
    "feasibility_score": 48.8095,
    "flood_q10_cfs": 563.21,
    "flow_score": 20.9949,
    "flow_velocity_ms": 0.092,
    "generation_score": 12.3163,
    "impact_score": 40.1747,
    "impervious_pct": 4.98,
    "land_ownership": 0.5,
    "lat": 35.4438,
    "litter_complaint_density": 0.0,
    "lon": -80.8176,
    "navigable_dist_m": null,
    "npdes_points": 3,
    "pixel_col": 1367.0,
    "pixel_row": 467.0,
    "population_density": 160.6,
    "position_along": 0.1,
    "protected_area_score": 25.7683,
    "rank": 91,
    "road_access_m": 223.7,
    "road_access_score": 0.8,
    "road_density_km_km2": 4.218,
    "robustness_pct": 0.0,
    "runoff_coeff_C": 0.0948,
    "seasonal_cv": 0.4672,
    "segment_id": 21,
    "segment_length_m": 8460.5296,
    "stream_order": 3,
    "superfund_score": 0.2797,
    "tourism_amenity_density": 1.5915,
    "tri_facility_density": 0.0,
    "usgs_mean_q_cfs": 7.648,
    "velocity_feasibility": 0.7,
    "water_intake_score": 2.6073
   },
   "type": "Feature"
  },
  {
   "geometry": {
    "coordinates": [
     -80.922522,
     35.37136
    ],
    "type": "Point"
   },
   "properties": {
    "accumulation": 20856.0,
    "bank_slope_deg": 1.0,
    "bank_slope_score": 1.0,
    "beach_dist_km": 313.83,
    "bridge_proximity_bonus": 0.0,
    "catchment_area_km2": 2.0806,
    "channel_width_m": 4.23,
    "channel_width_score": 1.0,
    "composite_score": 27.7408,
    "cso_density": 0.0,
    "ej_index": 0.3665,
    "elevation_m": 197.233,
    "estuary_dist_km": 444.07,
    "feasibility_score": 62.6984,
    "flood_q10_cfs": 368.4,
    "flow_score": 4.9995,
    "flow_velocity_ms": 0.0947,
    "generation_score": 8.8569,
    "impact_score": 48.0969,
    "impervious_pct": 7.51,
    "land_ownership": 0.5,
    "lat": 35.3714,
    "litter_complaint_density": 0.0,
    "lon": -80.9225,
    "navigable_dist_m": null,
    "npdes_points": 0,
    "pixel_col": 410.0,
    "pixel_row": 1275.0,
    "population_density": 94.3,
    "position_along": 0.5,
    "protected_area_score": 31.5882,
    "rank": 92,
    "road_access_m": 108.2,
    "road_access_score": 1.0,
    "road_density_km_km2": 3.275,
    "robustness_pct": 0.0,
    "runoff_coeff_C": 0.1176,
    "seasonal_cv": 0.4621,
    "segment_id": 63,
    "segment_length_m": 446.4454,
    "stream_order": 1,
    "superfund_score": 0.0159,
    "tourism_amenity_density": 2.3873,
    "tri_facility_density": 0.0,
    "usgs_mean_q_cfs": 1.736,
    "velocity_feasibility": 0.7,
    "water_intake_score": 3.2572
   },
   "type": "Feature"
  },
  {
   "geometry": {
    "coordinates": [
     -80.909108,
     35.350584
    ],
    "type": "Point"
   },
   "properties": {
    "accumulation": 123449.0,
    "bank_slope_deg": 1.31,
    "bank_slope_score": 1.0,
    "beach_dist_km": 311.8,
    "bridge_proximity_bonus": 0.0,
    "catchment_area_km2": 12.3151,
    "channel_width_m": 8.84,
    "channel_width_score": 1.0,
    "composite_score": 27.4501,
    "cso_density": 0.0,
    "ej_index": 0.4551,
    "elevation_m": 197.1066,
    "estuary_dist_km": 442.73,
    "feasibility_score": 48.8095,
    "flood_q10_cfs": 1195.02,
    "flow_score": 9.1161,
    "flow_velocity_ms": 0.0949,
    "generation_score": 8.4382,
    "impact_score": 51.0606,
    "impervious_pct": 2.91,
    "land_ownership": 0.5,
    "lat": 35.3506,
    "litter_complaint_density": 0.0,
    "lon": -80.9091,
    "navigable_dist_m": null,
    "npdes_points": 1,
    "pixel_col": 534.0,
    "pixel_row": 1505.0,
    "population_density": 249.6,
    "position_along": 0.875,
    "protected_area_score": 33.0804,
    "rank": 93,
    "road_access_m": 486.0,
    "road_access_score": 0.8,
    "road_density_km_km2": 2.641,
    "robustness_pct": 0.0,
    "runoff_coeff_C": 0.0762,
    "seasonal_cv": 0.4906,
    "segment_id": 65,
    "segment_length_m": 6026.8303,
    "stream_order": 1,
    "superfund_score": 0.0184,
    "tourism_amenity_density": 1.0345,
    "tri_facility_density": 0.0,
    "usgs_mean_q_cfs": 5.453,
    "velocity_feasibility": 0.7,
    "water_intake_score": 3.1092
   },
   "type": "Feature"
  },
  {
   "geometry": {
    "coordinates": [
     -80.900563,
     35.35892
    ],
    "type": "Point"
   },
   "properties": {
    "accumulation": 100387.0,
    "bank_slope_deg": 4.53,
    "bank_slope_score": 1.0,
    "beach_dist_km": 311.46,
    "bridge_proximity_bonus": 0.0,
    "catchment_area_km2": 10.0145,
    "channel_width_m": 8.12,
    "channel_width_score": 1.0,
    "composite_score": 26.5642,
    "cso_density": 0.0,
    "ej_index": 0.4404,
    "elevation_m": 200.3197,
    "estuary_dist_km": 442.0,
    "feasibility_score": 48.8095,
    "flood_q10_cfs": 1065.68,
    "flow_score": 9.0885,
    "flow_velocity_ms": 0.1263,
    "generation_score": 7.2186,
    "impact_score": 49.3503,
    "impervious_pct": 2.91,
    "land_ownership": 0.5,
    "lat": 35.3589,
    "litter_complaint_density": 0.0,
    "lon": -80.9006,
    "navigable_dist_m": null,
    "npdes_points": 1,
    "pixel_col": 611.0,
    "pixel_row": 1412.0,
    "population_density": 210.3,
    "position_along": 0.625,
    "protected_area_score": 33.1727,
    "rank": 94,
    "road_access_m": 350.3,
    "road_access_score": 0.8,
    "road_density_km_km2": 2.116,
    "robustness_pct": 0.0,
    "runoff_coeff_C": 0.0762,
    "seasonal_cv": 0.4906,
    "segment_id": 65,
    "segment_length_m": 6026.8303,
    "stream_order": 1,
    "superfund_score": 0.0196,
    "tourism_amenity_density": 0.557,
    "tri_facility_density": 0.0,
    "usgs_mean_q_cfs": 5.453,
    "velocity_feasibility": 0.7,
    "water_intake_score": 2.9982
   },
   "type": "Feature"
  },
  {
   "geometry": {
    "coordinates": [
     -80.876146,
     35.365197
    ],
    "type": "Point"
   },
   "properties": {
    "accumulation": 38403.0,
    "bank_slope_deg": 2.38,
    "bank_slope_score": 1.0,
    "beach_dist_km": 309.7,
    "bridge_proximity_bonus": 0.0,
    "catchment_area_km2": 3.831,
    "channel_width_m": 5.45,
    "channel_width_score": 1.0,
    "composite_score": 25.8122,
    "cso_density": 0.0,
    "ej_index": 0.5343,
    "elevation_m": 212.3969,
    "estuary_dist_km": 439.83,
    "feasibility_score": 48.8095,
    "flood_q10_cfs": 538.48,
    "flow_score": 5.2774,
    "flow_velocity_ms": 0.0781,
    "generation_score": 6.4412,
    "impact_score": 50.7969,
    "impervious_pct": 2.91,
    "land_ownership": 0.5,
    "lat": 35.3652,
    "litter_complaint_density": 0.0,
    "lon": -80.8761,
    "navigable_dist_m": null,
    "npdes_points": 0,
    "pixel_col": 832.0,
    "pixel_row": 1342.0,
    "population_density": 242.7,
    "position_along": 0.125,
    "protected_area_score": 32.8483,
    "rank": 95,
    "road_access_m": 448.9,
    "road_access_score": 0.8,
    "road_density_km_km2": 1.887,
    "robustness_pct": 0.0,
    "runoff_coeff_C": 0.0762,
    "seasonal_cv": 0.4906,
    "segment_id": 65,
    "segment_length_m": 6026.8303,
    "stream_order": 1,
    "superfund_score": 0.0266,
    "tourism_amenity_density": 0.4775,
    "tri_facility_density": 0.0,
    "usgs_mean_q_cfs": 5.453,
    "velocity_feasibility": 0.7,
    "water_intake_score": 2.7079
   },
   "type": "Feature"
  },
  {
   "geometry": {
    "coordinates": [
     -80.938027,
     35.408737
    ],
    "type": "Point"
   },
   "properties": {
    "accumulation": 41598.0,
    "bank_slope_deg": 1.04,
    "bank_slope_score": 1.0,
    "beach_dist_km": 316.79,
    "bridge_proximity_bonus": 0.0,
    "catchment_area_km2": 4.1498,
    "channel_width_m": 5.63,
    "channel_width_score": 1.0,
    "composite_score": 24.9409,
    "cso_density": 0.0,
    "ej_index": 0.3355,
    "elevation_m": 205.027,
    "estuary_dist_km": 445.72,
    "feasibility_score": 62.6984,
    "flood_q10_cfs": 604.84,
    "flow_score": 5.9078,
    "flow_velocity_ms": 0.0918,
    "generation_score": 9.4362,
    "impact_score": 37.4277,
    "impervious_pct": 6.11,
    "land_ownership": 0.5,
    "lat": 35.4087,
    "litter_complaint_density": 0.0,
    "lon": -80.938,
    "navigable_dist_m": null,
    "npdes_points": 1,
    "pixel_col": 270.0,
    "pixel_row": 860.0,
    "population_density": 118.4,
    "position_along": 0.25,
    "protected_area_score": 25.654,
    "rank": 96,
    "road_access_m": 102.4,
    "road_access_score": 1.0,
    "road_density_km_km2": 3.395,
    "robustness_pct": 0.0,
    "runoff_coeff_C": 0.105,
    "seasonal_cv": 0.4706,
    "segment_id": 33,
    "segment_length_m": 3689.583,
    "stream_order": 1,
    "superfund_score": 0.0132,
    "tourism_amenity_density": 3.5014,
    "tri_facility_density": 0.0,
    "usgs_mean_q_cfs": 2.622,
    "velocity_feasibility": 0.7,
    "water_intake_score": 3.1232
   },
   "type": "Feature"
  },
  {
   "geometry": {
    "coordinates": [
     -80.723761,
     35.463647
    ],
    "type": "Point"
   },
   "properties": {
    "accumulation": 24460.0,
    "bank_slope_deg": 0.77,
    "bank_slope_score": 1.0,
    "beach_dist_km": 301.85,
    "bridge_proximity_bonus": 0.0,
    "catchment_area_km2": 2.4401,
    "channel_width_m": 4.52,
    "channel_width_score": 1.0,
    "composite_score": 24.1424,
    "cso_density": 0.0,
    "ej_index": 0.2295,
    "elevation_m": 198.2121,
    "estuary_dist_km": 426.82,
    "feasibility_score": 51.5873,
    "flood_q10_cfs": 377.96,
    "flow_score": 5.7439,
    "flow_velocity_ms": 0.1181,
    "generation_score": 2.1576,
    "impact_score": 47.7369,
    "impervious_pct": 2.11,
    "land_ownership": 1.0,
    "lat": 35.4636,
    "litter_complaint_density": 0.0,
    "lon": -80.7238,
    "navigable_dist_m": null,
    "npdes_points": 0,
    "pixel_col": 2219.0,
    "pixel_row": 247.0,
    "population_density": 59.2,
    "position_along": 0.5,
    "protected_area_score": 20.272,
    "rank": 97,
    "road_access_m": 630.1,
    "road_access_score": 0.6,
    "road_density_km_km2": 1.15,
    "robustness_pct": 0.0,
    "runoff_coeff_C": 0.069,
    "seasonal_cv": 0.4155,
    "segment_id": 9,
    "segment_length_m": 325.1706,
    "stream_order": 1,
    "superfund_score": 0.0125,
    "tourism_amenity_density": 0.0796,
    "tri_facility_density": 0.0,
    "usgs_mean_q_cfs": 1.659,
    "velocity_feasibility": 0.7,
    "water_intake_score": 3.3325
   },
   "type": "Feature"
  },
  {
   "geometry": {
    "coordinates": [
     -80.888798,
     35.36452
    ],
    "type": "Point"
   },
   "properties": {
    "accumulation": 76182.0,
    "bank_slope_deg": 2.44,
    "bank_slope_score": 1.0,
    "beach_dist_km": 310.72,
    "bridge_proximity_bonus": 0.0,
    "catchment_area_km2": 7.5998,
    "channel_width_m": 7.24,
    "channel_width_score": 1.0,
    "composite_score": 23.7659,
    "cso_density": 0.0,
    "ej_index": 0.4932,
    "elevation_m": 207.1125,
    "estuary_dist_km": 440.97,
    "feasibility_score": 36.1111,
    "flood_q10_cfs": 902.3,
    "flow_score": 6.3233,
    "flow_velocity_ms": 0.0424,
    "generation_score": 6.712,
    "impact_score": 49.1827,
    "impervious_pct": 2.91,
    "land_ownership": 0.5,
    "lat": 35.3645,
    "litter_complaint_density": 0.0,
    "lon": -80.8888,
    "navigable_dist_m": null,
    "npdes_points": 0,
    "pixel_col": 719.0,
    "pixel_row": 1350.0,
    "population_density": 229.6,
    "position_along": 0.375,
    "protected_area_score": 32.5444,
    "rank": 98,
    "road_access_m": 395.4,
    "road_access_score": 0.8,
    "road_density_km_km2": 2.304,
    "robustness_pct": 0.0,
    "runoff_coeff_C": 0.0762,
    "seasonal_cv": 0.4906,
    "segment_id": 65,
    "segment_length_m": 6026.8303,
    "stream_order": 1,
    "superfund_score": 0.0223,
    "tourism_amenity_density": 0.1592,
    "tri_facility_density": 0.0,
    "usgs_mean_q_cfs": 5.453,
    "velocity_feasibility": 0.3,
    "water_intake_score": 2.855
   },
   "type": "Feature"
  },
  {
   "geometry": {
    "coordinates": [
     -80.726633,
     35.478563
    ],
    "type": "Point"
   },
   "properties": {
    "accumulation": 28072.0,
    "bank_slope_deg": 0.36,
    "bank_slope_score": 1.0,
    "beach_dist_km": 302.83,
    "bridge_proximity_bonus": 0.0,
    "catchment_area_km2": 2.8004,
    "channel_width_m": 4.78,
    "channel_width_score": 1.0,
    "composite_score": 23.2122,
    "cso_density": 0.0,
    "ej_index": 0.2293,
    "elevation_m": 207.7397,
    "estuary_dist_km": 427.22,
    "feasibility_score": 48.8095,
    "flood_q10_cfs": 413.62,
    "flow_score": 5.7011,
    "flow_velocity_ms": 0.1084,
    "generation_score": 1.6163,
    "impact_score": 46.602,
    "impervious_pct": 1.33,
    "land_ownership": 0.5,
    "lat": 35.4786,
    "litter_complaint_density": 0.0,
    "lon": -80.7266,
    "navigable_dist_m": null,
    "npdes_points": 0,
    "pixel_col": 2191.0,
    "pixel_row": 81.0,
    "population_density": 59.7,
    "position_along": 0.5,
    "protected_area_score": 19.7314,
    "rank": 99,
    "road_access_m": 248.4,
    "road_access_score": 0.8,
    "road_density_km_km2": 1.139,
    "robustness_pct": 0.0,
    "runoff_coeff_C": 0.062,
    "seasonal_cv": 0.4177,
    "segment_id": 1,
    "segment_length_m": 2579.6752,
    "stream_order": 1,
    "superfund_score": 0.0117,
    "tourism_amenity_density": 0.0,
    "tri_facility_density": 0.0,
    "usgs_mean_q_cfs": 2.291,
    "velocity_feasibility": 0.7,
    "water_intake_score": 3.3646
   },
   "type": "Feature"
  },
  {
   "geometry": {
    "coordinates": [
     -80.950482,
     35.400194
    ],
    "type": "Point"
   },
   "properties": {
    "accumulation": 59955.0,
    "bank_slope_deg": 1.04,
    "bank_slope_score": 1.0,
    "beach_dist_km": 317.44,
    "bridge_proximity_bonus": 0.0,
    "catchment_area_km2": 5.981,
    "channel_width_m": 6.55,
    "channel_width_score": 1.0,
    "composite_score": 17.3224,
    "cso_density": 0.0,
    "ej_index": 0.3257,
    "elevation_m": 196.4422,
    "estuary_dist_km": 446.79,
    "feasibility_score": 22.2222,
    "flood_q10_cfs": 796.67,
    "flow_score": 5.7555,
    "flow_velocity_ms": 0.0407,
    "generation_score": 6.6352,
    "impact_score": 35.1988,
    "impervious_pct": 6.11,
    "land_ownership": 0.5,
    "lat": 35.4002,
    "litter_complaint_density": 0.0,
    "lon": -80.9505,
    "navigable_dist_m": null,
    "npdes_points": 1,
    "pixel_col": 155.0,
    "pixel_row": 952.0,
    "population_density": 115.2,
    "position_along": 0.75,
    "protected_area_score": 26.3881,
    "rank": 100,
    "road_access_m": 618.5,
    "road_access_score": 0.6,
    "road_density_km_km2": 0.991,
    "robustness_pct": 0.0,
    "runoff_coeff_C": 0.105,
    "seasonal_cv": 0.4706,
    "segment_id": 33,
    "segment_length_m": 3689.583,
    "stream_order": 1,
    "superfund_score": 0.0122,
    "tourism_amenity_density": 1.7507,
    "tri_facility_density": 0.0,
    "usgs_mean_q_cfs": 2.622,
    "velocity_feasibility": 0.3,
    "water_intake_score": 3.1731
   },
   "type": "Feature"
  }
 ],
 "note": "GRIME region 'Huntersville, NC' \u2014 real-data pipeline (DEM\u2192streams\u2192candidates\u2192stream mask (sites confined to \u00b1150 m of mapped OSM/NHD waterways)\u2192region-appropriate real parameters\u2192shipped scoring, math unchanged). Width curve: Bieger et al. 2015 JAWRA Table 3, Appalachian Highlands. Flood: SIR 2014-5030 HR1. NC Piedmont",
 "provenance": {
  "candidates_pre_gate": 100,
  "constant": [
   "bank_slope_score",
   "cso_density",
   "litter_complaint_density"
  ],
  "gated_navigable": 0,
  "hard_gate_removed": 0,
  "n_parameters": 27,
  "parameters": {
   "bank_slope_score": {
    "kind": "real",
    "n_real": 100,
    "n_sites": 100,
    "source": "region DEM gradient (3x3)"
   },
   "beach_dist_km": {
    "kind": "real",
    "n_real": 100,
    "n_sites": 100,
    "source": "haversine to region ref: Wrightsville Beach (shipped NC reference)"
   },
   "bridge_proximity_bonus": {
    "kind": "real",
    "n_real": 100,
    "n_sites": 100,
    "source": "FHWA/BTS NBI (NTAD), 50 m proximity"
   },
   "catchment_area_km2": {
    "kind": "real",
    "n_real": 100,
    "n_sites": 100,
    "source": "DEM flow accumulation (pipeline)"
   },
   "channel_width_score": {
    "kind": "real",
    "n_real": 100,
    "n_sites": 100,
    "source": "Bieger 2015 AHI width curve on DEM drainage area \u2192 shipped width curve"
   },
   "cso_density": {
    "kind": "real",
    "n_real": 100,
    "n_sites": 100,
    "source": "EPA ECHO CSO inventory (national bulk), Cauchy proximity"
   },
   "ej_index": {
    "kind": "real",
    "n_real": 100,
    "n_sites": 100,
    "source": "Census ACS C17002+B03002 two-component demographic index, percentile-ranked within region"
   },
   "estuary_dist_km": {
    "kind": "real",
    "n_real": 100,
    "n_sites": 100,
    "source": "haversine to region ref: Pamlico Sound (shipped NC reference)"
   },
   "flood_q10_cfs": {
    "kind": "real",
    "n_real": 100,
    "n_sites": 100,
    "source": "USGS SIR 2014-5030 Table 7 HR1 (NC Piedmont)"
   },
   "flow_velocity_ms": {
    "kind": "real",
    "n_real": 94,
    "n_sites": 100,
    "source": "Manning (region DEM/D8) blended with EROM continuity (shipped M4 logic)"
   },
   "impervious_pct": {
    "kind": "real",
    "n_real": 94,
    "n_sites": 100,
    "source": "EPA StreamCat pctimp2019 (per NHDPlus watershed)"
   },
   "land_ownership": {
    "kind": "real",
    "n_real": 94,
    "n_sites": 100,
    "source": "NC OneMap statewide parcels (NC Parcels Transformer) ownname"
   },
   "litter_complaint_density": {
    "kind": "fallback",
    "n_real": 0,
    "n_sites": 100,
    "source": "no machine-readable 311/litter source for this region"
   },
   "navigable_dist_m": {
    "kind": "real",
    "n_real": 100,
    "n_sites": 100,
    "source": "USACE/BTS NWN (NTAD): no navigable segment within this bbox (+2 km) \u2014 computed absence, gate passes all sites"
   },
   "npdes_points": {
    "kind": "real",
    "n_real": 100,
    "n_sites": 100,
    "source": "EPA ECHO NPDES outfalls (national bulk), per catchment"
   },
   "population_density": {
    "kind": "real",
    "n_real": 100,
    "n_sites": 100,
    "source": "Census ACS 2022 B01003 block groups (bbox, multi-county), area-weighted"
   },
   "protected_area_score": {
    "kind": "real",
    "n_real": 100,
    "n_sites": 100,
    "source": "USGS PAD-US 4.1 NC state clip (local GDB, retrieved 2026-07-10), shipped designation-weighted proximity curve"
   },
   "road_access_score": {
    "kind": "real",
    "n_real": 100,
    "n_sites": 100,
    "source": "OSM drive network nearest-node distance"
   },
   "road_density_km_km2": {
    "kind": "real",
    "n_real": 100,
    "n_sites": 100,
    "source": "OSM drive network (osmnx, cached) clipped per catchment"
   },
   "runoff_coeff_C": {
    "kind": "real",
    "n_real": 94,
    "n_sites": 100,
    "source": "derived from real impervious_pct (C=0.05+0.009*I)"
   },
   "seasonal_cv": {
    "kind": "real",
    "n_real": 94,
    "n_sites": 100,
    "source": "CV of NHDPlus EROM monthly flows per COMID"
   },
   "stream_order": {
    "kind": "real",
    "n_real": 100,
    "n_sites": 100,
    "source": "DEM stream-network confluence heuristic (pipeline)"
   },
   "superfund_score": {
    "kind": "real",
    "n_real": 100,
    "n_sites": 100,
    "source": "EPA Envirofacts SEMS state=NC (sign-fixed, georeferenced sites), shipped 500 m inverse-distance curve"
   },
   "tourism_amenity_density": {
    "kind": "real",
    "n_real": 100,
    "n_sites": 100,
    "source": "OSM leisure/tourism features per 2 km radius"
   },
   "tri_facility_density": {
    "kind": "real",
    "n_real": 100,
    "n_sites": 100,
    "source": "EPA Envirofacts TRI state=NC (sign-fixed), per catchment"
   },
   "usgs_mean_q_cfs": {
    "kind": "real",
    "n_real": 94,
    "n_sites": 100,
    "source": "NHDPlus EROM qe_ma per COMID (snap-guarded)"
   },
   "velocity_feasibility": {
    "kind": "real",
    "n_real": 94,
    "n_sites": 100,
    "source": "shipped step curve on the computed velocity"
   },
   "velocity_transport_favorability": {
    "kind": "derived",
    "n_real": 94,
    "n_sites": 100,
    "source": "scored form of flow_velocity_ms inside the Flow family \u2014 peaked Gaussian exp(-((v-0.9)/0.6)^2), model.json curves.velocity_transport_favorability; construct: transport/delivery favorability, deliberately distinct from velocity_feasibility (device operability)"
   },
   "water_intake_score": {
    "kind": "real",
    "n_real": 100,
    "n_sites": 100,
    "source": "NC OneMap / NC DEQ SWAP public water supply sources (source_typ='Surface Water'), shipped exp(-d/10km) curve"
   }
  },
  "stream_mask": {
   "buffer_m": 150.0,
   "pre_mask": 104,
   "removed": 4,
   "sources": [
    "osm-overpass (all waterway ways)",
    "usgs-nhdplus flowlines"
   ]
  },
  "varying": [
   "beach_dist_km",
   "bridge_proximity_bonus",
   "catchment_area_km2",
   "channel_width_score",
   "ej_index",
   "estuary_dist_km",
   "flood_q10_cfs",
   "flow_velocity_ms",
   "impervious_pct",
   "land_ownership",
   "npdes_points",
   "population_density",
   "protected_area_score",
   "road_access_score",
   "road_density_km_km2",
   "runoff_coeff_C",
   "seasonal_cv",
   "stream_order",
   "superfund_score",
   "tourism_amenity_density",
   "tri_facility_density",
   "usgs_mean_q_cfs",
   "velocity_feasibility",
   "water_intake_score"
  ]
 },
 "region": {
  "bbox": [
   -80.9678,
   35.3357,
   -80.7178,
   35.4857
  ],
  "beach_ref": {
   "label": "Wrightsville Beach (shipped NC reference)",
   "lat": 34.21,
   "lon": -77.79
  },
  "center": [
   -80.8428,
   35.4107
  ],
  "estuary_ref": {
   "label": "Pamlico Sound (shipped NC reference)",
   "lat": 35.05,
   "lon": -76.05
  },
  "flood_method": "sir2014_hr1",
  "name": "Huntersville, NC",
  "notes": "NC Piedmont",
  "slug": "huntersville",
  "state": "NC",
  "utm_epsg": 32617,
  "width_curve": {
   "a": 3.12,
   "b": 0.415,
   "code": "AHI",
   "source": "Bieger et al. 2015 JAWRA Table 3, Appalachian Highlands"
  }
 },
 "type": "FeatureCollection"
}
