{
 "features": [
  {
   "geometry": {
    "coordinates": [
     -80.827016,
     35.587963
    ],
    "type": "Point"
   },
   "properties": {
    "accumulation": 39109.0,
    "bank_slope_deg": 6.09,
    "bank_slope_score": 1.0,
    "beach_dist_km": 316.5,
    "bridge_proximity_bonus": 0.2,
    "catchment_area_km2": 3.9027,
    "channel_width_m": 5.49,
    "channel_width_score": 1.0,
    "composite_score": 58.6117,
    "cso_density": 0.0,
    "ej_index": 0.4582,
    "elevation_m": 245.5347,
    "estuary_dist_km": 437.48,
    "feasibility_score": 84.4156,
    "flood_q10_cfs": 841.16,
    "flow_score": 28.6543,
    "flow_velocity_ms": 0.1636,
    "generation_score": 62.7669,
    "impact_score": 66.519,
    "impervious_pct": 27.6,
    "land_ownership": 0.5,
    "lat": 35.588,
    "litter_complaint_density": 0.0,
    "lon": -80.827,
    "npdes_points": 1,
    "pixel_col": 936.0,
    "pixel_row": 882.0,
    "population_density": 613.8,
    "position_along": 0.5,
    "protected_area_score": 0.0,
    "rank": 1,
    "river_name": "Reeds Creek",
    "road_access_m": 58.3,
    "road_access_score": 1.0,
    "road_density_km_km2": 5.549,
    "robustness_pct": 97.5,
    "runoff_coeff_C": 0.2984,
    "seasonal_cv": 0.4265,
    "segment_id": 26,
    "segment_length_m": 237.741,
    "stream_order": 3,
    "superfund_score": 0.0,
    "tourism_amenity_density": 5.093,
    "tri_facility_density": 0.5125,
    "usgs_mean_q_cfs": 2.302,
    "velocity_feasibility": 0.7,
    "water_intake_score": 0.0
   },
   "type": "Feature"
  },
  {
   "geometry": {
    "coordinates": [
     -80.832596,
     35.581011
    ],
    "type": "Point"
   },
   "properties": {
    "accumulation": 89664.0,
    "bank_slope_deg": 1.72,
    "bank_slope_score": 1.0,
    "beach_dist_km": 316.59,
    "bridge_proximity_bonus": 0.0,
    "catchment_area_km2": 8.9477,
    "channel_width_m": 7.75,
    "channel_width_score": 1.0,
    "composite_score": 52.2841,
    "cso_density": 0.0,
    "dem_lat": 35.581035,
    "dem_lon": -80.832687,
    "ej_index": 0.4572,
    "elevation_m": 238.0089,
    "estuary_dist_km": 437.9,
    "feasibility_score": 66.2338,
    "flood_q10_cfs": 1261.92,
    "flow_score": 35.7483,
    "flow_velocity_ms": 0.1396,
    "generation_score": 54.2787,
    "impact_score": 57.0946,
    "impervious_pct": 19.66,
    "land_ownership": 0.5,
    "lat": 35.581,
    "litter_complaint_density": 0.0,
    "lon": -80.8327,
    "npdes_points": 4,
    "pixel_col": 886.0,
    "pixel_row": 959.0,
    "population_density": 632.6,
    "position_along": 0.25,
    "protected_area_score": 0.0,
    "rank": 2,
    "river_name": "Reeds Creek",
    "road_access_m": 91.2,
    "road_access_score": 1.0,
    "road_density_km_km2": 7.073,
    "robustness_pct": 95.5,
    "runoff_coeff_C": 0.2269,
    "seasonal_cv": 0.4365,
    "segment_id": 27,
    "segment_length_m": 3684.7415,
    "snap_dist_m": 8.7,
    "stream_order": 3,
    "superfund_score": 0.0,
    "tourism_amenity_density": 2.6261,
    "tri_facility_density": 0.2235,
    "usgs_mean_q_cfs": 6.03,
    "velocity_feasibility": 0.7,
    "water_intake_score": 0.0
   },
   "type": "Feature"
  },
  {
   "geometry": {
    "coordinates": [
     -80.80869,
     35.56455
    ],
    "type": "Point"
   },
   "properties": {
    "accumulation": 31403.0,
    "bank_slope_deg": 3.63,
    "bank_slope_score": 1.0,
    "beach_dist_km": 313.82,
    "bridge_proximity_bonus": 0.0,
    "catchment_area_km2": 3.1337,
    "channel_width_m": 5.01,
    "channel_width_score": 1.0,
    "composite_score": 48.4698,
    "cso_density": 0.0,
    "ej_index": 0.4767,
    "elevation_m": 238.6587,
    "estuary_dist_km": 435.54,
    "feasibility_score": 66.2338,
    "flood_q10_cfs": 629.1,
    "flow_score": 24.5297,
    "flow_velocity_ms": 0.1028,
    "generation_score": 33.1569,
    "impact_score": 74.8506,
    "impervious_pct": 20.45,
    "land_ownership": 0.5,
    "lat": 35.5646,
    "litter_complaint_density": 0.0,
    "lon": -80.8087,
    "npdes_points": 1,
    "pixel_col": 1104.0,
    "pixel_row": 1142.0,
    "population_density": 552.9,
    "position_along": 0.25,
    "protected_area_score": 0.0,
    "rank": 3,
    "river_name": null,
    "road_access_m": 194.3,
    "road_access_score": 1.0,
    "road_density_km_km2": 4.762,
    "robustness_pct": 47.5,
    "runoff_coeff_C": 0.234,
    "seasonal_cv": 0.4266,
    "segment_id": 33,
    "segment_length_m": 3770.0937,
    "stream_order": 3,
    "superfund_score": 0.0,
    "tourism_amenity_density": 5.3317,
    "tri_facility_density": 0.0,
    "usgs_mean_q_cfs": 2.55,
    "velocity_feasibility": 0.7,
    "water_intake_score": 0.0
   },
   "type": "Feature"
  },
  {
   "geometry": {
    "coordinates": [
     -80.736533,
     35.504212
    ],
    "type": "Point"
   },
   "properties": {
    "accumulation": 372897.0,
    "bank_slope_deg": 11.23,
    "bank_slope_score": 1.0,
    "beach_dist_km": 304.93,
    "bridge_proximity_bonus": 0.2,
    "catchment_area_km2": 37.2117,
    "channel_width_m": 14.0,
    "channel_width_score": 1.0,
    "composite_score": 48.3982,
    "cso_density": 0.0,
    "dem_lat": 35.504179,
    "dem_lon": -80.736564,
    "ej_index": 0.2811,
    "elevation_m": 201.3367,
    "estuary_dist_km": 428.37,
    "feasibility_score": 71.4286,
    "flood_q10_cfs": 2196.04,
    "flow_score": 72.0515,
    "flow_velocity_ms": 0.1564,
    "generation_score": 3.2444,
    "impact_score": 62.3256,
    "impervious_pct": 2.62,
    "land_ownership": 0.5,
    "lat": 35.5042,
    "litter_complaint_density": 0.0,
    "lon": -80.7366,
    "npdes_points": 0,
    "pixel_col": 1762.0,
    "pixel_row": 1810.0,
    "population_density": 81.5,
    "position_along": 0.5,
    "protected_area_score": 0.0,
    "rank": 4,
    "river_name": "Coddle Creek",
    "road_access_m": 202.6,
    "road_access_score": 0.8,
    "road_density_km_km2": 0.445,
    "robustness_pct": 63.0,
    "runoff_coeff_C": 0.0736,
    "seasonal_cv": 0.4688,
    "segment_id": 63,
    "segment_length_m": 1009.0654,
    "snap_dist_m": 4.6,
    "stream_order": 3,
    "superfund_score": 0.0,
    "tourism_amenity_density": 0.0,
    "tri_facility_density": 0.0,
    "usgs_mean_q_cfs": 26.373,
    "velocity_feasibility": 0.7,
    "water_intake_score": 0.0
   },
   "type": "Feature"
  },
  {
   "geometry": {
    "coordinates": [
     -80.855772,
     35.569585
    ],
    "type": "Point"
   },
   "properties": {
    "accumulation": 175341.0,
    "bank_slope_deg": 0.0,
    "bank_slope_score": 1.0,
    "beach_dist_km": 317.82,
    "bridge_proximity_bonus": 0.0,
    "catchment_area_km2": 17.4974,
    "channel_width_m": 10.23,
    "channel_width_score": 1.0,
    "composite_score": 47.4152,
    "cso_density": 0.0,
    "dem_lat": 35.569476,
    "dem_lon": -80.85542,
    "ej_index": 0.3764,
    "elevation_m": 229.8501,
    "estuary_dist_km": 439.81,
    "feasibility_score": 66.2338,
    "flood_q10_cfs": 1856.88,
    "flow_score": 44.4988,
    "flow_velocity_ms": 0.0531,
    "generation_score": 45.6488,
    "impact_score": 42.2027,
    "impervious_pct": 20.73,
    "land_ownership": 0.5,
    "lat": 35.5695,
    "litter_complaint_density": 0.0,
    "lon": -80.8554,
    "npdes_points": 6,
    "pixel_col": 679.0,
    "pixel_row": 1088.0,
    "population_density": 539.2,
    "position_along": 0.5,
    "protected_area_score": 0.0,
    "rank": 5,
    "river_name": "Reeds Creek",
    "road_access_m": 151.3,
    "road_access_score": 1.0,
    "road_density_km_km2": 6.66,
    "robustness_pct": 54.0,
    "runoff_coeff_C": 0.2366,
    "seasonal_cv": 0.444,
    "segment_id": 30,
    "segment_length_m": 797.2771,
    "snap_dist_m": 34.1,
    "stream_order": 3,
    "superfund_score": 0.0,
    "tourism_amenity_density": 1.4324,
    "tri_facility_density": 0.0,
    "usgs_mean_q_cfs": 8.384,
    "velocity_feasibility": 0.7,
    "water_intake_score": 0.0
   },
   "type": "Feature"
  },
  {
   "geometry": {
    "coordinates": [
     -80.793807,
     35.601589
    ],
    "type": "Point"
   },
   "properties": {
    "accumulation": 20590.0,
    "bank_slope_deg": 4.02,
    "bank_slope_score": 1.0,
    "beach_dist_km": 314.58,
    "bridge_proximity_bonus": 0.0,
    "catchment_area_km2": 2.0547,
    "channel_width_m": 4.21,
    "channel_width_score": 1.0,
    "composite_score": 47.2636,
    "cso_density": 0.0,
    "ej_index": 0.3934,
    "elevation_m": 247.291,
    "estuary_dist_km": 434.67,
    "feasibility_score": 66.2338,
    "flood_q10_cfs": 463.25,
    "flow_score": 21.1745,
    "flow_velocity_ms": 0.0883,
    "generation_score": 50.8512,
    "impact_score": 55.9317,
    "impervious_pct": 21.14,
    "land_ownership": 0.5,
    "lat": 35.6016,
    "litter_complaint_density": 0.0,
    "lon": -80.7938,
    "npdes_points": 2,
    "pixel_col": 1239.0,
    "pixel_row": 726.0,
    "population_density": 969.3,
    "position_along": 0.5,
    "protected_area_score": 0.0,
    "rank": 6,
    "river_name": "Back Creek",
    "road_access_m": 147.5,
    "road_access_score": 1.0,
    "road_density_km_km2": 7.932,
    "robustness_pct": 46.0,
    "runoff_coeff_C": 0.2403,
    "seasonal_cv": 0.4313,
    "segment_id": 20,
    "segment_length_m": 385.1602,
    "stream_order": 3,
    "superfund_score": 0.0,
    "tourism_amenity_density": 1.5915,
    "tri_facility_density": 0.0,
    "usgs_mean_q_cfs": 1.094,
    "velocity_feasibility": 0.7,
    "water_intake_score": 0.0
   },
   "type": "Feature"
  },
  {
   "geometry": {
    "coordinates": [
     -80.844612,
     35.56916
    ],
    "type": "Point"
   },
   "properties": {
    "accumulation": 125928.0,
    "bank_slope_deg": 0.28,
    "bank_slope_score": 1.0,
    "beach_dist_km": 316.92,
    "bridge_proximity_bonus": 0.0,
    "catchment_area_km2": 12.5665,
    "channel_width_m": 8.92,
    "channel_width_score": 1.0,
    "composite_score": 45.7596,
    "cso_density": 0.0,
    "dem_lat": 35.569406,
    "dem_lon": -80.844317,
    "ej_index": 0.4361,
    "elevation_m": 231.6873,
    "estuary_dist_km": 438.81,
    "feasibility_score": 45.4545,
    "flood_q10_cfs": 1523.12,
    "flow_score": 37.4921,
    "flow_velocity_ms": 0.0497,
    "generation_score": 47.7123,
    "impact_score": 50.8489,
    "impervious_pct": 19.66,
    "land_ownership": 0.5,
    "lat": 35.5694,
    "litter_complaint_density": 0.0,
    "lon": -80.8443,
    "npdes_points": 4,
    "pixel_col": 778.0,
    "pixel_row": 1087.0,
    "population_density": 621.1,
    "position_along": 0.75,
    "protected_area_score": 0.0,
    "rank": 7,
    "river_name": "Reeds Creek",
    "road_access_m": 84.5,
    "road_access_score": 1.0,
    "road_density_km_km2": 7.195,
    "robustness_pct": 32.0,
    "runoff_coeff_C": 0.2269,
    "seasonal_cv": 0.4365,
    "segment_id": 27,
    "segment_length_m": 3684.7415,
    "snap_dist_m": 38.2,
    "stream_order": 3,
    "superfund_score": 0.0,
    "tourism_amenity_density": 1.8303,
    "tri_facility_density": 0.0796,
    "usgs_mean_q_cfs": 6.03,
    "velocity_feasibility": 0.3,
    "water_intake_score": 0.0
   },
   "type": "Feature"
  },
  {
   "geometry": {
    "coordinates": [
     -80.848243,
     35.575863
    ],
    "type": "Point"
   },
   "properties": {
    "accumulation": 27380.0,
    "bank_slope_deg": 0.4,
    "bank_slope_score": 1.0,
    "beach_dist_km": 317.57,
    "bridge_proximity_bonus": 0.0,
    "catchment_area_km2": 2.7323,
    "channel_width_m": 4.73,
    "channel_width_score": 1.0,
    "composite_score": 45.7121,
    "cso_density": 0.0,
    "ej_index": 0.5262,
    "elevation_m": 233.5257,
    "estuary_dist_km": 439.24,
    "feasibility_score": 66.2338,
    "flood_q10_cfs": 649.64,
    "flow_score": 24.498,
    "flow_velocity_ms": 0.1012,
    "generation_score": 44.5655,
    "impact_score": 54.2763,
    "impervious_pct": 28.19,
    "land_ownership": 0.5,
    "lat": 35.5759,
    "litter_complaint_density": 0.0,
    "lon": -80.8482,
    "npdes_points": 1,
    "pixel_col": 744.0,
    "pixel_row": 1017.0,
    "population_density": 651.6,
    "position_along": 0.5,
    "protected_area_score": 0.0,
    "rank": 8,
    "river_name": "Reeds Creek",
    "road_access_m": 104.8,
    "road_access_score": 1.0,
    "road_density_km_km2": 7.796,
    "robustness_pct": 11.5,
    "runoff_coeff_C": 0.3037,
    "seasonal_cv": 0.4237,
    "segment_id": 29,
    "segment_length_m": 1762.8346,
    "stream_order": 3,
    "superfund_score": 0.0,
    "tourism_amenity_density": 1.1937,
    "tri_facility_density": 0.0,
    "usgs_mean_q_cfs": 1.523,
    "velocity_feasibility": 0.7,
    "water_intake_score": 0.0
   },
   "type": "Feature"
  },
  {
   "geometry": {
    "coordinates": [
     -80.784818,
     35.609195
    ],
    "type": "Point"
   },
   "properties": {
    "accumulation": 81508.0,
    "bank_slope_deg": 6.15,
    "bank_slope_score": 1.0,
    "beach_dist_km": 314.29,
    "bridge_proximity_bonus": 0.0,
    "catchment_area_km2": 8.1338,
    "channel_width_m": 7.45,
    "channel_width_score": 1.0,
    "composite_score": 45.3405,
    "cso_density": 0.0,
    "dem_lat": 35.609243,
    "dem_lon": -80.78498,
    "ej_index": 0.279,
    "elevation_m": 241.5219,
    "estuary_dist_km": 433.98,
    "feasibility_score": 66.2338,
    "flood_q10_cfs": 1193.36,
    "flow_score": 32.9972,
    "flow_velocity_ms": 0.1174,
    "generation_score": 42.0968,
    "impact_score": 48.4235,
    "impervious_pct": 19.44,
    "land_ownership": 0.5,
    "lat": 35.6092,
    "litter_complaint_density": 0.0,
    "lon": -80.785,
    "npdes_points": 4,
    "pixel_col": 1318.0,
    "pixel_row": 641.0,
    "population_density": 446.9,
    "position_along": 0.5,
    "protected_area_score": 0.0,
    "rank": 9,
    "river_name": "Back Creek",
    "road_access_m": 114.8,
    "road_access_score": 1.0,
    "road_density_km_km2": 5.248,
    "robustness_pct": 0.0,
    "runoff_coeff_C": 0.225,
    "seasonal_cv": 0.4307,
    "segment_id": 21,
    "segment_length_m": 2199.1902,
    "snap_dist_m": 15.6,
    "stream_order": 3,
    "superfund_score": 0.0,
    "tourism_amenity_density": 1.5915,
    "tri_facility_density": 0.1229,
    "usgs_mean_q_cfs": 4.404,
    "velocity_feasibility": 0.7,
    "water_intake_score": 0.0
   },
   "type": "Feature"
  },
  {
   "geometry": {
    "coordinates": [
     -80.794355,
     35.53725
    ],
    "type": "Point"
   },
   "properties": {
    "accumulation": 102670.0,
    "bank_slope_deg": 3.4,
    "bank_slope_score": 1.0,
    "beach_dist_km": 311.26,
    "bridge_proximity_bonus": 0.2,
    "catchment_area_km2": 10.2455,
    "channel_width_m": 8.19,
    "channel_width_score": 1.0,
    "composite_score": 45.2321,
    "cso_density": 0.0,
    "dem_lat": 35.537234,
    "dem_lon": -80.79439,
    "ej_index": 0.2686,
    "elevation_m": 220.622,
    "estuary_dist_km": 433.94,
    "feasibility_score": 84.4156,
    "flood_q10_cfs": 1308.8,
    "flow_score": 35.5142,
    "flow_velocity_ms": 0.1244,
    "generation_score": 29.3812,
    "impact_score": 49.5896,
    "impervious_pct": 16.87,
    "land_ownership": 0.5,
    "lat": 35.5372,
    "litter_complaint_density": 0.0,
    "lon": -80.7944,
    "npdes_points": 2,
    "pixel_col": 1235.0,
    "pixel_row": 1445.0,
    "population_density": 405.4,
    "position_along": 0.25,
    "protected_area_score": 0.0,
    "rank": 10,
    "river_name": "Dye Creek",
    "road_access_m": 158.6,
    "road_access_score": 1.0,
    "road_density_km_km2": 4.654,
    "robustness_pct": 19.0,
    "runoff_coeff_C": 0.2018,
    "seasonal_cv": 0.4364,
    "segment_id": 37,
    "segment_length_m": 3473.5413,
    "snap_dist_m": 3.6,
    "stream_order": 3,
    "superfund_score": 0.0,
    "tourism_amenity_density": 1.1937,
    "tri_facility_density": 0.0,
    "usgs_mean_q_cfs": 5.368,
    "velocity_feasibility": 0.7,
    "water_intake_score": 0.0
   },
   "type": "Feature"
  },
  {
   "geometry": {
    "coordinates": [
     -80.770902,
     35.620724
    ],
    "type": "Point"
   },
   "properties": {
    "accumulation": 134338.0,
    "bank_slope_deg": 6.32,
    "bank_slope_score": 1.0,
    "beach_dist_km": 313.81,
    "bridge_proximity_bonus": 0.0,
    "catchment_area_km2": 13.4057,
    "channel_width_m": 9.16,
    "channel_width_score": 1.0,
    "composite_score": 43.3845,
    "cso_density": 0.0,
    "dem_lat": 35.620833,
    "dem_lon": -80.771021,
    "ej_index": 0.2448,
    "elevation_m": 234.1208,
    "estuary_dist_km": 432.88,
    "feasibility_score": 66.2338,
    "flood_q10_cfs": 1511.63,
    "flow_score": 39.5066,
    "flow_velocity_ms": 0.1158,
    "generation_score": 34.944,
    "impact_score": 43.6318,
    "impervious_pct": 16.52,
    "land_ownership": 0.5,
    "lat": 35.6208,
    "litter_complaint_density": 0.0,
    "lon": -80.771,
    "npdes_points": 8,
    "pixel_col": 1446.0,
    "pixel_row": 513.0,
    "population_density": 188.5,
    "position_along": 0.5,
    "protected_area_score": 0.0,
    "rank": 11,
    "river_name": "Back Creek",
    "road_access_m": 188.8,
    "road_access_score": 1.0,
    "road_density_km_km2": 2.307,
    "robustness_pct": 0.0,
    "runoff_coeff_C": 0.1987,
    "seasonal_cv": 0.437,
    "segment_id": 22,
    "segment_length_m": 1796.7688,
    "snap_dist_m": 16.2,
    "stream_order": 3,
    "superfund_score": 0.0,
    "tourism_amenity_density": 0.3183,
    "tri_facility_density": 0.0746,
    "usgs_mean_q_cfs": 6.718,
    "velocity_feasibility": 0.7,
    "water_intake_score": 0.0
   },
   "type": "Feature"
  },
  {
   "geometry": {
    "coordinates": [
     -80.750939,
     35.632309
    ],
    "type": "Point"
   },
   "properties": {
    "accumulation": 252712.0,
    "bank_slope_deg": 8.02,
    "bank_slope_score": 1.0,
    "beach_dist_km": 312.86,
    "bridge_proximity_bonus": 0.2,
    "catchment_area_km2": 25.2184,
    "channel_width_m": 11.91,
    "channel_width_score": 1.0,
    "composite_score": 43.1673,
    "cso_density": 0.0,
    "dem_lat": 35.632353,
    "dem_lon": -80.750981,
    "ej_index": 0.3026,
    "elevation_m": 226.321,
    "estuary_dist_km": 431.24,
    "feasibility_score": 58.4416,
    "flood_q10_cfs": 1964.13,
    "flow_score": 52.1908,
    "flow_velocity_ms": 0.0915,
    "generation_score": 20.4451,
    "impact_score": 50.7327,
    "impervious_pct": 10.14,
    "land_ownership": 0.5,
    "lat": 35.6324,
    "litter_complaint_density": 0.0,
    "lon": -80.751,
    "npdes_points": 6,
    "pixel_col": 1627.0,
    "pixel_row": 385.0,
    "population_density": 78.2,
    "position_along": 0.25,
    "protected_area_score": 0.0,
    "rank": 12,
    "river_name": "Back Creek",
    "road_access_m": 576.0,
    "road_access_score": 0.6,
    "road_density_km_km2": 1.554,
    "robustness_pct": 8.0,
    "runoff_coeff_C": 0.1413,
    "seasonal_cv": 0.4505,
    "segment_id": 24,
    "segment_length_m": 4214.0149,
    "snap_dist_m": 6.2,
    "stream_order": 3,
    "superfund_score": 0.0,
    "tourism_amenity_density": 0.0,
    "tri_facility_density": 0.0,
    "usgs_mean_q_cfs": 12.495,
    "velocity_feasibility": 0.7,
    "water_intake_score": 0.0
   },
   "type": "Feature"
  },
  {
   "geometry": {
    "coordinates": [
     -80.797823,
     35.604346
    ],
    "type": "Point"
   },
   "properties": {
    "accumulation": 28251.0,
    "bank_slope_deg": 3.79,
    "bank_slope_score": 1.0,
    "beach_dist_km": 315.05,
    "bridge_proximity_bonus": 0.0,
    "catchment_area_km2": 2.8192,
    "channel_width_m": 4.8,
    "channel_width_score": 1.0,
    "composite_score": 42.4611,
    "cso_density": 0.0,
    "dem_lat": 35.604375,
    "dem_lon": -80.797804,
    "ej_index": 0.3511,
    "elevation_m": 249.4943,
    "estuary_dist_km": 435.06,
    "feasibility_score": 45.4545,
    "flood_q10_cfs": 607.62,
    "flow_score": 22.2385,
    "flow_velocity_ms": 0.0367,
    "generation_score": 49.071,
    "impact_score": 51.2068,
    "impervious_pct": 23.02,
    "land_ownership": 0.5,
    "lat": 35.6044,
    "litter_complaint_density": 0.0,
    "lon": -80.7978,
    "npdes_points": 3,
    "pixel_col": 1203.0,
    "pixel_row": 698.0,
    "population_density": 854.3,
    "position_along": 0.5,
    "protected_area_score": 0.0,
    "rank": 13,
    "river_name": "Back Creek",
    "road_access_m": 191.1,
    "road_access_score": 1.0,
    "road_density_km_km2": 6.787,
    "robustness_pct": 0.0,
    "runoff_coeff_C": 0.2572,
    "seasonal_cv": 0.4256,
    "segment_id": 18,
    "segment_length_m": 1026.3266,
    "snap_dist_m": 3.7,
    "stream_order": 3,
    "superfund_score": 0.0,
    "tourism_amenity_density": 1.512,
    "tri_facility_density": 0.0,
    "usgs_mean_q_cfs": 1.49,
    "velocity_feasibility": 0.3,
    "water_intake_score": 0.0
   },
   "type": "Feature"
  },
  {
   "geometry": {
    "coordinates": [
     -80.740278,
     35.509287
    ],
    "type": "Point"
   },
   "properties": {
    "accumulation": 310603.0,
    "bank_slope_deg": 4.2,
    "bank_slope_score": 1.0,
    "beach_dist_km": 305.49,
    "bridge_proximity_bonus": 0.0,
    "catchment_area_km2": 30.9954,
    "channel_width_m": 12.97,
    "channel_width_score": 1.0,
    "composite_score": 41.5548,
    "cso_density": 0.0,
    "dem_lat": 35.509247,
    "dem_lon": -80.740312,
    "ej_index": 0.2801,
    "elevation_m": 203.1553,
    "estuary_dist_km": 428.76,
    "feasibility_score": 53.2468,
    "flood_q10_cfs": 1978.56,
    "flow_score": 56.9429,
    "flow_velocity_ms": 0.1492,
    "generation_score": 3.4334,
    "impact_score": 61.0067,
    "impervious_pct": 2.4,
    "land_ownership": 0.5,
    "lat": 35.5092,
    "litter_complaint_density": 0.0,
    "lon": -80.7403,
    "npdes_points": 0,
    "pixel_col": 1727.0,
    "pixel_row": 1753.0,
    "population_density": 84.8,
    "position_along": 0.5,
    "protected_area_score": 0.0,
    "rank": 14,
    "river_name": "Coddle Creek",
    "road_access_m": 311.4,
    "road_access_score": 0.8,
    "road_density_km_km2": 0.583,
    "robustness_pct": 19.5,
    "runoff_coeff_C": 0.0716,
    "seasonal_cv": 0.4553,
    "segment_id": 62,
    "segment_length_m": 569.5256,
    "snap_dist_m": 5.5,
    "stream_order": 3,
    "superfund_score": 0.0,
    "tourism_amenity_density": 0.0,
    "tri_facility_density": 0.0,
    "usgs_mean_q_cfs": 13.949,
    "velocity_feasibility": 0.7,
    "water_intake_score": 0.0
   },
   "type": "Feature"
  },
  {
   "geometry": {
    "coordinates": [
     -80.802814,
     35.550375
    ],
    "type": "Point"
   },
   "properties": {
    "accumulation": 49252.0,
    "bank_slope_deg": 9.87,
    "bank_slope_score": 1.0,
    "beach_dist_km": 312.62,
    "bridge_proximity_bonus": 0.0,
    "catchment_area_km2": 4.9149,
    "channel_width_m": 6.04,
    "channel_width_score": 1.0,
    "composite_score": 41.2844,
    "cso_density": 0.0,
    "ej_index": 0.2836,
    "elevation_m": 227.86,
    "estuary_dist_km": 434.85,
    "feasibility_score": 66.2338,
    "flood_q10_cfs": 883.1,
    "flow_score": 27.0838,
    "flow_velocity_ms": 0.0919,
    "generation_score": 32.4608,
    "impact_score": 49.4671,
    "impervious_pct": 20.45,
    "land_ownership": 0.5,
    "lat": 35.5504,
    "litter_complaint_density": 0.0,
    "lon": -80.8028,
    "npdes_points": 1,
    "pixel_col": 1159.0,
    "pixel_row": 1299.0,
    "population_density": 472.3,
    "position_along": 0.75,
    "protected_area_score": 0.0,
    "rank": 15,
    "river_name": "Dye Creek",
    "road_access_m": 93.6,
    "road_access_score": 1.0,
    "road_density_km_km2": 5.563,
    "robustness_pct": 0.0,
    "runoff_coeff_C": 0.234,
    "seasonal_cv": 0.4266,
    "segment_id": 33,
    "segment_length_m": 3770.0937,
    "stream_order": 3,
    "superfund_score": 0.0,
    "tourism_amenity_density": 1.6711,
    "tri_facility_density": 0.0,
    "usgs_mean_q_cfs": 2.55,
    "velocity_feasibility": 0.7,
    "water_intake_score": 0.0
   },
   "type": "Feature"
  },
  {
   "geometry": {
    "coordinates": [
     -80.861468,
     35.578692
    ],
    "type": "Point"
   },
   "properties": {
    "accumulation": 37426.0,
    "bank_slope_deg": 0.39,
    "bank_slope_score": 1.0,
    "beach_dist_km": 318.78,
    "bridge_proximity_bonus": 0.0,
    "catchment_area_km2": 3.7348,
    "channel_width_m": 5.39,
    "channel_width_score": 1.0,
    "composite_score": 40.957,
    "cso_density": 0.0,
    "ej_index": 0.3239,
    "elevation_m": 231.8994,
    "estuary_dist_km": 440.46,
    "feasibility_score": 66.2338,
    "flood_q10_cfs": 1179.24,
    "flow_score": 17.4379,
    "flow_velocity_ms": 0.0909,
    "generation_score": 49.2791,
    "impact_score": 39.5958,
    "impervious_pct": 48.8,
    "land_ownership": 0.5,
    "lat": 35.5787,
    "litter_complaint_density": 0.0,
    "lon": -80.8615,
    "npdes_points": 0,
    "pixel_col": 625.0,
    "pixel_row": 986.0,
    "population_density": 535.0,
    "position_along": 0.5,
    "protected_area_score": 0.0,
    "rank": 16,
    "river_name": null,
    "road_access_m": 120.8,
    "road_access_score": 1.0,
    "road_density_km_km2": 6.984,
    "robustness_pct": 1.5,
    "runoff_coeff_C": 0.4892,
    "seasonal_cv": 0.4237,
    "segment_id": 28,
    "segment_length_m": 1389.7938,
    "stream_order": 1,
    "superfund_score": 0.0,
    "tourism_amenity_density": 2.4669,
    "tri_facility_density": 0.0,
    "usgs_mean_q_cfs": 2.05,
    "velocity_feasibility": 0.7,
    "water_intake_score": 0.0
   },
   "type": "Feature"
  },
  {
   "geometry": {
    "coordinates": [
     -80.863901,
     35.606609
    ],
    "type": "Point"
   },
   "properties": {
    "accumulation": 38672.0,
    "bank_slope_deg": 1.28,
    "bank_slope_score": 1.0,
    "beach_dist_km": 320.42,
    "bridge_proximity_bonus": 0.0,
    "catchment_area_km2": 3.8591,
    "channel_width_m": 5.46,
    "channel_width_score": 1.0,
    "composite_score": 40.7175,
    "cso_density": 0.0,
    "dem_lat": 35.606579,
    "dem_lon": -80.863908,
    "ej_index": 0.4969,
    "elevation_m": 234.5397,
    "estuary_dist_km": 441.03,
    "feasibility_score": 66.2338,
    "flood_q10_cfs": 911.29,
    "flow_score": 13.2774,
    "flow_velocity_ms": 0.1144,
    "generation_score": 36.4352,
    "impact_score": 55.1085,
    "impervious_pct": 32.66,
    "land_ownership": 0.5,
    "lat": 35.6066,
    "litter_complaint_density": 0.0,
    "lon": -80.8639,
    "npdes_points": 1,
    "pixel_col": 600.0,
    "pixel_row": 674.0,
    "population_density": 499.7,
    "position_along": 0.5,
    "protected_area_score": 0.0,
    "rank": 17,
    "river_name": "Byers Creek",
    "road_access_m": 161.2,
    "road_access_score": 1.0,
    "road_density_km_km2": 3.634,
    "robustness_pct": 0.0,
    "runoff_coeff_C": 0.3439,
    "seasonal_cv": 0.4226,
    "segment_id": 16,
    "segment_length_m": 2402.7029,
    "snap_dist_m": 3.4,
    "stream_order": 1,
    "superfund_score": 0.0,
    "tourism_amenity_density": 3.8197,
    "tri_facility_density": 0.0,
    "usgs_mean_q_cfs": 0.83,
    "velocity_feasibility": 0.7,
    "water_intake_score": 0.0
   },
   "type": "Feature"
  },
  {
   "geometry": {
    "coordinates": [
     -80.779767,
     35.539881
    ],
    "type": "Point"
   },
   "properties": {
    "accumulation": 70089.0,
    "bank_slope_deg": 3.25,
    "bank_slope_score": 1.0,
    "beach_dist_km": 310.24,
    "bridge_proximity_bonus": 0.0,
    "catchment_area_km2": 6.9942,
    "channel_width_m": 6.99,
    "channel_width_score": 1.0,
    "composite_score": 40.0782,
    "cso_density": 0.0,
    "dem_lat": 35.539845,
    "dem_lon": -80.779977,
    "ej_index": 0.2692,
    "elevation_m": 221.1778,
    "estuary_dist_km": 432.67,
    "feasibility_score": 66.2338,
    "flood_q10_cfs": 958.02,
    "flow_score": 29.8133,
    "flow_velocity_ms": 0.1192,
    "generation_score": 23.383,
    "impact_score": 52.2496,
    "impervious_pct": 9.91,
    "land_ownership": 0.5,
    "lat": 35.5398,
    "litter_complaint_density": 0.0,
    "lon": -80.78,
    "npdes_points": 0,
    "pixel_col": 1366.0,
    "pixel_row": 1416.0,
    "population_density": 478.5,
    "position_along": 0.625,
    "protected_area_score": 0.0,
    "rank": 18,
    "river_name": "Rocky River",
    "road_access_m": 88.6,
    "road_access_score": 1.0,
    "road_density_km_km2": 4.468,
    "robustness_pct": 0.0,
    "runoff_coeff_C": 0.1392,
    "seasonal_cv": 0.433,
    "segment_id": 32,
    "segment_length_m": 6505.9298,
    "snap_dist_m": 19.5,
    "stream_order": 3,
    "superfund_score": 0.0,
    "tourism_amenity_density": 1.0345,
    "tri_facility_density": 0.0,
    "usgs_mean_q_cfs": 4.655,
    "velocity_feasibility": 0.7,
    "water_intake_score": 0.0
   },
   "type": "Feature"
  },
  {
   "geometry": {
    "coordinates": [
     -80.797698,
     35.552188
    ],
    "type": "Point"
   },
   "properties": {
    "accumulation": 28248.0,
    "bank_slope_deg": 4.53,
    "bank_slope_score": 1.0,
    "beach_dist_km": 312.3,
    "bridge_proximity_bonus": 0.0,
    "catchment_area_km2": 2.8189,
    "channel_width_m": 4.8,
    "channel_width_score": 1.0,
    "composite_score": 39.9063,
    "cso_density": 0.0,
    "dem_lat": 35.552188,
    "dem_lon": -80.797697,
    "ej_index": 0.2788,
    "elevation_m": 229.6324,
    "estuary_dist_km": 434.41,
    "feasibility_score": 66.2338,
    "flood_q10_cfs": 526.81,
    "flow_score": 22.655,
    "flow_velocity_ms": 0.1137,
    "generation_score": 30.8725,
    "impact_score": 50.1526,
    "impervious_pct": 14.87,
    "land_ownership": 0.5,
    "lat": 35.5522,
    "litter_complaint_density": 0.0,
    "lon": -80.7977,
    "npdes_points": 0,
    "pixel_col": 1203.0,
    "pixel_row": 1279.0,
    "population_density": 536.5,
    "position_along": 0.5,
    "protected_area_score": 0.0,
    "rank": 19,
    "river_name": "Dye Creek",
    "road_access_m": 87.6,
    "road_access_score": 1.0,
    "road_density_km_km2": 6.603,
    "robustness_pct": 0.0,
    "runoff_coeff_C": 0.1838,
    "seasonal_cv": 0.4223,
    "segment_id": 36,
    "segment_length_m": 1997.7359,
    "snap_dist_m": 0.1,
    "stream_order": 3,
    "superfund_score": 0.0,
    "tourism_amenity_density": 1.6711,
    "tri_facility_density": 0.0,
    "usgs_mean_q_cfs": 1.73,
    "velocity_feasibility": 0.7,
    "water_intake_score": 0.0
   },
   "type": "Feature"
  },
  {
   "geometry": {
    "coordinates": [
     -80.830501,
     35.594008
    ],
    "type": "Point"
   },
   "properties": {
    "accumulation": 29874.0,
    "bank_slope_deg": 0.6,
    "bank_slope_score": 1.0,
    "beach_dist_km": 317.13,
    "bridge_proximity_bonus": 0.0,
    "catchment_area_km2": 2.9812,
    "channel_width_m": 4.91,
    "channel_width_score": 1.0,
    "composite_score": 39.1161,
    "cso_density": 0.0,
    "dem_lat": 35.593884,
    "dem_lon": -80.831006,
    "ej_index": 0.3359,
    "elevation_m": 245.5105,
    "estuary_dist_km": 437.91,
    "feasibility_score": 53.2468,
    "flood_q10_cfs": 534.8,
    "flow_score": 22.7373,
    "flow_velocity_ms": 0.1128,
    "generation_score": 42.5041,
    "impact_score": 42.3117,
    "impervious_pct": 13.32,
    "land_ownership": 0.5,
    "lat": 35.5939,
    "litter_complaint_density": 0.0,
    "lon": -80.831,
    "npdes_points": 1,
    "pixel_col": 902.0,
    "pixel_row": 817.0,
    "population_density": 478.5,
    "position_along": 0.5,
    "protected_area_score": 0.0,
    "rank": 20,
    "river_name": "Reeds Creek",
    "road_access_m": 252.0,
    "road_access_score": 0.8,
    "road_density_km_km2": 4.656,
    "robustness_pct": 0.0,
    "runoff_coeff_C": 0.1699,
    "seasonal_cv": 0.4214,
    "segment_id": 19,
    "segment_length_m": 1832.7614,
    "snap_dist_m": 47.7,
    "stream_order": 3,
    "superfund_score": 0.0,
    "tourism_amenity_density": 1.2732,
    "tri_facility_density": 0.3354,
    "usgs_mean_q_cfs": 1.866,
    "velocity_feasibility": 0.7,
    "water_intake_score": 0.0
   },
   "type": "Feature"
  },
  {
   "geometry": {
    "coordinates": [
     -80.781879,
     35.513526
    ],
    "type": "Point"
   },
   "properties": {
    "accumulation": 243961.0,
    "bank_slope_deg": 7.38,
    "bank_slope_score": 1.0,
    "beach_dist_km": 309.05,
    "bridge_proximity_bonus": 0.0,
    "catchment_area_km2": 24.3451,
    "channel_width_m": 11.74,
    "channel_width_score": 1.0,
    "composite_score": 38.9393,
    "cso_density": 0.0,
    "dem_lat": 35.513528,
    "dem_lon": -80.78182,
    "ej_index": 0.1827,
    "elevation_m": 207.9768,
    "estuary_dist_km": 432.55,
    "feasibility_score": 53.2468,
    "flood_q10_cfs": 1995.51,
    "flow_score": 50.4696,
    "flow_velocity_ms": 0.0565,
    "generation_score": 17.1788,
    "impact_score": 43.9377,
    "impervious_pct": 12.7,
    "land_ownership": 0.5,
    "lat": 35.5135,
    "litter_complaint_density": 0.0,
    "lon": -80.7818,
    "npdes_points": 2,
    "pixel_col": 1349.0,
    "pixel_row": 1708.0,
    "population_density": 176.3,
    "position_along": 0.5,
    "protected_area_score": 0.0,
    "rank": 21,
    "river_name": "Rocky River",
    "road_access_m": 204.7,
    "road_access_score": 0.8,
    "road_density_km_km2": 1.961,
    "robustness_pct": 0.0,
    "runoff_coeff_C": 0.1643,
    "seasonal_cv": 0.4528,
    "segment_id": 38,
    "segment_length_m": 2309.9573,
    "snap_dist_m": 5.4,
    "stream_order": 3,
    "superfund_score": 0.0,
    "tourism_amenity_density": 0.1592,
    "tri_facility_density": 0.0,
    "usgs_mean_q_cfs": 11.301,
    "velocity_feasibility": 0.7,
    "water_intake_score": 0.0
   },
   "type": "Feature"
  },
  {
   "geometry": {
    "coordinates": [
     -80.782869,
     35.526681
    ],
    "type": "Point"
   },
   "properties": {
    "accumulation": 122902.0,
    "bank_slope_deg": 2.68,
    "bank_slope_score": 1.0,
    "beach_dist_km": 309.8,
    "bridge_proximity_bonus": 0.0,
    "catchment_area_km2": 12.2645,
    "channel_width_m": 8.83,
    "channel_width_score": 1.0,
    "composite_score": 38.8682,
    "cso_density": 0.0,
    "dem_lat": 35.526671,
    "dem_lon": -80.782887,
    "ej_index": 0.2155,
    "elevation_m": 215.0029,
    "estuary_dist_km": 432.79,
    "feasibility_score": 53.2468,
    "flood_q10_cfs": 1440.53,
    "flow_score": 38.1009,
    "flow_velocity_ms": 0.1275,
    "generation_score": 26.4426,
    "impact_score": 44.7438,
    "impervious_pct": 16.6,
    "land_ownership": 0.5,
    "lat": 35.5267,
    "litter_complaint_density": 0.0,
    "lon": -80.7829,
    "npdes_points": 3,
    "pixel_col": 1339.0,
    "pixel_row": 1562.0,
    "population_density": 296.7,
    "position_along": 0.75,
    "protected_area_score": 0.0,
    "rank": 22,
    "river_name": "Dye Creek",
    "road_access_m": 458.1,
    "road_access_score": 0.8,
    "road_density_km_km2": 3.395,
    "robustness_pct": 0.0,
    "runoff_coeff_C": 0.1994,
    "seasonal_cv": 0.4388,
    "segment_id": 37,
    "segment_length_m": 3473.5413,
    "snap_dist_m": 2.0,
    "stream_order": 3,
    "superfund_score": 0.0,
    "tourism_amenity_density": 0.0,
    "tri_facility_density": 0.0,
    "usgs_mean_q_cfs": 6.054,
    "velocity_feasibility": 0.7,
    "water_intake_score": 0.0
   },
   "type": "Feature"
  },
  {
   "geometry": {
    "coordinates": [
     -80.760913,
     35.625275
    ],
    "type": "Point"
   },
   "properties": {
    "accumulation": 174673.0,
    "bank_slope_deg": 9.3,
    "bank_slope_score": 1.0,
    "beach_dist_km": 313.26,
    "bridge_proximity_bonus": 0.0,
    "catchment_area_km2": 17.4308,
    "channel_width_m": 10.22,
    "channel_width_score": 1.0,
    "composite_score": 38.7174,
    "cso_density": 0.0,
    "dem_lat": 35.625384,
    "dem_lon": -80.76092,
    "ej_index": 0.2763,
    "elevation_m": 229.5282,
    "estuary_dist_km": 432.04,
    "feasibility_score": 40.2597,
    "flood_q10_cfs": 1713.82,
    "flow_score": 44.4662,
    "flow_velocity_ms": 0.135,
    "generation_score": 24.9265,
    "impact_score": 46.9466,
    "impervious_pct": 15.08,
    "land_ownership": 0.5,
    "lat": 35.6254,
    "litter_complaint_density": 0.0,
    "lon": -80.7609,
    "npdes_points": 6,
    "pixel_col": 1537.0,
    "pixel_row": 464.0,
    "population_density": 125.1,
    "position_along": 0.5,
    "protected_area_score": 0.0,
    "rank": 23,
    "river_name": "Back Creek",
    "road_access_m": 759.9,
    "road_access_score": 0.6,
    "road_density_km_km2": 2.004,
    "robustness_pct": 0.0,
    "runoff_coeff_C": 0.1857,
    "seasonal_cv": 0.4405,
    "segment_id": 23,
    "segment_length_m": 506.7486,
    "snap_dist_m": 12.1,
    "stream_order": 3,
    "superfund_score": 0.0,
    "tourism_amenity_density": 0.0,
    "tri_facility_density": 0.0,
    "usgs_mean_q_cfs": 8.086,
    "velocity_feasibility": 0.7,
    "water_intake_score": 0.0
   },
   "type": "Feature"
  },
  {
   "geometry": {
    "coordinates": [
     -80.7466,
     35.517104
    ],
    "type": "Point"
   },
   "properties": {
    "accumulation": 280683.0,
    "bank_slope_deg": 6.76,
    "bank_slope_score": 1.0,
    "beach_dist_km": 306.39,
    "bridge_proximity_bonus": 0.0,
    "catchment_area_km2": 28.0096,
    "channel_width_m": 12.44,
    "channel_width_score": 1.0,
    "composite_score": 38.5345,
    "cso_density": 0.0,
    "dem_lat": 35.517112,
    "dem_lon": -80.746585,
    "ej_index": 0.2707,
    "elevation_m": 205.5027,
    "estuary_dist_km": 429.41,
    "feasibility_score": 40.2597,
    "flood_q10_cfs": 1874.23,
    "flow_score": 54.8195,
    "flow_velocity_ms": 0.1875,
    "generation_score": 4.3952,
    "impact_score": 58.2405,
    "impervious_pct": 2.54,
    "land_ownership": 0.5,
    "lat": 35.5171,
    "litter_complaint_density": 0.0,
    "lon": -80.7466,
    "npdes_points": 0,
    "pixel_col": 1669.0,
    "pixel_row": 1667.0,
    "population_density": 102.7,
    "position_along": 0.5,
    "protected_area_score": 0.0,
    "rank": 24,
    "river_name": "Coddle Creek",
    "road_access_m": 797.1,
    "road_access_score": 0.6,
    "road_density_km_km2": 0.859,
    "robustness_pct": 2.5,
    "runoff_coeff_C": 0.0729,
    "seasonal_cv": 0.4537,
    "segment_id": 51,
    "segment_length_m": 1762.2465,
    "snap_dist_m": 1.6,
    "stream_order": 3,
    "superfund_score": 0.0,
    "tourism_amenity_density": 0.0,
    "tri_facility_density": 0.0,
    "usgs_mean_q_cfs": 12.804,
    "velocity_feasibility": 0.7,
    "water_intake_score": 0.0
   },
   "type": "Feature"
  },
  {
   "geometry": {
    "coordinates": [
     -80.749355,
     35.527937
    ],
    "type": "Point"
   },
   "properties": {
    "accumulation": 232640.0,
    "bank_slope_deg": 6.88,
    "bank_slope_score": 1.0,
    "beach_dist_km": 307.18,
    "bridge_proximity_bonus": 0.0,
    "catchment_area_km2": 23.2154,
    "channel_width_m": 11.51,
    "channel_width_score": 1.0,
    "composite_score": 38.1762,
    "cso_density": 0.0,
    "dem_lat": 35.52793,
    "dem_lon": -80.749497,
    "ej_index": 0.2569,
    "elevation_m": 207.8441,
    "estuary_dist_km": 429.8,
    "feasibility_score": 53.2468,
    "flood_q10_cfs": 1697.32,
    "flow_score": 47.0942,
    "flow_velocity_ms": 0.1022,
    "generation_score": 5.7142,
    "impact_score": 55.6711,
    "impervious_pct": 2.89,
    "land_ownership": 0.5,
    "lat": 35.5279,
    "litter_complaint_density": 0.0,
    "lon": -80.7495,
    "npdes_points": 0,
    "pixel_col": 1642.0,
    "pixel_row": 1547.0,
    "population_density": 128.7,
    "position_along": 0.5,
    "protected_area_score": 0.0,
    "rank": 25,
    "river_name": "Coddle Creek",
    "road_access_m": 410.0,
    "road_access_score": 0.8,
    "road_density_km_km2": 1.164,
    "robustness_pct": 0.0,
    "runoff_coeff_C": 0.076,
    "seasonal_cv": 0.4495,
    "segment_id": 46,
    "segment_length_m": 1088.9817,
    "snap_dist_m": 12.9,
    "stream_order": 3,
    "superfund_score": 0.0,
    "tourism_amenity_density": 0.0,
    "tri_facility_density": 0.0,
    "usgs_mean_q_cfs": 10.639,
    "velocity_feasibility": 0.7,
    "water_intake_score": 0.0
   },
   "type": "Feature"
  },
  {
   "geometry": {
    "coordinates": [
     -80.782212,
     35.618229
    ],
    "type": "Point"
   },
   "properties": {
    "accumulation": 29188.0,
    "bank_slope_deg": 4.06,
    "bank_slope_score": 1.0,
    "beach_dist_km": 314.55,
    "bridge_proximity_bonus": 0.0,
    "catchment_area_km2": 2.9127,
    "channel_width_m": 4.86,
    "channel_width_score": 1.0,
    "composite_score": 37.9368,
    "cso_density": 0.0,
    "ej_index": 0.2231,
    "elevation_m": 238.6723,
    "estuary_dist_km": 433.85,
    "feasibility_score": 53.2468,
    "flood_q10_cfs": 542.24,
    "flow_score": 22.3015,
    "flow_velocity_ms": 0.0908,
    "generation_score": 40.5825,
    "impact_score": 40.6656,
    "impervious_pct": 15.11,
    "land_ownership": 0.5,
    "lat": 35.6182,
    "litter_complaint_density": 0.0,
    "lon": -80.7822,
    "npdes_points": 4,
    "pixel_col": 1344.0,
    "pixel_row": 544.0,
    "population_density": 216.6,
    "position_along": 0.5,
    "protected_area_score": 0.0,
    "rank": 26,
    "river_name": "Back Creek",
    "road_access_m": 259.8,
    "road_access_score": 0.8,
    "road_density_km_km2": 3.098,
    "robustness_pct": 0.0,
    "runoff_coeff_C": 0.186,
    "seasonal_cv": 0.4225,
    "segment_id": 14,
    "segment_length_m": 771.7403,
    "stream_order": 3,
    "superfund_score": 0.0,
    "tourism_amenity_density": 0.6366,
    "tri_facility_density": 0.3433,
    "usgs_mean_q_cfs": 1.726,
    "velocity_feasibility": 0.7,
    "water_intake_score": 0.0
   },
   "type": "Feature"
  },
  {
   "geometry": {
    "coordinates": [
     -80.859396,
     35.514108
    ],
    "type": "Point"
   },
   "properties": {
    "accumulation": 41268.0,
    "bank_slope_deg": 0.0,
    "bank_slope_score": 1.0,
    "beach_dist_km": 315.35,
    "bridge_proximity_bonus": 0.0,
    "catchment_area_km2": 4.1182,
    "channel_width_m": 5.61,
    "channel_width_score": 1.0,
    "composite_score": 37.4498,
    "cso_density": 0.0,
    "dem_lat": 35.514211,
    "dem_lon": -80.859485,
    "ej_index": 0.3299,
    "elevation_m": 230.4963,
    "estuary_dist_km": 439.56,
    "feasibility_score": 32.4675,
    "flood_q10_cfs": 628.26,
    "flow_score": 22.1455,
    "flow_velocity_ms": 0.0389,
    "generation_score": 43.2327,
    "impact_score": 46.9116,
    "impervious_pct": 8.61,
    "land_ownership": 0.5,
    "lat": 35.5142,
    "litter_complaint_density": 0.0,
    "lon": -80.8595,
    "npdes_points": 1,
    "pixel_col": 642.0,
    "pixel_row": 1702.0,
    "population_density": 397.8,
    "position_along": 0.5,
    "protected_area_score": 0.0,
    "rank": 27,
    "river_name": "Davidson Creek",
    "road_access_m": 489.4,
    "road_access_score": 0.8,
    "road_density_km_km2": 3.684,
    "robustness_pct": 0.0,
    "runoff_coeff_C": 0.1275,
    "seasonal_cv": 0.4392,
    "segment_id": 56,
    "segment_length_m": 1299.7156,
    "snap_dist_m": 14.0,
    "stream_order": 3,
    "superfund_score": 0.0,
    "tourism_amenity_density": 2.9444,
    "tri_facility_density": 0.4857,
    "usgs_mean_q_cfs": 2.591,
    "velocity_feasibility": 0.3,
    "water_intake_score": 0.0
   },
   "type": "Feature"
  },
  {
   "geometry": {
    "coordinates": [
     -80.81595,
     35.520247
    ],
    "type": "Point"
   },
   "properties": {
    "accumulation": 141772.0,
    "bank_slope_deg": 2.79,
    "bank_slope_score": 1.0,
    "beach_dist_km": 312.15,
    "bridge_proximity_bonus": 0.0,
    "catchment_area_km2": 14.1476,
    "channel_width_m": 9.37,
    "channel_width_score": 1.0,
    "composite_score": 37.3805,
    "cso_density": 0.0,
    "dem_lat": 35.520232,
    "dem_lon": -80.816066,
    "ej_index": 0.2414,
    "elevation_m": 210.236,
    "estuary_dist_km": 435.71,
    "feasibility_score": 66.2338,
    "flood_q10_cfs": 1398.11,
    "flow_score": 37.8414,
    "flow_velocity_ms": 0.1415,
    "generation_score": 17.703,
    "impact_score": 42.2474,
    "impervious_pct": 8.71,
    "land_ownership": 0.5,
    "lat": 35.5202,
    "litter_complaint_density": 0.0,
    "lon": -80.8161,
    "npdes_points": 3,
    "pixel_col": 1038.0,
    "pixel_row": 1634.0,
    "population_density": 173.2,
    "position_along": 0.5,
    "protected_area_score": 0.0,
    "rank": 28,
    "river_name": "West Branch Rocky River",
    "road_access_m": 164.6,
    "road_access_score": 1.0,
    "road_density_km_km2": 2.44,
    "robustness_pct": 0.0,
    "runoff_coeff_C": 0.1284,
    "seasonal_cv": 0.4394,
    "segment_id": 54,
    "segment_length_m": 118.1606,
    "snap_dist_m": 10.6,
    "stream_order": 3,
    "superfund_score": 0.0,
    "tourism_amenity_density": 0.7958,
    "tri_facility_density": 0.0,
    "usgs_mean_q_cfs": 5.592,
    "velocity_feasibility": 0.7,
    "water_intake_score": 0.0
   },
   "type": "Feature"
  },
  {
   "geometry": {
    "coordinates": [
     -80.816058,
     35.520804
    ],
    "type": "Point"
   },
   "properties": {
    "accumulation": 141745.0,
    "bank_slope_deg": 3.75,
    "bank_slope_score": 1.0,
    "beach_dist_km": 312.17,
    "bridge_proximity_bonus": 0.0,
    "catchment_area_km2": 14.1449,
    "channel_width_m": 9.37,
    "channel_width_score": 1.0,
    "composite_score": 37.0244,
    "cso_density": 0.0,
    "dem_lat": 35.520817,
    "dem_lon": -80.815955,
    "ej_index": 0.243,
    "elevation_m": 209.9992,
    "estuary_dist_km": 435.7,
    "feasibility_score": 66.2338,
    "flood_q10_cfs": 1416.83,
    "flow_score": 35.5822,
    "flow_velocity_ms": 0.0509,
    "generation_score": 18.279,
    "impact_score": 42.3669,
    "impervious_pct": 9.68,
    "land_ownership": 0.5,
    "lat": 35.5208,
    "litter_complaint_density": 0.0,
    "lon": -80.816,
    "npdes_points": 3,
    "pixel_col": 1037.0,
    "pixel_row": 1628.0,
    "population_density": 173.4,
    "position_along": 0.5,
    "protected_area_score": 0.0,
    "rank": 29,
    "river_name": "West Branch Rocky River",
    "road_access_m": 171.5,
    "road_access_score": 1.0,
    "road_density_km_km2": 2.478,
    "robustness_pct": 0.0,
    "runoff_coeff_C": 0.1371,
    "seasonal_cv": 0.4371,
    "segment_id": 53,
    "segment_length_m": 48.2338,
    "snap_dist_m": 9.5,
    "stream_order": 3,
    "superfund_score": 0.0,
    "tourism_amenity_density": 0.7958,
    "tri_facility_density": 0.0,
    "usgs_mean_q_cfs": 5.029,
    "velocity_feasibility": 0.7,
    "water_intake_score": 0.0
   },
   "type": "Feature"
  },
  {
   "geometry": {
    "coordinates": [
     -80.735197,
     35.643798
    ],
    "type": "Point"
   },
   "properties": {
    "accumulation": 302503.0,
    "bank_slope_deg": 5.26,
    "bank_slope_score": 1.0,
    "beach_dist_km": 312.26,
    "bridge_proximity_bonus": 0.0,
    "catchment_area_km2": 30.1871,
    "channel_width_m": 12.83,
    "channel_width_score": 1.0,
    "composite_score": 36.8561,
    "cso_density": 0.0,
    "dem_lat": 35.643955,
    "dem_lon": -80.735256,
    "ej_index": 0.3276,
    "elevation_m": 222.5101,
    "estuary_dist_km": 430.0,
    "feasibility_score": 20.7792,
    "flood_q10_cfs": 2130.36,
    "flow_score": 58.8273,
    "flow_velocity_ms": 0.1481,
    "generation_score": 8.0941,
    "impact_score": 55.3472,
    "impervious_pct": 8.81,
    "land_ownership": 0.5,
    "lat": 35.644,
    "litter_complaint_density": 0.0,
    "lon": -80.7353,
    "npdes_points": 1,
    "pixel_col": 1769.0,
    "pixel_row": 257.0,
    "population_density": 35.0,
    "position_along": 0.75,
    "protected_area_score": 0.0,
    "rank": 30,
    "river_name": "Back Creek",
    "road_access_m": 1190.0,
    "road_access_score": 0.3,
    "road_density_km_km2": 0.954,
    "robustness_pct": 2.5,
    "runoff_coeff_C": 0.1293,
    "seasonal_cv": 0.4542,
    "segment_id": 24,
    "segment_length_m": 4214.0149,
    "snap_dist_m": 18.2,
    "stream_order": 3,
    "superfund_score": 0.0,
    "tourism_amenity_density": 0.0,
    "tri_facility_density": 0.0,
    "usgs_mean_q_cfs": 14.507,
    "velocity_feasibility": 0.7,
    "water_intake_score": 0.0
   },
   "type": "Feature"
  },
  {
   "geometry": {
    "coordinates": [
     -80.810191,
     35.503197
    ],
    "type": "Point"
   },
   "properties": {
    "accumulation": 241564.0,
    "bank_slope_deg": 5.1,
    "bank_slope_score": 1.0,
    "beach_dist_km": 310.81,
    "bridge_proximity_bonus": 0.0,
    "catchment_area_km2": 24.1059,
    "channel_width_m": 11.69,
    "channel_width_score": 1.0,
    "composite_score": 36.8519,
    "cso_density": 0.0,
    "dem_lat": 35.503218,
    "dem_lon": -80.810125,
    "ej_index": 0.1632,
    "elevation_m": 205.079,
    "estuary_dist_km": 434.99,
    "feasibility_score": 53.2468,
    "flood_q10_cfs": 1817.68,
    "flow_score": 50.1884,
    "flow_velocity_ms": 0.151,
    "generation_score": 16.739,
    "impact_score": 37.6535,
    "impervious_pct": 6.34,
    "land_ownership": 0.5,
    "lat": 35.5032,
    "litter_complaint_density": 0.0,
    "lon": -80.8101,
    "npdes_points": 4,
    "pixel_col": 1093.0,
    "pixel_row": 1823.0,
    "population_density": 191.8,
    "position_along": 0.5,
    "protected_area_score": 0.0,
    "rank": 31,
    "river_name": "West Branch Rocky River",
    "road_access_m": 455.5,
    "road_access_score": 0.8,
    "road_density_km_km2": 1.14,
    "robustness_pct": 0.0,
    "runoff_coeff_C": 0.1071,
    "seasonal_cv": 0.4576,
    "segment_id": 65,
    "segment_length_m": 465.7865,
    "snap_dist_m": 6.4,
    "stream_order": 3,
    "superfund_score": 0.0,
    "tourism_amenity_density": 0.4775,
    "tri_facility_density": 0.0,
    "usgs_mean_q_cfs": 10.993,
    "velocity_feasibility": 0.7,
    "water_intake_score": 0.0
   },
   "type": "Feature"
  },
  {
   "geometry": {
    "coordinates": [
     -80.780921,
     35.553054
    ],
    "type": "Point"
   },
   "properties": {
    "accumulation": 48353.0,
    "bank_slope_deg": 0.88,
    "bank_slope_score": 1.0,
    "beach_dist_km": 311.0,
    "bridge_proximity_bonus": 0.0,
    "catchment_area_km2": 4.8252,
    "channel_width_m": 6.0,
    "channel_width_score": 1.0,
    "composite_score": 36.2819,
    "cso_density": 0.0,
    "dem_lat": 35.553054,
    "dem_lon": -80.780942,
    "ej_index": 0.2519,
    "elevation_m": 228.629,
    "estuary_dist_km": 432.91,
    "feasibility_score": 45.4545,
    "flood_q10_cfs": 757.68,
    "flow_score": 24.2536,
    "flow_velocity_ms": 0.0406,
    "generation_score": 26.6604,
    "impact_score": 51.3407,
    "impervious_pct": 12.49,
    "land_ownership": 0.5,
    "lat": 35.5531,
    "litter_complaint_density": 0.0,
    "lon": -80.7809,
    "npdes_points": 1,
    "pixel_col": 1356.0,
    "pixel_row": 1269.0,
    "population_density": 459.8,
    "position_along": 0.375,
    "protected_area_score": 0.0,
    "rank": 32,
    "river_name": "Rocky River",
    "road_access_m": 139.1,
    "road_access_score": 1.0,
    "road_density_km_km2": 4.753,
    "robustness_pct": 0.0,
    "runoff_coeff_C": 0.1624,
    "seasonal_cv": 0.4261,
    "segment_id": 32,
    "segment_length_m": 6505.9298,
    "snap_dist_m": 1.9,
    "stream_order": 3,
    "superfund_score": 0.0,
    "tourism_amenity_density": 1.512,
    "tri_facility_density": 0.0,
    "usgs_mean_q_cfs": 2.652,
    "velocity_feasibility": 0.3,
    "water_intake_score": 0.0
   },
   "type": "Feature"
  },
  {
   "geometry": {
    "coordinates": [
     -80.81333,
     35.512333
    ],
    "type": "Point"
   },
   "properties": {
    "accumulation": 194139.0,
    "bank_slope_deg": 0.25,
    "bank_slope_score": 1.0,
    "beach_dist_km": 311.55,
    "bridge_proximity_bonus": 0.0,
    "catchment_area_km2": 19.3733,
    "channel_width_m": 10.67,
    "channel_width_score": 1.0,
    "composite_score": 36.0599,
    "cso_density": 0.0,
    "dem_lat": 35.512254,
    "dem_lon": -80.813661,
    "ej_index": 0.196,
    "elevation_m": 208.3339,
    "estuary_dist_km": 435.41,
    "feasibility_score": 53.2468,
    "flood_q10_cfs": 1627.43,
    "flow_score": 43.9335,
    "flow_velocity_ms": 0.092,
    "generation_score": 18.2332,
    "impact_score": 38.732,
    "impervious_pct": 7.1,
    "land_ownership": 0.5,
    "lat": 35.5123,
    "litter_complaint_density": 0.0,
    "lon": -80.8137,
    "npdes_points": 4,
    "pixel_col": 1061.0,
    "pixel_row": 1723.0,
    "population_density": 186.0,
    "position_along": 0.5,
    "protected_area_score": 0.0,
    "rank": 33,
    "river_name": "West Branch Rocky River",
    "road_access_m": 411.9,
    "road_access_score": 0.8,
    "road_density_km_km2": 1.906,
    "robustness_pct": 0.0,
    "runoff_coeff_C": 0.1139,
    "seasonal_cv": 0.4537,
    "segment_id": 55,
    "segment_length_m": 1865.8639,
    "snap_dist_m": 31.3,
    "stream_order": 3,
    "superfund_score": 0.0,
    "tourism_amenity_density": 0.4775,
    "tri_facility_density": 0.0,
    "usgs_mean_q_cfs": 9.66,
    "velocity_feasibility": 0.7,
    "water_intake_score": 0.0
   },
   "type": "Feature"
  },
  {
   "geometry": {
    "coordinates": [
     -80.781736,
     35.566294
    ],
    "type": "Point"
   },
   "properties": {
    "accumulation": 25185.0,
    "bank_slope_deg": 4.02,
    "bank_slope_score": 1.0,
    "beach_dist_km": 311.77,
    "bridge_proximity_bonus": 0.0,
    "catchment_area_km2": 2.5132,
    "channel_width_m": 4.57,
    "channel_width_score": 1.0,
    "composite_score": 35.2254,
    "cso_density": 0.0,
    "dem_lat": 35.566302,
    "dem_lon": -80.781856,
    "ej_index": 0.2561,
    "elevation_m": 235.8596,
    "estuary_dist_km": 433.15,
    "feasibility_score": 53.2468,
    "flood_q10_cfs": 463.45,
    "flow_score": 21.7999,
    "flow_velocity_ms": 0.0855,
    "generation_score": 21.3562,
    "impact_score": 51.2718,
    "impervious_pct": 12.49,
    "land_ownership": 0.5,
    "lat": 35.5663,
    "litter_complaint_density": 0.0,
    "lon": -80.7819,
    "npdes_points": 0,
    "pixel_col": 1348.0,
    "pixel_row": 1122.0,
    "population_density": 453.0,
    "position_along": 0.125,
    "protected_area_score": 0.0,
    "rank": 34,
    "river_name": "Rocky River",
    "road_access_m": 312.0,
    "road_access_score": 0.8,
    "road_density_km_km2": 2.765,
    "robustness_pct": 0.0,
    "runoff_coeff_C": 0.1624,
    "seasonal_cv": 0.4261,
    "segment_id": 32,
    "segment_length_m": 6505.9298,
    "snap_dist_m": 10.9,
    "stream_order": 3,
    "superfund_score": 0.0,
    "tourism_amenity_density": 1.7507,
    "tri_facility_density": 0.0,
    "usgs_mean_q_cfs": 2.652,
    "velocity_feasibility": 0.7,
    "water_intake_score": 0.0
   },
   "type": "Feature"
  },
  {
   "geometry": {
    "coordinates": [
     -80.747339,
     35.540461
    ],
    "type": "Point"
   },
   "properties": {
    "accumulation": 187900.0,
    "bank_slope_deg": 4.29,
    "bank_slope_score": 1.0,
    "beach_dist_km": 307.67,
    "bridge_proximity_bonus": 0.0,
    "catchment_area_km2": 18.7507,
    "channel_width_m": 10.53,
    "channel_width_score": 1.0,
    "composite_score": 34.734,
    "cso_density": 0.0,
    "dem_lat": 35.54045,
    "dem_lon": -80.747402,
    "ej_index": 0.2491,
    "elevation_m": 211.7314,
    "estuary_dist_km": 429.75,
    "feasibility_score": 40.2597,
    "flood_q10_cfs": 1508.15,
    "flow_score": 42.6725,
    "flow_velocity_ms": 0.1289,
    "generation_score": 5.2036,
    "impact_score": 54.886,
    "impervious_pct": 2.9,
    "land_ownership": 0.5,
    "lat": 35.5404,
    "litter_complaint_density": 0.0,
    "lon": -80.7474,
    "npdes_points": 0,
    "pixel_col": 1661.0,
    "pixel_row": 1408.0,
    "population_density": 101.4,
    "position_along": 0.5,
    "protected_area_score": 0.0,
    "rank": 35,
    "river_name": "Coddle Creek",
    "road_access_m": 592.3,
    "road_access_score": 0.6,
    "road_density_km_km2": 1.262,
    "robustness_pct": 0.0,
    "runoff_coeff_C": 0.0761,
    "seasonal_cv": 0.4449,
    "segment_id": 40,
    "segment_length_m": 1882.2933,
    "snap_dist_m": 5.9,
    "stream_order": 3,
    "superfund_score": 0.0,
    "tourism_amenity_density": 0.0796,
    "tri_facility_density": 0.0,
    "usgs_mean_q_cfs": 8.872,
    "velocity_feasibility": 0.7,
    "water_intake_score": 0.0
   },
   "type": "Feature"
  },
  {
   "geometry": {
    "coordinates": [
     -80.827378,
     35.541468
    ],
    "type": "Point"
   },
   "properties": {
    "accumulation": 27210.0,
    "bank_slope_deg": 2.56,
    "bank_slope_score": 1.0,
    "beach_dist_km": 314.13,
    "bridge_proximity_bonus": 0.0,
    "catchment_area_km2": 2.7153,
    "channel_width_m": 4.72,
    "channel_width_score": 1.0,
    "composite_score": 34.4613,
    "cso_density": 0.0,
    "ej_index": 0.281,
    "elevation_m": 221.0593,
    "estuary_dist_km": 436.96,
    "feasibility_score": 66.2338,
    "flood_q10_cfs": 492.9,
    "flow_score": 22.1257,
    "flow_velocity_ms": 0.1148,
    "generation_score": 24.3626,
    "impact_score": 38.9533,
    "impervious_pct": 12.68,
    "land_ownership": 0.5,
    "lat": 35.5415,
    "litter_complaint_density": 0.0,
    "lon": -80.8274,
    "npdes_points": 0,
    "pixel_col": 936.0,
    "pixel_row": 1397.0,
    "population_density": 438.1,
    "position_along": 0.5,
    "protected_area_score": 0.0,
    "rank": 36,
    "river_name": "West Branch Rocky River",
    "road_access_m": 163.1,
    "road_access_score": 1.0,
    "road_density_km_km2": 4.791,
    "robustness_pct": 0.0,
    "runoff_coeff_C": 0.1641,
    "seasonal_cv": 0.4232,
    "segment_id": 43,
    "segment_length_m": 1760.2385,
    "stream_order": 3,
    "superfund_score": 0.0,
    "tourism_amenity_density": 0.1592,
    "tri_facility_density": 0.0,
    "usgs_mean_q_cfs": 1.742,
    "velocity_feasibility": 0.7,
    "water_intake_score": 0.0
   },
   "type": "Feature"
  },
  {
   "geometry": {
    "coordinates": [
     -80.818938,
     35.528441
    ],
    "type": "Point"
   },
   "properties": {
    "accumulation": 95557.0,
    "bank_slope_deg": 3.37,
    "bank_slope_score": 1.0,
    "beach_dist_km": 312.8,
    "bridge_proximity_bonus": 0.0,
    "catchment_area_km2": 9.5357,
    "channel_width_m": 7.95,
    "channel_width_score": 1.0,
    "composite_score": 34.4237,
    "cso_density": 0.0,
    "dem_lat": 35.52841,
    "dem_lon": -80.819023,
    "ej_index": 0.2592,
    "elevation_m": 212.7856,
    "estuary_dist_km": 436.06,
    "feasibility_score": 53.2468,
    "flood_q10_cfs": 1138.84,
    "flow_score": 32.4136,
    "flow_velocity_ms": 0.1089,
    "generation_score": 19.2993,
    "impact_score": 41.8118,
    "impervious_pct": 9.68,
    "land_ownership": 0.5,
    "lat": 35.5284,
    "litter_complaint_density": 0.0,
    "lon": -80.819,
    "npdes_points": 3,
    "pixel_col": 1011.0,
    "pixel_row": 1543.0,
    "population_density": 175.9,
    "position_along": 0.5,
    "protected_area_score": 0.0,
    "rank": 37,
    "river_name": "West Branch Rocky River",
    "road_access_m": 427.1,
    "road_access_score": 0.8,
    "road_density_km_km2": 3.071,
    "robustness_pct": 0.0,
    "runoff_coeff_C": 0.1371,
    "seasonal_cv": 0.4371,
    "segment_id": 44,
    "segment_length_m": 1918.2354,
    "snap_dist_m": 8.4,
    "stream_order": 3,
    "superfund_score": 0.0,
    "tourism_amenity_density": 0.6366,
    "tri_facility_density": 0.0,
    "usgs_mean_q_cfs": 5.029,
    "velocity_feasibility": 0.7,
    "water_intake_score": 0.0
   },
   "type": "Feature"
  },
  {
   "geometry": {
    "coordinates": [
     -80.78569,
     35.503192
    ],
    "type": "Point"
   },
   "properties": {
    "accumulation": 285161.0,
    "bank_slope_deg": 5.81,
    "bank_slope_score": 1.0,
    "beach_dist_km": 308.84,
    "bridge_proximity_bonus": 0.0,
    "catchment_area_km2": 28.4565,
    "channel_width_m": 12.52,
    "channel_width_score": 1.0,
    "composite_score": 33.8383,
    "cso_density": 0.0,
    "dem_lat": 35.503196,
    "dem_lon": -80.785704,
    "ej_index": 0.1624,
    "elevation_m": 205.0396,
    "estuary_dist_km": 432.79,
    "feasibility_score": 20.7792,
    "flood_q10_cfs": 2134.28,
    "flow_score": 54.9741,
    "flow_velocity_ms": 0.0583,
    "generation_score": 14.4019,
    "impact_score": 42.1909,
    "impervious_pct": 11.31,
    "land_ownership": 0.5,
    "lat": 35.5032,
    "litter_complaint_density": 0.0,
    "lon": -80.7857,
    "npdes_points": 2,
    "pixel_col": 1313.0,
    "pixel_row": 1823.0,
    "population_density": 150.9,
    "position_along": 0.5,
    "protected_area_score": 0.0,
    "rank": 38,
    "river_name": "Rocky River",
    "road_access_m": 1085.0,
    "road_access_score": 0.3,
    "road_density_km_km2": 1.083,
    "robustness_pct": 0.0,
    "runoff_coeff_C": 0.1518,
    "seasonal_cv": 0.4571,
    "segment_id": 58,
    "segment_length_m": 322.7991,
    "snap_dist_m": 1.4,
    "stream_order": 3,
    "superfund_score": 0.0,
    "tourism_amenity_density": 0.1592,
    "tri_facility_density": 0.0,
    "usgs_mean_q_cfs": 13.185,
    "velocity_feasibility": 0.7,
    "water_intake_score": 0.0
   },
   "type": "Feature"
  },
  {
   "geometry": {
    "coordinates": [
     -80.77819,
     35.52687
    ],
    "type": "Point"
   },
   "properties": {
    "accumulation": 93187.0,
    "bank_slope_deg": 2.75,
    "bank_slope_score": 1.0,
    "beach_dist_km": 309.45,
    "bridge_proximity_bonus": 0.0,
    "catchment_area_km2": 9.2992,
    "channel_width_m": 7.87,
    "channel_width_score": 1.0,
    "composite_score": 33.6812,
    "cso_density": 0.0,
    "dem_lat": 35.526969,
    "dem_lon": -80.778317,
    "ej_index": 0.2116,
    "elevation_m": 214.9053,
    "estuary_dist_km": 432.38,
    "feasibility_score": 45.4545,
    "flood_q10_cfs": 1126.68,
    "flow_score": 30.6496,
    "flow_velocity_ms": 0.0464,
    "generation_score": 18.5184,
    "impact_score": 45.4836,
    "impervious_pct": 9.91,
    "land_ownership": 0.5,
    "lat": 35.527,
    "litter_complaint_density": 0.0,
    "lon": -80.7783,
    "npdes_points": 1,
    "pixel_col": 1378.0,
    "pixel_row": 1559.0,
    "population_density": 306.3,
    "position_along": 0.875,
    "protected_area_score": 0.0,
    "rank": 39,
    "river_name": "Rocky River",
    "road_access_m": 127.1,
    "road_access_score": 1.0,
    "road_density_km_km2": 2.9,
    "robustness_pct": 0.0,
    "runoff_coeff_C": 0.1392,
    "seasonal_cv": 0.433,
    "segment_id": 32,
    "segment_length_m": 6505.9298,
    "snap_dist_m": 15.9,
    "stream_order": 3,
    "superfund_score": 0.0,
    "tourism_amenity_density": 0.0,
    "tri_facility_density": 0.0,
    "usgs_mean_q_cfs": 4.655,
    "velocity_feasibility": 0.3,
    "water_intake_score": 0.0
   },
   "type": "Feature"
  },
  {
   "geometry": {
    "coordinates": [
     -80.863107,
     35.538011
    ],
    "type": "Point"
   },
   "properties": {
    "accumulation": 20439.0,
    "bank_slope_deg": 0.86,
    "bank_slope_score": 1.0,
    "beach_dist_km": 316.83,
    "bridge_proximity_bonus": 0.0,
    "catchment_area_km2": 2.0396,
    "channel_width_m": 4.19,
    "channel_width_score": 1.0,
    "composite_score": 33.415,
    "cso_density": 0.0,
    "dem_lat": 35.537967,
    "dem_lon": -80.863113,
    "ej_index": 0.3182,
    "elevation_m": 230.1583,
    "estuary_dist_km": 440.14,
    "feasibility_score": 68.8312,
    "flood_q10_cfs": 318.23,
    "flow_score": 26.0,
    "flow_velocity_ms": 0.5,
    "generation_score": 17.9337,
    "impact_score": 37.3674,
    "impervious_pct": null,
    "land_ownership": 0.5,
    "lat": 35.538,
    "litter_complaint_density": 0.0,
    "lon": -80.8631,
    "npdes_points": 1,
    "pixel_col": 608.0,
    "pixel_row": 1436.0,
    "population_density": 266.5,
    "position_along": 0.5,
    "protected_area_score": 0.0,
    "rank": 40,
    "river_name": "Work Creek",
    "road_access_m": 228.7,
    "road_access_score": 0.8,
    "road_density_km_km2": 6.368,
    "robustness_pct": 0.0,
    "runoff_coeff_C": null,
    "seasonal_cv": null,
    "segment_id": 47,
    "segment_length_m": 144.7013,
    "snap_dist_m": 4.9,
    "stream_order": 1,
    "superfund_score": 0.0,
    "tourism_amenity_density": 1.1937,
    "tri_facility_density": 0.0,
    "usgs_mean_q_cfs": null,
    "velocity_feasibility": 1.0,
    "water_intake_score": 0.0
   },
   "type": "Feature"
  },
  {
   "geometry": {
    "coordinates": [
     -80.864561,
     35.51002
    ],
    "type": "Point"
   },
   "properties": {
    "accumulation": 20532.0,
    "bank_slope_deg": 0.0,
    "bank_slope_score": 1.0,
    "beach_dist_km": 315.45,
    "bridge_proximity_bonus": 0.0,
    "catchment_area_km2": 2.0489,
    "channel_width_m": 4.2,
    "channel_width_score": 1.0,
    "composite_score": 33.1037,
    "cso_density": 0.0,
    "dem_lat": 35.509717,
    "dem_lon": -80.863466,
    "ej_index": 0.3635,
    "elevation_m": 230.4963,
    "estuary_dist_km": 439.87,
    "feasibility_score": 32.4675,
    "flood_q10_cfs": 413.58,
    "flow_score": 20.7894,
    "flow_velocity_ms": 0.033,
    "generation_score": 28.966,
    "impact_score": 47.8213,
    "impervious_pct": 14.78,
    "land_ownership": 0.5,
    "lat": 35.5097,
    "litter_complaint_density": 0.0,
    "lon": -80.8635,
    "npdes_points": 0,
    "pixel_col": 605.0,
    "pixel_row": 1747.0,
    "population_density": 578.1,
    "position_along": 0.5,
    "protected_area_score": 0.0,
    "rank": 41,
    "river_name": "Davidson Creek",
    "road_access_m": 238.8,
    "road_access_score": 0.8,
    "road_density_km_km2": 4.817,
    "robustness_pct": 0.0,
    "runoff_coeff_C": 0.183,
    "seasonal_cv": 0.4473,
    "segment_id": 59,
    "segment_length_m": 231.1793,
    "snap_dist_m": 104.8,
    "stream_order": 3,
    "superfund_score": 0.0,
    "tourism_amenity_density": 2.6261,
    "tri_facility_density": 0.0,
    "usgs_mean_q_cfs": 3.67,
    "velocity_feasibility": 0.3,
    "water_intake_score": 0.0
   },
   "type": "Feature"
  },
  {
   "geometry": {
    "coordinates": [
     -80.819371,
     35.546851
    ],
    "type": "Point"
   },
   "properties": {
    "accumulation": 38732.0,
    "bank_slope_deg": 3.66,
    "bank_slope_score": 1.0,
    "beach_dist_km": 313.77,
    "bridge_proximity_bonus": 0.0,
    "catchment_area_km2": 3.8651,
    "channel_width_m": 5.47,
    "channel_width_score": 1.0,
    "composite_score": 32.6948,
    "cso_density": 0.0,
    "dem_lat": 35.546841,
    "dem_lon": -80.819422,
    "ej_index": 0.265,
    "elevation_m": 222.3568,
    "estuary_dist_km": 436.3,
    "feasibility_score": 53.2468,
    "flood_q10_cfs": 607.92,
    "flow_score": 24.297,
    "flow_velocity_ms": 0.1291,
    "generation_score": 20.461,
    "impact_score": 41.6508,
    "impervious_pct": 9.46,
    "land_ownership": 0.5,
    "lat": 35.5468,
    "litter_complaint_density": 0.0,
    "lon": -80.8194,
    "npdes_points": 0,
    "pixel_col": 1008.0,
    "pixel_row": 1339.0,
    "population_density": 425.2,
    "position_along": 0.5,
    "protected_area_score": 0.0,
    "rank": 42,
    "river_name": "West Branch Rocky River",
    "road_access_m": 266.4,
    "road_access_score": 0.8,
    "road_density_km_km2": 3.621,
    "robustness_pct": 0.0,
    "runoff_coeff_C": 0.1351,
    "seasonal_cv": 0.4267,
    "segment_id": 41,
    "segment_length_m": 2699.5494,
    "snap_dist_m": 4.7,
    "stream_order": 3,
    "superfund_score": 0.0,
    "tourism_amenity_density": 0.8754,
    "tri_facility_density": 0.0,
    "usgs_mean_q_cfs": 2.698,
    "velocity_feasibility": 0.7,
    "water_intake_score": 0.0
   },
   "type": "Feature"
  },
  {
   "geometry": {
    "coordinates": [
     -80.751378,
     35.550856
    ],
    "type": "Point"
   },
   "properties": {
    "accumulation": 152337.0,
    "bank_slope_deg": 7.17,
    "bank_slope_score": 1.0,
    "beach_dist_km": 308.52,
    "bridge_proximity_bonus": 0.0,
    "catchment_area_km2": 15.2018,
    "channel_width_m": 9.65,
    "channel_width_score": 1.0,
    "composite_score": 32.6233,
    "cso_density": 0.0,
    "dem_lat": 35.550886,
    "dem_lon": -80.751313,
    "ej_index": 0.2066,
    "elevation_m": 214.8682,
    "estuary_dist_km": 430.22,
    "feasibility_score": 40.2597,
    "flood_q10_cfs": 1342.49,
    "flow_score": 36.5418,
    "flow_velocity_ms": 0.0513,
    "generation_score": 8.0077,
    "impact_score": 50.1552,
    "impervious_pct": 2.89,
    "land_ownership": 0.5,
    "lat": 35.5509,
    "litter_complaint_density": 0.0,
    "lon": -80.7513,
    "npdes_points": 1,
    "pixel_col": 1625.0,
    "pixel_row": 1292.0,
    "population_density": 97.3,
    "position_along": 0.5,
    "protected_area_score": 0.0,
    "rank": 43,
    "river_name": "Coddle Creek",
    "road_access_m": 668.6,
    "road_access_score": 0.6,
    "road_density_km_km2": 1.873,
    "robustness_pct": 0.0,
    "runoff_coeff_C": 0.076,
    "seasonal_cv": 0.44,
    "segment_id": 35,
    "segment_length_m": 743.4856,
    "snap_dist_m": 6.7,
    "stream_order": 3,
    "superfund_score": 0.0,
    "tourism_amenity_density": 0.1592,
    "tri_facility_density": 0.0,
    "usgs_mean_q_cfs": 7.156,
    "velocity_feasibility": 0.7,
    "water_intake_score": 0.0
   },
   "type": "Feature"
  },
  {
   "geometry": {
    "coordinates": [
     -80.755692,
     35.561174
    ],
    "type": "Point"
   },
   "properties": {
    "accumulation": 105847.0,
    "bank_slope_deg": 5.16,
    "bank_slope_score": 1.0,
    "beach_dist_km": 309.41,
    "bridge_proximity_bonus": 0.0,
    "catchment_area_km2": 10.5626,
    "channel_width_m": 8.3,
    "channel_width_score": 1.0,
    "composite_score": 32.4978,
    "cso_density": 0.0,
    "dem_lat": 35.561178,
    "dem_lon": -80.755677,
    "ej_index": 0.1716,
    "elevation_m": 219.7209,
    "estuary_dist_km": 430.74,
    "feasibility_score": 53.2468,
    "flood_q10_cfs": 1097.15,
    "flow_score": 33.2429,
    "flow_velocity_ms": 0.1442,
    "generation_score": 8.6671,
    "impact_score": 45.3331,
    "impervious_pct": 2.88,
    "land_ownership": 0.5,
    "lat": 35.5612,
    "litter_complaint_density": 0.0,
    "lon": -80.7557,
    "npdes_points": 1,
    "pixel_col": 1585.0,
    "pixel_row": 1178.0,
    "population_density": 105.1,
    "position_along": 0.75,
    "protected_area_score": 0.0,
    "rank": 44,
    "river_name": "Coddle Creek",
    "road_access_m": 233.6,
    "road_access_score": 0.8,
    "road_density_km_km2": 2.165,
    "robustness_pct": 0.0,
    "runoff_coeff_C": 0.0759,
    "seasonal_cv": 0.4348,
    "segment_id": 31,
    "segment_length_m": 3734.6893,
    "snap_dist_m": 1.5,
    "stream_order": 3,
    "superfund_score": 0.0,
    "tourism_amenity_density": 0.0796,
    "tri_facility_density": 0.0,
    "usgs_mean_q_cfs": 5.541,
    "velocity_feasibility": 0.7,
    "water_intake_score": 0.0
   },
   "type": "Feature"
  },
  {
   "geometry": {
    "coordinates": [
     -80.826212,
     35.521193
    ],
    "type": "Point"
   },
   "properties": {
    "accumulation": 37749.0,
    "bank_slope_deg": 1.66,
    "bank_slope_score": 1.0,
    "beach_dist_km": 313.01,
    "bridge_proximity_bonus": 0.0,
    "catchment_area_km2": 3.767,
    "channel_width_m": 5.41,
    "channel_width_score": 1.0,
    "composite_score": 32.4424,
    "cso_density": 0.0,
    "ej_index": 0.2571,
    "elevation_m": 213.7509,
    "estuary_dist_km": 436.63,
    "feasibility_score": 66.2338,
    "flood_q10_cfs": 553.81,
    "flow_score": 22.1509,
    "flow_velocity_ms": 0.099,
    "generation_score": 16.0693,
    "impact_score": 40.4962,
    "impervious_pct": 5.24,
    "land_ownership": 0.5,
    "lat": 35.5212,
    "litter_complaint_density": 0.0,
    "lon": -80.8262,
    "npdes_points": 3,
    "pixel_col": 947.0,
    "pixel_row": 1623.0,
    "population_density": 124.4,
    "position_along": 0.5,
    "protected_area_score": 0.0,
    "rank": 45,
    "river_name": "West Branch Rocky River",
    "road_access_m": 169.2,
    "road_access_score": 1.0,
    "road_density_km_km2": 3.303,
    "robustness_pct": 0.0,
    "runoff_coeff_C": 0.0972,
    "seasonal_cv": 0.4255,
    "segment_id": 49,
    "segment_length_m": 2136.7073,
    "stream_order": 3,
    "superfund_score": 0.0,
    "tourism_amenity_density": 0.6366,
    "tri_facility_density": 0.0,
    "usgs_mean_q_cfs": 2.073,
    "velocity_feasibility": 0.7,
    "water_intake_score": 0.0
   },
   "type": "Feature"
  },
  {
   "geometry": {
    "coordinates": [
     -80.865205,
     35.631079
    ],
    "type": "Point"
   },
   "properties": {
    "accumulation": 86538.0,
    "bank_slope_deg": 0.48,
    "bank_slope_score": 1.0,
    "beach_dist_km": 321.82,
    "bridge_proximity_bonus": 0.0,
    "catchment_area_km2": 8.6357,
    "channel_width_m": 7.63,
    "channel_width_score": 1.0,
    "composite_score": 31.8127,
    "cso_density": 0.0,
    "dem_lat": 35.631082,
    "dem_lon": -80.865239,
    "ej_index": 0.4324,
    "elevation_m": 230.2821,
    "estuary_dist_km": 441.47,
    "feasibility_score": 66.2338,
    "flood_q10_cfs": 999.94,
    "flow_score": 30.4935,
    "flow_velocity_ms": 0.1147,
    "generation_score": 12.949,
    "impact_score": 34.5652,
    "impervious_pct": 4.24,
    "land_ownership": 0.5,
    "lat": 35.6311,
    "litter_complaint_density": 0.0,
    "lon": -80.8652,
    "npdes_points": 1,
    "pixel_col": 589.0,
    "pixel_row": 404.0,
    "population_density": 169.5,
    "position_along": 0.5,
    "protected_area_score": 0.0,
    "rank": 46,
    "river_name": "Hobbs Creek",
    "road_access_m": 158.2,
    "road_access_score": 1.0,
    "road_density_km_km2": 3.388,
    "robustness_pct": 0.0,
    "runoff_coeff_C": 0.0882,
    "seasonal_cv": 0.4124,
    "segment_id": 10,
    "segment_length_m": 335.2125,
    "snap_dist_m": 3.1,
    "stream_order": 3,
    "superfund_score": 0.0,
    "tourism_amenity_density": 0.0,
    "tri_facility_density": 0.0,
    "usgs_mean_q_cfs": 4.461,
    "velocity_feasibility": 0.7,
    "water_intake_score": 0.0
   },
   "type": "Feature"
  },
  {
   "geometry": {
    "coordinates": [
     -80.736652,
     35.5166
    ],
    "type": "Point"
   },
   "properties": {
    "accumulation": 41821.0,
    "bank_slope_deg": 5.6,
    "bank_slope_score": 1.0,
    "beach_dist_km": 305.58,
    "bridge_proximity_bonus": 0.0,
    "catchment_area_km2": 4.1734,
    "channel_width_m": 5.64,
    "channel_width_score": 1.0,
    "composite_score": 31.3163,
    "cso_density": 0.0,
    "dem_lat": 35.516589,
    "dem_lon": -80.736718,
    "ej_index": 0.3481,
    "elevation_m": 203.9698,
    "estuary_dist_km": 428.52,
    "feasibility_score": 19.4805,
    "flood_q10_cfs": 574.05,
    "flow_score": 29.1808,
    "flow_velocity_ms": 0.038,
    "generation_score": 3.718,
    "impact_score": 66.6121,
    "impervious_pct": 2.88,
    "land_ownership": 0.5,
    "lat": 35.5166,
    "litter_complaint_density": 0.0,
    "lon": -80.7367,
    "npdes_points": 0,
    "pixel_col": 1759.0,
    "pixel_row": 1673.0,
    "population_density": 100.9,
    "position_along": 0.5,
    "protected_area_score": 0.0,
    "rank": 47,
    "river_name": "East Fork",
    "road_access_m": 565.7,
    "road_access_score": 0.6,
    "road_density_km_km2": 0.357,
    "robustness_pct": 0.0,
    "runoff_coeff_C": 0.0759,
    "seasonal_cv": 0.4446,
    "segment_id": 52,
    "segment_length_m": 2013.1613,
    "snap_dist_m": 6.1,
    "stream_order": 3,
    "superfund_score": 0.0,
    "tourism_amenity_density": 0.0,
    "tri_facility_density": 0.0,
    "usgs_mean_q_cfs": 12.388,
    "velocity_feasibility": 0.3,
    "water_intake_score": 0.0
   },
   "type": "Feature"
  },
  {
   "geometry": {
    "coordinates": [
     -80.872539,
     35.508244
    ],
    "type": "Point"
   },
   "properties": {
    "accumulation": 77524.0,
    "bank_slope_deg": 0.0,
    "bank_slope_score": 1.0,
    "beach_dist_km": 316.12,
    "bridge_proximity_bonus": 0.0,
    "catchment_area_km2": 7.7362,
    "channel_width_m": 7.29,
    "channel_width_score": 1.0,
    "composite_score": 31.0556,
    "cso_density": 0.0,
    "ej_index": 0.2189,
    "elevation_m": 229.8501,
    "estuary_dist_km": 440.67,
    "feasibility_score": 32.4675,
    "flood_q10_cfs": 1142.87,
    "flow_score": 35.4796,
    "flow_velocity_ms": 0.0432,
    "generation_score": 24.3287,
    "impact_score": 33.3898,
    "impervious_pct": 15.65,
    "land_ownership": 0.5,
    "lat": 35.5082,
    "litter_complaint_density": 0.0,
    "lon": -80.8725,
    "npdes_points": 1,
    "pixel_col": 524.0,
    "pixel_row": 1768.0,
    "population_density": 469.1,
    "position_along": 0.5,
    "protected_area_score": 0.0,
    "rank": 48,
    "river_name": "Gambles Creek",
    "road_access_m": 306.3,
    "road_access_score": 0.8,
    "road_density_km_km2": 2.141,
    "robustness_pct": 0.0,
    "runoff_coeff_C": 0.1909,
    "seasonal_cv": 0.4821,
    "segment_id": 60,
    "segment_length_m": 2028.2422,
    "stream_order": 3,
    "superfund_score": 0.0,
    "tourism_amenity_density": 2.3077,
    "tri_facility_density": 0.0,
    "usgs_mean_q_cfs": 11.788,
    "velocity_feasibility": 0.3,
    "water_intake_score": 0.0
   },
   "type": "Feature"
  },
  {
   "geometry": {
    "coordinates": [
     -80.866397,
     35.636242
    ],
    "type": "Point"
   },
   "properties": {
    "accumulation": 39750.0,
    "bank_slope_deg": 1.61,
    "bank_slope_score": 1.0,
    "beach_dist_km": 322.19,
    "bridge_proximity_bonus": 0.0,
    "catchment_area_km2": 3.9667,
    "channel_width_m": 5.53,
    "channel_width_score": 1.0,
    "composite_score": 30.6704,
    "cso_density": 0.0,
    "dem_lat": 35.636212,
    "dem_lon": -80.866444,
    "ej_index": 0.4632,
    "elevation_m": 232.4929,
    "estuary_dist_km": 441.65,
    "feasibility_score": 66.2338,
    "flood_q10_cfs": 567.68,
    "flow_score": 22.765,
    "flow_velocity_ms": 0.1037,
    "generation_score": 13.8686,
    "impact_score": 36.2785,
    "impervious_pct": 4.43,
    "land_ownership": 0.5,
    "lat": 35.6362,
    "litter_complaint_density": 0.0,
    "lon": -80.8664,
    "npdes_points": 1,
    "pixel_col": 580.0,
    "pixel_row": 347.0,
    "population_density": 170.1,
    "position_along": 0.5,
    "protected_area_score": 0.0,
    "rank": 49,
    "river_name": "Hobbs Creek",
    "road_access_m": 129.1,
    "road_access_score": 1.0,
    "road_density_km_km2": 3.886,
    "robustness_pct": 0.0,
    "runoff_coeff_C": 0.0899,
    "seasonal_cv": 0.4062,
    "segment_id": 9,
    "segment_length_m": 1051.4475,
    "snap_dist_m": 5.4,
    "stream_order": 3,
    "superfund_score": 0.0,
    "tourism_amenity_density": 0.0,
    "tri_facility_density": 0.0,
    "usgs_mean_q_cfs": 2.061,
    "velocity_feasibility": 0.7,
    "water_intake_score": 0.0
   },
   "type": "Feature"
  },
  {
   "geometry": {
    "coordinates": [
     -80.810988,
     35.661466
    ],
    "type": "Point"
   },
   "properties": {
    "accumulation": 121008.0,
    "bank_slope_deg": 4.16,
    "bank_slope_score": 1.0,
    "beach_dist_km": 319.18,
    "bridge_proximity_bonus": 0.0,
    "catchment_area_km2": 12.0755,
    "channel_width_m": 8.77,
    "channel_width_score": 1.0,
    "composite_score": 30.5421,
    "cso_density": 0.0,
    "dem_lat": 35.661504,
    "dem_lon": -80.811108,
    "ej_index": 0.3119,
    "elevation_m": 235.0843,
    "estuary_dist_km": 437.05,
    "feasibility_score": 53.2468,
    "flood_q10_cfs": 1224.13,
    "flow_score": 36.3152,
    "flow_velocity_ms": 0.1229,
    "generation_score": 9.1914,
    "impact_score": 35.7296,
    "impervious_pct": 5.44,
    "land_ownership": 0.5,
    "lat": 35.6615,
    "litter_complaint_density": 0.0,
    "lon": -80.8111,
    "npdes_points": 1,
    "pixel_col": 1080.0,
    "pixel_row": 61.0,
    "population_density": 112.9,
    "position_along": 0.5,
    "protected_area_score": 0.0,
    "rank": 50,
    "river_name": "Weathers Creek",
    "road_access_m": 222.2,
    "road_access_score": 0.8,
    "road_density_km_km2": 1.538,
    "robustness_pct": 0.0,
    "runoff_coeff_C": 0.099,
    "seasonal_cv": 0.4215,
    "segment_id": 8,
    "segment_length_m": 2397.977,
    "snap_dist_m": 11.6,
    "stream_order": 3,
    "superfund_score": 0.0,
    "tourism_amenity_density": 0.1592,
    "tri_facility_density": 0.0,
    "usgs_mean_q_cfs": 7.15,
    "velocity_feasibility": 0.7,
    "water_intake_score": 0.0
   },
   "type": "Feature"
  },
  {
   "geometry": {
    "coordinates": [
     -80.741153,
     35.541855
    ],
    "type": "Point"
   },
   "properties": {
    "accumulation": 32349.0,
    "bank_slope_deg": 3.91,
    "bank_slope_score": 1.0,
    "beach_dist_km": 307.25,
    "bridge_proximity_bonus": 0.0,
    "catchment_area_km2": 3.2281,
    "channel_width_m": 5.07,
    "channel_width_score": 1.0,
    "composite_score": 30.3737,
    "cso_density": 0.0,
    "dem_lat": 35.541931,
    "dem_lon": -80.741299,
    "ej_index": 0.2964,
    "elevation_m": 213.6889,
    "estuary_dist_km": 429.22,
    "feasibility_score": 53.2468,
    "flood_q10_cfs": 471.63,
    "flow_score": 11.6864,
    "flow_velocity_ms": 0.0805,
    "generation_score": 4.9858,
    "impact_score": 59.8978,
    "impervious_pct": 2.71,
    "land_ownership": 0.5,
    "lat": 35.5419,
    "litter_complaint_density": 0.0,
    "lon": -80.7413,
    "npdes_points": 0,
    "pixel_col": 1716.0,
    "pixel_row": 1392.0,
    "population_density": 85.5,
    "position_along": 0.5,
    "protected_area_score": 0.0,
    "rank": 51,
    "river_name": "East Fork",
    "road_access_m": 401.9,
    "road_access_score": 0.8,
    "road_density_km_km2": 1.432,
    "robustness_pct": 0.0,
    "runoff_coeff_C": 0.0744,
    "seasonal_cv": 0.4356,
    "segment_id": 42,
    "segment_length_m": 2472.9238,
    "snap_dist_m": 15.6,
    "stream_order": 1,
    "superfund_score": 0.0,
    "tourism_amenity_density": 0.0796,
    "tri_facility_density": 0.0,
    "usgs_mean_q_cfs": 8.46,
    "velocity_feasibility": 0.7,
    "water_intake_score": 0.0
   },
   "type": "Feature"
  },
  {
   "geometry": {
    "coordinates": [
     -80.753153,
     35.524947
    ],
    "type": "Point"
   },
   "properties": {
    "accumulation": 32089.0,
    "bank_slope_deg": 4.71,
    "bank_slope_score": 1.0,
    "beach_dist_km": 307.32,
    "bridge_proximity_bonus": 0.0,
    "catchment_area_km2": 3.2022,
    "channel_width_m": 5.06,
    "channel_width_score": 1.0,
    "composite_score": 29.941,
    "cso_density": 0.0,
    "ej_index": 0.1259,
    "elevation_m": 210.6106,
    "estuary_dist_km": 430.09,
    "feasibility_score": 66.2338,
    "flood_q10_cfs": 456.31,
    "flow_score": 21.2939,
    "flow_velocity_ms": 0.1331,
    "generation_score": 4.1308,
    "impact_score": 44.8109,
    "impervious_pct": 1.17,
    "land_ownership": 0.5,
    "lat": 35.5249,
    "litter_complaint_density": 0.0,
    "lon": -80.7532,
    "npdes_points": 0,
    "pixel_col": 1610.0,
    "pixel_row": 1580.0,
    "population_density": 84.3,
    "position_along": 0.5,
    "protected_area_score": 0.0,
    "rank": 52,
    "river_name": "Coddle Creek",
    "road_access_m": 58.3,
    "road_access_score": 1.0,
    "road_density_km_km2": 1.422,
    "robustness_pct": 0.0,
    "runoff_coeff_C": 0.0605,
    "seasonal_cv": 0.4183,
    "segment_id": 50,
    "segment_length_m": 526.4337,
    "stream_order": 3,
    "superfund_score": 0.0,
    "tourism_amenity_density": 0.0,
    "tri_facility_density": 0.0,
    "usgs_mean_q_cfs": 1.626,
    "velocity_feasibility": 0.7,
    "water_intake_score": 0.0
   },
   "type": "Feature"
  },
  {
   "geometry": {
    "coordinates": [
     -80.76761,
     35.573596
    ],
    "type": "Point"
   },
   "properties": {
    "accumulation": 62101.0,
    "bank_slope_deg": 4.19,
    "bank_slope_score": 1.0,
    "beach_dist_km": 311.01,
    "bridge_proximity_bonus": 0.0,
    "catchment_area_km2": 6.1971,
    "channel_width_m": 6.65,
    "channel_width_score": 1.0,
    "composite_score": 29.9208,
    "cso_density": 0.0,
    "dem_lat": 35.57363,
    "dem_lon": -80.767575,
    "ej_index": 0.1562,
    "elevation_m": 227.2263,
    "estuary_dist_km": 431.96,
    "feasibility_score": 53.2468,
    "flood_q10_cfs": 776.82,
    "flow_score": 26.5365,
    "flow_velocity_ms": 0.1326,
    "generation_score": 10.5853,
    "impact_score": 40.4135,
    "impervious_pct": 3.14,
    "land_ownership": 0.5,
    "lat": 35.5736,
    "litter_complaint_density": 0.0,
    "lon": -80.7676,
    "npdes_points": 1,
    "pixel_col": 1478.0,
    "pixel_row": 1040.0,
    "population_density": 179.0,
    "position_along": 0.25,
    "protected_area_score": 0.0,
    "rank": 53,
    "river_name": "Coddle Creek",
    "road_access_m": 251.5,
    "road_access_score": 0.8,
    "road_density_km_km2": 2.138,
    "robustness_pct": 0.0,
    "runoff_coeff_C": 0.0783,
    "seasonal_cv": 0.4262,
    "segment_id": 31,
    "segment_length_m": 3734.6893,
    "snap_dist_m": 4.9,
    "stream_order": 3,
    "superfund_score": 0.0,
    "tourism_amenity_density": 0.0796,
    "tri_facility_density": 0.0,
    "usgs_mean_q_cfs": 3.158,
    "velocity_feasibility": 0.7,
    "water_intake_score": 0.0
   },
   "type": "Feature"
  },
  {
   "geometry": {
    "coordinates": [
     -80.761954,
     35.619575
    ],
    "type": "Point"
   },
   "properties": {
    "accumulation": 32251.0,
    "bank_slope_deg": 2.09,
    "bank_slope_score": 1.0,
    "beach_dist_km": 313.02,
    "bridge_proximity_bonus": 0.0,
    "catchment_area_km2": 3.2184,
    "channel_width_m": 5.07,
    "channel_width_score": 1.0,
    "composite_score": 29.772,
    "cso_density": 0.0,
    "ej_index": 0.2567,
    "elevation_m": 233.7159,
    "estuary_dist_km": 432.05,
    "feasibility_score": 53.2468,
    "flood_q10_cfs": 461.67,
    "flow_score": 20.5434,
    "flow_velocity_ms": 0.084,
    "generation_score": 9.8376,
    "impact_score": 45.6596,
    "impervious_pct": 1.62,
    "land_ownership": 0.5,
    "lat": 35.6196,
    "litter_complaint_density": 0.0,
    "lon": -80.762,
    "npdes_points": 2,
    "pixel_col": 1527.0,
    "pixel_row": 526.0,
    "population_density": 158.3,
    "position_along": 0.5,
    "protected_area_score": 0.0,
    "rank": 54,
    "river_name": "Back Creek",
    "road_access_m": 322.2,
    "road_access_score": 0.8,
    "road_density_km_km2": 1.296,
    "robustness_pct": 0.0,
    "runoff_coeff_C": 0.0646,
    "seasonal_cv": 0.4215,
    "segment_id": 15,
    "segment_length_m": 1690.8999,
    "stream_order": 3,
    "superfund_score": 0.0,
    "tourism_amenity_density": 0.0,
    "tri_facility_density": 0.0,
    "usgs_mean_q_cfs": 2.093,
    "velocity_feasibility": 0.7,
    "water_intake_score": 0.0
   },
   "type": "Feature"
  },
  {
   "geometry": {
    "coordinates": [
     -80.731621,
     35.61055
    ],
    "type": "Point"
   },
   "properties": {
    "accumulation": 31980.0,
    "bank_slope_deg": 0.92,
    "bank_slope_score": 1.0,
    "beach_dist_km": 310.14,
    "bridge_proximity_bonus": 0.0,
    "catchment_area_km2": 3.1913,
    "channel_width_m": 5.05,
    "channel_width_score": 1.0,
    "composite_score": 29.1901,
    "cso_density": 0.0,
    "ej_index": 0.3362,
    "elevation_m": 231.9974,
    "estuary_dist_km": 429.21,
    "feasibility_score": 53.2468,
    "flood_q10_cfs": 463.83,
    "flow_score": 7.0877,
    "flow_velocity_ms": 0.1125,
    "generation_score": 5.1658,
    "impact_score": 59.6046,
    "impervious_pct": 2.25,
    "land_ownership": 0.5,
    "lat": 35.6106,
    "litter_complaint_density": 0.0,
    "lon": -80.7316,
    "npdes_points": 0,
    "pixel_col": 1803.0,
    "pixel_row": 628.0,
    "population_density": 55.0,
    "position_along": 0.5,
    "protected_area_score": 0.0,
    "rank": 55,
    "river_name": "Sills Creek",
    "road_access_m": 391.9,
    "road_access_score": 0.8,
    "road_density_km_km2": 2.159,
    "robustness_pct": 0.0,
    "runoff_coeff_C": 0.0703,
    "seasonal_cv": 0.4193,
    "segment_id": 17,
    "segment_length_m": 1513.512,
    "stream_order": 1,
    "superfund_score": 0.0,
    "tourism_amenity_density": 0.0,
    "tri_facility_density": 0.0,
    "usgs_mean_q_cfs": 1.815,
    "velocity_feasibility": 0.7,
    "water_intake_score": 0.0
   },
   "type": "Feature"
  },
  {
   "geometry": {
    "coordinates": [
     -80.746444,
     35.552761
    ],
    "type": "Point"
   },
   "properties": {
    "accumulation": 24696.0,
    "bank_slope_deg": 1.09,
    "bank_slope_score": 1.0,
    "beach_dist_km": 308.23,
    "bridge_proximity_bonus": 0.0,
    "catchment_area_km2": 2.4644,
    "channel_width_m": 4.54,
    "channel_width_score": 1.0,
    "composite_score": 29.168,
    "cso_density": 0.0,
    "ej_index": 0.1763,
    "elevation_m": 218.3129,
    "estuary_dist_km": 429.81,
    "feasibility_score": 53.2468,
    "flood_q10_cfs": 391.61,
    "flow_score": 19.7296,
    "flow_velocity_ms": 0.1022,
    "generation_score": 5.6719,
    "impact_score": 48.49,
    "impervious_pct": 3.71,
    "land_ownership": 0.5,
    "lat": 35.5528,
    "litter_complaint_density": 0.0,
    "lon": -80.7464,
    "npdes_points": 0,
    "pixel_col": 1668.0,
    "pixel_row": 1271.0,
    "population_density": 72.7,
    "position_along": 0.5,
    "protected_area_score": 0.0,
    "rank": 56,
    "river_name": "Coddle Creek",
    "road_access_m": 372.9,
    "road_access_score": 0.8,
    "road_density_km_km2": 1.727,
    "robustness_pct": 0.0,
    "runoff_coeff_C": 0.0834,
    "seasonal_cv": 0.4171,
    "segment_id": 39,
    "segment_length_m": 1295.0402,
    "stream_order": 3,
    "superfund_score": 0.0,
    "tourism_amenity_density": 0.0796,
    "tri_facility_density": 0.0,
    "usgs_mean_q_cfs": 1.325,
    "velocity_feasibility": 0.7,
    "water_intake_score": 0.0
   },
   "type": "Feature"
  },
  {
   "geometry": {
    "coordinates": [
     -80.750717,
     35.561211
    ],
    "type": "Point"
   },
   "properties": {
    "accumulation": 27650.0,
    "bank_slope_deg": 3.94,
    "bank_slope_score": 1.0,
    "beach_dist_km": 309.02,
    "bridge_proximity_bonus": 0.0,
    "catchment_area_km2": 2.7592,
    "channel_width_m": 4.75,
    "channel_width_score": 1.0,
    "composite_score": 29.0886,
    "cso_density": 0.0,
    "ej_index": 0.1576,
    "elevation_m": 221.4138,
    "estuary_dist_km": 430.29,
    "feasibility_score": 53.2468,
    "flood_q10_cfs": 423.07,
    "flow_score": 19.8484,
    "flow_velocity_ms": 0.085,
    "generation_score": 8.4064,
    "impact_score": 45.3919,
    "impervious_pct": 3.26,
    "land_ownership": 0.5,
    "lat": 35.5612,
    "litter_complaint_density": 0.0,
    "lon": -80.7507,
    "npdes_points": 1,
    "pixel_col": 1630.0,
    "pixel_row": 1178.0,
    "population_density": 88.1,
    "position_along": 0.5,
    "protected_area_score": 0.0,
    "rank": 57,
    "river_name": "Coddle Creek",
    "road_access_m": 274.8,
    "road_access_score": 0.8,
    "road_density_km_km2": 2.14,
    "robustness_pct": 0.0,
    "runoff_coeff_C": 0.0793,
    "seasonal_cv": 0.419,
    "segment_id": 34,
    "segment_length_m": 1976.7528,
    "stream_order": 3,
    "superfund_score": 0.0,
    "tourism_amenity_density": 0.0796,
    "tri_facility_density": 0.0,
    "usgs_mean_q_cfs": 1.582,
    "velocity_feasibility": 0.7,
    "water_intake_score": 0.0
   },
   "type": "Feature"
  },
  {
   "geometry": {
    "coordinates": [
     -80.797227,
     35.655806
    ],
    "type": "Point"
   },
   "properties": {
    "accumulation": 88879.0,
    "bank_slope_deg": 4.21,
    "bank_slope_score": 1.0,
    "beach_dist_km": 317.79,
    "bridge_proximity_bonus": 0.0,
    "catchment_area_km2": 8.8693,
    "channel_width_m": 7.72,
    "channel_width_score": 1.0,
    "composite_score": 28.7954,
    "cso_density": 0.0,
    "dem_lat": 35.655805,
    "dem_lon": -80.797327,
    "ej_index": 0.2852,
    "elevation_m": 235.0763,
    "estuary_dist_km": 435.73,
    "feasibility_score": 66.2338,
    "flood_q10_cfs": 1066.14,
    "flow_score": 18.1036,
    "flow_velocity_ms": 0.1103,
    "generation_score": 9.9364,
    "impact_score": 37.8449,
    "impervious_pct": 7.81,
    "land_ownership": 0.5,
    "lat": 35.6558,
    "litter_complaint_density": 0.0,
    "lon": -80.7973,
    "npdes_points": 1,
    "pixel_col": 1204.0,
    "pixel_row": 124.0,
    "population_density": 103.9,
    "position_along": 0.625,
    "protected_area_score": 0.0,
    "rank": 58,
    "river_name": "South Fork Withrow Creek",
    "road_access_m": 184.3,
    "road_access_score": 1.0,
    "road_density_km_km2": 1.366,
    "robustness_pct": 0.0,
    "runoff_coeff_C": 0.1203,
    "seasonal_cv": 0.4306,
    "segment_id": 13,
    "segment_length_m": 6746.6324,
    "snap_dist_m": 9.1,
    "stream_order": 1,
    "superfund_score": 0.0,
    "tourism_amenity_density": 0.3183,
    "tri_facility_density": 0.0,
    "usgs_mean_q_cfs": 5.762,
    "velocity_feasibility": 0.7,
    "water_intake_score": 0.0
   },
   "type": "Feature"
  },
  {
   "geometry": {
    "coordinates": [
     -80.830482,
     35.6553
    ],
    "type": "Point"
   },
   "properties": {
    "accumulation": 36414.0,
    "bank_slope_deg": 5.02,
    "bank_slope_score": 1.0,
    "beach_dist_km": 320.37,
    "bridge_proximity_bonus": 0.0,
    "catchment_area_km2": 3.6338,
    "channel_width_m": 5.33,
    "channel_width_score": 1.0,
    "composite_score": 28.7571,
    "cso_density": 0.0,
    "dem_lat": 35.655385,
    "dem_lon": -80.830411,
    "ej_index": 0.3652,
    "elevation_m": 240.9816,
    "estuary_dist_km": 438.69,
    "feasibility_score": 53.2468,
    "flood_q10_cfs": 568.03,
    "flow_score": 23.5159,
    "flow_velocity_ms": 0.0758,
    "generation_score": 13.6918,
    "impact_score": 35.9451,
    "impervious_pct": 8.24,
    "land_ownership": 0.5,
    "lat": 35.6554,
    "litter_complaint_density": 0.0,
    "lon": -80.8304,
    "npdes_points": 0,
    "pixel_col": 907.0,
    "pixel_row": 134.0,
    "population_density": 151.7,
    "position_along": 0.5,
    "protected_area_score": 0.0,
    "rank": 59,
    "river_name": "Weathers Creek",
    "road_access_m": 235.5,
    "road_access_score": 0.8,
    "road_density_km_km2": 4.009,
    "robustness_pct": 0.0,
    "runoff_coeff_C": 0.1242,
    "seasonal_cv": 0.4079,
    "segment_id": 1,
    "segment_length_m": 1491.109,
    "snap_dist_m": 11.4,
    "stream_order": 3,
    "superfund_score": 0.0,
    "tourism_amenity_density": 0.1592,
    "tri_facility_density": 0.0,
    "usgs_mean_q_cfs": 3.452,
    "velocity_feasibility": 0.7,
    "water_intake_score": 0.0
   },
   "type": "Feature"
  },
  {
   "geometry": {
    "coordinates": [
     -80.818688,
     35.647547
    ],
    "type": "Point"
   },
   "properties": {
    "accumulation": 30229.0,
    "bank_slope_deg": 4.11,
    "bank_slope_score": 1.0,
    "beach_dist_km": 319.03,
    "bridge_proximity_bonus": 0.0,
    "catchment_area_km2": 3.0166,
    "channel_width_m": 4.93,
    "channel_width_score": 1.0,
    "composite_score": 28.309,
    "cso_density": 0.0,
    "dem_lat": 35.64751,
    "dem_lon": -80.818814,
    "ej_index": 0.3197,
    "elevation_m": 240.8018,
    "estuary_dist_km": 437.54,
    "feasibility_score": 66.2338,
    "flood_q10_cfs": 457.66,
    "flow_score": 20.7402,
    "flow_velocity_ms": 0.0901,
    "generation_score": 7.9778,
    "impact_score": 35.985,
    "impervious_pct": 3.91,
    "land_ownership": 0.5,
    "lat": 35.6475,
    "litter_complaint_density": 0.0,
    "lon": -80.8188,
    "npdes_points": 0,
    "pixel_col": 1010.0,
    "pixel_row": 217.0,
    "population_density": 142.5,
    "position_along": 0.5,
    "protected_area_score": 0.0,
    "rank": 60,
    "river_name": "Rocky Branch",
    "road_access_m": 138.5,
    "road_access_score": 1.0,
    "road_density_km_km2": 2.022,
    "robustness_pct": 0.0,
    "runoff_coeff_C": 0.0852,
    "seasonal_cv": 0.4127,
    "segment_id": 7,
    "segment_length_m": 1424.1943,
    "snap_dist_m": 12.1,
    "stream_order": 3,
    "superfund_score": 0.0,
    "tourism_amenity_density": 0.2387,
    "tri_facility_density": 0.0,
    "usgs_mean_q_cfs": 1.805,
    "velocity_feasibility": 0.7,
    "water_intake_score": 0.0
   },
   "type": "Feature"
  },
  {
   "geometry": {
    "coordinates": [
     -80.804238,
     35.62878
    ],
    "type": "Point"
   },
   "properties": {
    "accumulation": 32903.0,
    "bank_slope_deg": 5.14,
    "bank_slope_score": 1.0,
    "beach_dist_km": 316.87,
    "bridge_proximity_bonus": 0.0,
    "catchment_area_km2": 3.2834,
    "channel_width_m": 5.11,
    "channel_width_score": 1.0,
    "composite_score": 27.7351,
    "cso_density": 0.0,
    "dem_lat": 35.628828,
    "dem_lon": -80.804344,
    "ej_index": 0.2973,
    "elevation_m": 248.8391,
    "estuary_dist_km": 435.98,
    "feasibility_score": 53.2468,
    "flood_q10_cfs": 522.3,
    "flow_score": 10.8754,
    "flow_velocity_ms": 0.0969,
    "generation_score": 14.337,
    "impact_score": 42.427,
    "impervious_pct": 7.81,
    "land_ownership": 0.5,
    "lat": 35.6288,
    "litter_complaint_density": 0.0,
    "lon": -80.8043,
    "npdes_points": 1,
    "pixel_col": 1143.0,
    "pixel_row": 424.0,
    "population_density": 154.2,
    "position_along": 0.125,
    "protected_area_score": 0.0,
    "rank": 61,
    "river_name": "South Fork Withrow Creek",
    "road_access_m": 316.2,
    "road_access_score": 0.8,
    "road_density_km_km2": 3.32,
    "robustness_pct": 0.0,
    "runoff_coeff_C": 0.1203,
    "seasonal_cv": 0.4306,
    "segment_id": 13,
    "segment_length_m": 6746.6324,
    "snap_dist_m": 11.0,
    "stream_order": 1,
    "superfund_score": 0.0,
    "tourism_amenity_density": 1.1937,
    "tri_facility_density": 0.0,
    "usgs_mean_q_cfs": 5.762,
    "velocity_feasibility": 0.7,
    "water_intake_score": 0.0
   },
   "type": "Feature"
  },
  {
   "geometry": {
    "coordinates": [
     -80.751973,
     35.538379
    ],
    "type": "Point"
   },
   "properties": {
    "accumulation": 27674.0,
    "bank_slope_deg": 0.52,
    "bank_slope_score": 1.0,
    "beach_dist_km": 307.92,
    "bridge_proximity_bonus": 0.0,
    "catchment_area_km2": 2.7616,
    "channel_width_m": 4.76,
    "channel_width_score": 1.0,
    "composite_score": 27.7307,
    "cso_density": 0.0,
    "ej_index": 0.126,
    "elevation_m": 214.1562,
    "estuary_dist_km": 430.14,
    "feasibility_score": 53.2468,
    "flood_q10_cfs": 422.31,
    "flow_score": 20.5609,
    "flow_velocity_ms": 0.1135,
    "generation_score": 4.3166,
    "impact_score": 44.3616,
    "impervious_pct": 3.12,
    "land_ownership": 0.5,
    "lat": 35.5384,
    "litter_complaint_density": 0.0,
    "lon": -80.752,
    "npdes_points": 0,
    "pixel_col": 1621.0,
    "pixel_row": 1429.0,
    "population_density": 84.3,
    "position_along": 0.5,
    "protected_area_score": 0.0,
    "rank": 62,
    "river_name": "Coddle Creek",
    "road_access_m": 444.4,
    "road_access_score": 0.8,
    "road_density_km_km2": 0.903,
    "robustness_pct": 0.0,
    "runoff_coeff_C": 0.0781,
    "seasonal_cv": 0.4194,
    "segment_id": 45,
    "segment_length_m": 1799.7808,
    "stream_order": 3,
    "superfund_score": 0.0,
    "tourism_amenity_density": 0.0796,
    "tri_facility_density": 0.0,
    "usgs_mean_q_cfs": 1.677,
    "velocity_feasibility": 0.7,
    "water_intake_score": 0.0
   },
   "type": "Feature"
  },
  {
   "geometry": {
    "coordinates": [
     -80.821026,
     35.652791
    ],
    "type": "Point"
   },
   "properties": {
    "accumulation": 67590.0,
    "bank_slope_deg": 6.43,
    "bank_slope_score": 1.0,
    "beach_dist_km": 319.49,
    "bridge_proximity_bonus": 0.0,
    "catchment_area_km2": 6.7449,
    "channel_width_m": 6.89,
    "channel_width_score": 1.0,
    "composite_score": 27.6242,
    "cso_density": 0.0,
    "dem_lat": 35.65283,
    "dem_lon": -80.821011,
    "ej_index": 0.3354,
    "elevation_m": 237.3045,
    "estuary_dist_km": 437.81,
    "feasibility_score": 45.4545,
    "flood_q10_cfs": 884.18,
    "flow_score": 27.6104,
    "flow_velocity_ms": 0.0438,
    "generation_score": 10.0703,
    "impact_score": 36.2745,
    "impervious_pct": 6.89,
    "land_ownership": 0.5,
    "lat": 35.6528,
    "litter_complaint_density": 0.0,
    "lon": -80.821,
    "npdes_points": 0,
    "pixel_col": 992.0,
    "pixel_row": 161.0,
    "population_density": 140.2,
    "position_along": 0.5,
    "protected_area_score": 0.0,
    "rank": 63,
    "river_name": "Weathers Creek",
    "road_access_m": 153.5,
    "road_access_score": 1.0,
    "road_density_km_km2": 2.383,
    "robustness_pct": 0.0,
    "runoff_coeff_C": 0.112,
    "seasonal_cv": 0.4121,
    "segment_id": 4,
    "segment_length_m": 445.0975,
    "snap_dist_m": 4.5,
    "stream_order": 3,
    "superfund_score": 0.0,
    "tourism_amenity_density": 0.2387,
    "tri_facility_density": 0.0,
    "usgs_mean_q_cfs": 4.689,
    "velocity_feasibility": 0.3,
    "water_intake_score": 0.0
   },
   "type": "Feature"
  },
  {
   "geometry": {
    "coordinates": [
     -80.767384,
     35.629667
    ],
    "type": "Point"
   },
   "properties": {
    "accumulation": 25510.0,
    "bank_slope_deg": 5.03,
    "bank_slope_score": 1.0,
    "beach_dist_km": 314.0,
    "bridge_proximity_bonus": 0.0,
    "catchment_area_km2": 2.5457,
    "channel_width_m": 4.6,
    "channel_width_score": 1.0,
    "composite_score": 27.3008,
    "cso_density": 0.0,
    "ej_index": 0.237,
    "elevation_m": 235.0078,
    "estuary_dist_km": 432.68,
    "feasibility_score": 40.2597,
    "flood_q10_cfs": 438.61,
    "flow_score": 20.4478,
    "flow_velocity_ms": 0.0884,
    "generation_score": 11.7992,
    "impact_score": 42.0338,
    "impervious_pct": 8.79,
    "land_ownership": 0.5,
    "lat": 35.6297,
    "litter_complaint_density": 0.0,
    "lon": -80.7674,
    "npdes_points": 1,
    "pixel_col": 1477.0,
    "pixel_row": 418.0,
    "population_density": 192.5,
    "position_along": 0.5,
    "protected_area_score": 0.0,
    "rank": 64,
    "river_name": "Back Creek",
    "road_access_m": 726.2,
    "road_access_score": 0.6,
    "road_density_km_km2": 0.846,
    "robustness_pct": 0.0,
    "runoff_coeff_C": 0.1291,
    "seasonal_cv": 0.4182,
    "segment_id": 11,
    "segment_length_m": 1283.7526,
    "stream_order": 3,
    "superfund_score": 0.0,
    "tourism_amenity_density": 0.0,
    "tri_facility_density": 0.0,
    "usgs_mean_q_cfs": 1.45,
    "velocity_feasibility": 0.7,
    "water_intake_score": 0.0
   },
   "type": "Feature"
  },
  {
   "geometry": {
    "coordinates": [
     -80.786951,
     35.663744
    ],
    "type": "Point"
   },
   "properties": {
    "accumulation": 114545.0,
    "bank_slope_deg": 6.83,
    "bank_slope_score": 1.0,
    "beach_dist_km": 317.41,
    "bridge_proximity_bonus": 0.0,
    "catchment_area_km2": 11.4306,
    "channel_width_m": 8.58,
    "channel_width_score": 1.0,
    "composite_score": 27.2494,
    "cso_density": 0.0,
    "dem_lat": 35.66377,
    "dem_lon": -80.786971,
    "ej_index": 0.2737,
    "elevation_m": 229.0596,
    "estuary_dist_km": 434.92,
    "feasibility_score": 53.2468,
    "flood_q10_cfs": 1227.0,
    "flow_score": 21.3625,
    "flow_velocity_ms": 0.1401,
    "generation_score": 8.8404,
    "impact_score": 37.5656,
    "impervious_pct": 7.81,
    "land_ownership": 0.5,
    "lat": 35.6638,
    "litter_complaint_density": 0.0,
    "lon": -80.787,
    "npdes_points": 1,
    "pixel_col": 1300.0,
    "pixel_row": 36.0,
    "population_density": 73.4,
    "position_along": 0.875,
    "protected_area_score": 0.0,
    "rank": 65,
    "river_name": "South Fork Withrow Creek",
    "road_access_m": 412.6,
    "road_access_score": 0.8,
    "road_density_km_km2": 1.154,
    "robustness_pct": 0.0,
    "runoff_coeff_C": 0.1203,
    "seasonal_cv": 0.4306,
    "segment_id": 13,
    "segment_length_m": 6746.6324,
    "snap_dist_m": 3.4,
    "stream_order": 1,
    "superfund_score": 0.0,
    "tourism_amenity_density": 0.0,
    "tri_facility_density": 0.0,
    "usgs_mean_q_cfs": 5.762,
    "velocity_feasibility": 0.7,
    "water_intake_score": 0.0
   },
   "type": "Feature"
  },
  {
   "geometry": {
    "coordinates": [
     -80.800165,
     35.642147
    ],
    "type": "Point"
   },
   "properties": {
    "accumulation": 55306.0,
    "bank_slope_deg": 3.53,
    "bank_slope_score": 1.0,
    "beach_dist_km": 317.27,
    "bridge_proximity_bonus": 0.0,
    "catchment_area_km2": 5.519,
    "channel_width_m": 6.34,
    "channel_width_score": 1.0,
    "composite_score": 27.0774,
    "cso_density": 0.0,
    "dem_lat": 35.642148,
    "dem_lon": -80.800229,
    "ej_index": 0.3037,
    "elevation_m": 241.4082,
    "estuary_dist_km": 435.8,
    "feasibility_score": 53.2468,
    "flood_q10_cfs": 772.48,
    "flow_score": 14.1661,
    "flow_velocity_ms": 0.1089,
    "generation_score": 9.5988,
    "impact_score": 42.2306,
    "impervious_pct": 7.81,
    "land_ownership": 0.5,
    "lat": 35.6421,
    "litter_complaint_density": 0.0,
    "lon": -80.8002,
    "npdes_points": 0,
    "pixel_col": 1179.0,
    "pixel_row": 276.0,
    "population_density": 146.3,
    "position_along": 0.375,
    "protected_area_score": 0.0,
    "rank": 66,
    "river_name": "South Fork Withrow Creek",
    "road_access_m": 471.2,
    "road_access_score": 0.8,
    "road_density_km_km2": 1.699,
    "robustness_pct": 0.0,
    "runoff_coeff_C": 0.1203,
    "seasonal_cv": 0.4306,
    "segment_id": 13,
    "segment_length_m": 6746.6324,
    "snap_dist_m": 5.8,
    "stream_order": 1,
    "superfund_score": 0.0,
    "tourism_amenity_density": 1.0345,
    "tri_facility_density": 0.0,
    "usgs_mean_q_cfs": 5.762,
    "velocity_feasibility": 0.7,
    "water_intake_score": 0.0
   },
   "type": "Feature"
  },
  {
   "geometry": {
    "coordinates": [
     -80.731721,
     35.593114
    ],
    "type": "Point"
   },
   "properties": {
    "accumulation": 38758.0,
    "bank_slope_deg": 2.77,
    "bank_slope_score": 1.0,
    "beach_dist_km": 309.21,
    "bridge_proximity_bonus": 0.0,
    "catchment_area_km2": 3.8677,
    "channel_width_m": 5.47,
    "channel_width_score": 1.0,
    "composite_score": 27.0121,
    "cso_density": 0.0,
    "dem_lat": 35.593167,
    "dem_lon": -80.731737,
    "ej_index": 0.3363,
    "elevation_m": 232.8606,
    "estuary_dist_km": 428.99,
    "feasibility_score": 40.2597,
    "flood_q10_cfs": 528.67,
    "flow_score": 8.6802,
    "flow_velocity_ms": 0.1109,
    "generation_score": 1.6966,
    "impact_score": 60.9803,
    "impervious_pct": 1.45,
    "land_ownership": 0.5,
    "lat": 35.5932,
    "litter_complaint_density": 0.0,
    "lon": -80.7317,
    "npdes_points": 0,
    "pixel_col": 1803.0,
    "pixel_row": 820.0,
    "population_density": 55.7,
    "position_along": 0.5,
    "protected_area_score": 0.0,
    "rank": 67,
    "river_name": "Sills Creek",
    "road_access_m": 674.0,
    "road_access_score": 0.6,
    "road_density_km_km2": 0.262,
    "robustness_pct": 0.0,
    "runoff_coeff_C": 0.063,
    "seasonal_cv": 0.4237,
    "segment_id": 25,
    "segment_length_m": 1914.8076,
    "snap_dist_m": 6.0,
    "stream_order": 1,
    "superfund_score": 0.0,
    "tourism_amenity_density": 0.0,
    "tri_facility_density": 0.0,
    "usgs_mean_q_cfs": 2.992,
    "velocity_feasibility": 0.7,
    "water_intake_score": 0.0
   },
   "type": "Feature"
  },
  {
   "geometry": {
    "coordinates": [
     -80.745461,
     35.510331
    ],
    "type": "Point"
   },
   "properties": {
    "accumulation": 23129.0,
    "bank_slope_deg": 4.43,
    "bank_slope_score": 1.0,
    "beach_dist_km": 305.96,
    "bridge_proximity_bonus": 0.0,
    "catchment_area_km2": 2.3081,
    "channel_width_m": 4.41,
    "channel_width_score": 1.0,
    "composite_score": 26.5947,
    "cso_density": 0.0,
    "ej_index": 0.1519,
    "elevation_m": 206.1301,
    "estuary_dist_km": 429.24,
    "feasibility_score": 40.2597,
    "flood_q10_cfs": 354.54,
    "flow_score": 18.9966,
    "flow_velocity_ms": 0.1063,
    "generation_score": 2.9899,
    "impact_score": 49.6987,
    "impervious_pct": 0.85,
    "land_ownership": 0.5,
    "lat": 35.5103,
    "litter_complaint_density": 0.0,
    "lon": -80.7455,
    "npdes_points": 0,
    "pixel_col": 1681.0,
    "pixel_row": 1741.0,
    "population_density": 81.3,
    "position_along": 0.5,
    "protected_area_score": 0.0,
    "rank": 68,
    "river_name": "Coddle Creek",
    "road_access_m": 553.7,
    "road_access_score": 0.6,
    "road_density_km_km2": 0.866,
    "robustness_pct": 0.0,
    "runoff_coeff_C": 0.0576,
    "seasonal_cv": 0.4194,
    "segment_id": 61,
    "segment_length_m": 546.4127,
    "stream_order": 3,
    "superfund_score": 0.0,
    "tourism_amenity_density": 0.0,
    "tri_facility_density": 0.0,
    "usgs_mean_q_cfs": 1.194,
    "velocity_feasibility": 0.7,
    "water_intake_score": 0.0
   },
   "type": "Feature"
  },
  {
   "geometry": {
    "coordinates": [
     -80.827064,
     35.651583
    ],
    "type": "Point"
   },
   "properties": {
    "accumulation": 22873.0,
    "bank_slope_deg": 1.82,
    "bank_slope_score": 1.0,
    "beach_dist_km": 319.9,
    "bridge_proximity_bonus": 0.0,
    "catchment_area_km2": 2.2825,
    "channel_width_m": 4.39,
    "channel_width_score": 1.0,
    "composite_score": 26.3105,
    "cso_density": 0.0,
    "ej_index": 0.3567,
    "elevation_m": 241.4425,
    "estuary_dist_km": 438.34,
    "feasibility_score": 53.2468,
    "flood_q10_cfs": 368.33,
    "flow_score": 19.4388,
    "flow_velocity_ms": 0.1011,
    "generation_score": 7.9677,
    "impact_score": 36.9114,
    "impervious_pct": 3.51,
    "land_ownership": 0.5,
    "lat": 35.6516,
    "litter_complaint_density": 0.0,
    "lon": -80.8271,
    "npdes_points": 0,
    "pixel_col": 937.0,
    "pixel_row": 174.0,
    "population_density": 131.1,
    "position_along": 0.5,
    "protected_area_score": 0.0,
    "rank": 69,
    "river_name": "Weathers Creek",
    "road_access_m": 359.3,
    "road_access_score": 0.8,
    "road_density_km_km2": 2.32,
    "robustness_pct": 0.0,
    "runoff_coeff_C": 0.0816,
    "seasonal_cv": 0.4107,
    "segment_id": 3,
    "segment_length_m": 838.9492,
    "stream_order": 3,
    "superfund_score": 0.0,
    "tourism_amenity_density": 0.3183,
    "tri_facility_density": 0.0,
    "usgs_mean_q_cfs": 1.195,
    "velocity_feasibility": 0.7,
    "water_intake_score": 0.0
   },
   "type": "Feature"
  },
  {
   "geometry": {
    "coordinates": [
     -80.896678,
     35.527519
    ],
    "type": "Point"
   },
   "properties": {
    "accumulation": 50793.0,
    "bank_slope_deg": 0.0,
    "bank_slope_score": 1.0,
    "beach_dist_km": 319.08,
    "bridge_proximity_bonus": 0.0,
    "catchment_area_km2": 5.0687,
    "channel_width_m": 6.12,
    "channel_width_score": 1.0,
    "composite_score": 25.7775,
    "cso_density": 0.0,
    "dem_lat": 35.527931,
    "dem_lon": -80.897044,
    "ej_index": 0.17,
    "elevation_m": 229.8501,
    "estuary_dist_km": 443.08,
    "feasibility_score": 68.8312,
    "flood_q10_cfs": 631.94,
    "flow_score": 29.8891,
    "flow_velocity_ms": 0.5,
    "generation_score": 8.5783,
    "impact_score": 18.0235,
    "impervious_pct": null,
    "land_ownership": 0.5,
    "lat": 35.5279,
    "litter_complaint_density": 0.0,
    "lon": -80.897,
    "npdes_points": 0,
    "pixel_col": 301.0,
    "pixel_row": 1550.0,
    "population_density": 283.1,
    "position_along": 0.25,
    "protected_area_score": 0.0,
    "rank": 70,
    "river_name": "Reeds Creek",
    "road_access_m": 494.9,
    "road_access_score": 0.8,
    "road_density_km_km2": 1.516,
    "robustness_pct": 0.0,
    "runoff_coeff_C": null,
    "seasonal_cv": null,
    "segment_id": 48,
    "segment_length_m": 3633.7394,
    "snap_dist_m": 56.4,
    "stream_order": 1,
    "superfund_score": 0.0,
    "tourism_amenity_density": 1.0345,
    "tri_facility_density": 0.0,
    "usgs_mean_q_cfs": null,
    "velocity_feasibility": 1.0,
    "water_intake_score": 0.0
   },
   "type": "Feature"
  },
  {
   "geometry": {
    "coordinates": [
     -80.859489,
     35.638259
    ],
    "type": "Point"
   },
   "properties": {
    "accumulation": 26589.0,
    "bank_slope_deg": 1.27,
    "bank_slope_score": 1.0,
    "beach_dist_km": 321.74,
    "bridge_proximity_bonus": 0.0,
    "catchment_area_km2": 2.6533,
    "channel_width_m": 4.68,
    "channel_width_score": 1.0,
    "composite_score": 25.2523,
    "cso_density": 0.0,
    "ej_index": 0.434,
    "elevation_m": 234.9101,
    "estuary_dist_km": 441.06,
    "feasibility_score": 40.2597,
    "flood_q10_cfs": 420.09,
    "flow_score": 20.4543,
    "flow_velocity_ms": 0.103,
    "generation_score": 11.5579,
    "impact_score": 35.4412,
    "impervious_pct": 4.54,
    "land_ownership": 0.5,
    "lat": 35.6383,
    "litter_complaint_density": 0.0,
    "lon": -80.8595,
    "npdes_points": 1,
    "pixel_col": 642.0,
    "pixel_row": 324.0,
    "population_density": 161.7,
    "position_along": 0.5,
    "protected_area_score": 0.0,
    "rank": 71,
    "river_name": "Hobbs Creek",
    "road_access_m": 510.0,
    "road_access_score": 0.6,
    "road_density_km_km2": 2.549,
    "robustness_pct": 0.0,
    "runoff_coeff_C": 0.0909,
    "seasonal_cv": 0.4056,
    "segment_id": 5,
    "segment_length_m": 1902.1001,
    "stream_order": 3,
    "superfund_score": 0.0,
    "tourism_amenity_density": 0.0,
    "tri_facility_density": 0.0,
    "usgs_mean_q_cfs": 1.406,
    "velocity_feasibility": 0.7,
    "water_intake_score": 0.0
   },
   "type": "Feature"
  },
  {
   "geometry": {
    "coordinates": [
     -80.762533,
     35.659628
    ],
    "type": "Point"
   },
   "properties": {
    "accumulation": 35715.0,
    "bank_slope_deg": 2.92,
    "bank_slope_score": 1.0,
    "beach_dist_km": 315.27,
    "bridge_proximity_bonus": 0.0,
    "catchment_area_km2": 3.564,
    "channel_width_m": 5.29,
    "channel_width_score": 1.0,
    "composite_score": 24.9891,
    "cso_density": 0.0,
    "ej_index": 0.3186,
    "elevation_m": 227.5829,
    "estuary_dist_km": 432.67,
    "feasibility_score": 53.2468,
    "flood_q10_cfs": 496.21,
    "flow_score": 7.449,
    "flow_velocity_ms": 0.0931,
    "generation_score": 3.4199,
    "impact_score": 47.0461,
    "impervious_pct": 1.35,
    "land_ownership": 0.5,
    "lat": 35.6596,
    "litter_complaint_density": 0.0,
    "lon": -80.7625,
    "npdes_points": 0,
    "pixel_col": 1522.0,
    "pixel_row": 82.0,
    "population_density": 36.9,
    "position_along": 0.5,
    "protected_area_score": 0.0,
    "rank": 72,
    "river_name": null,
    "road_access_m": 296.6,
    "road_access_score": 0.8,
    "road_density_km_km2": 1.648,
    "robustness_pct": 0.0,
    "runoff_coeff_C": 0.0622,
    "seasonal_cv": 0.4192,
    "segment_id": 2,
    "segment_length_m": 2250.1419,
    "stream_order": 1,
    "superfund_score": 0.0,
    "tourism_amenity_density": 0.0,
    "tri_facility_density": 0.0,
    "usgs_mean_q_cfs": 2.392,
    "velocity_feasibility": 0.7,
    "water_intake_score": 0.0
   },
   "type": "Feature"
  },
  {
   "geometry": {
    "coordinates": [
     -80.852686,
     35.626603
    ],
    "type": "Point"
   },
   "properties": {
    "accumulation": 32016.0,
    "bank_slope_deg": 0.78,
    "bank_slope_score": 1.0,
    "beach_dist_km": 320.6,
    "bridge_proximity_bonus": 0.0,
    "catchment_area_km2": 3.1949,
    "channel_width_m": 5.05,
    "channel_width_score": 1.0,
    "composite_score": 24.545,
    "cso_density": 0.0,
    "dem_lat": 35.626702,
    "dem_lon": -80.852849,
    "ej_index": 0.4366,
    "elevation_m": 234.6323,
    "estuary_dist_km": 440.3,
    "feasibility_score": 53.2468,
    "flood_q10_cfs": 472.08,
    "flow_score": 7.1269,
    "flow_velocity_ms": 0.1059,
    "generation_score": 7.8222,
    "impact_score": 41.4318,
    "impervious_pct": 3.21,
    "land_ownership": 0.5,
    "lat": 35.6267,
    "litter_complaint_density": 0.0,
    "lon": -80.8528,
    "npdes_points": 0,
    "pixel_col": 700.0,
    "pixel_row": 450.0,
    "population_density": 147.1,
    "position_along": 0.5,
    "protected_area_score": 0.0,
    "rank": 73,
    "river_name": "Cornelius Creek",
    "road_access_m": 214.8,
    "road_access_score": 0.8,
    "road_density_km_km2": 2.083,
    "robustness_pct": 0.0,
    "runoff_coeff_C": 0.0789,
    "seasonal_cv": 0.4113,
    "segment_id": 12,
    "segment_length_m": 2856.7859,
    "snap_dist_m": 18.3,
    "stream_order": 1,
    "superfund_score": 0.0,
    "tourism_amenity_density": 0.9549,
    "tri_facility_density": 0.0,
    "usgs_mean_q_cfs": 1.651,
    "velocity_feasibility": 0.7,
    "water_intake_score": 0.0
   },
   "type": "Feature"
  },
  {
   "geometry": {
    "coordinates": [
     -80.815429,
     35.504153
    ],
    "type": "Point"
   },
   "properties": {
    "accumulation": 24323.0,
    "bank_slope_deg": 1.61,
    "bank_slope_score": 1.0,
    "beach_dist_km": 311.29,
    "bridge_proximity_bonus": 0.0,
    "catchment_area_km2": 2.4272,
    "channel_width_m": 4.51,
    "channel_width_score": 1.0,
    "composite_score": 24.425,
    "cso_density": 0.0,
    "ej_index": 0.1862,
    "elevation_m": 209.3808,
    "estuary_dist_km": 435.48,
    "feasibility_score": 40.2597,
    "flood_q10_cfs": 369.99,
    "flow_score": 18.6645,
    "flow_velocity_ms": 0.08,
    "generation_score": 7.5974,
    "impact_score": 38.1355,
    "impervious_pct": 1.12,
    "land_ownership": 0.5,
    "lat": 35.5042,
    "litter_complaint_density": 0.0,
    "lon": -80.8154,
    "npdes_points": 0,
    "pixel_col": 1046.0,
    "pixel_row": 1811.0,
    "population_density": 304.5,
    "position_along": 0.5,
    "protected_area_score": 0.0,
    "rank": 74,
    "river_name": "West Branch Rocky River",
    "road_access_m": 728.1,
    "road_access_score": 0.6,
    "road_density_km_km2": 0.218,
    "robustness_pct": 0.0,
    "runoff_coeff_C": 0.0601,
    "seasonal_cv": 0.4218,
    "segment_id": 64,
    "segment_length_m": 1100.0971,
    "stream_order": 3,
    "superfund_score": 0.0,
    "tourism_amenity_density": 0.4775,
    "tri_facility_density": 0.0,
    "usgs_mean_q_cfs": 1.324,
    "velocity_feasibility": 0.7,
    "water_intake_score": 0.0
   },
   "type": "Feature"
  },
  {
   "geometry": {
    "coordinates": [
     -80.911228,
     35.516359
    ],
    "type": "Point"
   },
   "properties": {
    "accumulation": 89640.0,
    "bank_slope_deg": 0.0,
    "bank_slope_score": 1.0,
    "beach_dist_km": 319.66,
    "bridge_proximity_bonus": 0.0,
    "catchment_area_km2": 8.9453,
    "channel_width_m": 7.75,
    "channel_width_score": 1.0,
    "composite_score": 21.941,
    "cso_density": 0.0,
    "ej_index": 0.1656,
    "elevation_m": 229.8501,
    "estuary_dist_km": 444.24,
    "feasibility_score": 19.4805,
    "flood_q10_cfs": 1234.32,
    "flow_score": 34.9963,
    "flow_velocity_ms": 0.0444,
    "generation_score": 16.8513,
    "impact_score": 17.3814,
    "impervious_pct": 18.07,
    "land_ownership": 0.5,
    "lat": 35.5164,
    "litter_complaint_density": 0.0,
    "lon": -80.9112,
    "npdes_points": 0,
    "pixel_col": 173.0,
    "pixel_row": 1678.0,
    "population_density": 257.4,
    "position_along": 0.75,
    "protected_area_score": 0.0,
    "rank": 75,
    "river_name": "Reeds Creek",
    "road_access_m": 530.0,
    "road_access_score": 0.6,
    "road_density_km_km2": 1.153,
    "robustness_pct": 0.0,
    "runoff_coeff_C": 0.2126,
    "seasonal_cv": 0.4845,
    "segment_id": 48,
    "segment_length_m": 3633.7394,
    "stream_order": 1,
    "superfund_score": 0.0,
    "tourism_amenity_density": 1.6711,
    "tri_facility_density": 0.0,
    "usgs_mean_q_cfs": 26.145,
    "velocity_feasibility": 0.3,
    "water_intake_score": 0.0
   },
   "type": "Feature"
  },
  {
   "geometry": {
    "coordinates": [
     -80.787378,
     35.507106
    ],
    "type": "Point"
   },
   "properties": {
    "accumulation": 24620.0,
    "bank_slope_deg": 1.97,
    "bank_slope_score": 1.0,
    "beach_dist_km": 309.17,
    "bridge_proximity_bonus": 0.0,
    "catchment_area_km2": 2.4569,
    "channel_width_m": 4.53,
    "channel_width_score": 1.0,
    "composite_score": 21.1215,
    "cso_density": 0.0,
    "ej_index": 0.1286,
    "elevation_m": 209.7648,
    "estuary_dist_km": 432.98,
    "feasibility_score": 19.4805,
    "flood_q10_cfs": 393.66,
    "flow_score": 18.278,
    "flow_velocity_ms": 0.0353,
    "generation_score": 6.5506,
    "impact_score": 38.8826,
    "impervious_pct": 4.14,
    "land_ownership": 0.5,
    "lat": 35.5071,
    "litter_complaint_density": 0.0,
    "lon": -80.7874,
    "npdes_points": 1,
    "pixel_col": 1300.0,
    "pixel_row": 1779.0,
    "population_density": 113.8,
    "position_along": 0.5,
    "protected_area_score": 0.0,
    "rank": 76,
    "river_name": "Rocky River",
    "road_access_m": 723.3,
    "road_access_score": 0.6,
    "road_density_km_km2": 0.313,
    "robustness_pct": 0.0,
    "runoff_coeff_C": 0.0873,
    "seasonal_cv": 0.4205,
    "segment_id": 57,
    "segment_length_m": 884.7591,
    "stream_order": 3,
    "superfund_score": 0.0,
    "tourism_amenity_density": 0.1592,
    "tri_facility_density": 0.0,
    "usgs_mean_q_cfs": 1.28,
    "velocity_feasibility": 0.3,
    "water_intake_score": 0.0
   },
   "type": "Feature"
  },
  {
   "geometry": {
    "coordinates": [
     -80.882198,
     35.501632
    ],
    "type": "Point"
   },
   "properties": {
    "accumulation": 20990.0,
    "bank_slope_deg": 0.0,
    "bank_slope_score": 1.0,
    "beach_dist_km": 316.58,
    "bridge_proximity_bonus": 0.0,
    "catchment_area_km2": 2.0946,
    "channel_width_m": 4.24,
    "channel_width_score": 1.0,
    "composite_score": 20.7402,
    "cso_density": 0.0,
    "ej_index": 0.0997,
    "elevation_m": 229.8501,
    "estuary_dist_km": 441.47,
    "feasibility_score": 36.3636,
    "flood_q10_cfs": 324.67,
    "flow_score": 26.0762,
    "flow_velocity_ms": 0.5,
    "generation_score": 8.0496,
    "impact_score": 21.1723,
    "impervious_pct": null,
    "land_ownership": 0.5,
    "lat": 35.5016,
    "litter_complaint_density": 0.0,
    "lon": -80.8822,
    "npdes_points": 0,
    "pixel_col": 438.0,
    "pixel_row": 1841.0,
    "population_density": 360.9,
    "position_along": 0.5,
    "protected_area_score": 0.0,
    "rank": 77,
    "river_name": "Gambles Creek",
    "road_access_m": 1030.4,
    "road_access_score": 0.3,
    "road_density_km_km2": 0.0,
    "robustness_pct": 0.0,
    "runoff_coeff_C": null,
    "seasonal_cv": null,
    "segment_id": 66,
    "segment_length_m": 178.0978,
    "stream_order": 1,
    "superfund_score": 0.0,
    "tourism_amenity_density": 1.9894,
    "tri_facility_density": 0.0,
    "usgs_mean_q_cfs": null,
    "velocity_feasibility": 1.0,
    "water_intake_score": 0.0
   },
   "type": "Feature"
  },
  {
   "geometry": {
    "coordinates": [
     -80.888206,
     35.663309
    ],
    "type": "Point"
   },
   "properties": {
    "accumulation": 27747.0,
    "bank_slope_deg": 0.6,
    "bank_slope_score": 1.0,
    "beach_dist_km": 325.36,
    "bridge_proximity_bonus": 0.0,
    "catchment_area_km2": 2.7689,
    "channel_width_m": 4.76,
    "channel_width_score": 1.0,
    "composite_score": 19.5137,
    "cso_density": 0.0,
    "ej_index": 0.3057,
    "elevation_m": 230.3377,
    "estuary_dist_km": 443.98,
    "feasibility_score": 66.2338,
    "flood_q10_cfs": 428.59,
    "flow_score": 5.5094,
    "flow_velocity_ms": 0.0987,
    "generation_score": 10.3133,
    "impact_score": 17.0243,
    "impervious_pct": 3.85,
    "land_ownership": 0.5,
    "lat": 35.6633,
    "litter_complaint_density": 0.0,
    "lon": -80.8882,
    "npdes_points": 0,
    "pixel_col": 379.0,
    "pixel_row": 45.0,
    "population_density": 224.0,
    "position_along": 0.5,
    "protected_area_score": 0.0,
    "rank": 78,
    "river_name": "Rocky Creek",
    "road_access_m": 144.3,
    "road_access_score": 1.0,
    "road_density_km_km2": 2.241,
    "robustness_pct": 0.0,
    "runoff_coeff_C": 0.0847,
    "seasonal_cv": 0.4181,
    "segment_id": 0,
    "segment_length_m": 329.3608,
    "stream_order": 1,
    "superfund_score": 0.0,
    "tourism_amenity_density": 0.0796,
    "tri_facility_density": 0.0,
    "usgs_mean_q_cfs": 0.647,
    "velocity_feasibility": 0.7,
    "water_intake_score": 0.0
   },
   "type": "Feature"
  },
  {
   "geometry": {
    "coordinates": [
     -80.896364,
     35.641356
    ],
    "type": "Point"
   },
   "properties": {
    "accumulation": 22607.0,
    "bank_slope_deg": 1.25,
    "bank_slope_score": 1.0,
    "beach_dist_km": 324.82,
    "bridge_proximity_bonus": 0.0,
    "catchment_area_km2": 2.256,
    "channel_width_m": 4.37,
    "channel_width_score": 1.0,
    "composite_score": 18.2835,
    "cso_density": 0.0,
    "dem_lat": 35.64145,
    "dem_lon": -80.896117,
    "ej_index": 0.1118,
    "elevation_m": 230.5201,
    "estuary_dist_km": 444.38,
    "feasibility_score": 66.2338,
    "flood_q10_cfs": 397.23,
    "flow_score": 7.4865,
    "flow_velocity_ms": 0.0937,
    "generation_score": 16.7396,
    "impact_score": 4.8497,
    "impervious_pct": 8.33,
    "land_ownership": 0.5,
    "lat": 35.6415,
    "litter_complaint_density": 0.0,
    "lon": -80.8961,
    "npdes_points": 0,
    "pixel_col": 310.0,
    "pixel_row": 289.0,
    "population_density": 259.7,
    "position_along": 0.5,
    "protected_area_score": 0.0,
    "rank": 79,
    "river_name": "Stumpy Creek",
    "road_access_m": 104.0,
    "road_access_score": 1.0,
    "road_density_km_km2": 4.215,
    "robustness_pct": 0.0,
    "runoff_coeff_C": 0.125,
    "seasonal_cv": 0.4067,
    "segment_id": 6,
    "segment_length_m": 562.254,
    "snap_dist_m": 24.7,
    "stream_order": 1,
    "superfund_score": 0.0,
    "tourism_amenity_density": 0.9549,
    "tri_facility_density": 0.0,
    "usgs_mean_q_cfs": 2.875,
    "velocity_feasibility": 0.7,
    "water_intake_score": 0.0
   },
   "type": "Feature"
  }
 ],
 "note": "GRIME region 'Mooresville, NC' \u2014 real-data pipeline (DEM\u2192streams\u2192candidates\u2192region-appropriate real parameters\u2192shipped scoring, math unchanged). Width curve: Bieger et al. 2015 JAWRA Table 3, Appalachian Highlands. Flood: SIR 2014-5030 HR1. NC Piedmont (DEQ physiography polygon)",
 "provenance": {
  "candidates_pre_gate": 79,
  "constant": [
   "bank_slope_score",
   "channel_width_score",
   "cso_density",
   "land_ownership",
   "litter_complaint_density",
   "protected_area_score",
   "superfund_score",
   "water_intake_score"
  ],
  "hard_gate_removed": 0,
  "n_parameters": 27,
  "parameters": {
   "bank_slope_score": {
    "kind": "real",
    "n_real": 79,
    "n_sites": 79,
    "source": "region DEM gradient (3x3)"
   },
   "beach_dist_km": {
    "kind": "real",
    "n_real": 79,
    "n_sites": 79,
    "source": "haversine to region ref: Wrightsville Beach (shipped NC reference)"
   },
   "bridge_proximity_bonus": {
    "kind": "real",
    "n_real": 79,
    "n_sites": 79,
    "source": "FHWA/BTS NBI (NTAD), 50 m proximity"
   },
   "catchment_area_km2": {
    "kind": "real",
    "n_real": 79,
    "n_sites": 79,
    "source": "DEM flow accumulation (pipeline)"
   },
   "channel_width_score": {
    "kind": "real",
    "n_real": 79,
    "n_sites": 79,
    "source": "Bieger 2015 AHI width curve on DEM drainage area \u2192 shipped width curve"
   },
   "cso_density": {
    "kind": "real",
    "n_real": 79,
    "n_sites": 79,
    "source": "EPA ECHO CSO inventory (national bulk), Cauchy proximity"
   },
   "ej_index": {
    "kind": "real",
    "n_real": 79,
    "n_sites": 79,
    "source": "Census ACS C17002+B03002 two-component demographic index, percentile-ranked within region"
   },
   "estuary_dist_km": {
    "kind": "real",
    "n_real": 79,
    "n_sites": 79,
    "source": "haversine to region ref: Pamlico Sound (shipped NC reference)"
   },
   "flood_q10_cfs": {
    "kind": "real",
    "n_real": 79,
    "n_sites": 79,
    "source": "USGS SIR 2014-5030 Table 7 HR1 (NC Piedmont only)"
   },
   "flow_velocity_ms": {
    "kind": "real",
    "n_real": 76,
    "n_sites": 79,
    "source": "Manning (region DEM/D8) blended with EROM continuity (shipped M4 logic)"
   },
   "impervious_pct": {
    "kind": "real",
    "n_real": 76,
    "n_sites": 79,
    "source": "EPA StreamCat pctimp2019 (per NHDPlus watershed)"
   },
   "land_ownership": {
    "kind": "fallback",
    "n_real": 0,
    "n_sites": 79,
    "source": "no parcel integration for this region (Durham only) \u2014 unknown 0.5"
   },
   "litter_complaint_density": {
    "kind": "fallback",
    "n_real": 0,
    "n_sites": 79,
    "source": "no machine-readable 311/litter source for this region"
   },
   "npdes_points": {
    "kind": "real",
    "n_real": 79,
    "n_sites": 79,
    "source": "EPA ECHO NPDES outfalls (national bulk), per catchment"
   },
   "population_density": {
    "kind": "real",
    "n_real": 79,
    "n_sites": 79,
    "source": "Census ACS 2022 B01003 block groups (bbox, multi-county), area-weighted"
   },
   "protected_area_score": {
    "kind": "fallback",
    "n_real": 0,
    "n_sites": 79,
    "source": "PAD-US services unreachable; OSM proxy saturates \u2014 documented fallback"
   },
   "road_access_score": {
    "kind": "real",
    "n_real": 79,
    "n_sites": 79,
    "source": "OSM drive network nearest-node distance"
   },
   "road_density_km_km2": {
    "kind": "real",
    "n_real": 79,
    "n_sites": 79,
    "source": "OSM drive network (osmnx, cached) clipped per catchment"
   },
   "runoff_coeff_C": {
    "kind": "real",
    "n_real": 76,
    "n_sites": 79,
    "source": "derived from real impervious_pct (C=0.05+0.009*I)"
   },
   "seasonal_cv": {
    "kind": "real",
    "n_real": 76,
    "n_sites": 79,
    "source": "CV of NHDPlus EROM monthly flows per COMID"
   },
   "stream_order": {
    "kind": "real",
    "n_real": 79,
    "n_sites": 79,
    "source": "DEM stream-network confluence heuristic (pipeline)"
   },
   "superfund_score": {
    "kind": "fallback",
    "n_real": 0,
    "n_sites": 79,
    "source": "not wired (low weight; roadmap)"
   },
   "tourism_amenity_density": {
    "kind": "real",
    "n_real": 79,
    "n_sites": 79,
    "source": "OSM leisure/tourism features per 2 km radius"
   },
   "tri_facility_density": {
    "kind": "real",
    "n_real": 79,
    "n_sites": 79,
    "source": "EPA Envirofacts TRI state=NC (sign-fixed), per catchment"
   },
   "usgs_mean_q_cfs": {
    "kind": "real",
    "n_real": 76,
    "n_sites": 79,
    "source": "NHDPlus EROM qe_ma per COMID (snap-guarded)"
   },
   "velocity_feasibility": {
    "kind": "real",
    "n_real": 76,
    "n_sites": 79,
    "source": "shipped step curve on the computed velocity"
   },
   "water_intake_score": {
    "kind": "fallback",
    "n_real": 0,
    "n_sites": 79,
    "source": "no public surface-intake point layer (NC OneMap is wells-only and NC-only)"
   }
  },
  "varying": [
   "beach_dist_km",
   "bridge_proximity_bonus",
   "catchment_area_km2",
   "ej_index",
   "estuary_dist_km",
   "flood_q10_cfs",
   "flow_velocity_ms",
   "impervious_pct",
   "npdes_points",
   "population_density",
   "road_access_score",
   "road_density_km_km2",
   "runoff_coeff_C",
   "seasonal_cv",
   "stream_order",
   "tourism_amenity_density",
   "tri_facility_density",
   "usgs_mean_q_cfs",
   "velocity_feasibility"
  ]
 },
 "region": {
  "bbox": [
   -80.9303,
   35.5003,
   -80.7252,
   35.6671
  ],
  "beach_ref": {
   "label": "Wrightsville Beach (shipped NC reference)",
   "lat": 34.21,
   "lon": -77.79
  },
  "center": [
   -80.827755,
   35.583717
  ],
  "estuary_ref": {
   "label": "Pamlico Sound (shipped NC reference)",
   "lat": 35.05,
   "lon": -76.05
  },
  "flood_method": "sir2014_hr1",
  "name": "Mooresville, NC",
  "notes": "NC Piedmont (DEQ physiography polygon)",
  "slug": "mooresville",
  "state": "NC",
  "utm_epsg": 32617,
  "width_curve": {
   "a": 3.12,
   "b": 0.415,
   "code": "AHI",
   "source": "Bieger et al. 2015 JAWRA Table 3, Appalachian Highlands"
  }
 },
 "streams": {
  "features": [
   {
    "geometry": {
     "coordinates": [
      [
       [
        -80.814717,
        35.611383
       ],
       [
        -80.814293,
        35.61122
       ],
       [
        -80.814012,
        35.610999
       ],
       [
        -80.813952,
        35.610819
       ],
       [
        -80.813784,
        35.610687
       ],
       [
        -80.813725,
        35.610249
       ],
       [
        -80.813284,
        35.609435
       ],
       [
        -80.812667,
        35.609016
       ],
       [
        -80.812116,
        35.608805
       ],
       [
        -80.81136,
        35.607716
       ],
       [
        -80.809886,
        35.60613
       ],
       [
        -80.809127,
        35.605908
       ],
       [
        -80.808031,
        35.60528
       ]
      ],
      [
       [
        -80.805053,
        35.605391
       ],
       [
        -80.804446,
        35.605763
       ],
       [
        -80.803329,
        35.606122
       ],
       [
        -80.802805,
        35.606445
       ],
       [
        -80.80244,
        35.60651
       ],
       [
        -80.802109,
        35.606463
       ],
       [
        -80.801816,
        35.606137
       ]
      ],
      [
       [
        -80.801661,
        35.605997
       ],
       [
        -80.800601,
        35.60539
       ],
       [
        -80.799741,
        35.605167
       ],
       [
        -80.797753,
        35.604316
       ],
       [
        -80.796974,
        35.604132
       ],
       [
        -80.794825,
        35.603301
       ]
      ],
      [
       [
        -80.794489,
        35.603175
       ],
       [
        -80.794154,
        35.603075
       ],
       [
        -80.79321,
        35.603083
       ],
       [
        -80.792067,
        35.603558
       ],
       [
        -80.789142,
        35.605208
       ],
       [
        -80.788758,
        35.60563
       ],
       [
        -80.787168,
        35.606367
       ],
       [
        -80.786313,
        35.606545
       ],
       [
        -80.786023,
        35.606731
       ],
       [
        -80.785856,
        35.607037
       ]
      ],
      [
       [
        -80.78578,
        35.607231
       ],
       [
        -80.78539,
        35.607722
       ],
       [
        -80.785265,
        35.608138
       ],
       [
        -80.785311,
        35.608371
       ],
       [
        -80.785088,
        35.60858
       ],
       [
        -80.784349,
        35.610263
       ],
       [
        -80.783387,
        35.612062
       ],
       [
        -80.782565,
        35.612675
       ],
       [
        -80.781343,
        35.613879
       ],
       [
        -80.780796,
        35.614317
       ],
       [
        -80.779189,
        35.616004
       ],
       [
        -80.778566,
        35.616858
       ],
       [
        -80.777879,
        35.617472
       ],
       [
        -80.776989,
        35.617969
       ],
       [
        -80.776168,
        35.618246
       ],
       [
        -80.775387,
        35.618359
       ],
       [
        -80.774505,
        35.618686
       ],
       [
        -80.773945,
        35.618792
       ],
       [
        -80.772398,
        35.619507
       ],
       [
        -80.772085,
        35.619861
       ],
       [
        -80.769012,
        35.622102
       ],
       [
        -80.768416,
        35.622452
       ],
       [
        -80.766941,
        35.622808
       ],
       [
        -80.766713,
        35.623045
       ],
       [
        -80.766492,
        35.623025
       ],
       [
        -80.76546,
        35.623657
       ],
       [
        -80.764315,
        35.624939
       ],
       [
        -80.764048,
        35.625128
       ],
       [
        -80.763491,
        35.62528
       ]
      ],
      [
       [
        -80.763356,
        35.625268
       ],
       [
        -80.762357,
        35.625375
       ],
       [
        -80.761173,
        35.625264
       ],
       [
        -80.760123,
        35.625307
       ],
       [
        -80.759181,
        35.625449
       ],
       [
        -80.758217,
        35.625791
       ],
       [
        -80.756348,
        35.627269
       ],
       [
        -80.755762,
        35.627993
       ],
       [
        -80.754396,
        35.630088
       ],
       [
        -80.750855,
        35.632363
       ],
       [
        -80.749852,
        35.63329
       ],
       [
        -80.749278,
        35.633971
       ],
       [
        -80.747636,
        35.635489
       ],
       [
        -80.74497,
        35.637199
       ],
       [
        -80.744168,
        35.637857
       ],
       [
        -80.743367,
        35.638915
       ],
       [
        -80.742505,
        35.639881
       ],
       [
        -80.741522,
        35.641274
       ],
       [
        -80.740943,
        35.641734
       ],
       [
        -80.737428,
        35.643158
       ],
       [
        -80.736539,
        35.643464
       ],
       [
        -80.734829,
        35.64389
       ],
       [
        -80.733655,
        35.644349
       ],
       [
        -80.731328,
        35.645528
       ],
       [
        -80.723333,
        35.647991
       ],
       [
        -80.719074,
        35.649174
       ],
       [
        -80.717404,
        35.649842
       ],
       [
        -80.71644,
        35.650516
       ],
       [
        -80.71514,
        35.651667
       ],
       [
        -80.711469,
        35.654522
       ],
       [
        -80.711105,
        35.654983
       ],
       [
        -80.710328,
        35.656276
       ],
       [
        -80.709858,
        35.656743
       ],
       [
        -80.708511,
        35.657208
       ],
       [
        -80.706303,
        35.657732
       ],
       [
        -80.705548,
        35.658028
       ],
       [
        -80.705016,
        35.658417
       ],
       [
        -80.704605,
        35.658921
       ],
       [
        -80.702738,
        35.660681
       ],
       [
        -80.701249,
        35.662304
       ],
       [
        -80.69955,
        35.664777
       ],
       [
        -80.69897,
        35.665276
       ],
       [
        -80.698431,
        35.665533
       ],
       [
        -80.697771,
        35.665614
       ],
       [
        -80.696587,
        35.665108
       ],
       [
        -80.69621,
        35.665008
       ],
       [
        -80.695577,
        35.664974
       ],
       [
        -80.694311,
        35.664654
       ],
       [
        -80.693423,
        35.664543
       ],
       [
        -80.691456,
        35.664573
       ],
       [
        -80.690352,
        35.664714
       ],
       [
        -80.689598,
        35.664932
       ],
       [
        -80.687523,
        35.665956
       ],
       [
        -80.685967,
        35.666836
       ],
       [
        -80.685273,
        35.666759
       ],
       [
        -80.683752,
        35.666065
       ],
       [
        -80.683348,
        35.666042
       ],
       [
        -80.682782,
        35.666343
       ],
       [
        -80.682141,
        35.666952
       ],
       [
        -80.680881,
        35.668454
       ],
       [
        -80.680328,
        35.668771
       ],
       [
        -80.677877,
        35.668899
       ],
       [
        -80.677224,
        35.6687
       ],
       [
        -80.676288,
        35.668227
       ],
       [
        -80.675521,
        35.668116
       ],
       [
        -80.674713,
        35.668383
       ],
       [
        -80.672947,
        35.669731
       ],
       [
        -80.672192,
        35.670076
       ],
       [
        -80.670764,
        35.670381
       ],
       [
        -80.668878,
        35.670586
       ],
       [
        -80.668258,
        35.670799
       ],
       [
        -80.667827,
        35.671029
       ],
       [
        -80.667524,
        35.67133
       ],
       [
        -80.667355,
        35.671659
       ],
       [
        -80.667299,
        35.673218
       ],
       [
        -80.667191,
        35.67346
       ],
       [
        -80.666935,
        35.673695
       ],
       [
        -80.66645,
        35.673887
       ],
       [
        -80.66513,
        35.67406
       ],
       [
        -80.664618,
        35.674191
       ],
       [
        -80.663836,
        35.674491
       ],
       [
        -80.662111,
        35.675372
       ],
       [
        -80.661154,
        35.675755
       ],
       [
        -80.660201,
        35.676006
       ],
       [
        -80.659416,
        35.676081
       ],
       [
        -80.658783,
        35.676047
       ],
       [
        -80.65776,
        35.675721
       ],
       [
        -80.656791,
        35.675182
       ],
       [
        -80.65636,
        35.675054
       ],
       [
        -80.655687,
        35.675009
       ],
       [
        -80.655447,
        35.675069
       ],
       [
        -80.654851,
        35.675321
       ],
       [
        -80.653962,
        35.675835
       ],
       [
        -80.651292,
        35.677697
       ],
       [
        -80.649675,
        35.678215
       ],
       [
        -80.648704,
        35.678911
       ],
       [
        -80.648246,
        35.679036
       ],
       [
        -80.647353,
        35.678986
       ],
       [
        -80.646832,
        35.67888
       ],
       [
        -80.646219,
        35.678659
       ],
       [
        -80.644564,
        35.677832
       ],
       [
        -80.643804,
        35.677364
       ],
       [
        -80.643508,
        35.677248
       ],
       [
        -80.643178,
        35.677229
       ],
       [
        -80.642268,
        35.677658
       ],
       [
        -80.640569,
        35.678994
       ],
       [
        -80.638789,
        35.679781
       ],
       [
        -80.636161,
        35.68055
       ],
       [
        -80.63414,
        35.680908
       ],
       [
        -80.632981,
        35.681268
       ],
       [
        -80.63257,
        35.68175
       ],
       [
        -80.632029,
        35.682952
       ],
       [
        -80.631739,
        35.683237
       ],
       [
        -80.631469,
        35.683373
       ],
       [
        -80.630836,
        35.683427
       ],
       [
        -80.628614,
        35.683334
       ],
       [
        -80.627697,
        35.683409
       ],
       [
        -80.626107,
        35.684136
       ],
       [
        -80.625181,
        35.684813
       ]
      ]
     ],
     "type": "MultiLineString"
    },
    "properties": {
     "length_km": 21.42,
     "n_sites": 10,
     "name": "Back Creek",
     "order": 2,
     "riverKey": "back creek",
     "source": "osm",
     "waterway": "stream"
    },
    "type": "Feature"
   },
   {
    "geometry": {
     "coordinates": [
      [
       [
        -80.862988,
        35.606457
       ],
       [
        -80.865102,
        35.606808
       ],
       [
        -80.866125,
        35.607075
       ],
       [
        -80.866448,
        35.607229
       ],
       [
        -80.867256,
        35.607351
       ],
       [
        -80.868488,
        35.607675
       ],
       [
        -80.868818,
        35.607921
       ],
       [
        -80.870265,
        35.608509
       ],
       [
        -80.87069,
        35.608784
       ],
       [
        -80.871228,
        35.608843
       ],
       [
        -80.872747,
        35.608073
       ],
       [
        -80.874466,
        35.607824
       ],
       [
        -80.875733,
        35.607806
       ],
       [
        -80.878063,
        35.606984
       ],
       [
        -80.880687,
        35.607395
       ],
       [
        -80.882061,
        35.607969
       ],
       [
        -80.883169,
        35.609198
       ],
       [
        -80.883371,
        35.609766
       ],
       [
        -80.884501,
        35.611106
       ],
       [
        -80.88592,
        35.613948
       ],
       [
        -80.887986,
        35.616693
       ]
      ],
      [
       [
        -80.858861,
        35.607532
       ],
       [
        -80.859421,
        35.607531
       ],
       [
        -80.859517,
        35.60737
       ],
       [
        -80.860801,
        35.606853
       ],
       [
        -80.861609,
        35.606626
       ],
       [
        -80.862505,
        35.606433
       ],
       [
        -80.862715,
        35.606479
       ]
      ],
      [
       [
        -80.851558,
        35.610284
       ],
       [
        -80.8521,
        35.609714
       ],
       [
        -80.85245,
        35.609539
       ],
       [
        -80.852557,
        35.609318
       ],
       [
        -80.853526,
        35.609141
       ],
       [
        -80.855074,
        35.608399
       ],
       [
        -80.855713,
        35.608168
       ],
       [
        -80.856929,
        35.607783
       ],
       [
        -80.857272,
        35.607828
       ],
       [
        -80.857395,
        35.60779
       ],
       [
        -80.857452,
        35.607638
       ],
       [
        -80.857629,
        35.607613
       ],
       [
        -80.857834,
        35.607694
       ],
       [
        -80.857774,
        35.60756
       ],
       [
        -80.857831,
        35.607498
       ],
       [
        -80.858144,
        35.607518
       ]
      ],
      [
       [
        -80.835517,
        35.61488
       ],
       [
        -80.836136,
        35.614656
       ],
       [
        -80.836748,
        35.614566
       ],
       [
        -80.837455,
        35.614648
       ],
       [
        -80.838492,
        35.614551
       ],
       [
        -80.839367,
        35.61438
       ],
       [
        -80.839986,
        35.614126
       ],
       [
        -80.84185,
        35.613676
       ],
       [
        -80.842611,
        35.61317
       ],
       [
        -80.843162,
        35.612613
       ],
       [
        -80.844138,
        35.610735
       ],
       [
        -80.844757,
        35.610003
       ],
       [
        -80.845605,
        35.610063
       ],
       [
        -80.847947,
        35.610561
       ],
       [
        -80.848291,
        35.610864
       ],
       [
        -80.848675,
        35.611403
       ],
       [
        -80.848937,
        35.611606
       ],
       [
        -80.849233,
        35.611695
       ],
       [
        -80.850183,
        35.611754
       ],
       [
        -80.850412,
        35.611694
       ],
       [
        -80.850949,
        35.610644
       ],
       [
        -80.851332,
        35.610476
       ]
      ]
     ],
     "type": "MultiLineString"
    },
    "properties": {
     "length_km": 5.91,
     "n_sites": 1,
     "name": "Byers Creek",
     "order": 2,
     "riverKey": "byers creek",
     "source": "osm",
     "waterway": "stream"
    },
    "type": "Feature"
   },
   {
    "geometry": {
     "coordinates": [
      [
       -80.973543,
       35.676025
      ],
      [
       -80.970663,
       35.674352
      ],
      [
       -80.968404,
       35.672898
      ],
      [
       -80.967439,
       35.67195
      ],
      [
       -80.967453,
       35.67188
      ],
      [
       -80.966666,
       35.670867
      ],
      [
       -80.96615,
       35.669229
      ],
      [
       -80.966122,
       35.668815
      ],
      [
       -80.96659,
       35.665001
      ],
      [
       -80.966599,
       35.663015
      ],
      [
       -80.966483,
       35.66216
      ],
      [
       -80.965796,
       35.660085
      ],
      [
       -80.96482,
       35.659475
      ],
      [
       -80.963576,
       35.659083
      ],
      [
       -80.961258,
       35.65876
      ],
      [
       -80.959552,
       35.658193
      ],
      [
       -80.956409,
       35.65631
      ],
      [
       -80.954735,
       35.654148
      ],
      [
       -80.954435,
       35.652248
      ],
      [
       -80.954563,
       35.649859
      ],
      [
       -80.954263,
       35.647157
      ],
      [
       -80.953158,
       35.643974
      ],
      [
       -80.949896,
       35.640321
      ],
      [
       -80.946517,
       35.638301
      ],
      [
       -80.943554,
       35.63709
      ],
      [
       -80.943038,
       35.636734
      ],
      [
       -80.941689,
       35.635386
      ],
      [
       -80.93862,
       35.631532
      ],
      [
       -80.934533,
       35.628288
      ],
      [
       -80.930112,
       35.625724
      ],
      [
       -80.926701,
       35.622889
      ],
      [
       -80.926068,
       35.6205
      ],
      [
       -80.9264,
       35.618328
      ],
      [
       -80.927763,
       35.616802
      ],
      [
       -80.930348,
       35.615467
      ],
      [
       -80.933246,
       35.614835
      ],
      [
       -80.936739,
       35.613835
      ],
      [
       -80.939235,
       35.612607
      ],
      [
       -80.940791,
       35.610906
      ],
      [
       -80.94171,
       35.609379
      ],
      [
       -80.942601,
       35.607818
      ],
      [
       -80.943312,
       35.606152
      ],
      [
       -80.94358,
       35.605306
      ],
      [
       -80.943645,
       35.604146
      ],
      [
       -80.943344,
       35.603178
      ],
      [
       -80.942751,
       35.602375
      ],
      [
       -80.940005,
       35.599708
      ],
      [
       -80.938159,
       35.598283
      ],
      [
       -80.936807,
       35.597385
      ],
      [
       -80.935323,
       35.596119
      ],
      [
       -80.934346,
       35.595011
      ],
      [
       -80.933928,
       35.593476
      ],
      [
       -80.934193,
       35.591979
      ],
      [
       -80.935451,
       35.589698
      ],
      [
       -80.937043,
       35.587858
      ],
      [
       -80.937684,
       35.587361
      ],
      [
       -80.939157,
       35.586754
      ],
      [
       -80.942926,
       35.586174
      ],
      [
       -80.945415,
       35.585372
      ],
      [
       -80.949449,
       35.582772
      ],
      [
       -80.952196,
       35.580136
      ],
      [
       -80.954513,
       35.576838
      ],
      [
       -80.956144,
       35.572981
      ],
      [
       -80.956873,
       35.570101
      ],
      [
       -80.957024,
       35.566907
      ],
      [
       -80.955994,
       35.561304
      ],
      [
       -80.954749,
       35.557691
      ],
      [
       -80.95417,
       35.555735
      ],
      [
       -80.954025,
       35.554313
      ],
      [
       -80.954233,
       35.55337
      ],
      [
       -80.955505,
       35.551886
      ],
      [
       -80.95866,
       35.549712
      ],
      [
       -80.959786,
       35.547853
      ],
      [
       -80.959926,
       35.546788
      ],
      [
       -80.9597,
       35.54582
      ],
      [
       -80.958381,
       35.54403
      ],
      [
       -80.956299,
       35.542526
      ],
      [
       -80.951495,
       35.539486
      ],
      [
       -80.949368,
       35.537465
      ],
      [
       -80.941867,
       35.530778
      ],
      [
       -80.941309,
       35.529747
      ],
      [
       -80.941309,
       35.528647
      ],
      [
       -80.941824,
       35.527634
      ],
      [
       -80.943498,
       35.526656
      ],
      [
       -80.945558,
       35.526552
      ],
      [
       -80.948722,
       35.528052
      ],
      [
       -80.951917,
       35.530371
      ],
      [
       -80.954136,
       35.532121
      ],
      [
       -80.955499,
       35.532375
      ],
      [
       -80.95634,
       35.531893
      ],
      [
       -80.956707,
       35.53118
      ],
      [
       -80.957636,
       35.526957
      ],
      [
       -80.957766,
       35.526756
      ],
      [
       -80.958133,
       35.525139
      ],
      [
       -80.958273,
       35.519268
      ],
      [
       -80.957737,
       35.516002
      ],
      [
       -80.957844,
       35.514832
      ],
      [
       -80.958576,
       35.513616
      ],
      [
       -80.962035,
       35.51026
      ],
      [
       -80.963402,
       35.508404
      ],
      [
       -80.963975,
       35.507071
      ],
      [
       -80.964217,
       35.504055
      ],
      [
       -80.963676,
       35.500001
      ],
      [
       -80.96363,
       35.499059
      ],
      [
       -80.962191,
       35.497463
      ],
      [
       -80.9572,
       35.493566
      ],
      [
       -80.950472,
       35.49093
      ],
      [
       -80.948872,
       35.490145
      ],
      [
       -80.942535,
       35.483522
      ],
      [
       -80.947901,
       35.480296
      ],
      [
       -80.950563,
       35.477672
      ],
      [
       -80.951575,
       35.475185
      ],
      [
       -80.951971,
       35.474548
      ],
      [
       -80.952646,
       35.473875
      ]
     ],
     "type": "LineString"
    },
    "properties": {
     "length_km": 30.97,
     "n_sites": 0,
     "name": "Catawba River",
     "order": 4,
     "riverKey": "catawba river",
     "source": "osm",
     "waterway": "river"
    },
    "type": "Feature"
   },
   {
    "geometry": {
     "coordinates": [
      [
       -80.767784,
       35.597281
      ],
      [
       -80.768747,
       35.596077
      ],
      [
       -80.769212,
       35.595627
      ],
      [
       -80.769621,
       35.594843
      ],
      [
       -80.76979,
       35.594727
      ],
      [
       -80.769744,
       35.594615
      ],
      [
       -80.769937,
       35.594423
      ],
      [
       -80.76993,
       35.594339
      ],
      [
       -80.770021,
       35.594322
      ],
      [
       -80.769978,
       35.594043
      ],
      [
       -80.770099,
       35.59402
      ],
      [
       -80.769978,
       35.593553
      ],
      [
       -80.769807,
       35.593475
      ],
      [
       -80.769938,
       35.593099
      ],
      [
       -80.769711,
       35.592829
      ],
      [
       -80.769646,
       35.592384
      ],
      [
       -80.769459,
       35.592318
      ],
      [
       -80.769571,
       35.592276
      ],
      [
       -80.769327,
       35.592154
      ],
      [
       -80.769231,
       35.5919
      ],
      [
       -80.768906,
       35.591762
      ],
      [
       -80.768926,
       35.591633
      ],
      [
       -80.768818,
       35.59156
      ],
      [
       -80.768893,
       35.591484
      ],
      [
       -80.768435,
       35.590918
      ],
      [
       -80.768536,
       35.590757
      ],
      [
       -80.768388,
       35.590674
      ],
      [
       -80.76801,
       35.590089
      ],
      [
       -80.767993,
       35.589907
      ],
      [
       -80.768208,
       35.588564
      ],
      [
       -80.768671,
       35.587423
      ],
      [
       -80.768572,
       35.584215
      ],
      [
       -80.768761,
       35.583715
      ],
      [
       -80.769461,
       35.582699
      ],
      [
       -80.770384,
       35.580572
      ],
      [
       -80.770358,
       35.578593
      ],
      [
       -80.770191,
       35.577647
      ],
      [
       -80.769539,
       35.575624
      ],
      [
       -80.769149,
       35.574965
      ],
      [
       -80.768396,
       35.574134
      ],
      [
       -80.767327,
       35.573403
      ],
      [
       -80.766359,
       35.572441
      ],
      [
       -80.765511,
       35.571891
      ],
      [
       -80.764893,
       35.571154
      ],
      [
       -80.763784,
       35.569565
      ],
      [
       -80.761559,
       35.567151
      ],
      [
       -80.760368,
       35.56626
      ],
      [
       -80.758916,
       35.565484
      ],
      [
       -80.757766,
       35.56467
      ],
      [
       -80.757148,
       35.564066
      ],
      [
       -80.756456,
       35.56318
      ],
      [
       -80.755234,
       35.55997
      ],
      [
       -80.754313,
       35.558034
      ],
      [
       -80.752602,
       35.553499
      ],
      [
       -80.752427,
       35.552702
      ],
      [
       -80.752159,
       35.551998
      ],
      [
       -80.75062,
       35.549749
      ],
      [
       -80.749625,
       35.548677
      ],
      [
       -80.749281,
       35.548073
      ],
      [
       -80.749065,
       35.546017
      ],
      [
       -80.748767,
       35.54461
      ],
      [
       -80.747561,
       35.541296
      ],
      [
       -80.747157,
       35.539779
      ],
      [
       -80.747328,
       35.535058
      ],
      [
       -80.747642,
       35.532793
      ],
      [
       -80.748185,
       35.530588
      ],
      [
       -80.749367,
       35.528087
      ],
      [
       -80.749299,
       35.527207
      ],
      [
       -80.749353,
       35.526965
      ],
      [
       -80.749886,
       35.526113
      ],
      [
       -80.750782,
       35.523992
      ],
      [
       -80.750897,
       35.522991
      ],
      [
       -80.750789,
       35.522397
      ],
      [
       -80.750387,
       35.52143
      ],
      [
       -80.749843,
       35.52066
      ],
      [
       -80.747221,
       35.517869
      ],
      [
       -80.746071,
       35.516452
      ],
      [
       -80.745949,
       35.51549
      ],
      [
       -80.745558,
       35.513709
      ],
      [
       -80.745006,
       35.513061
      ],
      [
       -80.744434,
       35.511929
      ],
      [
       -80.743949,
       35.511456
      ],
      [
       -80.742564,
       35.510594
      ],
      [
       -80.740123,
       35.509199
      ],
      [
       -80.737541,
       35.508013
      ],
      [
       -80.737191,
       35.507606
      ],
      [
       -80.737083,
       35.50732
      ],
      [
       -80.73725,
       35.505495
      ],
      [
       -80.737169,
       35.504968
      ],
      [
       -80.736617,
       35.504264
      ],
      [
       -80.735743,
       35.50372
      ],
      [
       -80.735488,
       35.503429
      ],
      [
       -80.734942,
       35.500747
      ],
      [
       -80.733744,
       35.499599
      ],
      [
       -80.733044,
       35.498555
      ],
      [
       -80.732795,
       35.497434
      ],
      [
       -80.732774,
       35.49662
      ],
      [
       -80.732881,
       35.496071
      ],
      [
       -80.733412,
       35.495191
      ],
      [
       -80.733351,
       35.494982
      ],
      [
       -80.730669,
       35.493263
      ],
      [
       -80.730574,
       35.493048
      ],
      [
       -80.73054,
       35.492191
      ],
      [
       -80.730177,
       35.491751
      ],
      [
       -80.729868,
       35.491652
      ],
      [
       -80.729599,
       35.491686
      ],
      [
       -80.728363,
       35.492274
      ],
      [
       -80.72798,
       35.492329
      ],
      [
       -80.727825,
       35.492258
      ],
      [
       -80.727704,
       35.492038
      ],
      [
       -80.727691,
       35.491708
      ],
      [
       -80.727845,
       35.49118
      ],
      [
       -80.727871,
       35.490543
      ],
      [
       -80.728227,
       35.489867
      ],
      [
       -80.728113,
       35.489493
      ],
      [
       -80.727514,
       35.488971
      ],
      [
       -80.725901,
       35.488345
      ],
      [
       -80.725599,
       35.488076
      ],
      [
       -80.724946,
       35.487191
      ],
      [
       -80.724442,
       35.486026
      ],
      [
       -80.723588,
       35.485372
      ],
      [
       -80.722468,
       35.483418
      ],
      [
       -80.72205,
       35.483347
      ],
      [
       -80.721284,
       35.483456
      ],
      [
       -80.720039,
       35.483273
      ],
      [
       -80.719474,
       35.48351
      ],
      [
       -80.718668,
       35.483477
      ],
      [
       -80.718372,
       35.483384
      ],
      [
       -80.716907,
       35.482576
      ],
      [
       -80.716194,
       35.481807
      ],
      [
       -80.715777,
       35.480768
      ],
      [
       -80.714076,
       35.477811
      ],
      [
       -80.713821,
       35.477179
      ],
      [
       -80.713585,
       35.476234
      ],
      [
       -80.713382,
       35.471891
      ],
      [
       -80.713432,
       35.460799
      ],
      [
       -80.711268,
       35.456567
      ],
      [
       -80.710353,
       35.454083
      ],
      [
       -80.708148,
       35.447273
      ],
      [
       -80.70673,
       35.44397
      ],
      [
       -80.706327,
       35.442332
      ],
      [
       -80.706186,
       35.442057
      ],
      [
       -80.704963,
       35.440744
      ],
      [
       -80.703915,
       35.439463
      ],
      [
       -80.703418,
       35.439089
      ]
     ],
     "type": "LineString"
    },
    "properties": {
     "length_km": 20.44,
     "n_sites": 13,
     "name": "Coddle Creek",
     "order": 2,
     "riverKey": "coddle creek",
     "source": "osm",
     "waterway": "stream"
    },
    "type": "Feature"
   },
   {
    "geometry": {
     "coordinates": [
      [
       [
        -80.862812,
        35.628818
       ],
       [
        -80.863363,
        35.628525
       ],
       [
        -80.863405,
        35.628313
       ],
       [
        -80.865039,
        35.627365
       ],
       [
        -80.865981,
        35.626944
       ],
       [
        -80.866148,
        35.626785
       ],
       [
        -80.86653,
        35.626002
       ],
       [
        -80.86753,
        35.625515
       ],
       [
        -80.869824,
        35.624705
       ],
       [
        -80.870917,
        35.624645
       ],
       [
        -80.871733,
        35.624408
       ],
       [
        -80.872499,
        35.623964
       ],
       [
        -80.872707,
        35.623376
       ],
       [
        -80.876212,
        35.618941
       ],
       [
        -80.878049,
        35.617875
       ],
       [
        -80.88046,
        35.617308
       ],
       [
        -80.883024,
        35.61714
       ],
       [
        -80.885629,
        35.617794
       ],
       [
        -80.886557,
        35.617522
       ],
       [
        -80.887986,
        35.616693
       ],
       [
        -80.891535,
        35.617222
       ],
       [
        -80.891955,
        35.617602
       ],
       [
        -80.89653,
        35.61819
       ],
       [
        -80.897416,
        35.619172
       ],
       [
        -80.897548,
        35.619189
       ],
       [
        -80.897844,
        35.619517
       ],
       [
        -80.898579,
        35.619901
       ],
       [
        -80.899503,
        35.620019
       ],
       [
        -80.899762,
        35.620306
       ],
       [
        -80.900106,
        35.620386
       ],
       [
        -80.900402,
        35.620714
       ],
       [
        -80.900578,
        35.620737
       ],
       [
        -80.900763,
        35.620941
       ],
       [
        -80.901994,
        35.621099
       ],
       [
        -80.902105,
        35.621222
       ],
       [
        -80.902985,
        35.621335
       ],
       [
        -80.903177,
        35.621505
       ],
       [
        -80.90435,
        35.621728
       ]
      ],
      [
       [
        -80.830744,
        35.631891
       ],
       [
        -80.830804,
        35.631781
       ],
       [
        -80.831684,
        35.631281
       ],
       [
        -80.832531,
        35.630903
       ],
       [
        -80.832921,
        35.630546
       ],
       [
        -80.834933,
        35.629602
       ],
       [
        -80.835693,
        35.629147
       ],
       [
        -80.83709,
        35.627896
       ],
       [
        -80.837964,
        35.626905
       ],
       [
        -80.838706,
        35.626699
       ],
       [
        -80.838975,
        35.626699
       ],
       [
        -80.840537,
        35.627205
       ],
       [
        -80.841008,
        35.627216
       ],
       [
        -80.841647,
        35.626952
       ],
       [
        -80.842595,
        35.626327
       ],
       [
        -80.843214,
        35.626305
       ],
       [
        -80.843537,
        35.626437
       ],
       [
        -80.843968,
        35.626426
       ],
       [
        -80.844399,
        35.626832
       ],
       [
        -80.844809,
        35.626909
       ],
       [
        -80.844958,
        35.627008
       ],
       [
        -80.845039,
        35.627634
       ],
       [
        -80.845544,
        35.628024
       ],
       [
        -80.845813,
        35.628128
       ],
       [
        -80.846621,
        35.628227
       ],
       [
        -80.847179,
        35.628084
       ],
       [
        -80.848645,
        35.62725
       ],
       [
        -80.849365,
        35.627129
       ],
       [
        -80.849823,
        35.626915
       ],
       [
        -80.850415,
        35.626822
       ],
       [
        -80.850765,
        35.627036
       ],
       [
        -80.851115,
        35.62691
       ],
       [
        -80.851653,
        35.627152
       ],
       [
        -80.851835,
        35.627086
       ],
       [
        -80.852151,
        35.626756
       ],
       [
        -80.852622,
        35.626674
       ],
       [
        -80.852807,
        35.626471
       ],
       [
        -80.853079,
        35.626433
       ],
       [
        -80.853611,
        35.626592
       ],
       [
        -80.85436,
        35.627509
       ],
       [
        -80.854565,
        35.627658
       ],
       [
        -80.855055,
        35.627418
       ],
       [
        -80.855275,
        35.627446
       ],
       [
        -80.855386,
        35.627569
       ],
       [
        -80.855745,
        35.627579
       ],
       [
        -80.856154,
        35.627343
       ],
       [
        -80.856374,
        35.627371
       ],
       [
        -80.856447,
        35.627453
       ],
       [
        -80.857371,
        35.627572
       ],
       [
        -80.857788,
        35.627517
       ],
       [
        -80.858797,
        35.627213
       ],
       [
        -80.859545,
        35.627309
       ],
       [
        -80.860032,
        35.627806
       ],
       [
        -80.860575,
        35.628021
       ],
       [
        -80.861432,
        35.628927
       ],
       [
        -80.861827,
        35.628985
       ]
      ]
     ],
     "type": "MultiLineString"
    },
    "properties": {
     "length_km": 8.01,
     "n_sites": 1,
     "name": "Cornelius Creek",
     "order": 2,
     "riverKey": "cornelius creek",
     "source": "osm",
     "waterway": "stream"
    },
    "type": "Feature"
   },
   {
    "geometry": {
     "coordinates": [
      [
       [
        -80.866373,
        35.507069
       ],
       [
        -80.866523,
        35.507116
       ],
       [
        -80.866563,
        35.508103
       ],
       [
        -80.866874,
        35.50909
       ],
       [
        -80.867679,
        35.51002
       ],
       [
        -80.868404,
        35.510488
       ],
       [
        -80.869714,
        35.510983
       ],
       [
        -80.870944,
        35.511142
       ],
       [
        -80.871536,
        35.51111
       ],
       [
        -80.875876,
        35.510431
       ],
       [
        -80.884639,
        35.511604
       ],
       [
        -80.887493,
        35.509945
       ],
       [
        -80.887801,
        35.509985
       ],
       [
        -80.888157,
        35.509778
       ],
       [
        -80.891835,
        35.509697
       ],
       [
        -80.899436,
        35.510791
       ],
       [
        -80.907353,
        35.512098
       ]
      ],
      [
       [
        -80.852941,
        35.532928
       ],
       [
        -80.853404,
        35.532178
       ],
       [
        -80.853374,
        35.53141
       ],
       [
        -80.85357,
        35.529553
       ],
       [
        -80.853845,
        35.528681
       ],
       [
        -80.853646,
        35.528181
       ],
       [
        -80.853778,
        35.527348
       ],
       [
        -80.853192,
        35.526223
       ],
       [
        -80.852897,
        35.525896
       ],
       [
        -80.853307,
        35.523849
       ],
       [
        -80.853251,
        35.523227
       ],
       [
        -80.853552,
        35.521275
       ],
       [
        -80.853454,
        35.520864
       ],
       [
        -80.854084,
        35.517942
       ],
       [
        -80.854237,
        35.517853
       ],
       [
        -80.854373,
        35.5174
       ],
       [
        -80.854751,
        35.517087
       ],
       [
        -80.855039,
        35.516545
       ],
       [
        -80.855192,
        35.516456
       ],
       [
        -80.855242,
        35.516209
       ],
       [
        -80.856465,
        35.515499
       ],
       [
        -80.85694,
        35.515379
       ],
       [
        -80.857647,
        35.515
       ],
       [
        -80.857822,
        35.515022
       ],
       [
        -80.860779,
        35.513305
       ],
       [
        -80.863278,
        35.51234
       ],
       [
        -80.863596,
        35.512132
       ],
       [
        -80.863796,
        35.511866
       ],
       [
        -80.865141,
        35.50862
       ],
       [
        -80.865248,
        35.508081
       ],
       [
        -80.864966,
        35.507692
       ],
       [
        -80.864971,
        35.50744
       ],
       [
        -80.865868,
        35.507045
       ]
      ]
     ],
     "type": "MultiLineString"
    },
    "properties": {
     "length_km": 7.58,
     "n_sites": 2,
     "name": "Davidson Creek",
     "order": 4,
     "riverKey": "davidson creek",
     "source": "osm",
     "waterway": "river"
    },
    "type": "Feature"
   },
   {
    "geometry": {
     "coordinates": [
      [
       [
        -80.798348,
        35.577043
       ],
       [
        -80.797984,
        35.576439
       ],
       [
        -80.797789,
        35.575812
       ],
       [
        -80.797554,
        35.575405
       ],
       [
        -80.797238,
        35.574449
       ],
       [
        -80.797217,
        35.573862
       ]
      ],
      [
       [
        -80.797156,
        35.573681
       ],
       [
        -80.796451,
        35.572629
       ],
       [
        -80.796431,
        35.572344
       ],
       [
        -80.796822,
        35.569436
       ],
       [
        -80.796835,
        35.568842
       ],
       [
        -80.797192,
        35.567743
       ],
       [
        -80.796769,
        35.566402
       ],
       [
        -80.796749,
        35.565797
       ],
       [
        -80.796951,
        35.564835
       ],
       [
        -80.796702,
        35.563846
       ],
       [
        -80.796063,
        35.561999
       ],
       [
        -80.795929,
        35.561306
       ],
       [
        -80.796192,
        35.559679
       ],
       [
        -80.796609,
        35.558426
       ],
       [
        -80.796777,
        35.557552
       ],
       [
        -80.796825,
        35.555908
       ],
       [
        -80.796442,
        35.554111
       ],
       [
        -80.797276,
        35.553122
       ],
       [
        -80.797639,
        35.552446
       ],
       [
        -80.79774,
        35.552006
       ],
       [
        -80.797713,
        35.55139
       ],
       [
        -80.798036,
        35.550511
       ],
       [
        -80.798245,
        35.548472
       ],
       [
        -80.798198,
        35.547092
       ],
       [
        -80.797929,
        35.546218
       ],
       [
        -80.797842,
        35.545415
       ],
       [
        -80.797789,
        35.544085
       ],
       [
        -80.797903,
        35.543316
       ],
       [
        -80.797197,
        35.540831
       ],
       [
        -80.796875,
        35.540215
       ],
       [
        -80.795954,
        35.539616
       ],
       [
        -80.795671,
        35.539336
       ],
       [
        -80.794979,
        35.538165
       ],
       [
        -80.793345,
        35.535768
       ],
       [
        -80.791725,
        35.533762
       ],
       [
        -80.790085,
        35.532002
       ],
       [
        -80.78905,
        35.53148
       ],
       [
        -80.785654,
        35.530309
       ],
       [
        -80.785197,
        35.530028
       ],
       [
        -80.784129,
        35.528291
       ],
       [
        -80.78144,
        35.524855
       ],
       [
        -80.780865,
        35.524071
       ],
       [
        -80.780669,
        35.523577
       ],
       [
        -80.780138,
        35.522951
       ],
       [
        -80.779961,
        35.522357
       ],
       [
        -80.779972,
        35.521868
       ],
       [
        -80.780117,
        35.521648
       ],
       [
        -80.780017,
        35.521394
       ],
       [
        -80.780135,
        35.521189
       ],
       [
        -80.780031,
        35.521098
       ],
       [
        -80.779661,
        35.521087
       ],
       [
        -80.779164,
        35.520894
       ]
      ]
     ],
     "type": "MultiLineString"
    },
    "properties": {
     "length_km": 7.0,
     "n_sites": 4,
     "name": "Dye Creek",
     "order": 2,
     "riverKey": "dye creek",
     "source": "osm",
     "waterway": "stream"
    },
    "type": "Feature"
   },
   {
    "geometry": {
     "coordinates": [
      [
       -80.704681,
       35.565562
      ],
      [
       -80.705299,
       35.565402
      ],
      [
       -80.705838,
       35.565067
      ],
      [
       -80.707324,
       35.563901
      ],
      [
       -80.707438,
       35.563362
      ],
      [
       -80.708467,
       35.561697
      ],
      [
       -80.709327,
       35.559872
      ],
      [
       -80.709637,
       35.559064
      ],
      [
       -80.709798,
       35.558096
      ],
      [
       -80.710013,
       35.557975
      ],
      [
       -80.710471,
       35.557942
      ],
      [
       -80.710672,
       35.557601
      ],
      [
       -80.711419,
       35.557392
      ],
      [
       -80.712575,
       35.555672
      ],
      [
       -80.713503,
       35.554105
      ],
      [
       -80.714256,
       35.553209
      ],
      [
       -80.714754,
       35.553132
      ],
      [
       -80.715426,
       35.552736
      ],
      [
       -80.717376,
       35.551922
      ],
      [
       -80.718177,
       35.551691
      ],
      [
       -80.719925,
       35.551344
      ],
      [
       -80.721835,
       35.551222
      ],
      [
       -80.725763,
       35.550798
      ],
      [
       -80.726557,
       35.550781
      ],
      [
       -80.727593,
       35.550935
      ],
      [
       -80.728844,
       35.551407
      ],
      [
       -80.729368,
       35.551478
      ],
      [
       -80.729718,
       35.551401
      ],
      [
       -80.730384,
       35.551148
      ],
      [
       -80.730935,
       35.550807
      ],
      [
       -80.731608,
       35.550692
      ],
      [
       -80.731811,
       35.550498
      ],
      [
       -80.732176,
       35.550335
      ],
      [
       -80.732811,
       35.549443
      ],
      [
       -80.733355,
       35.54891
      ],
      [
       -80.734935,
       35.547892
      ],
      [
       -80.736143,
       35.546982
      ],
      [
       -80.736701,
       35.546907
      ],
      [
       -80.737187,
       35.546518
      ],
      [
       -80.73786,
       35.546495
      ],
      [
       -80.738126,
       35.546291
      ],
      [
       -80.73877,
       35.546195
      ],
      [
       -80.739277,
       35.545987
      ],
      [
       -80.739368,
       35.545852
      ],
      [
       -80.739642,
       35.545164
      ],
      [
       -80.739948,
       35.54479
      ],
      [
       -80.73995,
       35.544665
      ],
      [
       -80.739721,
       35.544295
      ],
      [
       -80.739903,
       35.543835
      ],
      [
       -80.740271,
       35.543729
      ],
      [
       -80.740944,
       35.543068
      ],
      [
       -80.741025,
       35.542873
      ],
      [
       -80.74102,
       35.542267
      ],
      [
       -80.741101,
       35.541923
      ],
      [
       -80.741261,
       35.541717
      ],
      [
       -80.741244,
       35.54141
      ],
      [
       -80.741782,
       35.541118
      ],
      [
       -80.741951,
       35.540644
      ],
      [
       -80.741833,
       35.540285
      ],
      [
       -80.741581,
       35.540159
      ],
      [
       -80.741461,
       35.539919
      ],
      [
       -80.741249,
       35.53863
      ],
      [
       -80.741027,
       35.538375
      ],
      [
       -80.74097,
       35.538158
      ],
      [
       -80.741038,
       35.537964
      ],
      [
       -80.74099,
       35.537616
      ],
      [
       -80.741147,
       35.537281
      ],
      [
       -80.740849,
       35.536467
      ],
      [
       -80.740901,
       35.535475
      ],
      [
       -80.740473,
       35.534192
      ],
      [
       -80.740645,
       35.53295
      ],
      [
       -80.740748,
       35.532884
      ],
      [
       -80.740771,
       35.5324
      ],
      [
       -80.739941,
       35.530752
      ],
      [
       -80.739288,
       35.529851
      ],
      [
       -80.739046,
       35.529295
      ],
      [
       -80.739072,
       35.529117
      ],
      [
       -80.738092,
       35.527413
      ],
      [
       -80.737508,
       35.525682
      ],
      [
       -80.737334,
       35.524908
      ],
      [
       -80.736833,
       35.517333
      ],
      [
       -80.736382,
       35.5155
      ],
      [
       -80.736328,
       35.514928
      ],
      [
       -80.736556,
       35.513455
      ],
      [
       -80.736838,
       35.512339
      ],
      [
       -80.73714,
       35.511547
      ],
      [
       -80.737475,
       35.510074
      ],
      [
       -80.737608,
       35.508496
      ],
      [
       -80.737541,
       35.508013
      ]
     ],
     "type": "LineString"
    },
    "properties": {
     "length_km": 8.7,
     "n_sites": 2,
     "name": "East Fork",
     "order": 2,
     "riverKey": "east fork",
     "source": "osm",
     "waterway": "stream"
    },
    "type": "Feature"
   },
   {
    "geometry": {
     "coordinates": [
      [
       -80.76876,
       35.498869
      ],
      [
       -80.768014,
       35.498253
      ],
      [
       -80.767938,
       35.498285
      ],
      [
       -80.767589,
       35.497606
      ],
      [
       -80.767362,
       35.497387
      ],
      [
       -80.767064,
       35.497385
      ],
      [
       -80.766798,
       35.497252
      ],
      [
       -80.766194,
       35.496784
      ],
      [
       -80.76575,
       35.496279
      ],
      [
       -80.764514,
       35.495618
      ],
      [
       -80.763721,
       35.494629
      ],
      [
       -80.762479,
       35.493754
      ],
      [
       -80.762297,
       35.493694
      ],
      [
       -80.76186,
       35.493721
      ],
      [
       -80.760838,
       35.494584
      ],
      [
       -80.75905,
       35.494995
      ],
      [
       -80.7586,
       35.494923
      ],
      [
       -80.758177,
       35.494753
      ],
      [
       -80.757505,
       35.494401
      ],
      [
       -80.757034,
       35.494043
      ],
      [
       -80.755724,
       35.493554
      ],
      [
       -80.755019,
       35.492916
      ],
      [
       -80.754683,
       35.492756
      ],
      [
       -80.754199,
       35.492701
      ],
      [
       -80.752345,
       35.492238
      ],
      [
       -80.751182,
       35.492216
      ],
      [
       -80.750416,
       35.492006
      ],
      [
       -80.749312,
       35.492084
      ],
      [
       -80.748539,
       35.49204
      ],
      [
       -80.747557,
       35.491689
      ],
      [
       -80.746926,
       35.491557
      ],
      [
       -80.746307,
       35.491541
      ],
      [
       -80.745796,
       35.491618
      ],
      [
       -80.743962,
       35.492367
      ],
      [
       -80.743149,
       35.491949
      ],
      [
       -80.742705,
       35.491845
      ],
      [
       -80.74214,
       35.491823
      ],
      [
       -80.74163,
       35.491664
      ],
      [
       -80.740823,
       35.49195
      ],
      [
       -80.739949,
       35.491791
      ],
      [
       -80.739493,
       35.491836
      ],
      [
       -80.737866,
       35.49143
      ],
      [
       -80.737315,
       35.491364
      ],
      [
       -80.737073,
       35.49143
      ],
      [
       -80.736031,
       35.491084
      ],
      [
       -80.735023,
       35.491123
      ],
      [
       -80.734404,
       35.491024
      ],
      [
       -80.733719,
       35.491019
      ],
      [
       -80.73228,
       35.490794
      ],
      [
       -80.730325,
       35.491147
      ],
      [
       -80.730157,
       35.491334
      ],
      [
       -80.73009,
       35.491713
      ]
     ],
     "type": "LineString"
    },
    "properties": {
     "length_km": 4.04,
     "n_sites": 0,
     "name": "Emerson Branch",
     "order": 2,
     "riverKey": "emerson branch",
     "source": "osm",
     "waterway": "stream"
    },
    "type": "Feature"
   },
   {
    "geometry": {
     "coordinates": [
      [
       [
        -80.867704,
        35.500794
       ],
       [
        -80.867835,
        35.500772
       ],
       [
        -80.868277,
        35.499908
       ],
       [
        -80.868811,
        35.499321
       ],
       [
        -80.869229,
        35.49905
       ],
       [
        -80.869986,
        35.498814
       ],
       [
        -80.871697,
        35.499035
       ],
       [
        -80.872335,
        35.499225
       ],
       [
        -80.872883,
        35.499505
       ],
       [
        -80.873323,
        35.499906
       ],
       [
        -80.873666,
        35.500369
       ],
       [
        -80.874098,
        35.501558
       ],
       [
        -80.875876,
        35.510431
       ]
      ],
      [
       [
        -80.862403,
        35.488988
       ],
       [
        -80.862615,
        35.489032
       ],
       [
        -80.8628,
        35.489237
       ],
       [
        -80.862906,
        35.48983
       ],
       [
        -80.863468,
        35.490626
       ],
       [
        -80.863641,
        35.491336
       ],
       [
        -80.864041,
        35.492039
       ],
       [
        -80.86402,
        35.492145
       ],
       [
        -80.864204,
        35.49235
       ],
       [
        -80.864218,
        35.493184
       ],
       [
        -80.864307,
        35.493413
       ],
       [
        -80.864876,
        35.494174
       ],
       [
        -80.864855,
        35.49428
       ],
       [
        -80.865408,
        35.494894
       ],
       [
        -80.865978,
        35.494968
       ],
       [
        -80.8676,
        35.496769
       ],
       [
        -80.867756,
        35.497115
       ],
       [
        -80.867847,
        35.497561
       ],
       [
        -80.867763,
        35.497985
       ],
       [
        -80.866917,
        35.499932
       ],
       [
        -80.86688,
        35.500181
       ],
       [
        -80.866923,
        35.5004
       ],
       [
        -80.867231,
        35.500634
       ]
      ]
     ],
     "type": "MultiLineString"
    },
    "properties": {
     "length_km": 3.35,
     "n_sites": 2,
     "name": "Gambles Creek",
     "order": 4,
     "riverKey": "gambles creek",
     "source": "osm",
     "waterway": "river"
    },
    "type": "Feature"
   },
   {
    "geometry": {
     "coordinates": [
      [
       [
        -80.922846,
        35.559182
       ],
       [
        -80.923726,
        35.559748
       ],
       [
        -80.925393,
        35.560146
       ],
       [
        -80.927397,
        35.560796
       ],
       [
        -80.928015,
        35.561138
       ],
       [
        -80.928791,
        35.561342
       ],
       [
        -80.930084,
        35.561454
       ],
       [
        -80.930621,
        35.561704
       ],
       [
        -80.93134,
        35.561941
       ],
       [
        -80.931692,
        35.561986
       ],
       [
        -80.932092,
        35.561784
       ],
       [
        -80.932724,
        35.561105
       ],
       [
        -80.933444,
        35.560655
       ],
       [
        -80.933582,
        35.560419
       ],
       [
        -80.934141,
        35.559876
       ],
       [
        -80.934248,
        35.559564
       ],
       [
        -80.934816,
        35.559202
       ],
       [
        -80.935419,
        35.558665
       ],
       [
        -80.936132,
        35.55825
       ],
       [
        -80.937011,
        35.558362
       ],
       [
        -80.937277,
        35.558614
       ],
       [
        -80.937571,
        35.558724
       ],
       [
        -80.938198,
        35.559419
       ],
       [
        -80.939297,
        35.55956
       ],
       [
        -80.940303,
        35.559038
       ],
       [
        -80.94063,
        35.558754
       ],
       [
        -80.940658,
        35.558613
       ],
       [
        -80.941219,
        35.558287
       ],
       [
        -80.941254,
        35.558111
       ],
       [
        -80.941472,
        35.557921
       ],
       [
        -80.942644,
        35.557239
       ],
       [
        -80.945104,
        35.557338
       ],
       [
        -80.946647,
        35.556378
       ],
       [
        -80.946821,
        35.556183
       ],
       [
        -80.94804,
        35.555536
       ],
       [
        -80.949277,
        35.555312
       ],
       [
        -80.950959,
        35.554887
       ],
       [
        -80.952608,
        35.554704
       ],
       [
        -80.954025,
        35.554313
       ]
      ],
      [
       [
        -80.896662,
        35.482573
       ],
       [
        -80.897976,
        35.482427
       ],
       [
        -80.898764,
        35.4822
       ],
       [
        -80.901276,
        35.482182
       ],
       [
        -80.902293,
        35.482277
       ],
       [
        -80.902694,
        35.482075
       ],
       [
        -80.903365,
        35.481872
       ],
       [
        -80.903628,
        35.481906
       ],
       [
        -80.904731,
        35.481794
       ],
       [
        -80.904833,
        35.481735
       ],
       [
        -80.905009,
        35.481758
       ],
       [
        -80.905213,
        35.481639
       ],
       [
        -80.907665,
        35.481991
       ],
       [
        -80.907775,
        35.482114
       ],
       [
        -80.907951,
        35.482136
       ],
       [
        -80.908444,
        35.482598
       ],
       [
        -80.912484,
        35.483118
       ],
       [
        -80.913526,
        35.483541
       ],
       [
        -80.916229,
        35.485119
       ],
       [
        -80.922897,
        35.490242
       ],
       [
        -80.925432,
        35.492642
       ],
       [
        -80.927647,
        35.495923
       ]
      ],
      [
       [
        -80.894501,
        35.482153
       ],
       [
        -80.894841,
        35.482411
       ],
       [
        -80.895613,
        35.482677
       ],
       [
        -80.895852,
        35.482837
       ],
       [
        -80.896423,
        35.48274
       ]
      ]
     ],
     "type": "MultiLineString"
    },
    "properties": {
     "length_km": 7.03,
     "n_sites": 0,
     "name": "Hager Creek",
     "order": 2,
     "riverKey": "hager creek",
     "source": "osm",
     "waterway": "stream"
    },
    "type": "Feature"
   },
   {
    "geometry": {
     "coordinates": [
      [
       -80.914623,
       35.688893
      ],
      [
       -80.914504,
       35.688465
      ],
      [
       -80.914006,
       35.688074
      ],
      [
       -80.913979,
       35.687872
      ],
      [
       -80.914155,
       35.687389
      ],
      [
       -80.914532,
       35.687015
      ],
      [
       -80.91464,
       35.686797
      ],
      [
       -80.91499,
       35.686599
      ],
      [
       -80.915368,
       35.685941
      ],
      [
       -80.915147,
       35.684182
      ],
      [
       -80.915383,
       35.68315
      ],
      [
       -80.915896,
       35.681656
      ],
      [
       -80.916004,
       35.680558
      ],
      [
       -80.916166,
       35.680295
      ],
      [
       -80.916678,
       35.679966
      ],
      [
       -80.917418,
       35.679973
      ],
      [
       -80.918509,
       35.679782
      ],
      [
       -80.919782,
       35.679375
      ],
      [
       -80.921616,
       35.678937
      ],
      [
       -80.921981,
       35.678908
      ],
      [
       -80.922473,
       35.678998
      ],
      [
       -80.922864,
       35.678879
      ],
      [
       -80.92295,
       35.678599
      ],
      [
       -80.923708,
       35.678575
      ],
      [
       -80.923767,
       35.678451
      ],
      [
       -80.923633,
       35.67828
      ],
      [
       -80.92365,
       35.67816
      ],
      [
       -80.924813,
       35.676105
      ],
      [
       -80.926254,
       35.674951
      ],
      [
       -80.926566,
       35.674839
      ],
      [
       -80.927167,
       35.675024
      ],
      [
       -80.927505,
       35.675046
      ],
      [
       -80.928053,
       35.674839
      ],
      [
       -80.928616,
       35.674784
      ],
      [
       -80.928892,
       35.674637
      ],
      [
       -80.929019,
       35.673625
      ],
      [
       -80.929237,
       35.673357
      ],
      [
       -80.929555,
       35.67317
      ],
      [
       -80.930099,
       35.672991
      ],
      [
       -80.930372,
       35.672709
      ],
      [
       -80.930634,
       35.671451
      ],
      [
       -80.931167,
       35.670631
      ],
      [
       -80.93175,
       35.669202
      ],
      [
       -80.932593,
       35.668207
      ],
      [
       -80.932841,
       35.667482
      ],
      [
       -80.93308,
       35.66708
      ],
      [
       -80.933516,
       35.666857
      ],
      [
       -80.935192,
       35.66681
      ],
      [
       -80.935519,
       35.666719
      ],
      [
       -80.935737,
       35.666485
      ],
      [
       -80.935776,
       35.666203
      ],
      [
       -80.935657,
       35.665966
      ],
      [
       -80.935342,
       35.665755
      ],
      [
       -80.934762,
       35.665594
      ],
      [
       -80.934099,
       35.664975
      ],
      [
       -80.933828,
       35.664309
      ],
      [
       -80.933794,
       35.664047
      ],
      [
       -80.93389,
       35.663777
      ],
      [
       -80.93435,
       35.663512
      ],
      [
       -80.934957,
       35.663316
      ],
      [
       -80.93637,
       35.663167
      ],
      [
       -80.936681,
       35.66304
      ],
      [
       -80.937003,
       35.662778
      ],
      [
       -80.937207,
       35.661742
      ],
      [
       -80.936981,
       35.660805
      ],
      [
       -80.937069,
       35.660357
      ],
      [
       -80.93773,
       35.659362
      ],
      [
       -80.938707,
       35.658773
      ],
      [
       -80.939232,
       35.658312
      ],
      [
       -80.939409,
       35.657984
      ],
      [
       -80.939474,
       35.657433
      ],
      [
       -80.939312,
       35.656874
      ],
      [
       -80.938254,
       35.655768
      ],
      [
       -80.937605,
       35.655395
      ],
      [
       -80.93687,
       35.655206
      ],
      [
       -80.936411,
       35.654913
      ],
      [
       -80.936237,
       35.654693
      ],
      [
       -80.936154,
       35.654382
      ],
      [
       -80.936192,
       35.65353
      ],
      [
       -80.935944,
       35.652866
      ],
      [
       -80.933338,
       35.649146
      ],
      [
       -80.933318,
       35.648521
      ],
      [
       -80.93355,
       35.648068
      ],
      [
       -80.934344,
       35.647358
      ],
      [
       -80.934601,
       35.64696
      ],
      [
       -80.936568,
       35.643144
      ],
      [
       -80.936797,
       35.642931
      ],
      [
       -80.939104,
       35.641528
      ],
      [
       -80.939356,
       35.641256
      ],
      [
       -80.939579,
       35.640756
      ],
      [
       -80.939822,
       35.640537
      ],
      [
       -80.940211,
       35.64047
      ],
      [
       -80.941308,
       35.639874
      ],
      [
       -80.942169,
       35.638922
      ],
      [
       -80.942549,
       35.638732
      ],
      [
       -80.943318,
       35.63763
      ],
      [
       -80.943554,
       35.63709
      ]
     ],
     "type": "LineString"
    },
    "properties": {
     "length_km": 7.92,
     "n_sites": 0,
     "name": "Hicks Creek",
     "order": 2,
     "riverKey": "hicks creek",
     "source": "osm",
     "waterway": "stream"
    },
    "type": "Feature"
   },
   {
    "geometry": {
     "coordinates": [
      [
       [
        -80.936424,
        35.570704
       ],
       [
        -80.939793,
        35.570445
       ],
       [
        -80.940301,
        35.570282
       ],
       [
        -80.941196,
        35.569958
       ],
       [
        -80.94289,
        35.56914
       ],
       [
        -80.943219,
        35.569073
       ],
       [
        -80.943678,
        35.568807
       ],
       [
        -80.944012,
        35.568488
       ],
       [
        -80.944098,
        35.568282
       ],
       [
        -80.944506,
        35.568044
       ],
       [
        -80.945192,
        35.56777
       ],
       [
        -80.945835,
        35.567708
       ],
       [
        -80.946542,
        35.567328
       ],
       [
        -80.946661,
        35.566729
       ],
       [
        -80.94651,
        35.56613
       ],
       [
        -80.946735,
        35.565001
       ],
       [
        -80.946643,
        35.564555
       ],
       [
        -80.946669,
        35.564197
       ],
       [
        -80.946432,
        35.563804
       ],
       [
        -80.945878,
        35.563191
       ],
       [
        -80.945809,
        35.562856
       ],
       [
        -80.945299,
        35.562248
       ],
       [
        -80.945304,
        35.561995
       ],
       [
        -80.945067,
        35.561603
       ],
       [
        -80.944335,
        35.560749
       ],
       [
        -80.944384,
        35.560502
       ],
       [
        -80.944207,
        35.560262
       ],
       [
        -80.944645,
        35.557605
       ],
       [
        -80.945104,
        35.557338
       ]
      ],
      [
       [
        -80.866609,
        35.638957
       ],
       [
        -80.866712,
        35.638273
       ],
       [
        -80.866942,
        35.637809
       ],
       [
        -80.866872,
        35.637274
       ],
       [
        -80.866527,
        35.636483
       ]
      ],
      [
       [
        -80.86337,
        35.659758
       ],
       [
        -80.862945,
        35.658978
       ],
       [
        -80.86248,
        35.658342
       ],
       [
        -80.862345,
        35.657848
       ],
       [
        -80.862365,
        35.657606
       ],
       [
        -80.862667,
        35.657266
       ],
       [
        -80.862594,
        35.656778
       ],
       [
        -80.862653,
        35.656475
       ],
       [
        -80.863002,
        35.656124
       ],
       [
        -80.863325,
        35.65518
       ],
       [
        -80.863661,
        35.654631
       ],
       [
        -80.864131,
        35.654241
       ],
       [
        -80.864851,
        35.653885
       ],
       [
        -80.865174,
        35.65361
       ],
       [
        -80.865504,
        35.653133
       ],
       [
        -80.865584,
        35.652611
       ],
       [
        -80.865826,
        35.652359
       ],
       [
        -80.865878,
        35.651118
       ],
       [
        -80.866012,
        35.650712
       ],
       [
        -80.866671,
        35.649526
       ],
       [
        -80.866778,
        35.649153
       ],
       [
        -80.866897,
        35.647429
       ],
       [
        -80.866951,
        35.647276
       ],
       [
        -80.867381,
        35.646847
       ],
       [
        -80.867515,
        35.645925
       ],
       [
        -80.867735,
        35.645279
       ],
       [
        -80.867743,
        35.645168
       ],
       [
        -80.867406,
        35.644619
       ],
       [
        -80.867256,
        35.643631
       ],
       [
        -80.866865,
        35.642577
       ],
       [
        -80.866433,
        35.642006
       ],
       [
        -80.866635,
        35.641413
       ],
       [
        -80.866554,
        35.641215
       ],
       [
        -80.866601,
        35.640952
       ],
       [
        -80.866499,
        35.640227
       ],
       [
        -80.866592,
        35.639327
       ]
      ],
      [
       [
        -80.866397,
        35.636242
       ],
       [
        -80.865626,
        35.635475
       ],
       [
        -80.865533,
        35.634812
       ],
       [
        -80.865,
        35.634092
       ],
       [
        -80.865021,
        35.633986
       ],
       [
        -80.864881,
        35.633787
       ],
       [
        -80.86519,
        35.632017
       ],
       [
        -80.865115,
        35.631718
       ],
       [
        -80.865331,
        35.63019
       ],
       [
        -80.865137,
        35.629803
       ],
       [
        -80.865256,
        35.628986
       ],
       [
        -80.865115,
        35.628787
       ],
       [
        -80.864785,
        35.627513
       ]
      ]
     ],
     "type": "MultiLineString"
    },
    "properties": {
     "length_km": 6.0,
     "n_sites": 3,
     "name": "Hobbs Creek",
     "order": 2,
     "riverKey": "hobbs creek",
     "source": "osm",
     "waterway": "stream"
    },
    "type": "Feature"
   },
   {
    "geometry": {
     "coordinates": [
      [
       -80.953937,
       35.60721
      ],
      [
       -80.952042,
       35.608342
      ],
      [
       -80.949403,
       35.608004
      ],
      [
       -80.948886,
       35.607432
      ],
      [
       -80.948759,
       35.607162
      ],
      [
       -80.94765,
       35.605934
      ],
      [
       -80.946814,
       35.605827
      ],
      [
       -80.945101,
       35.605825
      ],
      [
       -80.944019,
       35.606137
      ],
      [
       -80.943312,
       35.606152
      ]
     ],
     "type": "LineString"
    },
    "properties": {
     "length_km": 1.13,
     "n_sites": 0,
     "name": "Holdsclaw Creek",
     "order": 2,
     "riverKey": "holdsclaw creek",
     "source": "osm",
     "waterway": "stream"
    },
    "type": "Feature"
   },
   {
    "geometry": {
     "coordinates": [
      [
       -80.858655,
       35.6843
      ],
      [
       -80.860245,
       35.684755
      ],
      [
       -80.860595,
       35.685063
      ],
      [
       -80.861229,
       35.685271
      ],
      [
       -80.861613,
       35.685678
      ],
      [
       -80.862645,
       35.687094
      ],
      [
       -80.86278,
       35.68784
      ],
      [
       -80.862459,
       35.689312
      ],
      [
       -80.862467,
       35.690234
      ],
      [
       -80.862723,
       35.690717
      ],
      [
       -80.8642,
       35.692638
      ],
      [
       -80.864673,
       35.693123
      ]
     ],
     "type": "LineString"
    },
    "properties": {
     "length_km": 1.23,
     "n_sites": 0,
     "name": "I-L Creek",
     "order": 2,
     "riverKey": "i-l creek",
     "source": "osm",
     "waterway": "stream"
    },
    "type": "Feature"
   },
   {
    "geometry": {
     "coordinates": [
      [
       -80.859037,
       35.66259
      ],
      [
       -80.85796,
       35.662195
      ],
      [
       -80.857125,
       35.662041
      ],
      [
       -80.855415,
       35.661822
      ],
      [
       -80.854984,
       35.661822
      ],
      [
       -80.854418,
       35.661937
      ],
      [
       -80.853799,
       35.661799
      ],
      [
       -80.853382,
       35.661821
      ],
      [
       -80.852655,
       35.662337
      ],
      [
       -80.85209,
       35.662513
      ],
      [
       -80.849357,
       35.662996
      ],
      [
       -80.847849,
       35.663522
      ],
      [
       -80.846826,
       35.663522
      ],
      [
       -80.846314,
       35.663489
      ],
      [
       -80.845991,
       35.663379
      ],
      [
       -80.844913,
       35.662611
      ],
      [
       -80.844156,
       35.662357
      ]
     ],
     "type": "LineString"
    },
    "properties": {
     "length_km": 1.45,
     "n_sites": 0,
     "name": "Kerr Branch",
     "order": 2,
     "riverKey": "kerr branch",
     "source": "osm",
     "waterway": "stream"
    },
    "type": "Feature"
   },
   {
    "geometry": {
     "coordinates": [
      [
       -80.887869,
       35.482409
      ],
      [
       -80.887928,
       35.483262
      ],
      [
       -80.888341,
       35.483809
      ],
      [
       -80.888543,
       35.484378
      ],
      [
       -80.888568,
       35.484707
      ],
      [
       -80.888892,
       35.485111
      ],
      [
       -80.889012,
       35.485415
      ],
      [
       -80.889682,
       35.486117
      ],
      [
       -80.890216,
       35.487054
      ],
      [
       -80.890096,
       35.487654
      ],
      [
       -80.889762,
       35.487973
      ],
      [
       -80.889727,
       35.48815
      ],
      [
       -80.889379,
       35.488539
      ],
      [
       -80.889005,
       35.489287
      ],
      [
       -80.888985,
       35.48961
      ],
      [
       -80.889096,
       35.489733
      ],
      [
       -80.889046,
       35.48998
      ],
      [
       -80.88932,
       35.490413
      ],
      [
       -80.889292,
       35.490555
      ],
      [
       -80.88944,
       35.490718
      ],
      [
       -80.889411,
       35.490859
      ],
      [
       -80.889559,
       35.491023
      ],
      [
       -80.889524,
       35.4912
      ],
      [
       -80.889671,
       35.491363
      ],
      [
       -80.889622,
       35.49161
      ],
      [
       -80.890869,
       35.493038
      ],
      [
       -80.890877,
       35.49322
      ],
      [
       -80.891467,
       35.493875
      ],
      [
       -80.891616,
       35.494256
      ],
      [
       -80.892259,
       35.495099
      ],
      [
       -80.89283,
       35.495172
      ],
      [
       -80.893072,
       35.495312
      ],
      [
       -80.893515,
       35.495803
      ],
      [
       -80.89391,
       35.495854
      ],
      [
       -80.894316,
       35.496305
      ],
      [
       -80.895238,
       35.496423
      ],
      [
       -80.895466,
       35.496634
      ],
      [
       -80.896113,
       35.497006
      ],
      [
       -80.899758,
       35.497476
      ],
      [
       -80.899999,
       35.497398
      ],
      [
       -80.904559,
       35.498021
      ],
      [
       -80.904793,
       35.497979
      ],
      [
       -80.905803,
       35.498109
      ],
      [
       -80.906363,
       35.497783
      ],
      [
       -80.909343,
       35.498203
      ],
      [
       -80.909645,
       35.498495
      ],
      [
       -80.910304,
       35.49858
      ],
      [
       -80.910509,
       35.498678
      ],
      [
       -80.911753,
       35.498766
      ],
      [
       -80.912126,
       35.498705
      ],
      [
       -80.912573,
       35.499228
      ],
      [
       -80.920198,
       35.501995
      ]
     ],
     "type": "LineString"
    },
    "properties": {
     "length_km": 4.35,
     "n_sites": 0,
     "name": "Knox Creek",
     "order": 2,
     "riverKey": "knox creek",
     "source": "osm",
     "waterway": "stream"
    },
    "type": "Feature"
   },
   {
    "geometry": {
     "coordinates": [
      [
       -80.882566,
       35.585247
      ],
      [
       -80.883643,
       35.585188
      ],
      [
       -80.883912,
       35.585045
      ],
      [
       -80.884612,
       35.584953
      ],
      [
       -80.88507,
       35.584717
      ],
      [
       -80.885958,
       35.584685
      ],
      [
       -80.886792,
       35.584774
      ],
      [
       -80.887087,
       35.584918
      ],
      [
       -80.888729,
       35.585052
      ],
      [
       -80.890593,
       35.585369
      ],
      [
       -80.89258,
       35.585584
      ],
      [
       -80.893171,
       35.586239
      ],
      [
       -80.894937,
       35.58643
      ],
      [
       -80.895538,
       35.58658
      ],
      [
       -80.896584,
       35.587438
      ],
      [
       -80.898176,
       35.587823
      ],
      [
       -80.900341,
       35.587595
      ],
      [
       -80.902527,
       35.586561
      ],
      [
       -80.90505,
       35.58634
      ],
      [
       -80.906654,
       35.586018
      ],
      [
       -80.908199,
       35.58619
      ],
      [
       -80.909456,
       35.586668
      ],
      [
       -80.911957,
       35.587243
      ],
      [
       -80.915299,
       35.587672
      ],
      [
       -80.918123,
       35.587528
      ],
      [
       -80.918823,
       35.588088
      ],
      [
       -80.919538,
       35.589019
      ],
      [
       -80.919893,
       35.590289
      ],
      [
       -80.920431,
       35.591334
      ],
      [
       -80.920872,
       35.591608
      ],
      [
       -80.92175,
       35.592408
      ],
      [
       -80.922673,
       35.592527
      ],
      [
       -80.923945,
       35.592256
      ],
      [
       -80.925038,
       35.591528
      ],
      [
       -80.925389,
       35.589764
      ],
      [
       -80.925417,
       35.588689
      ],
      [
       -80.925848,
       35.586182
      ],
      [
       -80.927541,
       35.583916
      ],
      [
       -80.928382,
       35.583164
      ],
      [
       -80.9295,
       35.582531
      ],
      [
       -80.932703,
       35.582624
      ],
      [
       -80.935368,
       35.582301
      ],
      [
       -80.936895,
       35.582868
      ],
      [
       -80.93843,
       35.584978
      ],
      [
       -80.939157,
       35.586754
      ]
     ],
     "type": "LineString"
    },
    "properties": {
     "length_km": 6.67,
     "n_sites": 0,
     "name": "McCrary Creek",
     "order": 2,
     "riverKey": "mccrary creek",
     "source": "osm",
     "waterway": "stream"
    },
    "type": "Feature"
   },
   {
    "geometry": {
     "coordinates": [
      [
       -80.88073,
       35.481371
      ],
      [
       -80.880798,
       35.481074
      ],
      [
       -80.881569,
       35.479696
      ],
      [
       -80.882081,
       35.478401
      ],
      [
       -80.88278,
       35.477051
      ],
      [
       -80.8827,
       35.476831
      ],
      [
       -80.882002,
       35.476314
      ],
      [
       -80.881814,
       35.476006
      ],
      [
       -80.881693,
       35.475688
      ],
      [
       -80.881675,
       35.47519
      ]
     ],
     "type": "LineString"
    },
    "properties": {
     "length_km": 0.76,
     "n_sites": 0,
     "name": "McDowell Creek",
     "order": 2,
     "riverKey": "mcdowell creek",
     "source": "osm",
     "waterway": "stream"
    },
    "type": "Feature"
   },
   {
    "geometry": {
     "coordinates": [
      [
       -80.951398,
       35.60212
      ],
      [
       -80.952244,
       35.601564
      ],
      [
       -80.951373,
       35.60067
      ],
      [
       -80.951548,
       35.600358
      ],
      [
       -80.951398,
       35.600185
      ],
      [
       -80.949594,
       35.601215
      ],
      [
       -80.949281,
       35.602744
      ],
      [
       -80.947995,
       35.602937
      ],
      [
       -80.948074,
       35.603256
      ],
      [
       -80.948376,
       35.603628
      ],
      [
       -80.949669,
       35.603093
      ],
      [
       -80.951398,
       35.60212
      ]
     ],
     "type": "LineString"
    },
    "properties": {
     "length_km": 1.18,
     "n_sites": 0,
     "name": "Midway Marina",
     "order": 2,
     "riverKey": "midway marina",
     "source": "osm",
     "waterway": "fuel"
    },
    "type": "Feature"
   },
   {
    "geometry": {
     "coordinates": [
      [
       [
        -80.883947,
        35.623981
       ],
       [
        -80.883914,
        35.623515
       ],
       [
        -80.88402,
        35.622986
       ],
       [
        -80.884597,
        35.621792
       ],
       [
        -80.885113,
        35.618804
       ],
       [
        -80.885629,
        35.617794
       ]
      ],
      [
       [
        -80.881049,
        35.637862
       ],
       [
        -80.880505,
        35.637454
       ],
       [
        -80.880243,
        35.637113
       ],
       [
        -80.879881,
        35.635993
       ],
       [
        -80.879787,
        35.635312
       ],
       [
        -80.879438,
        35.634126
       ],
       [
        -80.879224,
        35.632687
       ],
       [
        -80.879832,
        35.631324
       ],
       [
        -80.880607,
        35.630261
       ],
       [
        -80.88126,
        35.629745
       ],
       [
        -80.882068,
        35.629478
       ],
       [
        -80.882687,
        35.629179
       ],
       [
        -80.883091,
        35.628726
       ],
       [
        -80.883136,
        35.628036
       ],
       [
        -80.883353,
        35.627655
       ],
       [
        -80.883154,
        35.627328
       ],
       [
        -80.883179,
        35.626914
       ],
       [
        -80.883089,
        35.626686
       ],
       [
        -80.883223,
        35.626015
       ],
       [
        -80.883157,
        35.625898
       ],
       [
        -80.883255,
        35.625404
       ],
       [
        -80.883569,
        35.625191
       ],
       [
        -80.883682,
        35.624679
       ],
       [
        -80.883835,
        35.624591
       ],
       [
        -80.883915,
        35.624226
       ]
      ]
     ],
     "type": "MultiLineString"
    },
    "properties": {
     "length_km": 2.44,
     "n_sites": 0,
     "name": "Mill Branch",
     "order": 2,
     "riverKey": "mill branch",
     "source": "osm",
     "waterway": "stream"
    },
    "type": "Feature"
   },
   {
    "geometry": {
     "coordinates": [
      [
       -80.699119,
       35.500154
      ],
      [
       -80.699174,
       35.499591
      ],
      [
       -80.69937,
       35.499202
      ],
      [
       -80.699873,
       35.498606
      ],
      [
       -80.70116,
       35.497552
      ],
      [
       -80.701328,
       35.49691
      ],
      [
       -80.702557,
       35.493978
      ],
      [
       -80.702556,
       35.493154
      ],
      [
       -80.702247,
       35.492238
      ],
      [
       -80.701603,
       35.491849
      ],
      [
       -80.70051,
       35.491025
      ],
      [
       -80.699809,
       35.49027
      ],
      [
       -80.699444,
       35.489468
      ],
      [
       -80.699444,
       35.488781
      ],
      [
       -80.699696,
       35.488621
      ],
      [
       -80.700787,
       35.488345
      ],
      [
       -80.701794,
       35.486696
      ],
      [
       -80.701961,
       35.485825
      ],
      [
       -80.701876,
       35.484841
      ],
      [
       -80.702546,
       35.483397
      ],
      [
       -80.7026,
       35.481473
      ],
      [
       -80.703047,
       35.480099
      ],
      [
       -80.703102,
       35.479572
      ],
      [
       -80.701727,
       35.476046
      ],
      [
       -80.701503,
       35.475726
      ],
      [
       -80.700971,
       35.475451
      ],
      [
       -80.700578,
       35.475131
      ],
      [
       -80.700578,
       35.474627
      ],
      [
       -80.700829,
       35.474169
      ],
      [
       -80.701893,
       35.473458
      ],
      [
       -80.70192,
       35.472702
      ],
      [
       -80.701723,
       35.471351
      ],
      [
       -80.703008,
       35.468373
      ],
      [
       -80.703007,
       35.467274
      ],
      [
       -80.702698,
       35.466632
      ],
      [
       -80.701913,
       35.465465
      ],
      [
       -80.701772,
       35.464686
      ],
      [
       -80.701576,
       35.464435
      ],
      [
       -80.70054,
       35.464092
      ],
      [
       -80.700232,
       35.463565
      ],
      [
       -80.700202,
       35.461733
      ],
      [
       -80.700649,
       35.460519
      ],
      [
       -80.700676,
       35.459259
      ],
      [
       -80.701737,
       35.456602
      ],
      [
       -80.70224,
       35.455662
      ],
      [
       -80.702491,
       35.454815
      ],
      [
       -80.702182,
       35.453922
      ],
      [
       -80.702069,
       35.453006
      ],
      [
       -80.702152,
       35.45209
      ],
      [
       -80.702516,
       35.451563
      ],
      [
       -80.70369,
       35.450577
      ],
      [
       -80.704668,
       35.44879
      ],
      [
       -80.705309,
       35.445286
      ],
      [
       -80.70609,
       35.443407
      ],
      [
       -80.706314,
       35.443201
      ]
     ],
     "type": "LineString"
    },
    "properties": {
     "length_km": 7.0,
     "n_sites": 0,
     "name": "Mill Creek",
     "order": 2,
     "riverKey": "mill creek",
     "source": "nhd",
     "waterway": "stream"
    },
    "type": "Feature"
   },
   {
    "geometry": {
     "coordinates": [
      [
       [
        -80.776858,
        35.683742
       ],
       [
        -80.777102,
        35.683266
       ],
       [
        -80.777194,
        35.683246
       ],
       [
        -80.777254,
        35.682999
       ],
       [
        -80.77722,
        35.68207
       ],
       [
        -80.777581,
        35.681789
       ],
       [
        -80.777548,
        35.681522
       ],
       [
        -80.777679,
        35.681453
       ],
       [
        -80.777705,
        35.68125
       ],
       [
        -80.778049,
        35.680784
       ],
       [
        -80.778178,
        35.680753
       ],
       [
        -80.778305,
        35.680104
       ],
       [
        -80.778464,
        35.680075
       ],
       [
        -80.778694,
        35.679533
       ],
       [
        -80.778899,
        35.67955
       ],
       [
        -80.778939,
        35.679477
       ],
       [
        -80.778856,
        35.679388
       ],
       [
        -80.779164,
        35.679041
       ],
       [
        -80.779074,
        35.679031
       ],
       [
        -80.779093,
        35.678938
       ],
       [
        -80.779346,
        35.678852
       ],
       [
        -80.779391,
        35.678668
       ],
       [
        -80.77952,
        35.678556
       ],
       [
        -80.779444,
        35.678481
       ],
       [
        -80.779594,
        35.678425
       ],
       [
        -80.779543,
        35.678318
       ],
       [
        -80.779814,
        35.678085
       ],
       [
        -80.779857,
        35.677941
       ],
       [
        -80.779792,
        35.677845
       ],
       [
        -80.780058,
        35.677463
       ],
       [
        -80.780123,
        35.677037
       ],
       [
        -80.780274,
        35.676953
       ],
       [
        -80.780314,
        35.676752
       ],
       [
        -80.779981,
        35.675729
       ],
       [
        -80.780016,
        35.67543
       ],
       [
        -80.77966,
        35.674262
       ],
       [
        -80.779711,
        35.674177
       ],
       [
        -80.779585,
        35.673791
       ],
       [
        -80.779641,
        35.673682
       ],
       [
        -80.779506,
        35.673007
       ],
       [
        -80.77938,
        35.672812
       ],
       [
        -80.779426,
        35.672532
       ],
       [
        -80.779356,
        35.672518
       ],
       [
        -80.779243,
        35.672219
       ],
       [
        -80.779299,
        35.672171
       ],
       [
        -80.779105,
        35.671863
       ],
       [
        -80.77906,
        35.671282
       ],
       [
        -80.779191,
        35.670569
       ],
       [
        -80.779195,
        35.669685
       ],
       [
        -80.779075,
        35.669732
       ],
       [
        -80.779041,
        35.669653
       ],
       [
        -80.779136,
        35.669621
       ],
       [
        -80.77899,
        35.669383
       ],
       [
        -80.778861,
        35.669362
       ],
       [
        -80.778773,
        35.669032
       ]
      ],
      [
       [
        -80.776584,
        35.687625
       ],
       [
        -80.77646,
        35.68726
       ],
       [
        -80.776544,
        35.687151
       ],
       [
        -80.776474,
        35.686918
       ],
       [
        -80.776578,
        35.686874
       ],
       [
        -80.776467,
        35.686579
       ],
       [
        -80.776641,
        35.68656
       ],
       [
        -80.776714,
        35.686171
       ],
       [
        -80.776608,
        35.68592
       ],
       [
        -80.776851,
        35.685613
       ],
       [
        -80.7767,
        35.684122
       ],
       [
        -80.776763,
        35.683877
       ]
      ]
     ],
     "type": "MultiLineString"
    },
    "properties": {
     "length_km": 2.31,
     "n_sites": 0,
     "name": "Morrison Spring Branch",
     "order": 2,
     "riverKey": "morrison spring branch",
     "source": "osm",
     "waterway": "stream"
    },
    "type": "Feature"
   },
   {
    "geometry": {
     "coordinates": [
      [
       [
        -80.946672,
        35.692608
       ],
       [
        -80.946584,
        35.692028
       ],
       [
        -80.945695,
        35.690448
       ],
       [
        -80.944625,
        35.688908
       ],
       [
        -80.944618,
        35.688755
       ],
       [
        -80.944739,
        35.688579
       ],
       [
        -80.944631,
        35.68825
       ],
       [
        -80.944558,
        35.68692
       ],
       [
        -80.944908,
        35.686597
       ],
       [
        -80.944969,
        35.68614
       ],
       [
        -80.945717,
        35.68534
       ],
       [
        -80.945798,
        35.684867
       ],
       [
        -80.945973,
        35.684682
       ],
       [
        -80.945912,
        35.683253
       ],
       [
        -80.946155,
        35.682644
       ],
       [
        -80.946101,
        35.681936
       ],
       [
        -80.946357,
        35.681634
       ],
       [
        -80.946842,
        35.681452
       ],
       [
        -80.947587,
        35.680907
       ],
       [
        -80.947765,
        35.680496
       ],
       [
        -80.94763,
        35.6803
       ],
       [
        -80.947394,
        35.680167
       ],
       [
        -80.94664,
        35.68009
       ],
       [
        -80.945581,
        35.68043
       ],
       [
        -80.945234,
        35.680407
       ]
      ],
      [
       [
        -80.945062,
        35.680345
       ],
       [
        -80.944535,
        35.680201
       ],
       [
        -80.944381,
        35.679782
       ],
       [
        -80.943979,
        35.679651
       ],
       [
        -80.943783,
        35.679345
       ],
       [
        -80.94348,
        35.679335
       ],
       [
        -80.943117,
        35.678881
       ],
       [
        -80.942879,
        35.678801
       ],
       [
        -80.942774,
        35.678591
       ],
       [
        -80.942444,
        35.678444
       ],
       [
        -80.942411,
        35.678066
       ],
       [
        -80.942179,
        35.677906
       ],
       [
        -80.942219,
        35.677509
       ],
       [
        -80.942048,
        35.677292
       ],
       [
        -80.941597,
        35.677056
       ],
       [
        -80.941428,
        35.677075
       ],
       [
        -80.941157,
        35.677246
       ],
       [
        -80.940598,
        35.677164
       ],
       [
        -80.939826,
        35.676512
       ],
       [
        -80.938397,
        35.675747
       ],
       [
        -80.937906,
        35.675248
       ],
       [
        -80.937222,
        35.674741
       ],
       [
        -80.936606,
        35.674662
       ],
       [
        -80.935882,
        35.673605
       ],
       [
        -80.934184,
        35.671724
       ],
       [
        -80.933948,
        35.671244
       ],
       [
        -80.933805,
        35.670066
       ],
       [
        -80.934858,
        35.668938
       ],
       [
        -80.934972,
        35.668591
       ],
       [
        -80.934787,
        35.668386
       ],
       [
        -80.933988,
        35.66832
       ],
       [
        -80.933685,
        35.668028
       ],
       [
        -80.933611,
        35.66764
       ],
       [
        -80.933841,
        35.66684
       ]
      ]
     ],
     "type": "MultiLineString"
    },
    "properties": {
     "length_km": 3.92,
     "n_sites": 0,
     "name": "Norwood Creek",
     "order": 2,
     "riverKey": "norwood creek",
     "source": "osm",
     "waterway": "stream"
    },
    "type": "Feature"
   },
   {
    "geometry": {
     "coordinates": [
      [
       -80.908442,
       35.573157
      ],
      [
       -80.908637,
       35.573531
      ],
      [
       -80.909181,
       35.574059
      ],
      [
       -80.909597,
       35.575037
      ],
      [
       -80.909804,
       35.575988
      ],
      [
       -80.910167,
       35.576191
      ],
      [
       -80.911328,
       35.577808
      ],
      [
       -80.911729,
       35.578182
      ],
      [
       -80.911973,
       35.578573
      ],
      [
       -80.912308,
       35.578767
      ],
      [
       -80.912817,
       35.579324
      ],
      [
       -80.913361,
       35.579752
      ],
      [
       -80.914049,
       35.5806
      ],
      [
       -80.914675,
       35.581078
      ],
      [
       -80.915007,
       35.581447
      ],
      [
       -80.915127,
       35.581751
      ],
      [
       -80.915278,
       35.583255
      ],
      [
       -80.916449,
       35.585974
      ],
      [
       -80.918123,
       35.587528
      ]
     ],
     "type": "LineString"
    },
    "properties": {
     "length_km": 1.87,
     "n_sites": 0,
     "name": "Ostwalt Creek",
     "order": 2,
     "riverKey": "ostwalt creek",
     "source": "osm",
     "waterway": "stream"
    },
    "type": "Feature"
   },
   {
    "geometry": {
     "coordinates": [
      [
       -80.704893,
       35.516674
      ],
      [
       -80.705188,
       35.516454
      ],
      [
       -80.706116,
       35.516036
      ],
      [
       -80.707319,
       35.514887
      ],
      [
       -80.708522,
       35.514271
      ],
      [
       -80.708979,
       35.513656
      ],
      [
       -80.709342,
       35.513397
      ],
      [
       -80.709631,
       35.513062
      ],
      [
       -80.709456,
       35.512402
      ],
      [
       -80.710431,
       35.511044
      ],
      [
       -80.710397,
       35.510781
      ],
      [
       -80.710646,
       35.510231
      ],
      [
       -80.711203,
       35.509681
      ],
      [
       -80.711076,
       35.509351
      ],
      [
       -80.710793,
       35.509109
      ],
      [
       -80.710719,
       35.50889
      ],
      [
       -80.710833,
       35.508697
      ],
      [
       -80.711203,
       35.508444
      ],
      [
       -80.711237,
       35.507939
      ],
      [
       -80.711068,
       35.507719
      ],
      [
       -80.710685,
       35.50751
      ],
      [
       -80.710611,
       35.507004
      ],
      [
       -80.710887,
       35.506735
      ],
      [
       -80.71166,
       35.506268
      ],
      [
       -80.711559,
       35.505839
      ],
      [
       -80.711841,
       35.505443
      ],
      [
       -80.711531,
       35.505047
      ],
      [
       -80.711531,
       35.504673
      ],
      [
       -80.711639,
       35.504498
      ],
      [
       -80.711598,
       35.504217
      ],
      [
       -80.71219,
       35.50359
      ],
      [
       -80.712445,
       35.50314
      ],
      [
       -80.712337,
       35.502876
      ],
      [
       -80.712465,
       35.502486
      ],
      [
       -80.712344,
       35.501535
      ],
      [
       -80.712868,
       35.500748
      ],
      [
       -80.71278,
       35.500149
      ],
      [
       -80.712994,
       35.499567
      ],
      [
       -80.713102,
       35.498226
      ],
      [
       -80.713034,
       35.497918
      ],
      [
       -80.713538,
       35.496912
      ],
      [
       -80.713766,
       35.49612
      ],
      [
       -80.713598,
       35.494944
      ],
      [
       -80.71386,
       35.494185
      ],
      [
       -80.714666,
       35.492432
      ],
      [
       -80.715062,
       35.491096
      ],
      [
       -80.715969,
       35.489958
      ],
      [
       -80.71621,
       35.48954
      ],
      [
       -80.716055,
       35.488155
      ],
      [
       -80.71617,
       35.487825
      ],
      [
       -80.716573,
       35.48721
      ],
      [
       -80.716687,
       35.486775
      ],
      [
       -80.716552,
       35.48605
      ],
      [
       -80.716639,
       35.485302
      ],
      [
       -80.716578,
       35.484588
      ],
      [
       -80.716853,
       35.483247
      ],
      [
       -80.716907,
       35.482576
      ]
     ],
     "type": "LineString"
    },
    "properties": {
     "length_km": 4.27,
     "n_sites": 0,
     "name": "Park Creek",
     "order": 2,
     "riverKey": "park creek",
     "source": "osm",
     "waterway": "stream"
    },
    "type": "Feature"
   },
   {
    "geometry": {
     "coordinates": [
      [
       -80.936154,
       35.695536
      ],
      [
       -80.936353,
       35.695405
      ],
      [
       -80.936912,
       35.694756
      ],
      [
       -80.937478,
       35.693701
      ],
      [
       -80.937829,
       35.693219
      ],
      [
       -80.93828,
       35.69289
      ],
      [
       -80.938934,
       35.692237
      ],
      [
       -80.940503,
       35.691399
      ],
      [
       -80.941742,
       35.690367
      ],
      [
       -80.941985,
       35.690081
      ],
      [
       -80.942558,
       35.688853
      ],
      [
       -80.943029,
       35.688172
      ],
      [
       -80.94408,
       35.687145
      ],
      [
       -80.944571,
       35.687046
      ]
     ],
     "type": "LineString"
    },
    "properties": {
     "length_km": 1.24,
     "n_sites": 0,
     "name": "Powder Spring Branch",
     "order": 2,
     "riverKey": "powder spring branch",
     "source": "osm",
     "waterway": "stream"
    },
    "type": "Feature"
   },
   {
    "geometry": {
     "coordinates": [
      [
       [
        -80.845794,
        35.569328
       ],
       [
        -80.847897,
        35.569549
       ],
       [
        -80.848468,
        35.569502
       ],
       [
        -80.849658,
        35.569653
       ],
       [
        -80.850625,
        35.56993
       ],
       [
        -80.851342,
        35.570286
       ],
       [
        -80.852435,
        35.570493
       ],
       [
        -80.85342,
        35.571064
       ],
       [
        -80.85399,
        35.571204
       ],
       [
        -80.855581,
        35.570359
       ],
       [
        -80.855708,
        35.569724
       ],
       [
        -80.856104,
        35.56887
       ],
       [
        -80.856332,
        35.567959
       ],
       [
        -80.85668,
        35.567569
       ],
       [
        -80.856913,
        35.567103
       ],
       [
        -80.85713,
        35.567052
       ],
       [
        -80.858406,
        35.567285
       ],
       [
        -80.858651,
        35.567213
       ],
       [
        -80.860307,
        35.566119
       ],
       [
        -80.860763,
        35.565986
       ],
       [
        -80.863241,
        35.565882
       ],
       [
        -80.864196,
        35.56539
       ],
       [
        -80.864458,
        35.565207
       ],
       [
        -80.864544,
        35.565001
       ],
       [
        -80.865565,
        35.564408
       ],
       [
        -80.866581,
        35.564286
       ],
       [
        -80.867448,
        35.563783
       ],
       [
        -80.868226,
        35.563051
       ],
       [
        -80.869195,
        35.562488
       ],
       [
        -80.873202,
        35.562968
       ],
       [
        -80.873276,
        35.56305
       ],
       [
        -80.873979,
        35.563141
       ],
       [
        -80.87409,
        35.563263
       ],
       [
        -80.874837,
        35.56336
       ],
       [
        -80.875633,
        35.563209
       ],
       [
        -80.876494,
        35.562741
       ],
       [
        -80.876629,
        35.562288
       ],
       [
        -80.876731,
        35.562228
       ],
       [
        -80.87683,
        35.561735
       ],
       [
        -80.877034,
        35.561616
       ],
       [
        -80.877083,
        35.561369
       ],
       [
        -80.877272,
        35.561104
       ],
       [
        -80.877643,
        35.560826
       ],
       [
        -80.877678,
        35.56065
       ],
       [
        -80.877889,
        35.560496
       ],
       [
        -80.878055,
        35.560119
       ],
       [
        -80.878208,
        35.56003
       ],
       [
        -80.878292,
        35.559607
       ],
       [
        -80.878554,
        35.559423
       ],
       [
        -80.878583,
        35.559282
       ],
       [
        -80.878945,
        35.558822
       ],
       [
        -80.880088,
        35.558065
       ],
       [
        -80.880173,
        35.557642
       ],
       [
        -80.880806,
        35.55718
       ],
       [
        -80.880849,
        35.556969
       ],
       [
        -80.881139,
        35.556644
       ],
       [
        -80.882077,
        35.551952
       ],
       [
        -80.88255,
        35.551614
       ],
       [
        -80.882599,
        35.551368
       ],
       [
        -80.88447,
        35.550125
       ],
       [
        -80.884562,
        35.549666
       ],
       [
        -80.884664,
        35.549607
       ],
       [
        -80.884904,
        35.548407
       ],
       [
        -80.885625,
        35.547957
       ],
       [
        -80.885806,
        35.547727
       ],
       [
        -80.886156,
        35.546651
       ],
       [
        -80.886446,
        35.546326
       ],
       [
        -80.886481,
        35.54615
       ],
       [
        -80.886693,
        35.545996
       ],
       [
        -80.886833,
        35.54529
       ],
       [
        -80.886935,
        35.545231
       ],
       [
        -80.887115,
        35.544784
       ],
       [
        -80.887783,
        35.544146
       ],
       [
        -80.88996,
        35.542725
       ],
       [
        -80.890039,
        35.542554
       ],
       [
        -80.890192,
        35.542466
       ],
       [
        -80.890492,
        35.541418
       ],
       [
        -80.891297,
        35.540545
       ],
       [
        -80.892338,
        35.539847
       ],
       [
        -80.892588,
        35.539047
       ],
       [
        -80.892827,
        35.538752
       ],
       [
        -80.892862,
        35.538575
       ],
       [
        -80.893595,
        35.537837
       ],
       [
        -80.893799,
        35.537719
       ],
       [
        -80.894287,
        35.535502
       ],
       [
        -80.893592,
        35.533566
       ],
       [
        -80.893333,
        35.53328
       ],
       [
        -80.893316,
        35.532916
       ],
       [
        -80.893851,
        35.530234
       ],
       [
        -80.894235,
        35.529668
       ],
       [
        -80.89427,
        35.529492
       ],
       [
        -80.894423,
        35.529403
       ],
       [
        -80.89469,
        35.528967
       ],
       [
        -80.895824,
        35.528027
       ],
       [
        -80.898125,
        35.526659
       ],
       [
        -80.899345,
        35.526418
       ],
       [
        -80.900278,
        35.526031
       ],
       [
        -80.900992,
        35.525616
       ],
       [
        -80.904491,
        35.523208
       ],
       [
        -80.907353,
        35.512098
       ],
       [
        -80.910535,
        35.508013
       ],
       [
        -80.912096,
        35.506658
       ],
       [
        -80.920198,
        35.501995
       ]
      ],
      [
       [
        -80.830283,
        35.588119
       ],
       [
        -80.830866,
        35.585605
       ],
       [
        -80.831021,
        35.585391
       ],
       [
        -80.831901,
        35.583044
       ],
       [
        -80.832143,
        35.582165
       ],
       [
        -80.832702,
        35.580741
       ],
       [
        -80.832905,
        35.579885
       ],
       [
        -80.833084,
        35.579645
       ],
       [
        -80.833524,
        35.57938
       ],
       [
        -80.833602,
        35.579068
       ],
       [
        -80.83398,
        35.578803
       ],
       [
        -80.834578,
        35.578063
       ],
       [
        -80.835433,
        35.577278
       ],
       [
        -80.836881,
        35.575681
       ],
       [
        -80.836885,
        35.575485
       ],
       [
        -80.837833,
        35.573325
       ],
       [
        -80.838344,
        35.572496
       ],
       [
        -80.839628,
        35.571154
       ],
       [
        -80.842917,
        35.568904
       ],
       [
        -80.844209,
        35.568838
       ],
       [
        -80.844829,
        35.569333
       ],
       [
        -80.845224,
        35.569385
       ],
       [
        -80.845548,
        35.569296
       ]
      ],
      [
       [
        -80.831548,
        35.597242
       ],
       [
        -80.831178,
        35.595851
       ],
       [
        -80.830444,
        35.593851
       ],
       [
        -80.83043,
        35.593564
       ],
       [
        -80.830578,
        35.593087
       ],
       [
        -80.830376,
        35.592521
       ],
       [
        -80.8301,
        35.591082
       ],
       [
        -80.830213,
        35.588531
       ]
      ]
     ],
     "type": "MultiLineString"
    },
    "properties": {
     "length_km": 15.47,
     "n_sites": 8,
     "name": "Reeds Creek",
     "order": 2,
     "riverKey": "reeds creek",
     "source": "osm",
     "waterway": "stream"
    },
    "type": "Feature"
   },
   {
    "geometry": {
     "coordinates": [
      [
       [
        -80.821602,
        35.62945
       ],
       [
        -80.821078,
        35.630471
       ],
       [
        -80.820353,
        35.631278
       ]
      ],
      [
       [
        -80.820271,
        35.631377
       ],
       [
        -80.819787,
        35.632386
       ],
       [
        -80.818253,
        35.6344
       ],
       [
        -80.817776,
        35.634839
       ],
       [
        -80.817177,
        35.635846
       ]
      ],
      [
       [
        -80.817123,
        35.635915
       ],
       [
        -80.816625,
        35.636277
       ],
       [
        -80.816747,
        35.636782
       ],
       [
        -80.81633,
        35.637858
       ],
       [
        -80.816021,
        35.63957
       ],
       [
        -80.815914,
        35.641107
       ],
       [
        -80.816144,
        35.64192
       ],
       [
        -80.816198,
        35.643017
       ],
       [
        -80.818246,
        35.646553
       ],
       [
        -80.819203,
        35.648705
       ],
       [
        -80.8195,
        35.650198
       ],
       [
        -80.81946,
        35.651011
       ],
       [
        -80.819178,
        35.652131
       ],
       [
        -80.818605,
        35.653424
       ]
      ]
     ],
     "type": "MultiLineString"
    },
    "properties": {
     "length_km": 2.85,
     "n_sites": 1,
     "name": "Rocky Branch",
     "order": 2,
     "riverKey": "rocky branch",
     "source": "osm",
     "waterway": "stream"
    },
    "type": "Feature"
   },
   {
    "geometry": {
     "coordinates": [
      [
       -80.862004,
       35.680156
      ],
      [
       -80.864995,
       35.680529
      ],
      [
       -80.86622,
       35.679969
      ],
      [
       -80.8669,
       35.679892
      ],
      [
       -80.867404,
       35.679519
      ],
      [
       -80.867714,
       35.679513
      ],
      [
       -80.869263,
       35.67998
      ],
      [
       -80.870691,
       35.680134
      ],
      [
       -80.871681,
       35.680759
      ],
      [
       -80.872324,
       35.681416
      ],
      [
       -80.872868,
       35.681561
      ],
      [
       -80.874207,
       35.681396
      ],
      [
       -80.874951,
       35.68108
      ],
      [
       -80.875833,
       35.680579
      ],
      [
       -80.876716,
       35.680383
      ],
      [
       -80.877788,
       35.679291
      ],
      [
       -80.878993,
       35.678787
      ],
      [
       -80.879855,
       35.678299
      ],
      [
       -80.880732,
       35.677488
      ],
      [
       -80.88119,
       35.677171
      ],
      [
       -80.881655,
       35.676511
      ],
      [
       -80.881912,
       35.675776
      ],
      [
       -80.882397,
       35.675096
      ],
      [
       -80.882788,
       35.674294
      ],
      [
       -80.883159,
       35.674191
      ],
      [
       -80.883624,
       35.673709
      ],
      [
       -80.883947,
       35.673585
      ],
      [
       -80.884977,
       35.673741
      ],
      [
       -80.885213,
       35.673917
      ],
      [
       -80.88559,
       35.673886
      ],
      [
       -80.886019,
       35.674094
      ],
      [
       -80.886196,
       35.674036
      ],
      [
       -80.887459,
       35.673027
      ],
      [
       -80.887617,
       35.672788
      ],
      [
       -80.887934,
       35.67257
      ],
      [
       -80.888061,
       35.672347
      ],
      [
       -80.888302,
       35.672347
      ],
      [
       -80.888329,
       35.672214
      ],
      [
       -80.888202,
       35.672099
      ],
      [
       -80.888269,
       35.67195
      ],
      [
       -80.888645,
       35.671858
      ],
      [
       -80.888785,
       35.671628
      ],
      [
       -80.889077,
       35.671412
      ],
      [
       -80.889303,
       35.67098
      ],
      [
       -80.890849,
       35.670021
      ],
      [
       -80.891084,
       35.669074
      ],
      [
       -80.891251,
       35.668915
      ],
      [
       -80.891294,
       35.668703
      ],
      [
       -80.891672,
       35.66839
      ],
      [
       -80.891861,
       35.668125
      ],
      [
       -80.891988,
       35.66749
      ],
      [
       -80.891912,
       35.667191
      ],
      [
       -80.891691,
       35.666945
      ],
      [
       -80.891811,
       35.666345
      ],
      [
       -80.892328,
       35.666014
      ],
      [
       -80.892687,
       35.666024
      ],
      [
       -80.893184,
       35.665798
      ],
      [
       -80.893593,
       35.665561
      ],
      [
       -80.893693,
       35.665285
      ],
      [
       -80.894737,
       35.664804
      ],
      [
       -80.895308,
       35.66466
      ],
      [
       -80.895616,
       35.664699
      ],
      [
       -80.896229,
       35.664344
      ],
      [
       -80.896359,
       35.664143
      ],
      [
       -80.896563,
       35.664025
      ],
      [
       -80.896801,
       35.663513
      ],
      [
       -80.898823,
       35.662434
      ],
      [
       -80.899032,
       35.662062
      ],
      [
       -80.899754,
       35.661612
      ],
      [
       -80.899797,
       35.661401
      ],
      [
       -80.900015,
       35.661212
      ],
      [
       -80.900167,
       35.660905
      ],
      [
       -80.900785,
       35.660297
      ],
      [
       -80.900827,
       35.660086
      ],
      [
       -80.901015,
       35.65982
      ],
      [
       -80.903393,
       35.658316
      ],
      [
       -80.903414,
       35.658211
      ],
      [
       -80.904405,
       35.657542
      ],
      [
       -80.90825,
       35.655466
      ],
      [
       -80.908724,
       35.65332
      ],
      [
       -80.909005,
       35.652947
      ],
      [
       -80.909809,
       35.65241
      ],
      [
       -80.910101,
       35.652303
      ],
      [
       -80.910888,
       35.651752
      ],
      [
       -80.910967,
       35.651582
      ],
      [
       -80.91112,
       35.651493
      ],
      [
       -80.911254,
       35.650822
      ],
      [
       -80.911658,
       35.649933
      ],
      [
       -80.912087,
       35.649591
      ],
      [
       -80.912955,
       35.649087
      ],
      [
       -80.913796,
       35.648941
      ],
      [
       -80.914934,
       35.648219
      ],
      [
       -80.915046,
       35.647655
      ],
      [
       -80.915819,
       35.647175
      ],
      [
       -80.915898,
       35.647004
      ],
      [
       -80.916052,
       35.646915
      ],
      [
       -80.916101,
       35.646668
      ],
      [
       -80.91634,
       35.646373
      ],
      [
       -80.916383,
       35.646162
      ],
      [
       -80.916543,
       35.646037
      ],
      [
       -80.916664,
       35.645655
      ],
      [
       -80.91734,
       35.644982
      ],
      [
       -80.917728,
       35.643041
      ],
      [
       -80.917909,
       35.642811
      ],
      [
       -80.918051,
       35.642323
      ],
      [
       -80.918393,
       35.641969
      ],
      [
       -80.918699,
       35.641791
      ],
      [
       -80.918792,
       35.64155
      ],
      [
       -80.918953,
       35.641426
      ],
      [
       -80.919178,
       35.640297
      ],
      [
       -80.91944,
       35.640113
      ],
      [
       -80.91959,
       35.63959
      ],
      [
       -80.919699,
       35.639495
      ],
      [
       -80.919826,
       35.63886
      ],
      [
       -80.919791,
       35.638132
      ],
      [
       -80.91953,
       35.637628
      ],
      [
       -80.919521,
       35.637446
      ],
      [
       -80.919011,
       35.636838
      ],
      [
       -80.918979,
       35.636544
      ],
      [
       -80.919749,
       35.632916
      ],
      [
       -80.919472,
       35.632265
      ],
      [
       -80.919703,
       35.630884
      ],
      [
       -80.919933,
       35.630407
      ],
      [
       -80.920094,
       35.630282
      ],
      [
       -80.920229,
       35.629829
      ],
      [
       -80.921373,
       35.629072
      ],
      [
       -80.921415,
       35.62886
      ],
      [
       -80.922084,
       35.628222
      ],
      [
       -80.922246,
       35.62741
      ],
      [
       -80.922462,
       35.627004
      ],
      [
       -80.92279,
       35.62672
      ],
      [
       -80.923351,
       35.626394
      ],
      [
       -80.926701,
       35.622889
      ]
     ],
     "type": "LineString"
    },
    "properties": {
     "length_km": 10.11,
     "n_sites": 1,
     "name": "Rocky Creek",
     "order": 2,
     "riverKey": "rocky creek",
     "source": "osm",
     "waterway": "stream"
    },
    "type": "Feature"
   },
   {
    "geometry": {
     "coordinates": [
      [
       [
        -80.79797,
        35.583709
       ],
       [
        -80.797502,
        35.583605
       ],
       [
        -80.796807,
        35.583296
       ],
       [
        -80.795958,
        35.583177
       ],
       [
        -80.79433,
        35.583122
       ],
       [
        -80.793455,
        35.58321
       ],
       [
        -80.79221,
        35.583765
       ],
       [
        -80.791665,
        35.58388
       ],
       [
        -80.791423,
        35.583864
       ],
       [
        -80.790508,
        35.583111
       ],
       [
        -80.789849,
        35.582017
       ],
       [
        -80.789095,
        35.581291
       ],
       [
        -80.787938,
        35.580725
       ],
       [
        -80.787714,
        35.580111
       ],
       [
        -80.787635,
        35.579055
       ],
       [
        -80.787111,
        35.578306
       ],
       [
        -80.786526,
        35.577899
       ],
       [
        -80.786096,
        35.577707
       ],
       [
        -80.784898,
        35.577761
       ],
       [
        -80.784528,
        35.577629
       ],
       [
        -80.7844,
        35.577464
       ],
       [
        -80.78438,
        35.577278
       ],
       [
        -80.784704,
        35.575958
       ],
       [
        -80.785059,
        35.575524
       ],
       [
        -80.784913,
        35.574661
       ],
       [
        -80.784659,
        35.574137
       ],
       [
        -80.784007,
        35.573683
       ],
       [
        -80.783457,
        35.572968
       ],
       [
        -80.783455,
        35.572651
       ],
       [
        -80.783197,
        35.572149
       ],
       [
        -80.783093,
        35.570587
       ],
       [
        -80.781928,
        35.56724
       ],
       [
        -80.781734,
        35.566317
       ],
       [
        -80.781861,
        35.565023
       ],
       [
        -80.781808,
        35.564089
       ],
       [
        -80.782031,
        35.562678
       ],
       [
        -80.781857,
        35.561408
       ],
       [
        -80.782004,
        35.559835
       ],
       [
        -80.781848,
        35.559115
       ],
       [
        -80.781556,
        35.558515
       ],
       [
        -80.781464,
        35.5574
       ],
       [
        -80.780925,
        35.555822
       ],
       [
        -80.780952,
        35.555387
       ],
       [
        -80.780735,
        35.554767
       ],
       [
        -80.780756,
        35.554551
       ],
       [
        -80.781002,
        35.554199
       ],
       [
        -80.780918,
        35.553174
       ],
       [
        -80.780946,
        35.551866
       ],
       [
        -80.780791,
        35.550755
       ],
       [
        -80.780288,
        35.548908
       ],
       [
        -80.780382,
        35.547919
       ],
       [
        -80.780475,
        35.54779
       ]
      ],
      [
       [
        -80.780654,
        35.5476
       ],
       [
        -80.781129,
        35.54721
       ],
       [
        -80.780799,
        35.545666
       ],
       [
        -80.780789,
        35.545513
       ],
       [
        -80.780911,
        35.545358
       ],
       [
        -80.780759,
        35.54515
       ]
      ],
      [
       [
        -80.780701,
        35.54498
       ],
       [
        -80.780801,
        35.542741
       ],
       [
        -80.780768,
        35.541559
       ],
       [
        -80.780452,
        35.541037
       ],
       [
        -80.780009,
        35.54057
       ],
       [
        -80.779841,
        35.540174
       ],
       [
        -80.77882,
        35.53615
       ],
       [
        -80.778404,
        35.535303
       ],
       [
        -80.777853,
        35.532522
       ],
       [
        -80.77788,
        35.532236
       ],
       [
        -80.778042,
        35.532022
       ],
       [
        -80.778042,
        35.531703
       ],
       [
        -80.778177,
        35.531549
       ],
       [
        -80.778163,
        35.531329
       ],
       [
        -80.778345,
        35.530911
       ],
       [
        -80.777646,
        35.529515
       ],
       [
        -80.777956,
        35.529097
       ],
       [
        -80.778063,
        35.528812
       ],
       [
        -80.778064,
        35.527514
       ],
       [
        -80.777963,
        35.527064
       ],
       [
        -80.778522,
        35.526586
       ],
       [
        -80.778468,
        35.525805
       ],
       [
        -80.778784,
        35.525189
       ],
       [
        -80.778738,
        35.524882
       ],
       [
        -80.778273,
        35.523699
       ]
      ],
      [
       [
        -80.778298,
        35.523582
       ],
       [
        -80.778483,
        35.523156
       ],
       [
        -80.778409,
        35.522826
       ],
       [
        -80.778745,
        35.522727
       ],
       [
        -80.778638,
        35.522463
       ],
       [
        -80.778631,
        35.521902
       ],
       [
        -80.779089,
        35.521501
       ],
       [
        -80.779183,
        35.521237
       ],
       [
        -80.779097,
        35.520593
       ],
       [
        -80.77913,
        35.520058
       ],
       [
        -80.779339,
        35.519569
       ],
       [
        -80.779309,
        35.519161
       ],
       [
        -80.779494,
        35.518956
       ],
       [
        -80.779878,
        35.518794
       ],
       [
        -80.779926,
        35.518648
       ],
       [
        -80.779202,
        35.517694
       ],
       [
        -80.779063,
        35.516869
       ],
       [
        -80.778778,
        35.516048
       ],
       [
        -80.779063,
        35.514985
       ],
       [
        -80.779312,
        35.51441
       ],
       [
        -80.779878,
        35.514097
       ],
       [
        -80.780591,
        35.514064
       ],
       [
        -80.78086,
        35.513911
       ],
       [
        -80.781223,
        35.514103
       ],
       [
        -80.781902,
        35.513988
       ],
       [
        -80.781872,
        35.513389
       ],
       [
        -80.78166,
        35.512994
       ],
       [
        -80.781599,
        35.512218
       ],
       [
        -80.781666,
        35.511795
       ],
       [
        -80.781483,
        35.511572
       ],
       [
        -80.781719,
        35.511225
       ],
       [
        -80.781995,
        35.510227
       ],
       [
        -80.7825,
        35.509588
       ],
       [
        -80.782569,
        35.509267
       ],
       [
        -80.78279,
        35.509057
       ],
       [
        -80.783954,
        35.506747
       ],
       [
        -80.784141,
        35.506064
       ],
       [
        -80.784917,
        35.50471
       ],
       [
        -80.785213,
        35.504007
       ],
       [
        -80.7856,
        35.503415
       ],
       [
        -80.785799,
        35.502919
       ],
       [
        -80.785871,
        35.502052
       ],
       [
        -80.785997,
        35.50174
       ],
       [
        -80.78603,
        35.500917
       ],
       [
        -80.786225,
        35.500635
       ],
       [
        -80.7867,
        35.497763
       ],
       [
        -80.787016,
        35.496933
       ],
       [
        -80.787063,
        35.495658
       ],
       [
        -80.78693,
        35.493712
       ],
       [
        -80.786641,
        35.492778
       ],
       [
        -80.785318,
        35.490661
       ],
       [
        -80.784156,
        35.488248
       ],
       [
        -80.783766,
        35.487665
       ],
       [
        -80.78374,
        35.487231
       ],
       [
        -80.782457,
        35.485021
       ],
       [
        -80.781969,
        35.483927
       ],
       [
        -80.781765,
        35.48267
       ],
       [
        -80.781853,
        35.48244
       ],
       [
        -80.781655,
        35.482185
       ],
       [
        -80.781712,
        35.481816
       ],
       [
        -80.781464,
        35.480134
       ],
       [
        -80.779624,
        35.475489
       ],
       [
        -80.779564,
        35.475083
       ]
      ]
     ],
     "type": "MultiLineString"
    },
    "properties": {
     "length_km": 13.78,
     "n_sites": 7,
     "name": "Rocky River",
     "order": 2,
     "riverKey": "rocky river",
     "source": "osm",
     "waterway": "stream"
    },
    "type": "Feature"
   },
   {
    "geometry": {
     "coordinates": [
      [
       [
        -80.851865,
        35.682202
       ],
       [
        -80.851098,
        35.682032
       ],
       [
        -80.849993,
        35.682252
       ],
       [
        -80.84901,
        35.682252
       ],
       [
        -80.847744,
        35.682175
       ],
       [
        -80.845751,
        35.681823
       ],
       [
        -80.844849,
        35.681834
       ],
       [
        -80.844256,
        35.681922
       ],
       [
        -80.843825,
        35.681856
       ],
       [
        -80.842826,
        35.682056
       ],
       [
        -80.842478,
        35.682009
       ],
       [
        -80.841994,
        35.682053
       ],
       [
        -80.840082,
        35.68303
       ],
       [
        -80.839274,
        35.683205
       ],
       [
        -80.838466,
        35.683512
       ],
       [
        -80.837864,
        35.683578
       ],
       [
        -80.836527,
        35.682871
       ],
       [
        -80.83336,
        35.680882
       ],
       [
        -80.832814,
        35.68036
       ],
       [
        -80.832032,
        35.67924
       ],
       [
        -80.829264,
        35.677631
       ],
       [
        -80.828152,
        35.67667
       ],
       [
        -80.827472,
        35.676385
       ],
       [
        -80.825883,
        35.676219
       ],
       [
        -80.825519,
        35.676104
       ],
       [
        -80.825142,
        35.675873
       ],
       [
        -80.824562,
        35.675154
       ],
       [
        -80.823403,
        35.673024
       ],
       [
        -80.823047,
        35.672633
       ]
      ],
      [
       [
        -80.822961,
        35.672562
       ],
       [
        -80.822474,
        35.672299
       ],
       [
        -80.821962,
        35.672167
       ],
       [
        -80.821262,
        35.672178
       ],
       [
        -80.820292,
        35.672309
       ],
       [
        -80.819861,
        35.672265
       ],
       [
        -80.819652,
        35.672111
       ],
       [
        -80.819026,
        35.671266
       ],
       [
        -80.818116,
        35.66952
       ],
       [
        -80.817018,
        35.668471
       ],
       [
        -80.815011,
        35.667285
       ],
       [
        -80.813772,
        35.666428
       ],
       [
        -80.813396,
        35.666331
       ],
       [
        -80.810728,
        35.664994
       ],
       [
        -80.810028,
        35.664774
       ],
       [
        -80.808479,
        35.664536
       ]
      ]
     ],
     "type": "MultiLineString"
    },
    "properties": {
     "length_km": 4.9,
     "n_sites": 0,
     "name": "Shinns Creek",
     "order": 2,
     "riverKey": "shinns creek",
     "source": "osm",
     "waterway": "stream"
    },
    "type": "Feature"
   },
   {
    "geometry": {
     "coordinates": [
      [
       [
        -80.757993,
        35.595295
       ],
       [
        -80.757732,
        35.595329
       ],
       [
        -80.75744,
        35.595558
       ],
       [
        -80.757276,
        35.596107
       ],
       [
        -80.756735,
        35.596694
       ],
       [
        -80.754368,
        35.597004
       ],
       [
        -80.753346,
        35.596979
       ],
       [
        -80.752714,
        35.596894
       ],
       [
        -80.75164,
        35.596386
       ],
       [
        -80.749358,
        35.596311
       ],
       [
        -80.748713,
        35.596003
       ],
       [
        -80.747032,
        35.594881
       ],
       [
        -80.745701,
        35.594484
       ],
       [
        -80.743865,
        35.593813
       ],
       [
        -80.741563,
        35.593259
       ]
      ],
      [
       [
        -80.747027,
        35.59087
       ],
       [
        -80.745931,
        35.591377
       ],
       [
        -80.744371,
        35.591375
       ],
       [
        -80.743618,
        35.591594
       ],
       [
        -80.743059,
        35.592
       ],
       [
        -80.742124,
        35.592883
       ],
       [
        -80.741563,
        35.593259
       ]
      ],
      [
       [
        -80.741563,
        35.593259
       ],
       [
        -80.741259,
        35.593202
       ],
       [
        -80.739882,
        35.593218
       ],
       [
        -80.737328,
        35.593356
       ],
       [
        -80.735016,
        35.593242
       ],
       [
        -80.732722,
        35.593032
       ],
       [
        -80.731969,
        35.593064
       ],
       [
        -80.731054,
        35.59325
       ],
       [
        -80.729641,
        35.593836
       ],
       [
        -80.728201,
        35.595185
       ],
       [
        -80.726781,
        35.596375
       ],
       [
        -80.726014,
        35.597208
       ],
       [
        -80.724798,
        35.599533
       ]
      ],
      [
       [
        -80.724753,
        35.599633
       ],
       [
        -80.723689,
        35.602246
       ],
       [
        -80.723272,
        35.60308
       ],
       [
        -80.722827,
        35.603607
       ],
       [
        -80.722007,
        35.60437
       ],
       [
        -80.719785,
        35.605942
       ],
       [
        -80.718099,
        35.607023
       ],
       [
        -80.717724,
        35.607725
       ],
       [
        -80.717499,
        35.608503
       ],
       [
        -80.716386,
        35.614788
       ],
       [
        -80.716016,
        35.61548
       ],
       [
        -80.713221,
        35.618617
       ],
       [
        -80.711556,
        35.622657
       ]
      ],
      [
       [
        -80.711509,
        35.622771
       ],
       [
        -80.710389,
        35.624872
       ],
       [
        -80.710045,
        35.625747
       ],
       [
        -80.709479,
        35.627692
       ],
       [
        -80.708276,
        35.631141
       ],
       [
        -80.706551,
        35.633719
       ],
       [
        -80.705486,
        35.636133
       ],
       [
        -80.704758,
        35.637472
       ],
       [
        -80.704163,
        35.639996
       ],
       [
        -80.703731,
        35.641398
       ],
       [
        -80.703394,
        35.641812
       ],
       [
        -80.701939,
        35.642573
       ],
       [
        -80.70105,
        35.64316
       ],
       [
        -80.700491,
        35.643658
       ],
       [
        -80.699986,
        35.644229
       ],
       [
        -80.698409,
        35.646444
       ],
       [
        -80.697883,
        35.647322
       ],
       [
        -80.696427,
        35.649192
       ],
       [
        -80.69613,
        35.649394
       ],
       [
        -80.695646,
        35.649471
       ],
       [
        -80.694973,
        35.649294
       ],
       [
        -80.694003,
        35.648853
       ],
       [
        -80.693559,
        35.648831
       ],
       [
        -80.692293,
        35.649213
       ],
       [
        -80.69038,
        35.650055
       ],
       [
        -80.689398,
        35.649922
       ],
       [
        -80.68684,
        35.649303
       ],
       [
        -80.686275,
        35.649302
       ],
       [
        -80.685601,
        35.649614
       ],
       [
        -80.6842,
        35.650551
       ],
       [
        -80.683391,
        35.650772
       ],
       [
        -80.680537,
        35.651028
       ],
       [
        -80.672157,
        35.654659
       ],
       [
        -80.668519,
        35.656608
       ],
       [
        -80.667819,
        35.65687
       ],
       [
        -80.666095,
        35.657185
       ],
       [
        -80.664344,
        35.657292
       ],
       [
        -80.663778,
        35.657445
       ],
       [
        -80.663131,
        35.657751
       ],
       [
        -80.661918,
        35.658512
       ],
       [
        -80.661238,
        35.659131
       ],
       [
        -80.660211,
        35.66104
       ],
       [
        -80.659692,
        35.661692
       ],
       [
        -80.659234,
        35.661928
       ],
       [
        -80.657671,
        35.662254
       ],
       [
        -80.656935,
        35.662572
       ],
       [
        -80.656128,
        35.663141
       ],
       [
        -80.654779,
        35.664566
       ],
       [
        -80.65365,
        35.667858
       ],
       [
        -80.652988,
        35.669218
       ],
       [
        -80.652692,
        35.669497
       ],
       [
        -80.651829,
        35.670061
       ],
       [
        -80.650777,
        35.670564
       ],
       [
        -80.649268,
        35.67111
       ],
       [
        -80.647785,
        35.672057
       ],
       [
        -80.646625,
        35.673263
       ],
       [
        -80.645378,
        35.674342
       ],
       [
        -80.644648,
        35.675916
       ],
       [
        -80.644317,
        35.676382
       ],
       [
        -80.643926,
        35.676771
       ],
       [
        -80.643178,
        35.677229
       ]
      ]
     ],
     "type": "MultiLineString"
    },
    "properties": {
     "length_km": 16.64,
     "n_sites": 2,
     "name": "Sills Creek",
     "order": 2,
     "riverKey": "sills creek",
     "source": "osm",
     "waterway": "stream"
    },
    "type": "Feature"
   },
   {
    "geometry": {
     "coordinates": [
      [
       -80.827514,
       35.619948
      ],
      [
       -80.826227,
       35.620982
      ],
      [
       -80.824774,
       35.621126
      ],
      [
       -80.823913,
       35.621119
      ],
      [
       -80.822917,
       35.621303
      ],
      [
       -80.822514,
       35.621291
      ],
      [
       -80.822048,
       35.62115
      ],
      [
       -80.821063,
       35.620595
      ],
      [
       -80.820075,
       35.620419
      ],
      [
       -80.817977,
       35.620712
      ],
      [
       -80.816796,
       35.621429
      ],
      [
       -80.815988,
       35.621729
      ],
      [
       -80.81561,
       35.621986
      ],
      [
       -80.815482,
       35.622279
      ],
      [
       -80.815374,
       35.622331
      ],
      [
       -80.815281,
       35.622306
      ],
      [
       -80.815235,
       35.622386
      ],
      [
       -80.814971,
       35.622437
      ],
      [
       -80.814873,
       35.622524
      ],
      [
       -80.814654,
       35.622538
      ],
      [
       -80.81448,
       35.622674
      ],
      [
       -80.813367,
       35.622826
      ],
      [
       -80.813145,
       35.622912
      ],
      [
       -80.81311,
       35.623035
      ],
      [
       -80.812673,
       35.623405
      ],
      [
       -80.811542,
       35.624261
      ],
      [
       -80.811272,
       35.624336
      ],
      [
       -80.811117,
       35.624563
      ],
      [
       -80.810771,
       35.624674
      ],
      [
       -80.810681,
       35.624802
      ],
      [
       -80.810467,
       35.624818
      ],
      [
       -80.810042,
       35.625002
      ],
      [
       -80.809989,
       35.625138
      ],
      [
       -80.809714,
       35.625214
      ],
      [
       -80.809266,
       35.625594
      ],
      [
       -80.808786,
       35.625856
      ],
      [
       -80.808534,
       35.62589
      ],
      [
       -80.808368,
       35.626001
      ],
      [
       -80.80842,
       35.626094
      ],
      [
       -80.807386,
       35.626568
      ],
      [
       -80.806928,
       35.626958
      ],
      [
       -80.80603,
       35.627409
      ],
      [
       -80.805482,
       35.627776
      ],
      [
       -80.805305,
       35.62779
      ],
      [
       -80.804691,
       35.628257
      ],
      [
       -80.804372,
       35.628582
      ],
      [
       -80.803901,
       35.629277
      ],
      [
       -80.803721,
       35.629342
      ],
      [
       -80.803633,
       35.629541
      ],
      [
       -80.803361,
       35.629752
      ],
      [
       -80.803426,
       35.629898
      ],
      [
       -80.803271,
       35.629969
      ],
      [
       -80.803336,
       35.630125
      ],
      [
       -80.803081,
       35.6302
      ],
      [
       -80.803063,
       35.630304
      ],
      [
       -80.802817,
       35.630432
      ],
      [
       -80.802881,
       35.63058
      ],
      [
       -80.802689,
       35.630649
      ],
      [
       -80.80269,
       35.630841
      ],
      [
       -80.802224,
       35.631148
      ],
      [
       -80.802257,
       35.631318
      ],
      [
       -80.802035,
       35.631457
      ],
      [
       -80.802024,
       35.631639
      ],
      [
       -80.801675,
       35.632029
      ],
      [
       -80.801736,
       35.632202
      ],
      [
       -80.801603,
       35.632223
      ],
      [
       -80.801552,
       35.63232
      ],
      [
       -80.80159,
       35.63248
      ],
      [
       -80.801473,
       35.632571
      ],
      [
       -80.801388,
       35.632906
      ],
      [
       -80.801249,
       35.633075
      ],
      [
       -80.801245,
       35.633408
      ],
      [
       -80.800899,
       35.6339
      ],
      [
       -80.800944,
       35.634071
      ],
      [
       -80.800791,
       35.634224
      ],
      [
       -80.800792,
       35.634549
      ],
      [
       -80.800511,
       35.63507
      ],
      [
       -80.800379,
       35.6356
      ],
      [
       -80.80035,
       35.63636
      ],
      [
       -80.80043,
       35.636476
      ],
      [
       -80.800284,
       35.636543
      ],
      [
       -80.800373,
       35.636703
      ],
      [
       -80.800338,
       35.637549
      ],
      [
       -80.800203,
       35.637802
      ],
      [
       -80.800326,
       35.637969
      ],
      [
       -80.800227,
       35.638194
      ],
      [
       -80.800272,
       35.638316
      ],
      [
       -80.80016,
       35.638357
      ],
      [
       -80.800362,
       35.638505
      ],
      [
       -80.80036,
       35.638597
      ],
      [
       -80.800054,
       35.638732
      ],
      [
       -80.800308,
       35.638847
      ],
      [
       -80.800174,
       35.639113
      ],
      [
       -80.800277,
       35.639308
      ],
      [
       -80.800223,
       35.639542
      ],
      [
       -80.80029,
       35.639718
      ],
      [
       -80.800065,
       35.639976
      ],
      [
       -80.800201,
       35.640094
      ],
      [
       -80.800158,
       35.640714
      ],
      [
       -80.800056,
       35.640841
      ],
      [
       -80.800119,
       35.640989
      ],
      [
       -80.800056,
       35.641387
      ],
      [
       -80.800165,
       35.642114
      ],
      [
       -80.800153,
       35.643132
      ],
      [
       -80.800071,
       35.643424
      ],
      [
       -80.799857,
       35.643608
      ],
      [
       -80.799897,
       35.643807
      ],
      [
       -80.799691,
       35.644587
      ],
      [
       -80.799552,
       35.645961
      ],
      [
       -80.799603,
       35.64638
      ],
      [
       -80.799514,
       35.646514
      ],
      [
       -80.799584,
       35.646751
      ],
      [
       -80.799514,
       35.646817
      ],
      [
       -80.799497,
       35.648072
      ],
      [
       -80.799436,
       35.648286
      ],
      [
       -80.799301,
       35.648367
      ],
      [
       -80.799347,
       35.648446
      ],
      [
       -80.799174,
       35.648744
      ],
      [
       -80.799158,
       35.649036
      ],
      [
       -80.798553,
       35.649778
      ],
      [
       -80.798684,
       35.649984
      ],
      [
       -80.798569,
       35.650207
      ],
      [
       -80.798916,
       35.650529
      ],
      [
       -80.798916,
       35.651408
      ],
      [
       -80.798822,
       35.651935
      ],
      [
       -80.79817,
       35.653361
      ],
      [
       -80.797544,
       35.654415
      ],
      [
       -80.797517,
       35.654986
      ],
      [
       -80.797221,
       35.655513
      ],
      [
       -80.797235,
       35.656215
      ],
      [
       -80.79712,
       35.656545
      ],
      [
       -80.796898,
       35.656901
      ],
      [
       -80.795754,
       35.658191
      ],
      [
       -80.795323,
       35.658937
      ],
      [
       -80.794435,
       35.661659
      ],
      [
       -80.794207,
       35.662098
      ],
      [
       -80.794106,
       35.662905
      ],
      [
       -80.793803,
       35.663228
      ],
      [
       -80.793049,
       35.663684
      ],
      [
       -80.792699,
       35.663843
      ],
      [
       -80.792187,
       35.66393
      ],
      [
       -80.790787,
       35.663841
      ],
      [
       -80.789245,
       35.663445
      ],
      [
       -80.788186,
       35.663282
      ],
      [
       -80.78756,
       35.663447
      ],
      [
       -80.787192,
       35.663455
      ],
      [
       -80.787123,
       35.663525
      ],
      [
       -80.78717,
       35.663634
      ],
      [
       -80.786565,
       35.663936
      ],
      [
       -80.786413,
       35.6642
      ],
      [
       -80.78565,
       35.664513
      ],
      [
       -80.78564,
       35.664611
      ],
      [
       -80.785293,
       35.664764
      ],
      [
       -80.78513,
       35.664948
      ],
      [
       -80.782698,
       35.665946
      ],
      [
       -80.782656,
       35.666018
      ],
      [
       -80.781864,
       35.666195
      ],
      [
       -80.781576,
       35.66637
      ],
      [
       -80.781332,
       35.666397
      ],
      [
       -80.779239,
       35.667121
      ],
      [
       -80.778836,
       35.667166
      ],
      [
       -80.778619,
       35.667296
      ],
      [
       -80.778448,
       35.66727
      ],
      [
       -80.778263,
       35.667478
      ],
      [
       -80.778167,
       35.66739
      ],
      [
       -80.777994,
       35.667404
      ],
      [
       -80.777644,
       35.667601
      ],
      [
       -80.777586,
       35.667718
      ],
      [
       -80.777343,
       35.667708
      ],
      [
       -80.777239,
       35.667807
      ],
      [
       -80.776255,
       35.668078
      ],
      [
       -80.775886,
       35.667992
      ],
      [
       -80.775751,
       35.668048
      ],
      [
       -80.775771,
       35.668307
      ]
     ],
     "type": "LineString"
    },
    "properties": {
     "length_km": 8.66,
     "n_sites": 4,
     "name": "South Fork Withrow Creek",
     "order": 2,
     "riverKey": "south fork withrow creek",
     "source": "osm",
     "waterway": "stream"
    },
    "type": "Feature"
   },
   {
    "geometry": {
     "coordinates": [
      [
       [
        -80.852312,
        35.494461
       ],
       [
        -80.852312,
        35.494021
       ],
       [
        -80.852076,
        35.4929
       ],
       [
        -80.852076,
        35.492328
       ],
       [
        -80.851813,
        35.491691
       ],
       [
        -80.851598,
        35.491394
       ],
       [
        -80.85143,
        35.490723
       ],
       [
        -80.851107,
        35.49035
       ],
       [
        -80.851174,
        35.489712
       ],
       [
        -80.8511,
        35.48947
       ],
       [
        -80.850985,
        35.489316
       ],
       [
        -80.850522,
        35.489025
       ],
       [
        -80.850252,
        35.488542
       ],
       [
        -80.849802,
        35.488256
       ],
       [
        -80.849506,
        35.487723
       ]
      ],
      [
       [
        -80.848995,
        35.487195
       ],
       [
        -80.8488,
        35.486993
       ],
       [
        -80.84833,
        35.486789
       ],
       [
        -80.847825,
        35.486234
       ],
       [
        -80.847556,
        35.486102
       ],
       [
        -80.847019,
        35.486069
       ],
       [
        -80.846354,
        35.486273
       ],
       [
        -80.845151,
        35.485866
       ],
       [
        -80.844868,
        35.48541
       ],
       [
        -80.844277,
        35.484998
       ],
       [
        -80.844041,
        35.484569
       ],
       [
        -80.843409,
        35.483888
       ],
       [
        -80.842132,
        35.482811
       ],
       [
        -80.841238,
        35.482547
       ],
       [
        -80.839061,
        35.482504
       ],
       [
        -80.837959,
        35.482394
       ],
       [
        -80.83656,
        35.480932
       ],
       [
        -80.834934,
        35.480119
       ],
       [
        -80.833973,
        35.479262
       ],
       [
        -80.832797,
        35.478438
       ],
       [
        -80.832393,
        35.478355
       ],
       [
        -80.830351,
        35.478323
       ]
      ]
     ],
     "type": "MultiLineString"
    },
    "properties": {
     "length_km": 2.93,
     "n_sites": 0,
     "name": "South Prong West Branch Rocky River",
     "order": 4,
     "riverKey": "south prong west branch rocky river",
     "source": "osm",
     "waterway": "river"
    },
    "type": "Feature"
   },
   {
    "geometry": {
     "coordinates": [
      [
       -80.877646,
       35.648314
      ],
      [
       -80.878239,
       35.64827
      ],
      [
       -80.878696,
       35.648326
      ],
      [
       -80.879894,
       35.648679
      ],
      [
       -80.880836,
       35.6488
      ],
      [
       -80.882304,
       35.648682
      ],
      [
       -80.883905,
       35.648936
      ],
      [
       -80.88548,
       35.648657
      ],
      [
       -80.8861,
       35.648092
      ],
      [
       -80.887662,
       35.647688
      ],
      [
       -80.889681,
       35.647532
      ],
      [
       -80.890975,
       35.646359
      ],
      [
       -80.891594,
       35.646008
      ],
      [
       -80.892706,
       35.644444
      ],
      [
       -80.89375,
       35.643622
      ],
      [
       -80.894262,
       35.64296
      ],
      [
       -80.894691,
       35.642796
      ],
      [
       -80.894587,
       35.642644
      ],
      [
       -80.894715,
       35.642602
      ],
      [
       -80.894864,
       35.642347
      ],
      [
       -80.89507,
       35.642275
      ],
      [
       -80.895767,
       35.642488
      ],
      [
       -80.896059,
       35.64236
      ],
      [
       -80.896166,
       35.642094
      ],
      [
       -80.896447,
       35.642047
      ],
      [
       -80.896492,
       35.641581
      ],
      [
       -80.896158,
       35.640995
      ],
      [
       -80.896276,
       35.640178
      ],
      [
       -80.897283,
       35.639656
      ],
      [
       -80.897795,
       35.639577
      ],
      [
       -80.89851,
       35.639162
      ],
      [
       -80.898985,
       35.638138
      ],
      [
       -80.899189,
       35.638019
      ],
      [
       -80.89932,
       35.637819
      ],
      [
       -80.899596,
       35.63666
      ],
      [
       -80.900017,
       35.636136
      ],
      [
       -80.900498,
       35.635763
      ],
      [
       -80.900554,
       35.635481
      ],
      [
       -80.900707,
       35.635392
      ],
      [
       -80.901142,
       35.634796
      ],
      [
       -80.901503,
       35.634119
      ],
      [
       -80.901838,
       35.6338
      ],
      [
       -80.902313,
       35.631871
      ],
      [
       -80.902671,
       35.631664
      ],
      [
       -80.902801,
       35.631463
      ],
      [
       -80.903114,
       35.63125
      ],
      [
       -80.903252,
       35.631015
      ],
      [
       -80.903834,
       35.630583
      ],
      [
       -80.904717,
       35.62639
      ],
      [
       -80.904576,
       35.626191
      ],
      [
       -80.904757,
       35.625
      ],
      [
       -80.905011,
       35.623839
      ],
      [
       -80.905216,
       35.623721
      ],
      [
       -80.905295,
       35.62355
      ],
      [
       -80.905457,
       35.622738
      ],
      [
       -80.904984,
       35.622171
      ],
      [
       -80.9046,
       35.621832
      ],
      [
       -80.90435,
       35.621728
      ],
      [
       -80.905633,
       35.621856
      ],
      [
       -80.907507,
       35.620831
      ],
      [
       -80.90769,
       35.620818
      ],
      [
       -80.908915,
       35.620107
      ],
      [
       -80.909186,
       35.620106
      ],
      [
       -80.909543,
       35.619898
      ],
      [
       -80.91188,
       35.61904
      ],
      [
       -80.91232,
       35.619097
      ],
      [
       -80.912626,
       35.618919
      ],
      [
       -80.915969,
       35.619348
      ],
      [
       -80.916072,
       35.619289
      ],
      [
       -80.916907,
       35.619396
      ],
      [
       -80.917316,
       35.619159
      ],
      [
       -80.917624,
       35.619199
      ],
      [
       -80.918273,
       35.618884
      ],
      [
       -80.918287,
       35.618813
      ],
      [
       -80.919869,
       35.617895
      ],
      [
       -80.920432,
       35.615072
      ],
      [
       -80.922633,
       35.613763
      ],
      [
       -80.923085,
       35.613531
      ],
      [
       -80.923437,
       35.613576
      ],
      [
       -80.924254,
       35.613102
      ],
      [
       -80.925133,
       35.613215
      ],
      [
       -80.925235,
       35.613156
      ],
      [
       -80.92602,
       35.613293
      ],
      [
       -80.926625,
       35.613877
      ],
      [
       -80.927007,
       35.613998
      ],
      [
       -80.927266,
       35.614285
      ],
      [
       -80.927611,
       35.614365
      ],
      [
       -80.927906,
       35.614693
      ],
      [
       -80.92817,
       35.614726
      ],
      [
       -80.928281,
       35.614849
      ],
      [
       -80.930348,
       35.615467
      ]
     ],
     "type": "LineString"
    },
    "properties": {
     "length_km": 7.63,
     "n_sites": 1,
     "name": "Stumpy Creek",
     "order": 2,
     "riverKey": "stumpy creek",
     "source": "osm",
     "waterway": "stream"
    },
    "type": "Feature"
   },
   {
    "geometry": {
     "coordinates": [
      [
       [
        -80.856872,
        35.678607
       ],
       [
        -80.856279,
        35.677883
       ],
       [
        -80.855551,
        35.67718
       ],
       [
        -80.85475,
        35.676572
       ],
       [
        -80.853906,
        35.675627
       ],
       [
        -80.852155,
        35.674419
       ],
       [
        -80.851104,
        35.67398
       ],
       [
        -80.850026,
        35.672942
       ],
       [
        -80.849574,
        35.672217
       ],
       [
        -80.849399,
        35.672097
       ],
       [
        -80.848853,
        35.671932
       ],
       [
        -80.848738,
        35.671548
       ],
       [
        -80.848676,
        35.66983
       ],
       [
        -80.84846,
        35.668913
       ],
       [
        -80.848418,
        35.667628
       ],
       [
        -80.84827,
        35.666981
       ],
       [
        -80.847973,
        35.666706
       ],
       [
        -80.847064,
        35.666322
       ],
       [
        -80.846801,
        35.665696
       ],
       [
        -80.846248,
        35.664812
       ],
       [
        -80.845392,
        35.663972
       ],
       [
        -80.84389,
        35.662073
       ],
       [
        -80.841316,
        35.660173
       ],
       [
        -80.839996,
        35.659591
       ],
       [
        -80.836739,
        35.65855
       ],
       [
        -80.833169,
        35.657218
       ],
       [
        -80.831943,
        35.656328
       ],
       [
        -80.831337,
        35.655982
       ],
       [
        -80.830582,
        35.655356
       ],
       [
        -80.829869,
        35.654956
       ],
       [
        -80.828019,
        35.654069
       ],
       [
        -80.826421,
        35.653439
       ],
       [
        -80.825075,
        35.653165
       ],
       [
        -80.821871,
        35.65301
       ],
       [
        -80.820766,
        35.652724
       ],
       [
        -80.820309,
        35.65279
       ],
       [
        -80.818605,
        35.653424
       ],
       [
        -80.817994,
        35.653892
       ],
       [
        -80.816675,
        35.655121
       ],
       [
        -80.815141,
        35.656328
       ],
       [
        -80.813331,
        35.658122
       ],
       [
        -80.811158,
        35.661108
       ],
       [
        -80.810479,
        35.662539
       ]
      ],
      [
       [
        -80.810404,
        35.66272
       ],
       [
        -80.809933,
        35.663544
       ],
       [
        -80.809301,
        35.66412
       ],
       [
        -80.808339,
        35.664607
       ],
       [
        -80.804601,
        35.665712
       ],
       [
        -80.801078,
        35.667357
       ],
       [
        -80.799696,
        35.667837
       ],
       [
        -80.799647,
        35.667911
       ],
       [
        -80.799213,
        35.66797
       ],
       [
        -80.798612,
        35.66825
       ],
       [
        -80.797897,
        35.668395
       ],
       [
        -80.797,
        35.66883
       ],
       [
        -80.796901,
        35.668821
       ],
       [
        -80.794946,
        35.669836
       ],
       [
        -80.79245,
        35.671901
       ],
       [
        -80.791721,
        35.672265
       ],
       [
        -80.791238,
        35.672009
       ],
       [
        -80.790448,
        35.6713
       ],
       [
        -80.790226,
        35.671213
       ],
       [
        -80.789506,
        35.671133
       ],
       [
        -80.78917,
        35.670958
       ],
       [
        -80.788231,
        35.670927
       ],
       [
        -80.787508,
        35.670712
       ],
       [
        -80.786732,
        35.670588
       ],
       [
        -80.78408,
        35.670582
       ],
       [
        -80.783436,
        35.670486
       ],
       [
        -80.783135,
        35.670325
       ],
       [
        -80.782914,
        35.670329
       ],
       [
        -80.782135,
        35.67007
       ],
       [
        -80.780303,
        35.669646
       ],
       [
        -80.778773,
        35.669032
       ],
       [
        -80.77731,
        35.668307
       ],
       [
        -80.775771,
        35.668307
       ]
      ]
     ],
     "type": "MultiLineString"
    },
    "properties": {
     "length_km": 9.76,
     "n_sites": 4,
     "name": "Weathers Creek",
     "order": 2,
     "riverKey": "weathers creek",
     "source": "osm",
     "waterway": "stream"
    },
    "type": "Feature"
   },
   {
    "geometry": {
     "coordinates": [
      [
       [
        -80.825845,
        35.570985
       ],
       [
        -80.82607,
        35.570556
       ],
       [
        -80.825988,
        35.57038
       ],
       [
        -80.8262,
        35.570045
       ],
       [
        -80.826096,
        35.569869
       ],
       [
        -80.826243,
        35.569711
       ],
       [
        -80.826234,
        35.56953
       ],
       [
        -80.826449,
        35.569151
       ],
       [
        -80.826066,
        35.568085
       ],
       [
        -80.825923,
        35.568066
       ],
       [
        -80.825674,
        35.567625
       ],
       [
        -80.825808,
        35.567088
       ],
       [
        -80.825981,
        35.567057
       ],
       [
        -80.82604,
        35.566714
       ],
       [
        -80.825984,
        35.566264
       ],
       [
        -80.825755,
        35.566289
       ],
       [
        -80.825635,
        35.56602
       ],
       [
        -80.8257,
        35.56593
       ],
       [
        -80.825565,
        35.565873
       ],
       [
        -80.825525,
        35.565624
       ],
       [
        -80.825104,
        35.564928
       ],
       [
        -80.825224,
        35.564604
       ],
       [
        -80.825123,
        35.564274
       ],
       [
        -80.825236,
        35.564226
       ],
       [
        -80.825334,
        35.563861
       ],
       [
        -80.82513,
        35.563564
       ],
       [
        -80.825205,
        35.563432
       ],
       [
        -80.824625,
        35.561834
       ],
       [
        -80.824571,
        35.561481
       ],
       [
        -80.824375,
        35.5614
       ],
       [
        -80.824452,
        35.561202
       ],
       [
        -80.824256,
        35.561034
       ],
       [
        -80.824302,
        35.560852
       ],
       [
        -80.824135,
        35.560813
       ],
       [
        -80.824197,
        35.560576
       ],
       [
        -80.823918,
        35.560542
       ],
       [
        -80.823962,
        35.559995
       ],
       [
        -80.82379,
        35.559717
       ],
       [
        -80.823856,
        35.559616
       ],
       [
        -80.823779,
        35.559362
       ]
      ],
      [
       [
        -80.823772,
        35.559242
       ],
       [
        -80.823558,
        35.558322
       ],
       [
        -80.823335,
        35.558283
       ],
       [
        -80.823308,
        35.557882
       ],
       [
        -80.823425,
        35.55765
       ],
       [
        -80.823261,
        35.557393
       ],
       [
        -80.823357,
        35.556766
       ],
       [
        -80.823077,
        35.55673
       ],
       [
        -80.822792,
        35.556131
       ],
       [
        -80.822866,
        35.555767
       ],
       [
        -80.822709,
        35.555623
       ],
       [
        -80.822719,
        35.555422
       ],
       [
        -80.822355,
        35.554907
       ],
       [
        -80.822069,
        35.554955
       ],
       [
        -80.822167,
        35.554743
       ],
       [
        -80.821942,
        35.554634
       ],
       [
        -80.821906,
        35.5544
       ],
       [
        -80.821149,
        35.554026
       ],
       [
        -80.821006,
        35.553624
       ],
       [
        -80.82075,
        35.553567
       ],
       [
        -80.820401,
        35.552817
       ],
       [
        -80.820396,
        35.552519
       ],
       [
        -80.820229,
        35.552379
       ],
       [
        -80.820242,
        35.552202
       ],
       [
        -80.820031,
        35.551873
       ],
       [
        -80.820205,
        35.551647
       ],
       [
        -80.819952,
        35.55159
       ],
       [
        -80.819842,
        35.551196
       ],
       [
        -80.81997,
        35.551149
       ],
       [
        -80.820065,
        35.550855
       ],
       [
        -80.819858,
        35.550783
       ],
       [
        -80.819945,
        35.550341
       ],
       [
        -80.819828,
        35.548901
       ],
       [
        -80.819675,
        35.548508
       ],
       [
        -80.819634,
        35.547704
       ],
       [
        -80.819303,
        35.546631
       ],
       [
        -80.819258,
        35.546007
       ],
       [
        -80.819334,
        35.544621
       ],
       [
        -80.81927,
        35.544406
       ],
       [
        -80.819286,
        35.543496
       ],
       [
        -80.819424,
        35.542685
       ],
       [
        -80.820519,
        35.540216
       ],
       [
        -80.820472,
        35.539912
       ],
       [
        -80.822153,
        35.536154
       ],
       [
        -80.822261,
        35.535038
       ],
       [
        -80.820788,
        35.5318
       ],
       [
        -80.818185,
        35.527073
       ],
       [
        -80.818041,
        35.526656
       ],
       [
        -80.817763,
        35.526388
       ],
       [
        -80.817729,
        35.525985
       ],
       [
        -80.817496,
        35.525699
       ],
       [
        -80.816645,
        35.523814
       ],
       [
        -80.8158,
        35.519475
       ],
       [
        -80.814564,
        35.515961
       ],
       [
        -80.8146,
        35.515842
       ],
       [
        -80.814415,
        35.515641
       ],
       [
        -80.814456,
        35.515413
       ],
       [
        -80.814339,
        35.515345
       ],
       [
        -80.813807,
        35.513764
       ],
       [
        -80.813643,
        35.513596
       ],
       [
        -80.8137,
        35.513366
       ],
       [
        -80.810585,
        35.504677
       ]
      ],
      [
       [
        -80.810514,
        35.504465
       ],
       [
        -80.810198,
        35.503212
       ],
       [
        -80.809304,
        35.501321
       ],
       [
        -80.809099,
        35.500452
       ],
       [
        -80.809075,
        35.499409
       ],
       [
        -80.808369,
        35.498381
       ],
       [
        -80.806736,
        35.496617
       ],
       [
        -80.80642,
        35.496122
       ],
       [
        -80.806078,
        35.495089
       ],
       [
        -80.805634,
        35.494206
       ],
       [
        -80.804855,
        35.490917
       ],
       [
        -80.803323,
        35.487393
       ],
       [
        -80.801415,
        35.484458
       ],
       [
        -80.800707,
        35.483515
       ],
       [
        -80.799896,
        35.4826
       ],
       [
        -80.795684,
        35.477207
       ],
       [
        -80.792909,
        35.474162
       ],
       [
        -80.792721,
        35.473854
       ],
       [
        -80.792355,
        35.472809
       ]
      ]
     ],
     "type": "MultiLineString"
    },
    "properties": {
     "length_km": 11.94,
     "n_sites": 9,
     "name": "West Branch Rocky River",
     "order": 2,
     "riverKey": "west branch rocky river",
     "source": "osm",
     "waterway": "stream"
    },
    "type": "Feature"
   },
   {
    "geometry": {
     "coordinates": [
      [
       -80.810756,
       35.688142
      ],
      [
       -80.811383,
       35.686446
      ],
      [
       -80.811518,
       35.685304
      ],
      [
       -80.812015,
       35.683196
      ],
      [
       -80.811961,
       35.682516
      ],
      [
       -80.81155,
       35.68178
      ],
      [
       -80.811166,
       35.681341
      ],
      [
       -80.809886,
       35.679353
      ],
      [
       -80.809535,
       35.679007
      ],
      [
       -80.808256,
       35.678474
      ],
      [
       -80.806034,
       35.678023
      ],
      [
       -80.805461,
       35.677649
      ],
      [
       -80.805057,
       35.677155
      ],
      [
       -80.804767,
       35.676606
      ],
      [
       -80.804497,
       35.674915
      ],
      [
       -80.803635,
       35.672115
      ],
      [
       -80.803069,
       35.670842
      ],
      [
       -80.802516,
       35.670007
      ],
      [
       -80.801169,
       35.668541
      ],
      [
       -80.800725,
       35.668288
      ],
      [
       -80.799647,
       35.667911
      ]
     ],
     "type": "LineString"
    },
    "properties": {
     "length_km": 2.74,
     "n_sites": 0,
     "name": "Westmoreland Creek",
     "order": 2,
     "riverKey": "westmoreland creek",
     "source": "osm",
     "waterway": "stream"
    },
    "type": "Feature"
   },
   {
    "geometry": {
     "coordinates": [
      [
       -80.775771,
       35.668307
      ],
      [
       -80.774363,
       35.668633
      ],
      [
       -80.769474,
       35.670158
      ],
      [
       -80.768908,
       35.670424
      ],
      [
       -80.768507,
       35.67081
      ],
      [
       -80.768029,
       35.671479
      ],
      [
       -80.767644,
       35.671769
      ],
      [
       -80.767299,
       35.671906
      ],
      [
       -80.765849,
       35.671774
      ],
      [
       -80.760182,
       35.671561
      ],
      [
       -80.759491,
       35.671471
      ],
      [
       -80.759057,
       35.671319
      ],
      [
       -80.758847,
       35.67113
      ],
      [
       -80.758673,
       35.670727
      ],
      [
       -80.757707,
       35.669729
      ],
      [
       -80.756871,
       35.669175
      ],
      [
       -80.756351,
       35.669038
      ],
      [
       -80.754373,
       35.66858
      ],
      [
       -80.751672,
       35.668844
      ],
      [
       -80.750618,
       35.668679
      ],
      [
       -80.749795,
       35.668405
      ],
      [
       -80.745463,
       35.667599
      ],
      [
       -80.744873,
       35.667644
      ],
      [
       -80.743938,
       35.66805
      ],
      [
       -80.74164,
       35.668599
      ],
      [
       -80.741141,
       35.66878
      ],
      [
       -80.740708,
       35.669192
      ],
      [
       -80.738474,
       35.671927
      ],
      [
       -80.738121,
       35.672204
      ],
      [
       -80.737644,
       35.672374
      ],
      [
       -80.737138,
       35.672406
      ],
      [
       -80.734902,
       35.672225
      ],
      [
       -80.734343,
       35.672283
      ],
      [
       -80.733542,
       35.672494
      ],
      [
       -80.727335,
       35.672632
      ],
      [
       -80.726315,
       35.672913
      ],
      [
       -80.723604,
       35.674879
      ],
      [
       -80.722421,
       35.675577
      ],
      [
       -80.716986,
       35.677241
      ],
      [
       -80.713465,
       35.678178
      ],
      [
       -80.713065,
       35.678445
      ],
      [
       -80.712849,
       35.678782
      ],
      [
       -80.71253,
       35.679613
      ],
      [
       -80.712103,
       35.680055
      ],
      [
       -80.71137,
       35.680412
      ],
      [
       -80.710929,
       35.680756
      ],
      [
       -80.71021,
       35.681038
      ],
      [
       -80.708565,
       35.681854
      ],
      [
       -80.703454,
       35.683831
      ],
      [
       -80.697363,
       35.685414
      ]
     ],
     "type": "LineString"
    },
    "properties": {
     "length_km": 8.02,
     "n_sites": 0,
     "name": "Withrow Creek",
     "order": 2,
     "riverKey": "withrow creek",
     "source": "osm",
     "waterway": "stream"
    },
    "type": "Feature"
   },
   {
    "geometry": {
     "coordinates": [
      [
       [
        -80.861156,
        35.538405
       ],
       [
        -80.861977,
        35.538178
       ],
       [
        -80.862473,
        35.537953
       ],
       [
        -80.863447,
        35.538042
       ],
       [
        -80.863688,
        35.537964
       ],
       [
        -80.86446,
        35.537485
       ],
       [
        -80.864646,
        35.537002
       ],
       [
        -80.865258,
        35.536647
       ],
       [
        -80.865624,
        35.536622
       ],
       [
        -80.86832,
        35.535087
       ],
       [
        -80.86842,
        35.534811
       ],
       [
        -80.868956,
        35.534156
       ],
       [
        -80.869619,
        35.533771
       ],
       [
        -80.869985,
        35.533746
       ],
       [
        -80.870926,
        35.533324
       ],
       [
        -80.872639,
        35.533545
       ],
       [
        -80.872713,
        35.533627
       ],
       [
        -80.873504,
        35.533729
       ],
       [
        -80.873978,
        35.533609
       ],
       [
        -80.876453,
        35.533856
       ],
       [
        -80.876674,
        35.534102
       ],
       [
        -80.877245,
        35.534175
       ],
       [
        -80.877808,
        35.534067
       ],
       [
        -80.878643,
        35.534174
       ],
       [
        -80.878898,
        35.534026
       ],
       [
        -80.879601,
        35.534117
       ],
       [
        -80.879703,
        35.534058
       ],
       [
        -80.884404,
        35.534663
       ],
       [
        -80.884967,
        35.534555
       ],
       [
        -80.885801,
        35.534662
       ],
       [
        -80.887331,
        35.533774
       ],
       [
        -80.887551,
        35.533802
       ],
       [
        -80.889386,
        35.532735
       ],
       [
        -80.891363,
        35.53299
       ],
       [
        -80.893547,
        35.531534
       ]
      ],
      [
       [
        -80.852336,
        35.542891
       ],
       [
        -80.853076,
        35.541738
       ],
       [
        -80.853183,
        35.5411
       ],
       [
        -80.853317,
        35.540863
       ],
       [
        -80.853613,
        35.540589
       ],
       [
        -80.854615,
        35.540022
       ],
       [
        -80.855462,
        35.539581
       ],
       [
        -80.855919,
        35.539521
       ],
       [
        -80.856403,
        35.539323
       ],
       [
        -80.856968,
        35.539263
       ],
       [
        -80.857344,
        35.539135
       ],
       [
        -80.858326,
        35.538586
       ],
       [
        -80.858877,
        35.538733
       ],
       [
        -80.859698,
        35.538804
       ],
       [
        -80.859926,
        35.538815
       ],
       [
        -80.860182,
        35.538688
       ]
      ]
     ],
     "type": "MultiLineString"
    },
    "properties": {
     "length_km": 4.28,
     "n_sites": 1,
     "name": "Work Creek",
     "order": 2,
     "riverKey": "work creek",
     "source": "osm",
     "waterway": "stream"
    },
    "type": "Feature"
   }
  ],
  "type": "FeatureCollection"
 },
 "type": "FeatureCollection"
}
