{
 "features": [
  {
   "geometry": {
    "coordinates": [
     -81.679563,
     35.739584
    ],
    "type": "Point"
   },
   "properties": {
    "accumulation": 206125.0,
    "bank_slope_deg": 0.53,
    "bank_slope_score": 1.0,
    "beach_dist_km": 393.05,
    "bridge_proximity_bonus": 0.2,
    "catchment_area_km2": 20.5598,
    "channel_width_m": 10.94,
    "channel_width_score": 1.0,
    "composite_score": 61.4471,
    "cso_density": 0.0,
    "ej_index": 0.8107,
    "elevation_m": 324.0871,
    "estuary_dist_km": 515.94,
    "feasibility_score": 88.5714,
    "flood_q10_cfs": 1831.3,
    "flow_score": 34.8152,
    "flow_velocity_ms": 0.1548,
    "generation_score": 55.7002,
    "impact_score": 75.8252,
    "impervious_pct": 13.26,
    "land_ownership": 0.5,
    "lat": 35.7396,
    "litter_complaint_density": 0.0,
    "lon": -81.6796,
    "npdes_points": 0,
    "pixel_col": 1198.0,
    "pixel_row": 797.0,
    "population_density": 443.1,
    "position_along": 0.5,
    "protected_area_score": 0.0,
    "rank": 1,
    "river_name": "Hunting Creek",
    "road_access_m": 17.0,
    "road_access_score": 1.0,
    "road_density_km_km2": 7.227,
    "robustness_pct": 98.5,
    "runoff_coeff_C": 0.1693,
    "seasonal_cv": 0.4059,
    "segment_id": 56,
    "segment_length_m": 5055.7963,
    "stream_order": 3,
    "superfund_score": 0.0,
    "tourism_amenity_density": 9.9472,
    "tri_facility_density": 0.2918,
    "usgs_mean_q_cfs": 14.647,
    "velocity_feasibility": 0.7,
    "water_intake_score": 0.0
   },
   "type": "Feature"
  },
  {
   "geometry": {
    "coordinates": [
     -81.706365,
     35.747077
    ],
    "type": "Point"
   },
   "properties": {
    "accumulation": 954251.0,
    "bank_slope_deg": 0.07,
    "bank_slope_score": 1.0,
    "beach_dist_km": 395.6,
    "bridge_proximity_bonus": 0.0,
    "catchment_area_km2": 95.181,
    "channel_width_m": 20.67,
    "channel_width_score": 0.5,
    "composite_score": 57.853,
    "cso_density": 0.0,
    "dem_lat": 35.747108,
    "dem_lon": -81.706432,
    "ej_index": 0.6495,
    "elevation_m": 303.3769,
    "estuary_dist_km": 518.45,
    "feasibility_score": 60.0,
    "flood_q10_cfs": 3563.19,
    "flow_score": 72.0,
    "flow_velocity_ms": 0.5,
    "generation_score": 38.2509,
    "impact_score": 64.5926,
    "impervious_pct": null,
    "land_ownership": 0.5,
    "lat": 35.7471,
    "litter_complaint_density": 0.0,
    "lon": -81.7064,
    "npdes_points": 4,
    "pixel_col": 959.0,
    "pixel_row": 712.0,
    "population_density": 216.5,
    "position_along": 0.5,
    "protected_area_score": 0.0,
    "rank": 2,
    "river_name": "Catawba River",
    "road_access_m": 191.6,
    "road_access_score": 1.0,
    "road_density_km_km2": 3.882,
    "robustness_pct": 81.0,
    "runoff_coeff_C": null,
    "seasonal_cv": null,
    "segment_id": 53,
    "segment_length_m": 1415.2932,
    "snap_dist_m": 7.0,
    "stream_order": 3,
    "superfund_score": 0.0,
    "tourism_amenity_density": 12.812,
    "tri_facility_density": 0.2101,
    "usgs_mean_q_cfs": null,
    "velocity_feasibility": 1.0,
    "water_intake_score": 0.0
   },
   "type": "Feature"
  },
  {
   "geometry": {
    "coordinates": [
     -81.710969,
     35.738638
    ],
    "type": "Point"
   },
   "properties": {
    "accumulation": 654459.0,
    "bank_slope_deg": 8.28,
    "bank_slope_score": 1.0,
    "beach_dist_km": 395.59,
    "bridge_proximity_bonus": 0.0,
    "catchment_area_km2": 65.2785,
    "channel_width_m": 17.67,
    "channel_width_score": 0.5,
    "composite_score": 56.3006,
    "cso_density": 0.0,
    "dem_lat": 35.738629,
    "dem_lon": -81.711029,
    "ej_index": 0.719,
    "elevation_m": 304.8807,
    "estuary_dist_km": 518.75,
    "feasibility_score": 48.5714,
    "flood_q10_cfs": 3068.04,
    "flow_score": 59.167,
    "flow_velocity_ms": 0.0812,
    "generation_score": 47.6468,
    "impact_score": 66.4302,
    "impervious_pct": 4.29,
    "land_ownership": 0.5,
    "lat": 35.7386,
    "litter_complaint_density": 0.0,
    "lon": -81.711,
    "npdes_points": 4,
    "pixel_col": 914.0,
    "pixel_row": 806.0,
    "population_density": 251.7,
    "position_along": 0.5,
    "protected_area_score": 0.0,
    "rank": 3,
    "river_name": "Silver Creek",
    "road_access_m": 191.3,
    "road_access_score": 1.0,
    "road_density_km_km2": 4.559,
    "robustness_pct": 75.0,
    "runoff_coeff_C": 0.0886,
    "seasonal_cv": 0.3624,
    "segment_id": 52,
    "segment_length_m": 1051.9111,
    "snap_dist_m": 5.5,
    "stream_order": 3,
    "superfund_score": 0.0,
    "tourism_amenity_density": 11.7775,
    "tri_facility_density": 0.2757,
    "usgs_mean_q_cfs": 95.065,
    "velocity_feasibility": 0.7,
    "water_intake_score": 0.0
   },
   "type": "Feature"
  },
  {
   "geometry": {
    "coordinates": [
     -81.718624,
     35.740816
    ],
    "type": "Point"
   },
   "properties": {
    "accumulation": 272782.0,
    "bank_slope_deg": 0.95,
    "bank_slope_score": 1.0,
    "beach_dist_km": 396.33,
    "bridge_proximity_bonus": 0.0,
    "catchment_area_km2": 27.2084,
    "channel_width_m": 12.29,
    "channel_width_score": 1.0,
    "composite_score": 55.303,
    "cso_density": 0.0,
    "dem_lat": 35.740974,
    "dem_lon": -81.718737,
    "ej_index": 0.7613,
    "elevation_m": 304.6673,
    "estuary_dist_km": 519.47,
    "feasibility_score": 86.6667,
    "flood_q10_cfs": 1780.75,
    "flow_score": 51.177,
    "flow_velocity_ms": 0.5,
    "generation_score": 38.1036,
    "impact_score": 60.2587,
    "impervious_pct": null,
    "land_ownership": 0.5,
    "lat": 35.741,
    "litter_complaint_density": 0.0,
    "lon": -81.7187,
    "npdes_points": 3,
    "pixel_col": 847.0,
    "pixel_row": 781.0,
    "population_density": 233.7,
    "position_along": 0.9167,
    "protected_area_score": 0.0,
    "rank": 4,
    "river_name": "Catawba River",
    "road_access_m": 84.2,
    "road_access_score": 1.0,
    "road_density_km_km2": 4.57,
    "robustness_pct": 69.0,
    "runoff_coeff_C": null,
    "seasonal_cv": null,
    "segment_id": 8,
    "segment_length_m": 10144.1497,
    "snap_dist_m": 20.3,
    "stream_order": 3,
    "superfund_score": 0.0,
    "tourism_amenity_density": 7.2415,
    "tri_facility_density": 0.2573,
    "usgs_mean_q_cfs": null,
    "velocity_feasibility": 1.0,
    "water_intake_score": 0.0
   },
   "type": "Feature"
  },
  {
   "geometry": {
    "coordinates": [
     -81.711189,
     35.732195
    ],
    "type": "Point"
   },
   "properties": {
    "accumulation": 26643.0,
    "bank_slope_deg": 2.02,
    "bank_slope_score": 1.0,
    "beach_dist_km": 395.31,
    "bridge_proximity_bonus": 0.0,
    "catchment_area_km2": 2.6575,
    "channel_width_m": 4.68,
    "channel_width_score": 1.0,
    "composite_score": 54.5559,
    "cso_density": 0.0,
    "ej_index": 0.7559,
    "elevation_m": 309.9554,
    "estuary_dist_km": 518.68,
    "feasibility_score": 75.2381,
    "flood_q10_cfs": 611.2,
    "flow_score": 24.4417,
    "flow_velocity_ms": 0.0955,
    "generation_score": 57.5444,
    "impact_score": 66.3215,
    "impervious_pct": 25.9,
    "land_ownership": 0.5,
    "lat": 35.7322,
    "litter_complaint_density": 0.0,
    "lon": -81.7112,
    "npdes_points": 0,
    "pixel_col": 912.0,
    "pixel_row": 878.0,
    "population_density": 294.5,
    "position_along": 0.5,
    "protected_area_score": 0.0,
    "rank": 5,
    "river_name": "Silver Creek",
    "road_access_m": 122.8,
    "road_access_score": 1.0,
    "road_density_km_km2": 3.741,
    "robustness_pct": 50.5,
    "runoff_coeff_C": 0.2831,
    "seasonal_cv": 0.4356,
    "segment_id": 24,
    "segment_length_m": 936.9113,
    "stream_order": 3,
    "superfund_score": 0.0,
    "tourism_amenity_density": 10.0268,
    "tri_facility_density": 0.3763,
    "usgs_mean_q_cfs": 2.453,
    "velocity_feasibility": 0.7,
    "water_intake_score": 0.0
   },
   "type": "Feature"
  },
  {
   "geometry": {
    "coordinates": [
     -81.667368,
     35.744855
    ],
    "type": "Point"
   },
   "properties": {
    "accumulation": 225295.0,
    "bank_slope_deg": 2.39,
    "bank_slope_score": 1.0,
    "beach_dist_km": 392.3,
    "bridge_proximity_bonus": 0.0,
    "catchment_area_km2": 22.4719,
    "channel_width_m": 11.35,
    "channel_width_score": 1.0,
    "composite_score": 54.3757,
    "cso_density": 0.0,
    "dem_lat": 35.744917,
    "dem_lon": -81.6674,
    "ej_index": 0.7477,
    "elevation_m": 316.0145,
    "estuary_dist_km": 514.92,
    "feasibility_score": 75.2381,
    "flood_q10_cfs": 1923.77,
    "flow_score": 34.4883,
    "flow_velocity_ms": 0.1126,
    "generation_score": 48.2816,
    "impact_score": 66.6113,
    "impervious_pct": 13.26,
    "land_ownership": 0.5,
    "lat": 35.7449,
    "litter_complaint_density": 0.0,
    "lon": -81.6674,
    "npdes_points": 0,
    "pixel_col": 1312.0,
    "pixel_row": 741.0,
    "population_density": 387.8,
    "position_along": 0.8333,
    "protected_area_score": 0.0,
    "rank": 6,
    "river_name": "Hunting Creek",
    "road_access_m": 125.4,
    "road_access_score": 1.0,
    "road_density_km_km2": 5.911,
    "robustness_pct": 56.5,
    "runoff_coeff_C": 0.1693,
    "seasonal_cv": 0.4059,
    "segment_id": 56,
    "segment_length_m": 5055.7963,
    "snap_dist_m": 7.5,
    "stream_order": 3,
    "superfund_score": 0.0,
    "tourism_amenity_density": 4.2972,
    "tri_facility_density": 0.2225,
    "usgs_mean_q_cfs": 14.647,
    "velocity_feasibility": 0.7,
    "water_intake_score": 0.0
   },
   "type": "Feature"
  },
  {
   "geometry": {
    "coordinates": [
     -81.683403,
     35.727262
    ],
    "type": "Point"
   },
   "properties": {
    "accumulation": 175699.0,
    "bank_slope_deg": 7.92,
    "bank_slope_score": 1.0,
    "beach_dist_km": 392.8,
    "bridge_proximity_bonus": 0.0,
    "catchment_area_km2": 17.525,
    "channel_width_m": 10.24,
    "channel_width_score": 1.0,
    "composite_score": 52.4732,
    "cso_density": 0.0,
    "dem_lat": 35.727273,
    "dem_lon": -81.683381,
    "ej_index": 0.7841,
    "elevation_m": 324.8543,
    "estuary_dist_km": 516.12,
    "feasibility_score": 65.7143,
    "flood_q10_cfs": 1676.26,
    "flow_score": 34.9819,
    "flow_velocity_ms": 0.2031,
    "generation_score": 44.145,
    "impact_score": 68.7569,
    "impervious_pct": 13.26,
    "land_ownership": 0.5,
    "lat": 35.7273,
    "litter_complaint_density": 0.0,
    "lon": -81.6834,
    "npdes_points": 0,
    "pixel_col": 1163.0,
    "pixel_row": 934.0,
    "population_density": 366.1,
    "position_along": 0.1667,
    "protected_area_score": 0.0,
    "rank": 7,
    "river_name": "Hunting Creek",
    "road_access_m": 441.5,
    "road_access_score": 0.8,
    "road_density_km_km2": 6.208,
    "robustness_pct": 9.5,
    "runoff_coeff_C": 0.1693,
    "seasonal_cv": 0.4059,
    "segment_id": 56,
    "segment_length_m": 5055.7963,
    "snap_dist_m": 2.3,
    "stream_order": 3,
    "superfund_score": 0.0,
    "tourism_amenity_density": 6.0479,
    "tri_facility_density": 0.1141,
    "usgs_mean_q_cfs": 14.647,
    "velocity_feasibility": 0.7,
    "water_intake_score": 0.0
   },
   "type": "Feature"
  },
  {
   "geometry": {
    "coordinates": [
     -81.718186,
     35.732724
    ],
    "type": "Point"
   },
   "properties": {
    "accumulation": 603922.0,
    "bank_slope_deg": 4.06,
    "bank_slope_score": 1.0,
    "beach_dist_km": 395.92,
    "bridge_proximity_bonus": 0.0,
    "catchment_area_km2": 60.2377,
    "channel_width_m": 17.09,
    "channel_width_score": 0.5,
    "composite_score": 51.9376,
    "cso_density": 0.0,
    "dem_lat": 35.732754,
    "dem_lon": -81.718266,
    "ej_index": 0.7061,
    "elevation_m": 306.4504,
    "estuary_dist_km": 519.32,
    "feasibility_score": 39.0476,
    "flood_q10_cfs": 2908.63,
    "flow_score": 57.0331,
    "flow_velocity_ms": 0.0799,
    "generation_score": 46.8597,
    "impact_score": 59.2142,
    "impervious_pct": 3.65,
    "land_ownership": 0.5,
    "lat": 35.7328,
    "litter_complaint_density": 0.0,
    "lon": -81.7183,
    "npdes_points": 4,
    "pixel_col": 850.0,
    "pixel_row": 871.0,
    "population_density": 226.4,
    "position_along": 0.5,
    "protected_area_score": 0.0,
    "rank": 8,
    "river_name": "Silver Creek",
    "road_access_m": 208.0,
    "road_access_score": 0.8,
    "road_density_km_km2": 4.395,
    "robustness_pct": 38.0,
    "runoff_coeff_C": 0.0829,
    "seasonal_cv": 0.3603,
    "segment_id": 51,
    "segment_length_m": 1303.7204,
    "snap_dist_m": 7.9,
    "stream_order": 3,
    "superfund_score": 0.0,
    "tourism_amenity_density": 8.1169,
    "tri_facility_density": 0.3154,
    "usgs_mean_q_cfs": 92.823,
    "velocity_feasibility": 0.7,
    "water_intake_score": 0.0
   },
   "type": "Feature"
  },
  {
   "geometry": {
    "coordinates": [
     -81.665722,
     35.762226
    ],
    "type": "Point"
   },
   "properties": {
    "accumulation": 25234.0,
    "bank_slope_deg": 5.82,
    "bank_slope_score": 1.0,
    "beach_dist_km": 392.97,
    "bridge_proximity_bonus": 0.0,
    "catchment_area_km2": 2.5169,
    "channel_width_m": 4.58,
    "channel_width_score": 1.0,
    "composite_score": 51.0646,
    "cso_density": 0.0,
    "ej_index": 0.7779,
    "elevation_m": 314.5648,
    "estuary_dist_km": 515.01,
    "feasibility_score": 75.2381,
    "flood_q10_cfs": 546.83,
    "flow_score": 23.6583,
    "flow_velocity_ms": 0.1155,
    "generation_score": 51.7298,
    "impact_score": 61.1513,
    "impervious_pct": 21.88,
    "land_ownership": 0.5,
    "lat": 35.7622,
    "litter_complaint_density": 0.0,
    "lon": -81.6657,
    "npdes_points": 0,
    "pixel_col": 1328.0,
    "pixel_row": 547.0,
    "population_density": 511.3,
    "position_along": 0.5,
    "protected_area_score": 0.0,
    "rank": 9,
    "river_name": "Hunting Creek",
    "road_access_m": 164.7,
    "road_access_score": 1.0,
    "road_density_km_km2": 4.119,
    "robustness_pct": 11.5,
    "runoff_coeff_C": 0.2469,
    "seasonal_cv": 0.44,
    "segment_id": 15,
    "segment_length_m": 1244.801,
    "stream_order": 3,
    "superfund_score": 0.0,
    "tourism_amenity_density": 0.0,
    "tri_facility_density": 0.0,
    "usgs_mean_q_cfs": 1.829,
    "velocity_feasibility": 0.7,
    "water_intake_score": 0.0
   },
   "type": "Feature"
  },
  {
   "geometry": {
    "coordinates": [
     -81.6604,
     35.741425
    ],
    "type": "Point"
   },
   "properties": {
    "accumulation": 220811.0,
    "bank_slope_deg": 3.92,
    "bank_slope_score": 1.0,
    "beach_dist_km": 391.57,
    "bridge_proximity_bonus": 0.0,
    "catchment_area_km2": 22.0246,
    "channel_width_m": 11.26,
    "channel_width_score": 1.0,
    "composite_score": 50.8154,
    "cso_density": 0.0,
    "dem_lat": 35.741436,
    "dem_lon": -81.660468,
    "ej_index": 0.7065,
    "elevation_m": 315.8612,
    "estuary_dist_km": 514.25,
    "feasibility_score": 75.2381,
    "flood_q10_cfs": 1786.31,
    "flow_score": 31.6273,
    "flow_velocity_ms": 0.0634,
    "generation_score": 41.3951,
    "impact_score": 64.0145,
    "impervious_pct": 8.7,
    "land_ownership": 0.5,
    "lat": 35.7414,
    "litter_complaint_density": 0.0,
    "lon": -81.6605,
    "npdes_points": 0,
    "pixel_col": 1373.0,
    "pixel_row": 778.0,
    "population_density": 340.1,
    "position_along": 0.75,
    "protected_area_score": 0.0,
    "rank": 10,
    "river_name": "East Prong Hunting Creek",
    "road_access_m": 82.8,
    "road_access_score": 1.0,
    "road_density_km_km2": 5.762,
    "robustness_pct": 0.0,
    "runoff_coeff_C": 0.1283,
    "seasonal_cv": 0.4117,
    "segment_id": 37,
    "segment_length_m": 3616.2701,
    "snap_dist_m": 6.2,
    "stream_order": 3,
    "superfund_score": 0.0,
    "tourism_amenity_density": 2.7852,
    "tri_facility_density": 0.227,
    "usgs_mean_q_cfs": 14.086,
    "velocity_feasibility": 0.7,
    "water_intake_score": 0.0
   },
   "type": "Feature"
  },
  {
   "geometry": {
    "coordinates": [
     -81.659644,
     35.727903
    ],
    "type": "Point"
   },
   "properties": {
    "accumulation": 186344.0,
    "bank_slope_deg": 3.7,
    "bank_slope_score": 1.0,
    "beach_dist_km": 390.88,
    "bridge_proximity_bonus": 0.2,
    "catchment_area_km2": 18.5867,
    "channel_width_m": 10.49,
    "channel_width_score": 1.0,
    "composite_score": 49.552,
    "cso_density": 0.0,
    "dem_lat": 35.727876,
    "dem_lon": -81.659694,
    "ej_index": 0.6579,
    "elevation_m": 321.2599,
    "estuary_dist_km": 514.0,
    "feasibility_score": 88.5714,
    "flood_q10_cfs": 1594.89,
    "flow_score": 30.286,
    "flow_velocity_ms": 0.1182,
    "generation_score": 31.857,
    "impact_score": 63.7925,
    "impervious_pct": 7.3,
    "land_ownership": 0.5,
    "lat": 35.7279,
    "litter_complaint_density": 0.0,
    "lon": -81.6597,
    "npdes_points": 1,
    "pixel_col": 1378.0,
    "pixel_row": 929.0,
    "population_density": 241.8,
    "position_along": 0.25,
    "protected_area_score": 0.0,
    "rank": 11,
    "river_name": "East Prong Hunting Creek",
    "road_access_m": 138.4,
    "road_access_score": 1.0,
    "road_density_km_km2": 4.96,
    "robustness_pct": 4.0,
    "runoff_coeff_C": 0.1157,
    "seasonal_cv": 0.4146,
    "segment_id": 37,
    "segment_length_m": 3616.2701,
    "snap_dist_m": 5.5,
    "stream_order": 3,
    "superfund_score": 0.0,
    "tourism_amenity_density": 3.6606,
    "tri_facility_density": 0.0538,
    "usgs_mean_q_cfs": 9.327,
    "velocity_feasibility": 0.7,
    "water_intake_score": 0.0
   },
   "type": "Feature"
  },
  {
   "geometry": {
    "coordinates": [
     -81.727874,
     35.728264
    ],
    "type": "Point"
   },
   "properties": {
    "accumulation": 428806.0,
    "bank_slope_deg": 4.41,
    "bank_slope_score": 1.0,
    "beach_dist_km": 396.51,
    "bridge_proximity_bonus": 0.0,
    "catchment_area_km2": 42.7709,
    "channel_width_m": 14.83,
    "channel_width_score": 1.0,
    "composite_score": 48.6587,
    "cso_density": 0.0,
    "dem_lat": 35.728313,
    "dem_lon": -81.727883,
    "ej_index": 0.6596,
    "elevation_m": 308.3899,
    "estuary_dist_km": 520.12,
    "feasibility_score": 65.7143,
    "flood_q10_cfs": 2397.47,
    "flow_score": 49.2571,
    "flow_velocity_ms": 0.0746,
    "generation_score": 37.7176,
    "impact_score": 50.5734,
    "impervious_pct": 3.39,
    "land_ownership": 0.5,
    "lat": 35.7283,
    "litter_complaint_density": 0.0,
    "lon": -81.7279,
    "npdes_points": 3,
    "pixel_col": 763.0,
    "pixel_row": 922.0,
    "population_density": 186.9,
    "position_along": 0.5,
    "protected_area_score": 0.0,
    "rank": 12,
    "river_name": "Silver Creek",
    "road_access_m": 361.8,
    "road_access_score": 0.8,
    "road_density_km_km2": 3.751,
    "robustness_pct": 1.0,
    "runoff_coeff_C": 0.0805,
    "seasonal_cv": 0.3539,
    "segment_id": 46,
    "segment_length_m": 1097.2945,
    "snap_dist_m": 5.5,
    "stream_order": 3,
    "superfund_score": 0.0,
    "tourism_amenity_density": 5.1725,
    "tri_facility_density": 0.2572,
    "usgs_mean_q_cfs": 79.549,
    "velocity_feasibility": 0.7,
    "water_intake_score": 0.0
   },
   "type": "Feature"
  },
  {
   "geometry": {
    "coordinates": [
     -81.737767,
     35.743578
    ],
    "type": "Point"
   },
   "properties": {
    "accumulation": 137973.0,
    "bank_slope_deg": 1.2,
    "bank_slope_score": 1.0,
    "beach_dist_km": 398.02,
    "bridge_proximity_bonus": 0.0,
    "catchment_area_km2": 13.762,
    "channel_width_m": 9.26,
    "channel_width_score": 1.0,
    "composite_score": 48.5274,
    "cso_density": 0.0,
    "dem_lat": 35.743562,
    "dem_lon": -81.737805,
    "ej_index": 0.8007,
    "elevation_m": 306.032,
    "estuary_dist_km": 521.21,
    "feasibility_score": 86.6667,
    "flood_q10_cfs": 1220.77,
    "flow_score": 46.163,
    "flow_velocity_ms": 0.5,
    "generation_score": 29.5414,
    "impact_score": 50.4141,
    "impervious_pct": null,
    "land_ownership": 0.5,
    "lat": 35.7436,
    "litter_complaint_density": 0.0,
    "lon": -81.7378,
    "npdes_points": 0,
    "pixel_col": 674.0,
    "pixel_row": 753.0,
    "population_density": 124.1,
    "position_along": 0.8333,
    "protected_area_score": 0.0,
    "rank": 13,
    "river_name": "Catawba River",
    "road_access_m": 182.6,
    "road_access_score": 1.0,
    "road_density_km_km2": 3.055,
    "robustness_pct": 5.0,
    "runoff_coeff_C": null,
    "seasonal_cv": null,
    "segment_id": 23,
    "segment_length_m": 5164.53,
    "snap_dist_m": 3.9,
    "stream_order": 3,
    "superfund_score": 0.0,
    "tourism_amenity_density": 2.069,
    "tri_facility_density": 0.5813,
    "usgs_mean_q_cfs": null,
    "velocity_feasibility": 1.0,
    "water_intake_score": 0.0
   },
   "type": "Feature"
  },
  {
   "geometry": {
    "coordinates": [
     -81.659188,
     35.750041
    ],
    "type": "Point"
   },
   "properties": {
    "accumulation": 458860.0,
    "bank_slope_deg": 7.47,
    "bank_slope_score": 1.0,
    "beach_dist_km": 391.86,
    "bridge_proximity_bonus": 0.0,
    "catchment_area_km2": 45.7686,
    "channel_width_m": 15.25,
    "channel_width_score": 0.5,
    "composite_score": 47.8295,
    "cso_density": 0.0,
    "dem_lat": 35.750011,
    "dem_lon": -81.659151,
    "ej_index": 0.6287,
    "elevation_m": 313.3601,
    "estuary_dist_km": 514.25,
    "feasibility_score": 48.5714,
    "flood_q10_cfs": 2769.67,
    "flow_score": 44.5362,
    "flow_velocity_ms": 0.121,
    "generation_score": 39.9458,
    "impact_score": 58.0868,
    "impervious_pct": 11.12,
    "land_ownership": 0.5,
    "lat": 35.75,
    "litter_complaint_density": 0.0,
    "lon": -81.6592,
    "npdes_points": 1,
    "pixel_col": 1387.0,
    "pixel_row": 685.0,
    "population_density": 291.6,
    "position_along": 0.5,
    "protected_area_score": 0.0,
    "rank": 14,
    "river_name": "Hunting Creek",
    "road_access_m": 117.8,
    "road_access_score": 1.0,
    "road_density_km_km2": 5.006,
    "robustness_pct": 0.0,
    "runoff_coeff_C": 0.1501,
    "seasonal_cv": 0.4098,
    "segment_id": 57,
    "segment_length_m": 429.8655,
    "snap_dist_m": 4.7,
    "stream_order": 3,
    "superfund_score": 0.0,
    "tourism_amenity_density": 1.8303,
    "tri_facility_density": 0.1092,
    "usgs_mean_q_cfs": 28.032,
    "velocity_feasibility": 0.7,
    "water_intake_score": 0.0
   },
   "type": "Feature"
  },
  {
   "geometry": {
    "coordinates": [
     -81.684864,
     35.718636
    ],
    "type": "Point"
   },
   "properties": {
    "accumulation": 25378.0,
    "bank_slope_deg": 4.03,
    "bank_slope_score": 1.0,
    "beach_dist_km": 392.65,
    "bridge_proximity_bonus": 0.0,
    "catchment_area_km2": 2.5313,
    "channel_width_m": 4.59,
    "channel_width_score": 1.0,
    "composite_score": 46.7566,
    "cso_density": 0.0,
    "dem_lat": 35.719109,
    "dem_lon": -81.686115,
    "ej_index": 0.8438,
    "elevation_m": 328.4144,
    "estuary_dist_km": 516.26,
    "feasibility_score": 65.7143,
    "flood_q10_cfs": 512.95,
    "flow_score": 22.0655,
    "flow_velocity_ms": 0.1158,
    "generation_score": 35.5309,
    "impact_score": 69.0796,
    "impervious_pct": 17.98,
    "land_ownership": 0.5,
    "lat": 35.7191,
    "litter_complaint_density": 0.0,
    "lon": -81.6861,
    "npdes_points": 0,
    "pixel_col": 1141.0,
    "pixel_row": 1025.0,
    "population_density": 240.0,
    "position_along": 0.5,
    "protected_area_score": 0.0,
    "rank": 15,
    "river_name": "Hunting Creek",
    "road_access_m": 330.4,
    "road_access_score": 0.8,
    "road_density_km_km2": 4.349,
    "robustness_pct": 0.0,
    "runoff_coeff_C": 0.2118,
    "seasonal_cv": 0.4736,
    "segment_id": 28,
    "segment_length_m": 896.5467,
    "snap_dist_m": 124.7,
    "stream_order": 3,
    "superfund_score": 0.0,
    "tourism_amenity_density": 4.0585,
    "tri_facility_density": 0.0,
    "usgs_mean_q_cfs": 1.491,
    "velocity_feasibility": 0.7,
    "water_intake_score": 0.0
   },
   "type": "Feature"
  },
  {
   "geometry": {
    "coordinates": [
     -81.746462,
     35.736342
    ],
    "type": "Point"
   },
   "properties": {
    "accumulation": 121149.0,
    "bank_slope_deg": 0.86,
    "bank_slope_score": 1.0,
    "beach_dist_km": 398.42,
    "bridge_proximity_bonus": 0.0,
    "catchment_area_km2": 12.0839,
    "channel_width_m": 8.78,
    "channel_width_score": 1.0,
    "composite_score": 46.003,
    "cso_density": 0.0,
    "dem_lat": 35.736374,
    "dem_lon": -81.746572,
    "ej_index": 0.7645,
    "elevation_m": 306.4911,
    "estuary_dist_km": 521.9,
    "feasibility_score": 86.6667,
    "flood_q10_cfs": 1135.94,
    "flow_score": 45.4728,
    "flow_velocity_ms": 0.5,
    "generation_score": 26.3,
    "impact_score": 45.8161,
    "impervious_pct": null,
    "land_ownership": 0.5,
    "lat": 35.7364,
    "litter_complaint_density": 0.0,
    "lon": -81.7466,
    "npdes_points": 0,
    "pixel_col": 594.0,
    "pixel_row": 829.0,
    "population_density": 134.0,
    "position_along": 0.5,
    "protected_area_score": 0.0,
    "rank": 16,
    "river_name": "Catawba River",
    "road_access_m": 161.7,
    "road_access_score": 1.0,
    "road_density_km_km2": 2.61,
    "robustness_pct": 0.0,
    "runoff_coeff_C": null,
    "seasonal_cv": null,
    "segment_id": 23,
    "segment_length_m": 5164.53,
    "snap_dist_m": 10.6,
    "stream_order": 3,
    "superfund_score": 0.0,
    "tourism_amenity_density": 1.2732,
    "tri_facility_density": 0.4965,
    "usgs_mean_q_cfs": null,
    "velocity_feasibility": 1.0,
    "water_intake_score": 0.0
   },
   "type": "Feature"
  },
  {
   "geometry": {
    "coordinates": [
     -81.657357,
     35.75563
    ],
    "type": "Point"
   },
   "properties": {
    "accumulation": 538217.0,
    "bank_slope_deg": 3.37,
    "bank_slope_score": 1.0,
    "beach_dist_km": 391.98,
    "bridge_proximity_bonus": 0.0,
    "catchment_area_km2": 53.684,
    "channel_width_m": 16.29,
    "channel_width_score": 0.5,
    "composite_score": 45.7824,
    "cso_density": 0.0,
    "dem_lat": 35.755643,
    "dem_lon": -81.657363,
    "ej_index": 0.5936,
    "elevation_m": 311.8603,
    "estuary_dist_km": 514.17,
    "feasibility_score": 39.0476,
    "flood_q10_cfs": 3011.35,
    "flow_score": 49.6588,
    "flow_velocity_ms": 0.191,
    "generation_score": 36.6848,
    "impact_score": 55.0171,
    "impervious_pct": 10.78,
    "land_ownership": 0.5,
    "lat": 35.7556,
    "litter_complaint_density": 0.0,
    "lon": -81.6574,
    "npdes_points": 1,
    "pixel_col": 1404.0,
    "pixel_row": 623.0,
    "population_density": 265.6,
    "position_along": 0.5,
    "protected_area_score": 0.0,
    "rank": 17,
    "river_name": "Hunting Creek",
    "road_access_m": 252.8,
    "road_access_score": 0.8,
    "road_density_km_km2": 4.39,
    "robustness_pct": 0.0,
    "runoff_coeff_C": 0.147,
    "seasonal_cv": 0.4123,
    "segment_id": 58,
    "segment_length_m": 1310.2806,
    "snap_dist_m": 1.5,
    "stream_order": 3,
    "superfund_score": 0.0,
    "tourism_amenity_density": 1.0345,
    "tri_facility_density": 0.0931,
    "usgs_mean_q_cfs": 32.517,
    "velocity_feasibility": 0.7,
    "water_intake_score": 0.0
   },
   "type": "Feature"
  },
  {
   "geometry": {
    "coordinates": [
     -81.656262,
     35.749912
    ],
    "type": "Point"
   },
   "properties": {
    "accumulation": 71534.0,
    "bank_slope_deg": 4.25,
    "bank_slope_score": 1.0,
    "beach_dist_km": 391.62,
    "bridge_proximity_bonus": 0.0,
    "catchment_area_km2": 7.1351,
    "channel_width_m": 7.05,
    "channel_width_score": 1.0,
    "composite_score": 45.2858,
    "cso_density": 0.0,
    "ej_index": 0.6596,
    "elevation_m": 314.9593,
    "estuary_dist_km": 513.99,
    "feasibility_score": 75.2381,
    "flood_q10_cfs": 922.3,
    "flow_score": 22.4949,
    "flow_velocity_ms": 0.05,
    "generation_score": 34.28,
    "impact_score": 60.3078,
    "impervious_pct": 6.88,
    "land_ownership": 0.5,
    "lat": 35.7499,
    "litter_complaint_density": 0.0,
    "lon": -81.6563,
    "npdes_points": 0,
    "pixel_col": 1411.0,
    "pixel_row": 684.0,
    "population_density": 348.3,
    "position_along": 0.5,
    "protected_area_score": 0.0,
    "rank": 18,
    "river_name": "Hunting Creek",
    "road_access_m": 94.3,
    "road_access_score": 1.0,
    "road_density_km_km2": 4.291,
    "robustness_pct": 0.0,
    "runoff_coeff_C": 0.1119,
    "seasonal_cv": 0.4292,
    "segment_id": 26,
    "segment_length_m": 538.7209,
    "stream_order": 3,
    "superfund_score": 0.0,
    "tourism_amenity_density": 1.7507,
    "tri_facility_density": 0.1402,
    "usgs_mean_q_cfs": 4.44,
    "velocity_feasibility": 0.7,
    "water_intake_score": 0.0
   },
   "type": "Feature"
  },
  {
   "geometry": {
    "coordinates": [
     -81.731404,
     35.747535
    ],
    "type": "Point"
   },
   "properties": {
    "accumulation": 250263.0,
    "bank_slope_deg": 2.52,
    "bank_slope_score": 1.0,
    "beach_dist_km": 397.67,
    "bridge_proximity_bonus": 0.0,
    "catchment_area_km2": 24.9623,
    "channel_width_m": 11.86,
    "channel_width_score": 1.0,
    "composite_score": 45.1002,
    "cso_density": 0.0,
    "dem_lat": 35.747642,
    "dem_lon": -81.731323,
    "ej_index": 0.7591,
    "elevation_m": 308.7434,
    "estuary_dist_km": 520.68,
    "feasibility_score": 75.2381,
    "flood_q10_cfs": 1738.58,
    "flow_score": 32.5521,
    "flow_velocity_ms": 0.0649,
    "generation_score": 35.3239,
    "impact_score": 50.2644,
    "impervious_pct": 1.72,
    "land_ownership": 0.5,
    "lat": 35.7476,
    "litter_complaint_density": 0.0,
    "lon": -81.7313,
    "npdes_points": 3,
    "pixel_col": 732.0,
    "pixel_row": 709.0,
    "population_density": 148.8,
    "position_along": 0.75,
    "protected_area_score": 0.0,
    "rank": 19,
    "river_name": "Canoe Creek",
    "road_access_m": 61.7,
    "road_access_score": 1.0,
    "road_density_km_km2": 3.169,
    "robustness_pct": 0.0,
    "runoff_coeff_C": 0.0655,
    "seasonal_cv": 0.3958,
    "segment_id": 8,
    "segment_length_m": 10144.1497,
    "snap_dist_m": 14.0,
    "stream_order": 3,
    "superfund_score": 0.0,
    "tourism_amenity_density": 2.7056,
    "tri_facility_density": 0.3205,
    "usgs_mean_q_cfs": 23.642,
    "velocity_feasibility": 0.7,
    "water_intake_score": 0.0
   },
   "type": "Feature"
  },
  {
   "geometry": {
    "coordinates": [
     -81.740692,
     35.727925
    ],
    "type": "Point"
   },
   "properties": {
    "accumulation": 116398.0,
    "bank_slope_deg": 1.42,
    "bank_slope_score": 1.0,
    "beach_dist_km": 397.57,
    "bridge_proximity_bonus": 0.0,
    "catchment_area_km2": 11.61,
    "channel_width_m": 8.63,
    "channel_width_score": 1.0,
    "composite_score": 44.0157,
    "cso_density": 0.0,
    "dem_lat": 35.728137,
    "dem_lon": -81.740871,
    "ej_index": 0.7198,
    "elevation_m": 312.8347,
    "estuary_dist_km": 521.28,
    "feasibility_score": 65.7143,
    "flood_q10_cfs": 1342.55,
    "flow_score": 28.6248,
    "flow_velocity_ms": 0.1073,
    "generation_score": 44.3882,
    "impact_score": 45.6198,
    "impervious_pct": 13.7,
    "land_ownership": 0.5,
    "lat": 35.7281,
    "litter_complaint_density": 0.0,
    "lon": -81.7409,
    "npdes_points": 0,
    "pixel_col": 645.0,
    "pixel_row": 923.0,
    "population_density": 137.9,
    "position_along": 0.9,
    "protected_area_score": 0.0,
    "rank": 20,
    "river_name": "Little Silver Creek",
    "road_access_m": 239.4,
    "road_access_score": 0.8,
    "road_density_km_km2": 3.003,
    "robustness_pct": 0.0,
    "runoff_coeff_C": 0.1733,
    "seasonal_cv": 0.4134,
    "segment_id": 32,
    "segment_length_m": 8680.928,
    "snap_dist_m": 28.5,
    "stream_order": 3,
    "superfund_score": 0.0,
    "tourism_amenity_density": 1.512,
    "tri_facility_density": 0.6029,
    "usgs_mean_q_cfs": 8.075,
    "velocity_feasibility": 0.7,
    "water_intake_score": 0.0
   },
   "type": "Feature"
  },
  {
   "geometry": {
    "coordinates": [
     -81.658024,
     35.763983
    ],
    "type": "Point"
   },
   "properties": {
    "accumulation": 590762.0,
    "bank_slope_deg": 7.61,
    "bank_slope_score": 1.0,
    "beach_dist_km": 392.41,
    "bridge_proximity_bonus": 0.0,
    "catchment_area_km2": 58.9251,
    "channel_width_m": 16.94,
    "channel_width_score": 0.5,
    "composite_score": 43.8072,
    "cso_density": 0.0,
    "dem_lat": 35.763966,
    "dem_lon": -81.657892,
    "ej_index": 0.5457,
    "elevation_m": 308.2894,
    "estuary_dist_km": 514.33,
    "feasibility_score": 39.0476,
    "flood_q10_cfs": 3147.67,
    "flow_score": 52.0644,
    "flow_velocity_ms": 0.208,
    "generation_score": 32.9135,
    "impact_score": 50.1997,
    "impervious_pct": 10.25,
    "land_ownership": 0.5,
    "lat": 35.764,
    "litter_complaint_density": 0.0,
    "lon": -81.6579,
    "npdes_points": 1,
    "pixel_col": 1397.0,
    "pixel_row": 532.0,
    "population_density": 234.6,
    "position_along": 0.5,
    "protected_area_score": 0.0,
    "rank": 21,
    "river_name": "Hunting Creek",
    "road_access_m": 493.2,
    "road_access_score": 0.8,
    "road_density_km_km2": 3.585,
    "robustness_pct": 0.5,
    "runoff_coeff_C": 0.1422,
    "seasonal_cv": 0.4143,
    "segment_id": 59,
    "segment_length_m": 1600.6192,
    "snap_dist_m": 12.1,
    "stream_order": 3,
    "superfund_score": 0.0,
    "tourism_amenity_density": 0.0,
    "tri_facility_density": 0.0849,
    "usgs_mean_q_cfs": 35.094,
    "velocity_feasibility": 0.7,
    "water_intake_score": 0.0
   },
   "type": "Feature"
  },
  {
   "geometry": {
    "coordinates": [
     -81.656328,
     35.717488
    ],
    "type": "Point"
   },
   "properties": {
    "accumulation": 109481.0,
    "bank_slope_deg": 4.89,
    "bank_slope_score": 1.0,
    "beach_dist_km": 390.12,
    "bridge_proximity_bonus": 0.0,
    "catchment_area_km2": 10.9201,
    "channel_width_m": 8.41,
    "channel_width_score": 1.0,
    "composite_score": 42.7394,
    "cso_density": 0.0,
    "dem_lat": 35.717581,
    "dem_lon": -81.656269,
    "ej_index": 0.555,
    "elevation_m": 326.7713,
    "estuary_dist_km": 513.56,
    "feasibility_score": 65.7143,
    "flood_q10_cfs": 1187.94,
    "flow_score": 25.632,
    "flow_velocity_ms": 0.055,
    "generation_score": 29.3305,
    "impact_score": 58.9169,
    "impervious_pct": 7.3,
    "land_ownership": 0.5,
    "lat": 35.7176,
    "litter_complaint_density": 0.0,
    "lon": -81.6563,
    "npdes_points": 2,
    "pixel_col": 1407.0,
    "pixel_row": 1046.0,
    "population_density": 147.0,
    "position_along": 0.5,
    "protected_area_score": 0.0,
    "rank": 22,
    "river_name": "East Prong Hunting Creek",
    "road_access_m": 235.4,
    "road_access_score": 0.8,
    "road_density_km_km2": 4.913,
    "robustness_pct": 0.0,
    "runoff_coeff_C": 0.1157,
    "seasonal_cv": 0.4146,
    "segment_id": 36,
    "segment_length_m": 1401.8789,
    "snap_dist_m": 11.6,
    "stream_order": 3,
    "superfund_score": 0.0,
    "tourism_amenity_density": 3.1035,
    "tri_facility_density": 0.0,
    "usgs_mean_q_cfs": 9.327,
    "velocity_feasibility": 0.7,
    "water_intake_score": 0.0
   },
   "type": "Feature"
  },
  {
   "geometry": {
    "coordinates": [
     -81.684421,
     35.716179
    ],
    "type": "Point"
   },
   "properties": {
    "accumulation": 130283.0,
    "bank_slope_deg": 2.49,
    "bank_slope_score": 1.0,
    "beach_dist_km": 392.38,
    "bridge_proximity_bonus": 0.0,
    "catchment_area_km2": 12.995,
    "channel_width_m": 9.04,
    "channel_width_score": 1.0,
    "composite_score": 42.715,
    "cso_density": 0.0,
    "dem_lat": 35.716171,
    "dem_lon": -81.68444,
    "ej_index": 0.7482,
    "elevation_m": 328.5662,
    "estuary_dist_km": 516.07,
    "feasibility_score": 65.7143,
    "flood_q10_cfs": 1246.69,
    "flow_score": 25.7615,
    "flow_velocity_ms": 0.0579,
    "generation_score": 25.0737,
    "impact_score": 62.9847,
    "impervious_pct": 3.82,
    "land_ownership": 0.5,
    "lat": 35.7162,
    "litter_complaint_density": 0.0,
    "lon": -81.6844,
    "npdes_points": 0,
    "pixel_col": 1154.0,
    "pixel_row": 1057.0,
    "population_density": 239.8,
    "position_along": 0.75,
    "protected_area_score": 0.0,
    "rank": 23,
    "river_name": "Hunting Creek",
    "road_access_m": 327.1,
    "road_access_score": 0.8,
    "road_density_km_km2": 4.862,
    "robustness_pct": 0.0,
    "runoff_coeff_C": 0.0844,
    "seasonal_cv": 0.4089,
    "segment_id": 55,
    "segment_length_m": 3170.861,
    "snap_dist_m": 1.9,
    "stream_order": 3,
    "superfund_score": 0.0,
    "tourism_amenity_density": 3.0239,
    "tri_facility_density": 0.077,
    "usgs_mean_q_cfs": 9.131,
    "velocity_feasibility": 0.7,
    "water_intake_score": 0.0
   },
   "type": "Feature"
  },
  {
   "geometry": {
    "coordinates": [
     -81.664297,
     35.772172
    ],
    "type": "Point"
   },
   "properties": {
    "accumulation": 628751.0,
    "bank_slope_deg": 5.84,
    "bank_slope_score": 1.0,
    "beach_dist_km": 393.32,
    "bridge_proximity_bonus": 0.0,
    "catchment_area_km2": 62.7143,
    "channel_width_m": 17.38,
    "channel_width_score": 0.5,
    "composite_score": 42.2964,
    "cso_density": 0.0,
    "dem_lat": 35.772144,
    "dem_lon": -81.664293,
    "ej_index": 0.4928,
    "elevation_m": 303.817,
    "estuary_dist_km": 515.02,
    "feasibility_score": 39.0476,
    "flood_q10_cfs": 3272.66,
    "flow_score": 50.289,
    "flow_velocity_ms": 0.078,
    "generation_score": 34.2838,
    "impact_score": 45.2729,
    "impervious_pct": 10.57,
    "land_ownership": 0.5,
    "lat": 35.7721,
    "litter_complaint_density": 0.0,
    "lon": -81.6643,
    "npdes_points": 2,
    "pixel_col": 1341.0,
    "pixel_row": 437.0,
    "population_density": 197.1,
    "position_along": 0.5,
    "protected_area_score": 0.0,
    "rank": 24,
    "river_name": "Hunting Creek",
    "road_access_m": 216.6,
    "road_access_score": 0.8,
    "road_density_km_km2": 3.131,
    "robustness_pct": 0.0,
    "runoff_coeff_C": 0.1451,
    "seasonal_cv": 0.4162,
    "segment_id": 60,
    "segment_length_m": 1816.6166,
    "snap_dist_m": 3.2,
    "stream_order": 3,
    "superfund_score": 0.0,
    "tourism_amenity_density": 0.0,
    "tri_facility_density": 0.0797,
    "usgs_mean_q_cfs": 37.546,
    "velocity_feasibility": 0.7,
    "water_intake_score": 0.0
   },
   "type": "Feature"
  },
  {
   "geometry": {
    "coordinates": [
     -81.737523,
     35.722659
    ],
    "type": "Point"
   },
   "properties": {
    "accumulation": 290312.0,
    "bank_slope_deg": 7.86,
    "bank_slope_score": 1.0,
    "beach_dist_km": 397.05,
    "bridge_proximity_bonus": 0.0,
    "catchment_area_km2": 28.9569,
    "channel_width_m": 12.61,
    "channel_width_score": 1.0,
    "composite_score": 41.9892,
    "cso_density": 0.0,
    "dem_lat": 35.722671,
    "dem_lon": -81.737533,
    "ej_index": 0.6133,
    "elevation_m": 309.2999,
    "estuary_dist_km": 520.91,
    "feasibility_score": 75.2381,
    "flood_q10_cfs": 1895.94,
    "flow_score": 42.945,
    "flow_velocity_ms": 0.0689,
    "generation_score": 25.6929,
    "impact_score": 40.8645,
    "impervious_pct": 2.04,
    "land_ownership": 0.5,
    "lat": 35.7227,
    "litter_complaint_density": 0.0,
    "lon": -81.7375,
    "npdes_points": 1,
    "pixel_col": 675.0,
    "pixel_row": 983.0,
    "population_density": 141.1,
    "position_along": 0.8333,
    "protected_area_score": 0.0,
    "rank": 25,
    "river_name": "Silver Creek",
    "road_access_m": 138.0,
    "road_access_score": 1.0,
    "road_density_km_km2": 2.958,
    "robustness_pct": 0.0,
    "runoff_coeff_C": 0.0684,
    "seasonal_cv": 0.3487,
    "segment_id": 45,
    "segment_length_m": 4538.0535,
    "snap_dist_m": 1.6,
    "stream_order": 3,
    "superfund_score": 0.0,
    "tourism_amenity_density": 1.4324,
    "tri_facility_density": 0.2763,
    "usgs_mean_q_cfs": 72.139,
    "velocity_feasibility": 0.7,
    "water_intake_score": 0.0
   },
   "type": "Feature"
  },
  {
   "geometry": {
    "coordinates": [
     -81.639482,
     35.732777
    ],
    "type": "Point"
   },
   "properties": {
    "accumulation": 33198.0,
    "bank_slope_deg": 3.87,
    "bank_slope_score": 1.0,
    "beach_dist_km": 389.44,
    "bridge_proximity_bonus": 0.0,
    "catchment_area_km2": 3.3113,
    "channel_width_m": 5.13,
    "channel_width_score": 1.0,
    "composite_score": 41.3133,
    "cso_density": 0.0,
    "ej_index": 0.5873,
    "elevation_m": 347.0325,
    "estuary_dist_km": 512.26,
    "feasibility_score": 75.2381,
    "flood_q10_cfs": 510.77,
    "flow_score": 21.3234,
    "flow_velocity_ms": 0.1373,
    "generation_score": 20.551,
    "impact_score": 61.7714,
    "impervious_pct": 6.17,
    "land_ownership": 0.5,
    "lat": 35.7328,
    "litter_complaint_density": 0.0,
    "lon": -81.6395,
    "npdes_points": 0,
    "pixel_col": 1560.0,
    "pixel_row": 876.0,
    "population_density": 171.1,
    "position_along": 0.25,
    "protected_area_score": 0.0,
    "rank": 26,
    "river_name": null,
    "road_access_m": 194.2,
    "road_access_score": 1.0,
    "road_density_km_km2": 4.325,
    "robustness_pct": 0.0,
    "runoff_coeff_C": 0.1055,
    "seasonal_cv": 0.4438,
    "segment_id": 25,
    "segment_length_m": 4075.3874,
    "stream_order": 3,
    "superfund_score": 0.0,
    "tourism_amenity_density": 1.9894,
    "tri_facility_density": 0.0,
    "usgs_mean_q_cfs": 2.967,
    "velocity_feasibility": 0.7,
    "water_intake_score": 0.0
   },
   "type": "Feature"
  },
  {
   "geometry": {
    "coordinates": [
     -81.794063,
     35.711971
    ],
    "type": "Point"
   },
   "properties": {
    "accumulation": 29434.0,
    "bank_slope_deg": 4.62,
    "bank_slope_score": 1.0,
    "beach_dist_km": 401.24,
    "bridge_proximity_bonus": 0.0,
    "catchment_area_km2": 2.9359,
    "channel_width_m": 4.88,
    "channel_width_score": 1.0,
    "composite_score": 40.867,
    "cso_density": 0.0,
    "dem_lat": 35.711957,
    "dem_lon": -81.79404,
    "ej_index": 0.8119,
    "elevation_m": 344.9023,
    "estuary_dist_km": 525.85,
    "feasibility_score": 75.2381,
    "flood_q10_cfs": 514.61,
    "flow_score": 21.1989,
    "flow_velocity_ms": 0.1239,
    "generation_score": 43.0182,
    "impact_score": 37.9202,
    "impervious_pct": 11.78,
    "land_ownership": 0.5,
    "lat": 35.712,
    "litter_complaint_density": 0.0,
    "lon": -81.794,
    "npdes_points": 0,
    "pixel_col": 163.0,
    "pixel_row": 1098.0,
    "population_density": 98.2,
    "position_along": 0.1,
    "protected_area_score": 0.0,
    "rank": 27,
    "river_name": "Little Silver Creek",
    "road_access_m": 165.4,
    "road_access_score": 1.0,
    "road_density_km_km2": 2.868,
    "robustness_pct": 0.0,
    "runoff_coeff_C": 0.156,
    "seasonal_cv": 0.4786,
    "segment_id": 32,
    "segment_length_m": 8680.928,
    "snap_dist_m": 2.6,
    "stream_order": 3,
    "superfund_score": 0.0,
    "tourism_amenity_density": 0.3183,
    "tri_facility_density": 0.6812,
    "usgs_mean_q_cfs": 2.273,
    "velocity_feasibility": 0.7,
    "water_intake_score": 0.0
   },
   "type": "Feature"
  },
  {
   "geometry": {
    "coordinates": [
     -81.725098,
     35.723023
    ],
    "type": "Point"
   },
   "properties": {
    "accumulation": 154612.0,
    "bank_slope_deg": 5.66,
    "bank_slope_score": 1.0,
    "beach_dist_km": 396.06,
    "bridge_proximity_bonus": 0.0,
    "catchment_area_km2": 15.4217,
    "channel_width_m": 9.71,
    "channel_width_score": 1.0,
    "composite_score": 40.8449,
    "cso_density": 0.0,
    "dem_lat": 35.72309,
    "dem_lon": -81.725266,
    "ej_index": 0.6581,
    "elevation_m": 309.2606,
    "estuary_dist_km": 519.82,
    "feasibility_score": 65.7143,
    "flood_q10_cfs": 1379.26,
    "flow_score": 28.2734,
    "flow_velocity_ms": 0.0598,
    "generation_score": 28.8593,
    "impact_score": 50.872,
    "impervious_pct": 4.27,
    "land_ownership": 0.5,
    "lat": 35.7231,
    "litter_complaint_density": 0.0,
    "lon": -81.7253,
    "npdes_points": 0,
    "pixel_col": 786.0,
    "pixel_row": 979.0,
    "population_density": 161.2,
    "position_along": 0.5,
    "protected_area_score": 0.0,
    "rank": 28,
    "river_name": "Bailey Fork",
    "road_access_m": 325.6,
    "road_access_score": 0.8,
    "road_density_km_km2": 2.978,
    "robustness_pct": 0.0,
    "runoff_coeff_C": 0.0884,
    "seasonal_cv": 0.3828,
    "segment_id": 50,
    "segment_length_m": 1443.5413,
    "snap_dist_m": 17.0,
    "stream_order": 3,
    "superfund_score": 0.0,
    "tourism_amenity_density": 4.7746,
    "tri_facility_density": 0.3891,
    "usgs_mean_q_cfs": 14.282,
    "velocity_feasibility": 0.7,
    "water_intake_score": 0.0
   },
   "type": "Feature"
  },
  {
   "geometry": {
    "coordinates": [
     -81.6526,
     35.7399
    ],
    "type": "Point"
   },
   "properties": {
    "accumulation": 43556.0,
    "bank_slope_deg": 1.75,
    "bank_slope_score": 1.0,
    "beach_dist_km": 390.85,
    "bridge_proximity_bonus": 0.0,
    "catchment_area_km2": 4.3445,
    "channel_width_m": 5.74,
    "channel_width_score": 1.0,
    "composite_score": 40.4536,
    "cso_density": 0.0,
    "ej_index": 0.6358,
    "elevation_m": 321.0752,
    "estuary_dist_km": 513.53,
    "feasibility_score": 65.7143,
    "flood_q10_cfs": 626.76,
    "flow_score": 21.8392,
    "flow_velocity_ms": 0.1302,
    "generation_score": 22.183,
    "impact_score": 61.6059,
    "impervious_pct": 6.17,
    "land_ownership": 0.5,
    "lat": 35.7399,
    "litter_complaint_density": 0.0,
    "lon": -81.6526,
    "npdes_points": 0,
    "pixel_col": 1444.0,
    "pixel_row": 796.0,
    "population_density": 245.3,
    "position_along": 0.75,
    "protected_area_score": 0.0,
    "rank": 29,
    "river_name": "East Prong Hunting Creek",
    "road_access_m": 209.7,
    "road_access_score": 0.8,
    "road_density_km_km2": 3.333,
    "robustness_pct": 0.0,
    "runoff_coeff_C": 0.1055,
    "seasonal_cv": 0.4438,
    "segment_id": 25,
    "segment_length_m": 4075.3874,
    "stream_order": 3,
    "superfund_score": 0.0,
    "tourism_amenity_density": 2.4669,
    "tri_facility_density": 0.0,
    "usgs_mean_q_cfs": 2.967,
    "velocity_feasibility": 0.7,
    "water_intake_score": 0.0
   },
   "type": "Feature"
  },
  {
   "geometry": {
    "coordinates": [
     -81.678649,
     35.70423
    ],
    "type": "Point"
   },
   "properties": {
    "accumulation": 112770.0,
    "bank_slope_deg": 3.06,
    "bank_slope_score": 1.0,
    "beach_dist_km": 391.36,
    "bridge_proximity_bonus": 0.0,
    "catchment_area_km2": 11.2482,
    "channel_width_m": 8.52,
    "channel_width_score": 1.0,
    "composite_score": 40.3895,
    "cso_density": 0.0,
    "dem_lat": 35.704237,
    "dem_lon": -81.678708,
    "ej_index": 0.6147,
    "elevation_m": 332.1382,
    "estuary_dist_km": 515.4,
    "feasibility_score": 75.2381,
    "flood_q10_cfs": 1150.89,
    "flow_score": 26.2435,
    "flow_velocity_ms": 0.1131,
    "generation_score": 19.5527,
    "impact_score": 55.5904,
    "impervious_pct": 3.82,
    "land_ownership": 0.5,
    "lat": 35.7042,
    "litter_complaint_density": 0.0,
    "lon": -81.6787,
    "npdes_points": 0,
    "pixel_col": 1206.0,
    "pixel_row": 1190.0,
    "population_density": 174.5,
    "position_along": 0.25,
    "protected_area_score": 0.0,
    "rank": 30,
    "river_name": "Hunting Creek",
    "road_access_m": 141.5,
    "road_access_score": 1.0,
    "road_density_km_km2": 3.342,
    "robustness_pct": 0.0,
    "runoff_coeff_C": 0.0844,
    "seasonal_cv": 0.4089,
    "segment_id": 55,
    "segment_length_m": 3170.861,
    "snap_dist_m": 5.4,
    "stream_order": 3,
    "superfund_score": 0.0,
    "tourism_amenity_density": 1.4324,
    "tri_facility_density": 0.0889,
    "usgs_mean_q_cfs": 9.131,
    "velocity_feasibility": 0.7,
    "water_intake_score": 0.0
   },
   "type": "Feature"
  },
  {
   "geometry": {
    "coordinates": [
     -81.754742,
     35.722015
    ],
    "type": "Point"
   },
   "properties": {
    "accumulation": 101347.0,
    "bank_slope_deg": 5.28,
    "bank_slope_score": 1.0,
    "beach_dist_km": 398.45,
    "bridge_proximity_bonus": 0.0,
    "catchment_area_km2": 10.1088,
    "channel_width_m": 8.15,
    "channel_width_score": 1.0,
    "composite_score": 39.3514,
    "cso_density": 0.0,
    "dem_lat": 35.722022,
    "dem_lon": -81.75483,
    "ej_index": 0.5851,
    "elevation_m": 318.4514,
    "estuary_dist_km": 522.46,
    "feasibility_score": 65.7143,
    "flood_q10_cfs": 1243.43,
    "flow_score": 29.4726,
    "flow_velocity_ms": 0.167,
    "generation_score": 38.7753,
    "impact_score": 34.9786,
    "impervious_pct": 13.7,
    "land_ownership": 0.5,
    "lat": 35.722,
    "litter_complaint_density": 0.0,
    "lon": -81.7548,
    "npdes_points": 0,
    "pixel_col": 518.0,
    "pixel_row": 988.0,
    "population_density": 142.2,
    "position_along": 0.7,
    "protected_area_score": 0.0,
    "rank": 31,
    "river_name": "Little Silver Creek",
    "road_access_m": 305.2,
    "road_access_score": 0.8,
    "road_density_km_km2": 3.645,
    "robustness_pct": 0.0,
    "runoff_coeff_C": 0.1733,
    "seasonal_cv": 0.4134,
    "segment_id": 32,
    "segment_length_m": 8680.928,
    "snap_dist_m": 8.0,
    "stream_order": 3,
    "superfund_score": 0.0,
    "tourism_amenity_density": 1.1141,
    "tri_facility_density": 0.3957,
    "usgs_mean_q_cfs": 8.075,
    "velocity_feasibility": 0.7,
    "water_intake_score": 0.0
   },
   "type": "Feature"
  },
  {
   "geometry": {
    "coordinates": [
     -81.667362,
     35.714981
    ],
    "type": "Point"
   },
   "properties": {
    "accumulation": 37054.0,
    "bank_slope_deg": 3.67,
    "bank_slope_score": 1.0,
    "beach_dist_km": 390.95,
    "bridge_proximity_bonus": 0.0,
    "catchment_area_km2": 3.6959,
    "channel_width_m": 5.37,
    "channel_width_score": 1.0,
    "composite_score": 39.3482,
    "cso_density": 0.0,
    "dem_lat": 35.715057,
    "dem_lon": -81.667767,
    "ej_index": 0.6386,
    "elevation_m": 337.1644,
    "estuary_dist_km": 514.56,
    "feasibility_score": 50.4762,
    "flood_q10_cfs": 613.18,
    "flow_score": 21.1341,
    "flow_velocity_ms": 0.0433,
    "generation_score": 27.5187,
    "impact_score": 60.7922,
    "impervious_pct": 11.88,
    "land_ownership": 0.5,
    "lat": 35.7151,
    "litter_complaint_density": 0.0,
    "lon": -81.6678,
    "npdes_points": 0,
    "pixel_col": 1306.0,
    "pixel_row": 1071.0,
    "population_density": 150.9,
    "position_along": 0.5,
    "protected_area_score": 0.0,
    "rank": 32,
    "river_name": "Fiddlers Run",
    "road_access_m": 272.4,
    "road_access_score": 0.8,
    "road_density_km_km2": 5.533,
    "robustness_pct": 0.0,
    "runoff_coeff_C": 0.1569,
    "seasonal_cv": 0.4337,
    "segment_id": 33,
    "segment_length_m": 2894.2307,
    "snap_dist_m": 37.6,
    "stream_order": 3,
    "superfund_score": 0.0,
    "tourism_amenity_density": 2.9444,
    "tri_facility_density": 0.0,
    "usgs_mean_q_cfs": 3.841,
    "velocity_feasibility": 0.3,
    "water_intake_score": 0.0
   },
   "type": "Feature"
  },
  {
   "geometry": {
    "coordinates": [
     -81.747704,
     35.714402
    ],
    "type": "Point"
   },
   "properties": {
    "accumulation": 272805.0,
    "bank_slope_deg": 7.77,
    "bank_slope_score": 1.0,
    "beach_dist_km": 397.52,
    "bridge_proximity_bonus": 0.0,
    "catchment_area_km2": 27.2107,
    "channel_width_m": 12.29,
    "channel_width_score": 1.0,
    "composite_score": 39.1059,
    "cso_density": 0.0,
    "dem_lat": 35.714403,
    "dem_lon": -81.747706,
    "ej_index": 0.5284,
    "elevation_m": 311.4647,
    "estuary_dist_km": 521.72,
    "feasibility_score": 65.7143,
    "flood_q10_cfs": 1829.2,
    "flow_score": 44.1921,
    "flow_velocity_ms": 0.1558,
    "generation_score": 26.6134,
    "impact_score": 34.0557,
    "impervious_pct": 1.94,
    "land_ownership": 0.5,
    "lat": 35.7144,
    "litter_complaint_density": 0.0,
    "lon": -81.7477,
    "npdes_points": 1,
    "pixel_col": 582.0,
    "pixel_row": 1073.0,
    "population_density": 134.8,
    "position_along": 0.5,
    "protected_area_score": 0.0,
    "rank": 33,
    "river_name": "Silver Creek",
    "road_access_m": 428.0,
    "road_access_score": 0.8,
    "road_density_km_km2": 3.34,
    "robustness_pct": 0.0,
    "runoff_coeff_C": 0.0675,
    "seasonal_cv": 0.3473,
    "segment_id": 45,
    "segment_length_m": 4538.0535,
    "snap_dist_m": 0.2,
    "stream_order": 3,
    "superfund_score": 0.0,
    "tourism_amenity_density": 1.1141,
    "tri_facility_density": 0.294,
    "usgs_mean_q_cfs": 70.589,
    "velocity_feasibility": 0.7,
    "water_intake_score": 0.0
   },
   "type": "Feature"
  },
  {
   "geometry": {
    "coordinates": [
     -81.693928,
     35.777148
    ],
    "type": "Point"
   },
   "properties": {
    "accumulation": 229553.0,
    "bank_slope_deg": 2.86,
    "bank_slope_score": 1.0,
    "beach_dist_km": 395.98,
    "bridge_proximity_bonus": 0.0,
    "catchment_area_km2": 22.8966,
    "channel_width_m": 11.44,
    "channel_width_score": 1.0,
    "composite_score": 38.9365,
    "cso_density": 0.0,
    "dem_lat": 35.777039,
    "dem_lon": -81.694033,
    "ej_index": 0.4563,
    "elevation_m": 302.967,
    "estuary_dist_km": 517.75,
    "feasibility_score": 65.7143,
    "flood_q10_cfs": 1633.94,
    "flow_score": 51.2667,
    "flow_velocity_ms": 0.0641,
    "generation_score": 15.9258,
    "impact_score": 38.2831,
    "impervious_pct": 0.69,
    "land_ownership": 0.5,
    "lat": 35.777,
    "litter_complaint_density": 0.0,
    "lon": -81.694,
    "npdes_points": 1,
    "pixel_col": 1073.0,
    "pixel_row": 382.0,
    "population_density": 157.9,
    "position_along": 0.5,
    "protected_area_score": 0.0,
    "rank": 34,
    "river_name": "Warrior Fork",
    "road_access_m": 491.7,
    "road_access_score": 0.8,
    "road_density_km_km2": 3.032,
    "robustness_pct": 0.0,
    "runoff_coeff_C": 0.0562,
    "seasonal_cv": 0.3132,
    "segment_id": 11,
    "segment_length_m": 1442.5375,
    "snap_dist_m": 15.3,
    "stream_order": 3,
    "superfund_score": 0.0,
    "tourism_amenity_density": 1.4324,
    "tri_facility_density": 0.0,
    "usgs_mean_q_cfs": 135.494,
    "velocity_feasibility": 0.7,
    "water_intake_score": 0.0
   },
   "type": "Feature"
  },
  {
   "geometry": {
    "coordinates": [
     -81.6509,
     35.712397
    ],
    "type": "Point"
   },
   "properties": {
    "accumulation": 67236.0,
    "bank_slope_deg": 4.7,
    "bank_slope_score": 1.0,
    "beach_dist_km": 389.44,
    "bridge_proximity_bonus": 0.0,
    "catchment_area_km2": 6.7064,
    "channel_width_m": 6.87,
    "channel_width_score": 1.0,
    "composite_score": 38.7907,
    "cso_density": 0.0,
    "dem_lat": 35.712408,
    "dem_lon": -81.650896,
    "ej_index": 0.4581,
    "elevation_m": 330.5208,
    "estuary_dist_km": 513.01,
    "feasibility_score": 65.7143,
    "flood_q10_cfs": 834.92,
    "flow_score": 23.3109,
    "flow_velocity_ms": 0.1283,
    "generation_score": 22.4625,
    "impact_score": 54.557,
    "impervious_pct": 3.86,
    "land_ownership": 0.5,
    "lat": 35.7124,
    "litter_complaint_density": 0.0,
    "lon": -81.6509,
    "npdes_points": 2,
    "pixel_col": 1455.0,
    "pixel_row": 1103.0,
    "population_density": 98.5,
    "position_along": 0.5,
    "protected_area_score": 0.0,
    "rank": 35,
    "river_name": "East Prong Hunting Creek",
    "road_access_m": 308.1,
    "road_access_score": 0.8,
    "road_density_km_km2": 4.284,
    "robustness_pct": 0.0,
    "runoff_coeff_C": 0.0847,
    "seasonal_cv": 0.4306,
    "segment_id": 35,
    "segment_length_m": 512.1864,
    "snap_dist_m": 1.3,
    "stream_order": 3,
    "superfund_score": 0.0,
    "tourism_amenity_density": 2.6261,
    "tri_facility_density": 0.0,
    "usgs_mean_q_cfs": 5.112,
    "velocity_feasibility": 0.7,
    "water_intake_score": 0.0
   },
   "type": "Feature"
  },
  {
   "geometry": {
    "coordinates": [
     -81.652993,
     35.745738
    ],
    "type": "Point"
   },
   "properties": {
    "accumulation": 20401.0,
    "bank_slope_deg": 0.33,
    "bank_slope_score": 1.0,
    "beach_dist_km": 391.15,
    "bridge_proximity_bonus": 0.0,
    "catchment_area_km2": 2.0349,
    "channel_width_m": 4.19,
    "channel_width_score": 1.0,
    "composite_score": 38.722,
    "cso_density": 0.0,
    "ej_index": 0.6235,
    "elevation_m": 316.9937,
    "estuary_dist_km": 513.64,
    "feasibility_score": 65.7143,
    "flood_q10_cfs": 358.32,
    "flow_score": 20.124,
    "flow_velocity_ms": 0.0987,
    "generation_score": 19.8146,
    "impact_score": 59.6315,
    "impervious_pct": 6.88,
    "land_ownership": 0.5,
    "lat": 35.7457,
    "litter_complaint_density": 0.0,
    "lon": -81.653,
    "npdes_points": 0,
    "pixel_col": 1441.0,
    "pixel_row": 731.0,
    "population_density": 192.4,
    "position_along": 0.5,
    "protected_area_score": 0.0,
    "rank": 36,
    "river_name": "East Prong Hunting Creek",
    "road_access_m": 308.5,
    "road_access_score": 0.8,
    "road_density_km_km2": 3.023,
    "robustness_pct": 0.0,
    "runoff_coeff_C": 0.1119,
    "seasonal_cv": 0.4292,
    "segment_id": 20,
    "segment_length_m": 633.4523,
    "stream_order": 3,
    "superfund_score": 0.0,
    "tourism_amenity_density": 1.9099,
    "tri_facility_density": 0.0,
    "usgs_mean_q_cfs": 4.44,
    "velocity_feasibility": 0.7,
    "water_intake_score": 0.0
   },
   "type": "Feature"
  },
  {
   "geometry": {
    "coordinates": [
     -81.756743,
     35.707999
    ],
    "type": "Point"
   },
   "properties": {
    "accumulation": 244099.0,
    "bank_slope_deg": 7.58,
    "bank_slope_score": 1.0,
    "beach_dist_km": 398.0,
    "bridge_proximity_bonus": 0.0,
    "catchment_area_km2": 24.3475,
    "channel_width_m": 11.74,
    "channel_width_score": 1.0,
    "composite_score": 38.5963,
    "cso_density": 0.0,
    "dem_lat": 35.708113,
    "dem_lon": -81.756944,
    "ej_index": 0.4751,
    "elevation_m": 313.4785,
    "estuary_dist_km": 522.47,
    "feasibility_score": 75.2381,
    "flood_q10_cfs": 1718.29,
    "flow_score": 40.8294,
    "flow_velocity_ms": 0.0666,
    "generation_score": 28.6608,
    "impact_score": 28.35,
    "impervious_pct": 1.87,
    "land_ownership": 0.5,
    "lat": 35.7081,
    "litter_complaint_density": 0.0,
    "lon": -81.7569,
    "npdes_points": 3,
    "pixel_col": 498.0,
    "pixel_row": 1143.0,
    "population_density": 132.3,
    "position_along": 0.1667,
    "protected_area_score": 0.0,
    "rank": 37,
    "river_name": "Silver Creek",
    "road_access_m": 160.0,
    "road_access_score": 1.0,
    "road_density_km_km2": 3.515,
    "robustness_pct": 0.0,
    "runoff_coeff_C": 0.0668,
    "seasonal_cv": 0.3465,
    "segment_id": 45,
    "segment_length_m": 4538.0535,
    "snap_dist_m": 22.2,
    "stream_order": 3,
    "superfund_score": 0.0,
    "tourism_amenity_density": 0.3183,
    "tri_facility_density": 0.1232,
    "usgs_mean_q_cfs": 69.556,
    "velocity_feasibility": 0.7,
    "water_intake_score": 0.0
   },
   "type": "Feature"
  },
  {
   "geometry": {
    "coordinates": [
     -81.766489,
     35.722529
    ],
    "type": "Point"
   },
   "properties": {
    "accumulation": 72396.0,
    "bank_slope_deg": 1.17,
    "bank_slope_score": 1.0,
    "beach_dist_km": 399.43,
    "bridge_proximity_bonus": 0.0,
    "catchment_area_km2": 7.2211,
    "channel_width_m": 7.09,
    "channel_width_score": 1.0,
    "composite_score": 38.5063,
    "cso_density": 0.0,
    "dem_lat": 35.722491,
    "dem_lon": -81.766484,
    "ej_index": 0.5858,
    "elevation_m": 325.7411,
    "estuary_dist_km": 523.51,
    "feasibility_score": 75.2381,
    "flood_q10_cfs": 989.97,
    "flow_score": 25.2637,
    "flow_velocity_ms": 0.1269,
    "generation_score": 38.2604,
    "impact_score": 31.4219,
    "impervious_pct": 10.41,
    "land_ownership": 0.5,
    "lat": 35.7225,
    "litter_complaint_density": 0.0,
    "lon": -81.7665,
    "npdes_points": 0,
    "pixel_col": 413.0,
    "pixel_row": 984.0,
    "population_density": 142.5,
    "position_along": 0.5,
    "protected_area_score": 0.0,
    "rank": 38,
    "river_name": "Little Silver Creek",
    "road_access_m": 120.1,
    "road_access_score": 1.0,
    "road_density_km_km2": 4.742,
    "robustness_pct": 0.0,
    "runoff_coeff_C": 0.1437,
    "seasonal_cv": 0.4315,
    "segment_id": 32,
    "segment_length_m": 8680.928,
    "snap_dist_m": 4.2,
    "stream_order": 3,
    "superfund_score": 0.0,
    "tourism_amenity_density": 0.4775,
    "tri_facility_density": 0.4155,
    "usgs_mean_q_cfs": 5.033,
    "velocity_feasibility": 0.7,
    "water_intake_score": 0.0
   },
   "type": "Feature"
  },
  {
   "geometry": {
    "coordinates": [
     -81.645588,
     35.714845
    ],
    "type": "Point"
   },
   "properties": {
    "accumulation": 36655.0,
    "bank_slope_deg": 2.63,
    "bank_slope_score": 1.0,
    "beach_dist_km": 389.12,
    "bridge_proximity_bonus": 0.0,
    "catchment_area_km2": 3.6561,
    "channel_width_m": 5.34,
    "channel_width_score": 1.0,
    "composite_score": 38.1168,
    "cso_density": 0.0,
    "ej_index": 0.3524,
    "elevation_m": 335.2518,
    "estuary_dist_km": 512.57,
    "feasibility_score": 75.2381,
    "flood_q10_cfs": 541.0,
    "flow_score": 21.015,
    "flow_velocity_ms": 0.1346,
    "generation_score": 22.7741,
    "impact_score": 49.1502,
    "impervious_pct": 5.19,
    "land_ownership": 0.5,
    "lat": 35.7148,
    "litter_complaint_density": 0.0,
    "lon": -81.6456,
    "npdes_points": 2,
    "pixel_col": 1503.0,
    "pixel_row": 1074.0,
    "population_density": 84.0,
    "position_along": 0.5,
    "protected_area_score": 0.0,
    "rank": 39,
    "river_name": "East Prong Hunting Creek",
    "road_access_m": 137.7,
    "road_access_score": 1.0,
    "road_density_km_km2": 4.112,
    "robustness_pct": 0.0,
    "runoff_coeff_C": 0.0967,
    "seasonal_cv": 0.4527,
    "segment_id": 30,
    "segment_length_m": 1294.443,
    "stream_order": 3,
    "superfund_score": 0.0,
    "tourism_amenity_density": 2.1486,
    "tri_facility_density": 0.0,
    "usgs_mean_q_cfs": 2.511,
    "velocity_feasibility": 0.7,
    "water_intake_score": 0.0
   },
   "type": "Feature"
  },
  {
   "geometry": {
    "coordinates": [
     -81.642659,
     35.703135
    ],
    "type": "Point"
   },
   "properties": {
    "accumulation": 34658.0,
    "bank_slope_deg": 0.71,
    "bank_slope_score": 1.0,
    "beach_dist_km": 388.34,
    "bridge_proximity_bonus": 0.0,
    "catchment_area_km2": 3.4569,
    "channel_width_m": 5.22,
    "channel_width_score": 1.0,
    "composite_score": 37.9771,
    "cso_density": 0.0,
    "dem_lat": 35.703135,
    "dem_lon": -81.642656,
    "ej_index": 0.5017,
    "elevation_m": 339.4532,
    "estuary_dist_km": 512.16,
    "feasibility_score": 75.2381,
    "flood_q10_cfs": 499.93,
    "flow_score": 21.0518,
    "flow_velocity_ms": 0.1464,
    "generation_score": 14.0662,
    "impact_score": 57.3621,
    "impervious_pct": 3.09,
    "land_ownership": 0.5,
    "lat": 35.7031,
    "litter_complaint_density": 0.0,
    "lon": -81.6427,
    "npdes_points": 1,
    "pixel_col": 1529.0,
    "pixel_row": 1206.0,
    "population_density": 86.0,
    "position_along": 0.5,
    "protected_area_score": 0.0,
    "rank": 40,
    "river_name": "East Prong Hunting Creek",
    "road_access_m": 94.1,
    "road_access_score": 1.0,
    "road_density_km_km2": 2.578,
    "robustness_pct": 0.0,
    "runoff_coeff_C": 0.0778,
    "seasonal_cv": 0.4454,
    "segment_id": 34,
    "segment_length_m": 2300.8489,
    "snap_dist_m": 0.2,
    "stream_order": 3,
    "superfund_score": 0.0,
    "tourism_amenity_density": 1.1937,
    "tri_facility_density": 0.0,
    "usgs_mean_q_cfs": 3.728,
    "velocity_feasibility": 0.7,
    "water_intake_score": 0.0
   },
   "type": "Feature"
  },
  {
   "geometry": {
    "coordinates": [
     -81.647406,
     35.709781
    ],
    "type": "Point"
   },
   "properties": {
    "accumulation": 24272.0,
    "bank_slope_deg": 0.42,
    "bank_slope_score": 1.0,
    "beach_dist_km": 389.05,
    "bridge_proximity_bonus": 0.0,
    "catchment_area_km2": 2.421,
    "channel_width_m": 4.5,
    "channel_width_score": 1.0,
    "composite_score": 37.9428,
    "cso_density": 0.0,
    "dem_lat": 35.709549,
    "dem_lon": -81.647677,
    "ej_index": 0.5029,
    "elevation_m": 333.6288,
    "estuary_dist_km": 512.69,
    "feasibility_score": 75.2381,
    "flood_q10_cfs": 382.23,
    "flow_score": 19.116,
    "flow_velocity_ms": 0.0974,
    "generation_score": 15.2515,
    "impact_score": 57.6756,
    "impervious_pct": 3.09,
    "land_ownership": 0.5,
    "lat": 35.7095,
    "litter_complaint_density": 0.0,
    "lon": -81.6477,
    "npdes_points": 1,
    "pixel_col": 1485.0,
    "pixel_row": 1133.0,
    "population_density": 86.0,
    "position_along": 0.5,
    "protected_area_score": 0.0,
    "rank": 41,
    "river_name": "East Prong Hunting Creek",
    "road_access_m": 166.3,
    "road_access_score": 1.0,
    "road_density_km_km2": 3.21,
    "robustness_pct": 0.0,
    "runoff_coeff_C": 0.0778,
    "seasonal_cv": 0.4454,
    "segment_id": 31,
    "segment_length_m": 424.0151,
    "snap_dist_m": 35.5,
    "stream_order": 3,
    "superfund_score": 0.0,
    "tourism_amenity_density": 2.4669,
    "tri_facility_density": 0.0,
    "usgs_mean_q_cfs": 3.728,
    "velocity_feasibility": 0.7,
    "water_intake_score": 0.0
   },
   "type": "Feature"
  },
  {
   "geometry": {
    "coordinates": [
     -81.687522,
     35.694189
    ],
    "type": "Point"
   },
   "properties": {
    "accumulation": 52788.0,
    "bank_slope_deg": 3.48,
    "bank_slope_score": 1.0,
    "beach_dist_km": 391.65,
    "bridge_proximity_bonus": 0.2,
    "catchment_area_km2": 5.2653,
    "channel_width_m": 6.22,
    "channel_width_score": 1.0,
    "composite_score": 37.8799,
    "cso_density": 0.0,
    "dem_lat": 35.694276,
    "dem_lon": -81.687633,
    "ej_index": 0.5296,
    "elevation_m": 337.4017,
    "estuary_dist_km": 516.08,
    "feasibility_score": 88.5714,
    "flood_q10_cfs": 706.32,
    "flow_score": 22.5017,
    "flow_velocity_ms": 0.1226,
    "generation_score": 15.0968,
    "impact_score": 48.1325,
    "impervious_pct": 4.72,
    "land_ownership": 0.5,
    "lat": 35.6943,
    "litter_complaint_density": 0.0,
    "lon": -81.6876,
    "npdes_points": 0,
    "pixel_col": 1125.0,
    "pixel_row": 1301.0,
    "population_density": 136.4,
    "position_along": 0.75,
    "protected_area_score": 0.0,
    "rank": 42,
    "river_name": "Hunting Creek",
    "road_access_m": 81.9,
    "road_access_score": 1.0,
    "road_density_km_km2": 3.053,
    "robustness_pct": 0.0,
    "runoff_coeff_C": 0.0925,
    "seasonal_cv": 0.4289,
    "segment_id": 54,
    "segment_length_m": 3067.6837,
    "snap_dist_m": 13.9,
    "stream_order": 3,
    "superfund_score": 0.0,
    "tourism_amenity_density": 0.3979,
    "tri_facility_density": 0.0,
    "usgs_mean_q_cfs": 4.926,
    "velocity_feasibility": 0.7,
    "water_intake_score": 0.0
   },
   "type": "Feature"
  },
  {
   "geometry": {
    "coordinates": [
     -81.649536,
     35.758116
    ],
    "type": "Point"
   },
   "properties": {
    "accumulation": 36282.0,
    "bank_slope_deg": 2.02,
    "bank_slope_score": 1.0,
    "beach_dist_km": 391.45,
    "bridge_proximity_bonus": 0.0,
    "catchment_area_km2": 3.6189,
    "channel_width_m": 5.32,
    "channel_width_score": 1.0,
    "composite_score": 37.6008,
    "cso_density": 0.0,
    "ej_index": 0.4597,
    "elevation_m": 314.0024,
    "estuary_dist_km": 513.5,
    "feasibility_score": 65.7143,
    "flood_q10_cfs": 527.08,
    "flow_score": 20.7836,
    "flow_velocity_ms": 0.1251,
    "generation_score": 27.3035,
    "impact_score": 47.8556,
    "impervious_pct": 4.14,
    "land_ownership": 0.5,
    "lat": 35.7581,
    "litter_complaint_density": 0.0,
    "lon": -81.6495,
    "npdes_points": 0,
    "pixel_col": 1471.0,
    "pixel_row": 597.0,
    "population_density": 182.9,
    "position_along": 0.5,
    "protected_area_score": 0.0,
    "rank": 43,
    "river_name": "Hunting Creek",
    "road_access_m": 312.7,
    "road_access_score": 0.8,
    "road_density_km_km2": 3.71,
    "robustness_pct": 0.0,
    "runoff_coeff_C": 0.0873,
    "seasonal_cv": 0.4381,
    "segment_id": 12,
    "segment_length_m": 1193.1514,
    "stream_order": 3,
    "superfund_score": 0.0,
    "tourism_amenity_density": 0.0,
    "tri_facility_density": 0.2763,
    "usgs_mean_q_cfs": 2.467,
    "velocity_feasibility": 0.7,
    "water_intake_score": 0.0
   },
   "type": "Feature"
  },
  {
   "geometry": {
    "coordinates": [
     -81.621277,
     35.760608
    ],
    "type": "Point"
   },
   "properties": {
    "accumulation": 34594.0,
    "bank_slope_deg": 2.92,
    "bank_slope_score": 1.0,
    "beach_dist_km": 389.29,
    "bridge_proximity_bonus": 0.0,
    "catchment_area_km2": 3.4506,
    "channel_width_m": 5.22,
    "channel_width_score": 1.0,
    "composite_score": 37.1033,
    "cso_density": 0.0,
    "dem_lat": 35.760838,
    "dem_lon": -81.621565,
    "ej_index": 0.4184,
    "elevation_m": 349.2502,
    "estuary_dist_km": 511.04,
    "feasibility_score": 75.2381,
    "flood_q10_cfs": 549.0,
    "flow_score": 7.7921,
    "flow_velocity_ms": 0.1026,
    "generation_score": 27.7222,
    "impact_score": 51.8429,
    "impervious_pct": 8.52,
    "land_ownership": 0.5,
    "lat": 35.7608,
    "litter_complaint_density": 0.0,
    "lon": -81.6216,
    "npdes_points": 0,
    "pixel_col": 1728.0,
    "pixel_row": 566.0,
    "population_density": 292.4,
    "position_along": 0.5,
    "protected_area_score": 0.0,
    "rank": 44,
    "river_name": "Howard Creek",
    "road_access_m": 75.3,
    "road_access_score": 1.0,
    "road_density_km_km2": 3.864,
    "robustness_pct": 0.0,
    "runoff_coeff_C": 0.1267,
    "seasonal_cv": 0.4277,
    "segment_id": 19,
    "segment_length_m": 2913.3231,
    "snap_dist_m": 36.4,
    "stream_order": 1,
    "superfund_score": 0.0,
    "tourism_amenity_density": 0.0796,
    "tri_facility_density": 0.0,
    "usgs_mean_q_cfs": 5.286,
    "velocity_feasibility": 0.7,
    "water_intake_score": 0.0
   },
   "type": "Feature"
  },
  {
   "geometry": {
    "coordinates": [
     -81.718722,
     35.710058
    ],
    "type": "Point"
   },
   "properties": {
    "accumulation": 111132.0,
    "bank_slope_deg": 4.23,
    "bank_slope_score": 1.0,
    "beach_dist_km": 394.94,
    "bridge_proximity_bonus": 0.0,
    "catchment_area_km2": 11.0848,
    "channel_width_m": 8.47,
    "channel_width_score": 1.0,
    "composite_score": 36.813,
    "cso_density": 0.0,
    "dem_lat": 35.709968,
    "dem_lon": -81.718908,
    "ej_index": 0.5467,
    "elevation_m": 313.2941,
    "estuary_dist_km": 519.08,
    "feasibility_score": 65.7143,
    "flood_q10_cfs": 1145.23,
    "flow_score": 27.6002,
    "flow_velocity_ms": 0.1315,
    "generation_score": 23.5688,
    "impact_score": 43.2838,
    "impervious_pct": 4.05,
    "land_ownership": 0.5,
    "lat": 35.71,
    "litter_complaint_density": 0.0,
    "lon": -81.7189,
    "npdes_points": 1,
    "pixel_col": 840.0,
    "pixel_row": 1124.0,
    "population_density": 161.7,
    "position_along": 0.5,
    "protected_area_score": 0.0,
    "rank": 45,
    "river_name": "Bailey Fork",
    "road_access_m": 382.2,
    "road_access_score": 0.8,
    "road_density_km_km2": 3.609,
    "robustness_pct": 0.0,
    "runoff_coeff_C": 0.0864,
    "seasonal_cv": 0.3837,
    "segment_id": 49,
    "segment_length_m": 2022.9208,
    "snap_dist_m": 19.5,
    "stream_order": 3,
    "superfund_score": 0.0,
    "tourism_amenity_density": 2.069,
    "tri_facility_density": 0.0902,
    "usgs_mean_q_cfs": 11.688,
    "velocity_feasibility": 0.7,
    "water_intake_score": 0.0
   },
   "type": "Feature"
  },
  {
   "geometry": {
    "coordinates": [
     -81.723629,
     35.717325
    ],
    "type": "Point"
   },
   "properties": {
    "accumulation": 25491.0,
    "bank_slope_deg": 4.37,
    "bank_slope_score": 1.0,
    "beach_dist_km": 395.69,
    "bridge_proximity_bonus": 0.2,
    "catchment_area_km2": 2.5426,
    "channel_width_m": 4.6,
    "channel_width_score": 1.0,
    "composite_score": 36.6267,
    "cso_density": 0.0,
    "dem_lat": 35.71726,
    "dem_lon": -81.724066,
    "ej_index": 0.5768,
    "elevation_m": 310.5638,
    "estuary_dist_km": 519.64,
    "feasibility_score": 63.8095,
    "flood_q10_cfs": 403.33,
    "flow_score": 20.7132,
    "flow_velocity_ms": 0.0406,
    "generation_score": 27.5025,
    "impact_score": 45.4207,
    "impervious_pct": 4.05,
    "land_ownership": 0.5,
    "lat": 35.7173,
    "litter_complaint_density": 0.0,
    "lon": -81.7241,
    "npdes_points": 0,
    "pixel_col": 797.0,
    "pixel_row": 1044.0,
    "population_density": 133.1,
    "position_along": 0.5,
    "protected_area_score": 0.0,
    "rank": 46,
    "river_name": "Bailey Fork",
    "road_access_m": 410.9,
    "road_access_score": 0.8,
    "road_density_km_km2": 3.0,
    "robustness_pct": 0.0,
    "runoff_coeff_C": 0.0864,
    "seasonal_cv": 0.3837,
    "segment_id": 29,
    "segment_length_m": 72.3337,
    "snap_dist_m": 40.2,
    "stream_order": 3,
    "superfund_score": 0.0,
    "tourism_amenity_density": 3.581,
    "tri_facility_density": 0.3933,
    "usgs_mean_q_cfs": 11.688,
    "velocity_feasibility": 0.3,
    "water_intake_score": 0.0
   },
   "type": "Feature"
  },
  {
   "geometry": {
    "coordinates": [
     -81.761594,
     35.738382
    ],
    "type": "Point"
   },
   "properties": {
    "accumulation": 90628.0,
    "bank_slope_deg": 0.36,
    "bank_slope_score": 1.0,
    "beach_dist_km": 399.75,
    "bridge_proximity_bonus": 0.0,
    "catchment_area_km2": 9.0396,
    "channel_width_m": 7.78,
    "channel_width_score": 1.0,
    "composite_score": 36.5109,
    "cso_density": 0.0,
    "dem_lat": 35.738257,
    "dem_lon": -81.761693,
    "ej_index": 0.6356,
    "elevation_m": 307.2679,
    "estuary_dist_km": 523.28,
    "feasibility_score": 67.619,
    "flood_q10_cfs": 967.23,
    "flow_score": 44.1567,
    "flow_velocity_ms": 0.5,
    "generation_score": 17.447,
    "impact_score": 33.6492,
    "impervious_pct": null,
    "land_ownership": 0.5,
    "lat": 35.7383,
    "litter_complaint_density": 0.0,
    "lon": -81.7617,
    "npdes_points": 0,
    "pixel_col": 458.0,
    "pixel_row": 810.0,
    "population_density": 137.6,
    "position_along": 0.1667,
    "protected_area_score": 0.0,
    "rank": 47,
    "river_name": "Catawba River",
    "road_access_m": 640.8,
    "road_access_score": 0.6,
    "road_density_km_km2": 2.772,
    "robustness_pct": 0.0,
    "runoff_coeff_C": null,
    "seasonal_cv": null,
    "segment_id": 23,
    "segment_length_m": 5164.53,
    "snap_dist_m": 16.4,
    "stream_order": 3,
    "superfund_score": 0.0,
    "tourism_amenity_density": 0.1592,
    "tri_facility_density": 0.2212,
    "usgs_mean_q_cfs": null,
    "velocity_feasibility": 1.0,
    "water_intake_score": 0.0
   },
   "type": "Feature"
  },
  {
   "geometry": {
    "coordinates": [
     -81.709467,
     35.765457
    ],
    "type": "Point"
   },
   "properties": {
    "accumulation": 30125.0,
    "bank_slope_deg": 0.89,
    "bank_slope_score": 1.0,
    "beach_dist_km": 396.71,
    "bridge_proximity_bonus": 0.0,
    "catchment_area_km2": 3.0048,
    "channel_width_m": 4.93,
    "channel_width_score": 1.0,
    "composite_score": 36.2152,
    "cso_density": 0.0,
    "dem_lat": 35.765522,
    "dem_lon": -81.709501,
    "ej_index": 0.5707,
    "elevation_m": 302.5185,
    "estuary_dist_km": 518.97,
    "feasibility_score": 77.1429,
    "flood_q10_cfs": 426.13,
    "flow_score": 26.6561,
    "flow_velocity_ms": 0.5,
    "generation_score": 17.5152,
    "impact_score": 42.4174,
    "impervious_pct": null,
    "land_ownership": 0.5,
    "lat": 35.7655,
    "litter_complaint_density": 0.0,
    "lon": -81.7095,
    "npdes_points": 1,
    "pixel_col": 933.0,
    "pixel_row": 509.0,
    "population_density": 196.5,
    "position_along": 0.5,
    "protected_area_score": 0.0,
    "rank": 48,
    "river_name": "Catawba River",
    "road_access_m": 276.5,
    "road_access_score": 0.8,
    "road_density_km_km2": 3.275,
    "robustness_pct": 0.0,
    "runoff_coeff_C": null,
    "seasonal_cv": null,
    "segment_id": 13,
    "segment_length_m": 1793.0933,
    "snap_dist_m": 7.8,
    "stream_order": 1,
    "superfund_score": 0.0,
    "tourism_amenity_density": 1.8303,
    "tri_facility_density": 0.0,
    "usgs_mean_q_cfs": null,
    "velocity_feasibility": 1.0,
    "water_intake_score": 0.0
   },
   "type": "Feature"
  },
  {
   "geometry": {
    "coordinates": [
     -81.746875,
     35.751158
    ],
    "type": "Point"
   },
   "properties": {
    "accumulation": 226404.0,
    "bank_slope_deg": 2.19,
    "bank_slope_score": 1.0,
    "beach_dist_km": 399.11,
    "bridge_proximity_bonus": 0.0,
    "catchment_area_km2": 22.5825,
    "channel_width_m": 11.38,
    "channel_width_score": 1.0,
    "composite_score": 36.017,
    "cso_density": 0.0,
    "dem_lat": 35.751131,
    "dem_lon": -81.746897,
    "ej_index": 0.73,
    "elevation_m": 313.7111,
    "estuary_dist_km": 522.13,
    "feasibility_score": 56.1905,
    "flood_q10_cfs": 1644.73,
    "flow_score": 33.7524,
    "flow_velocity_ms": 0.1509,
    "generation_score": 22.6204,
    "impact_score": 41.214,
    "impervious_pct": 1.72,
    "land_ownership": 0.5,
    "lat": 35.7511,
    "litter_complaint_density": 0.0,
    "lon": -81.7469,
    "npdes_points": 0,
    "pixel_col": 593.0,
    "pixel_row": 669.0,
    "population_density": 114.7,
    "position_along": 0.5833,
    "protected_area_score": 0.0,
    "rank": 49,
    "river_name": "Canoe Creek",
    "road_access_m": 527.1,
    "road_access_score": 0.6,
    "road_density_km_km2": 2.793,
    "robustness_pct": 0.0,
    "runoff_coeff_C": 0.0655,
    "seasonal_cv": 0.3958,
    "segment_id": 8,
    "segment_length_m": 10144.1497,
    "snap_dist_m": 3.6,
    "stream_order": 3,
    "superfund_score": 0.0,
    "tourism_amenity_density": 0.1592,
    "tri_facility_density": 0.3543,
    "usgs_mean_q_cfs": 23.642,
    "velocity_feasibility": 0.7,
    "water_intake_score": 0.0
   },
   "type": "Feature"
  },
  {
   "geometry": {
    "coordinates": [
     -81.780213,
     35.719018
    ],
    "type": "Point"
   },
   "properties": {
    "accumulation": 53628.0,
    "bank_slope_deg": 7.48,
    "bank_slope_score": 1.0,
    "beach_dist_km": 400.42,
    "bridge_proximity_bonus": 0.0,
    "catchment_area_km2": 5.3491,
    "channel_width_m": 6.26,
    "channel_width_score": 1.0,
    "composite_score": 35.4266,
    "cso_density": 0.0,
    "dem_lat": 35.71907,
    "dem_lon": -81.780233,
    "ej_index": 0.7406,
    "elevation_m": 335.0568,
    "estuary_dist_km": 524.7,
    "feasibility_score": 75.2381,
    "flood_q10_cfs": 789.61,
    "flow_score": 24.8823,
    "flow_velocity_ms": 0.1586,
    "generation_score": 23.2685,
    "impact_score": 36.466,
    "impervious_pct": 10.41,
    "land_ownership": 0.5,
    "lat": 35.7191,
    "litter_complaint_density": 0.0,
    "lon": -81.7802,
    "npdes_points": 0,
    "pixel_col": 288.0,
    "pixel_row": 1021.0,
    "population_density": 111.8,
    "position_along": 0.3,
    "protected_area_score": 0.0,
    "rank": 50,
    "river_name": "Little Silver Creek",
    "road_access_m": 181.3,
    "road_access_score": 1.0,
    "road_density_km_km2": 5.024,
    "robustness_pct": 0.0,
    "runoff_coeff_C": 0.1437,
    "seasonal_cv": 0.4315,
    "segment_id": 32,
    "segment_length_m": 8680.928,
    "snap_dist_m": 6.1,
    "stream_order": 3,
    "superfund_score": 0.0,
    "tourism_amenity_density": 0.1592,
    "tri_facility_density": 0.0,
    "usgs_mean_q_cfs": 5.033,
    "velocity_feasibility": 0.7,
    "water_intake_score": 0.0
   },
   "type": "Feature"
  },
  {
   "geometry": {
    "coordinates": [
     -81.717558,
     35.768373
    ],
    "type": "Point"
   },
   "properties": {
    "accumulation": 55407.0,
    "bank_slope_deg": 1.02,
    "bank_slope_score": 1.0,
    "beach_dist_km": 397.5,
    "bridge_proximity_bonus": 0.0,
    "catchment_area_km2": 5.5265,
    "channel_width_m": 6.34,
    "channel_width_score": 1.0,
    "composite_score": 34.9242,
    "cso_density": 0.0,
    "dem_lat": 35.768345,
    "dem_lon": -81.717579,
    "ej_index": 0.5597,
    "elevation_m": 313.3023,
    "estuary_dist_km": 519.74,
    "feasibility_score": 75.2381,
    "flood_q10_cfs": 735.14,
    "flow_score": 22.7645,
    "flow_velocity_ms": 0.114,
    "generation_score": 21.0806,
    "impact_score": 38.7438,
    "impervious_pct": 4.92,
    "land_ownership": 0.5,
    "lat": 35.7683,
    "litter_complaint_density": 0.0,
    "lon": -81.7176,
    "npdes_points": 1,
    "pixel_col": 860.0,
    "pixel_row": 479.0,
    "population_density": 128.6,
    "position_along": 0.5,
    "protected_area_score": 0.0,
    "rank": 51,
    "river_name": "Wilson Creek",
    "road_access_m": 187.8,
    "road_access_score": 1.0,
    "road_density_km_km2": 4.283,
    "robustness_pct": 0.0,
    "runoff_coeff_C": 0.0943,
    "seasonal_cv": 0.4137,
    "segment_id": 10,
    "segment_length_m": 4995.4573,
    "snap_dist_m": 3.6,
    "stream_order": 3,
    "superfund_score": 0.0,
    "tourism_amenity_density": 1.1141,
    "tri_facility_density": 0.0,
    "usgs_mean_q_cfs": 4.712,
    "velocity_feasibility": 0.7,
    "water_intake_score": 0.0
   },
   "type": "Feature"
  },
  {
   "geometry": {
    "coordinates": [
     -81.716442,
     35.696866
    ],
    "type": "Point"
   },
   "properties": {
    "accumulation": 62856.0,
    "bank_slope_deg": 4.39,
    "bank_slope_score": 1.0,
    "beach_dist_km": 394.16,
    "bridge_proximity_bonus": 0.0,
    "catchment_area_km2": 6.2695,
    "channel_width_m": 6.68,
    "channel_width_score": 1.0,
    "composite_score": 34.7954,
    "cso_density": 0.0,
    "dem_lat": 35.696887,
    "dem_lon": -81.716509,
    "ej_index": 0.4961,
    "elevation_m": 318.9643,
    "estuary_dist_km": 518.71,
    "feasibility_score": 75.2381,
    "flood_q10_cfs": 784.75,
    "flow_score": 22.386,
    "flow_velocity_ms": 0.0509,
    "generation_score": 20.5022,
    "impact_score": 39.2085,
    "impervious_pct": 3.22,
    "land_ownership": 0.5,
    "lat": 35.6969,
    "litter_complaint_density": 0.0,
    "lon": -81.7165,
    "npdes_points": 1,
    "pixel_col": 862.0,
    "pixel_row": 1269.0,
    "population_density": 169.8,
    "position_along": 0.75,
    "protected_area_score": 0.0,
    "rank": 52,
    "river_name": "Bailey Fork",
    "road_access_m": 99.0,
    "road_access_score": 1.0,
    "road_density_km_km2": 3.838,
    "robustness_pct": 0.0,
    "runoff_coeff_C": 0.079,
    "seasonal_cv": 0.3953,
    "segment_id": 48,
    "segment_length_m": 3469.1793,
    "snap_dist_m": 6.5,
    "stream_order": 3,
    "superfund_score": 0.0,
    "tourism_amenity_density": 0.1592,
    "tri_facility_density": 0.0,
    "usgs_mean_q_cfs": 8.55,
    "velocity_feasibility": 0.7,
    "water_intake_score": 0.0
   },
   "type": "Feature"
  },
  {
   "geometry": {
    "coordinates": [
     -81.729263,
     35.768032
    ],
    "type": "Point"
   },
   "properties": {
    "accumulation": 34750.0,
    "bank_slope_deg": 1.88,
    "bank_slope_score": 1.0,
    "beach_dist_km": 398.44,
    "bridge_proximity_bonus": 0.0,
    "catchment_area_km2": 3.4661,
    "channel_width_m": 5.23,
    "channel_width_score": 1.0,
    "composite_score": 33.7968,
    "cso_density": 0.0,
    "dem_lat": 35.768015,
    "dem_lon": -81.729261,
    "ej_index": 0.6644,
    "elevation_m": 322.6683,
    "estuary_dist_km": 520.78,
    "feasibility_score": 75.2381,
    "flood_q10_cfs": 517.23,
    "flow_score": 22.1674,
    "flow_velocity_ms": 0.143,
    "generation_score": 15.7888,
    "impact_score": 40.7753,
    "impervious_pct": 4.92,
    "land_ownership": 0.5,
    "lat": 35.768,
    "litter_complaint_density": 0.0,
    "lon": -81.7293,
    "npdes_points": 0,
    "pixel_col": 754.0,
    "pixel_row": 480.0,
    "population_density": 109.8,
    "position_along": 0.1667,
    "protected_area_score": 0.0,
    "rank": 53,
    "river_name": "Wilson Creek",
    "road_access_m": 112.5,
    "road_access_score": 1.0,
    "road_density_km_km2": 3.984,
    "robustness_pct": 0.0,
    "runoff_coeff_C": 0.0943,
    "seasonal_cv": 0.4137,
    "segment_id": 10,
    "segment_length_m": 4995.4573,
    "snap_dist_m": 1.9,
    "stream_order": 3,
    "superfund_score": 0.0,
    "tourism_amenity_density": 0.3979,
    "tri_facility_density": 0.0,
    "usgs_mean_q_cfs": 4.712,
    "velocity_feasibility": 0.7,
    "water_intake_score": 0.0
   },
   "type": "Feature"
  },
  {
   "geometry": {
    "coordinates": [
     -81.701467,
     35.782682
    ],
    "type": "Point"
   },
   "properties": {
    "accumulation": 135204.0,
    "bank_slope_deg": 4.21,
    "bank_slope_score": 1.0,
    "beach_dist_km": 396.86,
    "bridge_proximity_bonus": 0.0,
    "catchment_area_km2": 13.4858,
    "channel_width_m": 9.18,
    "channel_width_score": 1.0,
    "composite_score": 32.8934,
    "cso_density": 0.0,
    "dem_lat": 35.782711,
    "dem_lon": -81.701586,
    "ej_index": 0.3082,
    "elevation_m": 303.884,
    "estuary_dist_km": 518.51,
    "feasibility_score": 77.1429,
    "flood_q10_cfs": 1207.14,
    "flow_score": 46.0509,
    "flow_velocity_ms": 0.5,
    "generation_score": 5.7284,
    "impact_score": 26.969,
    "impervious_pct": null,
    "land_ownership": 0.5,
    "lat": 35.7827,
    "litter_complaint_density": 0.0,
    "lon": -81.7016,
    "npdes_points": 0,
    "pixel_col": 1004.0,
    "pixel_row": 321.0,
    "population_density": 72.3,
    "position_along": 0.75,
    "protected_area_score": 0.0,
    "rank": 54,
    "river_name": "Warrior Fork",
    "road_access_m": 434.7,
    "road_access_score": 0.8,
    "road_density_km_km2": 2.158,
    "robustness_pct": 0.0,
    "runoff_coeff_C": null,
    "seasonal_cv": null,
    "segment_id": 6,
    "segment_length_m": 3251.4684,
    "snap_dist_m": 11.2,
    "stream_order": 3,
    "superfund_score": 0.0,
    "tourism_amenity_density": 0.6366,
    "tri_facility_density": 0.0,
    "usgs_mean_q_cfs": null,
    "velocity_feasibility": 1.0,
    "water_intake_score": 0.0
   },
   "type": "Feature"
  },
  {
   "geometry": {
    "coordinates": [
     -81.676938,
     35.690684
    ],
    "type": "Point"
   },
   "properties": {
    "accumulation": 34649.0,
    "bank_slope_deg": 3.08,
    "bank_slope_score": 1.0,
    "beach_dist_km": 390.61,
    "bridge_proximity_bonus": 0.0,
    "catchment_area_km2": 3.456,
    "channel_width_m": 5.22,
    "channel_width_score": 1.0,
    "composite_score": 32.8383,
    "cso_density": 0.0,
    "ej_index": 0.5758,
    "elevation_m": 340.6153,
    "estuary_dist_km": 515.08,
    "feasibility_score": 65.7143,
    "flood_q10_cfs": 483.74,
    "flow_score": 19.787,
    "flow_velocity_ms": 0.1294,
    "generation_score": 6.9234,
    "impact_score": 53.1914,
    "impervious_pct": 1.22,
    "land_ownership": 0.5,
    "lat": 35.6907,
    "litter_complaint_density": 0.0,
    "lon": -81.6769,
    "npdes_points": 0,
    "pixel_col": 1218.0,
    "pixel_row": 1341.0,
    "population_density": 94.7,
    "position_along": 0.5,
    "protected_area_score": 0.0,
    "rank": 55,
    "river_name": "Hunting Creek",
    "road_access_m": 375.3,
    "road_access_score": 0.8,
    "road_density_km_km2": 1.589,
    "robustness_pct": 0.0,
    "runoff_coeff_C": 0.061,
    "seasonal_cv": 0.4584,
    "segment_id": 47,
    "segment_length_m": 2040.7659,
    "stream_order": 3,
    "superfund_score": 0.0,
    "tourism_amenity_density": 0.3183,
    "tri_facility_density": 0.0,
    "usgs_mean_q_cfs": 2.882,
    "velocity_feasibility": 0.7,
    "water_intake_score": 0.0
   },
   "type": "Feature"
  },
  {
   "geometry": {
    "coordinates": [
     -81.764956,
     35.697148
    ],
    "type": "Point"
   },
   "properties": {
    "accumulation": 126595.0,
    "bank_slope_deg": 7.74,
    "bank_slope_score": 1.0,
    "beach_dist_km": 398.18,
    "bridge_proximity_bonus": 0.0,
    "catchment_area_km2": 12.6271,
    "channel_width_m": 8.94,
    "channel_width_score": 1.0,
    "composite_score": 32.5915,
    "cso_density": 0.0,
    "dem_lat": 35.697131,
    "dem_lon": -81.764943,
    "ej_index": 0.3625,
    "elevation_m": 316.5588,
    "estuary_dist_km": 523.06,
    "feasibility_score": 75.2381,
    "flood_q10_cfs": 1191.28,
    "flow_score": 31.5965,
    "flow_velocity_ms": 0.0577,
    "generation_score": 23.9953,
    "impact_score": 20.6936,
    "impervious_pct": 1.68,
    "land_ownership": 0.5,
    "lat": 35.6971,
    "litter_complaint_density": 0.0,
    "lon": -81.7649,
    "npdes_points": 3,
    "pixel_col": 425.0,
    "pixel_row": 1264.0,
    "population_density": 132.5,
    "position_along": 0.75,
    "protected_area_score": 0.0,
    "rank": 56,
    "river_name": "Silver Creek",
    "road_access_m": 140.8,
    "road_access_score": 1.0,
    "road_density_km_km2": 3.348,
    "robustness_pct": 0.0,
    "runoff_coeff_C": 0.0651,
    "seasonal_cv": 0.3571,
    "segment_id": 44,
    "segment_length_m": 3516.5198,
    "snap_dist_m": 2.2,
    "stream_order": 3,
    "superfund_score": 0.0,
    "tourism_amenity_density": 0.0,
    "tri_facility_density": 0.0,
    "usgs_mean_q_cfs": 43.274,
    "velocity_feasibility": 0.7,
    "water_intake_score": 0.0
   },
   "type": "Feature"
  },
  {
   "geometry": {
    "coordinates": [
     -81.719921,
     35.700844
    ],
    "type": "Point"
   },
   "properties": {
    "accumulation": 22585.0,
    "bank_slope_deg": 0.73,
    "bank_slope_score": 1.0,
    "beach_dist_km": 394.62,
    "bridge_proximity_bonus": 0.0,
    "catchment_area_km2": 2.2527,
    "channel_width_m": 4.37,
    "channel_width_score": 1.0,
    "composite_score": 31.906,
    "cso_density": 0.0,
    "ej_index": 0.454,
    "elevation_m": 318.7832,
    "estuary_dist_km": 519.06,
    "feasibility_score": 65.7143,
    "flood_q10_cfs": 365.79,
    "flow_score": 18.9977,
    "flow_velocity_ms": 0.1234,
    "generation_score": 21.7821,
    "impact_score": 35.8827,
    "impervious_pct": 3.68,
    "land_ownership": 0.5,
    "lat": 35.7008,
    "litter_complaint_density": 0.0,
    "lon": -81.7199,
    "npdes_points": 1,
    "pixel_col": 833.0,
    "pixel_row": 1226.0,
    "population_density": 155.6,
    "position_along": 0.5,
    "protected_area_score": 0.0,
    "rank": 57,
    "river_name": "Bailey Fork",
    "road_access_m": 354.5,
    "road_access_score": 0.8,
    "road_density_km_km2": 4.634,
    "robustness_pct": 0.0,
    "runoff_coeff_C": 0.0831,
    "seasonal_cv": 0.4667,
    "segment_id": 38,
    "segment_length_m": 743.3116,
    "stream_order": 3,
    "superfund_score": 0.0,
    "tourism_amenity_density": 0.1592,
    "tri_facility_density": 0.0,
    "usgs_mean_q_cfs": 1.642,
    "velocity_feasibility": 0.7,
    "water_intake_score": 0.0
   },
   "type": "Feature"
  },
  {
   "geometry": {
    "coordinates": [
     -81.715422,
     35.684719
    ],
    "type": "Point"
   },
   "properties": {
    "accumulation": 29125.0,
    "bank_slope_deg": 8.32,
    "bank_slope_score": 1.0,
    "beach_dist_km": 393.52,
    "bridge_proximity_bonus": 0.0,
    "catchment_area_km2": 2.9051,
    "channel_width_m": 4.86,
    "channel_width_score": 1.0,
    "composite_score": 31.6061,
    "cso_density": 0.0,
    "dem_lat": 35.684715,
    "dem_lon": -81.715407,
    "ej_index": 0.4308,
    "elevation_m": 335.7336,
    "estuary_dist_km": 518.46,
    "feasibility_score": 75.2381,
    "flood_q10_cfs": 439.51,
    "flow_score": 22.3776,
    "flow_velocity_ms": 0.1428,
    "generation_score": 12.2128,
    "impact_score": 36.8737,
    "impervious_pct": 3.22,
    "land_ownership": 0.5,
    "lat": 35.6847,
    "litter_complaint_density": 0.0,
    "lon": -81.7154,
    "npdes_points": 0,
    "pixel_col": 871.0,
    "pixel_row": 1404.0,
    "population_density": 116.6,
    "position_along": 0.25,
    "protected_area_score": 0.0,
    "rank": 58,
    "river_name": "Bailey Fork",
    "road_access_m": 27.5,
    "road_access_score": 1.0,
    "road_density_km_km2": 2.804,
    "robustness_pct": 0.0,
    "runoff_coeff_C": 0.079,
    "seasonal_cv": 0.3953,
    "segment_id": 48,
    "segment_length_m": 3469.1793,
    "snap_dist_m": 1.4,
    "stream_order": 3,
    "superfund_score": 0.0,
    "tourism_amenity_density": 0.2387,
    "tri_facility_density": 0.0,
    "usgs_mean_q_cfs": 8.55,
    "velocity_feasibility": 0.7,
    "water_intake_score": 0.0
   },
   "type": "Feature"
  },
  {
   "geometry": {
    "coordinates": [
     -81.706488,
     35.77607
    ],
    "type": "Point"
   },
   "properties": {
    "accumulation": 75622.0,
    "bank_slope_deg": 7.3,
    "bank_slope_score": 1.0,
    "beach_dist_km": 396.96,
    "bridge_proximity_bonus": 0.2,
    "catchment_area_km2": 7.5429,
    "channel_width_m": 7.22,
    "channel_width_score": 1.0,
    "composite_score": 31.5213,
    "cso_density": 0.0,
    "dem_lat": 35.776164,
    "dem_lon": -81.706532,
    "ej_index": 0.3934,
    "elevation_m": 306.5273,
    "estuary_dist_km": 518.86,
    "feasibility_score": 79.0476,
    "flood_q10_cfs": 929.32,
    "flow_score": 24.2025,
    "flow_velocity_ms": 0.1225,
    "generation_score": 13.0429,
    "impact_score": 32.3355,
    "impervious_pct": 4.92,
    "land_ownership": 0.5,
    "lat": 35.7762,
    "litter_complaint_density": 0.0,
    "lon": -81.7065,
    "npdes_points": 0,
    "pixel_col": 960.0,
    "pixel_row": 393.0,
    "population_density": 113.7,
    "position_along": 0.8333,
    "protected_area_score": 0.0,
    "rank": 59,
    "river_name": "Wilson Creek",
    "road_access_m": 237.8,
    "road_access_score": 0.8,
    "road_density_km_km2": 2.422,
    "robustness_pct": 0.0,
    "runoff_coeff_C": 0.0943,
    "seasonal_cv": 0.4137,
    "segment_id": 10,
    "segment_length_m": 4995.4573,
    "snap_dist_m": 11.2,
    "stream_order": 3,
    "superfund_score": 0.0,
    "tourism_amenity_density": 1.5915,
    "tri_facility_density": 0.0,
    "usgs_mean_q_cfs": 4.712,
    "velocity_feasibility": 0.7,
    "water_intake_score": 0.0
   },
   "type": "Feature"
  },
  {
   "geometry": {
    "coordinates": [
     -81.684546,
     35.683133
    ],
    "type": "Point"
   },
   "properties": {
    "accumulation": 25158.0,
    "bank_slope_deg": 5.13,
    "bank_slope_score": 1.0,
    "beach_dist_km": 390.9,
    "bridge_proximity_bonus": 0.0,
    "catchment_area_km2": 2.5094,
    "channel_width_m": 4.57,
    "channel_width_score": 1.0,
    "composite_score": 31.3401,
    "cso_density": 0.0,
    "dem_lat": 35.683157,
    "dem_lon": -81.6846,
    "ej_index": 0.5441,
    "elevation_m": 343.9083,
    "estuary_dist_km": 515.67,
    "feasibility_score": 56.1905,
    "flood_q10_cfs": 404.06,
    "flow_score": 20.4544,
    "flow_velocity_ms": 0.1141,
    "generation_score": 9.18,
    "impact_score": 50.1463,
    "impervious_pct": 4.72,
    "land_ownership": 0.5,
    "lat": 35.6832,
    "litter_complaint_density": 0.0,
    "lon": -81.6846,
    "npdes_points": 0,
    "pixel_col": 1151.0,
    "pixel_row": 1424.0,
    "population_density": 96.6,
    "position_along": 0.25,
    "protected_area_score": 0.0,
    "rank": 60,
    "river_name": "Hunting Creek",
    "road_access_m": 523.5,
    "road_access_score": 0.6,
    "road_density_km_km2": 0.897,
    "robustness_pct": 0.0,
    "runoff_coeff_C": 0.0925,
    "seasonal_cv": 0.4289,
    "segment_id": 54,
    "segment_length_m": 3067.6837,
    "snap_dist_m": 5.6,
    "stream_order": 3,
    "superfund_score": 0.0,
    "tourism_amenity_density": 0.2387,
    "tri_facility_density": 0.0,
    "usgs_mean_q_cfs": 4.926,
    "velocity_feasibility": 0.7,
    "water_intake_score": 0.0
   },
   "type": "Feature"
  },
  {
   "geometry": {
    "coordinates": [
     -81.651196,
     35.798523
    ],
    "type": "Point"
   },
   "properties": {
    "accumulation": 46568.0,
    "bank_slope_deg": 5.16,
    "bank_slope_score": 1.0,
    "beach_dist_km": 393.51,
    "bridge_proximity_bonus": 0.0,
    "catchment_area_km2": 4.6449,
    "channel_width_m": 5.9,
    "channel_width_score": 1.0,
    "composite_score": 30.338,
    "cso_density": 0.0,
    "dem_lat": 35.798498,
    "dem_lon": -81.651324,
    "ej_index": 0.4508,
    "elevation_m": 304.4665,
    "estuary_dist_km": 514.24,
    "feasibility_score": 67.619,
    "flood_q10_cfs": 591.69,
    "flow_score": 27.6873,
    "flow_velocity_ms": 0.5,
    "generation_score": 0.18,
    "impact_score": 44.0644,
    "impervious_pct": null,
    "land_ownership": 0.5,
    "lat": 35.7985,
    "litter_complaint_density": 0.0,
    "lon": -81.6513,
    "npdes_points": 0,
    "pixel_col": 1460.0,
    "pixel_row": 149.0,
    "population_density": 21.0,
    "position_along": 0.1667,
    "protected_area_score": 0.0,
    "rank": 61,
    "river_name": "Lower Creek",
    "road_access_m": 862.3,
    "road_access_score": 0.6,
    "road_density_km_km2": 0.487,
    "robustness_pct": 0.0,
    "runoff_coeff_C": null,
    "seasonal_cv": null,
    "segment_id": 1,
    "segment_length_m": 4516.9536,
    "snap_dist_m": 11.9,
    "stream_order": 1,
    "superfund_score": 0.0,
    "tourism_amenity_density": 0.0796,
    "tri_facility_density": 0.0,
    "usgs_mean_q_cfs": null,
    "velocity_feasibility": 1.0,
    "water_intake_score": 0.0
   },
   "type": "Feature"
  },
  {
   "geometry": {
    "coordinates": [
     -81.720046,
     35.797308
    ],
    "type": "Point"
   },
   "properties": {
    "accumulation": 42578.0,
    "bank_slope_deg": 4.44,
    "bank_slope_score": 1.0,
    "beach_dist_km": 399.06,
    "bridge_proximity_bonus": 0.0,
    "catchment_area_km2": 4.2469,
    "channel_width_m": 5.69,
    "channel_width_score": 1.0,
    "composite_score": 30.2075,
    "cso_density": 0.0,
    "dem_lat": 35.797335,
    "dem_lon": -81.720015,
    "ej_index": 0.2565,
    "elevation_m": 306.2153,
    "estuary_dist_km": 520.37,
    "feasibility_score": 86.6667,
    "flood_q10_cfs": 553.07,
    "flow_score": 41.4438,
    "flow_velocity_ms": 0.5,
    "generation_score": 4.8373,
    "impact_score": 17.9844,
    "impervious_pct": null,
    "land_ownership": 0.5,
    "lat": 35.7973,
    "litter_complaint_density": 0.0,
    "lon": -81.72,
    "npdes_points": 0,
    "pixel_col": 840.0,
    "pixel_row": 156.0,
    "population_density": 60.1,
    "position_along": 0.75,
    "protected_area_score": 0.0,
    "rank": 62,
    "river_name": "Warrior Fork",
    "road_access_m": 155.5,
    "road_access_score": 1.0,
    "road_density_km_km2": 1.989,
    "robustness_pct": 0.0,
    "runoff_coeff_C": null,
    "seasonal_cv": null,
    "segment_id": 2,
    "segment_length_m": 3708.1624,
    "snap_dist_m": 4.1,
    "stream_order": 3,
    "superfund_score": 0.0,
    "tourism_amenity_density": 0.0,
    "tri_facility_density": 0.0,
    "usgs_mean_q_cfs": null,
    "velocity_feasibility": 1.0,
    "water_intake_score": 0.0
   },
   "type": "Feature"
  },
  {
   "geometry": {
    "coordinates": [
     -81.758014,
     35.760123
    ],
    "type": "Point"
   },
   "properties": {
    "accumulation": 201034.0,
    "bank_slope_deg": 3.39,
    "bank_slope_score": 1.0,
    "beach_dist_km": 400.42,
    "bridge_proximity_bonus": 0.0,
    "catchment_area_km2": 20.052,
    "channel_width_m": 10.83,
    "channel_width_score": 1.0,
    "composite_score": 29.9058,
    "cso_density": 0.0,
    "dem_lat": 35.760198,
    "dem_lon": -81.757747,
    "ej_index": 0.6006,
    "elevation_m": 317.4211,
    "estuary_dist_km": 523.22,
    "feasibility_score": 56.1905,
    "flood_q10_cfs": 1539.94,
    "flow_score": 32.7299,
    "flow_velocity_ms": 0.1479,
    "generation_score": 13.3437,
    "impact_score": 30.9722,
    "impervious_pct": 1.72,
    "land_ownership": 0.5,
    "lat": 35.7602,
    "litter_complaint_density": 0.0,
    "lon": -81.7577,
    "npdes_points": 0,
    "pixel_col": 494.0,
    "pixel_row": 567.0,
    "population_density": 90.8,
    "position_along": 0.4167,
    "protected_area_score": 0.0,
    "rank": 63,
    "river_name": "Canoe Creek",
    "road_access_m": 508.7,
    "road_access_score": 0.6,
    "road_density_km_km2": 2.144,
    "robustness_pct": 0.0,
    "runoff_coeff_C": 0.0655,
    "seasonal_cv": 0.3958,
    "segment_id": 8,
    "segment_length_m": 10144.1497,
    "snap_dist_m": 25.5,
    "stream_order": 3,
    "superfund_score": 0.0,
    "tourism_amenity_density": 0.0796,
    "tri_facility_density": 0.1496,
    "usgs_mean_q_cfs": 23.642,
    "velocity_feasibility": 0.7,
    "water_intake_score": 0.0
   },
   "type": "Feature"
  },
  {
   "geometry": {
    "coordinates": [
     -81.775312,
     35.746909
    ],
    "type": "Point"
   },
   "properties": {
    "accumulation": 38061.0,
    "bank_slope_deg": 0.02,
    "bank_slope_score": 1.0,
    "beach_dist_km": 401.26,
    "bridge_proximity_bonus": 0.0,
    "catchment_area_km2": 3.7964,
    "channel_width_m": 5.43,
    "channel_width_score": 1.0,
    "composite_score": 29.6839,
    "cso_density": 0.0,
    "dem_lat": 35.746926,
    "dem_lon": -81.775297,
    "ej_index": 0.4256,
    "elevation_m": 309.4543,
    "estuary_dist_km": 524.62,
    "feasibility_score": 77.1429,
    "flood_q10_cfs": 508.25,
    "flow_score": 41.1634,
    "flow_velocity_ms": 0.5,
    "generation_score": 7.5225,
    "impact_score": 18.5496,
    "impervious_pct": null,
    "land_ownership": 0.5,
    "lat": 35.7469,
    "litter_complaint_density": 0.0,
    "lon": -81.7753,
    "npdes_points": 0,
    "pixel_col": 334.0,
    "pixel_row": 713.0,
    "population_density": 109.5,
    "position_along": 0.5,
    "protected_area_score": 0.0,
    "rank": 64,
    "river_name": "Catawba River",
    "road_access_m": 378.5,
    "road_access_score": 0.8,
    "road_density_km_km2": 2.181,
    "robustness_pct": 0.0,
    "runoff_coeff_C": null,
    "seasonal_cv": null,
    "segment_id": 18,
    "segment_length_m": 1837.3008,
    "snap_dist_m": 2.3,
    "stream_order": 3,
    "superfund_score": 0.0,
    "tourism_amenity_density": 0.1592,
    "tri_facility_density": 0.0,
    "usgs_mean_q_cfs": null,
    "velocity_feasibility": 1.0,
    "water_intake_score": 0.0
   },
   "type": "Feature"
  },
  {
   "geometry": {
    "coordinates": [
     -81.643757,
     35.673562
    ],
    "type": "Point"
   },
   "properties": {
    "accumulation": 26226.0,
    "bank_slope_deg": 1.99,
    "bank_slope_score": 1.0,
    "beach_dist_km": 387.1,
    "bridge_proximity_bonus": 0.0,
    "catchment_area_km2": 2.6159,
    "channel_width_m": 4.65,
    "channel_width_score": 1.0,
    "composite_score": 29.4993,
    "cso_density": 0.0,
    "ej_index": 0.3698,
    "elevation_m": 388.1768,
    "estuary_dist_km": 511.89,
    "feasibility_score": 75.2381,
    "flood_q10_cfs": 390.58,
    "flow_score": 4.5713,
    "flow_velocity_ms": 0.1346,
    "generation_score": 6.5103,
    "impact_score": 50.3923,
    "impervious_pct": 0.99,
    "land_ownership": 0.5,
    "lat": 35.6736,
    "litter_complaint_density": 0.0,
    "lon": -81.6438,
    "npdes_points": 0,
    "pixel_col": 1520.0,
    "pixel_row": 1537.0,
    "population_density": 49.4,
    "position_along": 0.5,
    "protected_area_score": 0.0,
    "rank": 65,
    "river_name": null,
    "road_access_m": 119.1,
    "road_access_score": 1.0,
    "road_density_km_km2": 2.627,
    "robustness_pct": 0.0,
    "runoff_coeff_C": 0.0589,
    "seasonal_cv": 0.4906,
    "segment_id": 61,
    "segment_length_m": 728.4778,
    "stream_order": 1,
    "superfund_score": 0.0,
    "tourism_amenity_density": 0.0796,
    "tri_facility_density": 0.0,
    "usgs_mean_q_cfs": 2.201,
    "velocity_feasibility": 0.7,
    "water_intake_score": 0.0
   },
   "type": "Feature"
  },
  {
   "geometry": {
    "coordinates": [
     -81.640911,
     35.78921
    ],
    "type": "Point"
   },
   "properties": {
    "accumulation": 71736.0,
    "bank_slope_deg": 1.23,
    "bank_slope_score": 1.0,
    "beach_dist_km": 392.21,
    "bridge_proximity_bonus": 0.0,
    "catchment_area_km2": 7.1553,
    "channel_width_m": 7.06,
    "channel_width_score": 1.0,
    "composite_score": 29.4601,
    "cso_density": 0.0,
    "dem_lat": 35.789365,
    "dem_lon": -81.640695,
    "ej_index": 0.4327,
    "elevation_m": 302.3147,
    "estuary_dist_km": 513.16,
    "feasibility_score": 53.3333,
    "flood_q10_cfs": 819.42,
    "flow_score": 29.1549,
    "flow_velocity_ms": 0.5,
    "generation_score": 1.0765,
    "impact_score": 46.1612,
    "impervious_pct": null,
    "land_ownership": 0.5,
    "lat": 35.7894,
    "litter_complaint_density": 0.0,
    "lon": -81.6407,
    "npdes_points": 0,
    "pixel_col": 1557.0,
    "pixel_row": 251.0,
    "population_density": 36.7,
    "position_along": 0.8333,
    "protected_area_score": 0.0,
    "rank": 66,
    "river_name": "Lower Creek",
    "road_access_m": 1575.6,
    "road_access_score": 0.3,
    "road_density_km_km2": 0.571,
    "robustness_pct": 0.0,
    "runoff_coeff_C": null,
    "seasonal_cv": null,
    "segment_id": 1,
    "segment_length_m": 4516.9536,
    "snap_dist_m": 26.0,
    "stream_order": 1,
    "superfund_score": 0.0,
    "tourism_amenity_density": 0.0796,
    "tri_facility_density": 0.0,
    "usgs_mean_q_cfs": null,
    "velocity_feasibility": 1.0,
    "water_intake_score": 0.0
   },
   "type": "Feature"
  },
  {
   "geometry": {
    "coordinates": [
     -81.710567,
     35.789827
    ],
    "type": "Point"
   },
   "properties": {
    "accumulation": 121031.0,
    "bank_slope_deg": 6.26,
    "bank_slope_score": 1.0,
    "beach_dist_km": 397.93,
    "bridge_proximity_bonus": 0.0,
    "catchment_area_km2": 12.0721,
    "channel_width_m": 8.77,
    "channel_width_score": 1.0,
    "composite_score": 29.2562,
    "cso_density": 0.0,
    "dem_lat": 35.789828,
    "dem_lon": -81.710567,
    "ej_index": 0.253,
    "elevation_m": 304.7337,
    "estuary_dist_km": 519.41,
    "feasibility_score": 67.619,
    "flood_q10_cfs": 1135.32,
    "flow_score": 45.4679,
    "flow_velocity_ms": 0.5,
    "generation_score": 5.0884,
    "impact_score": 20.7328,
    "impervious_pct": null,
    "land_ownership": 0.5,
    "lat": 35.7898,
    "litter_complaint_density": 0.0,
    "lon": -81.7106,
    "npdes_points": 0,
    "pixel_col": 925.0,
    "pixel_row": 240.0,
    "population_density": 59.1,
    "position_along": 0.25,
    "protected_area_score": 0.0,
    "rank": 67,
    "river_name": "Warrior Fork",
    "road_access_m": 714.8,
    "road_access_score": 0.6,
    "road_density_km_km2": 2.148,
    "robustness_pct": 0.0,
    "runoff_coeff_C": null,
    "seasonal_cv": null,
    "segment_id": 6,
    "segment_length_m": 3251.4684,
    "snap_dist_m": 0.2,
    "stream_order": 3,
    "superfund_score": 0.0,
    "tourism_amenity_density": 0.1592,
    "tri_facility_density": 0.0,
    "usgs_mean_q_cfs": null,
    "velocity_feasibility": 1.0,
    "water_intake_score": 0.0
   },
   "type": "Feature"
  },
  {
   "geometry": {
    "coordinates": [
     -81.778574,
     35.690788
    ],
    "type": "Point"
   },
   "properties": {
    "accumulation": 94179.0,
    "bank_slope_deg": 4.73,
    "bank_slope_score": 1.0,
    "beach_dist_km": 399.02,
    "bridge_proximity_bonus": 0.0,
    "catchment_area_km2": 9.3938,
    "channel_width_m": 7.9,
    "channel_width_score": 1.0,
    "composite_score": 29.1242,
    "cso_density": 0.0,
    "dem_lat": 35.69086,
    "dem_lon": -81.778442,
    "ej_index": 0.3471,
    "elevation_m": 322.4829,
    "estuary_dist_km": 524.19,
    "feasibility_score": 65.7143,
    "flood_q10_cfs": 1011.25,
    "flow_score": 31.1026,
    "flow_velocity_ms": 0.0993,
    "generation_score": 20.8537,
    "impact_score": 17.451,
    "impervious_pct": 1.68,
    "land_ownership": 0.5,
    "lat": 35.6909,
    "litter_complaint_density": 0.0,
    "lon": -81.7784,
    "npdes_points": 2,
    "pixel_col": 301.0,
    "pixel_row": 1336.0,
    "population_density": 139.3,
    "position_along": 0.25,
    "protected_area_score": 0.0,
    "rank": 68,
    "river_name": "Silver Creek",
    "road_access_m": 347.5,
    "road_access_score": 0.8,
    "road_density_km_km2": 3.553,
    "robustness_pct": 0.0,
    "runoff_coeff_C": 0.0651,
    "seasonal_cv": 0.3571,
    "segment_id": 44,
    "segment_length_m": 3516.5198,
    "snap_dist_m": 14.3,
    "stream_order": 3,
    "superfund_score": 0.0,
    "tourism_amenity_density": 0.1592,
    "tri_facility_density": 0.0,
    "usgs_mean_q_cfs": 43.274,
    "velocity_feasibility": 0.7,
    "water_intake_score": 0.0
   },
   "type": "Feature"
  },
  {
   "geometry": {
    "coordinates": [
     -81.791724,
     35.683884
    ],
    "type": "Point"
   },
   "properties": {
    "accumulation": 35113.0,
    "bank_slope_deg": 11.42,
    "bank_slope_score": 1.0,
    "beach_dist_km": 399.83,
    "bridge_proximity_bonus": 0.0,
    "catchment_area_km2": 3.5023,
    "channel_width_m": 5.25,
    "channel_width_score": 1.0,
    "composite_score": 28.9825,
    "cso_density": 0.0,
    "dem_lat": 35.683913,
    "dem_lon": -81.791841,
    "ej_index": 0.3294,
    "elevation_m": 326.7727,
    "estuary_dist_km": 525.31,
    "feasibility_score": 77.1429,
    "flood_q10_cfs": 478.29,
    "flow_score": 40.9773,
    "flow_velocity_ms": 0.5,
    "generation_score": 9.987,
    "impact_score": 13.9021,
    "impervious_pct": null,
    "land_ownership": 0.5,
    "lat": 35.6839,
    "litter_complaint_density": 0.0,
    "lon": -81.7918,
    "npdes_points": 0,
    "pixel_col": 180.0,
    "pixel_row": 1408.0,
    "population_density": 136.4,
    "position_along": 0.5,
    "protected_area_score": 0.0,
    "rank": 69,
    "river_name": "Silver Creek",
    "road_access_m": 217.4,
    "road_access_score": 0.8,
    "road_density_km_km2": 2.82,
    "robustness_pct": 0.0,
    "runoff_coeff_C": null,
    "seasonal_cv": null,
    "segment_id": 43,
    "segment_length_m": 1863.0038,
    "snap_dist_m": 11.1,
    "stream_order": 3,
    "superfund_score": 0.0,
    "tourism_amenity_density": 0.1592,
    "tri_facility_density": 0.0,
    "usgs_mean_q_cfs": null,
    "velocity_feasibility": 1.0,
    "water_intake_score": 0.0
   },
   "type": "Feature"
  },
  {
   "geometry": {
    "coordinates": [
     -81.646762,
     35.789164
    ],
    "type": "Point"
   },
   "properties": {
    "accumulation": 55917.0,
    "bank_slope_deg": 4.82,
    "bank_slope_score": 1.0,
    "beach_dist_km": 392.68,
    "bridge_proximity_bonus": 0.0,
    "catchment_area_km2": 5.5774,
    "channel_width_m": 6.37,
    "channel_width_score": 1.0,
    "composite_score": 28.8963,
    "cso_density": 0.0,
    "dem_lat": 35.789568,
    "dem_lon": -81.646377,
    "ej_index": 0.4454,
    "elevation_m": 303.2656,
    "estuary_dist_km": 513.67,
    "feasibility_score": 53.3333,
    "flood_q10_cfs": 679.16,
    "flow_score": 28.2449,
    "flow_velocity_ms": 0.5,
    "generation_score": 0.5588,
    "impact_score": 45.558,
    "impervious_pct": null,
    "land_ownership": 0.5,
    "lat": 35.7896,
    "litter_complaint_density": 0.0,
    "lon": -81.6464,
    "npdes_points": 0,
    "pixel_col": 1506.0,
    "pixel_row": 245.0,
    "population_density": 25.7,
    "position_along": 0.5,
    "protected_area_score": 0.0,
    "rank": 70,
    "river_name": "Lower Creek",
    "road_access_m": 1328.5,
    "road_access_score": 0.3,
    "road_density_km_km2": 0.571,
    "robustness_pct": 0.0,
    "runoff_coeff_C": null,
    "seasonal_cv": null,
    "segment_id": 1,
    "segment_length_m": 4516.9536,
    "snap_dist_m": 56.7,
    "stream_order": 1,
    "superfund_score": 0.0,
    "tourism_amenity_density": 0.0796,
    "tri_facility_density": 0.0,
    "usgs_mean_q_cfs": null,
    "velocity_feasibility": 1.0,
    "water_intake_score": 0.0
   },
   "type": "Feature"
  },
  {
   "geometry": {
    "coordinates": [
     -81.638731,
     35.781909
    ],
    "type": "Point"
   },
   "properties": {
    "accumulation": 22275.0,
    "bank_slope_deg": 1.25,
    "bank_slope_score": 1.0,
    "beach_dist_km": 391.67,
    "bridge_proximity_bonus": 0.0,
    "catchment_area_km2": 2.2218,
    "channel_width_m": 4.35,
    "channel_width_score": 1.0,
    "composite_score": 28.8106,
    "cso_density": 0.0,
    "dem_lat": 35.781779,
    "dem_lon": -81.638466,
    "ej_index": 0.3969,
    "elevation_m": 302.1526,
    "estuary_dist_km": 512.85,
    "feasibility_score": 53.3333,
    "flood_q10_cfs": 339.42,
    "flow_score": 26.1307,
    "flow_velocity_ms": 0.5,
    "generation_score": 2.4184,
    "impact_score": 45.1748,
    "impervious_pct": null,
    "land_ownership": 0.5,
    "lat": 35.7818,
    "litter_complaint_density": 0.0,
    "lon": -81.6385,
    "npdes_points": 0,
    "pixel_col": 1576.0,
    "pixel_row": 331.0,
    "population_density": 67.6,
    "position_along": 0.5,
    "protected_area_score": 0.0,
    "rank": 71,
    "river_name": "Catawba River",
    "road_access_m": 1242.0,
    "road_access_score": 0.3,
    "road_density_km_km2": 0.511,
    "robustness_pct": 0.0,
    "runoff_coeff_C": null,
    "seasonal_cv": null,
    "segment_id": 9,
    "segment_length_m": 261.0868,
    "snap_dist_m": 27.9,
    "stream_order": 1,
    "superfund_score": 0.0,
    "tourism_amenity_density": 0.0,
    "tri_facility_density": 0.0,
    "usgs_mean_q_cfs": null,
    "velocity_feasibility": 1.0,
    "water_intake_score": 0.0
   },
   "type": "Feature"
  },
  {
   "geometry": {
    "coordinates": [
     -81.620313,
     35.671408
    ],
    "type": "Point"
   },
   "properties": {
    "accumulation": 20175.0,
    "bank_slope_deg": 6.01,
    "bank_slope_score": 1.0,
    "beach_dist_km": 385.06,
    "bridge_proximity_bonus": 0.0,
    "catchment_area_km2": 2.0123,
    "channel_width_m": 4.17,
    "channel_width_score": 1.0,
    "composite_score": 28.7494,
    "cso_density": 0.0,
    "ej_index": 0.3951,
    "elevation_m": 372.5887,
    "estuary_dist_km": 509.76,
    "feasibility_score": 65.7143,
    "flood_q10_cfs": 318.51,
    "flow_score": 4.2418,
    "flow_velocity_ms": 0.1587,
    "generation_score": 2.3053,
    "impact_score": 57.134,
    "impervious_pct": 0.63,
    "land_ownership": 0.5,
    "lat": 35.6714,
    "litter_complaint_density": 0.0,
    "lon": -81.6203,
    "npdes_points": 0,
    "pixel_col": 1732.0,
    "pixel_row": 1562.0,
    "population_density": 38.2,
    "position_along": 0.5,
    "protected_area_score": 0.0,
    "rank": 72,
    "river_name": "Henry Fork",
    "road_access_m": 320.1,
    "road_access_score": 0.8,
    "road_density_km_km2": 0.856,
    "robustness_pct": 0.0,
    "runoff_coeff_C": 0.0557,
    "seasonal_cv": 0.5106,
    "segment_id": 62,
    "segment_length_m": 106.4322,
    "stream_order": 1,
    "superfund_score": 0.0,
    "tourism_amenity_density": 0.0,
    "tri_facility_density": 0.0,
    "usgs_mean_q_cfs": 1.635,
    "velocity_feasibility": 0.7,
    "water_intake_score": 0.0
   },
   "type": "Feature"
  },
  {
   "geometry": {
    "coordinates": [
     -81.774007,
     35.742522
    ],
    "type": "Point"
   },
   "properties": {
    "accumulation": 22422.0,
    "bank_slope_deg": 4.77,
    "bank_slope_score": 1.0,
    "beach_dist_km": 400.96,
    "bridge_proximity_bonus": 0.0,
    "catchment_area_km2": 2.2365,
    "channel_width_m": 4.36,
    "channel_width_score": 1.0,
    "composite_score": 28.6267,
    "cso_density": 0.0,
    "ej_index": 0.4716,
    "elevation_m": 319.6937,
    "estuary_dist_km": 524.44,
    "feasibility_score": 75.2381,
    "flood_q10_cfs": 384.55,
    "flow_score": 21.35,
    "flow_velocity_ms": 0.1891,
    "generation_score": 18.2443,
    "impact_score": 21.7673,
    "impervious_pct": 6.85,
    "land_ownership": 0.5,
    "lat": 35.7425,
    "litter_complaint_density": 0.0,
    "lon": -81.774,
    "npdes_points": 0,
    "pixel_col": 347.0,
    "pixel_row": 762.0,
    "population_density": 140.5,
    "position_along": 0.5,
    "protected_area_score": 0.0,
    "rank": 73,
    "river_name": "Catawba River",
    "road_access_m": 23.5,
    "road_access_score": 1.0,
    "road_density_km_km2": 3.504,
    "robustness_pct": 0.0,
    "runoff_coeff_C": 0.1116,
    "seasonal_cv": 0.4762,
    "segment_id": 22,
    "segment_length_m": 1125.2486,
    "stream_order": 3,
    "superfund_score": 0.0,
    "tourism_amenity_density": 0.2387,
    "tri_facility_density": 0.0,
    "usgs_mean_q_cfs": 1.871,
    "velocity_feasibility": 0.7,
    "water_intake_score": 0.0
   },
   "type": "Feature"
  },
  {
   "geometry": {
    "coordinates": [
     -81.758457,
     35.700288
    ],
    "type": "Point"
   },
   "properties": {
    "accumulation": 81558.0,
    "bank_slope_deg": 6.31,
    "bank_slope_score": 1.0,
    "beach_dist_km": 397.76,
    "bridge_proximity_bonus": 0.0,
    "catchment_area_km2": 8.1349,
    "channel_width_m": 7.45,
    "channel_width_score": 1.0,
    "composite_score": 28.4449,
    "cso_density": 0.0,
    "dem_lat": 35.700301,
    "dem_lon": -81.758268,
    "ej_index": 0.3517,
    "elevation_m": 315.6386,
    "estuary_dist_km": 522.5,
    "feasibility_score": 65.7143,
    "flood_q10_cfs": 937.53,
    "flow_score": 29.1526,
    "flow_velocity_ms": 0.138,
    "generation_score": 16.2467,
    "impact_score": 21.4187,
    "impervious_pct": 1.97,
    "land_ownership": 0.5,
    "lat": 35.7003,
    "litter_complaint_density": 0.0,
    "lon": -81.7583,
    "npdes_points": 1,
    "pixel_col": 483.0,
    "pixel_row": 1229.0,
    "population_density": 131.3,
    "position_along": 0.5,
    "protected_area_score": 0.0,
    "rank": 74,
    "river_name": "Clear Creek",
    "road_access_m": 316.9,
    "road_access_score": 0.8,
    "road_density_km_km2": 3.195,
    "robustness_pct": 0.0,
    "runoff_coeff_C": 0.0677,
    "seasonal_cv": 0.3414,
    "segment_id": 41,
    "segment_length_m": 549.0021,
    "snap_dist_m": 17.1,
    "stream_order": 3,
    "superfund_score": 0.0,
    "tourism_amenity_density": 0.0,
    "tri_facility_density": 0.0,
    "usgs_mean_q_cfs": 26.575,
    "velocity_feasibility": 0.7,
    "water_intake_score": 0.0
   },
   "type": "Feature"
  },
  {
   "geometry": {
    "coordinates": [
     -81.770191,
     35.764857
    ],
    "type": "Point"
   },
   "properties": {
    "accumulation": 175010.0,
    "bank_slope_deg": 7.31,
    "bank_slope_score": 1.0,
    "beach_dist_km": 401.65,
    "bridge_proximity_bonus": 0.0,
    "catchment_area_km2": 17.4562,
    "channel_width_m": 10.22,
    "channel_width_score": 1.0,
    "composite_score": 27.4645,
    "cso_density": 0.0,
    "dem_lat": 35.764969,
    "dem_lon": -81.770086,
    "ej_index": 0.4568,
    "elevation_m": 325.083,
    "estuary_dist_km": 524.39,
    "feasibility_score": 65.7143,
    "flood_q10_cfs": 1426.12,
    "flow_score": 31.6351,
    "flow_velocity_ms": 0.1441,
    "generation_score": 12.2947,
    "impact_score": 20.034,
    "impervious_pct": 1.72,
    "land_ownership": 0.5,
    "lat": 35.765,
    "litter_complaint_density": 0.0,
    "lon": -81.7701,
    "npdes_points": 0,
    "pixel_col": 384.0,
    "pixel_row": 513.0,
    "population_density": 68.4,
    "position_along": 0.25,
    "protected_area_score": 0.0,
    "rank": 75,
    "river_name": "Canoe Creek",
    "road_access_m": 308.9,
    "road_access_score": 0.8,
    "road_density_km_km2": 1.744,
    "robustness_pct": 0.0,
    "runoff_coeff_C": 0.0655,
    "seasonal_cv": 0.3958,
    "segment_id": 8,
    "segment_length_m": 10144.1497,
    "snap_dist_m": 15.6,
    "stream_order": 3,
    "superfund_score": 0.0,
    "tourism_amenity_density": 0.0796,
    "tri_facility_density": 0.1719,
    "usgs_mean_q_cfs": 23.642,
    "velocity_feasibility": 0.7,
    "water_intake_score": 0.0
   },
   "type": "Feature"
  },
  {
   "geometry": {
    "coordinates": [
     -81.750425,
     35.691946
    ],
    "type": "Point"
   },
   "properties": {
    "accumulation": 38377.0,
    "bank_slope_deg": 1.61,
    "bank_slope_score": 1.0,
    "beach_dist_km": 396.75,
    "bridge_proximity_bonus": 0.0,
    "catchment_area_km2": 3.8279,
    "channel_width_m": 5.45,
    "channel_width_score": 1.0,
    "composite_score": 25.9414,
    "cso_density": 0.0,
    "ej_index": 0.2517,
    "elevation_m": 333.9008,
    "estuary_dist_km": 521.69,
    "feasibility_score": 75.2381,
    "flood_q10_cfs": 557.12,
    "flow_score": 20.7856,
    "flow_velocity_ms": 0.116,
    "generation_score": 13.1899,
    "impact_score": 18.341,
    "impervious_pct": 4.89,
    "land_ownership": 0.5,
    "lat": 35.6919,
    "litter_complaint_density": 0.0,
    "lon": -81.7504,
    "npdes_points": 0,
    "pixel_col": 552.0,
    "pixel_row": 1322.0,
    "population_density": 115.9,
    "position_along": 0.5,
    "protected_area_score": 0.0,
    "rank": 76,
    "river_name": "Clear Creek",
    "road_access_m": 127.5,
    "road_access_score": 1.0,
    "road_density_km_km2": 2.461,
    "robustness_pct": 0.0,
    "runoff_coeff_C": 0.094,
    "seasonal_cv": 0.4463,
    "segment_id": 40,
    "segment_length_m": 2183.8415,
    "stream_order": 3,
    "superfund_score": 0.0,
    "tourism_amenity_density": 0.0,
    "tri_facility_density": 0.0,
    "usgs_mean_q_cfs": 2.945,
    "velocity_feasibility": 0.7,
    "water_intake_score": 0.0
   },
   "type": "Feature"
  },
  {
   "geometry": {
    "coordinates": [
     -81.622757,
     35.790447
    ],
    "type": "Point"
   },
   "properties": {
    "accumulation": 25107.0,
    "bank_slope_deg": 0.0,
    "bank_slope_score": 1.0,
    "beach_dist_km": 390.79,
    "bridge_proximity_bonus": 0.0,
    "catchment_area_km2": 2.5043,
    "channel_width_m": 4.57,
    "channel_width_score": 1.0,
    "composite_score": 25.1048,
    "cso_density": 0.0,
    "dem_lat": 35.790496,
    "dem_lon": -81.622524,
    "ej_index": 0.4284,
    "elevation_m": 302.1183,
    "estuary_dist_km": 511.55,
    "feasibility_score": 50.4762,
    "flood_q10_cfs": 386.24,
    "flow_score": 4.0433,
    "flow_velocity_ms": 0.039,
    "generation_score": 5.2543,
    "impact_score": 49.8209,
    "impervious_pct": 2.23,
    "land_ownership": 0.5,
    "lat": 35.7905,
    "litter_complaint_density": 0.0,
    "lon": -81.6225,
    "npdes_points": 0,
    "pixel_col": 1719.0,
    "pixel_row": 239.0,
    "population_density": 46.8,
    "position_along": 0.5,
    "protected_area_score": 0.0,
    "rank": 77,
    "river_name": "Jumping Branch",
    "road_access_m": 339.0,
    "road_access_score": 0.8,
    "road_density_km_km2": 1.368,
    "robustness_pct": 0.0,
    "runoff_coeff_C": 0.0701,
    "seasonal_cv": 0.4257,
    "segment_id": 3,
    "segment_length_m": 2203.6942,
    "snap_dist_m": 21.7,
    "stream_order": 1,
    "superfund_score": 0.0,
    "tourism_amenity_density": 0.0,
    "tri_facility_density": 0.0,
    "usgs_mean_q_cfs": 3.126,
    "velocity_feasibility": 0.3,
    "water_intake_score": 0.0
   },
   "type": "Feature"
  },
  {
   "geometry": {
    "coordinates": [
     -81.804553,
     35.731067
    ],
    "type": "Point"
   },
   "properties": {
    "accumulation": 38786.0,
    "bank_slope_deg": 0.14,
    "bank_slope_score": 1.0,
    "beach_dist_km": 402.97,
    "bridge_proximity_bonus": 0.0,
    "catchment_area_km2": 3.8687,
    "channel_width_m": 5.47,
    "channel_width_score": 1.0,
    "composite_score": 24.5942,
    "cso_density": 0.0,
    "dem_lat": 35.731027,
    "dem_lon": -81.804721,
    "ej_index": 0.4535,
    "elevation_m": 316.1578,
    "estuary_dist_km": 527.05,
    "feasibility_score": 77.1429,
    "flood_q10_cfs": 515.53,
    "flow_score": 27.2087,
    "flow_velocity_ms": 0.5,
    "generation_score": 6.2346,
    "impact_score": 14.5007,
    "impervious_pct": null,
    "land_ownership": 0.5,
    "lat": 35.731,
    "litter_complaint_density": 0.0,
    "lon": -81.8047,
    "npdes_points": 0,
    "pixel_col": 66.0,
    "pixel_row": 884.0,
    "population_density": 117.8,
    "position_along": 0.5,
    "protected_area_score": 0.0,
    "rank": 78,
    "river_name": "Catawba River",
    "road_access_m": 461.9,
    "road_access_score": 0.8,
    "road_density_km_km2": 1.286,
    "robustness_pct": 0.0,
    "runoff_coeff_C": null,
    "seasonal_cv": null,
    "segment_id": 27,
    "segment_length_m": 2236.4948,
    "snap_dist_m": 15.8,
    "stream_order": 1,
    "superfund_score": 0.0,
    "tourism_amenity_density": 0.1592,
    "tri_facility_density": 0.0,
    "usgs_mean_q_cfs": null,
    "velocity_feasibility": 1.0,
    "water_intake_score": 0.0
   },
   "type": "Feature"
  },
  {
   "geometry": {
    "coordinates": [
     -81.793013,
     35.744404
    ],
    "type": "Point"
   },
   "properties": {
    "accumulation": 24901.0,
    "bank_slope_deg": 0.25,
    "bank_slope_score": 1.0,
    "beach_dist_km": 402.59,
    "bridge_proximity_bonus": 0.0,
    "catchment_area_km2": 2.4837,
    "channel_width_m": 4.55,
    "channel_width_score": 1.0,
    "composite_score": 24.5726,
    "cso_density": 0.0,
    "dem_lat": 35.74429,
    "dem_lon": -81.79292,
    "ej_index": 0.3826,
    "elevation_m": 311.8067,
    "estuary_dist_km": 526.16,
    "feasibility_score": 77.1429,
    "flood_q10_cfs": 369.16,
    "flow_score": 26.3096,
    "flow_velocity_ms": 0.5,
    "generation_score": 8.9982,
    "impact_score": 12.4142,
    "impervious_pct": null,
    "land_ownership": 0.5,
    "lat": 35.7443,
    "litter_complaint_density": 0.0,
    "lon": -81.7929,
    "npdes_points": 0,
    "pixel_col": 176.0,
    "pixel_row": 739.0,
    "population_density": 139.5,
    "position_along": 0.5,
    "protected_area_score": 0.0,
    "rank": 79,
    "river_name": "Catawba River",
    "road_access_m": 390.6,
    "road_access_score": 0.8,
    "road_density_km_km2": 2.215,
    "robustness_pct": 0.0,
    "runoff_coeff_C": null,
    "seasonal_cv": null,
    "segment_id": 21,
    "segment_length_m": 616.1952,
    "snap_dist_m": 15.2,
    "stream_order": 1,
    "superfund_score": 0.0,
    "tourism_amenity_density": 0.1592,
    "tri_facility_density": 0.0,
    "usgs_mean_q_cfs": null,
    "velocity_feasibility": 1.0,
    "water_intake_score": 0.0
   },
   "type": "Feature"
  },
  {
   "geometry": {
    "coordinates": [
     -81.758852,
     35.69135
    ],
    "type": "Point"
   },
   "properties": {
    "accumulation": 35476.0,
    "bank_slope_deg": 4.59,
    "bank_slope_score": 1.0,
    "beach_dist_km": 397.42,
    "bridge_proximity_bonus": 0.0,
    "catchment_area_km2": 3.5385,
    "channel_width_m": 5.27,
    "channel_width_score": 1.0,
    "composite_score": 24.2947,
    "cso_density": 0.0,
    "dem_lat": 35.69135,
    "dem_lon": -81.758845,
    "ej_index": 0.2435,
    "elevation_m": 319.0106,
    "estuary_dist_km": 522.44,
    "feasibility_score": 65.7143,
    "flood_q10_cfs": 495.61,
    "flow_score": 25.7665,
    "flow_velocity_ms": 0.1363,
    "generation_score": 10.6338,
    "impact_score": 16.0194,
    "impervious_pct": 1.59,
    "land_ownership": 0.5,
    "lat": 35.6914,
    "litter_complaint_density": 0.0,
    "lon": -81.7588,
    "npdes_points": 0,
    "pixel_col": 477.0,
    "pixel_row": 1328.0,
    "population_density": 116.5,
    "position_along": 0.5,
    "protected_area_score": 0.0,
    "rank": 80,
    "river_name": "Clear Creek",
    "road_access_m": 207.7,
    "road_access_score": 0.8,
    "road_density_km_km2": 2.825,
    "robustness_pct": 0.0,
    "runoff_coeff_C": 0.0643,
    "seasonal_cv": 0.3437,
    "segment_id": 39,
    "segment_length_m": 1584.6599,
    "snap_dist_m": 0.6,
    "stream_order": 3,
    "superfund_score": 0.0,
    "tourism_amenity_density": 0.0,
    "tri_facility_density": 0.0,
    "usgs_mean_q_cfs": 23.929,
    "velocity_feasibility": 0.7,
    "water_intake_score": 0.0
   },
   "type": "Feature"
  },
  {
   "geometry": {
    "coordinates": [
     -81.727731,
     35.789872
    ],
    "type": "Point"
   },
   "properties": {
    "accumulation": 38317.0,
    "bank_slope_deg": 4.51,
    "bank_slope_score": 1.0,
    "beach_dist_km": 399.34,
    "bridge_proximity_bonus": 0.0,
    "catchment_area_km2": 3.8219,
    "channel_width_m": 5.44,
    "channel_width_score": 1.0,
    "composite_score": 23.8734,
    "cso_density": 0.0,
    "ej_index": 0.4063,
    "elevation_m": 313.2805,
    "estuary_dist_km": 520.95,
    "feasibility_score": 56.1905,
    "flood_q10_cfs": 535.44,
    "flow_score": 21.5864,
    "flow_velocity_ms": 0.1456,
    "generation_score": 8.565,
    "impact_score": 24.9292,
    "impervious_pct": 2.69,
    "land_ownership": 0.5,
    "lat": 35.7899,
    "litter_complaint_density": 0.0,
    "lon": -81.7277,
    "npdes_points": 0,
    "pixel_col": 767.0,
    "pixel_row": 236.0,
    "population_density": 103.4,
    "position_along": 0.5,
    "protected_area_score": 0.0,
    "rank": 81,
    "river_name": "Warrior Fork",
    "road_access_m": 528.7,
    "road_access_score": 0.6,
    "road_density_km_km2": 1.47,
    "robustness_pct": 0.0,
    "runoff_coeff_C": 0.0742,
    "seasonal_cv": 0.422,
    "segment_id": 5,
    "segment_length_m": 2803.3421,
    "stream_order": 3,
    "superfund_score": 0.0,
    "tourism_amenity_density": 0.0,
    "tri_facility_density": 0.0,
    "usgs_mean_q_cfs": 3.423,
    "velocity_feasibility": 0.7,
    "water_intake_score": 0.0
   },
   "type": "Feature"
  },
  {
   "geometry": {
    "coordinates": [
     -81.784612,
     35.684967
    ],
    "type": "Point"
   },
   "properties": {
    "accumulation": 22424.0,
    "bank_slope_deg": 2.34,
    "bank_slope_score": 1.0,
    "beach_dist_km": 399.28,
    "bridge_proximity_bonus": 0.0,
    "catchment_area_km2": 2.2367,
    "channel_width_m": 4.36,
    "channel_width_score": 1.0,
    "composite_score": 23.7751,
    "cso_density": 0.0,
    "ej_index": 0.2955,
    "elevation_m": 327.0412,
    "estuary_dist_km": 524.68,
    "feasibility_score": 75.2381,
    "flood_q10_cfs": 359.65,
    "flow_score": 18.4392,
    "flow_velocity_ms": 0.1041,
    "generation_score": 12.6408,
    "impact_score": 13.6246,
    "impervious_pct": 3.02,
    "land_ownership": 0.5,
    "lat": 35.685,
    "litter_complaint_density": 0.0,
    "lon": -81.7846,
    "npdes_points": 0,
    "pixel_col": 244.0,
    "pixel_row": 1397.0,
    "population_density": 129.7,
    "position_along": 0.5,
    "protected_area_score": 0.0,
    "rank": 82,
    "river_name": "Silver Creek",
    "road_access_m": 173.9,
    "road_access_score": 1.0,
    "road_density_km_km2": 2.809,
    "robustness_pct": 0.0,
    "runoff_coeff_C": 0.0772,
    "seasonal_cv": 0.4705,
    "segment_id": 42,
    "segment_length_m": 480.8052,
    "stream_order": 3,
    "superfund_score": 0.0,
    "tourism_amenity_density": 0.1592,
    "tri_facility_density": 0.0,
    "usgs_mean_q_cfs": 2.517,
    "velocity_feasibility": 0.7,
    "water_intake_score": 0.0
   },
   "type": "Feature"
  },
  {
   "geometry": {
    "coordinates": [
     -81.793307,
     35.757405
    ],
    "type": "Point"
   },
   "properties": {
    "accumulation": 53199.0,
    "bank_slope_deg": 0.46,
    "bank_slope_score": 1.0,
    "beach_dist_km": 403.22,
    "bridge_proximity_bonus": 0.0,
    "catchment_area_km2": 5.3063,
    "channel_width_m": 6.24,
    "channel_width_score": 1.0,
    "composite_score": 22.2757,
    "cso_density": 0.0,
    "dem_lat": 35.757408,
    "dem_lon": -81.793309,
    "ej_index": 0.2295,
    "elevation_m": 311.5955,
    "estuary_dist_km": 526.37,
    "feasibility_score": 67.619,
    "flood_q10_cfs": 654.13,
    "flow_score": 42.0845,
    "flow_velocity_ms": 0.5,
    "generation_score": 2.5184,
    "impact_score": 2.8541,
    "impervious_pct": null,
    "land_ownership": 0.5,
    "lat": 35.7574,
    "litter_complaint_density": 0.0,
    "lon": -81.7933,
    "npdes_points": 0,
    "pixel_col": 173.0,
    "pixel_row": 594.0,
    "population_density": 50.4,
    "position_along": 0.5,
    "protected_area_score": 0.0,
    "rank": 83,
    "river_name": "Catawba River",
    "road_access_m": 520.8,
    "road_access_score": 0.6,
    "road_density_km_km2": 0.996,
    "robustness_pct": 0.0,
    "runoff_coeff_C": null,
    "seasonal_cv": null,
    "segment_id": 17,
    "segment_length_m": 156.3682,
    "snap_dist_m": 0.4,
    "stream_order": 3,
    "superfund_score": 0.0,
    "tourism_amenity_density": 0.0,
    "tri_facility_density": 0.0,
    "usgs_mean_q_cfs": null,
    "velocity_feasibility": 1.0,
    "water_intake_score": 0.0
   },
   "type": "Feature"
  },
  {
   "geometry": {
    "coordinates": [
     -81.776899,
     35.774449
    ],
    "type": "Point"
   },
   "properties": {
    "accumulation": 153748.0,
    "bank_slope_deg": 2.55,
    "bank_slope_score": 1.0,
    "beach_dist_km": 402.63,
    "bridge_proximity_bonus": 0.0,
    "catchment_area_km2": 15.3355,
    "channel_width_m": 9.69,
    "channel_width_score": 1.0,
    "composite_score": 21.5173,
    "cso_density": 0.0,
    "dem_lat": 35.774372,
    "dem_lon": -81.776749,
    "ej_index": 0.3558,
    "elevation_m": 328.735,
    "estuary_dist_km": 525.12,
    "feasibility_score": 56.1905,
    "flood_q10_cfs": 1327.39,
    "flow_score": 30.5435,
    "flow_velocity_ms": 0.1344,
    "generation_score": 5.8177,
    "impact_score": 12.3586,
    "impervious_pct": 1.72,
    "land_ownership": 0.5,
    "lat": 35.7744,
    "litter_complaint_density": 0.0,
    "lon": -81.7767,
    "npdes_points": 0,
    "pixel_col": 323.0,
    "pixel_row": 409.0,
    "population_density": 47.9,
    "position_along": 0.0833,
    "protected_area_score": 0.0,
    "rank": 84,
    "river_name": "Canoe Creek",
    "road_access_m": 785.2,
    "road_access_score": 0.6,
    "road_density_km_km2": 1.91,
    "robustness_pct": 0.0,
    "runoff_coeff_C": 0.0655,
    "seasonal_cv": 0.3958,
    "segment_id": 8,
    "segment_length_m": 10144.1497,
    "snap_dist_m": 16.0,
    "stream_order": 3,
    "superfund_score": 0.0,
    "tourism_amenity_density": 0.0796,
    "tri_facility_density": 0.0,
    "usgs_mean_q_cfs": 23.642,
    "velocity_feasibility": 0.7,
    "water_intake_score": 0.0
   },
   "type": "Feature"
  },
  {
   "geometry": {
    "coordinates": [
     -81.730014,
     35.805617
    ],
    "type": "Point"
   },
   "properties": {
    "accumulation": 23380.0,
    "bank_slope_deg": 12.21,
    "bank_slope_score": 1.0,
    "beach_dist_km": 400.26,
    "bridge_proximity_bonus": 0.0,
    "catchment_area_km2": 2.332,
    "channel_width_m": 4.43,
    "channel_width_score": 1.0,
    "composite_score": 21.4573,
    "cso_density": 0.0,
    "ej_index": 0.3042,
    "elevation_m": 329.5054,
    "estuary_dist_km": 521.38,
    "feasibility_score": 65.7143,
    "flood_q10_cfs": 359.44,
    "flow_score": 20.7461,
    "flow_velocity_ms": 0.2033,
    "generation_score": 3.6679,
    "impact_score": 17.711,
    "impervious_pct": 1.19,
    "land_ownership": 0.5,
    "lat": 35.8056,
    "litter_complaint_density": 0.0,
    "lon": -81.73,
    "npdes_points": 0,
    "pixel_col": 750.0,
    "pixel_row": 63.0,
    "population_density": 73.9,
    "position_along": 0.25,
    "protected_area_score": 0.0,
    "rank": 85,
    "river_name": "Warrior Fork",
    "road_access_m": 365.3,
    "road_access_score": 0.8,
    "road_density_km_km2": 0.391,
    "robustness_pct": 0.0,
    "runoff_coeff_C": 0.0607,
    "seasonal_cv": 0.4676,
    "segment_id": 2,
    "segment_length_m": 3708.1624,
    "stream_order": 3,
    "superfund_score": 0.0,
    "tourism_amenity_density": 0.0,
    "tri_facility_density": 0.0,
    "usgs_mean_q_cfs": 1.621,
    "velocity_feasibility": 0.7,
    "water_intake_score": 0.0
   },
   "type": "Feature"
  },
  {
   "geometry": {
    "coordinates": [
     -81.779666,
     35.785376
    ],
    "type": "Point"
   },
   "properties": {
    "accumulation": 114031.0,
    "bank_slope_deg": 6.64,
    "bank_slope_score": 1.0,
    "beach_dist_km": 403.38,
    "bridge_proximity_bonus": 0.0,
    "catchment_area_km2": 11.3739,
    "channel_width_m": 8.56,
    "channel_width_score": 1.0,
    "composite_score": 20.8616,
    "cso_density": 0.0,
    "dem_lat": 35.785341,
    "dem_lon": -81.779733,
    "ej_index": 0.3348,
    "elevation_m": 332.8653,
    "estuary_dist_km": 525.54,
    "feasibility_score": 65.7143,
    "flood_q10_cfs": 1114.37,
    "flow_score": 26.9907,
    "flow_velocity_ms": 0.1184,
    "generation_score": 4.5572,
    "impact_score": 9.632,
    "impervious_pct": 1.04,
    "land_ownership": 0.5,
    "lat": 35.7853,
    "litter_complaint_density": 0.0,
    "lon": -81.7797,
    "npdes_points": 0,
    "pixel_col": 299.0,
    "pixel_row": 287.0,
    "population_density": 41.2,
    "position_along": 0.75,
    "protected_area_score": 0.0,
    "rank": 86,
    "river_name": "Canoe Creek",
    "road_access_m": 329.3,
    "road_access_score": 0.8,
    "road_density_km_km2": 1.765,
    "robustness_pct": 0.0,
    "runoff_coeff_C": 0.0594,
    "seasonal_cv": 0.3984,
    "segment_id": 4,
    "segment_length_m": 3621.4107,
    "snap_dist_m": 7.2,
    "stream_order": 3,
    "superfund_score": 0.0,
    "tourism_amenity_density": 0.0,
    "tri_facility_density": 0.0,
    "usgs_mean_q_cfs": 15.748,
    "velocity_feasibility": 0.7,
    "water_intake_score": 0.0
   },
   "type": "Feature"
  },
  {
   "geometry": {
    "coordinates": [
     -81.754439,
     35.805498
    ],
    "type": "Point"
   },
   "properties": {
    "accumulation": 26064.0,
    "bank_slope_deg": 2.48,
    "bank_slope_score": 1.0,
    "beach_dist_km": 402.25,
    "bridge_proximity_bonus": 0.0,
    "catchment_area_km2": 2.5997,
    "channel_width_m": 4.64,
    "channel_width_score": 1.0,
    "composite_score": 19.5583,
    "cso_density": 0.0,
    "ej_index": 0.4259,
    "elevation_m": 325.2918,
    "estuary_dist_km": 523.56,
    "feasibility_score": 65.7143,
    "flood_q10_cfs": 400.71,
    "flow_score": 6.399,
    "flow_velocity_ms": 0.1394,
    "generation_score": 8.1927,
    "impact_score": 18.812,
    "impervious_pct": 2.72,
    "land_ownership": 0.5,
    "lat": 35.8055,
    "litter_complaint_density": 0.0,
    "lon": -81.7544,
    "npdes_points": 0,
    "pixel_col": 529.0,
    "pixel_row": 64.0,
    "population_density": 99.6,
    "position_along": 0.5,
    "protected_area_score": 0.0,
    "rank": 87,
    "river_name": null,
    "road_access_m": 387.6,
    "road_access_score": 0.8,
    "road_density_km_km2": 1.351,
    "robustness_pct": 0.0,
    "runoff_coeff_C": 0.0745,
    "seasonal_cv": 0.4354,
    "segment_id": 0,
    "segment_length_m": 2051.8786,
    "stream_order": 1,
    "superfund_score": 0.0,
    "tourism_amenity_density": 0.0,
    "tri_facility_density": 0.0,
    "usgs_mean_q_cfs": 3.738,
    "velocity_feasibility": 0.7,
    "water_intake_score": 0.0
   },
   "type": "Feature"
  },
  {
   "geometry": {
    "coordinates": [
     -81.775256,
     35.780246
    ],
    "type": "Point"
   },
   "properties": {
    "accumulation": 21645.0,
    "bank_slope_deg": 0.14,
    "bank_slope_score": 1.0,
    "beach_dist_km": 402.71,
    "bridge_proximity_bonus": 0.0,
    "catchment_area_km2": 2.159,
    "channel_width_m": 4.29,
    "channel_width_score": 1.0,
    "composite_score": 19.5027,
    "cso_density": 0.0,
    "dem_lat": 35.78034,
    "dem_lon": -81.77429,
    "ej_index": 0.3279,
    "elevation_m": 331.4264,
    "estuary_dist_km": 524.98,
    "feasibility_score": 65.7143,
    "flood_q10_cfs": 350.37,
    "flow_score": 17.9675,
    "flow_velocity_ms": 0.1048,
    "generation_score": 6.2142,
    "impact_score": 10.9646,
    "impervious_pct": 3.05,
    "land_ownership": 0.5,
    "lat": 35.7803,
    "litter_complaint_density": 0.0,
    "lon": -81.7743,
    "npdes_points": 0,
    "pixel_col": 343.0,
    "pixel_row": 342.0,
    "population_density": 41.3,
    "position_along": 0.5,
    "protected_area_score": 0.0,
    "rank": 88,
    "river_name": "Canoe Creek",
    "road_access_m": 329.6,
    "road_access_score": 0.8,
    "road_density_km_km2": 1.585,
    "robustness_pct": 0.0,
    "runoff_coeff_C": 0.0774,
    "seasonal_cv": 0.4837,
    "segment_id": 7,
    "segment_length_m": 258.6635,
    "snap_dist_m": 87.9,
    "stream_order": 3,
    "superfund_score": 0.0,
    "tourism_amenity_density": 0.0796,
    "tri_facility_density": 0.0,
    "usgs_mean_q_cfs": 1.415,
    "velocity_feasibility": 0.7,
    "water_intake_score": 0.0
   },
   "type": "Feature"
  },
  {
   "geometry": {
    "coordinates": [
     -81.796509,
     35.786947
    ],
    "type": "Point"
   },
   "properties": {
    "accumulation": 65088.0,
    "bank_slope_deg": 6.73,
    "bank_slope_score": 1.0,
    "beach_dist_km": 404.84,
    "bridge_proximity_bonus": 0.0,
    "catchment_area_km2": 6.4922,
    "channel_width_m": 6.78,
    "channel_width_score": 1.0,
    "composite_score": 18.5237,
    "cso_density": 0.0,
    "dem_lat": 35.786986,
    "dem_lon": -81.796491,
    "ej_index": 0.3272,
    "elevation_m": 337.8284,
    "estuary_dist_km": 527.06,
    "feasibility_score": 65.7143,
    "flood_q10_cfs": 772.66,
    "flow_score": 24.3896,
    "flow_velocity_ms": 0.1335,
    "generation_score": 3.2625,
    "impact_score": 5.3014,
    "impervious_pct": 0.83,
    "land_ownership": 0.5,
    "lat": 35.787,
    "litter_complaint_density": 0.0,
    "lon": -81.7965,
    "npdes_points": 0,
    "pixel_col": 147.0,
    "pixel_row": 267.0,
    "population_density": 41.3,
    "position_along": 0.25,
    "protected_area_score": 0.0,
    "rank": 89,
    "river_name": "Canoe Creek",
    "road_access_m": 324.9,
    "road_access_score": 0.8,
    "road_density_km_km2": 1.183,
    "robustness_pct": 0.0,
    "runoff_coeff_C": 0.0575,
    "seasonal_cv": 0.4016,
    "segment_id": 4,
    "segment_length_m": 3621.4107,
    "snap_dist_m": 4.6,
    "stream_order": 3,
    "superfund_score": 0.0,
    "tourism_amenity_density": 0.0,
    "tri_facility_density": 0.0,
    "usgs_mean_q_cfs": 12.893,
    "velocity_feasibility": 0.7,
    "water_intake_score": 0.0
   },
   "type": "Feature"
  },
  {
   "geometry": {
    "coordinates": [
     -81.794271,
     35.75688
    ],
    "type": "Point"
   },
   "properties": {
    "accumulation": 20309.0,
    "bank_slope_deg": 5.52,
    "bank_slope_score": 1.0,
    "beach_dist_km": 403.4,
    "bridge_proximity_bonus": 0.0,
    "catchment_area_km2": 2.0257,
    "channel_width_m": 4.18,
    "channel_width_score": 1.0,
    "composite_score": 16.7128,
    "cso_density": 0.0,
    "dem_lat": 35.75784,
    "dem_lon": -81.79523,
    "ej_index": 0.2345,
    "elevation_m": 313.5307,
    "estuary_dist_km": 526.55,
    "feasibility_score": 65.7143,
    "flood_q10_cfs": 327.75,
    "flow_score": 18.4418,
    "flow_velocity_ms": 0.1433,
    "generation_score": 4.8308,
    "impact_score": 2.6534,
    "impervious_pct": 1.98,
    "land_ownership": 0.5,
    "lat": 35.7578,
    "litter_complaint_density": 0.0,
    "lon": -81.7952,
    "npdes_points": 0,
    "pixel_col": 156.0,
    "pixel_row": 591.0,
    "population_density": 53.3,
    "position_along": 0.5,
    "protected_area_score": 0.0,
    "rank": 90,
    "river_name": "Catawba River",
    "road_access_m": 385.3,
    "road_access_score": 0.8,
    "road_density_km_km2": 1.111,
    "robustness_pct": 0.0,
    "runoff_coeff_C": 0.0678,
    "seasonal_cv": 0.4917,
    "segment_id": 14,
    "segment_length_m": 287.6213,
    "snap_dist_m": 137.3,
    "stream_order": 3,
    "superfund_score": 0.0,
    "tourism_amenity_density": 0.0,
    "tri_facility_density": 0.0,
    "usgs_mean_q_cfs": 1.334,
    "velocity_feasibility": 0.7,
    "water_intake_score": 0.0
   },
   "type": "Feature"
  },
  {
   "geometry": {
    "coordinates": [
     -81.795091,
     35.756095
    ],
    "type": "Point"
   },
   "properties": {
    "accumulation": 20338.0,
    "bank_slope_deg": 7.01,
    "bank_slope_score": 1.0,
    "beach_dist_km": 403.37,
    "bridge_proximity_bonus": 0.0,
    "catchment_area_km2": 2.0286,
    "channel_width_m": 4.18,
    "channel_width_score": 1.0,
    "composite_score": 16.5925,
    "cso_density": 0.0,
    "dem_lat": 35.756428,
    "dem_lon": -81.795632,
    "ej_index": 0.2444,
    "elevation_m": 312.4092,
    "estuary_dist_km": 526.56,
    "feasibility_score": 65.7143,
    "flood_q10_cfs": 323.09,
    "flow_score": 18.0268,
    "flow_velocity_ms": 0.1191,
    "generation_score": 4.2194,
    "impact_score": 3.2093,
    "impervious_pct": 1.1,
    "land_ownership": 0.5,
    "lat": 35.7564,
    "litter_complaint_density": 0.0,
    "lon": -81.7956,
    "npdes_points": 0,
    "pixel_col": 152.0,
    "pixel_row": 605.0,
    "population_density": 59.1,
    "position_along": 0.5,
    "protected_area_score": 0.0,
    "rank": 91,
    "river_name": "Catawba River",
    "road_access_m": 289.1,
    "road_access_score": 0.8,
    "road_density_km_km2": 1.104,
    "robustness_pct": 0.0,
    "runoff_coeff_C": 0.0599,
    "seasonal_cv": 0.4768,
    "segment_id": 16,
    "segment_length_m": 394.0535,
    "snap_dist_m": 61.3,
    "stream_order": 3,
    "superfund_score": 0.0,
    "tourism_amenity_density": 0.0,
    "tri_facility_density": 0.0,
    "usgs_mean_q_cfs": 1.972,
    "velocity_feasibility": 0.7,
    "water_intake_score": 0.0
   },
   "type": "Feature"
  }
 ],
 "note": "GRIME region 'Morganton, NC' \u2014 real-data pipeline (DEM\u2192streams\u2192candidates\u2192region-appropriate real parameters\u2192shipped scoring, math unchanged). Width curve: Bieger et al. 2015 JAWRA Table 3, Appalachian Highlands. Flood: SIR 2014-5030 HR1. NC Piedmont (DEQ physiography polygon); merged nearby towns: Glen Alpine",
 "provenance": {
  "candidates_pre_gate": 91,
  "constant": [
   "bank_slope_score",
   "cso_density",
   "land_ownership",
   "litter_complaint_density",
   "protected_area_score",
   "superfund_score",
   "water_intake_score"
  ],
  "hard_gate_removed": 0,
  "n_parameters": 27,
  "parameters": {
   "bank_slope_score": {
    "kind": "real",
    "n_real": 91,
    "n_sites": 91,
    "source": "region DEM gradient (3x3)"
   },
   "beach_dist_km": {
    "kind": "real",
    "n_real": 91,
    "n_sites": 91,
    "source": "haversine to region ref: Wrightsville Beach (shipped NC reference)"
   },
   "bridge_proximity_bonus": {
    "kind": "real",
    "n_real": 91,
    "n_sites": 91,
    "source": "FHWA/BTS NBI (NTAD), 50 m proximity"
   },
   "catchment_area_km2": {
    "kind": "real",
    "n_real": 91,
    "n_sites": 91,
    "source": "DEM flow accumulation (pipeline)"
   },
   "channel_width_score": {
    "kind": "real",
    "n_real": 91,
    "n_sites": 91,
    "source": "Bieger 2015 AHI width curve on DEM drainage area \u2192 shipped width curve"
   },
   "cso_density": {
    "kind": "real",
    "n_real": 91,
    "n_sites": 91,
    "source": "EPA ECHO CSO inventory (national bulk), Cauchy proximity"
   },
   "ej_index": {
    "kind": "real",
    "n_real": 91,
    "n_sites": 91,
    "source": "Census ACS C17002+B03002 two-component demographic index, percentile-ranked within region"
   },
   "estuary_dist_km": {
    "kind": "real",
    "n_real": 91,
    "n_sites": 91,
    "source": "haversine to region ref: Pamlico Sound (shipped NC reference)"
   },
   "flood_q10_cfs": {
    "kind": "real",
    "n_real": 91,
    "n_sites": 91,
    "source": "USGS SIR 2014-5030 Table 7 HR1 (NC Piedmont only)"
   },
   "flow_velocity_ms": {
    "kind": "real",
    "n_real": 73,
    "n_sites": 91,
    "source": "Manning (region DEM/D8) blended with EROM continuity (shipped M4 logic)"
   },
   "impervious_pct": {
    "kind": "real",
    "n_real": 73,
    "n_sites": 91,
    "source": "EPA StreamCat pctimp2019 (per NHDPlus watershed)"
   },
   "land_ownership": {
    "kind": "fallback",
    "n_real": 0,
    "n_sites": 91,
    "source": "no parcel integration for this region (Durham only) \u2014 unknown 0.5"
   },
   "litter_complaint_density": {
    "kind": "fallback",
    "n_real": 0,
    "n_sites": 91,
    "source": "no machine-readable 311/litter source for this region"
   },
   "npdes_points": {
    "kind": "real",
    "n_real": 91,
    "n_sites": 91,
    "source": "EPA ECHO NPDES outfalls (national bulk), per catchment"
   },
   "population_density": {
    "kind": "real",
    "n_real": 91,
    "n_sites": 91,
    "source": "Census ACS 2022 B01003 block groups (bbox, multi-county), area-weighted"
   },
   "protected_area_score": {
    "kind": "fallback",
    "n_real": 0,
    "n_sites": 91,
    "source": "PAD-US services unreachable; OSM proxy saturates \u2014 documented fallback"
   },
   "road_access_score": {
    "kind": "real",
    "n_real": 91,
    "n_sites": 91,
    "source": "OSM drive network nearest-node distance"
   },
   "road_density_km_km2": {
    "kind": "real",
    "n_real": 91,
    "n_sites": 91,
    "source": "OSM drive network (osmnx, cached) clipped per catchment"
   },
   "runoff_coeff_C": {
    "kind": "real",
    "n_real": 73,
    "n_sites": 91,
    "source": "derived from real impervious_pct (C=0.05+0.009*I)"
   },
   "seasonal_cv": {
    "kind": "real",
    "n_real": 73,
    "n_sites": 91,
    "source": "CV of NHDPlus EROM monthly flows per COMID"
   },
   "stream_order": {
    "kind": "real",
    "n_real": 91,
    "n_sites": 91,
    "source": "DEM stream-network confluence heuristic (pipeline)"
   },
   "superfund_score": {
    "kind": "fallback",
    "n_real": 0,
    "n_sites": 91,
    "source": "not wired (low weight; roadmap)"
   },
   "tourism_amenity_density": {
    "kind": "real",
    "n_real": 91,
    "n_sites": 91,
    "source": "OSM leisure/tourism features per 2 km radius"
   },
   "tri_facility_density": {
    "kind": "real",
    "n_real": 91,
    "n_sites": 91,
    "source": "EPA Envirofacts TRI state=NC (sign-fixed), per catchment"
   },
   "usgs_mean_q_cfs": {
    "kind": "real",
    "n_real": 73,
    "n_sites": 91,
    "source": "NHDPlus EROM qe_ma per COMID (snap-guarded)"
   },
   "velocity_feasibility": {
    "kind": "real",
    "n_real": 73,
    "n_sites": 91,
    "source": "shipped step curve on the computed velocity"
   },
   "water_intake_score": {
    "kind": "fallback",
    "n_real": 0,
    "n_sites": 91,
    "source": "no public surface-intake point layer (NC OneMap is wells-only and NC-only)"
   }
  },
  "varying": [
   "beach_dist_km",
   "bridge_proximity_bonus",
   "catchment_area_km2",
   "channel_width_score",
   "ej_index",
   "estuary_dist_km",
   "flood_q10_cfs",
   "flow_velocity_ms",
   "impervious_pct",
   "npdes_points",
   "population_density",
   "road_access_score",
   "road_density_km_km2",
   "runoff_coeff_C",
   "seasonal_cv",
   "stream_order",
   "tourism_amenity_density",
   "tri_facility_density",
   "usgs_mean_q_cfs",
   "velocity_feasibility"
  ]
 },
 "region": {
  "bbox": [
   -81.8114,
   35.6709,
   -81.6141,
   35.8108
  ],
  "beach_ref": {
   "label": "Wrightsville Beach (shipped NC reference)",
   "lat": 34.21,
   "lon": -77.79
  },
  "center": [
   -81.700292,
   35.740848
  ],
  "estuary_ref": {
   "label": "Pamlico Sound (shipped NC reference)",
   "lat": 35.05,
   "lon": -76.05
  },
  "flood_method": "sir2014_hr1",
  "name": "Morganton, NC",
  "notes": "NC Piedmont (DEQ physiography polygon); merged nearby towns: Glen Alpine",
  "slug": "morganton",
  "state": "NC",
  "utm_epsg": 32617,
  "width_curve": {
   "a": 3.12,
   "b": 0.415,
   "code": "AHI",
   "source": "Bieger et al. 2015 JAWRA Table 3, Appalachian Highlands"
  }
 },
 "streams": {
  "features": [
   {
    "geometry": {
     "coordinates": [
      [
       [
        -81.71771,
        35.703173
       ],
       [
        -81.717447,
        35.703646
       ],
       [
        -81.717,
        35.704069
       ],
       [
        -81.71606,
        35.705607
       ],
       [
        -81.716061,
        35.705949
       ],
       [
        -81.716419,
        35.706754
       ],
       [
        -81.716556,
        35.707294
       ],
       [
        -81.717078,
        35.708471
       ],
       [
        -81.717316,
        35.708796
       ],
       [
        -81.717858,
        35.70932
       ],
       [
        -81.718548,
        35.709819
       ],
       [
        -81.719207,
        35.710722
       ],
       [
        -81.719969,
        35.711455
       ],
       [
        -81.721801,
        35.71422
       ],
       [
        -81.722975,
        35.716257
       ],
       [
        -81.723567,
        35.717047
       ],
       [
        -81.723812,
        35.718139
       ],
       [
        -81.724751,
        35.719851
       ],
       [
        -81.725356,
        35.720782
       ],
       [
        -81.72561,
        35.72158
       ],
       [
        -81.72561,
        35.722048
       ],
       [
        -81.725504,
        35.722347
       ],
       [
        -81.724039,
        35.724782
       ],
       [
        -81.722279,
        35.728176
       ],
       [
        -81.722,
        35.728563
       ]
      ],
      [
       [
        -81.71702,
        35.67487
       ],
       [
        -81.716001,
        35.675013
       ],
       [
        -81.71517,
        35.675719
       ],
       [
        -81.71486,
        35.675753
       ],
       [
        -81.714506,
        35.675578
       ],
       [
        -81.713762,
        35.675749
       ],
       [
        -81.712496,
        35.675651
       ],
       [
        -81.71201,
        35.675783
       ],
       [
        -81.711371,
        35.675833
       ],
       [
        -81.711262,
        35.675949
       ],
       [
        -81.711243,
        35.676644
       ],
       [
        -81.711058,
        35.677483
       ],
       [
        -81.711226,
        35.677923
       ],
       [
        -81.711187,
        35.67827
       ],
       [
        -81.711491,
        35.67916
       ],
       [
        -81.711397,
        35.67967
       ],
       [
        -81.711525,
        35.68026
       ],
       [
        -81.711873,
        35.681767
       ],
       [
        -81.712148,
        35.682305
       ],
       [
        -81.712203,
        35.682603
       ],
       [
        -81.713298,
        35.684032
       ],
       [
        -81.713789,
        35.683975
       ],
       [
        -81.714307,
        35.683797
       ],
       [
        -81.714671,
        35.683796
       ],
       [
        -81.714796,
        35.683878
       ],
       [
        -81.71491,
        35.684155
       ],
       [
        -81.715483,
        35.684546
       ],
       [
        -81.715256,
        35.685192
       ],
       [
        -81.715345,
        35.686065
       ],
       [
        -81.715252,
        35.686485
       ],
       [
        -81.715067,
        35.686617
       ],
       [
        -81.714126,
        35.68694
       ],
       [
        -81.713668,
        35.687018
       ],
       [
        -81.713074,
        35.687372
       ],
       [
        -81.712792,
        35.687819
       ],
       [
        -81.712568,
        35.687924
       ],
       [
        -81.712381,
        35.688132
       ],
       [
        -81.712368,
        35.688299
       ],
       [
        -81.71268,
        35.688877
       ],
       [
        -81.712356,
        35.689234
       ],
       [
        -81.712684,
        35.689328
       ],
       [
        -81.712727,
        35.689401
       ],
       [
        -81.712442,
        35.689661
       ],
       [
        -81.712513,
        35.68973
       ],
       [
        -81.712715,
        35.689684
       ],
       [
        -81.712808,
        35.689751
       ],
       [
        -81.712665,
        35.689933
       ],
       [
        -81.71269,
        35.690012
       ],
       [
        -81.712878,
        35.690264
       ],
       [
        -81.713052,
        35.690293
       ],
       [
        -81.712913,
        35.690545
       ],
       [
        -81.713397,
        35.690649
       ],
       [
        -81.713202,
        35.690894
       ],
       [
        -81.713219,
        35.690991
       ],
       [
        -81.713285,
        35.691086
       ],
       [
        -81.713529,
        35.691122
       ],
       [
        -81.713581,
        35.69121
       ],
       [
        -81.713591,
        35.691308
       ],
       [
        -81.71344,
        35.69148
       ],
       [
        -81.713888,
        35.692465
       ],
       [
        -81.713908,
        35.692681
       ],
       [
        -81.71404,
        35.692831
       ],
       [
        -81.713983,
        35.693159
       ],
       [
        -81.714055,
        35.693315
       ],
       [
        -81.715194,
        35.694706
       ],
       [
        -81.715412,
        35.695128
       ],
       [
        -81.716447,
        35.69649
       ],
       [
        -81.716483,
        35.69678
       ],
       [
        -81.716131,
        35.697517
       ],
       [
        -81.716149,
        35.698045
       ],
       [
        -81.71693,
        35.699449
       ],
       [
        -81.716875,
        35.699728
       ],
       [
        -81.716576,
        35.700115
       ],
       [
        -81.71658,
        35.700317
       ],
       [
        -81.716758,
        35.700561
       ],
       [
        -81.717047,
        35.700626
       ],
       [
        -81.716832,
        35.700982
       ],
       [
        -81.717163,
        35.701162
       ],
       [
        -81.71704,
        35.701418
       ],
       [
        -81.717378,
        35.701575
       ],
       [
        -81.7173,
        35.701801
       ],
       [
        -81.717552,
        35.701971
       ],
       [
        -81.717473,
        35.702227
       ],
       [
        -81.717761,
        35.702327
       ],
       [
        -81.717675,
        35.702577
       ],
       [
        -81.717902,
        35.702903
       ],
       [
        -81.717826,
        35.703069
       ]
      ],
      [
       [
        -81.712822,
        35.65034
       ],
       [
        -81.713333,
        35.651058
       ],
       [
        -81.713874,
        35.651551
       ],
       [
        -81.714429,
        35.651876
       ],
       [
        -81.714846,
        35.652682
       ],
       [
        -81.715319,
        35.653029
       ],
       [
        -81.71607,
        35.654082
       ],
       [
        -81.716387,
        35.655148
       ],
       [
        -81.716606,
        35.655434
       ],
       [
        -81.716501,
        35.65602
       ],
       [
        -81.716532,
        35.656326
       ],
       [
        -81.71689,
        35.657275
       ],
       [
        -81.716959,
        35.657703
       ],
       [
        -81.717426,
        35.658717
       ],
       [
        -81.717536,
        35.659177
       ],
       [
        -81.717583,
        35.659569
       ],
       [
        -81.717465,
        35.6598
       ],
       [
        -81.716928,
        35.660431
       ],
       [
        -81.716361,
        35.66073
       ],
       [
        -81.715896,
        35.661475
       ],
       [
        -81.715984,
        35.662214
       ],
       [
        -81.716618,
        35.663714
       ],
       [
        -81.71586,
        35.664902
       ],
       [
        -81.716063,
        35.665643
       ],
       [
        -81.716194,
        35.665825
       ],
       [
        -81.717591,
        35.66664
       ],
       [
        -81.717704,
        35.666799
       ],
       [
        -81.718325,
        35.668841
       ],
       [
        -81.718799,
        35.669233
       ],
       [
        -81.718724,
        35.670053
       ],
       [
        -81.718564,
        35.670362
       ],
       [
        -81.718637,
        35.670699
       ],
       [
        -81.718331,
        35.671271
       ],
       [
        -81.718235,
        35.671734
       ],
       [
        -81.717824,
        35.672227
       ],
       [
        -81.717866,
        35.672738
       ],
       [
        -81.718021,
        35.672846
       ],
       [
        -81.717829,
        35.673015
       ],
       [
        -81.717902,
        35.673173
       ],
       [
        -81.717846,
        35.673426
       ],
       [
        -81.717972,
        35.673654
       ],
       [
        -81.717478,
        35.674524
       ],
       [
        -81.717092,
        35.67485
       ]
      ]
     ],
     "type": "MultiLineString"
    },
    "properties": {
     "length_km": 10.58,
     "n_sites": 6,
     "name": "Bailey Fork",
     "order": 2,
     "riverKey": "bailey fork",
     "source": "osm",
     "waterway": "stream"
    },
    "type": "Feature"
   },
   {
    "geometry": {
     "coordinates": [
      [
       [
        -81.832993,
        35.792169
       ],
       [
        -81.832595,
        35.792048
       ],
       [
        -81.832157,
        35.792031
       ],
       [
        -81.832035,
        35.791856
       ],
       [
        -81.831577,
        35.791648
       ],
       [
        -81.831374,
        35.791647
       ],
       [
        -81.831354,
        35.791482
       ],
       [
        -81.830983,
        35.791515
       ],
       [
        -81.830787,
        35.791317
       ],
       [
        -81.830531,
        35.791289
       ],
       [
        -81.830363,
        35.791394
       ],
       [
        -81.830059,
        35.791196
       ],
       [
        -81.829917,
        35.791355
       ],
       [
        -81.829728,
        35.7913
       ],
       [
        -81.829654,
        35.791185
       ],
       [
        -81.829175,
        35.791136
       ],
       [
        -81.829121,
        35.791312
       ],
       [
        -81.828676,
        35.791725
       ],
       [
        -81.82844,
        35.792198
       ],
       [
        -81.827752,
        35.792895
       ],
       [
        -81.827732,
        35.793022
       ],
       [
        -81.828049,
        35.793121
       ],
       [
        -81.827994,
        35.793451
       ],
       [
        -81.828083,
        35.793758
       ],
       [
        -81.828015,
        35.793984
       ],
       [
        -81.827658,
        35.794138
       ],
       [
        -81.826679,
        35.794281
       ],
       [
        -81.825755,
        35.795001
       ],
       [
        -81.825357,
        35.795116
       ],
       [
        -81.824905,
        35.795061
       ],
       [
        -81.823867,
        35.794479
       ],
       [
        -81.823239,
        35.794254
       ],
       [
        -81.822355,
        35.794199
       ],
       [
        -81.822147,
        35.79402
       ],
       [
        -81.821944,
        35.79406
       ],
       [
        -81.821798,
        35.793976
       ],
       [
        -81.821247,
        35.793898
       ],
       [
        -81.820825,
        35.794044
       ],
       [
        -81.820534,
        35.79377
       ],
       [
        -81.82034,
        35.793786
       ],
       [
        -81.820189,
        35.793682
       ],
       [
        -81.820222,
        35.793538
       ],
       [
        -81.819948,
        35.7933
       ],
       [
        -81.819613,
        35.793319
       ],
       [
        -81.819475,
        35.79326
       ],
       [
        -81.819492,
        35.793076
       ],
       [
        -81.819429,
        35.793014
       ],
       [
        -81.819294,
        35.793059
       ],
       [
        -81.819179,
        35.79279
       ],
       [
        -81.818962,
        35.792875
       ],
       [
        -81.818844,
        35.792754
       ],
       [
        -81.818725,
        35.792792
       ],
       [
        -81.8186,
        35.792676
       ],
       [
        -81.818428,
        35.792803
       ],
       [
        -81.818334,
        35.792786
       ],
       [
        -81.818395,
        35.792673
       ],
       [
        -81.818297,
        35.79255
       ],
       [
        -81.817751,
        35.792676
       ],
       [
        -81.817735,
        35.792775
       ],
       [
        -81.817634,
        35.792787
       ],
       [
        -81.817349,
        35.792641
       ],
       [
        -81.817236,
        35.792675
       ],
       [
        -81.817268,
        35.79281
       ],
       [
        -81.817189,
        35.79286
       ],
       [
        -81.816947,
        35.792755
       ],
       [
        -81.816836,
        35.792945
       ],
       [
        -81.816675,
        35.792831
       ],
       [
        -81.816499,
        35.792896
       ],
       [
        -81.816334,
        35.79311
       ],
       [
        -81.816057,
        35.79311
       ],
       [
        -81.815911,
        35.793271
       ],
       [
        -81.815164,
        35.793458
       ],
       [
        -81.815088,
        35.793604
       ],
       [
        -81.814869,
        35.793566
       ],
       [
        -81.814679,
        35.793705
       ],
       [
        -81.814244,
        35.793724
       ],
       [
        -81.813992,
        35.793825
       ],
       [
        -81.813772,
        35.793745
       ],
       [
        -81.813597,
        35.793918
       ],
       [
        -81.813013,
        35.794064
       ],
       [
        -81.812912,
        35.794271
       ],
       [
        -81.812709,
        35.794381
       ],
       [
        -81.812484,
        35.794409
       ],
       [
        -81.812259,
        35.794808
       ],
       [
        -81.811933,
        35.794841
       ],
       [
        -81.811564,
        35.79505
       ],
       [
        -81.811484,
        35.795426
       ],
       [
        -81.811102,
        35.795628
       ],
       [
        -81.811272,
        35.795749
       ],
       [
        -81.811214,
        35.796009
       ],
       [
        -81.811051,
        35.796231
       ],
       [
        -81.811143,
        35.796809
       ],
       [
        -81.810489,
        35.796964
       ],
       [
        -81.809992,
        35.796955
       ],
       [
        -81.8096,
        35.797275
       ],
       [
        -81.809285,
        35.797301
       ],
       [
        -81.809122,
        35.797437
       ],
       [
        -81.808748,
        35.797384
       ],
       [
        -81.808267,
        35.797119
       ],
       [
        -81.808001,
        35.797172
       ],
       [
        -81.807707,
        35.797106
       ],
       [
        -81.807538,
        35.797137
       ],
       [
        -81.807626,
        35.7973
       ],
       [
        -81.807099,
        35.797347
       ],
       [
        -81.806849,
        35.797537
       ],
       [
        -81.806505,
        35.797478
       ],
       [
        -81.806135,
        35.797634
       ],
       [
        -81.805696,
        35.797533
       ],
       [
        -81.805252,
        35.797044
       ],
       [
        -81.80485,
        35.797034
       ],
       [
        -81.803847,
        35.796843
       ],
       [
        -81.803529,
        35.796874
       ],
       [
        -81.803467,
        35.79667
       ],
       [
        -81.802376,
        35.795881
       ],
       [
        -81.802059,
        35.795786
       ],
       [
        -81.80193,
        35.795646
       ],
       [
        -81.802114,
        35.795593
       ],
       [
        -81.801982,
        35.795439
       ],
       [
        -81.801744,
        35.795486
       ],
       [
        -81.801775,
        35.795316
       ],
       [
        -81.801672,
        35.79526
       ],
       [
        -81.801504,
        35.795304
       ],
       [
        -81.801425,
        35.795112
       ],
       [
        -81.800891,
        35.794839
       ],
       [
        -81.800672,
        35.794569
       ],
       [
        -81.79923,
        35.793512
       ],
       [
        -81.798962,
        35.793386
       ],
       [
        -81.798851,
        35.793128
       ],
       [
        -81.798659,
        35.79309
       ]
      ],
      [
       [
        -81.798345,
        35.793053
       ],
       [
        -81.797955,
        35.793019
       ],
       [
        -81.797479,
        35.792716
       ],
       [
        -81.79719,
        35.792249
       ],
       [
        -81.797284,
        35.791618
       ],
       [
        -81.797508,
        35.791145
       ],
       [
        -81.797814,
        35.790869
       ],
       [
        -81.797803,
        35.790131
       ],
       [
        -81.797547,
        35.790081
       ],
       [
        -81.79718,
        35.789737
       ],
       [
        -81.796739,
        35.789622
       ],
       [
        -81.796584,
        35.789439
       ],
       [
        -81.796695,
        35.789177
       ],
       [
        -81.796539,
        35.789081
       ],
       [
        -81.796483,
        35.788873
       ],
       [
        -81.79657,
        35.788678
       ],
       [
        -81.796444,
        35.788417
       ],
       [
        -81.79652,
        35.788066
       ],
       [
        -81.79647,
        35.787326
       ],
       [
        -81.796567,
        35.787262
       ],
       [
        -81.796631,
        35.786985
       ],
       [
        -81.796327,
        35.78689
       ],
       [
        -81.796169,
        35.786747
       ],
       [
        -81.795529,
        35.78681
       ],
       [
        -81.795111,
        35.78674
       ],
       [
        -81.794403,
        35.786991
       ],
       [
        -81.794015,
        35.786791
       ],
       [
        -81.793558,
        35.787007
       ],
       [
        -81.793127,
        35.786922
       ],
       [
        -81.792945,
        35.787085
       ],
       [
        -81.7925,
        35.787119
       ],
       [
        -81.792336,
        35.787277
       ],
       [
        -81.791585,
        35.787593
       ],
       [
        -81.791339,
        35.787519
       ],
       [
        -81.79113,
        35.787273
       ],
       [
        -81.79032,
        35.786849
       ],
       [
        -81.790172,
        35.786673
       ],
       [
        -81.789686,
        35.786601
       ],
       [
        -81.789564,
        35.786373
       ],
       [
        -81.78933,
        35.786318
       ],
       [
        -81.78912,
        35.785931
       ],
       [
        -81.788113,
        35.785331
       ],
       [
        -81.787857,
        35.785441
       ],
       [
        -81.787607,
        35.785258
       ],
       [
        -81.787119,
        35.785344
       ],
       [
        -81.786711,
        35.785231
       ],
       [
        -81.786112,
        35.785392
       ],
       [
        -81.785714,
        35.785353
       ],
       [
        -81.784125,
        35.785766
       ],
       [
        -81.783861,
        35.785711
       ],
       [
        -81.783291,
        35.785743
       ],
       [
        -81.782971,
        35.785997
       ],
       [
        -81.782805,
        35.785971
       ],
       [
        -81.782492,
        35.78615
       ],
       [
        -81.781488,
        35.786078
       ],
       [
        -81.781217,
        35.785887
       ],
       [
        -81.781053,
        35.785945
       ],
       [
        -81.780938,
        35.786096
       ],
       [
        -81.780324,
        35.785846
       ],
       [
        -81.779993,
        35.785793
       ],
       [
        -81.779548,
        35.785226
       ],
       [
        -81.779318,
        35.78509
       ],
       [
        -81.779007,
        35.785125
       ],
       [
        -81.778127,
        35.784393
       ],
       [
        -81.77739,
        35.784076
       ],
       [
        -81.77729,
        35.783936
       ],
       [
        -81.776791,
        35.783869
       ],
       [
        -81.776687,
        35.783721
       ],
       [
        -81.7765,
        35.783755
       ],
       [
        -81.775966,
        35.783458
       ],
       [
        -81.775694,
        35.783267
       ],
       [
        -81.775644,
        35.7831
       ],
       [
        -81.775394,
        35.782984
       ],
       [
        -81.77535,
        35.782633
       ],
       [
        -81.775099,
        35.782458
       ],
       [
        -81.775197,
        35.782105
       ],
       [
        -81.775076,
        35.781863
       ],
       [
        -81.775102,
        35.781788
       ],
       [
        -81.775257,
        35.781779
       ],
       [
        -81.77532,
        35.781306
       ],
       [
        -81.775149,
        35.781105
       ],
       [
        -81.775185,
        35.780808
       ],
       [
        -81.775385,
        35.780525
       ],
       [
        -81.775256,
        35.780246
       ],
       [
        -81.775339,
        35.78014
       ],
       [
        -81.775289,
        35.779982
       ],
       [
        -81.77537,
        35.779647
       ],
       [
        -81.775577,
        35.779485
       ],
       [
        -81.775933,
        35.779386
       ],
       [
        -81.776754,
        35.778841
       ],
       [
        -81.777155,
        35.778758
       ],
       [
        -81.777405,
        35.778358
       ],
       [
        -81.776739,
        35.777503
       ],
       [
        -81.776274,
        35.77664
       ],
       [
        -81.776052,
        35.776052
       ],
       [
        -81.776025,
        35.775706
       ],
       [
        -81.776248,
        35.775288
       ],
       [
        -81.777928,
        35.773123
       ],
       [
        -81.777955,
        35.772804
       ],
       [
        -81.777638,
        35.771853
       ],
       [
        -81.777396,
        35.771595
       ],
       [
        -81.776823,
        35.771281
       ],
       [
        -81.776661,
        35.771078
       ],
       [
        -81.776682,
        35.770094
       ],
       [
        -81.776567,
        35.769594
       ],
       [
        -81.776352,
        35.769171
       ],
       [
        -81.77443,
        35.767659
       ],
       [
        -81.774188,
        35.766488
       ],
       [
        -81.774316,
        35.766213
       ],
       [
        -81.774572,
        35.766021
       ],
       [
        -81.774606,
        35.765906
       ],
       [
        -81.774552,
        35.765719
       ],
       [
        -81.774303,
        35.765526
       ],
       [
        -81.773008,
        35.765526
       ],
       [
        -81.772354,
        35.765443
       ],
       [
        -81.77197,
        35.765273
       ],
       [
        -81.771187,
        35.765273
       ],
       [
        -81.770203,
        35.764865
       ],
       [
        -81.769597,
        35.764486
       ],
       [
        -81.769374,
        35.764173
       ],
       [
        -81.769192,
        35.763524
       ],
       [
        -81.768876,
        35.763299
       ],
       [
        -81.768519,
        35.762743
       ],
       [
        -81.768161,
        35.762403
       ],
       [
        -81.767992,
        35.762413
       ],
       [
        -81.767534,
        35.76288
       ],
       [
        -81.766563,
        35.763116
       ],
       [
        -81.765713,
        35.763451
       ],
       [
        -81.764809,
        35.76366
       ],
       [
        -81.764222,
        35.76399
       ],
       [
        -81.763062,
        35.76428
       ],
       [
        -81.762846,
        35.764253
       ],
       [
        -81.762422,
        35.763939
       ],
       [
        -81.761586,
        35.763752
       ],
       [
        -81.760768,
        35.763437
       ],
       [
        -81.760035,
        35.763251
       ],
       [
        -81.759064,
        35.762613
       ],
       [
        -81.757819,
        35.759661
       ],
       [
        -81.756154,
        35.758001
       ],
       [
        -81.755339,
        35.757319
       ],
       [
        -81.754888,
        35.756549
       ],
       [
        -81.754504,
        35.7564
       ],
       [
        -81.754335,
        35.756065
       ],
       [
        -81.753715,
        35.755702
       ],
       [
        -81.753021,
        35.754844
       ],
       [
        -81.75201,
        35.754404
       ],
       [
        -81.751943,
        35.753833
       ],
       [
        -81.75098,
        35.75287
       ],
       [
        -81.750596,
        35.751853
       ],
       [
        -81.750347,
        35.751809
       ],
       [
        -81.75005,
        35.751963
       ],
       [
        -81.749821,
        35.751979
       ],
       [
        -81.749138,
        35.751953
       ],
       [
        -81.748712,
        35.751724
       ],
       [
        -81.74802,
        35.751794
       ],
       [
        -81.746292,
        35.750834
       ],
       [
        -81.745944,
        35.750494
       ],
       [
        -81.744658,
        35.750222
       ],
       [
        -81.743394,
        35.749745
       ],
       [
        -81.739619,
        35.749127
       ],
       [
        -81.739173,
        35.748789
       ],
       [
        -81.738693,
        35.7488
       ],
       [
        -81.738294,
        35.749133
       ],
       [
        -81.737235,
        35.749444
       ],
       [
        -81.736646,
        35.749699
       ],
       [
        -81.736045,
        35.749824
       ],
       [
        -81.735787,
        35.749787
       ],
       [
        -81.735338,
        35.749314
       ],
       [
        -81.735007,
        35.749092
       ],
       [
        -81.732854,
        35.748265
       ],
       [
        -81.730826,
        35.747243
       ],
       [
        -81.729028,
        35.746201
       ],
       [
        -81.728016,
        35.745057
       ],
       [
        -81.727855,
        35.744118
       ],
       [
        -81.727358,
        35.743565
       ],
       [
        -81.726136,
        35.743249
       ],
       [
        -81.725284,
        35.742857
       ],
       [
        -81.723536,
        35.741546
       ],
       [
        -81.722955,
        35.741449
       ],
       [
        -81.721983,
        35.741608
       ],
       [
        -81.721301,
        35.741317
       ],
       [
        -81.72099,
        35.741276
       ],
       [
        -81.720217,
        35.740241
       ]
      ]
     ],
     "type": "MultiLineString"
    },
    "properties": {
     "length_km": 16.28,
     "n_sites": 8,
     "name": "Canoe Creek",
     "order": 2,
     "riverKey": "canoe creek",
     "source": "osm",
     "waterway": "stream"
    },
    "type": "Feature"
   },
   {
    "geometry": {
     "coordinates": [
      [
       -81.836072,
       35.742447
      ],
      [
       -81.83547,
       35.742202
      ],
      [
       -81.835294,
       35.741935
      ],
      [
       -81.834367,
       35.739758
      ],
      [
       -81.834312,
       35.739172
      ],
      [
       -81.834384,
       35.737573
      ],
      [
       -81.834329,
       35.737187
      ],
      [
       -81.834045,
       35.736464
      ],
      [
       -81.832366,
       35.734462
      ],
      [
       -81.831315,
       35.732823
      ],
      [
       -81.830565,
       35.73201
      ],
      [
       -81.830082,
       35.731699
      ],
      [
       -81.829871,
       35.731385
      ],
      [
       -81.829626,
       35.731247
      ],
      [
       -81.829326,
       35.730922
      ],
      [
       -81.829086,
       35.730279
      ],
      [
       -81.828799,
       35.729883
      ],
      [
       -81.828358,
       35.72983
      ],
      [
       -81.828104,
       35.729941
      ],
      [
       -81.827733,
       35.729791
      ],
      [
       -81.827414,
       35.729572
      ],
      [
       -81.826776,
       35.728881
      ],
      [
       -81.826704,
       35.728547
      ],
      [
       -81.826397,
       35.728257
      ],
      [
       -81.826051,
       35.728179
      ],
      [
       -81.824844,
       35.727637
      ],
      [
       -81.823439,
       35.727431
      ],
      [
       -81.822036,
       35.727696
      ],
      [
       -81.820665,
       35.727746
      ],
      [
       -81.819043,
       35.727552
      ],
      [
       -81.815998,
       35.727581
      ],
      [
       -81.815446,
       35.727468
      ],
      [
       -81.814413,
       35.726954
      ],
      [
       -81.813649,
       35.72683
      ],
      [
       -81.811658,
       35.726891
      ],
      [
       -81.810913,
       35.727082
      ],
      [
       -81.809588,
       35.727916
      ],
      [
       -81.80524,
       35.729179
      ],
      [
       -81.804497,
       35.729689
      ],
      [
       -81.804312,
       35.73039
      ],
      [
       -81.804811,
       35.731792
      ],
      [
       -81.805578,
       35.732384
      ],
      [
       -81.80841,
       35.735582
      ],
      [
       -81.811578,
       35.73782
      ],
      [
       -81.81349,
       35.739009
      ],
      [
       -81.813954,
       35.739462
      ],
      [
       -81.814338,
       35.740248
      ],
      [
       -81.814359,
       35.740664
      ],
      [
       -81.814257,
       35.741162
      ],
      [
       -81.814091,
       35.74148
      ],
      [
       -81.813893,
       35.741648
      ],
      [
       -81.813493,
       35.741761
      ],
      [
       -81.8122,
       35.742011
      ],
      [
       -81.81157,
       35.742294
      ],
      [
       -81.810862,
       35.742753
      ],
      [
       -81.81032,
       35.742961
      ],
      [
       -81.809451,
       35.742961
      ],
      [
       -81.808498,
       35.743083
      ],
      [
       -81.8041,
       35.744406
      ],
      [
       -81.80046,
       35.745201
      ],
      [
       -81.799637,
       35.745264
      ],
      [
       -81.798829,
       35.745077
      ],
      [
       -81.798529,
       35.744757
      ],
      [
       -81.798336,
       35.74438
      ],
      [
       -81.797542,
       35.743852
      ],
      [
       -81.796926,
       35.744489
      ],
      [
       -81.796572,
       35.744644
      ],
      [
       -81.796249,
       35.744584
      ],
      [
       -81.795611,
       35.744197
      ],
      [
       -81.794847,
       35.744056
      ],
      [
       -81.794269,
       35.744141
      ],
      [
       -81.793617,
       35.744078
      ],
      [
       -81.792644,
       35.744604
      ],
      [
       -81.792394,
       35.744971
      ],
      [
       -81.792281,
       35.745572
      ],
      [
       -81.792594,
       35.746549
      ],
      [
       -81.793271,
       35.747866
      ],
      [
       -81.793643,
       35.748184
      ],
      [
       -81.794539,
       35.748704
      ],
      [
       -81.796387,
       35.750087
      ],
      [
       -81.797471,
       35.751475
      ],
      [
       -81.797723,
       35.752266
      ],
      [
       -81.797704,
       35.752662
      ],
      [
       -81.79757,
       35.752956
      ],
      [
       -81.796798,
       35.753778
      ],
      [
       -81.795502,
       35.755651
      ],
      [
       -81.795001,
       35.756192
      ],
      [
       -81.794271,
       35.75688
      ],
      [
       -81.793552,
       35.757294
      ],
      [
       -81.792957,
       35.757564
      ],
      [
       -81.792168,
       35.757668
      ],
      [
       -81.791837,
       35.757515
      ],
      [
       -81.791038,
       35.756892
      ],
      [
       -81.790692,
       35.756265
      ],
      [
       -81.790686,
       35.755815
      ],
      [
       -81.790904,
       35.755008
      ],
      [
       -81.790889,
       35.754609
      ],
      [
       -81.790724,
       35.754047
      ],
      [
       -81.790646,
       35.752839
      ],
      [
       -81.790531,
       35.752434
      ],
      [
       -81.79011,
       35.75162
      ],
      [
       -81.78945,
       35.750928
      ],
      [
       -81.788811,
       35.750806
      ],
      [
       -81.788082,
       35.751002
      ],
      [
       -81.784453,
       35.751161
      ],
      [
       -81.783675,
       35.751083
      ],
      [
       -81.782827,
       35.750869
      ],
      [
       -81.780381,
       35.749961
      ],
      [
       -81.77951,
       35.749513
      ],
      [
       -81.778603,
       35.748834
      ],
      [
       -81.774558,
       35.746468
      ],
      [
       -81.772618,
       35.744789
      ],
      [
       -81.771609,
       35.743438
      ],
      [
       -81.771257,
       35.742673
      ],
      [
       -81.770882,
       35.742267
      ],
      [
       -81.769561,
       35.741332
      ],
      [
       -81.768454,
       35.740781
      ],
      [
       -81.767278,
       35.74069
      ],
      [
       -81.765786,
       35.740322
      ],
      [
       -81.764764,
       35.74001
      ],
      [
       -81.764054,
       35.739707
      ],
      [
       -81.762779,
       35.739047
      ],
      [
       -81.762065,
       35.738528
      ],
      [
       -81.761637,
       35.738404
      ],
      [
       -81.759133,
       35.737089
      ],
      [
       -81.757916,
       35.736364
      ],
      [
       -81.756657,
       35.735381
      ],
      [
       -81.755722,
       35.734834
      ],
      [
       -81.754635,
       35.734377
      ],
      [
       -81.753417,
       35.734256
      ],
      [
       -81.753187,
       35.73437
      ],
      [
       -81.752741,
       35.734887
      ],
      [
       -81.751954,
       35.735342
      ],
      [
       -81.750885,
       35.735773
      ],
      [
       -81.749577,
       35.736088
      ],
      [
       -81.748468,
       35.736228
      ],
      [
       -81.747395,
       35.736006
      ],
      [
       -81.746988,
       35.735974
      ],
      [
       -81.746683,
       35.736067
      ],
      [
       -81.746507,
       35.736239
      ],
      [
       -81.746383,
       35.736522
      ],
      [
       -81.746392,
       35.736956
      ],
      [
       -81.746567,
       35.737666
      ],
      [
       -81.746604,
       35.738821
      ],
      [
       -81.746449,
       35.740338
      ],
      [
       -81.746231,
       35.741065
      ],
      [
       -81.745969,
       35.741567
      ],
      [
       -81.745343,
       35.742069
      ],
      [
       -81.741153,
       35.744904
      ],
      [
       -81.740498,
       35.745223
      ],
      [
       -81.7398,
       35.745412
      ],
      [
       -81.73929,
       35.745383
      ],
      [
       -81.738934,
       35.745182
      ],
      [
       -81.73857,
       35.744851
      ],
      [
       -81.737624,
       35.743351
      ],
      [
       -81.73571,
       35.741679
      ],
      [
       -81.73424,
       35.740663
      ],
      [
       -81.733214,
       35.73947
      ],
      [
       -81.732712,
       35.739027
      ],
      [
       -81.7316,
       35.738759
      ],
      [
       -81.731162,
       35.738816
      ],
      [
       -81.730624,
       35.739155
      ],
      [
       -81.729306,
       35.739753
      ],
      [
       -81.728121,
       35.740084
      ],
      [
       -81.726091,
       35.740172
      ],
      [
       -81.724662,
       35.739972
      ],
      [
       -81.722421,
       35.739916
      ],
      [
       -81.720217,
       35.740241
      ],
      [
       -81.719458,
       35.740418
      ],
      [
       -81.718493,
       35.740879
      ],
      [
       -81.717681,
       35.741082
      ],
      [
       -81.71182,
       35.741633
      ],
      [
       -81.710986,
       35.741869
      ],
      [
       -81.710409,
       35.742185
      ],
      [
       -81.709329,
       35.743267
      ],
      [
       -81.708835,
       35.744005
      ],
      [
       -81.707285,
       35.746008
      ],
      [
       -81.706669,
       35.746643
      ],
      [
       -81.706012,
       35.74758
      ],
      [
       -81.705624,
       35.748226
      ],
      [
       -81.705355,
       35.749326
      ],
      [
       -81.70547,
       35.749917
      ],
      [
       -81.705766,
       35.750318
      ],
      [
       -81.706162,
       35.751249
      ],
      [
       -81.706426,
       35.752294
      ],
      [
       -81.706493,
       35.753751
      ],
      [
       -81.706312,
       35.756948
      ],
      [
       -81.706486,
       35.758684
      ],
      [
       -81.706648,
       35.75911
      ],
      [
       -81.706929,
       35.759521
      ],
      [
       -81.708989,
       35.761331
      ],
      [
       -81.70948,
       35.761976
      ],
      [
       -81.710422,
       35.763977
      ],
      [
       -81.710472,
       35.764383
      ],
      [
       -81.71044,
       35.764832
      ],
      [
       -81.710192,
       35.76512
      ],
      [
       -81.709792,
       35.765345
      ],
      [
       -81.708024,
       35.765955
      ],
      [
       -81.705994,
       35.766493
      ],
      [
       -81.705592,
       35.76651
      ],
      [
       -81.704691,
       35.766199
      ],
      [
       -81.702955,
       35.765794
      ],
      [
       -81.702291,
       35.765474
      ],
      [
       -81.701381,
       35.76519
      ],
      [
       -81.700732,
       35.765146
      ],
      [
       -81.699313,
       35.765429
      ],
      [
       -81.694971,
       35.765711
      ],
      [
       -81.694481,
       35.765887
      ],
      [
       -81.694117,
       35.766215
      ],
      [
       -81.693793,
       35.766965
      ],
      [
       -81.692776,
       35.770938
      ],
      [
       -81.692417,
       35.771762
      ],
      [
       -81.692059,
       35.772155
      ],
      [
       -81.691687,
       35.772417
      ],
      [
       -81.69119,
       35.772555
      ],
      [
       -81.690358,
       35.772418
      ],
      [
       -81.689638,
       35.771986
      ],
      [
       -81.687133,
       35.769605
      ],
      [
       -81.686532,
       35.76924
      ],
      [
       -81.685872,
       35.769078
      ],
      [
       -81.685212,
       35.769018
      ],
      [
       -81.684595,
       35.7691
      ],
      [
       -81.684012,
       35.769353
      ],
      [
       -81.683163,
       35.769882
      ],
      [
       -81.681694,
       35.771438
      ],
      [
       -81.680685,
       35.77216
      ],
      [
       -81.679718,
       35.772571
      ],
      [
       -81.679142,
       35.772754
      ],
      [
       -81.678775,
       35.772782
      ],
      [
       -81.6759,
       35.772735
      ],
      [
       -81.674914,
       35.772816
      ],
      [
       -81.674366,
       35.772911
      ],
      [
       -81.673838,
       35.773113
      ],
      [
       -81.673472,
       35.773366
      ],
      [
       -81.672795,
       35.774079
      ],
      [
       -81.671718,
       35.774995
      ],
      [
       -81.669104,
       35.776968
      ],
      [
       -81.667855,
       35.777742
      ],
      [
       -81.66635,
       35.778343
      ],
      [
       -81.662241,
       35.77901
      ],
      [
       -81.660632,
       35.778923
      ],
      [
       -81.658395,
       35.778347
      ],
      [
       -81.657298,
       35.778215
      ],
      [
       -81.656248,
       35.778212
      ],
      [
       -81.653676,
       35.77857
      ],
      [
       -81.652136,
       35.77863
      ],
      [
       -81.648823,
       35.778284
      ],
      [
       -81.647026,
       35.77826
      ],
      [
       -81.644454,
       35.778437
      ],
      [
       -81.642027,
       35.779279
      ],
      [
       -81.639646,
       35.780873
      ],
      [
       -81.638926,
       35.781644
      ],
      [
       -81.63663,
       35.784759
      ],
      [
       -81.635149,
       35.786204
      ],
      [
       -81.633776,
       35.787005
      ],
      [
       -81.631909,
       35.787475
      ],
      [
       -81.630128,
       35.787266
      ],
      [
       -81.628111,
       35.786813
      ],
      [
       -81.626223,
       35.787005
      ],
      [
       -81.622725,
       35.78845
      ],
      [
       -81.620601,
       35.788676
      ],
      [
       -81.619354,
       35.788491
      ],
      [
       -81.617852,
       35.787907
      ],
      [
       -81.616721,
       35.787079
      ],
      [
       -81.614013,
       35.784394
      ],
      [
       -81.612609,
       35.78365
      ],
      [
       -81.61113,
       35.783089
      ],
      [
       -81.609145,
       35.782518
      ],
      [
       -81.607136,
       35.78246
      ],
      [
       -81.604036,
       35.783175
      ],
      [
       -81.589573,
       35.783001
      ],
      [
       -81.567365,
       35.781748
      ],
      [
       -81.564575,
       35.781121
      ],
      [
       -81.562665,
       35.780199
      ],
      [
       -81.55994,
       35.778545
      ],
      [
       -81.555413,
       35.77717
      ],
      [
       -81.551228,
       35.776491
      ],
      [
       -81.548831,
       35.776534
      ],
      [
       -81.54435,
       35.778331
      ],
      [
       -81.541346,
       35.779052
      ],
      [
       -81.538389,
       35.779538
      ],
      [
       -81.535271,
       35.779733
      ],
      [
       -81.522748,
       35.780121
      ],
      [
       -81.519075,
       35.780702
      ],
      [
       -81.51544,
       35.780998
      ],
      [
       -81.501848,
       35.780547
      ],
      [
       -81.489118,
       35.780996
      ],
      [
       -81.474534,
       35.78373
      ],
      [
       -81.451844,
       35.784877
      ],
      [
       -81.446131,
       35.785063
      ],
      [
       -81.444315,
       35.784621
      ],
      [
       -81.443852,
       35.783582
      ],
      [
       -81.443333,
       35.77721
      ],
      [
       -81.442819,
       35.776231
      ],
      [
       -81.441903,
       35.774926
      ],
      [
       -81.440253,
       35.773954
      ],
      [
       -81.439399,
       35.77385
      ]
     ],
     "type": "LineString"
    },
    "properties": {
     "length_km": 49.96,
     "n_sites": 14,
     "name": "Catawba River",
     "order": 4,
     "riverKey": "catawba river",
     "source": "osm",
     "waterway": "river"
    },
    "type": "Feature"
   },
   {
    "geometry": {
     "coordinates": [
      [
       [
        -81.758729,
        35.681964
       ],
       [
        -81.758844,
        35.682385
       ],
       [
        -81.758676,
        35.682482
       ],
       [
        -81.75852,
        35.683172
       ],
       [
        -81.758117,
        35.683427
       ],
       [
        -81.757457,
        35.683596
       ],
       [
        -81.757395,
        35.683734
       ],
       [
        -81.757523,
        35.683763
       ],
       [
        -81.757509,
        35.683821
       ],
       [
        -81.757031,
        35.6841
       ],
       [
        -81.756985,
        35.684207
       ],
       [
        -81.757236,
        35.684378
       ],
       [
        -81.757479,
        35.684723
       ],
       [
        -81.757506,
        35.685264
       ],
       [
        -81.757363,
        35.686153
       ],
       [
        -81.757525,
        35.68722
       ],
       [
        -81.757793,
        35.688132
       ],
       [
        -81.758695,
        35.690265
       ],
       [
        -81.758856,
        35.691069
       ],
       [
        -81.758828,
        35.692976
       ],
       [
        -81.758637,
        35.695191
       ],
       [
        -81.758442,
        35.696279
       ],
       [
        -81.758475,
        35.696988
       ],
       [
        -81.758387,
        35.697444
       ],
       [
        -81.758629,
        35.698443
       ],
       [
        -81.758338,
        35.699169
       ],
       [
        -81.7586,
        35.701638
       ],
       [
        -81.758923,
        35.702693
       ]
      ],
      [
       [
        -81.754329,
        35.642963
       ],
       [
        -81.754605,
        35.643353
       ],
       [
        -81.755035,
        35.644266
       ],
       [
        -81.755263,
        35.645215
       ],
       [
        -81.755269,
        35.645937
       ],
       [
        -81.755558,
        35.646904
       ],
       [
        -81.756581,
        35.64786
       ],
       [
        -81.757247,
        35.648911
       ],
       [
        -81.757664,
        35.649269
       ],
       [
        -81.757994,
        35.649686
       ],
       [
        -81.758148,
        35.6504
       ],
       [
        -81.758721,
        35.650676
       ],
       [
        -81.758949,
        35.650864
       ],
       [
        -81.759299,
        35.652
       ],
       [
        -81.759635,
        35.652638
       ],
       [
        -81.759763,
        35.653442
       ],
       [
        -81.760213,
        35.65453
       ],
       [
        -81.760441,
        35.655536
       ],
       [
        -81.760838,
        35.656381
       ],
       [
        -81.76145,
        35.657146
       ],
       [
        -81.761558,
        35.657866
       ],
       [
        -81.761484,
        35.658338
       ],
       [
        -81.761739,
        35.658878
       ],
       [
        -81.761719,
        35.659042
       ],
       [
        -81.760897,
        35.660014
       ],
       [
        -81.76029,
        35.661003
       ],
       [
        -81.76027,
        35.661136
       ],
       [
        -81.760558,
        35.661921
       ],
       [
        -81.760343,
        35.662026
       ],
       [
        -81.760255,
        35.662455
       ],
       [
        -81.759905,
        35.662856
       ],
       [
        -81.759958,
        35.663318
       ],
       [
        -81.759432,
        35.664016
       ],
       [
        -81.758476,
        35.664779
       ],
       [
        -81.758408,
        35.66491
       ],
       [
        -81.758448,
        35.665341
       ],
       [
        -81.758785,
        35.666301
       ],
       [
        -81.758791,
        35.66695
       ],
       [
        -81.760282,
        35.672547
       ],
       [
        -81.760787,
        35.674009
       ],
       [
        -81.761055,
        35.675443
       ],
       [
        -81.760772,
        35.675625
       ],
       [
        -81.760038,
        35.67579
       ],
       [
        -81.759796,
        35.675911
       ],
       [
        -81.759566,
        35.676189
       ],
       [
        -81.758791,
        35.67763
       ],
       [
        -81.757807,
        35.678574
       ],
       [
        -81.757045,
        35.679156
       ],
       [
        -81.756957,
        35.67931
       ],
       [
        -81.756937,
        35.679768
       ],
       [
        -81.757104,
        35.680393
       ],
       [
        -81.757973,
        35.681301
       ],
       [
        -81.758689,
        35.68182
       ]
      ]
     ],
     "type": "MultiLineString"
    },
    "properties": {
     "length_km": 7.3,
     "n_sites": 3,
     "name": "Clear Creek",
     "order": 2,
     "riverKey": "clear creek",
     "source": "osm",
     "waterway": "stream"
    },
    "type": "Feature"
   },
   {
    "geometry": {
     "coordinates": [
      [
       [
        -81.658755,
        35.738265
       ],
       [
        -81.659409,
        35.73892
       ],
       [
        -81.659436,
        35.73916
       ],
       [
        -81.659924,
        35.740289
       ],
       [
        -81.66052,
        35.741009
       ]
      ],
      [
       [
        -81.660455,
        35.741207
       ],
       [
        -81.660326,
        35.741724
       ],
       [
        -81.660041,
        35.742092
       ],
       [
        -81.659655,
        35.742358
       ],
       [
        -81.659437,
        35.74264
       ],
       [
        -81.659437,
        35.742759
       ],
       [
        -81.659591,
        35.742927
       ],
       [
        -81.659516,
        35.743289
       ],
       [
        -81.659594,
        35.743504
       ],
       [
        -81.659371,
        35.744094
       ],
       [
        -81.659565,
        35.744832
       ],
       [
        -81.659532,
        35.745228
       ],
       [
        -81.659672,
        35.745775
       ],
       [
        -81.659644,
        35.746191
       ],
       [
        -81.659998,
        35.747833
       ],
       [
        -81.660116,
        35.748296
       ],
       [
        -81.660336,
        35.74843
       ]
      ],
      [
       [
        -81.657297,
        35.723427
       ],
       [
        -81.657368,
        35.723704
       ],
       [
        -81.657651,
        35.724177
       ],
       [
        -81.657645,
        35.724555
       ],
       [
        -81.657825,
        35.724657
       ],
       [
        -81.658095,
        35.725074
       ],
       [
        -81.658163,
        35.7253
       ],
       [
        -81.658105,
        35.725607
       ],
       [
        -81.658483,
        35.726047
       ],
       [
        -81.658799,
        35.726246
       ],
       [
        -81.658771,
        35.726574
       ],
       [
        -81.659222,
        35.727076
       ],
       [
        -81.659208,
        35.727367
       ],
       [
        -81.659842,
        35.728147
       ],
       [
        -81.659837,
        35.72842
       ],
       [
        -81.660137,
        35.728567
       ],
       [
        -81.660076,
        35.728863
       ],
       [
        -81.660362,
        35.729239
       ],
       [
        -81.660368,
        35.729495
       ],
       [
        -81.660684,
        35.729861
       ],
       [
        -81.660703,
        35.730281
       ],
       [
        -81.660527,
        35.730545
       ],
       [
        -81.660708,
        35.730668
       ],
       [
        -81.660606,
        35.730778
       ],
       [
        -81.660636,
        35.730876
       ],
       [
        -81.660808,
        35.730957
       ],
       [
        -81.660707,
        35.731113
       ],
       [
        -81.660832,
        35.731305
       ],
       [
        -81.660798,
        35.732228
       ],
       [
        -81.660866,
        35.732385
       ],
       [
        -81.661383,
        35.732782
       ],
       [
        -81.661508,
        35.733011
       ],
       [
        -81.66148,
        35.733138
       ],
       [
        -81.661303,
        35.733208
       ],
       [
        -81.66143,
        35.733482
       ],
       [
        -81.661402,
        35.733654
       ],
       [
        -81.661082,
        35.734132
       ],
       [
        -81.660528,
        35.734609
       ],
       [
        -81.659503,
        35.735752
       ],
       [
        -81.659228,
        35.736139
       ],
       [
        -81.658989,
        35.736683
       ],
       [
        -81.658704,
        35.736951
       ],
       [
        -81.658462,
        35.737988
       ],
       [
        -81.65868,
        35.738215
       ]
      ],
      [
       [
        -81.651603,
        35.714233
       ],
       [
        -81.651735,
        35.714393
       ],
       [
        -81.652226,
        35.714348
       ],
       [
        -81.652375,
        35.715024
       ],
       [
        -81.652573,
        35.714911
       ],
       [
        -81.65277,
        35.714964
       ],
       [
        -81.652858,
        35.715254
       ],
       [
        -81.653058,
        35.715336
       ],
       [
        -81.653114,
        35.715442
       ],
       [
        -81.653326,
        35.715363
       ],
       [
        -81.653592,
        35.715474
       ],
       [
        -81.653779,
        35.715303
       ],
       [
        -81.653873,
        35.715412
       ],
       [
        -81.653902,
        35.715681
       ],
       [
        -81.654122,
        35.715734
       ],
       [
        -81.654235,
        35.715579
       ],
       [
        -81.654429,
        35.71569
       ],
       [
        -81.654364,
        35.716262
       ],
       [
        -81.65455,
        35.716657
       ],
       [
        -81.654811,
        35.716873
       ],
       [
        -81.655105,
        35.717345
       ],
       [
        -81.655081,
        35.717558
       ],
       [
        -81.655184,
        35.717702
       ],
       [
        -81.655469,
        35.717709
       ],
       [
        -81.655702,
        35.717881
       ],
       [
        -81.655864,
        35.7176
       ],
       [
        -81.656008,
        35.71773
       ],
       [
        -81.656118,
        35.717726
       ],
       [
        -81.656127,
        35.717404
       ],
       [
        -81.65638,
        35.717511
       ],
       [
        -81.656907,
        35.717396
       ],
       [
        -81.657281,
        35.717613
       ],
       [
        -81.657611,
        35.717551
       ],
       [
        -81.657839,
        35.717639
       ],
       [
        -81.658001,
        35.71752
       ],
       [
        -81.658185,
        35.717593
       ],
       [
        -81.658472,
        35.717514
       ],
       [
        -81.658565,
        35.71765
       ],
       [
        -81.658963,
        35.717853
       ],
       [
        -81.659005,
        35.718018
       ],
       [
        -81.658713,
        35.718557
       ],
       [
        -81.65875,
        35.718773
       ],
       [
        -81.658546,
        35.718835
       ],
       [
        -81.658479,
        35.718995
       ],
       [
        -81.658228,
        35.719019
       ],
       [
        -81.658005,
        35.719334
       ],
       [
        -81.65748,
        35.719743
       ],
       [
        -81.657415,
        35.71995
       ],
       [
        -81.657225,
        35.720033
       ],
       [
        -81.657186,
        35.720165
       ],
       [
        -81.657042,
        35.7202
       ],
       [
        -81.657001,
        35.720501
       ],
       [
        -81.656754,
        35.720502
       ],
       [
        -81.656702,
        35.720579
       ],
       [
        -81.656766,
        35.720683
       ],
       [
        -81.656619,
        35.720902
       ],
       [
        -81.656763,
        35.721056
       ],
       [
        -81.656747,
        35.72129
       ],
       [
        -81.656893,
        35.721525
       ],
       [
        -81.656875,
        35.721845
       ],
       [
        -81.657043,
        35.722369
       ]
      ],
      [
       [
        -81.647042,
        35.70937
       ],
       [
        -81.647136,
        35.709571
       ],
       [
        -81.647669,
        35.709985
       ],
       [
        -81.648517,
        35.710967
       ],
       [
        -81.648906,
        35.71105
       ],
       [
        -81.648917,
        35.711182
       ],
       [
        -81.649004,
        35.711129
       ],
       [
        -81.649037,
        35.711222
       ],
       [
        -81.649239,
        35.711122
       ],
       [
        -81.649478,
        35.711356
       ],
       [
        -81.649668,
        35.71141
       ],
       [
        -81.64958,
        35.711581
       ],
       [
        -81.65001,
        35.711783
       ],
       [
        -81.650345,
        35.712139
       ],
       [
        -81.650681,
        35.712342
       ],
       [
        -81.65119,
        35.712469
       ],
       [
        -81.651398,
        35.7128
       ],
       [
        -81.651599,
        35.712879
       ],
       [
        -81.651829,
        35.71371
       ],
       [
        -81.651603,
        35.714233
       ]
      ],
      [
       [
        -81.641515,
        35.702232
       ],
       [
        -81.641772,
        35.70225
       ],
       [
        -81.642218,
        35.702583
       ],
       [
        -81.642436,
        35.702643
       ],
       [
        -81.642481,
        35.702784
       ],
       [
        -81.642618,
        35.70283
       ],
       [
        -81.642664,
        35.703177
       ],
       [
        -81.642956,
        35.703218
       ],
       [
        -81.642966,
        35.703371
       ],
       [
        -81.643373,
        35.703715
       ],
       [
        -81.643362,
        35.703876
       ],
       [
        -81.643666,
        35.704184
       ],
       [
        -81.643723,
        35.704421
       ],
       [
        -81.644073,
        35.704775
       ],
       [
        -81.643991,
        35.704852
       ],
       [
        -81.644171,
        35.704944
       ],
       [
        -81.644535,
        35.705748
       ],
       [
        -81.645489,
        35.706632
       ],
       [
        -81.645607,
        35.706818
       ],
       [
        -81.645681,
        35.707305
       ],
       [
        -81.646981,
        35.709303
       ]
      ],
      [
       [
        -81.630203,
        35.702658
       ],
       [
        -81.630576,
        35.70275
       ],
       [
        -81.631098,
        35.702743
       ],
       [
        -81.631276,
        35.702871
       ],
       [
        -81.631806,
        35.703001
       ],
       [
        -81.632416,
        35.703326
       ],
       [
        -81.632564,
        35.703355
       ],
       [
        -81.632852,
        35.703269
       ],
       [
        -81.6332,
        35.703455
       ],
       [
        -81.633592,
        35.703553
       ],
       [
        -81.634593,
        35.703626
       ],
       [
        -81.634972,
        35.703863
       ],
       [
        -81.635272,
        35.703787
       ],
       [
        -81.635577,
        35.703845
       ],
       [
        -81.636248,
        35.703548
       ],
       [
        -81.638076,
        35.703011
       ],
       [
        -81.63865,
        35.702965
       ],
       [
        -81.639423,
        35.702637
       ],
       [
        -81.641437,
        35.702236
       ]
      ],
      [
       [
        -81.613525,
        35.714028
       ],
       [
        -81.613325,
        35.7136
       ],
       [
        -81.612655,
        35.712834
       ],
       [
        -81.612322,
        35.712045
       ],
       [
        -81.612034,
        35.711646
       ],
       [
        -81.611901,
        35.710834
       ],
       [
        -81.611692,
        35.710499
       ],
       [
        -81.611609,
        35.710167
       ],
       [
        -81.611354,
        35.709891
       ],
       [
        -81.610462,
        35.709285
       ],
       [
        -81.610521,
        35.708815
       ],
       [
        -81.610979,
        35.707212
       ],
       [
        -81.61118,
        35.707016
       ],
       [
        -81.612407,
        35.706601
       ],
       [
        -81.612917,
        35.706299
       ],
       [
        -81.613189,
        35.706029
       ],
       [
        -81.613941,
        35.704683
       ],
       [
        -81.614523,
        35.704411
       ],
       [
        -81.615351,
        35.703569
       ],
       [
        -81.615727,
        35.70333
       ],
       [
        -81.616159,
        35.703201
       ],
       [
        -81.616886,
        35.702596
       ],
       [
        -81.617718,
        35.702169
       ],
       [
        -81.617899,
        35.70187
       ],
       [
        -81.618108,
        35.701735
       ],
       [
        -81.618229,
        35.701414
       ],
       [
        -81.618512,
        35.701317
       ],
       [
        -81.619805,
        35.701142
       ],
       [
        -81.620092,
        35.701235
       ],
       [
        -81.620418,
        35.701035
       ],
       [
        -81.620716,
        35.700968
       ],
       [
        -81.620871,
        35.700992
       ],
       [
        -81.62115,
        35.701188
       ],
       [
        -81.621562,
        35.701244
       ],
       [
        -81.622165,
        35.701016
       ],
       [
        -81.622635,
        35.700984
       ],
       [
        -81.623019,
        35.70076
       ],
       [
        -81.623226,
        35.700731
       ],
       [
        -81.623681,
        35.700924
       ],
       [
        -81.623916,
        35.701161
       ],
       [
        -81.624141,
        35.701262
       ],
       [
        -81.624932,
        35.701357
       ],
       [
        -81.62543,
        35.701571
       ],
       [
        -81.626124,
        35.701713
       ],
       [
        -81.626834,
        35.701948
       ],
       [
        -81.627874,
        35.702482
       ],
       [
        -81.628669,
        35.702546
       ],
       [
        -81.629266,
        35.702787
       ],
       [
        -81.629886,
        35.70277
       ]
      ]
     ],
     "type": "MultiLineString"
    },
    "properties": {
     "length_km": 10.68,
     "n_sites": 9,
     "name": "East Prong Hunting Creek",
     "order": 2,
     "riverKey": "east prong hunting creek",
     "source": "osm",
     "waterway": "stream"
    },
    "type": "Feature"
   },
   {
    "geometry": {
     "coordinates": [
      [
       [
        -81.665975,
        35.720378
       ],
       [
        -81.666066,
        35.720894
       ],
       [
        -81.665948,
        35.721072
       ],
       [
        -81.6662,
        35.721517
       ],
       [
        -81.666019,
        35.721986
       ],
       [
        -81.666214,
        35.722376
       ],
       [
        -81.666102,
        35.722705
       ],
       [
        -81.666117,
        35.723137
       ],
       [
        -81.666274,
        35.723346
       ],
       [
        -81.666085,
        35.723629
       ],
       [
        -81.66618,
        35.72382
       ],
       [
        -81.666363,
        35.723932
       ],
       [
        -81.666547,
        35.724336
       ],
       [
        -81.666507,
        35.724685
       ],
       [
        -81.66609,
        35.725368
       ],
       [
        -81.665522,
        35.725463
       ],
       [
        -81.664443,
        35.72604
       ],
       [
        -81.664305,
        35.72622
       ],
       [
        -81.664264,
        35.726825
       ]
      ],
      [
       [
        -81.655408,
        35.687693
       ],
       [
        -81.655782,
        35.688214
       ],
       [
        -81.656347,
        35.688692
       ],
       [
        -81.656741,
        35.68946
       ],
       [
        -81.657296,
        35.689883
       ],
       [
        -81.659937,
        35.690337
       ],
       [
        -81.661628,
        35.690464
       ],
       [
        -81.662208,
        35.690404
       ],
       [
        -81.662628,
        35.690447
       ],
       [
        -81.663549,
        35.690921
       ],
       [
        -81.665051,
        35.691999
       ],
       [
        -81.665808,
        35.692734
       ],
       [
        -81.666342,
        35.694133
       ],
       [
        -81.667007,
        35.694989
       ],
       [
        -81.667338,
        35.695642
       ],
       [
        -81.667438,
        35.696061
       ],
       [
        -81.667424,
        35.696463
       ],
       [
        -81.667807,
        35.697099
       ],
       [
        -81.667624,
        35.6998
       ],
       [
        -81.667348,
        35.700832
       ],
       [
        -81.667201,
        35.701188
       ],
       [
        -81.666133,
        35.702677
       ],
       [
        -81.665892,
        35.703227
       ],
       [
        -81.666147,
        35.703909
       ],
       [
        -81.666771,
        35.705005
       ],
       [
        -81.66775,
        35.708147
       ],
       [
        -81.667894,
        35.713076
       ],
       [
        -81.66759,
        35.713609
       ],
       [
        -81.667516,
        35.714439
       ],
       [
        -81.667343,
        35.715048
       ],
       [
        -81.667302,
        35.715142
       ],
       [
        -81.667142,
        35.715185
       ],
       [
        -81.667163,
        35.715335
       ],
       [
        -81.666991,
        35.715628
       ],
       [
        -81.666586,
        35.715831
       ],
       [
        -81.666408,
        35.716046
       ],
       [
        -81.666352,
        35.716329
       ],
       [
        -81.666498,
        35.716414
       ],
       [
        -81.666514,
        35.71653
       ],
       [
        -81.666175,
        35.717052
       ],
       [
        -81.665801,
        35.717452
       ],
       [
        -81.665793,
        35.717718
       ],
       [
        -81.665367,
        35.718922
       ]
      ],
      [
       [
        -81.663977,
        35.72747
       ],
       [
        -81.663907,
        35.727552
       ],
       [
        -81.663978,
        35.727766
       ],
       [
        -81.663925,
        35.728048
       ],
       [
        -81.663528,
        35.728255
       ],
       [
        -81.663407,
        35.728603
       ],
       [
        -81.663041,
        35.72876
       ],
       [
        -81.662972,
        35.729094
       ],
       [
        -81.663683,
        35.729541
       ],
       [
        -81.664145,
        35.729983
       ],
       [
        -81.664176,
        35.730161
       ],
       [
        -81.664482,
        35.730153
       ],
       [
        -81.664522,
        35.730352
       ],
       [
        -81.664695,
        35.730337
       ],
       [
        -81.664836,
        35.730465
       ],
       [
        -81.665184,
        35.730468
       ],
       [
        -81.665943,
        35.731118
       ],
       [
        -81.666084,
        35.731416
       ],
       [
        -81.666463,
        35.731778
       ],
       [
        -81.666753,
        35.732283
       ],
       [
        -81.667022,
        35.733031
       ],
       [
        -81.667224,
        35.733203
       ],
       [
        -81.667099,
        35.73338
       ],
       [
        -81.667332,
        35.733522
       ],
       [
        -81.667495,
        35.734175
       ],
       [
        -81.667893,
        35.734907
       ],
       [
        -81.666715,
        35.735332
       ],
       [
        -81.661944,
        35.736093
       ],
       [
        -81.661609,
        35.73675
       ],
       [
        -81.661514,
        35.737799
       ],
       [
        -81.661358,
        35.73791
       ],
       [
        -81.661188,
        35.738224
       ],
       [
        -81.661279,
        35.738425
       ],
       [
        -81.661114,
        35.73955
       ],
       [
        -81.661179,
        35.739659
       ],
       [
        -81.661027,
        35.740242
       ],
       [
        -81.661068,
        35.74055
       ],
       [
        -81.66052,
        35.741009
       ]
      ]
     ],
     "type": "MultiLineString"
    },
    "properties": {
     "length_km": 7.35,
     "n_sites": 1,
     "name": "Fiddlers Run",
     "order": 2,
     "riverKey": "fiddlers run",
     "source": "osm",
     "waterway": "stream"
    },
    "type": "Feature"
   },
   {
    "geometry": {
     "coordinates": [
      [
       -81.661457,
       35.642092
      ],
      [
       -81.661079,
       35.642734
      ],
      [
       -81.660948,
       35.643185
      ],
      [
       -81.661219,
       35.645027
      ],
      [
       -81.66107,
       35.645293
      ],
      [
       -81.660671,
       35.645488
      ],
      [
       -81.659805,
       35.645525
      ],
      [
       -81.658545,
       35.645365
      ],
      [
       -81.656075,
       35.645782
      ],
      [
       -81.652027,
       35.645428
      ],
      [
       -81.648865,
       35.64554
      ],
      [
       -81.647816,
       35.645664
      ],
      [
       -81.646464,
       35.646132
      ],
      [
       -81.645238,
       35.646679
      ],
      [
       -81.644944,
       35.646905
      ],
      [
       -81.643986,
       35.648223
      ],
      [
       -81.642546,
       35.649121
      ],
      [
       -81.641876,
       35.649359
      ],
      [
       -81.640583,
       35.649293
      ],
      [
       -81.640362,
       35.649581
      ],
      [
       -81.640377,
       35.649909
      ],
      [
       -81.640486,
       35.650092
      ],
      [
       -81.640703,
       35.650186
      ],
      [
       -81.640945,
       35.650424
      ],
      [
       -81.64166,
       35.651886
      ],
      [
       -81.641755,
       35.654059
      ],
      [
       -81.641837,
       35.654154
      ],
      [
       -81.642085,
       35.654219
      ],
      [
       -81.642353,
       35.654535
      ],
      [
       -81.642575,
       35.655046
      ],
      [
       -81.642577,
       35.655353
      ],
      [
       -81.642485,
       35.655548
      ],
      [
       -81.642301,
       35.655621
      ],
      [
       -81.641773,
       35.655473
      ],
      [
       -81.641236,
       35.655441
      ],
      [
       -81.639931,
       35.655572
      ],
      [
       -81.639326,
       35.655794
      ],
      [
       -81.638245,
       35.656384
      ],
      [
       -81.638138,
       35.656664
      ],
      [
       -81.638308,
       35.657645
      ],
      [
       -81.638256,
       35.658078
      ],
      [
       -81.637429,
       35.660414
      ],
      [
       -81.63692,
       35.661382
      ],
      [
       -81.636524,
       35.661809
      ],
      [
       -81.635745,
       35.662272
      ],
      [
       -81.633978,
       35.663091
      ],
      [
       -81.63346,
       35.663049
      ],
      [
       -81.632428,
       35.662645
      ],
      [
       -81.631775,
       35.662558
      ],
      [
       -81.631507,
       35.662824
      ],
      [
       -81.631115,
       35.663808
      ],
      [
       -81.630383,
       35.66474
      ],
      [
       -81.630131,
       35.665211
      ],
      [
       -81.62996,
       35.665312
      ],
      [
       -81.62901,
       35.665348
      ],
      [
       -81.628689,
       35.665262
      ],
      [
       -81.627803,
       35.664819
      ],
      [
       -81.627372,
       35.664722
      ],
      [
       -81.627123,
       35.665321
      ],
      [
       -81.627168,
       35.666253
      ],
      [
       -81.627042,
       35.666655
      ],
      [
       -81.626472,
       35.667262
      ],
      [
       -81.625713,
       35.667901
      ],
      [
       -81.624856,
       35.668313
      ],
      [
       -81.622022,
       35.668312
      ],
      [
       -81.621446,
       35.668173
      ],
      [
       -81.621162,
       35.667985
      ],
      [
       -81.62087,
       35.66751
      ],
      [
       -81.620177,
       35.665764
      ],
      [
       -81.61964,
       35.664998
      ],
      [
       -81.619429,
       35.664186
      ],
      [
       -81.619454,
       35.663734
      ],
      [
       -81.619306,
       35.663314
      ],
      [
       -81.619052,
       35.662846
      ],
      [
       -81.618664,
       35.662539
      ],
      [
       -81.618345,
       35.662483
      ],
      [
       -81.617776,
       35.662748
      ],
      [
       -81.61703,
       35.663971
      ],
      [
       -81.616421,
       35.664406
      ],
      [
       -81.616163,
       35.664736
      ],
      [
       -81.615593,
       35.665024
      ],
      [
       -81.614961,
       35.665122
      ],
      [
       -81.614273,
       35.66508
      ],
      [
       -81.613329,
       35.66489
      ],
      [
       -81.613039,
       35.664729
      ],
      [
       -81.612958,
       35.66448
      ],
      [
       -81.61307,
       35.664251
      ],
      [
       -81.613602,
       35.6637
      ],
      [
       -81.613747,
       35.663459
      ],
      [
       -81.613818,
       35.663088
      ],
      [
       -81.61358,
       35.66247
      ],
      [
       -81.613298,
       35.662309
      ],
      [
       -81.613087,
       35.661955
      ],
      [
       -81.611966,
       35.660717
      ],
      [
       -81.611974,
       35.660445
      ],
      [
       -81.612218,
       35.660159
      ],
      [
       -81.612666,
       35.659873
      ],
      [
       -81.61283,
       35.659486
      ],
      [
       -81.612718,
       35.658822
      ],
      [
       -81.611888,
       35.657624
      ],
      [
       -81.611504,
       35.657275
      ],
      [
       -81.611243,
       35.657273
      ],
      [
       -81.611036,
       35.657378
      ],
      [
       -81.610949,
       35.657565
      ],
      [
       -81.611092,
       35.657923
      ],
      [
       -81.610971,
       35.658338
      ],
      [
       -81.610383,
       35.659238
      ],
      [
       -81.61014,
       35.659443
      ],
      [
       -81.60997,
       35.659401
      ],
      [
       -81.609785,
       35.659084
      ],
      [
       -81.609625,
       35.658533
      ],
      [
       -81.609109,
       35.658114
      ],
      [
       -81.608198,
       35.656899
      ],
      [
       -81.607171,
       35.656061
      ],
      [
       -81.604971,
       35.654974
      ],
      [
       -81.60469,
       35.655034
      ],
      [
       -81.604536,
       35.655438
      ],
      [
       -81.603978,
       35.656131
      ],
      [
       -81.60323,
       35.657716
      ],
      [
       -81.603155,
       35.657958
      ],
      [
       -81.603209,
       35.65831
      ],
      [
       -81.602998,
       35.658646
      ],
      [
       -81.602654,
       35.659977
      ],
      [
       -81.602464,
       35.660411
      ],
      [
       -81.602455,
       35.660735
      ],
      [
       -81.602584,
       35.660955
      ],
      [
       -81.602991,
       35.661243
      ],
      [
       -81.604273,
       35.6618
      ],
      [
       -81.605249,
       35.662374
      ],
      [
       -81.606634,
       35.662513
      ],
      [
       -81.606963,
       35.662799
      ],
      [
       -81.607198,
       35.663227
      ],
      [
       -81.607207,
       35.663515
      ],
      [
       -81.606992,
       35.6637
      ],
      [
       -81.606574,
       35.663862
      ],
      [
       -81.605324,
       35.664168
      ],
      [
       -81.605148,
       35.664342
      ],
      [
       -81.604964,
       35.66478
      ],
      [
       -81.604327,
       35.664988
      ],
      [
       -81.603706,
       35.665064
      ],
      [
       -81.602918,
       35.664651
      ],
      [
       -81.601932,
       35.664557
      ],
      [
       -81.601346,
       35.664368
      ],
      [
       -81.601068,
       35.664443
      ],
      [
       -81.600662,
       35.664831
      ],
      [
       -81.599896,
       35.665122
      ],
      [
       -81.599307,
       35.665145
      ],
      [
       -81.598679,
       35.665314
      ],
      [
       -81.597388,
       35.665514
      ],
      [
       -81.597176,
       35.665691
      ],
      [
       -81.597057,
       35.665956
      ],
      [
       -81.597128,
       35.666285
      ],
      [
       -81.597401,
       35.666487
      ],
      [
       -81.598435,
       35.666736
      ],
      [
       -81.598651,
       35.667029
      ],
      [
       -81.598603,
       35.66718
      ],
      [
       -81.598276,
       35.667428
      ],
      [
       -81.597492,
       35.66796
      ],
      [
       -81.597179,
       35.66807
      ],
      [
       -81.596915,
       35.668061
      ],
      [
       -81.59663,
       35.667906
      ],
      [
       -81.595943,
       35.667143
      ],
      [
       -81.595369,
       35.666054
      ],
      [
       -81.595023,
       35.665145
      ],
      [
       -81.594386,
       35.664407
      ],
      [
       -81.59422,
       35.664302
      ],
      [
       -81.593265,
       35.664154
      ],
      [
       -81.592665,
       35.663805
      ],
      [
       -81.591763,
       35.663077
      ],
      [
       -81.591517,
       35.662667
      ],
      [
       -81.59164,
       35.661605
      ],
      [
       -81.591377,
       35.661367
      ],
      [
       -81.591108,
       35.661343
      ],
      [
       -81.590912,
       35.661413
      ],
      [
       -81.590356,
       35.661966
      ],
      [
       -81.589253,
       35.662403
      ],
      [
       -81.588204,
       35.66229
      ],
      [
       -81.585776,
       35.662365
      ],
      [
       -81.585009,
       35.662151
      ],
      [
       -81.58416,
       35.661648
      ],
      [
       -81.583756,
       35.661719
      ],
      [
       -81.58356,
       35.662697
      ],
      [
       -81.583597,
       35.663074
      ],
      [
       -81.583737,
       35.663439
      ],
      [
       -81.585191,
       35.665652
      ],
      [
       -81.585374,
       35.666042
      ],
      [
       -81.585284,
       35.666256
      ],
      [
       -81.584699,
       35.66657
      ],
      [
       -81.583403,
       35.666963
      ],
      [
       -81.583183,
       35.666967
      ],
      [
       -81.581851,
       35.666689
      ],
      [
       -81.581397,
       35.666485
      ],
      [
       -81.581295,
       35.666357
      ],
      [
       -81.581262,
       35.664993
      ],
      [
       -81.580911,
       35.663905
      ],
      [
       -81.580324,
       35.66258
      ],
      [
       -81.580059,
       35.662553
      ],
      [
       -81.579795,
       35.662817
      ],
      [
       -81.579462,
       35.663005
      ],
      [
       -81.578915,
       35.66318
      ],
      [
       -81.577905,
       35.663244
      ],
      [
       -81.576988,
       35.663105
      ],
      [
       -81.576732,
       35.663002
      ],
      [
       -81.576615,
       35.66285
      ],
      [
       -81.576536,
       35.66247
      ],
      [
       -81.575513,
       35.660815
      ],
      [
       -81.575234,
       35.660733
      ],
      [
       -81.573398,
       35.662093
      ],
      [
       -81.571532,
       35.663948
      ],
      [
       -81.570396,
       35.664978
      ],
      [
       -81.57004,
       35.665171
      ],
      [
       -81.567638,
       35.666024
      ],
      [
       -81.563949,
       35.666438
      ],
      [
       -81.563499,
       35.666356
      ],
      [
       -81.562485,
       35.66589
      ],
      [
       -81.562084,
       35.665796
      ],
      [
       -81.561927,
       35.665847
      ],
      [
       -81.561748,
       35.666041
      ],
      [
       -81.56052,
       35.666571
      ],
      [
       -81.560398,
       35.667121
      ],
      [
       -81.560162,
       35.667535
      ],
      [
       -81.559727,
       35.66794
      ],
      [
       -81.559306,
       35.668035
      ],
      [
       -81.559142,
       35.668005
      ],
      [
       -81.558695,
       35.667676
      ],
      [
       -81.558046,
       35.666891
      ],
      [
       -81.557777,
       35.666418
      ],
      [
       -81.556976,
       35.665556
      ],
      [
       -81.556512,
       35.664452
      ],
      [
       -81.555228,
       35.662604
      ],
      [
       -81.555017,
       35.661983
      ],
      [
       -81.554828,
       35.661825
      ],
      [
       -81.554632,
       35.661791
      ],
      [
       -81.553955,
       35.661913
      ],
      [
       -81.553676,
       35.662039
      ],
      [
       -81.553467,
       35.662194
      ],
      [
       -81.553242,
       35.663024
      ],
      [
       -81.553094,
       35.663165
      ],
      [
       -81.552848,
       35.663226
      ],
      [
       -81.552392,
       35.663127
      ],
      [
       -81.551809,
       35.662851
      ],
      [
       -81.551311,
       35.662501
      ],
      [
       -81.549538,
       35.662321
      ],
      [
       -81.547761,
       35.662034
      ],
      [
       -81.546511,
       35.661627
      ],
      [
       -81.545613,
       35.661177
      ],
      [
       -81.544508,
       35.660334
      ],
      [
       -81.543719,
       35.659517
      ],
      [
       -81.543466,
       35.659469
      ],
      [
       -81.543176,
       35.659494
      ],
      [
       -81.542725,
       35.659973
      ],
      [
       -81.542686,
       35.66016
      ],
      [
       -81.542721,
       35.660412
      ],
      [
       -81.543131,
       35.660852
      ],
      [
       -81.543469,
       35.661546
      ],
      [
       -81.543478,
       35.661955
      ],
      [
       -81.543191,
       35.662397
      ],
      [
       -81.54281,
       35.662642
      ],
      [
       -81.540742,
       35.663478
      ],
      [
       -81.540267,
       35.663409
      ],
      [
       -81.539038,
       35.662902
      ],
      [
       -81.538592,
       35.662781
      ],
      [
       -81.538384,
       35.662804
      ],
      [
       -81.537941,
       35.663177
      ],
      [
       -81.537433,
       35.663873
      ],
      [
       -81.537423,
       35.664181
      ],
      [
       -81.537517,
       35.664297
      ],
      [
       -81.537717,
       35.664341
      ],
      [
       -81.53804,
       35.664255
      ],
      [
       -81.538542,
       35.664248
      ],
      [
       -81.540117,
       35.664601
      ],
      [
       -81.540325,
       35.664768
      ],
      [
       -81.540508,
       35.665472
      ],
      [
       -81.540816,
       35.666165
      ],
      [
       -81.54261,
       35.668864
      ],
      [
       -81.542826,
       35.669243
      ],
      [
       -81.542891,
       35.669554
      ],
      [
       -81.54266,
       35.669895
      ],
      [
       -81.542378,
       35.670105
      ],
      [
       -81.542134,
       35.670171
      ],
      [
       -81.54188,
       35.670154
      ],
      [
       -81.540956,
       35.669871
      ],
      [
       -81.539735,
       35.669322
      ],
      [
       -81.539487,
       35.669286
      ],
      [
       -81.539239,
       35.669351
      ],
      [
       -81.53921,
       35.670104
      ],
      [
       -81.538906,
       35.670865
      ],
      [
       -81.537562,
       35.671885
      ],
      [
       -81.537325,
       35.67213
      ],
      [
       -81.536917,
       35.672995
      ],
      [
       -81.535153,
       35.674322
      ],
      [
       -81.534633,
       35.675204
      ],
      [
       -81.53418,
       35.675568
      ],
      [
       -81.533706,
       35.675742
      ],
      [
       -81.532917,
       35.675637
      ],
      [
       -81.531862,
       35.674783
      ],
      [
       -81.531194,
       35.674386
      ],
      [
       -81.530246,
       35.674197
      ],
      [
       -81.529056,
       35.674237
      ],
      [
       -81.528664,
       35.674185
      ],
      [
       -81.528227,
       35.674025
      ],
      [
       -81.527746,
       35.67408
      ],
      [
       -81.527505,
       35.674025
      ],
      [
       -81.526581,
       35.673586
      ],
      [
       -81.525546,
       35.673285
      ],
      [
       -81.522993,
       35.672252
      ],
      [
       -81.522609,
       35.672323
      ],
      [
       -81.522053,
       35.672663
      ],
      [
       -81.521272,
       35.67299
      ],
      [
       -81.520701,
       35.67312
      ],
      [
       -81.520058,
       35.673454
      ],
      [
       -81.519607,
       35.67388
      ],
      [
       -81.519228,
       35.673822
      ]
     ],
     "type": "LineString"
    },
    "properties": {
     "length_km": 24.5,
     "n_sites": 1,
     "name": "Henry Fork",
     "order": 2,
     "riverKey": "henry fork",
     "source": "osm",
     "waterway": "stream"
    },
    "type": "Feature"
   },
   {
    "geometry": {
     "coordinates": [
      [
       [
        -81.629709,
        35.745493
       ],
       [
        -81.630258,
        35.746107
       ],
       [
        -81.630619,
        35.74678
       ],
       [
        -81.630411,
        35.74856
       ],
       [
        -81.630203,
        35.749399
       ],
       [
        -81.630172,
        35.750081
       ],
       [
        -81.629702,
        35.752638
       ],
       [
        -81.62957,
        35.75307
       ],
       [
        -81.628507,
        35.754837
       ],
       [
        -81.628091,
        35.755804
       ],
       [
        -81.627358,
        35.756403
       ],
       [
        -81.627081,
        35.756786
       ],
       [
        -81.626654,
        35.758695
       ],
       [
        -81.626545,
        35.75885
       ],
       [
        -81.626125,
        35.75905
       ],
       [
        -81.625988,
        35.75934
       ],
       [
        -81.625858,
        35.759408
       ],
       [
        -81.625705,
        35.759379
       ],
       [
        -81.625297,
        35.759025
       ],
       [
        -81.624635,
        35.758993
       ],
       [
        -81.623954,
        35.758752
       ],
       [
        -81.623314,
        35.759021
       ],
       [
        -81.623179,
        35.759187
       ],
       [
        -81.62299,
        35.75916
       ],
       [
        -81.622828,
        35.759293
       ],
       [
        -81.622714,
        35.759789
       ],
       [
        -81.622586,
        35.759952
       ],
       [
        -81.62237,
        35.760086
       ],
       [
        -81.622181,
        35.760032
       ],
       [
        -81.621912,
        35.760079
       ],
       [
        -81.621217,
        35.760658
       ],
       [
        -81.621029,
        35.761059
       ],
       [
        -81.62106,
        35.761537
       ]
      ],
      [
       [
        -81.625835,
        35.738102
       ],
       [
        -81.626657,
        35.738656
       ],
       [
        -81.627167,
        35.73972
       ],
       [
        -81.627233,
        35.739924
       ],
       [
        -81.627017,
        35.740393
       ],
       [
        -81.62694,
        35.741042
       ],
       [
        -81.626956,
        35.741353
       ],
       [
        -81.627178,
        35.742046
       ],
       [
        -81.627544,
        35.742463
       ],
       [
        -81.628909,
        35.743344
       ],
       [
        -81.629186,
        35.743927
       ],
       [
        -81.62927,
        35.744486
       ],
       [
        -81.62967,
        35.745254
       ]
      ],
      [
       [
        -81.620097,
        35.762752
       ],
       [
        -81.619143,
        35.763211
       ],
       [
        -81.618785,
        35.763612
       ],
       [
        -81.618867,
        35.763963
       ],
       [
        -81.619332,
        35.764628
       ],
       [
        -81.619359,
        35.764783
       ],
       [
        -81.618928,
        35.765349
       ],
       [
        -81.618315,
        35.76581
       ],
       [
        -81.618396,
        35.766251
       ],
       [
        -81.618767,
        35.766799
       ],
       [
        -81.618687,
        35.766949
       ],
       [
        -81.618471,
        35.767042
       ],
       [
        -81.61785,
        35.767124
       ],
       [
        -81.616798,
        35.766591
       ],
       [
        -81.616123,
        35.766482
       ],
       [
        -81.615423,
        35.766762
       ],
       [
        -81.614802,
        35.767203
       ],
       [
        -81.612288,
        35.768203
       ],
       [
        -81.609843,
        35.768543
       ],
       [
        -81.609367,
        35.768523
       ]
      ],
      [
       [
        -81.609228,
        35.768471
       ],
       [
        -81.607567,
        35.768112
       ],
       [
        -81.607108,
        35.76815
       ],
       [
        -81.606083,
        35.768032
       ],
       [
        -81.605739,
        35.768157
       ],
       [
        -81.60547,
        35.768916
       ],
       [
        -81.605274,
        35.769093
       ],
       [
        -81.605045,
        35.769103
       ],
       [
        -81.604903,
        35.769009
       ],
       [
        -81.604809,
        35.768795
       ],
       [
        -81.604694,
        35.768048
       ],
       [
        -81.604127,
        35.767636
       ],
       [
        -81.603908,
        35.767581
       ],
       [
        -81.603428,
        35.768172
       ],
       [
        -81.602116,
        35.768382
       ],
       [
        -81.601633,
        35.768642
       ],
       [
        -81.600385,
        35.768901
       ],
       [
        -81.599684,
        35.769205
       ],
       [
        -81.598726,
        35.769275
       ],
       [
        -81.598079,
        35.769704
       ],
       [
        -81.597513,
        35.769876
       ],
       [
        -81.597465,
        35.770022
       ],
       [
        -81.597101,
        35.770349
       ],
       [
        -81.596158,
        35.770662
       ],
       [
        -81.594235,
        35.770992
       ],
       [
        -81.591241,
        35.771773
       ],
       [
        -81.589771,
        35.771877
       ],
       [
        -81.588793,
        35.772279
       ],
       [
        -81.588227,
        35.772417
       ],
       [
        -81.58731,
        35.772428
       ],
       [
        -81.58676,
        35.772262
       ],
       [
        -81.586099,
        35.772313
       ]
      ]
     ],
     "type": "MultiLineString"
    },
    "properties": {
     "length_km": 7.19,
     "n_sites": 1,
     "name": "Howard Creek",
     "order": 2,
     "riverKey": "howard creek",
     "source": "osm",
     "waterway": "stream"
    },
    "type": "Feature"
   },
   {
    "geometry": {
     "coordinates": [
      [
       [
        -81.689772,
        35.66316
       ],
       [
        -81.691023,
        35.664751
       ],
       [
        -81.691431,
        35.665101
       ],
       [
        -81.691498,
        35.665349
       ],
       [
        -81.692183,
        35.666153
       ],
       [
        -81.692398,
        35.666667
       ],
       [
        -81.692764,
        35.667038
       ],
       [
        -81.692868,
        35.667319
       ],
       [
        -81.693154,
        35.667628
       ],
       [
        -81.693655,
        35.667842
       ],
       [
        -81.694267,
        35.668807
       ],
       [
        -81.694317,
        35.669063
       ],
       [
        -81.694142,
        35.669364
       ],
       [
        -81.694175,
        35.669836
       ],
       [
        -81.694006,
        35.670643
       ],
       [
        -81.69414,
        35.670965
       ],
       [
        -81.695125,
        35.672209
       ],
       [
        -81.695507,
        35.673117
       ],
       [
        -81.695737,
        35.67342
       ],
       [
        -81.696007,
        35.674395
       ],
       [
        -81.696028,
        35.675132
       ],
       [
        -81.695553,
        35.675585
       ],
       [
        -81.69508,
        35.675851
       ],
       [
        -81.694488,
        35.675896
       ],
       [
        -81.694104,
        35.676012
       ],
       [
        -81.694109,
        35.676213
       ],
       [
        -81.693856,
        35.676262
       ],
       [
        -81.693762,
        35.676487
       ],
       [
        -81.69314,
        35.676864
       ],
       [
        -81.692155,
        35.676996
       ],
       [
        -81.69168,
        35.67684
       ],
       [
        -81.691113,
        35.67703
       ],
       [
        -81.690631,
        35.677041
       ],
       [
        -81.690292,
        35.677242
       ],
       [
        -81.689512,
        35.677147
       ],
       [
        -81.689214,
        35.67728
       ],
       [
        -81.68802,
        35.677419
       ],
       [
        -81.687913,
        35.677501
       ],
       [
        -81.686857,
        35.679849
       ],
       [
        -81.685397,
        35.68162
       ],
       [
        -81.684852,
        35.682092
       ],
       [
        -81.684621,
        35.683018
       ],
       [
        -81.684352,
        35.683429
       ],
       [
        -81.684183,
        35.683954
       ],
       [
        -81.684265,
        35.684287
       ],
       [
        -81.6853,
        35.685739
       ],
       [
        -81.685722,
        35.686137
       ],
       [
        -81.686856,
        35.688188
       ],
       [
        -81.687399,
        35.688815
       ],
       [
        -81.687751,
        35.689367
       ],
       [
        -81.687812,
        35.69006
       ],
       [
        -81.687988,
        35.690541
       ],
       [
        -81.689107,
        35.692055
       ],
       [
        -81.68915,
        35.692312
       ],
       [
        -81.689028,
        35.692677
       ],
       [
        -81.689075,
        35.692934
       ],
       [
        -81.688976,
        35.693082
       ],
       [
        -81.688083,
        35.693715
       ],
       [
        -81.686997,
        35.694633
       ],
       [
        -81.68651,
        35.69519
       ],
       [
        -81.685843,
        35.69577
       ],
       [
        -81.682392,
        35.697134
       ],
       [
        -81.682005,
        35.697351
       ],
       [
        -81.681661,
        35.69768
       ],
       [
        -81.68113,
        35.697939
       ],
       [
        -81.680294,
        35.69886
       ],
       [
        -81.680018,
        35.699219
       ],
       [
        -81.680046,
        35.699551
       ],
       [
        -81.679622,
        35.700084
       ],
       [
        -81.679384,
        35.70086
       ],
       [
        -81.678977,
        35.702433
       ],
       [
        -81.678629,
        35.704341
       ],
       [
        -81.678456,
        35.704823
       ],
       [
        -81.678405,
        35.705427
       ],
       [
        -81.678517,
        35.705751
       ],
       [
        -81.679264,
        35.706669
       ],
       [
        -81.681805,
        35.709232
       ],
       [
        -81.681876,
        35.709434
       ],
       [
        -81.681832,
        35.709646
       ],
       [
        -81.682012,
        35.709992
       ],
       [
        -81.681949,
        35.710857
       ],
       [
        -81.682103,
        35.711302
       ],
       [
        -81.682111,
        35.711696
       ],
       [
        -81.682283,
        35.711999
       ],
       [
        -81.683014,
        35.712697
       ],
       [
        -81.684491,
        35.715308
       ],
       [
        -81.684546,
        35.715605
       ],
       [
        -81.684268,
        35.715853
       ],
       [
        -81.684272,
        35.71594
       ],
       [
        -81.685317,
        35.717615
       ],
       [
        -81.685386,
        35.717772
       ],
       [
        -81.685313,
        35.718192
       ]
      ],
      [
       [
        -81.684864,
        35.718636
       ],
       [
        -81.684703,
        35.718818
       ],
       [
        -81.684313,
        35.718747
       ],
       [
        -81.684203,
        35.718925
       ],
       [
        -81.683382,
        35.71913
       ],
       [
        -81.683418,
        35.719395
       ],
       [
        -81.683219,
        35.719697
       ],
       [
        -81.683267,
        35.719871
       ]
      ],
      [
       [
        -81.683291,
        35.719949
       ],
       [
        -81.683119,
        35.72022
       ],
       [
        -81.683176,
        35.720415
       ],
       [
        -81.682977,
        35.720581
       ],
       [
        -81.682942,
        35.720777
       ],
       [
        -81.683134,
        35.72131
       ],
       [
        -81.68346,
        35.72186
       ],
       [
        -81.683477,
        35.722044
       ],
       [
        -81.683733,
        35.722254
       ],
       [
        -81.683904,
        35.722727
       ],
       [
        -81.683934,
        35.723741
       ],
       [
        -81.684101,
        35.724102
       ],
       [
        -81.684065,
        35.724341
       ],
       [
        -81.684192,
        35.724545
       ],
       [
        -81.684239,
        35.725232
       ],
       [
        -81.684357,
        35.725396
       ],
       [
        -81.684271,
        35.725514
       ],
       [
        -81.684315,
        35.725895
       ],
       [
        -81.683794,
        35.726184
       ],
       [
        -81.683633,
        35.726433
       ],
       [
        -81.683321,
        35.726667
       ],
       [
        -81.683192,
        35.72699
       ],
       [
        -81.683646,
        35.727576
       ],
       [
        -81.683936,
        35.728416
       ],
       [
        -81.684159,
        35.728637
       ],
       [
        -81.684181,
        35.728908
       ],
       [
        -81.683944,
        35.729132
       ],
       [
        -81.6839,
        35.72938
       ],
       [
        -81.68365,
        35.729717
       ],
       [
        -81.683325,
        35.729792
       ],
       [
        -81.682704,
        35.730253
       ],
       [
        -81.682701,
        35.730445
       ],
       [
        -81.682316,
        35.731249
       ],
       [
        -81.682343,
        35.731562
       ],
       [
        -81.682003,
        35.731786
       ],
       [
        -81.681972,
        35.731884
       ],
       [
        -81.682094,
        35.731987
       ],
       [
        -81.681586,
        35.733067
       ],
       [
        -81.681523,
        35.73346
       ],
       [
        -81.681321,
        35.733904
       ],
       [
        -81.680753,
        35.734789
       ],
       [
        -81.680521,
        35.734969
       ],
       [
        -81.680036,
        35.735667
       ],
       [
        -81.679191,
        35.736535
       ],
       [
        -81.67877,
        35.737396
       ],
       [
        -81.678874,
        35.737635
       ],
       [
        -81.678851,
        35.737825
       ]
      ],
      [
       [
        -81.679028,
        35.741304
       ],
       [
        -81.678403,
        35.741735
       ],
       [
        -81.677763,
        35.741783
       ],
       [
        -81.677333,
        35.741664
       ],
       [
        -81.676918,
        35.741327
       ],
       [
        -81.676444,
        35.741253
       ],
       [
        -81.675916,
        35.740856
       ],
       [
        -81.675856,
        35.740532
       ],
       [
        -81.675547,
        35.740245
       ],
       [
        -81.673331,
        35.740143
       ],
       [
        -81.673258,
        35.740344
       ],
       [
        -81.672594,
        35.740618
       ],
       [
        -81.672448,
        35.74082
       ],
       [
        -81.670943,
        35.742029
       ],
       [
        -81.670474,
        35.742466
       ],
       [
        -81.670235,
        35.742807
       ]
      ],
      [
       [
        -81.670122,
        35.743014
       ],
       [
        -81.670034,
        35.743388
       ],
       [
        -81.669848,
        35.743705
       ],
       [
        -81.669298,
        35.74419
       ],
       [
        -81.665421,
        35.745526
       ],
       [
        -81.665052,
        35.745774
       ],
       [
        -81.66461,
        35.745945
       ],
       [
        -81.664415,
        35.746084
       ],
       [
        -81.664349,
        35.746242
       ],
       [
        -81.66361,
        35.746741
       ],
       [
        -81.660533,
        35.747861
       ],
       [
        -81.660072,
        35.749323
       ],
       [
        -81.659132,
        35.750087
       ],
       [
        -81.658812,
        35.750106
       ],
       [
        -81.658573,
        35.750638
       ],
       [
        -81.658007,
        35.751419
       ],
       [
        -81.658013,
        35.751552
       ],
       [
        -81.658242,
        35.751614
       ],
       [
        -81.658795,
        35.752056
       ],
       [
        -81.658971,
        35.752451
       ],
       [
        -81.658798,
        35.752612
       ],
       [
        -81.657981,
        35.752999
       ],
       [
        -81.657645,
        35.753367
       ],
       [
        -81.657751,
        35.753698
       ],
       [
        -81.65821,
        35.754213
       ],
       [
        -81.658449,
        35.754366
       ],
       [
        -81.658489,
        35.754529
       ],
       [
        -81.658195,
        35.754811
       ],
       [
        -81.657659,
        35.755004
       ],
       [
        -81.65759,
        35.755194
       ],
       [
        -81.657723,
        35.755368
       ],
       [
        -81.657583,
        35.755558
       ],
       [
        -81.656786,
        35.755811
       ],
       [
        -81.656336,
        35.75652
       ],
       [
        -81.655821,
        35.756636
       ],
       [
        -81.655645,
        35.756985
       ],
       [
        -81.655235,
        35.757227
       ],
       [
        -81.655185,
        35.757384
       ],
       [
        -81.655275,
        35.757694
       ],
       [
        -81.65514,
        35.757834
       ],
       [
        -81.655152,
        35.757934
       ],
       [
        -81.65538,
        35.758154
       ],
       [
        -81.654927,
        35.75871
       ],
       [
        -81.654969,
        35.758865
       ],
       [
        -81.655141,
        35.759013
       ],
       [
        -81.654867,
        35.759385
       ],
       [
        -81.654992,
        35.759726
       ],
       [
        -81.654872,
        35.760016
       ],
       [
        -81.655333,
        35.760494
       ],
       [
        -81.655555,
        35.760904
       ],
       [
        -81.655738,
        35.762271
       ],
       [
        -81.656526,
        35.763121
       ],
       [
        -81.656631,
        35.764143
       ],
       [
        -81.656824,
        35.764556
       ],
       [
        -81.657271,
        35.764878
       ],
       [
        -81.657677,
        35.764752
       ],
       [
        -81.657942,
        35.764416
       ],
       [
        -81.658207,
        35.763022
       ],
       [
        -81.658022,
        35.762378
       ],
       [
        -81.658076,
        35.761938
       ],
       [
        -81.658326,
        35.761859
       ],
       [
        -81.658872,
        35.761862
       ],
       [
        -81.659289,
        35.76195
       ],
       [
        -81.65944,
        35.762136
       ],
       [
        -81.659605,
        35.762601
       ],
       [
        -81.65993,
        35.763013
       ],
       [
        -81.661157,
        35.763757
       ],
       [
        -81.661488,
        35.764051
       ],
       [
        -81.661821,
        35.765117
       ],
       [
        -81.661791,
        35.765471
       ],
       [
        -81.6616,
        35.765979
       ],
       [
        -81.660969,
        35.767116
       ],
       [
        -81.66112,
        35.767375
       ],
       [
        -81.661952,
        35.76788
       ],
       [
        -81.662408,
        35.768539
       ],
       [
        -81.662896,
        35.769715
       ],
       [
        -81.662879,
        35.770067
       ],
       [
        -81.662678,
        35.770527
       ],
       [
        -81.662698,
        35.770747
       ],
       [
        -81.662964,
        35.770875
       ],
       [
        -81.663545,
        35.770753
       ],
       [
        -81.664755,
        35.770084
       ],
       [
        -81.665067,
        35.770144
       ],
       [
        -81.665197,
        35.770286
       ],
       [
        -81.665212,
        35.770724
       ],
       [
        -81.664862,
        35.771119
       ],
       [
        -81.664591,
        35.771966
       ],
       [
        -81.664309,
        35.772171
       ],
       [
        -81.663345,
        35.772272
       ],
       [
        -81.663159,
        35.772366
       ],
       [
        -81.663011,
        35.772696
       ],
       [
        -81.663071,
        35.773539
       ],
       [
        -81.663292,
        35.774709
       ],
       [
        -81.664439,
        35.775179
       ],
       [
        -81.664784,
        35.775931
       ],
       [
        -81.664954,
        35.77659
       ]
      ],
      [
       [
        -81.665038,
        35.776809
       ],
       [
        -81.665226,
        35.7772
       ],
       [
        -81.665472,
        35.777452
       ],
       [
        -81.666202,
        35.777649
       ],
       [
        -81.666389,
        35.777853
       ],
       [
        -81.66635,
        35.778343
       ]
      ]
     ],
     "type": "MultiLineString"
    },
    "properties": {
     "length_km": 17.66,
     "n_sites": 16,
     "name": "Hunting Creek",
     "order": 4,
     "riverKey": "hunting creek",
     "source": "osm",
     "waterway": "river"
    },
    "type": "Feature"
   },
   {
    "geometry": {
     "coordinates": [
      [
       [
        -81.620633,
        35.805818
       ],
       [
        -81.620751,
        35.80564
       ],
       [
        -81.620964,
        35.805731
       ],
       [
        -81.62123,
        35.805547
       ],
       [
        -81.621187,
        35.805394
       ],
       [
        -81.621321,
        35.805259
       ],
       [
        -81.62126,
        35.805003
       ],
       [
        -81.621421,
        35.804227
       ],
       [
        -81.621508,
        35.804173
       ],
       [
        -81.62147,
        35.803904
       ],
       [
        -81.621617,
        35.803665
       ],
       [
        -81.62152,
        35.803374
       ],
       [
        -81.621713,
        35.803136
       ],
       [
        -81.621743,
        35.80293
       ],
       [
        -81.621908,
        35.802712
       ],
       [
        -81.622115,
        35.802726
       ],
       [
        -81.622421,
        35.802383
       ],
       [
        -81.622519,
        35.8024
       ],
       [
        -81.622558,
        35.802285
       ],
       [
        -81.622773,
        35.802254
       ],
       [
        -81.622824,
        35.802106
       ],
       [
        -81.623005,
        35.802102
       ],
       [
        -81.623111,
        35.801876
       ],
       [
        -81.622988,
        35.801653
       ],
       [
        -81.623018,
        35.801349
       ],
       [
        -81.623328,
        35.801102
       ],
       [
        -81.623582,
        35.800711
       ],
       [
        -81.624144,
        35.800326
       ],
       [
        -81.624207,
        35.80014
       ],
       [
        -81.624355,
        35.800106
       ],
       [
        -81.624621,
        35.799608
       ],
       [
        -81.6247,
        35.799251
       ],
       [
        -81.625199,
        35.799164
       ],
       [
        -81.625307,
        35.799069
       ],
       [
        -81.625093,
        35.799003
       ],
       [
        -81.625022,
        35.798791
       ],
       [
        -81.624846,
        35.798769
       ],
       [
        -81.624577,
        35.798565
       ],
       [
        -81.624021,
        35.798586
       ],
       [
        -81.623671,
        35.798735
       ],
       [
        -81.623337,
        35.798758
       ],
       [
        -81.623165,
        35.798654
       ],
       [
        -81.623192,
        35.798506
       ],
       [
        -81.62294,
        35.798227
       ],
       [
        -81.621795,
        35.797922
       ]
      ],
      [
       [
        -81.621677,
        35.797891
       ],
       [
        -81.621388,
        35.797709
       ],
       [
        -81.621312,
        35.7975
       ],
       [
        -81.621383,
        35.797072
       ],
       [
        -81.621225,
        35.796148
       ],
       [
        -81.620508,
        35.795296
       ],
       [
        -81.620421,
        35.795039
       ],
       [
        -81.620462,
        35.794938
       ],
       [
        -81.620778,
        35.794909
       ],
       [
        -81.620889,
        35.794523
       ],
       [
        -81.621193,
        35.793985
       ],
       [
        -81.621318,
        35.793665
       ],
       [
        -81.621149,
        35.793121
       ],
       [
        -81.621294,
        35.792958
       ]
      ],
      [
       [
        -81.621547,
        35.79281
       ],
       [
        -81.621637,
        35.792761
       ],
       [
        -81.621623,
        35.792544
       ],
       [
        -81.621471,
        35.792328
       ],
       [
        -81.620911,
        35.7919
       ],
       [
        -81.620809,
        35.791668
       ],
       [
        -81.620863,
        35.791492
       ],
       [
        -81.621058,
        35.791314
       ],
       [
        -81.621328,
        35.791222
       ],
       [
        -81.621942,
        35.791362
       ],
       [
        -81.622096,
        35.791339
       ],
       [
        -81.622611,
        35.791005
       ],
       [
        -81.622755,
        35.7908
       ],
       [
        -81.622771,
        35.790492
       ],
       [
        -81.622581,
        35.789889
       ],
       [
        -81.621956,
        35.78926
       ],
       [
        -81.620601,
        35.788676
       ]
      ],
      [
       [
        -81.607987,
        35.817073
       ],
       [
        -81.608864,
        35.815637
       ],
       [
        -81.609956,
        35.814352
       ],
       [
        -81.610604,
        35.814033
       ],
       [
        -81.612007,
        35.81373
       ],
       [
        -81.613302,
        35.813361
       ],
       [
        -81.613579,
        35.813213
       ],
       [
        -81.613977,
        35.812706
       ],
       [
        -81.614779,
        35.811068
       ],
       [
        -81.616822,
        35.809369
       ],
       [
        -81.617725,
        35.808831
       ],
       [
        -81.617897,
        35.808657
       ],
       [
        -81.617881,
        35.808215
       ],
       [
        -81.618074,
        35.808142
       ],
       [
        -81.618298,
        35.807921
       ],
       [
        -81.618379,
        35.806999
       ],
       [
        -81.618884,
        35.80645
       ],
       [
        -81.619438,
        35.805971
       ],
       [
        -81.619619,
        35.806056
       ],
       [
        -81.620341,
        35.805834
       ],
       [
        -81.620514,
        35.805844
       ]
      ]
     ],
     "type": "MultiLineString"
    },
    "properties": {
     "length_km": 4.55,
     "n_sites": 1,
     "name": "Jumping Branch",
     "order": 2,
     "riverKey": "jumping branch",
     "source": "osm",
     "waterway": "stream"
    },
    "type": "Feature"
   },
   {
    "geometry": {
     "coordinates": [
      [
       [
        -81.811083,
        35.704698
       ],
       [
        -81.810861,
        35.704644
       ],
       [
        -81.809796,
        35.704687
       ],
       [
        -81.809075,
        35.70487
       ],
       [
        -81.808381,
        35.70489
       ],
       [
        -81.807249,
        35.704907
       ],
       [
        -81.806063,
        35.704782
       ],
       [
        -81.804513,
        35.705144
       ],
       [
        -81.804277,
        35.705303
       ],
       [
        -81.80359,
        35.706061
       ],
       [
        -81.803004,
        35.706502
       ],
       [
        -81.802182,
        35.706947
       ],
       [
        -81.801184,
        35.707005
       ],
       [
        -81.80049,
        35.706956
       ],
       [
        -81.799196,
        35.706638
       ],
       [
        -81.798549,
        35.706786
       ],
       [
        -81.798253,
        35.706969
       ],
       [
        -81.797437,
        35.707968
       ],
       [
        -81.797329,
        35.708215
       ],
       [
        -81.797404,
        35.708672
       ],
       [
        -81.797343,
        35.709085
       ],
       [
        -81.796657,
        35.709421
       ],
       [
        -81.796417,
        35.709418
       ],
       [
        -81.796012,
        35.709573
       ]
      ],
      [
       [
        -81.795792,
        35.70957
       ],
       [
        -81.79569,
        35.7096
       ],
       [
        -81.795135,
        35.710255
       ],
       [
        -81.794505,
        35.711249
       ],
       [
        -81.794317,
        35.711706
       ],
       [
        -81.794013,
        35.712023
       ],
       [
        -81.79334,
        35.712115
       ],
       [
        -81.792022,
        35.712047
       ],
       [
        -81.791621,
        35.712303
       ],
       [
        -81.791419,
        35.712599
       ],
       [
        -81.791244,
        35.713112
       ],
       [
        -81.790839,
        35.713282
       ],
       [
        -81.79063,
        35.713723
       ],
       [
        -81.790421,
        35.713909
       ],
       [
        -81.789504,
        35.714409
       ],
       [
        -81.788567,
        35.714766
       ],
       [
        -81.787381,
        35.714975
       ],
       [
        -81.786829,
        35.715441
       ],
       [
        -81.784355,
        35.716541
       ],
       [
        -81.783418,
        35.717183
       ],
       [
        -81.78244,
        35.717633
       ],
       [
        -81.782184,
        35.717842
       ],
       [
        -81.78178,
        35.718463
       ],
       [
        -81.781591,
        35.718556
       ],
       [
        -81.781126,
        35.718573
       ],
       [
        -81.78056,
        35.71893
       ],
       [
        -81.780054,
        35.719058
       ],
       [
        -81.777352,
        35.718958
       ],
       [
        -81.775801,
        35.719407
       ],
       [
        -81.774999,
        35.719425
       ]
      ],
      [
       [
        -81.774873,
        35.7194
       ],
       [
        -81.773837,
        35.718779
       ],
       [
        -81.773342,
        35.718357
       ],
       [
        -81.772486,
        35.718115
       ],
       [
        -81.770315,
        35.71882
       ],
       [
        -81.769385,
        35.718901
       ]
      ],
      [
       [
        -81.769288,
        35.719018
       ],
       [
        -81.768853,
        35.71928
       ],
       [
        -81.768794,
        35.719392
       ],
       [
        -81.769101,
        35.719779
       ],
       [
        -81.768945,
        35.719918
       ],
       [
        -81.769128,
        35.720078
       ],
       [
        -81.769034,
        35.720251
       ],
       [
        -81.769128,
        35.720395
       ],
       [
        -81.76909,
        35.720518
       ],
       [
        -81.768805,
        35.720769
       ],
       [
        -81.768784,
        35.721152
       ],
       [
        -81.768509,
        35.721635
       ],
       [
        -81.767928,
        35.72212
       ],
       [
        -81.767679,
        35.72223
       ],
       [
        -81.767126,
        35.722279
       ],
       [
        -81.766627,
        35.722516
       ],
       [
        -81.765926,
        35.722581
       ],
       [
        -81.765144,
        35.722481
       ],
       [
        -81.764794,
        35.722354
       ],
       [
        -81.764565,
        35.722162
       ],
       [
        -81.764107,
        35.721597
       ],
       [
        -81.763467,
        35.721173
       ],
       [
        -81.762949,
        35.719756
       ],
       [
        -81.762753,
        35.719491
       ],
       [
        -81.762437,
        35.719304
       ],
       [
        -81.7621,
        35.718952
       ],
       [
        -81.761466,
        35.718577
       ],
       [
        -81.759762,
        35.718171
       ],
       [
        -81.75958,
        35.718188
       ],
       [
        -81.758427,
        35.718664
       ],
       [
        -81.757989,
        35.718604
       ],
       [
        -81.756756,
        35.718876
       ],
       [
        -81.756513,
        35.71887
       ],
       [
        -81.756444,
        35.719005
       ],
       [
        -81.756136,
        35.719164
       ]
      ],
      [
       [
        -81.756023,
        35.719338
       ],
       [
        -81.755666,
        35.720126
       ],
       [
        -81.755838,
        35.720559
       ],
       [
        -81.755968,
        35.720644
       ],
       [
        -81.755949,
        35.720923
       ],
       [
        -81.75562,
        35.721441
       ],
       [
        -81.755432,
        35.721571
       ],
       [
        -81.755018,
        35.721527
       ],
       [
        -81.754785,
        35.721641
       ],
       [
        -81.75473,
        35.722116
       ],
       [
        -81.754424,
        35.722553
       ],
       [
        -81.753992,
        35.722567
       ],
       [
        -81.753554,
        35.722416
       ],
       [
        -81.753252,
        35.722559
       ],
       [
        -81.752352,
        35.722535
       ],
       [
        -81.752395,
        35.722837
       ],
       [
        -81.752111,
        35.722949
       ],
       [
        -81.751769,
        35.723375
       ],
       [
        -81.751692,
        35.723623
       ],
       [
        -81.7515,
        35.723774
       ],
       [
        -81.751445,
        35.723999
       ],
       [
        -81.75125,
        35.724156
       ],
       [
        -81.75101,
        35.724779
       ],
       [
        -81.750638,
        35.724738
       ],
       [
        -81.750526,
        35.724923
       ],
       [
        -81.750564,
        35.725092
       ],
       [
        -81.750441,
        35.725237
       ],
       [
        -81.749616,
        35.72592
       ],
       [
        -81.749405,
        35.726199
       ],
       [
        -81.749136,
        35.726222
       ],
       [
        -81.749157,
        35.726443
       ],
       [
        -81.748881,
        35.726422
       ],
       [
        -81.748846,
        35.726657
       ],
       [
        -81.748626,
        35.726702
       ],
       [
        -81.748386,
        35.726974
       ],
       [
        -81.747345,
        35.727157
       ],
       [
        -81.74626,
        35.727003
       ],
       [
        -81.745684,
        35.727076
       ],
       [
        -81.744854,
        35.726978
       ],
       [
        -81.74448,
        35.727007
       ],
       [
        -81.74332,
        35.727298
       ],
       [
        -81.742401,
        35.727626
       ],
       [
        -81.74077,
        35.727881
       ],
       [
        -81.739398,
        35.728651
       ],
       [
        -81.738048,
        35.729768
       ],
       [
        -81.737469,
        35.729817
       ],
       [
        -81.737154,
        35.72952
       ]
      ],
      [
       [
        -81.736947,
        35.729404
       ],
       [
        -81.736727,
        35.729122
       ],
       [
        -81.736462,
        35.729064
       ],
       [
        -81.736422,
        35.728884
       ],
       [
        -81.736266,
        35.72885
       ],
       [
        -81.736222,
        35.728726
       ],
       [
        -81.73605,
        35.728691
       ],
       [
        -81.736015,
        35.728564
       ],
       [
        -81.7349,
        35.72758
       ],
       [
        -81.734389,
        35.727378
       ],
       [
        -81.733789,
        35.727314
       ],
       [
        -81.733217,
        35.727356
       ]
      ]
     ],
     "type": "MultiLineString"
    },
    "properties": {
     "length_km": 9.27,
     "n_sites": 5,
     "name": "Little Silver Creek",
     "order": 2,
     "riverKey": "little silver creek",
     "source": "osm",
     "waterway": "stream"
    },
    "type": "Feature"
   },
   {
    "geometry": {
     "coordinates": [
      [
       -81.626471,
       35.832659
      ],
      [
       -81.626876,
       35.832185
      ],
      [
       -81.628225,
       35.831359
      ],
      [
       -81.62862,
       35.830893
      ],
      [
       -81.628764,
       35.830598
      ],
      [
       -81.629126,
       35.83045
      ],
      [
       -81.630737,
       35.830306
      ],
      [
       -81.631111,
       35.83032
      ],
      [
       -81.631435,
       35.830438
      ],
      [
       -81.632297,
       35.830402
      ],
      [
       -81.632789,
       35.830289
      ],
      [
       -81.633153,
       35.829789
      ],
      [
       -81.63354,
       35.829655
      ],
      [
       -81.633617,
       35.829475
      ],
      [
       -81.633547,
       35.829283
      ],
      [
       -81.633735,
       35.828969
      ],
      [
       -81.634284,
       35.828556
      ],
      [
       -81.635368,
       35.827523
      ],
      [
       -81.635777,
       35.82684
      ],
      [
       -81.635821,
       35.826589
      ],
      [
       -81.635529,
       35.826173
      ],
      [
       -81.635486,
       35.825845
      ],
      [
       -81.636072,
       35.824888
      ],
      [
       -81.636614,
       35.824586
      ],
      [
       -81.63701,
       35.823941
      ],
      [
       -81.638192,
       35.822495
      ],
      [
       -81.639411,
       35.82161
      ],
      [
       -81.639603,
       35.821361
      ],
      [
       -81.639935,
       35.820339
      ],
      [
       -81.640307,
       35.819744
      ],
      [
       -81.640593,
       35.818671
      ],
      [
       -81.640913,
       35.818075
      ],
      [
       -81.641278,
       35.81763
      ],
      [
       -81.641487,
       35.817031
      ],
      [
       -81.641707,
       35.816794
      ],
      [
       -81.641855,
       35.815979
      ],
      [
       -81.641644,
       35.815329
      ],
      [
       -81.641795,
       35.814859
      ],
      [
       -81.642012,
       35.814796
      ],
      [
       -81.64238,
       35.814892
      ],
      [
       -81.643383,
       35.814739
      ],
      [
       -81.644331,
       35.813998
      ],
      [
       -81.644628,
       35.813574
      ],
      [
       -81.644604,
       35.813221
      ],
      [
       -81.644335,
       35.812644
      ],
      [
       -81.644379,
       35.811989
      ],
      [
       -81.643795,
       35.810851
      ],
      [
       -81.643885,
       35.810119
      ],
      [
       -81.643789,
       35.809736
      ],
      [
       -81.643592,
       35.809462
      ],
      [
       -81.643603,
       35.809099
      ],
      [
       -81.64458,
       35.808359
      ],
      [
       -81.645939,
       35.80697
      ],
      [
       -81.646667,
       35.806567
      ],
      [
       -81.647918,
       35.806283
      ],
      [
       -81.648999,
       35.805329
      ],
      [
       -81.649278,
       35.805395
      ],
      [
       -81.650386,
       35.806109
      ],
      [
       -81.650783,
       35.806267
      ],
      [
       -81.651108,
       35.806292
      ],
      [
       -81.651659,
       35.80665
      ],
      [
       -81.65194,
       35.806621
      ],
      [
       -81.652021,
       35.806512
      ],
      [
       -81.651971,
       35.806269
      ],
      [
       -81.651734,
       35.805907
      ],
      [
       -81.651784,
       35.805437
      ],
      [
       -81.651586,
       35.804751
      ],
      [
       -81.651952,
       35.804162
      ],
      [
       -81.65196,
       35.803959
      ],
      [
       -81.651373,
       35.803904
      ],
      [
       -81.651226,
       35.803819
      ],
      [
       -81.651016,
       35.803612
      ],
      [
       -81.65088,
       35.80314
      ],
      [
       -81.651061,
       35.802674
      ],
      [
       -81.652108,
       35.80183
      ],
      [
       -81.652202,
       35.801669
      ],
      [
       -81.652248,
       35.800515
      ],
      [
       -81.652186,
       35.800301
      ],
      [
       -81.652246,
       35.800205
      ],
      [
       -81.652133,
       35.79976
      ],
      [
       -81.651633,
       35.799087
      ],
      [
       -81.651253,
       35.798717
      ],
      [
       -81.651025,
       35.797933
      ],
      [
       -81.650716,
       35.797384
      ],
      [
       -81.650663,
       35.796928
      ],
      [
       -81.650748,
       35.796634
      ],
      [
       -81.650515,
       35.796306
      ],
      [
       -81.650325,
       35.796261
      ],
      [
       -81.650163,
       35.79609
      ],
      [
       -81.650057,
       35.795871
      ],
      [
       -81.649976,
       35.795294
      ],
      [
       -81.650034,
       35.794644
      ],
      [
       -81.649829,
       35.794614
      ],
      [
       -81.649092,
       35.795017
      ],
      [
       -81.648854,
       35.795028
      ],
      [
       -81.648683,
       35.794938
      ],
      [
       -81.648775,
       35.794005
      ],
      [
       -81.648579,
       35.793137
      ],
      [
       -81.648335,
       35.792565
      ],
      [
       -81.648372,
       35.792358
      ],
      [
       -81.648952,
       35.791642
      ],
      [
       -81.649445,
       35.790797
      ],
      [
       -81.649461,
       35.790447
      ],
      [
       -81.649282,
       35.790224
      ],
      [
       -81.649204,
       35.79016
      ],
      [
       -81.648195,
       35.789998
      ],
      [
       -81.647738,
       35.789782
      ],
      [
       -81.64605,
       35.788713
      ],
      [
       -81.645679,
       35.788655
      ],
      [
       -81.645543,
       35.788757
      ],
      [
       -81.645638,
       35.790419
      ],
      [
       -81.645942,
       35.790878
      ],
      [
       -81.646515,
       35.791288
      ],
      [
       -81.646725,
       35.791642
      ],
      [
       -81.646713,
       35.791786
      ],
      [
       -81.646601,
       35.792037
      ],
      [
       -81.646384,
       35.792184
      ],
      [
       -81.646207,
       35.792552
      ],
      [
       -81.645957,
       35.793541
      ],
      [
       -81.64486,
       35.793593
      ],
      [
       -81.643603,
       35.793776
      ],
      [
       -81.642991,
       35.793589
      ],
      [
       -81.642403,
       35.79259
      ],
      [
       -81.641456,
       35.79221
      ],
      [
       -81.641348,
       35.792222
      ],
      [
       -81.641097,
       35.791991
      ],
      [
       -81.641066,
       35.791704
      ],
      [
       -81.642,
       35.790459
      ],
      [
       -81.642074,
       35.79007
      ],
      [
       -81.641781,
       35.789709
      ],
      [
       -81.641309,
       35.78958
      ],
      [
       -81.640772,
       35.789081
      ],
      [
       -81.640351,
       35.788921
      ],
      [
       -81.639078,
       35.788826
      ],
      [
       -81.638232,
       35.788371
      ],
      [
       -81.635756,
       35.787315
      ],
      [
       -81.634701,
       35.78704
      ],
      [
       -81.633776,
       35.787005
      ]
     ],
     "type": "LineString"
    },
    "properties": {
     "length_km": 9.32,
     "n_sites": 3,
     "name": "Lower Creek",
     "order": 2,
     "riverKey": "lower creek",
     "source": "osm",
     "waterway": "stream"
    },
    "type": "Feature"
   },
   {
    "geometry": {
     "coordinates": [
      [
       -81.827401,
       35.646526
      ],
      [
       -81.826134,
       35.646656
      ],
      [
       -81.825882,
       35.647127
      ],
      [
       -81.825563,
       35.647295
      ],
      [
       -81.825563,
       35.647402
      ],
      [
       -81.825919,
       35.647835
      ],
      [
       -81.826087,
       35.648432
      ],
      [
       -81.826646,
       35.648913
      ],
      [
       -81.826639,
       35.64908
      ],
      [
       -81.82701,
       35.649467
      ],
      [
       -81.828272,
       35.650223
      ],
      [
       -81.828447,
       35.650436
      ],
      [
       -81.828882,
       35.65057
      ],
      [
       -81.829931,
       35.651496
      ],
      [
       -81.830044,
       35.651703
      ],
      [
       -81.830024,
       35.651984
      ],
      [
       -81.829145,
       35.652584
      ],
      [
       -81.828934,
       35.652972
      ],
      [
       -81.828783,
       35.653079
      ],
      [
       -81.828482,
       35.653262
      ],
      [
       -81.828202,
       35.653282
      ],
      [
       -81.828057,
       35.653487
      ],
      [
       -81.827362,
       35.653758
      ],
      [
       -81.827355,
       35.653846
      ],
      [
       -81.827479,
       35.653928
      ],
      [
       -81.827418,
       35.654026
      ],
      [
       -81.82713,
       35.654016
      ],
      [
       -81.827023,
       35.653885
      ],
      [
       -81.826761,
       35.653808
      ],
      [
       -81.826129,
       35.653776
      ],
      [
       -81.825977,
       35.653847
      ],
      [
       -81.825711,
       35.653785
      ],
      [
       -81.825321,
       35.653921
      ],
      [
       -81.825299,
       35.654011
      ],
      [
       -81.825416,
       35.654086
      ],
      [
       -81.825332,
       35.654305
      ],
      [
       -81.825452,
       35.65454
      ],
      [
       -81.825428,
       35.654834
      ],
      [
       -81.825604,
       35.655053
      ],
      [
       -81.825837,
       35.655149
      ],
      [
       -81.825803,
       35.655545
      ],
      [
       -81.825606,
       35.655902
      ],
      [
       -81.825391,
       35.655946
      ],
      [
       -81.825191,
       35.656089
      ],
      [
       -81.825147,
       35.656224
      ],
      [
       -81.824993,
       35.656262
      ],
      [
       -81.824497,
       35.656891
      ],
      [
       -81.824333,
       35.656904
      ],
      [
       -81.823912,
       35.657333
      ],
      [
       -81.823606,
       35.657374
      ],
      [
       -81.823493,
       35.657558
      ],
      [
       -81.823408,
       35.658313
      ],
      [
       -81.823287,
       35.658348
      ],
      [
       -81.823214,
       35.658657
      ],
      [
       -81.822937,
       35.658894
      ],
      [
       -81.822835,
       35.659108
      ],
      [
       -81.82286,
       35.659442
      ],
      [
       -81.822733,
       35.659974
      ],
      [
       -81.822791,
       35.660223
      ],
      [
       -81.823461,
       35.661766
      ],
      [
       -81.823581,
       35.661861
      ],
      [
       -81.823553,
       35.662152
      ],
      [
       -81.82368,
       35.662416
      ],
      [
       -81.823655,
       35.662665
      ],
      [
       -81.823845,
       35.663091
      ],
      [
       -81.823919,
       35.663672
      ],
      [
       -81.823807,
       35.663774
      ],
      [
       -81.823829,
       35.663906
      ],
      [
       -81.823677,
       35.664027
      ],
      [
       -81.823696,
       35.664247
      ],
      [
       -81.82317,
       35.664767
      ],
      [
       -81.823084,
       35.665216
      ],
      [
       -81.823325,
       35.665476
      ],
      [
       -81.823189,
       35.665733
      ],
      [
       -81.823278,
       35.665803
      ],
      [
       -81.823247,
       35.666
      ],
      [
       -81.823401,
       35.666447
      ],
      [
       -81.82356,
       35.666595
      ],
      [
       -81.823853,
       35.667153
      ],
      [
       -81.824681,
       35.667372
      ],
      [
       -81.825207,
       35.667427
      ],
      [
       -81.825948,
       35.667729
      ],
      [
       -81.826022,
       35.6679
      ],
      [
       -81.825867,
       35.668241
      ],
      [
       -81.825254,
       35.668823
      ],
      [
       -81.824917,
       35.669654
      ],
      [
       -81.823974,
       35.669945
      ],
      [
       -81.823914,
       35.670087
      ],
      [
       -81.824022,
       35.67072
      ],
      [
       -81.82281,
       35.672901
      ],
      [
       -81.821597,
       35.673187
      ],
      [
       -81.820688,
       35.673299
      ],
      [
       -81.819738,
       35.673711
      ],
      [
       -81.81829,
       35.674018
      ],
      [
       -81.817704,
       35.674221
      ],
      [
       -81.817158,
       35.674222
      ],
      [
       -81.814303,
       35.675073
      ],
      [
       -81.813912,
       35.675146
      ],
      [
       -81.813251,
       35.675107
      ],
      [
       -81.812726,
       35.675352
      ],
      [
       -81.812167,
       35.675399
      ],
      [
       -81.811914,
       35.675497
      ],
      [
       -81.811702,
       35.675687
      ],
      [
       -81.811493,
       35.675654
      ],
      [
       -81.810677,
       35.675834
      ],
      [
       -81.809258,
       35.676487
      ],
      [
       -81.808759,
       35.676601
      ],
      [
       -81.808065,
       35.676876
      ],
      [
       -81.807021,
       35.677041
      ],
      [
       -81.805782,
       35.678052
      ],
      [
       -81.805418,
       35.678645
      ],
      [
       -81.804481,
       35.681273
      ],
      [
       -81.803882,
       35.681796
      ],
      [
       -81.803174,
       35.682603
      ],
      [
       -81.802549,
       35.682908
      ],
      [
       -81.802151,
       35.682926
      ],
      [
       -81.801628,
       35.682748
      ],
      [
       -81.801353,
       35.682813
      ],
      [
       -81.800972,
       35.682697
      ],
      [
       -81.8007,
       35.68276
      ],
      [
       -81.800295,
       35.682535
      ],
      [
       -81.799555,
       35.682302
      ],
      [
       -81.798776,
       35.68235
      ],
      [
       -81.797036,
       35.68228
      ],
      [
       -81.795003,
       35.682389
      ],
      [
       -81.794336,
       35.682657
      ],
      [
       -81.793709,
       35.68302
      ],
      [
       -81.792964,
       35.683194
      ],
      [
       -81.792721,
       35.683358
      ],
      [
       -81.792483,
       35.683432
      ],
      [
       -81.792187,
       35.683311
      ],
      [
       -81.791792,
       35.683412
      ],
      [
       -81.791809,
       35.683656
      ],
      [
       -81.791621,
       35.684158
      ],
      [
       -81.791001,
       35.684762
      ],
      [
       -81.79026,
       35.685813
      ],
      [
       -81.789633,
       35.686378
      ],
      [
       -81.788566,
       35.68658
      ],
      [
       -81.788427,
       35.686757
      ],
      [
       -81.787903,
       35.686723
      ],
      [
       -81.787576,
       35.686797
      ],
      [
       -81.786651,
       35.68662
      ],
      [
       -81.786201,
       35.686681
      ],
      [
       -81.785667,
       35.686544
      ],
      [
       -81.784898,
       35.686572
      ],
      [
       -81.784418,
       35.686766
      ],
      [
       -81.782731,
       35.686922
      ],
      [
       -81.781238,
       35.687458
      ],
      [
       -81.780874,
       35.687806
      ],
      [
       -81.780921,
       35.688497
      ],
      [
       -81.78082,
       35.68969
      ],
      [
       -81.780415,
       35.690338
      ],
      [
       -81.780193,
       35.690493
      ],
      [
       -81.778664,
       35.690899
      ],
      [
       -81.778179,
       35.690305
      ],
      [
       -81.777835,
       35.690037
      ],
      [
       -81.777734,
       35.690035
      ],
      [
       -81.777282,
       35.69048
      ],
      [
       -81.777148,
       35.690524
      ],
      [
       -81.776494,
       35.690366
      ],
      [
       -81.775935,
       35.690486
      ],
      [
       -81.775699,
       35.690623
      ],
      [
       -81.774769,
       35.691497
      ],
      [
       -81.773542,
       35.693146
      ],
      [
       -81.773178,
       35.693166
      ],
      [
       -81.772801,
       35.693036
      ],
      [
       -81.77239,
       35.692743
      ],
      [
       -81.772094,
       35.692646
      ],
      [
       -81.771636,
       35.692793
      ],
      [
       -81.770968,
       35.693469
      ],
      [
       -81.769668,
       35.694018
      ],
      [
       -81.768683,
       35.694908
      ],
      [
       -81.76712,
       35.696029
      ],
      [
       -81.766675,
       35.696501
      ],
      [
       -81.765886,
       35.696666
      ],
      [
       -81.764687,
       35.697287
      ],
      [
       -81.76311,
       35.69784
      ],
      [
       -81.76251,
       35.698236
      ],
      [
       -81.76133,
       35.699215
      ],
      [
       -81.759887,
       35.700588
      ],
      [
       -81.759544,
       35.701089
      ],
      [
       -81.75926,
       35.701661
      ],
      [
       -81.759111,
       35.702308
      ],
      [
       -81.758923,
       35.702693
      ],
      [
       -81.758874,
       35.705083
      ],
      [
       -81.758691,
       35.706353
      ],
      [
       -81.758502,
       35.706656
      ],
      [
       -81.757411,
       35.707216
      ],
      [
       -81.7566,
       35.708166
      ],
      [
       -81.755883,
       35.708621
      ],
      [
       -81.755568,
       35.708619
      ],
      [
       -81.75447,
       35.707981
      ],
      [
       -81.754161,
       35.707943
      ],
      [
       -81.753857,
       35.708123
      ],
      [
       -81.753684,
       35.708319
      ],
      [
       -81.753456,
       35.70905
      ],
      [
       -81.753515,
       35.709455
      ],
      [
       -81.753412,
       35.709605
      ],
      [
       -81.753599,
       35.709971
      ],
      [
       -81.753468,
       35.710425
      ],
      [
       -81.752843,
       35.711108
      ],
      [
       -81.751915,
       35.712441
      ],
      [
       -81.751451,
       35.712746
      ],
      [
       -81.750547,
       35.712998
      ],
      [
       -81.74896,
       35.713733
      ],
      [
       -81.748529,
       35.713861
      ],
      [
       -81.747761,
       35.714346
      ],
      [
       -81.746487,
       35.715601
      ],
      [
       -81.745941,
       35.716583
      ],
      [
       -81.745481,
       35.717106
      ],
      [
       -81.744794,
       35.717637
      ],
      [
       -81.744485,
       35.718322
      ],
      [
       -81.743937,
       35.718834
      ],
      [
       -81.742833,
       35.719423
      ],
      [
       -81.74168,
       35.720243
      ],
      [
       -81.740832,
       35.720087
      ],
      [
       -81.740564,
       35.720138
      ],
      [
       -81.740205,
       35.720546
      ],
      [
       -81.739721,
       35.720572
      ],
      [
       -81.739413,
       35.720813
      ],
      [
       -81.738756,
       35.720791
      ],
      [
       -81.738414,
       35.720908
      ],
      [
       -81.738319,
       35.721254
      ],
      [
       -81.738004,
       35.721595
      ],
      [
       -81.737972,
       35.72221
      ],
      [
       -81.737711,
       35.722556
      ],
      [
       -81.736434,
       35.723259
      ],
      [
       -81.736082,
       35.723301
      ],
      [
       -81.735778,
       35.723223
      ],
      [
       -81.735416,
       35.723311
      ],
      [
       -81.735272,
       35.723441
      ],
      [
       -81.73515,
       35.723829
      ],
      [
       -81.734701,
       35.724153
      ],
      [
       -81.734298,
       35.724619
      ],
      [
       -81.733196,
       35.726329
      ],
      [
       -81.733234,
       35.72717
      ],
      [
       -81.733171,
       35.727428
      ],
      [
       -81.732448,
       35.727564
      ],
      [
       -81.731924,
       35.727824
      ],
      [
       -81.730635,
       35.728056
      ],
      [
       -81.728235,
       35.728221
      ],
      [
       -81.72642,
       35.728439
      ],
      [
       -81.724087,
       35.72843
      ],
      [
       -81.722609,
       35.728498
      ],
      [
       -81.722,
       35.728563
      ],
      [
       -81.721107,
       35.728859
      ],
      [
       -81.720483,
       35.729202
      ],
      [
       -81.720119,
       35.729508
      ],
      [
       -81.719376,
       35.730632
      ],
      [
       -81.717551,
       35.733841
      ],
      [
       -81.716737,
       35.734658
      ],
      [
       -81.716103,
       35.735172
      ],
      [
       -81.715748,
       35.73536
      ],
      [
       -81.714848,
       35.735605
      ],
      [
       -81.71307,
       35.735557
      ],
      [
       -81.712404,
       35.735754
      ],
      [
       -81.711308,
       35.736319
      ],
      [
       -81.710464,
       35.736382
      ],
      [
       -81.710369,
       35.736506
      ],
      [
       -81.710346,
       35.73698
      ],
      [
       -81.710876,
       35.738223
      ],
      [
       -81.71101,
       35.738818
      ],
      [
       -81.711929,
       35.740176
      ],
      [
       -81.711974,
       35.740652
      ],
      [
       -81.712501,
       35.740969
      ],
      [
       -81.712688,
       35.741172
      ],
      [
       -81.712762,
       35.741586
      ]
     ],
     "type": "LineString"
    },
    "properties": {
     "length_km": 18.89,
     "n_sites": 11,
     "name": "Silver Creek",
     "order": 2,
     "riverKey": "silver creek",
     "source": "osm",
     "waterway": "stream"
    },
    "type": "Feature"
   },
   {
    "geometry": {
     "coordinates": [
      [
       -81.736455,
       35.816728
      ],
      [
       -81.735405,
       35.815239
      ],
      [
       -81.735236,
       35.81446
      ],
      [
       -81.735323,
       35.814001
      ],
      [
       -81.735556,
       35.813487
      ],
      [
       -81.735373,
       35.812779
      ],
      [
       -81.734954,
       35.812367
      ],
      [
       -81.73442,
       35.812085
      ],
      [
       -81.734233,
       35.811882
      ],
      [
       -81.734238,
       35.811377
      ],
      [
       -81.733774,
       35.810489
      ],
      [
       -81.733586,
       35.810286
      ],
      [
       -81.732964,
       35.809994
      ],
      [
       -81.732263,
       35.809403
      ],
      [
       -81.73167,
       35.808717
      ],
      [
       -81.73119,
       35.808623
      ],
      [
       -81.730392,
       35.80831
      ],
      [
       -81.729515,
       35.808168
      ],
      [
       -81.729312,
       35.808287
      ],
      [
       -81.72913,
       35.808771
      ],
      [
       -81.728584,
       35.80903
      ],
      [
       -81.728153,
       35.809159
      ],
      [
       -81.727528,
       35.809119
      ],
      [
       -81.726921,
       35.809227
      ],
      [
       -81.726333,
       35.809228
      ],
      [
       -81.725545,
       35.809096
      ],
      [
       -81.7251,
       35.808825
      ],
      [
       -81.724912,
       35.808622
      ],
      [
       -81.724827,
       35.808359
      ],
      [
       -81.724928,
       35.807106
      ],
      [
       -81.724856,
       35.806772
      ],
      [
       -81.724949,
       35.806278
      ],
      [
       -81.724881,
       35.806161
      ],
      [
       -81.724957,
       35.80552
      ],
      [
       -81.72491,
       35.804575
      ],
      [
       -81.725195,
       35.803309
      ],
      [
       -81.725153,
       35.803051
      ],
      [
       -81.725274,
       35.802415
      ],
      [
       -81.725212,
       35.801071
      ],
      [
       -81.725137,
       35.800989
      ],
      [
       -81.725177,
       35.800777
      ],
      [
       -81.724987,
       35.799634
      ],
      [
       -81.72514,
       35.798822
      ],
      [
       -81.724803,
       35.798456
      ],
      [
       -81.72468,
       35.798152
      ],
      [
       -81.724292,
       35.797816
      ],
      [
       -81.723901,
       35.797732
      ],
      [
       -81.722814,
       35.798468
      ],
      [
       -81.72258,
       35.798512
      ],
      [
       -81.72205,
       35.798448
      ],
      [
       -81.721761,
       35.798304
      ],
      [
       -81.721536,
       35.79806
      ],
      [
       -81.721351,
       35.797604
      ],
      [
       -81.721052,
       35.797279
      ],
      [
       -81.720743,
       35.797241
      ],
      [
       -81.720407,
       35.797345
      ],
      [
       -81.720091,
       35.797343
      ],
      [
       -81.71954,
       35.796915
      ],
      [
       -81.719363,
       35.796894
      ],
      [
       -81.71861,
       35.797055
      ],
      [
       -81.717383,
       35.796618
      ],
      [
       -81.716361,
       35.79653
      ],
      [
       -81.716068,
       35.796169
      ],
      [
       -81.71578,
       35.795303
      ],
      [
       -81.715351,
       35.794709
      ],
      [
       -81.715424,
       35.794321
      ],
      [
       -81.71622,
       35.793694
      ],
      [
       -81.716353,
       35.793438
      ],
      [
       -81.716116,
       35.792815
      ],
      [
       -81.715629,
       35.792286
      ],
      [
       -81.715234,
       35.791985
      ],
      [
       -81.713959,
       35.791325
      ],
      [
       -81.713772,
       35.791121
      ],
      [
       -81.713563,
       35.790554
      ],
      [
       -81.712505,
       35.789703
      ],
      [
       -81.712145,
       35.789696
      ],
      [
       -81.711341,
       35.789887
      ],
      [
       -81.710496,
       35.789821
      ],
      [
       -81.709911,
       35.789569
      ],
      [
       -81.709042,
       35.789392
      ],
      [
       -81.708708,
       35.789243
      ],
      [
       -81.707788,
       35.789095
      ],
      [
       -81.707112,
       35.788785
      ],
      [
       -81.706517,
       35.788741
      ],
      [
       -81.705539,
       35.788449
      ],
      [
       -81.705328,
       35.788312
      ],
      [
       -81.705109,
       35.787995
      ],
      [
       -81.703652,
       35.788353
      ],
      [
       -81.702834,
       35.788784
      ],
      [
       -81.702406,
       35.788659
      ],
      [
       -81.702005,
       35.788394
      ],
      [
       -81.701395,
       35.787561
      ],
      [
       -81.701077,
       35.786619
      ],
      [
       -81.701149,
       35.784568
      ],
      [
       -81.700939,
       35.783757
      ],
      [
       -81.700984,
       35.783505
      ],
      [
       -81.70134,
       35.783024
      ],
      [
       -81.70156,
       35.78243
      ],
      [
       -81.701874,
       35.781001
      ],
      [
       -81.701698,
       35.78048
      ],
      [
       -81.701399,
       35.780154
      ],
      [
       -81.70044,
       35.779496
      ],
      [
       -81.700253,
       35.779292
      ],
      [
       -81.700306,
       35.77901
      ],
      [
       -81.700675,
       35.778729
      ],
      [
       -81.700793,
       35.778346
      ],
      [
       -81.700393,
       35.777358
      ],
      [
       -81.700178,
       35.776483
      ],
      [
       -81.699985,
       35.77636
      ],
      [
       -81.699271,
       35.776403
      ],
      [
       -81.698826,
       35.776337
      ],
      [
       -81.698445,
       35.77611
      ],
      [
       -81.698277,
       35.775806
      ],
      [
       -81.698056,
       35.77575
      ],
      [
       -81.697244,
       35.776109
      ],
      [
       -81.696592,
       35.77621
      ],
      [
       -81.695154,
       35.776088
      ],
      [
       -81.69461,
       35.77622
      ],
      [
       -81.694322,
       35.776532
      ],
      [
       -81.694319,
       35.776766
      ],
      [
       -81.694443,
       35.776828
      ],
      [
       -81.695148,
       35.776858
      ],
      [
       -81.69515,
       35.777073
      ],
      [
       -81.695045,
       35.777208
      ],
      [
       -81.694765,
       35.777271
      ],
      [
       -81.694336,
       35.777289
      ],
      [
       -81.693998,
       35.777192
      ],
      [
       -81.693773,
       35.777048
      ],
      [
       -81.693059,
       35.776287
      ],
      [
       -81.692968,
       35.776077
      ],
      [
       -81.692981,
       35.775807
      ],
      [
       -81.693108,
       35.775574
      ],
      [
       -81.6935,
       35.775315
      ],
      [
       -81.693793,
       35.774918
      ],
      [
       -81.693766,
       35.774424
      ],
      [
       -81.693571,
       35.774149
      ],
      [
       -81.692951,
       35.773745
      ],
      [
       -81.691738,
       35.773236
      ],
      [
       -81.691357,
       35.772865
      ],
      [
       -81.69119,
       35.772555
      ]
     ],
     "type": "LineString"
    },
    "properties": {
     "length_km": 8.81,
     "n_sites": 6,
     "name": "Warrior Fork",
     "order": 4,
     "riverKey": "warrior fork",
     "source": "osm",
     "waterway": "river"
    },
    "type": "Feature"
   },
   {
    "geometry": {
     "coordinates": [
      [
       -81.748624,
       35.774305
      ],
      [
       -81.747553,
       35.773752
      ],
      [
       -81.745215,
       35.773013
      ],
      [
       -81.744808,
       35.772605
      ],
      [
       -81.744248,
       35.772858
      ],
      [
       -81.743438,
       35.77292
      ],
      [
       -81.742269,
       35.773278
      ],
      [
       -81.741439,
       35.773074
      ],
      [
       -81.740247,
       35.772984
      ],
      [
       -81.737857,
       35.772218
      ],
      [
       -81.737315,
       35.772175
      ],
      [
       -81.736789,
       35.772275
      ],
      [
       -81.736578,
       35.772235
      ],
      [
       -81.73595,
       35.771623
      ],
      [
       -81.73509,
       35.770242
      ],
      [
       -81.73321,
       35.768551
      ],
      [
       -81.732798,
       35.768331
      ],
      [
       -81.732201,
       35.768293
      ],
      [
       -81.731022,
       35.767827
      ],
      [
       -81.730533,
       35.767796
      ],
      [
       -81.729549,
       35.768013
      ],
      [
       -81.728958,
       35.768052
      ],
      [
       -81.72801,
       35.768391
      ],
      [
       -81.727584,
       35.768326
      ],
      [
       -81.726886,
       35.768056
      ],
      [
       -81.726415,
       35.767962
      ],
      [
       -81.725674,
       35.768087
      ],
      [
       -81.724009,
       35.768637
      ],
      [
       -81.723736,
       35.768613
      ],
      [
       -81.723237,
       35.768433
      ],
      [
       -81.722581,
       35.768464
      ],
      [
       -81.722205,
       35.768646
      ],
      [
       -81.721882,
       35.769005
      ],
      [
       -81.721711,
       35.769472
      ],
      [
       -81.721681,
       35.770233
      ],
      [
       -81.721474,
       35.771146
      ],
      [
       -81.721209,
       35.771423
      ],
      [
       -81.720997,
       35.771458
      ],
      [
       -81.720534,
       35.771328
      ],
      [
       -81.720197,
       35.771101
      ],
      [
       -81.719615,
       35.769552
      ],
      [
       -81.719263,
       35.769212
      ],
      [
       -81.716306,
       35.767757
      ],
      [
       -81.71576,
       35.767554
      ],
      [
       -81.715504,
       35.767531
      ],
      [
       -81.715017,
       35.767735
      ],
      [
       -81.713717,
       35.76883
      ],
      [
       -81.712644,
       35.769955
      ],
      [
       -81.712074,
       35.770773
      ],
      [
       -81.711737,
       35.771528
      ],
      [
       -81.711335,
       35.773217
      ],
      [
       -81.711178,
       35.773336
      ],
      [
       -81.710412,
       35.773529
      ],
      [
       -81.710623,
       35.7742
      ],
      [
       -81.70981,
       35.774911
      ],
      [
       -81.709508,
       35.775017
      ],
      [
       -81.708221,
       35.775161
      ],
      [
       -81.707871,
       35.775288
      ],
      [
       -81.707242,
       35.775838
      ],
      [
       -81.706386,
       35.776101
      ],
      [
       -81.704931,
       35.777547
      ],
      [
       -81.704576,
       35.777756
      ],
      [
       -81.704309,
       35.777787
      ],
      [
       -81.703414,
       35.777616
      ],
      [
       -81.702453,
       35.778009
      ],
      [
       -81.702111,
       35.777876
      ],
      [
       -81.701904,
       35.77728
      ],
      [
       -81.701509,
       35.776974
      ],
      [
       -81.700765,
       35.776867
      ],
      [
       -81.700304,
       35.776896
      ]
     ],
     "type": "LineString"
    },
    "properties": {
     "length_km": 5.9,
     "n_sites": 3,
     "name": "Wilson Creek",
     "order": 2,
     "riverKey": "wilson creek",
     "source": "osm",
     "waterway": "stream"
    },
    "type": "Feature"
   }
  ],
  "type": "FeatureCollection"
 },
 "type": "FeatureCollection"
}
