{
 "features": [
  {
   "geometry": {
    "coordinates": [
     -77.060203,
     35.119691
    ],
    "type": "Point"
   },
   "properties": {
    "accumulation": 27474.0,
    "bank_slope_deg": 3.0,
    "bank_slope_score": 1.0,
    "beach_dist_km": 121.19,
    "bridge_proximity_bonus": 0.0,
    "catchment_area_km2": 2.7439,
    "channel_width_m": 3.2,
    "channel_width_score": 1.0,
    "composite_score": 55.8894,
    "cso_density": 0.0,
    "ej_index": 0.745,
    "elevation_m": 0.2659,
    "estuary_dist_km": 92.25,
    "feasibility_score": 80.9524,
    "flood_q10_cfs": null,
    "flow_score": 29.2418,
    "flow_velocity_ms": 0.0724,
    "generation_score": 62.4313,
    "impact_score": 59.0225,
    "impervious_pct": 27.92,
    "land_ownership": 0.5,
    "lat": 35.1197,
    "litter_complaint_density": 0.0,
    "lon": -77.0602,
    "npdes_points": 2,
    "pixel_col": 1126.0,
    "pixel_row": 714.0,
    "population_density": 667.5,
    "position_along": 0.25,
    "protected_area_score": 0.0,
    "rank": 1,
    "river_name": "Jack Smith Creek",
    "road_access_m": 68.3,
    "road_access_score": 1.0,
    "road_density_km_km2": 9.659,
    "robustness_pct": 88.5,
    "runoff_coeff_C": 0.3013,
    "seasonal_cv": 0.489,
    "segment_id": 21,
    "segment_length_m": 3025.9338,
    "stream_order": 1,
    "superfund_score": 0.0,
    "tourism_amenity_density": 2.1486,
    "tri_facility_density": 0.0,
    "usgs_mean_q_cfs": 8.524,
    "velocity_feasibility": 0.7,
    "water_intake_score": 0.0
   },
   "type": "Feature"
  },
  {
   "geometry": {
    "coordinates": [
     -77.105639,
     35.095044
    ],
    "type": "Point"
   },
   "properties": {
    "accumulation": 47948.0,
    "bank_slope_deg": 5.25,
    "bank_slope_score": 1.0,
    "beach_dist_km": 116.63,
    "bridge_proximity_bonus": 0.0,
    "catchment_area_km2": 4.7886,
    "channel_width_m": 3.92,
    "channel_width_score": 1.0,
    "composite_score": 52.4281,
    "cso_density": 0.0,
    "ej_index": 0.3775,
    "elevation_m": 2.5545,
    "estuary_dist_km": 96.2,
    "feasibility_score": 80.9524,
    "flood_q10_cfs": null,
    "flow_score": 44.1022,
    "flow_velocity_ms": 0.1777,
    "generation_score": 54.2077,
    "impact_score": 43.3247,
    "impervious_pct": 22.29,
    "land_ownership": 0.5,
    "lat": 35.095,
    "litter_complaint_density": 0.0,
    "lon": -77.1056,
    "npdes_points": 2,
    "pixel_col": 705.0,
    "pixel_row": 983.0,
    "population_density": 362.3,
    "position_along": 0.5,
    "protected_area_score": 0.0,
    "rank": 2,
    "river_name": "Wilson Creek",
    "road_access_m": 192.8,
    "road_access_score": 1.0,
    "road_density_km_km2": 7.235,
    "robustness_pct": 73.5,
    "runoff_coeff_C": 0.2506,
    "seasonal_cv": 0.5158,
    "segment_id": 23,
    "segment_length_m": 2508.1566,
    "stream_order": 3,
    "superfund_score": 0.0,
    "tourism_amenity_density": 2.3873,
    "tri_facility_density": 0.2088,
    "usgs_mean_q_cfs": 5.829,
    "velocity_feasibility": 0.7,
    "water_intake_score": 0.0
   },
   "type": "Feature"
  },
  {
   "geometry": {
    "coordinates": [
     -77.050221,
     35.127162
    ],
    "type": "Point"
   },
   "properties": {
    "accumulation": 48422.0,
    "bank_slope_deg": 0.0,
    "bank_slope_score": 1.0,
    "beach_dist_km": 122.38,
    "bridge_proximity_bonus": 0.0,
    "catchment_area_km2": 4.8359,
    "channel_width_m": 3.93,
    "channel_width_score": 1.0,
    "composite_score": 50.5184,
    "cso_density": 0.0,
    "ej_index": 0.6727,
    "elevation_m": 0.0,
    "estuary_dist_km": 91.41,
    "feasibility_score": 68.6067,
    "flood_q10_cfs": null,
    "flow_score": 32.7837,
    "flow_velocity_ms": 0.0585,
    "generation_score": 51.8598,
    "impact_score": 54.9117,
    "impervious_pct": 26.4,
    "land_ownership": 0.5,
    "lat": 35.1272,
    "litter_complaint_density": 0.0,
    "lon": -77.0502,
    "npdes_points": 2,
    "pixel_col": 1220.0,
    "pixel_row": 634.0,
    "population_density": 284.4,
    "position_along": 0.75,
    "protected_area_score": 0.0,
    "rank": 3,
    "river_name": "Jack Smith Creek",
    "road_access_m": 207.9,
    "road_access_score": 0.8,
    "road_density_km_km2": 4.963,
    "robustness_pct": 48.0,
    "runoff_coeff_C": 0.2876,
    "seasonal_cv": 0.4822,
    "segment_id": 21,
    "segment_length_m": 3025.9338,
    "stream_order": 1,
    "superfund_score": 0.0,
    "tourism_amenity_density": 1.8303,
    "tri_facility_density": 0.2068,
    "usgs_mean_q_cfs": 9.521,
    "velocity_feasibility": 0.7,
    "water_intake_score": 0.0
   },
   "type": "Feature"
  },
  {
   "geometry": {
    "coordinates": [
     -77.031708,
     35.108697
    ],
    "type": "Point"
   },
   "properties": {
    "accumulation": 21737.0,
    "bank_slope_deg": 0.0,
    "bank_slope_score": 1.0,
    "beach_dist_km": 121.64,
    "bridge_proximity_bonus": 0.0,
    "catchment_area_km2": 2.1709,
    "channel_width_m": 2.94,
    "channel_width_score": 1.0,
    "composite_score": 50.2225,
    "cso_density": 0.0,
    "ej_index": 0.2789,
    "elevation_m": -0.762,
    "estuary_dist_km": 89.57,
    "feasibility_score": 87.6543,
    "flood_q10_cfs": null,
    "flow_score": 46.6794,
    "flow_velocity_ms": 0.5,
    "generation_score": 34.1575,
    "impact_score": 50.5243,
    "impervious_pct": null,
    "land_ownership": 0.5,
    "lat": 35.1087,
    "litter_complaint_density": 0.0,
    "lon": -77.0317,
    "npdes_points": 0,
    "pixel_col": 1385.0,
    "pixel_row": 845.0,
    "population_density": 202.1,
    "position_along": 0.5,
    "protected_area_score": 0.0,
    "rank": 4,
    "river_name": null,
    "road_access_m": 336.8,
    "road_access_score": 0.8,
    "road_density_km_km2": 3.233,
    "robustness_pct": 28.0,
    "runoff_coeff_C": null,
    "seasonal_cv": null,
    "segment_id": 22,
    "segment_length_m": 1317.0884,
    "stream_order": 3,
    "superfund_score": 0.0,
    "tourism_amenity_density": 4.2972,
    "tri_facility_density": 0.4606,
    "usgs_mean_q_cfs": null,
    "velocity_feasibility": 1.0,
    "water_intake_score": 0.0
   },
   "type": "Feature"
  },
  {
   "geometry": {
    "coordinates": [
     -77.101093,
     35.087258
    ],
    "type": "Point"
   },
   "properties": {
    "accumulation": 79681.0,
    "bank_slope_deg": 0.47,
    "bank_slope_score": 1.0,
    "beach_dist_km": 116.13,
    "bridge_proximity_bonus": 0.0,
    "catchment_area_km2": 7.9578,
    "channel_width_m": 4.71,
    "channel_width_score": 1.0,
    "composite_score": 50.0716,
    "cso_density": 0.0,
    "ej_index": 0.2461,
    "elevation_m": -0.1005,
    "estuary_dist_km": 95.75,
    "feasibility_score": 80.9524,
    "flood_q10_cfs": null,
    "flow_score": 45.4614,
    "flow_velocity_ms": 0.1134,
    "generation_score": 50.6946,
    "impact_score": 37.8501,
    "impervious_pct": 22.29,
    "land_ownership": 0.5,
    "lat": 35.0873,
    "litter_complaint_density": 0.0,
    "lon": -77.1011,
    "npdes_points": 5,
    "pixel_col": 743.0,
    "pixel_row": 1069.0,
    "population_density": 453.5,
    "position_along": 0.5,
    "protected_area_score": 0.0,
    "rank": 5,
    "river_name": "Wilson Creek",
    "road_access_m": 126.4,
    "road_access_score": 1.0,
    "road_density_km_km2": 6.904,
    "robustness_pct": 40.0,
    "runoff_coeff_C": 0.2506,
    "seasonal_cv": 0.5158,
    "segment_id": 29,
    "segment_length_m": 183.0188,
    "stream_order": 3,
    "superfund_score": 0.0,
    "tourism_amenity_density": 2.069,
    "tri_facility_density": 0.0,
    "usgs_mean_q_cfs": 5.829,
    "velocity_feasibility": 0.7,
    "water_intake_score": 0.0
   },
   "type": "Feature"
  },
  {
   "geometry": {
    "coordinates": [
     -77.097701,
     35.089511
    ],
    "type": "Point"
   },
   "properties": {
    "accumulation": 25810.0,
    "bank_slope_deg": 2.21,
    "bank_slope_score": 1.0,
    "beach_dist_km": 116.51,
    "bridge_proximity_bonus": 0.0,
    "catchment_area_km2": 2.5777,
    "channel_width_m": 3.13,
    "channel_width_score": 1.0,
    "composite_score": 49.8705,
    "cso_density": 0.0,
    "ej_index": 0.3201,
    "elevation_m": 0.9981,
    "estuary_dist_km": 95.45,
    "feasibility_score": 80.9524,
    "flood_q10_cfs": null,
    "flow_score": 40.1469,
    "flow_velocity_ms": 0.1245,
    "generation_score": 51.0228,
    "impact_score": 41.2801,
    "impervious_pct": 22.29,
    "land_ownership": 0.5,
    "lat": 35.0895,
    "litter_complaint_density": 0.0,
    "lon": -77.0977,
    "npdes_points": 3,
    "pixel_col": 775.0,
    "pixel_row": 1045.0,
    "population_density": 530.1,
    "position_along": 0.5,
    "protected_area_score": 0.0,
    "rank": 6,
    "river_name": null,
    "road_access_m": 95.8,
    "road_access_score": 1.0,
    "road_density_km_km2": 7.239,
    "robustness_pct": 39.0,
    "runoff_coeff_C": 0.2506,
    "seasonal_cv": 0.5158,
    "segment_id": 28,
    "segment_length_m": 797.8907,
    "stream_order": 3,
    "superfund_score": 0.0,
    "tourism_amenity_density": 2.1486,
    "tri_facility_density": 0.0,
    "usgs_mean_q_cfs": 5.829,
    "velocity_feasibility": 0.7,
    "water_intake_score": 0.0
   },
   "type": "Feature"
  },
  {
   "geometry": {
    "coordinates": [
     -77.038702,
     35.083468
    ],
    "type": "Point"
   },
   "properties": {
    "accumulation": 29356.0,
    "bank_slope_deg": 1.46,
    "bank_slope_score": 1.0,
    "beach_dist_km": 118.98,
    "bridge_proximity_bonus": 0.0,
    "catchment_area_km2": 2.9318,
    "channel_width_m": 3.28,
    "channel_width_score": 1.0,
    "composite_score": 49.4464,
    "cso_density": 0.0,
    "ej_index": 0.6443,
    "elevation_m": 0.2466,
    "estuary_dist_km": 90.06,
    "feasibility_score": 80.9524,
    "flood_q10_cfs": null,
    "flow_score": 17.5514,
    "flow_velocity_ms": 0.0533,
    "generation_score": 53.2258,
    "impact_score": 56.4931,
    "impervious_pct": 30.16,
    "land_ownership": 0.5,
    "lat": 35.0835,
    "litter_complaint_density": 0.0,
    "lon": -77.0387,
    "npdes_points": 9,
    "pixel_col": 1315.0,
    "pixel_row": 1120.0,
    "population_density": 105.8,
    "position_along": 0.5,
    "protected_area_score": 0.0,
    "rank": 7,
    "river_name": null,
    "road_access_m": 84.0,
    "road_access_score": 1.0,
    "road_density_km_km2": 8.723,
    "robustness_pct": 29.0,
    "runoff_coeff_C": 0.3214,
    "seasonal_cv": 0.5861,
    "segment_id": 40,
    "segment_length_m": 2502.3025,
    "stream_order": 1,
    "superfund_score": 0.0,
    "tourism_amenity_density": 1.1141,
    "tri_facility_density": 0.0,
    "usgs_mean_q_cfs": 2.973,
    "velocity_feasibility": 0.7,
    "water_intake_score": 0.0
   },
   "type": "Feature"
  },
  {
   "geometry": {
    "coordinates": [
     -77.058033,
     35.09816
    ],
    "type": "Point"
   },
   "properties": {
    "accumulation": 27916.0,
    "bank_slope_deg": 0.15,
    "bank_slope_score": 1.0,
    "beach_dist_km": 119.31,
    "bridge_proximity_bonus": 0.0,
    "catchment_area_km2": 2.788,
    "channel_width_m": 3.22,
    "channel_width_score": 1.0,
    "composite_score": 48.9167,
    "cso_density": 0.0,
    "ej_index": 0.5816,
    "elevation_m": 0.2754,
    "estuary_dist_km": 91.89,
    "feasibility_score": 87.6543,
    "flood_q10_cfs": null,
    "flow_score": 31.0456,
    "flow_velocity_ms": 0.5,
    "generation_score": 27.8499,
    "impact_score": 65.5072,
    "impervious_pct": null,
    "land_ownership": 0.5,
    "lat": 35.0982,
    "litter_complaint_density": 0.0,
    "lon": -77.058,
    "npdes_points": 0,
    "pixel_col": 1141.0,
    "pixel_row": 957.0,
    "population_density": 490.8,
    "position_along": 0.5,
    "protected_area_score": 0.0,
    "rank": 8,
    "river_name": null,
    "road_access_m": 240.4,
    "road_access_score": 0.8,
    "road_density_km_km2": 8.255,
    "robustness_pct": 27.5,
    "runoff_coeff_C": null,
    "seasonal_cv": null,
    "segment_id": 27,
    "segment_length_m": 2536.7167,
    "stream_order": 1,
    "superfund_score": 0.0,
    "tourism_amenity_density": 5.2521,
    "tri_facility_density": 0.0,
    "usgs_mean_q_cfs": null,
    "velocity_feasibility": 1.0,
    "water_intake_score": 0.0
   },
   "type": "Feature"
  },
  {
   "geometry": {
    "coordinates": [
     -77.025529,
     35.095899
    ],
    "type": "Point"
   },
   "properties": {
    "accumulation": 71333.0,
    "bank_slope_deg": 0.0,
    "bank_slope_score": 1.0,
    "beach_dist_km": 120.8,
    "bridge_proximity_bonus": 0.0,
    "catchment_area_km2": 7.1241,
    "channel_width_m": 4.53,
    "channel_width_score": 1.0,
    "composite_score": 48.204,
    "cso_density": 0.0,
    "ej_index": 0.5463,
    "elevation_m": -0.762,
    "estuary_dist_km": 88.92,
    "feasibility_score": 100.0,
    "flood_q10_cfs": null,
    "flow_score": 51.8593,
    "flow_velocity_ms": 0.5,
    "generation_score": 9.3314,
    "impact_score": 58.1323,
    "impervious_pct": null,
    "land_ownership": 0.5,
    "lat": 35.0959,
    "litter_complaint_density": 0.0,
    "lon": -77.0255,
    "npdes_points": 1,
    "pixel_col": 1438.0,
    "pixel_row": 988.0,
    "population_density": 91.6,
    "position_along": 0.25,
    "protected_area_score": 0.0,
    "rank": 9,
    "river_name": null,
    "road_access_m": 168.8,
    "road_access_score": 1.0,
    "road_density_km_km2": 3.775,
    "robustness_pct": 33.5,
    "runoff_coeff_C": null,
    "seasonal_cv": null,
    "segment_id": 25,
    "segment_length_m": 4041.5518,
    "stream_order": 3,
    "superfund_score": 0.0,
    "tourism_amenity_density": 2.7852,
    "tri_facility_density": 0.0,
    "usgs_mean_q_cfs": null,
    "velocity_feasibility": 1.0,
    "water_intake_score": 0.0
   },
   "type": "Feature"
  },
  {
   "geometry": {
    "coordinates": [
     -77.007549,
     35.07345
    ],
    "type": "Point"
   },
   "properties": {
    "accumulation": 155254.0,
    "bank_slope_deg": 0.0,
    "bank_slope_score": 1.0,
    "beach_dist_km": 119.76,
    "bridge_proximity_bonus": 0.0,
    "catchment_area_km2": 15.5054,
    "channel_width_m": 6.0,
    "channel_width_score": 1.0,
    "composite_score": 47.9662,
    "cso_density": 0.0,
    "ej_index": 0.4922,
    "elevation_m": -0.762,
    "estuary_dist_km": 87.19,
    "feasibility_score": 75.3086,
    "flood_q10_cfs": null,
    "flow_score": 60.6242,
    "flow_velocity_ms": 0.5,
    "generation_score": 21.8694,
    "impact_score": 49.8434,
    "impervious_pct": null,
    "land_ownership": 0.5,
    "lat": 35.0735,
    "litter_complaint_density": 0.0,
    "lon": -77.0075,
    "npdes_points": 11,
    "pixel_col": 1597.0,
    "pixel_row": 1241.0,
    "population_density": 104.8,
    "position_along": 0.5,
    "protected_area_score": 0.0,
    "rank": 10,
    "river_name": "Neuse River",
    "road_access_m": 827.2,
    "road_access_score": 0.6,
    "road_density_km_km2": 2.336,
    "robustness_pct": 22.5,
    "runoff_coeff_C": null,
    "seasonal_cv": null,
    "segment_id": 36,
    "segment_length_m": 300.5165,
    "stream_order": 3,
    "superfund_score": 0.0,
    "tourism_amenity_density": 0.0796,
    "tri_facility_density": 0.0,
    "usgs_mean_q_cfs": null,
    "velocity_feasibility": 1.0,
    "water_intake_score": 0.0
   },
   "type": "Feature"
  },
  {
   "geometry": {
    "coordinates": [
     -77.034954,
     35.029861
    ],
    "type": "Point"
   },
   "properties": {
    "accumulation": 127747.0,
    "bank_slope_deg": 0.48,
    "bank_slope_score": 1.0,
    "beach_dist_km": 114.39,
    "bridge_proximity_bonus": 0.0,
    "catchment_area_km2": 12.7582,
    "channel_width_m": 5.59,
    "channel_width_score": 1.0,
    "composite_score": 47.9602,
    "cso_density": 0.0,
    "ej_index": 0.299,
    "elevation_m": -0.1128,
    "estuary_dist_km": 89.7,
    "feasibility_score": 100.0,
    "flood_q10_cfs": null,
    "flow_score": 57.7512,
    "flow_velocity_ms": 0.5,
    "generation_score": 16.8809,
    "impact_score": 44.8606,
    "impervious_pct": null,
    "land_ownership": 0.5,
    "lat": 35.0299,
    "litter_complaint_density": 0.0,
    "lon": -77.035,
    "npdes_points": 6,
    "pixel_col": 1338.0,
    "pixel_row": 1715.0,
    "population_density": 169.7,
    "position_along": 0.5,
    "protected_area_score": 0.0,
    "rank": 11,
    "river_name": "Brice Creek",
    "road_access_m": 140.1,
    "road_access_score": 1.0,
    "road_density_km_km2": 2.135,
    "robustness_pct": 30.0,
    "runoff_coeff_C": null,
    "seasonal_cv": null,
    "segment_id": 60,
    "segment_length_m": 1625.762,
    "stream_order": 3,
    "superfund_score": 0.0,
    "tourism_amenity_density": 0.4775,
    "tri_facility_density": 0.0,
    "usgs_mean_q_cfs": null,
    "velocity_feasibility": 1.0,
    "water_intake_score": 0.0
   },
   "type": "Feature"
  },
  {
   "geometry": {
    "coordinates": [
     -77.09906,
     35.137503
    ],
    "type": "Point"
   },
   "properties": {
    "accumulation": 36460.0,
    "bank_slope_deg": 6.23,
    "bank_slope_score": 1.0,
    "beach_dist_km": 120.95,
    "bridge_proximity_bonus": 0.0,
    "catchment_area_km2": 3.6413,
    "channel_width_m": 3.55,
    "channel_width_score": 1.0,
    "composite_score": 47.9469,
    "cso_density": 0.0,
    "ej_index": 0.6961,
    "elevation_m": 4.8367,
    "estuary_dist_km": 95.94,
    "feasibility_score": 100.0,
    "flood_q10_cfs": null,
    "flow_score": 48.2171,
    "flow_velocity_ms": 0.5,
    "generation_score": 24.4641,
    "impact_score": 45.1781,
    "impervious_pct": null,
    "land_ownership": 0.5,
    "lat": 35.1375,
    "litter_complaint_density": 0.0,
    "lon": -77.0991,
    "npdes_points": 0,
    "pixel_col": 777.0,
    "pixel_row": 510.0,
    "population_density": 166.9,
    "position_along": 0.5,
    "protected_area_score": 0.0,
    "rank": 12,
    "river_name": null,
    "road_access_m": 181.8,
    "road_access_score": 1.0,
    "road_density_km_km2": 3.879,
    "robustness_pct": 14.5,
    "runoff_coeff_C": null,
    "seasonal_cv": null,
    "segment_id": 14,
    "segment_length_m": 2266.5969,
    "stream_order": 3,
    "superfund_score": 0.0,
    "tourism_amenity_density": 0.2387,
    "tri_facility_density": 0.2746,
    "usgs_mean_q_cfs": null,
    "velocity_feasibility": 1.0,
    "water_intake_score": 0.0
   },
   "type": "Feature"
  },
  {
   "geometry": {
    "coordinates": [
     -77.085838,
     35.135309
    ],
    "type": "Point"
   },
   "properties": {
    "accumulation": 31238.0,
    "bank_slope_deg": 0.0,
    "bank_slope_score": 1.0,
    "beach_dist_km": 121.38,
    "bridge_proximity_bonus": 0.0,
    "catchment_area_km2": 3.1198,
    "channel_width_m": 3.36,
    "channel_width_score": 1.0,
    "composite_score": 45.9324,
    "cso_density": 0.0,
    "ej_index": 0.8499,
    "elevation_m": 0.2291,
    "estuary_dist_km": 94.72,
    "feasibility_score": 56.261,
    "flood_q10_cfs": null,
    "flow_score": 45.4466,
    "flow_velocity_ms": 0.0524,
    "generation_score": 33.3277,
    "impact_score": 53.7777,
    "impervious_pct": 27.92,
    "land_ownership": 0.5,
    "lat": 35.1353,
    "litter_complaint_density": 0.0,
    "lon": -77.0858,
    "npdes_points": 0,
    "pixel_col": 895.0,
    "pixel_row": 535.0,
    "population_density": 198.3,
    "position_along": 0.5,
    "protected_area_score": 0.0,
    "rank": 13,
    "river_name": null,
    "road_access_m": 537.3,
    "road_access_score": 0.6,
    "road_density_km_km2": 2.211,
    "robustness_pct": 0.0,
    "runoff_coeff_C": 0.3013,
    "seasonal_cv": 0.489,
    "segment_id": 15,
    "segment_length_m": 2565.693,
    "stream_order": 3,
    "superfund_score": 0.0,
    "tourism_amenity_density": 0.4775,
    "tri_facility_density": 0.0,
    "usgs_mean_q_cfs": 8.524,
    "velocity_feasibility": 0.7,
    "water_intake_score": 0.0
   },
   "type": "Feature"
  },
  {
   "geometry": {
    "coordinates": [
     -76.999767,
     35.066351
    ],
    "type": "Point"
   },
   "properties": {
    "accumulation": 197240.0,
    "bank_slope_deg": 0.0,
    "bank_slope_score": 1.0,
    "beach_dist_km": 119.56,
    "bridge_proximity_bonus": 0.0,
    "catchment_area_km2": 19.6985,
    "channel_width_m": 6.55,
    "channel_width_score": 1.0,
    "composite_score": 45.3886,
    "cso_density": 0.0,
    "ej_index": 0.4495,
    "elevation_m": -0.6,
    "estuary_dist_km": 86.47,
    "feasibility_score": 56.7901,
    "flood_q10_cfs": null,
    "flow_score": 65.0092,
    "flow_velocity_ms": 0.5,
    "generation_score": 19.4353,
    "impact_score": 49.2906,
    "impervious_pct": null,
    "land_ownership": 0.5,
    "lat": 35.0664,
    "litter_complaint_density": 0.0,
    "lon": -76.9998,
    "npdes_points": 9,
    "pixel_col": 1667.0,
    "pixel_row": 1321.0,
    "population_density": 125.3,
    "position_along": 0.25,
    "protected_area_score": 0.0,
    "rank": 14,
    "river_name": "Neuse River",
    "road_access_m": 1008.4,
    "road_access_score": 0.3,
    "road_density_km_km2": 2.069,
    "robustness_pct": 13.5,
    "runoff_coeff_C": null,
    "seasonal_cv": null,
    "segment_id": 37,
    "segment_length_m": 3755.2397,
    "stream_order": 3,
    "superfund_score": 0.0,
    "tourism_amenity_density": 0.0796,
    "tri_facility_density": 0.0,
    "usgs_mean_q_cfs": null,
    "velocity_feasibility": 1.0,
    "water_intake_score": 0.0
   },
   "type": "Feature"
  },
  {
   "geometry": {
    "coordinates": [
     -77.014267,
     35.078508
    ],
    "type": "Point"
   },
   "properties": {
    "accumulation": 30595.0,
    "bank_slope_deg": 0.0,
    "bank_slope_score": 1.0,
    "beach_dist_km": 119.84,
    "bridge_proximity_bonus": 0.0,
    "catchment_area_km2": 3.0556,
    "channel_width_m": 3.33,
    "channel_width_score": 1.0,
    "composite_score": 45.3231,
    "cso_density": 0.0,
    "ej_index": 0.5951,
    "elevation_m": -0.762,
    "estuary_dist_km": 87.82,
    "feasibility_score": 87.6543,
    "flood_q10_cfs": null,
    "flow_score": 47.6046,
    "flow_velocity_ms": 0.5,
    "generation_score": 14.1386,
    "impact_score": 53.4407,
    "impervious_pct": null,
    "land_ownership": 0.5,
    "lat": 35.0785,
    "litter_complaint_density": 0.0,
    "lon": -77.0143,
    "npdes_points": 6,
    "pixel_col": 1536.0,
    "pixel_row": 1183.0,
    "population_density": 113.3,
    "position_along": 0.5,
    "protected_area_score": 0.0,
    "rank": 15,
    "river_name": null,
    "road_access_m": 437.5,
    "road_access_score": 0.8,
    "road_density_km_km2": 1.556,
    "robustness_pct": 1.0,
    "runoff_coeff_C": null,
    "seasonal_cv": null,
    "segment_id": 33,
    "segment_length_m": 1945.5049,
    "stream_order": 3,
    "superfund_score": 0.0,
    "tourism_amenity_density": 0.1592,
    "tri_facility_density": 0.0,
    "usgs_mean_q_cfs": null,
    "velocity_feasibility": 1.0,
    "water_intake_score": 0.0
   },
   "type": "Feature"
  },
  {
   "geometry": {
    "coordinates": [
     -77.00794,
     35.076011
    ],
    "type": "Point"
   },
   "properties": {
    "accumulation": 75518.0,
    "bank_slope_deg": 0.0,
    "bank_slope_score": 1.0,
    "beach_dist_km": 119.96,
    "bridge_proximity_bonus": 0.0,
    "catchment_area_km2": 7.5421,
    "channel_width_m": 4.62,
    "channel_width_score": 1.0,
    "composite_score": 44.9633,
    "cso_density": 0.0,
    "ej_index": 0.5224,
    "elevation_m": -0.762,
    "estuary_dist_km": 87.24,
    "feasibility_score": 75.3086,
    "flood_q10_cfs": null,
    "flow_score": 52.2964,
    "flow_velocity_ms": 0.5,
    "generation_score": 17.5259,
    "impact_score": 51.1172,
    "impervious_pct": null,
    "land_ownership": 0.5,
    "lat": 35.076,
    "litter_complaint_density": 0.0,
    "lon": -77.0079,
    "npdes_points": 9,
    "pixel_col": 1593.0,
    "pixel_row": 1212.0,
    "population_density": 104.8,
    "position_along": 0.5,
    "protected_area_score": 0.0,
    "rank": 16,
    "river_name": "Neuse River",
    "road_access_m": 845.6,
    "road_access_score": 0.6,
    "road_density_km_km2": 1.171,
    "robustness_pct": 0.0,
    "runoff_coeff_C": null,
    "seasonal_cv": null,
    "segment_id": 35,
    "segment_length_m": 293.9522,
    "stream_order": 3,
    "superfund_score": 0.0,
    "tourism_amenity_density": 0.1592,
    "tri_facility_density": 0.0,
    "usgs_mean_q_cfs": null,
    "velocity_feasibility": 1.0,
    "water_intake_score": 0.0
   },
   "type": "Feature"
  },
  {
   "geometry": {
    "coordinates": [
     -77.015084,
     35.081288
    ],
    "type": "Point"
   },
   "properties": {
    "accumulation": 71588.0,
    "bank_slope_deg": 0.0,
    "bank_slope_score": 1.0,
    "beach_dist_km": 120.05,
    "bridge_proximity_bonus": 0.0,
    "catchment_area_km2": 7.1496,
    "channel_width_m": 4.53,
    "channel_width_score": 1.0,
    "composite_score": 44.7026,
    "cso_density": 0.0,
    "ej_index": 0.5661,
    "elevation_m": -0.762,
    "estuary_dist_km": 87.9,
    "feasibility_score": 75.3086,
    "flood_q10_cfs": null,
    "flow_score": 51.8859,
    "flow_velocity_ms": 0.5,
    "generation_score": 16.2095,
    "impact_score": 51.9065,
    "impervious_pct": null,
    "land_ownership": 0.5,
    "lat": 35.0813,
    "litter_complaint_density": 0.0,
    "lon": -77.0151,
    "npdes_points": 7,
    "pixel_col": 1530.0,
    "pixel_row": 1152.0,
    "population_density": 97.2,
    "position_along": 0.75,
    "protected_area_score": 0.0,
    "rank": 17,
    "river_name": null,
    "road_access_m": 683.4,
    "road_access_score": 0.6,
    "road_density_km_km2": 2.487,
    "robustness_pct": 0.0,
    "runoff_coeff_C": null,
    "seasonal_cv": null,
    "segment_id": 25,
    "segment_length_m": 4041.5518,
    "stream_order": 3,
    "superfund_score": 0.0,
    "tourism_amenity_density": 0.1592,
    "tri_facility_density": 0.0,
    "usgs_mean_q_cfs": null,
    "velocity_feasibility": 1.0,
    "water_intake_score": 0.0
   },
   "type": "Feature"
  },
  {
   "geometry": {
    "coordinates": [
     -76.984924,
     35.054625
    ],
    "type": "Point"
   },
   "properties": {
    "accumulation": 220532.0,
    "bank_slope_deg": 0.0,
    "bank_slope_score": 1.0,
    "beach_dist_km": 119.36,
    "bridge_proximity_bonus": 0.0,
    "catchment_area_km2": 22.0247,
    "channel_width_m": 6.82,
    "channel_width_score": 1.0,
    "composite_score": 43.8273,
    "cso_density": 0.0,
    "ej_index": 0.3977,
    "elevation_m": -0.6,
    "estuary_dist_km": 85.1,
    "feasibility_score": 56.7901,
    "flood_q10_cfs": null,
    "flow_score": 67.4419,
    "flow_velocity_ms": 0.5,
    "generation_score": 11.6417,
    "impact_score": 49.8527,
    "impervious_pct": null,
    "land_ownership": 0.5,
    "lat": 35.0546,
    "litter_complaint_density": 0.0,
    "lon": -76.9849,
    "npdes_points": 4,
    "pixel_col": 1800.0,
    "pixel_row": 1454.0,
    "population_density": 136.9,
    "position_along": 0.75,
    "protected_area_score": 0.0,
    "rank": 18,
    "river_name": "Neuse River",
    "road_access_m": 1201.4,
    "road_access_score": 0.3,
    "road_density_km_km2": 1.16,
    "robustness_pct": 10.0,
    "runoff_coeff_C": null,
    "seasonal_cv": null,
    "segment_id": 37,
    "segment_length_m": 3755.2397,
    "stream_order": 3,
    "superfund_score": 0.0,
    "tourism_amenity_density": 0.2387,
    "tri_facility_density": 0.0,
    "usgs_mean_q_cfs": null,
    "velocity_feasibility": 1.0,
    "water_intake_score": 0.0
   },
   "type": "Feature"
  },
  {
   "geometry": {
    "coordinates": [
     -77.121928,
     35.095971
    ],
    "type": "Point"
   },
   "properties": {
    "accumulation": 37101.0,
    "bank_slope_deg": 1.8,
    "bank_slope_score": 1.0,
    "beach_dist_km": 115.93,
    "bridge_proximity_bonus": 0.0,
    "catchment_area_km2": 3.7053,
    "channel_width_m": 3.57,
    "channel_width_score": 1.0,
    "composite_score": 42.8738,
    "cso_density": 0.0,
    "ej_index": 0.3926,
    "elevation_m": 7.3266,
    "estuary_dist_km": 97.68,
    "feasibility_score": 80.9524,
    "flood_q10_cfs": null,
    "flow_score": 16.9299,
    "flow_velocity_ms": 0.1427,
    "generation_score": 47.773,
    "impact_score": 40.5553,
    "impervious_pct": 16.96,
    "land_ownership": 0.5,
    "lat": 35.096,
    "litter_complaint_density": 0.0,
    "lon": -77.1219,
    "npdes_points": 4,
    "pixel_col": 559.0,
    "pixel_row": 968.0,
    "population_density": 215.8,
    "position_along": 0.25,
    "protected_area_score": 0.0,
    "rank": 19,
    "river_name": null,
    "road_access_m": 136.2,
    "road_access_score": 1.0,
    "road_density_km_km2": 5.25,
    "robustness_pct": 0.0,
    "runoff_coeff_C": 0.2026,
    "seasonal_cv": 0.5869,
    "segment_id": 26,
    "segment_length_m": 4005.3011,
    "stream_order": 1,
    "superfund_score": 0.0,
    "tourism_amenity_density": 1.8303,
    "tri_facility_density": 0.2699,
    "usgs_mean_q_cfs": 2.34,
    "velocity_feasibility": 0.7,
    "water_intake_score": 0.0
   },
   "type": "Feature"
  },
  {
   "geometry": {
    "coordinates": [
     -77.008339,
     35.078854
    ],
    "type": "Point"
   },
   "properties": {
    "accumulation": 40540.0,
    "bank_slope_deg": 0.0,
    "bank_slope_score": 1.0,
    "beach_dist_km": 120.19,
    "bridge_proximity_bonus": 0.0,
    "catchment_area_km2": 4.0488,
    "channel_width_m": 3.69,
    "channel_width_score": 1.0,
    "composite_score": 42.6302,
    "cso_density": 0.0,
    "ej_index": 0.5229,
    "elevation_m": -0.762,
    "estuary_dist_km": 87.28,
    "feasibility_score": 75.3086,
    "flood_q10_cfs": null,
    "flow_score": 48.6432,
    "flow_velocity_ms": 0.5,
    "generation_score": 13.0564,
    "impact_score": 50.8538,
    "impervious_pct": null,
    "land_ownership": 0.5,
    "lat": 35.0789,
    "litter_complaint_density": 0.0,
    "lon": -77.0083,
    "npdes_points": 7,
    "pixel_col": 1591.0,
    "pixel_row": 1181.0,
    "population_density": 84.4,
    "position_along": 0.5,
    "protected_area_score": 0.0,
    "rank": 20,
    "river_name": "Neuse River",
    "road_access_m": 893.9,
    "road_access_score": 0.6,
    "road_density_km_km2": 0.449,
    "robustness_pct": 0.0,
    "runoff_coeff_C": null,
    "seasonal_cv": null,
    "segment_id": 34,
    "segment_length_m": 362.9026,
    "stream_order": 3,
    "superfund_score": 0.0,
    "tourism_amenity_density": 0.1592,
    "tri_facility_density": 0.0,
    "usgs_mean_q_cfs": null,
    "velocity_feasibility": 1.0,
    "water_intake_score": 0.0
   },
   "type": "Feature"
  },
  {
   "geometry": {
    "coordinates": [
     -77.026624,
     35.104711
    ],
    "type": "Point"
   },
   "properties": {
    "accumulation": 34373.0,
    "bank_slope_deg": 0.0,
    "bank_slope_score": 1.0,
    "beach_dist_km": 121.54,
    "bridge_proximity_bonus": 0.0,
    "catchment_area_km2": 3.4329,
    "channel_width_m": 3.47,
    "channel_width_score": 1.0,
    "composite_score": 42.031,
    "cso_density": 0.0,
    "ej_index": 0.422,
    "elevation_m": -0.762,
    "estuary_dist_km": 89.08,
    "feasibility_score": 75.3086,
    "flood_q10_cfs": null,
    "flow_score": 47.9991,
    "flow_velocity_ms": 0.5,
    "generation_score": 6.5444,
    "impact_score": 55.9053,
    "impervious_pct": null,
    "land_ownership": 0.5,
    "lat": 35.1047,
    "litter_complaint_density": 0.0,
    "lon": -77.0266,
    "npdes_points": 0,
    "pixel_col": 1428.0,
    "pixel_row": 890.0,
    "population_density": 123.0,
    "position_along": 0.5,
    "protected_area_score": 0.0,
    "rank": 21,
    "river_name": "Neuse River",
    "road_access_m": 781.7,
    "road_access_score": 0.6,
    "road_density_km_km2": 1.901,
    "robustness_pct": 0.5,
    "runoff_coeff_C": null,
    "seasonal_cv": null,
    "segment_id": 24,
    "segment_length_m": 54.1072,
    "stream_order": 3,
    "superfund_score": 0.0,
    "tourism_amenity_density": 3.8993,
    "tri_facility_density": 0.0,
    "usgs_mean_q_cfs": null,
    "velocity_feasibility": 1.0,
    "water_intake_score": 0.0
   },
   "type": "Feature"
  },
  {
   "geometry": {
    "coordinates": [
     -77.035729,
     35.023311
    ],
    "type": "Point"
   },
   "properties": {
    "accumulation": 57209.0,
    "bank_slope_deg": 0.52,
    "bank_slope_score": 1.0,
    "beach_dist_km": 113.77,
    "bridge_proximity_bonus": 0.0,
    "catchment_area_km2": 5.7135,
    "channel_width_m": 4.18,
    "channel_width_score": 1.0,
    "composite_score": 41.6006,
    "cso_density": 0.0,
    "ej_index": 0.3398,
    "elevation_m": -0.0202,
    "estuary_dist_km": 89.79,
    "feasibility_score": 87.6543,
    "flood_q10_cfs": null,
    "flow_score": 50.3841,
    "flow_velocity_ms": 0.5,
    "generation_score": 5.8066,
    "impact_score": 47.0481,
    "impervious_pct": null,
    "land_ownership": 0.5,
    "lat": 35.0233,
    "litter_complaint_density": 0.0,
    "lon": -77.0357,
    "npdes_points": 0,
    "pixel_col": 1329.0,
    "pixel_row": 1788.0,
    "population_density": 120.2,
    "position_along": 0.5,
    "protected_area_score": 0.0,
    "rank": 22,
    "river_name": "Brice Creek",
    "road_access_m": 492.7,
    "road_access_score": 0.8,
    "road_density_km_km2": 1.419,
    "robustness_pct": 0.0,
    "runoff_coeff_C": null,
    "seasonal_cv": null,
    "segment_id": 59,
    "segment_length_m": 376.7414,
    "stream_order": 3,
    "superfund_score": 0.0,
    "tourism_amenity_density": 0.4775,
    "tri_facility_density": 0.0,
    "usgs_mean_q_cfs": null,
    "velocity_feasibility": 1.0,
    "water_intake_score": 0.0
   },
   "type": "Feature"
  },
  {
   "geometry": {
    "coordinates": [
     -77.086794,
     35.148195
    ],
    "type": "Point"
   },
   "properties": {
    "accumulation": 93885.0,
    "bank_slope_deg": 0.94,
    "bank_slope_score": 1.0,
    "beach_dist_km": 122.55,
    "bridge_proximity_bonus": 0.0,
    "catchment_area_km2": 9.3764,
    "channel_width_m": 5.0,
    "channel_width_score": 1.0,
    "composite_score": 41.1781,
    "cso_density": 0.0,
    "ej_index": 0.7583,
    "elevation_m": 0.174,
    "estuary_dist_km": 94.95,
    "feasibility_score": 56.7901,
    "flood_q10_cfs": null,
    "flow_score": 54.2147,
    "flow_velocity_ms": 0.5,
    "generation_score": 14.0995,
    "impact_score": 49.5869,
    "impervious_pct": null,
    "land_ownership": 0.5,
    "lat": 35.1482,
    "litter_complaint_density": 0.0,
    "lon": -77.0868,
    "npdes_points": 2,
    "pixel_col": 892.0,
    "pixel_row": 393.0,
    "population_density": 137.3,
    "position_along": 0.5,
    "protected_area_score": 0.0,
    "rank": 23,
    "river_name": null,
    "road_access_m": 1235.3,
    "road_access_score": 0.3,
    "road_density_km_km2": 1.081,
    "robustness_pct": 0.0,
    "runoff_coeff_C": null,
    "seasonal_cv": null,
    "segment_id": 16,
    "segment_length_m": 1110.2372,
    "stream_order": 3,
    "superfund_score": 0.0,
    "tourism_amenity_density": 0.7958,
    "tri_facility_density": 0.1067,
    "usgs_mean_q_cfs": null,
    "velocity_feasibility": 1.0,
    "water_intake_score": 0.0
   },
   "type": "Feature"
  },
  {
   "geometry": {
    "coordinates": [
     -77.085834,
     35.152357
    ],
    "type": "Point"
   },
   "properties": {
    "accumulation": 123097.0,
    "bank_slope_deg": 0.05,
    "bank_slope_score": 1.0,
    "beach_dist_km": 122.99,
    "bridge_proximity_bonus": 0.0,
    "catchment_area_km2": 12.2938,
    "channel_width_m": 5.52,
    "channel_width_score": 1.0,
    "composite_score": 41.0707,
    "cso_density": 0.0,
    "ej_index": 0.7079,
    "elevation_m": 0.0025,
    "estuary_dist_km": 94.92,
    "feasibility_score": 56.7901,
    "flood_q10_cfs": null,
    "flow_score": 57.2656,
    "flow_velocity_ms": 0.5,
    "generation_score": 13.6966,
    "impact_score": 47.0894,
    "impervious_pct": null,
    "land_ownership": 0.5,
    "lat": 35.1524,
    "litter_complaint_density": 0.0,
    "lon": -77.0858,
    "npdes_points": 3,
    "pixel_col": 901.0,
    "pixel_row": 348.0,
    "population_density": 125.6,
    "position_along": 0.5,
    "protected_area_score": 0.0,
    "rank": 24,
    "river_name": "Bachelor Creek",
    "road_access_m": 1095.4,
    "road_access_score": 0.3,
    "road_density_km_km2": 0.991,
    "robustness_pct": 1.0,
    "runoff_coeff_C": null,
    "seasonal_cv": null,
    "segment_id": 17,
    "segment_length_m": 34.1201,
    "stream_order": 3,
    "superfund_score": 0.0,
    "tourism_amenity_density": 0.7958,
    "tri_facility_density": 0.0813,
    "usgs_mean_q_cfs": null,
    "velocity_feasibility": 1.0,
    "water_intake_score": 0.0
   },
   "type": "Feature"
  },
  {
   "geometry": {
    "coordinates": [
     -77.109543,
     35.063608
    ],
    "type": "Point"
   },
   "properties": {
    "accumulation": 96717.0,
    "bank_slope_deg": 0.25,
    "bank_slope_score": 1.0,
    "beach_dist_km": 113.51,
    "bridge_proximity_bonus": 0.0,
    "catchment_area_km2": 9.6592,
    "channel_width_m": 5.06,
    "channel_width_score": 1.0,
    "composite_score": 40.9691,
    "cso_density": 0.0,
    "ej_index": 0.3995,
    "elevation_m": 0.2912,
    "estuary_dist_km": 96.45,
    "feasibility_score": 80.9524,
    "flood_q10_cfs": null,
    "flow_score": 49.7673,
    "flow_velocity_ms": 0.1485,
    "generation_score": 15.5086,
    "impact_score": 39.1062,
    "impervious_pct": 1.69,
    "land_ownership": 0.5,
    "lat": 35.0636,
    "litter_complaint_density": 0.0,
    "lon": -77.1095,
    "npdes_points": 4,
    "pixel_col": 663.0,
    "pixel_row": 1327.0,
    "population_density": 155.1,
    "position_along": 0.5,
    "protected_area_score": 0.0,
    "rank": 25,
    "river_name": "Reedy Branch",
    "road_access_m": 163.6,
    "road_access_score": 1.0,
    "road_density_km_km2": 2.511,
    "robustness_pct": 0.0,
    "runoff_coeff_C": 0.0652,
    "seasonal_cv": 0.5137,
    "segment_id": 50,
    "segment_length_m": 2656.3451,
    "stream_order": 3,
    "superfund_score": 0.0,
    "tourism_amenity_density": 0.1592,
    "tri_facility_density": 0.0,
    "usgs_mean_q_cfs": 8.742,
    "velocity_feasibility": 0.7,
    "water_intake_score": 0.0
   },
   "type": "Feature"
  },
  {
   "geometry": {
    "coordinates": [
     -77.114383,
     35.086428
    ],
    "type": "Point"
   },
   "properties": {
    "accumulation": 49852.0,
    "bank_slope_deg": 1.03,
    "bank_slope_score": 1.0,
    "beach_dist_km": 115.4,
    "bridge_proximity_bonus": 0.0,
    "catchment_area_km2": 4.9788,
    "channel_width_m": 3.98,
    "channel_width_score": 1.0,
    "composite_score": 40.7326,
    "cso_density": 0.0,
    "ej_index": 0.2143,
    "elevation_m": 0.7436,
    "estuary_dist_km": 96.95,
    "feasibility_score": 80.9524,
    "flood_q10_cfs": null,
    "flow_score": 17.1703,
    "flow_velocity_ms": 0.1044,
    "generation_score": 46.8772,
    "impact_score": 34.1134,
    "impervious_pct": 16.96,
    "land_ownership": 0.5,
    "lat": 35.0864,
    "litter_complaint_density": 0.0,
    "lon": -77.1144,
    "npdes_points": 1,
    "pixel_col": 626.0,
    "pixel_row": 1075.0,
    "population_density": 378.8,
    "position_along": 0.75,
    "protected_area_score": 0.0,
    "rank": 26,
    "river_name": null,
    "road_access_m": 74.7,
    "road_access_score": 1.0,
    "road_density_km_km2": 6.043,
    "robustness_pct": 0.0,
    "runoff_coeff_C": 0.2026,
    "seasonal_cv": 0.5869,
    "segment_id": 26,
    "segment_length_m": 4005.3011,
    "stream_order": 1,
    "superfund_score": 0.0,
    "tourism_amenity_density": 1.6711,
    "tri_facility_density": 0.2009,
    "usgs_mean_q_cfs": 2.34,
    "velocity_feasibility": 0.7,
    "water_intake_score": 0.0
   },
   "type": "Feature"
  },
  {
   "geometry": {
    "coordinates": [
     -77.032689,
     35.016469
    ],
    "type": "Point"
   },
   "properties": {
    "accumulation": 22444.0,
    "bank_slope_deg": 0.71,
    "bank_slope_score": 1.0,
    "beach_dist_km": 113.33,
    "bridge_proximity_bonus": 0.0,
    "catchment_area_km2": 2.2415,
    "channel_width_m": 2.98,
    "channel_width_score": 1.0,
    "composite_score": 40.4602,
    "cso_density": 0.0,
    "ej_index": 0.3267,
    "elevation_m": 0.1045,
    "estuary_dist_km": 89.55,
    "feasibility_score": 87.6543,
    "flood_q10_cfs": null,
    "flow_score": 46.7532,
    "flow_velocity_ms": 0.5,
    "generation_score": 5.0803,
    "impact_score": 46.9988,
    "impervious_pct": null,
    "land_ownership": 0.5,
    "lat": 35.0165,
    "litter_complaint_density": 0.0,
    "lon": -77.0327,
    "npdes_points": 0,
    "pixel_col": 1351.0,
    "pixel_row": 1868.0,
    "population_density": 112.0,
    "position_along": 0.5,
    "protected_area_score": 0.0,
    "rank": 27,
    "river_name": "Brice Creek",
    "road_access_m": 252.9,
    "road_access_score": 0.8,
    "road_density_km_km2": 1.088,
    "robustness_pct": 0.0,
    "runoff_coeff_C": null,
    "seasonal_cv": null,
    "segment_id": 58,
    "segment_length_m": 1864.3085,
    "stream_order": 3,
    "superfund_score": 0.0,
    "tourism_amenity_density": 0.3979,
    "tri_facility_density": 0.0,
    "usgs_mean_q_cfs": null,
    "velocity_feasibility": 1.0,
    "water_intake_score": 0.0
   },
   "type": "Feature"
  },
  {
   "geometry": {
    "coordinates": [
     -77.036617,
     35.021603
    ],
    "type": "Point"
   },
   "properties": {
    "accumulation": 20131.0,
    "bank_slope_deg": 0.42,
    "bank_slope_score": 1.0,
    "beach_dist_km": 113.57,
    "bridge_proximity_bonus": 0.0,
    "catchment_area_km2": 2.0105,
    "channel_width_m": 2.86,
    "channel_width_score": 1.0,
    "composite_score": 40.222,
    "cso_density": 0.0,
    "ej_index": 0.3684,
    "elevation_m": 0.048,
    "estuary_dist_km": 89.88,
    "feasibility_score": 87.6543,
    "flood_q10_cfs": null,
    "flow_score": 46.5116,
    "flow_velocity_ms": 0.5,
    "generation_score": 3.1751,
    "impact_score": 48.3114,
    "impervious_pct": null,
    "land_ownership": 0.5,
    "lat": 35.0216,
    "litter_complaint_density": 0.0,
    "lon": -77.0366,
    "npdes_points": 0,
    "pixel_col": 1320.0,
    "pixel_row": 1808.0,
    "population_density": 87.6,
    "position_along": 0.5,
    "protected_area_score": 0.0,
    "rank": 28,
    "river_name": "Brice Creek",
    "road_access_m": 493.6,
    "road_access_score": 0.8,
    "road_density_km_km2": 0.296,
    "robustness_pct": 0.0,
    "runoff_coeff_C": null,
    "seasonal_cv": null,
    "segment_id": 57,
    "segment_length_m": 158.8923,
    "stream_order": 3,
    "superfund_score": 0.0,
    "tourism_amenity_density": 0.4775,
    "tri_facility_density": 0.0,
    "usgs_mean_q_cfs": null,
    "velocity_feasibility": 1.0,
    "water_intake_score": 0.0
   },
   "type": "Feature"
  },
  {
   "geometry": {
    "coordinates": [
     -77.014604,
     35.084073
    ],
    "type": "Point"
   },
   "properties": {
    "accumulation": 23920.0,
    "bank_slope_deg": 0.0,
    "bank_slope_score": 1.0,
    "beach_dist_km": 120.32,
    "bridge_proximity_bonus": 0.0,
    "catchment_area_km2": 2.3889,
    "channel_width_m": 3.05,
    "channel_width_score": 1.0,
    "composite_score": 40.1572,
    "cso_density": 0.0,
    "ej_index": 0.5735,
    "elevation_m": -0.762,
    "estuary_dist_km": 87.87,
    "feasibility_score": 75.3086,
    "flood_q10_cfs": null,
    "flow_score": 46.9073,
    "flow_velocity_ms": 0.5,
    "generation_score": 5.4018,
    "impact_score": 51.7119,
    "impervious_pct": null,
    "land_ownership": 0.5,
    "lat": 35.0841,
    "litter_complaint_density": 0.0,
    "lon": -77.0146,
    "npdes_points": 2,
    "pixel_col": 1536.0,
    "pixel_row": 1122.0,
    "population_density": 70.5,
    "position_along": 0.5,
    "protected_area_score": 0.0,
    "rank": 29,
    "river_name": "Neuse River",
    "road_access_m": 977.9,
    "road_access_score": 0.6,
    "road_density_km_km2": 0.317,
    "robustness_pct": 0.0,
    "runoff_coeff_C": null,
    "seasonal_cv": null,
    "segment_id": 30,
    "segment_length_m": 2007.3531,
    "stream_order": 3,
    "superfund_score": 0.0,
    "tourism_amenity_density": 0.0796,
    "tri_facility_density": 0.0,
    "usgs_mean_q_cfs": null,
    "velocity_feasibility": 1.0,
    "water_intake_score": 0.0
   },
   "type": "Feature"
  },
  {
   "geometry": {
    "coordinates": [
     -77.06598,
     35.074291
    ],
    "type": "Point"
   },
   "properties": {
    "accumulation": 75693.0,
    "bank_slope_deg": 0.0,
    "bank_slope_score": 1.0,
    "beach_dist_km": 116.72,
    "bridge_proximity_bonus": 0.0,
    "catchment_area_km2": 7.5595,
    "channel_width_m": 4.63,
    "channel_width_score": 1.0,
    "composite_score": 39.5817,
    "cso_density": 0.0,
    "ej_index": 0.2986,
    "elevation_m": -0.1524,
    "estuary_dist_km": 92.51,
    "feasibility_score": 87.6543,
    "flood_q10_cfs": null,
    "flow_score": 36.0355,
    "flow_velocity_ms": 0.5,
    "generation_score": 19.8556,
    "impact_score": 38.2266,
    "impervious_pct": null,
    "land_ownership": 0.5,
    "lat": 35.0743,
    "litter_complaint_density": 0.0,
    "lon": -77.066,
    "npdes_points": 4,
    "pixel_col": 1065.0,
    "pixel_row": 1217.0,
    "population_density": 268.9,
    "position_along": 0.8333,
    "protected_area_score": 0.0,
    "rank": 30,
    "river_name": "Trent River",
    "road_access_m": 339.0,
    "road_access_score": 0.8,
    "road_density_km_km2": 3.868,
    "robustness_pct": 0.0,
    "runoff_coeff_C": null,
    "seasonal_cv": null,
    "segment_id": 38,
    "segment_length_m": 5965.1618,
    "stream_order": 1,
    "superfund_score": 0.0,
    "tourism_amenity_density": 0.3979,
    "tri_facility_density": 0.0,
    "usgs_mean_q_cfs": null,
    "velocity_feasibility": 1.0,
    "water_intake_score": 0.0
   },
   "type": "Feature"
  },
  {
   "geometry": {
    "coordinates": [
     -77.129502,
     35.175763
    ],
    "type": "Point"
   },
   "properties": {
    "accumulation": 130020.0,
    "bank_slope_deg": 0.42,
    "bank_slope_score": 1.0,
    "beach_dist_km": 123.2,
    "bridge_proximity_bonus": 0.0,
    "catchment_area_km2": 12.9852,
    "channel_width_m": 5.63,
    "channel_width_score": 1.0,
    "composite_score": 39.1751,
    "cso_density": 0.0,
    "ej_index": 0.6211,
    "elevation_m": 0.2161,
    "estuary_dist_km": 99.18,
    "feasibility_score": 87.6543,
    "flood_q10_cfs": null,
    "flow_score": 57.9886,
    "flow_velocity_ms": 0.5,
    "generation_score": 4.1064,
    "impact_score": 34.3261,
    "impervious_pct": null,
    "land_ownership": 0.5,
    "lat": 35.1758,
    "litter_complaint_density": 0.0,
    "lon": -77.1295,
    "npdes_points": 0,
    "pixel_col": 509.0,
    "pixel_row": 82.0,
    "population_density": 102.3,
    "position_along": 0.5,
    "protected_area_score": 0.0,
    "rank": 31,
    "river_name": "Bachelor Creek",
    "road_access_m": 210.1,
    "road_access_score": 0.8,
    "road_density_km_km2": 0.61,
    "robustness_pct": 0.0,
    "runoff_coeff_C": null,
    "seasonal_cv": null,
    "segment_id": 7,
    "segment_length_m": 1583.779,
    "stream_order": 3,
    "superfund_score": 0.0,
    "tourism_amenity_density": 0.0,
    "tri_facility_density": 0.0,
    "usgs_mean_q_cfs": null,
    "velocity_feasibility": 1.0,
    "water_intake_score": 0.0
   },
   "type": "Feature"
  },
  {
   "geometry": {
    "coordinates": [
     -77.135368,
     35.170731
    ],
    "type": "Point"
   },
   "properties": {
    "accumulation": 71565.0,
    "bank_slope_deg": 0.46,
    "bank_slope_score": 1.0,
    "beach_dist_km": 122.45,
    "bridge_proximity_bonus": 0.0,
    "catchment_area_km2": 7.1473,
    "channel_width_m": 4.53,
    "channel_width_score": 1.0,
    "composite_score": 38.8193,
    "cso_density": 0.0,
    "ej_index": 0.7645,
    "elevation_m": 0.4635,
    "estuary_dist_km": 99.64,
    "feasibility_score": 80.9524,
    "flood_q10_cfs": null,
    "flow_score": 47.5192,
    "flow_velocity_ms": 0.0633,
    "generation_score": 8.9237,
    "impact_score": 40.3985,
    "impervious_pct": 3.33,
    "land_ownership": 0.5,
    "lat": 35.1707,
    "litter_complaint_density": 0.0,
    "lon": -77.1354,
    "npdes_points": 0,
    "pixel_col": 454.0,
    "pixel_row": 134.0,
    "population_density": 138.5,
    "position_along": 0.75,
    "protected_area_score": 0.0,
    "rank": 32,
    "river_name": "Caswell Branch",
    "road_access_m": 138.1,
    "road_access_score": 1.0,
    "road_density_km_km2": 1.152,
    "robustness_pct": 0.0,
    "runoff_coeff_C": 0.08,
    "seasonal_cv": 0.4556,
    "segment_id": 6,
    "segment_length_m": 4212.5683,
    "stream_order": 3,
    "superfund_score": 0.0,
    "tourism_amenity_density": 0.0,
    "tri_facility_density": 0.0,
    "usgs_mean_q_cfs": 9.548,
    "velocity_feasibility": 0.7,
    "water_intake_score": 0.0
   },
   "type": "Feature"
  },
  {
   "geometry": {
    "coordinates": [
     -77.106959,
     35.035567
    ],
    "type": "Point"
   },
   "properties": {
    "accumulation": 28733.0,
    "bank_slope_deg": 2.45,
    "bank_slope_score": 1.0,
    "beach_dist_km": 111.05,
    "bridge_proximity_bonus": 0.0,
    "catchment_area_km2": 2.8696,
    "channel_width_m": 3.25,
    "channel_width_score": 1.0,
    "composite_score": 38.7906,
    "cso_density": 0.0,
    "ej_index": 0.6232,
    "elevation_m": 6.6248,
    "estuary_dist_km": 96.24,
    "feasibility_score": 80.9524,
    "flood_q10_cfs": null,
    "flow_score": 40.4109,
    "flow_velocity_ms": 0.0652,
    "generation_score": 4.527,
    "impact_score": 50.6231,
    "impervious_pct": 1.69,
    "land_ownership": 0.5,
    "lat": 35.0356,
    "litter_complaint_density": 0.0,
    "lon": -77.107,
    "npdes_points": 0,
    "pixel_col": 680.0,
    "pixel_row": 1638.0,
    "population_density": 15.2,
    "position_along": 0.25,
    "protected_area_score": 0.0,
    "rank": 33,
    "river_name": "Reedy Branch",
    "road_access_m": 98.5,
    "road_access_score": 1.0,
    "road_density_km_km2": 2.141,
    "robustness_pct": 0.0,
    "runoff_coeff_C": 0.0652,
    "seasonal_cv": 0.5137,
    "segment_id": 49,
    "segment_length_m": 3501.7786,
    "stream_order": 3,
    "superfund_score": 0.0,
    "tourism_amenity_density": 0.0,
    "tri_facility_density": 0.0,
    "usgs_mean_q_cfs": 8.742,
    "velocity_feasibility": 0.7,
    "water_intake_score": 0.0
   },
   "type": "Feature"
  },
  {
   "geometry": {
    "coordinates": [
     -77.033124,
     35.132414
    ],
    "type": "Point"
   },
   "properties": {
    "accumulation": 26895.0,
    "bank_slope_deg": 0.0,
    "bank_slope_score": 1.0,
    "beach_dist_km": 123.74,
    "bridge_proximity_bonus": 0.0,
    "catchment_area_km2": 2.686,
    "channel_width_m": 3.18,
    "channel_width_score": 1.0,
    "composite_score": 37.7883,
    "cso_density": 0.0,
    "ej_index": 0.551,
    "elevation_m": 0.0,
    "estuary_dist_km": 89.92,
    "feasibility_score": 75.3086,
    "flood_q10_cfs": null,
    "flow_score": 30.939,
    "flow_velocity_ms": 0.5,
    "generation_score": 6.2876,
    "impact_score": 56.2364,
    "impervious_pct": null,
    "land_ownership": 0.5,
    "lat": 35.1324,
    "litter_complaint_density": 0.0,
    "lon": -77.0331,
    "npdes_points": 0,
    "pixel_col": 1374.0,
    "pixel_row": 582.0,
    "population_density": 105.5,
    "position_along": 0.5,
    "protected_area_score": 0.0,
    "rank": 34,
    "river_name": null,
    "road_access_m": 524.0,
    "road_access_score": 0.6,
    "road_density_km_km2": 2.169,
    "robustness_pct": 0.0,
    "runoff_coeff_C": null,
    "seasonal_cv": null,
    "segment_id": 13,
    "segment_length_m": 1865.1405,
    "stream_order": 1,
    "superfund_score": 0.0,
    "tourism_amenity_density": 3.4218,
    "tri_facility_density": 0.0,
    "usgs_mean_q_cfs": null,
    "velocity_feasibility": 1.0,
    "water_intake_score": 0.0
   },
   "type": "Feature"
  },
  {
   "geometry": {
    "coordinates": [
     -77.087595,
     35.150178
    ],
    "type": "Point"
   },
   "properties": {
    "accumulation": 22692.0,
    "bank_slope_deg": 0.52,
    "bank_slope_score": 1.0,
    "beach_dist_km": 122.7,
    "bridge_proximity_bonus": 0.0,
    "catchment_area_km2": 2.2663,
    "channel_width_m": 2.99,
    "channel_width_score": 1.0,
    "composite_score": 37.4443,
    "cso_density": 0.0,
    "ej_index": 0.8024,
    "elevation_m": 0.0946,
    "estuary_dist_km": 95.05,
    "feasibility_score": 56.7901,
    "flood_q10_cfs": null,
    "flow_score": 46.7791,
    "flow_velocity_ms": 0.5,
    "generation_score": 6.2982,
    "impact_score": 51.1385,
    "impervious_pct": null,
    "land_ownership": 0.5,
    "lat": 35.1502,
    "litter_complaint_density": 0.0,
    "lon": -77.0876,
    "npdes_points": 1,
    "pixel_col": 885.0,
    "pixel_row": 371.0,
    "population_density": 148.1,
    "position_along": 0.5,
    "protected_area_score": 0.0,
    "rank": 35,
    "river_name": null,
    "road_access_m": 1100.1,
    "road_access_score": 0.3,
    "road_density_km_km2": 0.0,
    "robustness_pct": 0.0,
    "runoff_coeff_C": null,
    "seasonal_cv": null,
    "segment_id": 8,
    "segment_length_m": 596.3052,
    "stream_order": 3,
    "superfund_score": 0.0,
    "tourism_amenity_density": 0.7958,
    "tri_facility_density": 0.0,
    "usgs_mean_q_cfs": null,
    "velocity_feasibility": 1.0,
    "water_intake_score": 0.0
   },
   "type": "Feature"
  },
  {
   "geometry": {
    "coordinates": [
     -77.138694,
     35.034371
    ],
    "type": "Point"
   },
   "properties": {
    "accumulation": 64706.0,
    "bank_slope_deg": 4.63,
    "bank_slope_score": 1.0,
    "beach_dist_km": 109.34,
    "bridge_proximity_bonus": 0.0,
    "catchment_area_km2": 6.4622,
    "channel_width_m": 4.37,
    "channel_width_score": 1.0,
    "composite_score": 37.026,
    "cso_density": 0.0,
    "ej_index": 0.7292,
    "elevation_m": 1.2846,
    "estuary_dist_km": 99.13,
    "feasibility_score": 56.261,
    "flood_q10_cfs": null,
    "flow_score": 49.9941,
    "flow_velocity_ms": 0.1307,
    "generation_score": 0.7602,
    "impact_score": 52.8676,
    "impervious_pct": 0.26,
    "land_ownership": 0.5,
    "lat": 35.0344,
    "litter_complaint_density": 0.0,
    "lon": -77.1387,
    "npdes_points": 0,
    "pixel_col": 392.0,
    "pixel_row": 1646.0,
    "population_density": 11.9,
    "position_along": 0.5,
    "protected_area_score": 0.0,
    "rank": 36,
    "river_name": "Island Creek",
    "road_access_m": 919.1,
    "road_access_score": 0.6,
    "road_density_km_km2": 0.306,
    "robustness_pct": 0.0,
    "runoff_coeff_C": 0.0523,
    "seasonal_cv": 0.5034,
    "segment_id": 55,
    "segment_length_m": 2857.2203,
    "stream_order": 3,
    "superfund_score": 0.0,
    "tourism_amenity_density": 0.0796,
    "tri_facility_density": 0.0,
    "usgs_mean_q_cfs": 10.985,
    "velocity_feasibility": 0.7,
    "water_intake_score": 0.0
   },
   "type": "Feature"
  },
  {
   "geometry": {
    "coordinates": [
     -77.044128,
     35.041711
    ],
    "type": "Point"
   },
   "properties": {
    "accumulation": 21460.0,
    "bank_slope_deg": 0.32,
    "bank_slope_score": 1.0,
    "beach_dist_km": 114.94,
    "bridge_proximity_bonus": 0.0,
    "catchment_area_km2": 2.1432,
    "channel_width_m": 2.93,
    "channel_width_score": 1.0,
    "composite_score": 36.813,
    "cso_density": 0.0,
    "ej_index": 0.3402,
    "elevation_m": -0.1524,
    "estuary_dist_km": 90.5,
    "feasibility_score": 87.6543,
    "flood_q10_cfs": null,
    "flow_score": 30.3713,
    "flow_velocity_ms": 0.5,
    "generation_score": 6.1576,
    "impact_score": 47.4157,
    "impervious_pct": null,
    "land_ownership": 0.5,
    "lat": 35.0417,
    "litter_complaint_density": 0.0,
    "lon": -77.0441,
    "npdes_points": 0,
    "pixel_col": 1256.0,
    "pixel_row": 1582.0,
    "population_density": 157.5,
    "position_along": 0.5,
    "protected_area_score": 0.0,
    "rank": 37,
    "river_name": "Brice Creek",
    "road_access_m": 396.1,
    "road_access_score": 0.8,
    "road_density_km_km2": 0.7,
    "robustness_pct": 0.0,
    "runoff_coeff_C": null,
    "seasonal_cv": null,
    "segment_id": 47,
    "segment_length_m": 110.6392,
    "stream_order": 1,
    "superfund_score": 0.0,
    "tourism_amenity_density": 1.1937,
    "tri_facility_density": 0.0,
    "usgs_mean_q_cfs": null,
    "velocity_feasibility": 1.0,
    "water_intake_score": 0.0
   },
   "type": "Feature"
  },
  {
   "geometry": {
    "coordinates": [
     -76.997116,
     35.163304
    ],
    "type": "Point"
   },
   "properties": {
    "accumulation": 29362.0,
    "bank_slope_deg": 0.07,
    "bank_slope_score": 1.0,
    "beach_dist_km": 128.42,
    "bridge_proximity_bonus": 0.0,
    "catchment_area_km2": 2.9324,
    "channel_width_m": 3.28,
    "channel_width_score": 1.0,
    "composite_score": 36.6086,
    "cso_density": 0.0,
    "ej_index": 0.401,
    "elevation_m": 2.1892,
    "estuary_dist_km": 87.07,
    "feasibility_score": 87.6543,
    "flood_q10_cfs": null,
    "flow_score": 47.4757,
    "flow_velocity_ms": 0.5,
    "generation_score": 1.257,
    "impact_score": 37.3816,
    "impervious_pct": null,
    "land_ownership": 0.5,
    "lat": 35.1633,
    "litter_complaint_density": 0.0,
    "lon": -76.9971,
    "npdes_points": 0,
    "pixel_col": 1713.0,
    "pixel_row": 241.0,
    "population_density": 8.1,
    "position_along": 0.5,
    "protected_area_score": 0.0,
    "rank": 38,
    "river_name": null,
    "road_access_m": 441.4,
    "road_access_score": 0.8,
    "road_density_km_km2": 0.947,
    "robustness_pct": 0.0,
    "runoff_coeff_C": null,
    "seasonal_cv": null,
    "segment_id": 3,
    "segment_length_m": 1002.3171,
    "stream_order": 3,
    "superfund_score": 0.0,
    "tourism_amenity_density": 0.0,
    "tri_facility_density": 0.0,
    "usgs_mean_q_cfs": null,
    "velocity_feasibility": 1.0,
    "water_intake_score": 0.0
   },
   "type": "Feature"
  },
  {
   "geometry": {
    "coordinates": [
     -77.085643,
     35.070818
    ],
    "type": "Point"
   },
   "properties": {
    "accumulation": 51795.0,
    "bank_slope_deg": 0.0,
    "bank_slope_score": 1.0,
    "beach_dist_km": 115.39,
    "bridge_proximity_bonus": 0.0,
    "catchment_area_km2": 5.1728,
    "channel_width_m": 4.03,
    "channel_width_score": 1.0,
    "composite_score": 36.6027,
    "cso_density": 0.0,
    "ej_index": 0.0524,
    "elevation_m": -0.1524,
    "estuary_dist_km": 94.29,
    "feasibility_score": 87.6543,
    "flood_q10_cfs": null,
    "flow_score": 33.5396,
    "flow_velocity_ms": 0.5,
    "generation_score": 20.7363,
    "impact_score": 29.4958,
    "impervious_pct": null,
    "land_ownership": 0.5,
    "lat": 35.0708,
    "litter_complaint_density": 0.0,
    "lon": -77.0856,
    "npdes_points": 2,
    "pixel_col": 884.0,
    "pixel_row": 1254.0,
    "population_density": 357.0,
    "position_along": 0.5,
    "protected_area_score": 0.0,
    "rank": 39,
    "river_name": "Trent River",
    "road_access_m": 316.7,
    "road_access_score": 0.8,
    "road_density_km_km2": 4.316,
    "robustness_pct": 0.0,
    "runoff_coeff_C": null,
    "seasonal_cv": null,
    "segment_id": 38,
    "segment_length_m": 5965.1618,
    "stream_order": 1,
    "superfund_score": 0.0,
    "tourism_amenity_density": 1.1937,
    "tri_facility_density": 0.0,
    "usgs_mean_q_cfs": null,
    "velocity_feasibility": 1.0,
    "water_intake_score": 0.0
   },
   "type": "Feature"
  },
  {
   "geometry": {
    "coordinates": [
     -76.988643,
     35.158174
    ],
    "type": "Point"
   },
   "properties": {
    "accumulation": 74037.0,
    "bank_slope_deg": 0.07,
    "bank_slope_score": 1.0,
    "beach_dist_km": 128.39,
    "bridge_proximity_bonus": 0.0,
    "catchment_area_km2": 7.3941,
    "channel_width_m": 4.59,
    "channel_width_score": 1.0,
    "composite_score": 36.1805,
    "cso_density": 0.0,
    "ej_index": 0.396,
    "elevation_m": 1.6852,
    "estuary_dist_km": 86.23,
    "feasibility_score": 75.3086,
    "flood_q10_cfs": null,
    "flow_score": 52.1416,
    "flow_velocity_ms": 0.5,
    "generation_score": 1.0866,
    "impact_score": 38.4094,
    "impervious_pct": null,
    "land_ownership": 0.5,
    "lat": 35.1582,
    "litter_complaint_density": 0.0,
    "lon": -76.9886,
    "npdes_points": 0,
    "pixel_col": 1789.0,
    "pixel_row": 304.0,
    "population_density": 8.2,
    "position_along": 0.5,
    "protected_area_score": 0.0,
    "rank": 40,
    "river_name": null,
    "road_access_m": 552.4,
    "road_access_score": 0.6,
    "road_density_km_km2": 0.816,
    "robustness_pct": 0.0,
    "runoff_coeff_C": null,
    "seasonal_cv": null,
    "segment_id": 4,
    "segment_length_m": 1627.4766,
    "stream_order": 3,
    "superfund_score": 0.0,
    "tourism_amenity_density": 0.0,
    "tri_facility_density": 0.0,
    "usgs_mean_q_cfs": null,
    "velocity_feasibility": 1.0,
    "water_intake_score": 0.0
   },
   "type": "Feature"
  },
  {
   "geometry": {
    "coordinates": [
     -77.134694,
     35.024739
    ],
    "type": "Point"
   },
   "properties": {
    "accumulation": 23620.0,
    "bank_slope_deg": 2.54,
    "bank_slope_score": 1.0,
    "beach_dist_km": 108.64,
    "bridge_proximity_bonus": 0.0,
    "catchment_area_km2": 2.359,
    "channel_width_m": 3.03,
    "channel_width_score": 1.0,
    "composite_score": 36.1792,
    "cso_density": 0.0,
    "ej_index": 0.7292,
    "elevation_m": 2.5977,
    "estuary_dist_km": 98.79,
    "feasibility_score": 68.6067,
    "flood_q10_cfs": null,
    "flow_score": 36.9942,
    "flow_velocity_ms": 0.0899,
    "generation_score": 1.4188,
    "impact_score": 54.0467,
    "impervious_pct": 0.19,
    "land_ownership": 0.5,
    "lat": 35.0247,
    "litter_complaint_density": 0.0,
    "lon": -77.1347,
    "npdes_points": 0,
    "pixel_col": 423.0,
    "pixel_row": 1753.0,
    "population_density": 11.9,
    "position_along": 0.5,
    "protected_area_score": 0.0,
    "rank": 41,
    "river_name": "Island Creek",
    "road_access_m": 300.6,
    "road_access_score": 0.8,
    "road_density_km_km2": 0.847,
    "robustness_pct": 0.0,
    "runoff_coeff_C": 0.0517,
    "seasonal_cv": 0.5348,
    "segment_id": 54,
    "segment_length_m": 762.056,
    "stream_order": 3,
    "superfund_score": 0.0,
    "tourism_amenity_density": 0.0796,
    "tri_facility_density": 0.0,
    "usgs_mean_q_cfs": 7.209,
    "velocity_feasibility": 0.7,
    "water_intake_score": 0.0
   },
   "type": "Feature"
  },
  {
   "geometry": {
    "coordinates": [
     -77.107402,
     35.053665
    ],
    "type": "Point"
   },
   "properties": {
    "accumulation": 24520.0,
    "bank_slope_deg": 1.79,
    "bank_slope_score": 1.0,
    "beach_dist_km": 112.7,
    "bridge_proximity_bonus": 0.0,
    "catchment_area_km2": 2.4488,
    "channel_width_m": 3.07,
    "channel_width_score": 1.0,
    "composite_score": 36.0598,
    "cso_density": 0.0,
    "ej_index": 0.525,
    "elevation_m": 2.1532,
    "estuary_dist_km": 96.25,
    "feasibility_score": 68.6067,
    "flood_q10_cfs": null,
    "flow_score": 41.3547,
    "flow_velocity_ms": 0.1188,
    "generation_score": 6.557,
    "impact_score": 44.8768,
    "impervious_pct": 1.69,
    "land_ownership": 0.5,
    "lat": 35.0537,
    "litter_complaint_density": 0.0,
    "lon": -77.1074,
    "npdes_points": 0,
    "pixel_col": 678.0,
    "pixel_row": 1439.0,
    "population_density": 56.1,
    "position_along": 0.5,
    "protected_area_score": 0.0,
    "rank": 42,
    "river_name": "Reedy Branch",
    "road_access_m": 223.3,
    "road_access_score": 0.8,
    "road_density_km_km2": 2.592,
    "robustness_pct": 0.0,
    "runoff_coeff_C": 0.0652,
    "seasonal_cv": 0.5137,
    "segment_id": 43,
    "segment_length_m": 160.6069,
    "stream_order": 3,
    "superfund_score": 0.0,
    "tourism_amenity_density": 0.0,
    "tri_facility_density": 0.0,
    "usgs_mean_q_cfs": 8.742,
    "velocity_feasibility": 0.7,
    "water_intake_score": 0.0
   },
   "type": "Feature"
  },
  {
   "geometry": {
    "coordinates": [
     -77.141948,
     35.158809
    ],
    "type": "Point"
   },
   "properties": {
    "accumulation": 30514.0,
    "bank_slope_deg": 0.35,
    "bank_slope_score": 1.0,
    "beach_dist_km": 121.0,
    "bridge_proximity_bonus": 0.0,
    "catchment_area_km2": 3.0475,
    "channel_width_m": 3.33,
    "channel_width_score": 1.0,
    "composite_score": 35.5014,
    "cso_density": 0.0,
    "ej_index": 0.7322,
    "elevation_m": 2.9626,
    "estuary_dist_km": 100.07,
    "feasibility_score": 68.6067,
    "flood_q10_cfs": null,
    "flow_score": 41.0096,
    "flow_velocity_ms": 0.1385,
    "generation_score": 9.9992,
    "impact_score": 39.8607,
    "impervious_pct": 3.65,
    "land_ownership": 0.5,
    "lat": 35.1588,
    "litter_complaint_density": 0.0,
    "lon": -77.1419,
    "npdes_points": 0,
    "pixel_col": 388.0,
    "pixel_row": 264.0,
    "population_density": 125.2,
    "position_along": 0.25,
    "protected_area_score": 0.0,
    "rank": 43,
    "river_name": "Caswell Branch",
    "road_access_m": 348.6,
    "road_access_score": 0.8,
    "road_density_km_km2": 2.108,
    "robustness_pct": 0.0,
    "runoff_coeff_C": 0.0829,
    "seasonal_cv": 0.4723,
    "segment_id": 6,
    "segment_length_m": 4212.5683,
    "stream_order": 3,
    "superfund_score": 0.0,
    "tourism_amenity_density": 0.0,
    "tri_facility_density": 0.0,
    "usgs_mean_q_cfs": 7.406,
    "velocity_feasibility": 0.7,
    "water_intake_score": 0.0
   },
   "type": "Feature"
  },
  {
   "geometry": {
    "coordinates": [
     -77.105499,
     35.07415
    ],
    "type": "Point"
   },
   "properties": {
    "accumulation": 26813.0,
    "bank_slope_deg": 0.0,
    "bank_slope_score": 1.0,
    "beach_dist_km": 114.69,
    "bridge_proximity_bonus": 0.0,
    "catchment_area_km2": 2.6778,
    "channel_width_m": 3.17,
    "channel_width_score": 1.0,
    "composite_score": 35.3819,
    "cso_density": 0.0,
    "ej_index": 0.0981,
    "elevation_m": -0.1524,
    "estuary_dist_km": 96.1,
    "feasibility_score": 87.6543,
    "flood_q10_cfs": null,
    "flow_score": 30.9304,
    "flow_velocity_ms": 0.5,
    "generation_score": 18.5616,
    "impact_score": 29.7755,
    "impervious_pct": null,
    "land_ownership": 0.5,
    "lat": 35.0741,
    "litter_complaint_density": 0.0,
    "lon": -77.1055,
    "npdes_points": 2,
    "pixel_col": 704.0,
    "pixel_row": 1213.0,
    "population_density": 310.6,
    "position_along": 0.1667,
    "protected_area_score": 0.0,
    "rank": 44,
    "river_name": "Trent River",
    "road_access_m": 251.0,
    "road_access_score": 0.8,
    "road_density_km_km2": 3.901,
    "robustness_pct": 0.0,
    "runoff_coeff_C": null,
    "seasonal_cv": null,
    "segment_id": 38,
    "segment_length_m": 5965.1618,
    "stream_order": 1,
    "superfund_score": 0.0,
    "tourism_amenity_density": 1.2732,
    "tri_facility_density": 0.0,
    "usgs_mean_q_cfs": null,
    "velocity_feasibility": 1.0,
    "water_intake_score": 0.0
   },
   "type": "Feature"
  },
  {
   "geometry": {
    "coordinates": [
     -77.109675,
     35.047452
    ],
    "type": "Point"
   },
   "properties": {
    "accumulation": 53413.0,
    "bank_slope_deg": 0.19,
    "bank_slope_score": 1.0,
    "beach_dist_km": 112.01,
    "bridge_proximity_bonus": 0.0,
    "catchment_area_km2": 5.3344,
    "channel_width_m": 4.08,
    "channel_width_score": 1.0,
    "composite_score": 35.0916,
    "cso_density": 0.0,
    "ej_index": 0.6106,
    "elevation_m": 3.6522,
    "estuary_dist_km": 96.46,
    "feasibility_score": 56.261,
    "flood_q10_cfs": null,
    "flow_score": 42.8902,
    "flow_velocity_ms": 0.061,
    "generation_score": 4.2662,
    "impact_score": 48.8334,
    "impervious_pct": 1.69,
    "land_ownership": 0.5,
    "lat": 35.0475,
    "litter_complaint_density": 0.0,
    "lon": -77.1097,
    "npdes_points": 0,
    "pixel_col": 659.0,
    "pixel_row": 1506.0,
    "population_density": 20.3,
    "position_along": 0.75,
    "protected_area_score": 0.0,
    "rank": 45,
    "river_name": "Reedy Branch",
    "road_access_m": 788.1,
    "road_access_score": 0.6,
    "road_density_km_km2": 1.81,
    "robustness_pct": 0.0,
    "runoff_coeff_C": 0.0652,
    "seasonal_cv": 0.5137,
    "segment_id": 49,
    "segment_length_m": 3501.7786,
    "stream_order": 3,
    "superfund_score": 0.0,
    "tourism_amenity_density": 0.0,
    "tri_facility_density": 0.0,
    "usgs_mean_q_cfs": 8.742,
    "velocity_feasibility": 0.7,
    "water_intake_score": 0.0
   },
   "type": "Feature"
  },
  {
   "geometry": {
    "coordinates": [
     -76.989279,
     35.053296
    ],
    "type": "Point"
   },
   "properties": {
    "accumulation": 36794.0,
    "bank_slope_deg": 0.0,
    "bank_slope_score": 1.0,
    "beach_dist_km": 118.99,
    "bridge_proximity_bonus": 0.0,
    "catchment_area_km2": 3.6747,
    "channel_width_m": 3.56,
    "channel_width_score": 1.0,
    "composite_score": 34.8884,
    "cso_density": 0.0,
    "ej_index": 0.3692,
    "elevation_m": -0.6,
    "estuary_dist_km": 85.5,
    "feasibility_score": 75.3086,
    "flood_q10_cfs": null,
    "flow_score": 31.9729,
    "flow_velocity_ms": 0.5,
    "generation_score": 4.3865,
    "impact_score": 47.6099,
    "impervious_pct": null,
    "land_ownership": 0.5,
    "lat": 35.0533,
    "litter_complaint_density": 0.0,
    "lon": -76.9893,
    "npdes_points": 0,
    "pixel_col": 1760.0,
    "pixel_row": 1468.0,
    "population_density": 115.5,
    "position_along": 0.5,
    "protected_area_score": 0.0,
    "rank": 46,
    "river_name": null,
    "road_access_m": 843.1,
    "road_access_score": 0.6,
    "road_density_km_km2": 0.473,
    "robustness_pct": 0.0,
    "runoff_coeff_C": null,
    "seasonal_cv": null,
    "segment_id": 41,
    "segment_length_m": 2918.2574,
    "stream_order": 1,
    "superfund_score": 0.0,
    "tourism_amenity_density": 0.0,
    "tri_facility_density": 0.0,
    "usgs_mean_q_cfs": null,
    "velocity_feasibility": 1.0,
    "water_intake_score": 0.0
   },
   "type": "Feature"
  },
  {
   "geometry": {
    "coordinates": [
     -76.991677,
     35.165337
    ],
    "type": "Point"
   },
   "properties": {
    "accumulation": 29717.0,
    "bank_slope_deg": 0.68,
    "bank_slope_score": 1.0,
    "beach_dist_km": 128.89,
    "bridge_proximity_bonus": 0.0,
    "catchment_area_km2": 2.9679,
    "channel_width_m": 3.29,
    "channel_width_score": 1.0,
    "composite_score": 34.8201,
    "cso_density": 0.0,
    "ej_index": 0.401,
    "elevation_m": 2.4012,
    "estuary_dist_km": 86.61,
    "feasibility_score": 75.3086,
    "flood_q10_cfs": null,
    "flow_score": 47.5128,
    "flow_velocity_ms": 0.5,
    "generation_score": 1.2397,
    "impact_score": 37.5791,
    "impervious_pct": null,
    "land_ownership": 0.5,
    "lat": 35.1653,
    "litter_complaint_density": 0.0,
    "lon": -76.9917,
    "npdes_points": 0,
    "pixel_col": 1763.0,
    "pixel_row": 224.0,
    "population_density": 8.1,
    "position_along": 0.5,
    "protected_area_score": 0.0,
    "rank": 47,
    "river_name": null,
    "road_access_m": 624.9,
    "road_access_score": 0.6,
    "road_density_km_km2": 0.934,
    "robustness_pct": 0.0,
    "runoff_coeff_C": null,
    "seasonal_cv": null,
    "segment_id": 2,
    "segment_length_m": 1457.5864,
    "stream_order": 3,
    "superfund_score": 0.0,
    "tourism_amenity_density": 0.0,
    "tri_facility_density": 0.0,
    "usgs_mean_q_cfs": null,
    "velocity_feasibility": 1.0,
    "water_intake_score": 0.0
   },
   "type": "Feature"
  },
  {
   "geometry": {
    "coordinates": [
     -77.139852,
     35.176885
    ],
    "type": "Point"
   },
   "properties": {
    "accumulation": 23804.0,
    "bank_slope_deg": 0.57,
    "bank_slope_score": 1.0,
    "beach_dist_km": 122.85,
    "bridge_proximity_bonus": 0.0,
    "catchment_area_km2": 2.3773,
    "channel_width_m": 3.04,
    "channel_width_score": 1.0,
    "composite_score": 34.2739,
    "cso_density": 0.0,
    "ej_index": 0.6254,
    "elevation_m": 0.0765,
    "estuary_dist_km": 100.13,
    "feasibility_score": 75.3086,
    "flood_q10_cfs": null,
    "flow_score": 46.8952,
    "flow_velocity_ms": 0.5,
    "generation_score": 4.0267,
    "impact_score": 33.4858,
    "impervious_pct": null,
    "land_ownership": 0.5,
    "lat": 35.1769,
    "litter_complaint_density": 0.0,
    "lon": -77.1399,
    "npdes_points": 0,
    "pixel_col": 415.0,
    "pixel_row": 66.0,
    "population_density": 103.4,
    "position_along": 0.5,
    "protected_area_score": 0.0,
    "rank": 48,
    "river_name": "Bachelor Creek",
    "road_access_m": 870.3,
    "road_access_score": 0.6,
    "road_density_km_km2": 0.521,
    "robustness_pct": 0.0,
    "runoff_coeff_C": null,
    "seasonal_cv": null,
    "segment_id": 0,
    "segment_length_m": 1571.6548,
    "stream_order": 3,
    "superfund_score": 0.0,
    "tourism_amenity_density": 0.0,
    "tri_facility_density": 0.0,
    "usgs_mean_q_cfs": null,
    "velocity_feasibility": 1.0,
    "water_intake_score": 0.0
   },
   "type": "Feature"
  },
  {
   "geometry": {
    "coordinates": [
     -77.129932,
     35.022973
    ],
    "type": "Point"
   },
   "properties": {
    "accumulation": 25044.0,
    "bank_slope_deg": 5.29,
    "bank_slope_score": 1.0,
    "beach_dist_km": 108.72,
    "bridge_proximity_bonus": 0.0,
    "catchment_area_km2": 2.5012,
    "channel_width_m": 3.1,
    "channel_width_score": 1.0,
    "composite_score": 33.9608,
    "cso_density": 0.0,
    "ej_index": 0.7292,
    "elevation_m": 4.4355,
    "estuary_dist_km": 98.37,
    "feasibility_score": 68.6067,
    "flood_q10_cfs": null,
    "flow_score": 26.8156,
    "flow_velocity_ms": 0.0514,
    "generation_score": 1.9815,
    "impact_score": 54.5714,
    "impervious_pct": 0.51,
    "land_ownership": 0.5,
    "lat": 35.023,
    "litter_complaint_density": 0.0,
    "lon": -77.1299,
    "npdes_points": 0,
    "pixel_col": 465.0,
    "pixel_row": 1776.0,
    "population_density": 11.9,
    "position_along": 0.5,
    "protected_area_score": 0.0,
    "rank": 49,
    "river_name": null,
    "road_access_m": 388.6,
    "road_access_score": 0.8,
    "road_density_km_km2": 1.066,
    "robustness_pct": 0.0,
    "runoff_coeff_C": 0.0546,
    "seasonal_cv": 0.6022,
    "segment_id": 52,
    "segment_length_m": 1592.3521,
    "stream_order": 3,
    "superfund_score": 0.0,
    "tourism_amenity_density": 0.0796,
    "tri_facility_density": 0.0,
    "usgs_mean_q_cfs": 2.709,
    "velocity_feasibility": 0.7,
    "water_intake_score": 0.0
   },
   "type": "Feature"
  },
  {
   "geometry": {
    "coordinates": [
     -77.068161,
     35.160544
    ],
    "type": "Point"
   },
   "properties": {
    "accumulation": 22727.0,
    "bank_slope_deg": 0.14,
    "bank_slope_score": 1.0,
    "beach_dist_km": 124.61,
    "bridge_proximity_bonus": 0.0,
    "catchment_area_km2": 2.2698,
    "channel_width_m": 2.99,
    "channel_width_score": 1.0,
    "composite_score": 33.886,
    "cso_density": 0.0,
    "ej_index": 0.4859,
    "elevation_m": 0.0333,
    "estuary_dist_km": 93.43,
    "feasibility_score": 87.6543,
    "flood_q10_cfs": null,
    "flow_score": 30.5037,
    "flow_velocity_ms": 0.5,
    "generation_score": 4.7916,
    "impact_score": 38.9148,
    "impervious_pct": null,
    "land_ownership": 0.5,
    "lat": 35.1605,
    "litter_complaint_density": 0.0,
    "lon": -77.0682,
    "npdes_points": 0,
    "pixel_col": 1064.0,
    "pixel_row": 263.0,
    "population_density": 74.7,
    "position_along": 0.5,
    "protected_area_score": 0.0,
    "rank": 50,
    "river_name": null,
    "road_access_m": 287.9,
    "road_access_score": 0.8,
    "road_density_km_km2": 1.854,
    "robustness_pct": 0.0,
    "runoff_coeff_C": null,
    "seasonal_cv": null,
    "segment_id": 5,
    "segment_length_m": 1140.8062,
    "stream_order": 1,
    "superfund_score": 0.0,
    "tourism_amenity_density": 0.9549,
    "tri_facility_density": 0.0,
    "usgs_mean_q_cfs": null,
    "velocity_feasibility": 1.0,
    "water_intake_score": 0.0
   },
   "type": "Feature"
  },
  {
   "geometry": {
    "coordinates": [
     -77.146894,
     35.042141
    ],
    "type": "Point"
   },
   "properties": {
    "accumulation": 108347.0,
    "bank_slope_deg": 0.59,
    "bank_slope_score": 1.0,
    "beach_dist_km": 109.66,
    "bridge_proximity_bonus": 0.0,
    "catchment_area_km2": 10.8207,
    "channel_width_m": 5.27,
    "channel_width_score": 1.0,
    "composite_score": 33.8612,
    "cso_density": 0.0,
    "ej_index": 0.7238,
    "elevation_m": 0.0515,
    "estuary_dist_km": 99.86,
    "feasibility_score": 25.3968,
    "flood_q10_cfs": null,
    "flow_score": 58.059,
    "flow_velocity_ms": 0.0725,
    "generation_score": 0.5125,
    "impact_score": 51.2772,
    "impervious_pct": 0.22,
    "land_ownership": 0.5,
    "lat": 35.0421,
    "litter_complaint_density": 0.0,
    "lon": -77.1469,
    "npdes_points": 0,
    "pixel_col": 317.0,
    "pixel_row": 1558.0,
    "population_density": 17.4,
    "position_along": 0.5,
    "protected_area_score": 0.0,
    "rank": 51,
    "river_name": "Island Creek",
    "road_access_m": 2052.8,
    "road_access_score": 0.1,
    "road_density_km_km2": 0.0,
    "robustness_pct": 0.0,
    "runoff_coeff_C": 0.052,
    "seasonal_cv": 0.4884,
    "segment_id": 56,
    "segment_length_m": 1649.8886,
    "stream_order": 3,
    "superfund_score": 0.0,
    "tourism_amenity_density": 0.0796,
    "tri_facility_density": 0.0,
    "usgs_mean_q_cfs": 13.553,
    "velocity_feasibility": 0.7,
    "water_intake_score": 0.0
   },
   "type": "Feature"
  },
  {
   "geometry": {
    "coordinates": [
     -77.030551,
     35.040071
    ],
    "type": "Point"
   },
   "properties": {
    "accumulation": 40236.0,
    "bank_slope_deg": 0.21,
    "bank_slope_score": 1.0,
    "beach_dist_km": 115.53,
    "bridge_proximity_bonus": 0.0,
    "catchment_area_km2": 4.0184,
    "channel_width_m": 3.68,
    "channel_width_score": 1.0,
    "composite_score": 33.2892,
    "cso_density": 0.0,
    "ej_index": 0.1514,
    "elevation_m": 0.0113,
    "estuary_dist_km": 89.27,
    "feasibility_score": 55.5556,
    "flood_q10_cfs": null,
    "flow_score": 6.4776,
    "flow_velocity_ms": 0.0148,
    "generation_score": 36.2364,
    "impact_score": 41.5517,
    "impervious_pct": 14.17,
    "land_ownership": 0.5,
    "lat": 35.0401,
    "litter_complaint_density": 0.0,
    "lon": -77.0306,
    "npdes_points": 5,
    "pixel_col": 1376.0,
    "pixel_row": 1607.0,
    "population_density": 343.9,
    "position_along": 0.5,
    "protected_area_score": 0.0,
    "rank": 52,
    "river_name": null,
    "road_access_m": 100.6,
    "road_access_score": 1.0,
    "road_density_km_km2": 4.102,
    "robustness_pct": 0.0,
    "runoff_coeff_C": 0.1775,
    "seasonal_cv": 0.8073,
    "segment_id": 46,
    "segment_length_m": 1935.6837,
    "stream_order": 1,
    "superfund_score": 0.0,
    "tourism_amenity_density": 1.4324,
    "tri_facility_density": 0.0,
    "usgs_mean_q_cfs": 0.278,
    "velocity_feasibility": 0.3,
    "water_intake_score": 0.0
   },
   "type": "Feature"
  },
  {
   "geometry": {
    "coordinates": [
     -76.974128,
     35.132849
    ],
    "type": "Point"
   },
   "properties": {
    "accumulation": 70847.0,
    "bank_slope_deg": 0.77,
    "bank_slope_score": 1.0,
    "beach_dist_km": 126.87,
    "bridge_proximity_bonus": 0.0,
    "catchment_area_km2": 7.0756,
    "channel_width_m": 4.52,
    "channel_width_score": 1.0,
    "composite_score": 33.2027,
    "cso_density": 0.0,
    "ej_index": 0.3813,
    "elevation_m": 0.0514,
    "estuary_dist_km": 84.58,
    "feasibility_score": 75.3086,
    "flood_q10_cfs": null,
    "flow_score": 35.5295,
    "flow_velocity_ms": 0.5,
    "generation_score": 1.7479,
    "impact_score": 41.6655,
    "impervious_pct": null,
    "land_ownership": 0.5,
    "lat": 35.1328,
    "litter_complaint_density": 0.0,
    "lon": -76.9741,
    "npdes_points": 0,
    "pixel_col": 1915.0,
    "pixel_row": 588.0,
    "population_density": 35.1,
    "position_along": 0.75,
    "protected_area_score": 0.0,
    "rank": 53,
    "river_name": "Upper Broad Creek",
    "road_access_m": 691.0,
    "road_access_score": 0.6,
    "road_density_km_km2": 0.605,
    "robustness_pct": 0.0,
    "runoff_coeff_C": null,
    "seasonal_cv": null,
    "segment_id": 11,
    "segment_length_m": 3113.329,
    "stream_order": 1,
    "superfund_score": 0.0,
    "tourism_amenity_density": 0.0,
    "tri_facility_density": 0.0,
    "usgs_mean_q_cfs": null,
    "velocity_feasibility": 1.0,
    "water_intake_score": 0.0
   },
   "type": "Feature"
  },
  {
   "geometry": {
    "coordinates": [
     -77.146999,
     35.07545
    ],
    "type": "Point"
   },
   "properties": {
    "accumulation": 31213.0,
    "bank_slope_deg": 0.0,
    "bank_slope_score": 1.0,
    "beach_dist_km": 112.79,
    "bridge_proximity_bonus": 0.0,
    "catchment_area_km2": 3.1173,
    "channel_width_m": 3.35,
    "channel_width_score": 1.0,
    "composite_score": 32.9792,
    "cso_density": 0.0,
    "ej_index": 0.2672,
    "elevation_m": -0.1524,
    "estuary_dist_km": 99.88,
    "feasibility_score": 80.9524,
    "flood_q10_cfs": null,
    "flow_score": 13.7312,
    "flow_velocity_ms": 0.0534,
    "generation_score": 27.813,
    "impact_score": 30.1988,
    "impervious_pct": 10.83,
    "land_ownership": 0.5,
    "lat": 35.0755,
    "litter_complaint_density": 0.0,
    "lon": -77.147,
    "npdes_points": 0,
    "pixel_col": 324.0,
    "pixel_row": 1188.0,
    "population_density": 289.5,
    "position_along": 0.5,
    "protected_area_score": 0.0,
    "rank": 54,
    "river_name": null,
    "road_access_m": 73.8,
    "road_access_score": 1.0,
    "road_density_km_km2": 6.598,
    "robustness_pct": 0.0,
    "runoff_coeff_C": 0.1475,
    "seasonal_cv": 0.5688,
    "segment_id": 39,
    "segment_length_m": 667.2644,
    "stream_order": 1,
    "superfund_score": 0.0,
    "tourism_amenity_density": 0.3979,
    "tri_facility_density": 0.0,
    "usgs_mean_q_cfs": 2.713,
    "velocity_feasibility": 0.7,
    "water_intake_score": 0.0
   },
   "type": "Feature"
  },
  {
   "geometry": {
    "coordinates": [
     -77.042937,
     35.026884
    ],
    "type": "Point"
   },
   "properties": {
    "accumulation": 51143.0,
    "bank_slope_deg": 0.0,
    "bank_slope_score": 1.0,
    "beach_dist_km": 113.68,
    "bridge_proximity_bonus": 0.0,
    "catchment_area_km2": 5.1077,
    "channel_width_m": 4.01,
    "channel_width_score": 1.0,
    "composite_score": 32.6893,
    "cso_density": 0.0,
    "ej_index": 0.4188,
    "elevation_m": 1.524,
    "estuary_dist_km": 90.44,
    "feasibility_score": 56.261,
    "flood_q10_cfs": null,
    "flow_score": 34.9771,
    "flow_velocity_ms": 0.178,
    "generation_score": 2.7427,
    "impact_score": 48.9434,
    "impervious_pct": 0.26,
    "land_ownership": 0.5,
    "lat": 35.0269,
    "litter_complaint_density": 0.0,
    "lon": -77.0429,
    "npdes_points": 0,
    "pixel_col": 1264.0,
    "pixel_row": 1751.0,
    "population_density": 67.6,
    "position_along": 0.75,
    "protected_area_score": 0.0,
    "rank": 55,
    "river_name": null,
    "road_access_m": 904.9,
    "road_access_score": 0.6,
    "road_density_km_km2": 0.331,
    "robustness_pct": 0.0,
    "runoff_coeff_C": 0.0523,
    "seasonal_cv": 0.5825,
    "segment_id": 51,
    "segment_length_m": 3608.9886,
    "stream_order": 3,
    "superfund_score": 0.0,
    "tourism_amenity_density": 0.3183,
    "tri_facility_density": 0.0,
    "usgs_mean_q_cfs": 3.602,
    "velocity_feasibility": 0.7,
    "water_intake_score": 0.0
   },
   "type": "Feature"
  },
  {
   "geometry": {
    "coordinates": [
     -77.031902,
     35.143902
    ],
    "type": "Point"
   },
   "properties": {
    "accumulation": 26345.0,
    "bank_slope_deg": 4.13,
    "bank_slope_score": 1.0,
    "beach_dist_km": 124.86,
    "bridge_proximity_bonus": 0.0,
    "catchment_area_km2": 2.6311,
    "channel_width_m": 3.15,
    "channel_width_score": 1.0,
    "composite_score": 32.3877,
    "cso_density": 0.0,
    "ej_index": 0.416,
    "elevation_m": 0.4962,
    "estuary_dist_km": 89.94,
    "feasibility_score": 68.6067,
    "flood_q10_cfs": null,
    "flow_score": 19.5304,
    "flow_velocity_ms": 0.1096,
    "generation_score": 8.481,
    "impact_score": 48.8994,
    "impervious_pct": 1.43,
    "land_ownership": 0.5,
    "lat": 35.1439,
    "litter_complaint_density": 0.0,
    "lon": -77.0319,
    "npdes_points": 1,
    "pixel_col": 1390.0,
    "pixel_row": 454.0,
    "population_density": 57.1,
    "position_along": 0.5,
    "protected_area_score": 0.0,
    "rank": 56,
    "river_name": null,
    "road_access_m": 259.1,
    "road_access_score": 0.8,
    "road_density_km_km2": 3.128,
    "robustness_pct": 0.0,
    "runoff_coeff_C": 0.0629,
    "seasonal_cv": 0.5017,
    "segment_id": 9,
    "segment_length_m": 2050.7565,
    "stream_order": 1,
    "superfund_score": 0.0,
    "tourism_amenity_density": 3.2627,
    "tri_facility_density": 0.0,
    "usgs_mean_q_cfs": 5.773,
    "velocity_feasibility": 0.7,
    "water_intake_score": 0.0
   },
   "type": "Feature"
  },
  {
   "geometry": {
    "coordinates": [
     -76.981919,
     35.142886
    ],
    "type": "Point"
   },
   "properties": {
    "accumulation": 28697.0,
    "bank_slope_deg": 0.25,
    "bank_slope_score": 1.0,
    "beach_dist_km": 127.36,
    "bridge_proximity_bonus": 0.0,
    "catchment_area_km2": 2.866,
    "channel_width_m": 3.25,
    "channel_width_score": 1.0,
    "composite_score": 31.6706,
    "cso_density": 0.0,
    "ej_index": 0.3843,
    "elevation_m": 0.7375,
    "estuary_dist_km": 85.41,
    "feasibility_score": 75.3086,
    "flood_q10_cfs": null,
    "flow_score": 31.1272,
    "flow_velocity_ms": 0.5,
    "generation_score": 1.8604,
    "impact_score": 40.1147,
    "impervious_pct": null,
    "land_ownership": 0.5,
    "lat": 35.1429,
    "litter_complaint_density": 0.0,
    "lon": -76.9819,
    "npdes_points": 0,
    "pixel_col": 1846.0,
    "pixel_row": 475.0,
    "population_density": 13.7,
    "position_along": 0.25,
    "protected_area_score": 0.0,
    "rank": 57,
    "river_name": "Upper Broad Creek",
    "road_access_m": 715.5,
    "road_access_score": 0.6,
    "road_density_km_km2": 1.254,
    "robustness_pct": 0.0,
    "runoff_coeff_C": null,
    "seasonal_cv": null,
    "segment_id": 11,
    "segment_length_m": 3113.329,
    "stream_order": 1,
    "superfund_score": 0.0,
    "tourism_amenity_density": 0.0,
    "tri_facility_density": 0.0,
    "usgs_mean_q_cfs": null,
    "velocity_feasibility": 1.0,
    "water_intake_score": 0.0
   },
   "type": "Feature"
  },
  {
   "geometry": {
    "coordinates": [
     -77.152375,
     35.045005
    ],
    "type": "Point"
   },
   "properties": {
    "accumulation": 22916.0,
    "bank_slope_deg": 1.8,
    "bank_slope_score": 1.0,
    "beach_dist_km": 109.66,
    "bridge_proximity_bonus": 0.0,
    "catchment_area_km2": 2.2886,
    "channel_width_m": 3.0,
    "channel_width_score": 1.0,
    "composite_score": 31.5131,
    "cso_density": 0.0,
    "ej_index": 0.7292,
    "elevation_m": 0.279,
    "estuary_dist_km": 100.35,
    "feasibility_score": 56.7901,
    "flood_q10_cfs": null,
    "flow_score": 30.5234,
    "flow_velocity_ms": 0.5,
    "generation_score": 0.133,
    "impact_score": 51.0793,
    "impervious_pct": null,
    "land_ownership": 0.5,
    "lat": 35.045,
    "litter_complaint_density": 0.0,
    "lon": -77.1524,
    "npdes_points": 0,
    "pixel_col": 269.0,
    "pixel_row": 1526.0,
    "population_density": 11.9,
    "position_along": 0.5,
    "protected_area_score": 0.0,
    "rank": 58,
    "river_name": null,
    "road_access_m": 1916.2,
    "road_access_score": 0.3,
    "road_density_km_km2": 0.0,
    "robustness_pct": 0.0,
    "runoff_coeff_C": null,
    "seasonal_cv": null,
    "segment_id": 44,
    "segment_length_m": 946.7894,
    "stream_order": 1,
    "superfund_score": 0.0,
    "tourism_amenity_density": 0.1592,
    "tri_facility_density": 0.0,
    "usgs_mean_q_cfs": null,
    "velocity_feasibility": 1.0,
    "water_intake_score": 0.0
   },
   "type": "Feature"
  },
  {
   "geometry": {
    "coordinates": [
     -77.170279,
     35.126842
    ],
    "type": "Point"
   },
   "properties": {
    "accumulation": 29178.0,
    "bank_slope_deg": 0.42,
    "bank_slope_score": 1.0,
    "beach_dist_km": 116.64,
    "bridge_proximity_bonus": 0.0,
    "catchment_area_km2": 2.914,
    "channel_width_m": 3.27,
    "channel_width_score": 1.0,
    "composite_score": 30.9553,
    "cso_density": 0.0,
    "ej_index": 0.4635,
    "elevation_m": 8.4242,
    "estuary_dist_km": 102.29,
    "feasibility_score": 56.261,
    "flood_q10_cfs": null,
    "flow_score": 21.9438,
    "flow_velocity_ms": 0.0508,
    "generation_score": 27.0274,
    "impact_score": 29.7398,
    "impervious_pct": 6.19,
    "land_ownership": 0.5,
    "lat": 35.1268,
    "litter_complaint_density": 0.0,
    "lon": -77.1703,
    "npdes_points": 1,
    "pixel_col": 126.0,
    "pixel_row": 613.0,
    "population_density": 72.7,
    "position_along": 0.5,
    "protected_area_score": 0.0,
    "rank": 59,
    "river_name": null,
    "road_access_m": 524.5,
    "road_access_score": 0.6,
    "road_density_km_km2": 0.686,
    "robustness_pct": 0.0,
    "runoff_coeff_C": 0.1057,
    "seasonal_cv": 0.4778,
    "segment_id": 19,
    "segment_length_m": 2555.2834,
    "stream_order": 1,
    "superfund_score": 0.0,
    "tourism_amenity_density": 0.0,
    "tri_facility_density": 0.3432,
    "usgs_mean_q_cfs": 6.994,
    "velocity_feasibility": 0.7,
    "water_intake_score": 0.0
   },
   "type": "Feature"
  },
  {
   "geometry": {
    "coordinates": [
     -77.066562,
     35.049488
    ],
    "type": "Point"
   },
   "properties": {
    "accumulation": 27789.0,
    "bank_slope_deg": 0.95,
    "bank_slope_score": 1.0,
    "beach_dist_km": 114.43,
    "bridge_proximity_bonus": 0.0,
    "catchment_area_km2": 2.7753,
    "channel_width_m": 3.22,
    "channel_width_score": 1.0,
    "composite_score": 30.2371,
    "cso_density": 0.0,
    "ej_index": 0.4483,
    "elevation_m": 2.7291,
    "estuary_dist_km": 92.54,
    "feasibility_score": 80.9524,
    "flood_q10_cfs": null,
    "flow_score": 11.6627,
    "flow_velocity_ms": 0.1125,
    "generation_score": 3.6153,
    "impact_score": 46.98,
    "impervious_pct": 0.41,
    "land_ownership": 0.5,
    "lat": 35.0495,
    "litter_complaint_density": 0.0,
    "lon": -77.0666,
    "npdes_points": 0,
    "pixel_col": 1052.0,
    "pixel_row": 1492.0,
    "population_density": 41.9,
    "position_along": 0.25,
    "protected_area_score": 0.0,
    "rank": 60,
    "river_name": "Georges Branch",
    "road_access_m": 109.4,
    "road_access_score": 1.0,
    "road_density_km_km2": 1.57,
    "robustness_pct": 0.0,
    "runoff_coeff_C": 0.0537,
    "seasonal_cv": 0.6087,
    "segment_id": 45,
    "segment_length_m": 3405.5666,
    "stream_order": 1,
    "superfund_score": 0.0,
    "tourism_amenity_density": 0.4775,
    "tri_facility_density": 0.0,
    "usgs_mean_q_cfs": 2.405,
    "velocity_feasibility": 0.7,
    "water_intake_score": 0.0
   },
   "type": "Feature"
  },
  {
   "geometry": {
    "coordinates": [
     -77.136268,
     35.117794
    ],
    "type": "Point"
   },
   "properties": {
    "accumulation": 31905.0,
    "bank_slope_deg": 0.28,
    "bank_slope_score": 1.0,
    "beach_dist_km": 117.32,
    "bridge_proximity_bonus": 0.0,
    "catchment_area_km2": 3.1864,
    "channel_width_m": 3.38,
    "channel_width_score": 1.0,
    "composite_score": 29.9319,
    "cso_density": 0.0,
    "ej_index": 0.4355,
    "elevation_m": 8.4235,
    "estuary_dist_km": 99.13,
    "feasibility_score": 68.6067,
    "flood_q10_cfs": null,
    "flow_score": 24.3983,
    "flow_velocity_ms": 0.1346,
    "generation_score": 12.417,
    "impact_score": 32.7208,
    "impervious_pct": 6.19,
    "land_ownership": 0.5,
    "lat": 35.1178,
    "litter_complaint_density": 0.0,
    "lon": -77.1363,
    "npdes_points": 2,
    "pixel_col": 432.0,
    "pixel_row": 724.0,
    "population_density": 83.3,
    "position_along": 0.5,
    "protected_area_score": 0.0,
    "rank": 61,
    "river_name": null,
    "road_access_m": 284.6,
    "road_access_score": 0.8,
    "road_density_km_km2": 1.3,
    "robustness_pct": 0.0,
    "runoff_coeff_C": 0.1057,
    "seasonal_cv": 0.4778,
    "segment_id": 18,
    "segment_length_m": 592.1657,
    "stream_order": 1,
    "superfund_score": 0.0,
    "tourism_amenity_density": 0.0796,
    "tri_facility_density": 0.0,
    "usgs_mean_q_cfs": 6.994,
    "velocity_feasibility": 0.7,
    "water_intake_score": 0.0
   },
   "type": "Feature"
  },
  {
   "geometry": {
    "coordinates": [
     -77.057734,
     35.028642
    ],
    "type": "Point"
   },
   "properties": {
    "accumulation": 39834.0,
    "bank_slope_deg": 1.53,
    "bank_slope_score": 1.0,
    "beach_dist_km": 113.03,
    "bridge_proximity_bonus": 0.0,
    "catchment_area_km2": 3.9783,
    "channel_width_m": 3.66,
    "channel_width_score": 1.0,
    "composite_score": 29.167,
    "cso_density": 0.0,
    "ej_index": 0.4792,
    "elevation_m": 4.9994,
    "estuary_dist_km": 91.78,
    "feasibility_score": 37.7425,
    "flood_q10_cfs": null,
    "flow_score": 32.386,
    "flow_velocity_ms": 0.1329,
    "generation_score": 2.0221,
    "impact_score": 49.3416,
    "impervious_pct": 0.26,
    "land_ownership": 0.5,
    "lat": 35.0286,
    "litter_complaint_density": 0.0,
    "lon": -77.0577,
    "npdes_points": 1,
    "pixel_col": 1129.0,
    "pixel_row": 1727.0,
    "population_density": 19.6,
    "position_along": 0.25,
    "protected_area_score": 0.0,
    "rank": 62,
    "river_name": null,
    "road_access_m": 1279.4,
    "road_access_score": 0.3,
    "road_density_km_km2": 0.0,
    "robustness_pct": 0.0,
    "runoff_coeff_C": 0.0523,
    "seasonal_cv": 0.5825,
    "segment_id": 51,
    "segment_length_m": 3608.9886,
    "stream_order": 3,
    "superfund_score": 0.0,
    "tourism_amenity_density": 0.0796,
    "tri_facility_density": 0.0,
    "usgs_mean_q_cfs": 3.602,
    "velocity_feasibility": 0.7,
    "water_intake_score": 0.0
   },
   "type": "Feature"
  },
  {
   "geometry": {
    "coordinates": [
     -77.142252,
     35.085094
    ],
    "type": "Point"
   },
   "properties": {
    "accumulation": 38335.0,
    "bank_slope_deg": 0.2,
    "bank_slope_score": 1.0,
    "beach_dist_km": 113.93,
    "bridge_proximity_bonus": 0.0,
    "catchment_area_km2": 3.8286,
    "channel_width_m": 3.61,
    "channel_width_score": 1.0,
    "composite_score": 28.9853,
    "cso_density": 0.0,
    "ej_index": 0.323,
    "elevation_m": 0.5503,
    "estuary_dist_km": 99.48,
    "feasibility_score": 68.6067,
    "flood_q10_cfs": null,
    "flow_score": 19.7945,
    "flow_velocity_ms": 0.0874,
    "generation_score": 13.2765,
    "impact_score": 32.5425,
    "impervious_pct": 2.12,
    "land_ownership": 0.5,
    "lat": 35.0851,
    "litter_complaint_density": 0.0,
    "lon": -77.1423,
    "npdes_points": 0,
    "pixel_col": 369.0,
    "pixel_row": 1086.0,
    "population_density": 184.9,
    "position_along": 0.5,
    "protected_area_score": 0.0,
    "rank": 63,
    "river_name": "Rocky Run",
    "road_access_m": 333.2,
    "road_access_score": 0.8,
    "road_density_km_km2": 3.983,
    "robustness_pct": 0.0,
    "runoff_coeff_C": 0.0691,
    "seasonal_cv": 0.5047,
    "segment_id": 31,
    "segment_length_m": 1794.6478,
    "stream_order": 1,
    "superfund_score": 0.0,
    "tourism_amenity_density": 0.557,
    "tri_facility_density": 0.0,
    "usgs_mean_q_cfs": 5.511,
    "velocity_feasibility": 0.7,
    "water_intake_score": 0.0
   },
   "type": "Feature"
  },
  {
   "geometry": {
    "coordinates": [
     -77.13086,
     35.059291
    ],
    "type": "Point"
   },
   "properties": {
    "accumulation": 22032.0,
    "bank_slope_deg": 1.55,
    "bank_slope_score": 1.0,
    "beach_dist_km": 112.05,
    "bridge_proximity_bonus": 0.0,
    "catchment_area_km2": 2.2004,
    "channel_width_m": 2.96,
    "channel_width_score": 1.0,
    "composite_score": 28.6356,
    "cso_density": 0.0,
    "ej_index": 0.7093,
    "elevation_m": 1.1395,
    "estuary_dist_km": 98.39,
    "feasibility_score": 68.6067,
    "flood_q10_cfs": null,
    "flow_score": 8.6908,
    "flow_velocity_ms": 0.0798,
    "generation_score": 3.4799,
    "impact_score": 50.4263,
    "impervious_pct": 0.43,
    "land_ownership": 0.5,
    "lat": 35.0593,
    "litter_complaint_density": 0.0,
    "lon": -77.1309,
    "npdes_points": 0,
    "pixel_col": 465.0,
    "pixel_row": 1371.0,
    "population_density": 32.5,
    "position_along": 0.5,
    "protected_area_score": 0.0,
    "rank": 64,
    "river_name": "Miry Hole Branch",
    "road_access_m": 375.8,
    "road_access_score": 0.8,
    "road_density_km_km2": 1.703,
    "robustness_pct": 0.0,
    "runoff_coeff_C": 0.0539,
    "seasonal_cv": 0.6268,
    "segment_id": 42,
    "segment_length_m": 1547.8225,
    "stream_order": 1,
    "superfund_score": 0.0,
    "tourism_amenity_density": 0.0796,
    "tri_facility_density": 0.0,
    "usgs_mean_q_cfs": 1.738,
    "velocity_feasibility": 0.7,
    "water_intake_score": 0.0
   },
   "type": "Feature"
  },
  {
   "geometry": {
    "coordinates": [
     -77.165656,
     35.168919
    ],
    "type": "Point"
   },
   "properties": {
    "accumulation": 21085.0,
    "bank_slope_deg": 0.47,
    "bank_slope_score": 1.0,
    "beach_dist_km": 120.94,
    "bridge_proximity_bonus": 0.0,
    "catchment_area_km2": 2.1058,
    "channel_width_m": 2.91,
    "channel_width_score": 1.0,
    "composite_score": 28.5991,
    "cso_density": 0.0,
    "ej_index": 0.5515,
    "elevation_m": 0.6084,
    "estuary_dist_km": 102.34,
    "feasibility_score": 75.3086,
    "flood_q10_cfs": null,
    "flow_score": 30.3322,
    "flow_velocity_ms": 0.5,
    "generation_score": 3.2944,
    "impact_score": 29.1048,
    "impervious_pct": null,
    "land_ownership": 0.5,
    "lat": 35.1689,
    "litter_complaint_density": 0.0,
    "lon": -77.1657,
    "npdes_points": 0,
    "pixel_col": 174.0,
    "pixel_row": 147.0,
    "population_density": 72.5,
    "position_along": 0.5,
    "protected_area_score": 0.0,
    "rank": 65,
    "river_name": "Bachelor Creek",
    "road_access_m": 912.2,
    "road_access_score": 0.6,
    "road_density_km_km2": 0.784,
    "robustness_pct": 0.0,
    "runoff_coeff_C": null,
    "seasonal_cv": null,
    "segment_id": 1,
    "segment_length_m": 235.4114,
    "stream_order": 1,
    "superfund_score": 0.0,
    "tourism_amenity_density": 0.0,
    "tri_facility_density": 0.0,
    "usgs_mean_q_cfs": null,
    "velocity_feasibility": 1.0,
    "water_intake_score": 0.0
   },
   "type": "Feature"
  },
  {
   "geometry": {
    "coordinates": [
     -77.057075,
     35.056069
    ],
    "type": "Point"
   },
   "properties": {
    "accumulation": 35716.0,
    "bank_slope_deg": 0.41,
    "bank_slope_score": 1.0,
    "beach_dist_km": 115.53,
    "bridge_proximity_bonus": 0.0,
    "catchment_area_km2": 3.567,
    "channel_width_m": 3.52,
    "channel_width_score": 1.0,
    "composite_score": 27.9069,
    "cso_density": 0.0,
    "ej_index": 0.4402,
    "elevation_m": 0.2927,
    "estuary_dist_km": 91.67,
    "feasibility_score": 56.261,
    "flood_q10_cfs": null,
    "flow_score": 12.2919,
    "flow_velocity_ms": 0.1052,
    "generation_score": 2.7921,
    "impact_score": 51.8573,
    "impervious_pct": 0.41,
    "land_ownership": 0.5,
    "lat": 35.0561,
    "litter_complaint_density": 0.0,
    "lon": -77.0571,
    "npdes_points": 0,
    "pixel_col": 1142.0,
    "pixel_row": 1423.0,
    "population_density": 56.0,
    "position_along": 0.75,
    "protected_area_score": 0.0,
    "rank": 66,
    "river_name": "Georges Branch",
    "road_access_m": 634.8,
    "road_access_score": 0.6,
    "road_density_km_km2": 0.578,
    "robustness_pct": 0.0,
    "runoff_coeff_C": 0.0537,
    "seasonal_cv": 0.6087,
    "segment_id": 45,
    "segment_length_m": 3405.5666,
    "stream_order": 1,
    "superfund_score": 0.0,
    "tourism_amenity_density": 1.9099,
    "tri_facility_density": 0.0,
    "usgs_mean_q_cfs": 2.405,
    "velocity_feasibility": 0.7,
    "water_intake_score": 0.0
   },
   "type": "Feature"
  },
  {
   "geometry": {
    "coordinates": [
     -77.14506,
     35.034859
    ],
    "type": "Point"
   },
   "properties": {
    "accumulation": 26560.0,
    "bank_slope_deg": 1.1,
    "bank_slope_score": 1.0,
    "beach_dist_km": 109.06,
    "bridge_proximity_bonus": 0.0,
    "catchment_area_km2": 2.6526,
    "channel_width_m": 3.16,
    "channel_width_score": 1.0,
    "composite_score": 27.8431,
    "cso_density": 0.0,
    "ej_index": 0.7292,
    "elevation_m": 0.9383,
    "estuary_dist_km": 99.71,
    "feasibility_score": 37.7425,
    "flood_q10_cfs": null,
    "flow_score": 25.6521,
    "flow_velocity_ms": 0.0908,
    "generation_score": 0.252,
    "impact_score": 52.3102,
    "impervious_pct": 0.14,
    "land_ownership": 0.5,
    "lat": 35.0349,
    "litter_complaint_density": 0.0,
    "lon": -77.1451,
    "npdes_points": 0,
    "pixel_col": 334.0,
    "pixel_row": 1639.0,
    "population_density": 11.9,
    "position_along": 0.5,
    "protected_area_score": 0.0,
    "rank": 67,
    "river_name": "Long Branch",
    "road_access_m": 1349.0,
    "road_access_score": 0.3,
    "road_density_km_km2": 0.0,
    "robustness_pct": 0.0,
    "runoff_coeff_C": 0.0513,
    "seasonal_cv": 0.6347,
    "segment_id": 48,
    "segment_length_m": 763.7706,
    "stream_order": 3,
    "superfund_score": 0.0,
    "tourism_amenity_density": 0.0796,
    "tri_facility_density": 0.0,
    "usgs_mean_q_cfs": 1.792,
    "velocity_feasibility": 0.7,
    "water_intake_score": 0.0
   },
   "type": "Feature"
  },
  {
   "geometry": {
    "coordinates": [
     -76.99758,
     35.11724
    ],
    "type": "Point"
   },
   "properties": {
    "accumulation": 25571.0,
    "bank_slope_deg": 0.15,
    "bank_slope_score": 1.0,
    "beach_dist_km": 124.21,
    "bridge_proximity_bonus": 0.0,
    "catchment_area_km2": 2.5538,
    "channel_width_m": 3.12,
    "channel_width_score": 1.0,
    "composite_score": 27.0291,
    "cso_density": 0.0,
    "ej_index": 0.4262,
    "elevation_m": 1.2013,
    "estuary_dist_km": 86.55,
    "feasibility_score": 56.261,
    "flood_q10_cfs": null,
    "flow_score": 16.8853,
    "flow_velocity_ms": 0.0568,
    "generation_score": 3.9995,
    "impact_score": 43.896,
    "impervious_pct": 2.08,
    "land_ownership": 0.5,
    "lat": 35.1172,
    "litter_complaint_density": 0.0,
    "lon": -76.9976,
    "npdes_points": 0,
    "pixel_col": 1698.0,
    "pixel_row": 756.0,
    "population_density": 30.4,
    "position_along": 0.5,
    "protected_area_score": 0.0,
    "rank": 68,
    "river_name": "Duck Creek",
    "road_access_m": 646.3,
    "road_access_score": 0.6,
    "road_density_km_km2": 1.093,
    "robustness_pct": 0.0,
    "runoff_coeff_C": 0.0687,
    "seasonal_cv": 0.5331,
    "segment_id": 20,
    "segment_length_m": 809.5989,
    "stream_order": 1,
    "superfund_score": 0.0,
    "tourism_amenity_density": 0.1592,
    "tri_facility_density": 0.0,
    "usgs_mean_q_cfs": 5.289,
    "velocity_feasibility": 0.7,
    "water_intake_score": 0.0
   },
   "type": "Feature"
  },
  {
   "geometry": {
    "coordinates": [
     -76.9899,
     35.086805
    ],
    "type": "Point"
   },
   "properties": {
    "accumulation": 26964.0,
    "bank_slope_deg": 0.1,
    "bank_slope_score": 1.0,
    "beach_dist_km": 121.91,
    "bridge_proximity_bonus": 0.0,
    "catchment_area_km2": 2.6929,
    "channel_width_m": 3.18,
    "channel_width_score": 1.0,
    "composite_score": 25.4064,
    "cso_density": 0.0,
    "ej_index": 0.415,
    "elevation_m": 0.4012,
    "estuary_dist_km": 85.64,
    "feasibility_score": 25.3968,
    "flood_q10_cfs": null,
    "flow_score": 22.5473,
    "flow_velocity_ms": 0.1029,
    "generation_score": 5.6348,
    "impact_score": 47.5652,
    "impervious_pct": 5.36,
    "land_ownership": 0.5,
    "lat": 35.0868,
    "litter_complaint_density": 0.0,
    "lon": -76.9899,
    "npdes_points": 0,
    "pixel_col": 1759.0,
    "pixel_row": 1096.0,
    "population_density": 38.9,
    "position_along": 0.5,
    "protected_area_score": 0.0,
    "rank": 69,
    "river_name": null,
    "road_access_m": 2696.7,
    "road_access_score": 0.1,
    "road_density_km_km2": 0.0,
    "robustness_pct": 0.0,
    "runoff_coeff_C": 0.0982,
    "seasonal_cv": 0.5224,
    "segment_id": 32,
    "segment_length_m": 1269.0077,
    "stream_order": 1,
    "superfund_score": 0.0,
    "tourism_amenity_density": 0.3183,
    "tri_facility_density": 0.0,
    "usgs_mean_q_cfs": 7.185,
    "velocity_feasibility": 0.7,
    "water_intake_score": 0.0
   },
   "type": "Feature"
  },
  {
   "geometry": {
    "coordinates": [
     -77.131783,
     35.146157
    ],
    "type": "Point"
   },
   "properties": {
    "accumulation": 24827.0,
    "bank_slope_deg": 1.95,
    "bank_slope_score": 1.0,
    "beach_dist_km": 120.24,
    "bridge_proximity_bonus": 0.0,
    "catchment_area_km2": 2.4795,
    "channel_width_m": 3.09,
    "channel_width_score": 1.0,
    "composite_score": 24.6952,
    "cso_density": 0.0,
    "ej_index": 0.513,
    "elevation_m": 5.0821,
    "estuary_dist_km": 99.0,
    "feasibility_score": 56.261,
    "flood_q10_cfs": null,
    "flow_score": 19.218,
    "flow_velocity_ms": 0.0962,
    "generation_score": 5.1858,
    "impact_score": 32.9861,
    "impervious_pct": 3.51,
    "land_ownership": 0.5,
    "lat": 35.1462,
    "litter_complaint_density": 0.0,
    "lon": -77.1318,
    "npdes_points": 0,
    "pixel_col": 477.0,
    "pixel_row": 407.0,
    "population_density": 62.1,
    "position_along": 0.5,
    "protected_area_score": 0.0,
    "rank": 70,
    "river_name": "Caswell Branch",
    "road_access_m": 997.6,
    "road_access_score": 0.6,
    "road_density_km_km2": 0.235,
    "robustness_pct": 0.0,
    "runoff_coeff_C": 0.0816,
    "seasonal_cv": 0.4929,
    "segment_id": 10,
    "segment_length_m": 279.525,
    "stream_order": 1,
    "superfund_score": 0.0,
    "tourism_amenity_density": 0.0,
    "tri_facility_density": 0.0,
    "usgs_mean_q_cfs": 5.599,
    "velocity_feasibility": 0.7,
    "water_intake_score": 0.0
   },
   "type": "Feature"
  },
  {
   "geometry": {
    "coordinates": [
     -77.176605,
     35.022423
    ],
    "type": "Point"
   },
   "properties": {
    "accumulation": 20749.0,
    "bank_slope_deg": 0.66,
    "bank_slope_score": 1.0,
    "beach_dist_km": 106.36,
    "bridge_proximity_bonus": 0.0,
    "catchment_area_km2": 2.0722,
    "channel_width_m": 2.89,
    "channel_width_score": 1.0,
    "composite_score": 23.6045,
    "cso_density": 0.0,
    "ej_index": 0.7292,
    "elevation_m": 1.6811,
    "estuary_dist_km": 102.62,
    "feasibility_score": 25.3968,
    "flood_q10_cfs": null,
    "flow_score": 18.1833,
    "flow_velocity_ms": 0.1053,
    "generation_score": 0.32,
    "impact_score": 50.5106,
    "impervious_pct": 0.22,
    "land_ownership": 0.5,
    "lat": 35.0224,
    "litter_complaint_density": 0.0,
    "lon": -77.1766,
    "npdes_points": 0,
    "pixel_col": 40.0,
    "pixel_row": 1771.0,
    "population_density": 11.9,
    "position_along": 0.5,
    "protected_area_score": 0.0,
    "rank": 71,
    "river_name": "West Prong Raccoon Creek",
    "road_access_m": 3969.5,
    "road_access_score": 0.1,
    "road_density_km_km2": 0.0,
    "robustness_pct": 0.0,
    "runoff_coeff_C": 0.052,
    "seasonal_cv": 0.5393,
    "segment_id": 53,
    "segment_length_m": 285.3791,
    "stream_order": 1,
    "superfund_score": 0.0,
    "tourism_amenity_density": 0.0,
    "tri_facility_density": 0.0,
    "usgs_mean_q_cfs": 5.843,
    "velocity_feasibility": 0.7,
    "water_intake_score": 0.0
   },
   "type": "Feature"
  },
  {
   "geometry": {
    "coordinates": [
     -77.171531,
     35.143347
    ],
    "type": "Point"
   },
   "properties": {
    "accumulation": 27456.0,
    "bank_slope_deg": 0.73,
    "bank_slope_score": 1.0,
    "beach_dist_km": 118.19,
    "bridge_proximity_bonus": 0.0,
    "catchment_area_km2": 2.7421,
    "channel_width_m": 3.2,
    "channel_width_score": 1.0,
    "composite_score": 21.7684,
    "cso_density": 0.0,
    "ej_index": 0.484,
    "elevation_m": 2.6116,
    "estuary_dist_km": 102.56,
    "feasibility_score": 30.8642,
    "flood_q10_cfs": null,
    "flow_score": 21.7461,
    "flow_velocity_ms": 0.05,
    "generation_score": 10.3276,
    "impact_score": 28.6798,
    "impervious_pct": 6.19,
    "land_ownership": 0.5,
    "lat": 35.1433,
    "litter_complaint_density": 0.0,
    "lon": -77.1715,
    "npdes_points": 1,
    "pixel_col": 114.0,
    "pixel_row": 433.0,
    "population_density": 53.7,
    "position_along": 0.5,
    "protected_area_score": 0.0,
    "rank": 72,
    "river_name": "Deep Branch",
    "road_access_m": 508.5,
    "road_access_score": 0.6,
    "road_density_km_km2": 1.56,
    "robustness_pct": 0.0,
    "runoff_coeff_C": 0.1057,
    "seasonal_cv": 0.4778,
    "segment_id": 12,
    "segment_length_m": 2198.2349,
    "stream_order": 1,
    "superfund_score": 0.0,
    "tourism_amenity_density": 0.0,
    "tri_facility_density": 0.0,
    "usgs_mean_q_cfs": 6.994,
    "velocity_feasibility": 0.3,
    "water_intake_score": 0.0
   },
   "type": "Feature"
  }
 ],
 "note": "GRIME region 'New Bern, NC' \u2014 real-data pipeline (DEM\u2192streams\u2192candidates\u2192region-appropriate real parameters\u2192shipped scoring, math unchanged). Width curve: Bieger et al. 2015 JAWRA Table 3, Atlantic Plain. Flood: not applicable here (documented fallback). NC Coastal Plain (SIR HR4 needs 24h-50y precip \u2014 not wired; flood fallback); merged nearby towns: Trent Woods, River Bend, Bridgeton",
 "provenance": {
  "candidates_pre_gate": 72,
  "constant": [
   "bank_slope_score",
   "bridge_proximity_bonus",
   "channel_width_score",
   "cso_density",
   "flood_q10_cfs",
   "land_ownership",
   "litter_complaint_density",
   "protected_area_score",
   "superfund_score",
   "water_intake_score"
  ],
  "hard_gate_removed": 0,
  "n_parameters": 27,
  "parameters": {
   "bank_slope_score": {
    "kind": "real",
    "n_real": 72,
    "n_sites": 72,
    "source": "region DEM gradient (3x3)"
   },
   "beach_dist_km": {
    "kind": "real",
    "n_real": 72,
    "n_sites": 72,
    "source": "haversine to region ref: Wrightsville Beach (shipped NC reference)"
   },
   "bridge_proximity_bonus": {
    "kind": "real",
    "n_real": 72,
    "n_sites": 72,
    "source": "FHWA/BTS NBI (NTAD), 50 m proximity"
   },
   "catchment_area_km2": {
    "kind": "real",
    "n_real": 72,
    "n_sites": 72,
    "source": "DEM flow accumulation (pipeline)"
   },
   "channel_width_score": {
    "kind": "real",
    "n_real": 72,
    "n_sites": 72,
    "source": "Bieger 2015 APL width curve on DEM drainage area \u2192 shipped width curve"
   },
   "cso_density": {
    "kind": "real",
    "n_real": 72,
    "n_sites": 72,
    "source": "EPA ECHO CSO inventory (national bulk), Cauchy proximity"
   },
   "ej_index": {
    "kind": "real",
    "n_real": 72,
    "n_sites": 72,
    "source": "Census ACS C17002+B03002 two-component demographic index, percentile-ranked within region"
   },
   "estuary_dist_km": {
    "kind": "real",
    "n_real": 72,
    "n_sites": 72,
    "source": "haversine to region ref: Pamlico Sound (shipped NC reference)"
   },
   "flood_q10_cfs": {
    "kind": "fallback",
    "n_real": 0,
    "n_sites": 72,
    "source": "flood regression not valid here (NC Coastal Plain (SIR HR4 needs 24h-50y precip \u2014 not wired; ...) \u2014 NaN, dropped by constant-column handling"
   },
   "flow_velocity_ms": {
    "kind": "real",
    "n_real": 36,
    "n_sites": 72,
    "source": "Manning (region DEM/D8) blended with EROM continuity (shipped M4 logic)"
   },
   "impervious_pct": {
    "kind": "real",
    "n_real": 36,
    "n_sites": 72,
    "source": "EPA StreamCat pctimp2019 (per NHDPlus watershed)"
   },
   "land_ownership": {
    "kind": "fallback",
    "n_real": 0,
    "n_sites": 72,
    "source": "no parcel integration for this region (Durham only) \u2014 unknown 0.5"
   },
   "litter_complaint_density": {
    "kind": "fallback",
    "n_real": 0,
    "n_sites": 72,
    "source": "no machine-readable 311/litter source for this region"
   },
   "npdes_points": {
    "kind": "real",
    "n_real": 72,
    "n_sites": 72,
    "source": "EPA ECHO NPDES outfalls (national bulk), per catchment"
   },
   "population_density": {
    "kind": "real",
    "n_real": 72,
    "n_sites": 72,
    "source": "Census ACS 2022 B01003 block groups (bbox, multi-county), area-weighted"
   },
   "protected_area_score": {
    "kind": "fallback",
    "n_real": 0,
    "n_sites": 72,
    "source": "PAD-US services unreachable; OSM proxy saturates \u2014 documented fallback"
   },
   "road_access_score": {
    "kind": "real",
    "n_real": 72,
    "n_sites": 72,
    "source": "OSM drive network nearest-node distance"
   },
   "road_density_km_km2": {
    "kind": "real",
    "n_real": 72,
    "n_sites": 72,
    "source": "OSM drive network (osmnx, cached) clipped per catchment"
   },
   "runoff_coeff_C": {
    "kind": "real",
    "n_real": 36,
    "n_sites": 72,
    "source": "derived from real impervious_pct (C=0.05+0.009*I)"
   },
   "seasonal_cv": {
    "kind": "real",
    "n_real": 36,
    "n_sites": 72,
    "source": "CV of NHDPlus EROM monthly flows per COMID"
   },
   "stream_order": {
    "kind": "real",
    "n_real": 72,
    "n_sites": 72,
    "source": "DEM stream-network confluence heuristic (pipeline)"
   },
   "superfund_score": {
    "kind": "fallback",
    "n_real": 0,
    "n_sites": 72,
    "source": "not wired (low weight; roadmap)"
   },
   "tourism_amenity_density": {
    "kind": "real",
    "n_real": 72,
    "n_sites": 72,
    "source": "OSM leisure/tourism features per 2 km radius"
   },
   "tri_facility_density": {
    "kind": "real",
    "n_real": 72,
    "n_sites": 72,
    "source": "EPA Envirofacts TRI state=NC (sign-fixed), per catchment"
   },
   "usgs_mean_q_cfs": {
    "kind": "real",
    "n_real": 36,
    "n_sites": 72,
    "source": "NHDPlus EROM qe_ma per COMID (snap-guarded)"
   },
   "velocity_feasibility": {
    "kind": "real",
    "n_real": 36,
    "n_sites": 72,
    "source": "shipped step curve on the computed velocity"
   },
   "water_intake_score": {
    "kind": "fallback",
    "n_real": 0,
    "n_sites": 72,
    "source": "no public surface-intake point layer (NC OneMap is wells-only and NC-only)"
   }
  },
  "varying": [
   "beach_dist_km",
   "catchment_area_km2",
   "ej_index",
   "estuary_dist_km",
   "flow_velocity_ms",
   "impervious_pct",
   "npdes_points",
   "population_density",
   "road_access_score",
   "road_density_km_km2",
   "runoff_coeff_C",
   "seasonal_cv",
   "stream_order",
   "tourism_amenity_density",
   "tri_facility_density",
   "usgs_mean_q_cfs",
   "velocity_feasibility"
  ]
 },
 "region": {
  "bbox": [
   -77.1808,
   35.0113,
   -76.9682,
   35.1821
  ],
  "beach_ref": {
   "label": "Wrightsville Beach (shipped NC reference)",
   "lat": 34.21,
   "lon": -77.79
  },
  "center": [
   -77.072641,
   35.096688
  ],
  "estuary_ref": {
   "label": "Pamlico Sound (shipped NC reference)",
   "lat": 35.05,
   "lon": -76.05
  },
  "flood_method": "none",
  "name": "New Bern, NC",
  "notes": "NC Coastal Plain (SIR HR4 needs 24h-50y precip \u2014 not wired; flood fallback); merged nearby towns: Trent Woods, River Bend, Bridgeton",
  "slug": "new-bern",
  "state": "NC",
  "utm_epsg": 32618,
  "width_curve": {
   "a": 2.22,
   "b": 0.363,
   "code": "APL",
   "source": "Bieger et al. 2015 JAWRA Table 3, Atlantic Plain"
  }
 },
 "type": "FeatureCollection"
}
