{
 "features": [
  {
   "geometry": {
    "coordinates": [
     -80.463778,
     35.658354
    ],
    "type": "Point"
   },
   "properties": {
    "accumulation": 298975.0,
    "bank_slope_deg": 5.88,
    "bank_slope_score": 1.0,
    "beach_dist_km": 292.12,
    "bridge_proximity_bonus": 0.2,
    "catchment_area_km2": 29.8152,
    "channel_width_m": 12.77,
    "channel_width_score": 1.0,
    "composite_score": 61.8107,
    "cso_density": 0.0,
    "dem_lat": 35.658361,
    "dem_lon": -80.463781,
    "ej_index": 0.6101,
    "elevation_m": 210.999,
    "estuary_dist_km": 405.92,
    "feasibility_score": 88.5714,
    "flood_q10_cfs": 2376.79,
    "flow_score": 38.6338,
    "flow_velocity_ms": 0.0568,
    "generation_score": 64.0781,
    "impact_score": 65.4771,
    "impervious_pct": 17.23,
    "land_ownership": 0.5,
    "lat": 35.6584,
    "litter_complaint_density": 0.0,
    "lon": -80.4638,
    "npdes_points": 2,
    "pixel_col": 1122.0,
    "pixel_row": 942.0,
    "population_density": 601.1,
    "position_along": 0.25,
    "protected_area_score": 0.0,
    "rank": 1,
    "river_name": "Town Creek",
    "road_access_m": 160.3,
    "road_access_score": 1.0,
    "road_density_km_km2": 8.371,
    "robustness_pct": 93.5,
    "runoff_coeff_C": 0.2051,
    "seasonal_cv": 0.4781,
    "segment_id": 68,
    "segment_length_m": 10402.044,
    "snap_dist_m": 0.9,
    "stream_order": 3,
    "superfund_score": 0.0,
    "tourism_amenity_density": 7.719,
    "tri_facility_density": 0.3689,
    "usgs_mean_q_cfs": 13.792,
    "velocity_feasibility": 0.7,
    "water_intake_score": 0.0
   },
   "type": "Feature"
  },
  {
   "geometry": {
    "coordinates": [
     -80.451403,
     35.666224
    ],
    "type": "Point"
   },
   "properties": {
    "accumulation": 332226.0,
    "bank_slope_deg": 9.1,
    "bank_slope_score": 1.0,
    "beach_dist_km": 291.67,
    "bridge_proximity_bonus": 0.0,
    "catchment_area_km2": 33.1312,
    "channel_width_m": 13.34,
    "channel_width_score": 1.0,
    "composite_score": 59.4887,
    "cso_density": 0.0,
    "dem_lat": 35.666232,
    "dem_lon": -80.45157,
    "ej_index": 0.5977,
    "elevation_m": 207.5918,
    "estuary_dist_km": 404.96,
    "feasibility_score": 75.2381,
    "flood_q10_cfs": 2624.57,
    "flow_score": 44.3311,
    "flow_velocity_ms": 0.1809,
    "generation_score": 55.742,
    "impact_score": 67.992,
    "impervious_pct": 20.18,
    "land_ownership": 0.5,
    "lat": 35.6662,
    "litter_complaint_density": 0.0,
    "lon": -80.4516,
    "npdes_points": 2,
    "pixel_col": 1232.0,
    "pixel_row": 851.0,
    "population_density": 495.9,
    "position_along": 0.4167,
    "protected_area_score": 0.0,
    "rank": 2,
    "river_name": "Town Creek",
    "road_access_m": 103.7,
    "road_access_score": 1.0,
    "road_density_km_km2": 7.551,
    "robustness_pct": 94.5,
    "runoff_coeff_C": 0.2316,
    "seasonal_cv": 0.4834,
    "segment_id": 68,
    "segment_length_m": 10402.044,
    "snap_dist_m": 15.2,
    "stream_order": 3,
    "superfund_score": 0.0,
    "tourism_amenity_density": 8.2761,
    "tri_facility_density": 0.2113,
    "usgs_mean_q_cfs": 15.505,
    "velocity_feasibility": 0.7,
    "water_intake_score": 0.0
   },
   "type": "Feature"
  },
  {
   "geometry": {
    "coordinates": [
     -80.478977,
     35.652804
    ],
    "type": "Point"
   },
   "properties": {
    "accumulation": 266282.0,
    "bank_slope_deg": 1.6,
    "bank_slope_score": 1.0,
    "beach_dist_km": 292.94,
    "bridge_proximity_bonus": 0.0,
    "catchment_area_km2": 26.5549,
    "channel_width_m": 12.17,
    "channel_width_score": 1.0,
    "composite_score": 58.6372,
    "cso_density": 0.0,
    "dem_lat": 35.652798,
    "dem_lon": -80.478968,
    "ej_index": 0.661,
    "elevation_m": 214.3461,
    "estuary_dist_km": 407.19,
    "feasibility_score": 65.7143,
    "flood_q10_cfs": 2220.51,
    "flow_score": 38.1551,
    "flow_velocity_ms": 0.1043,
    "generation_score": 63.8035,
    "impact_score": 67.0007,
    "impervious_pct": 16.95,
    "land_ownership": 0.5,
    "lat": 35.6528,
    "litter_complaint_density": 0.0,
    "lon": -80.479,
    "npdes_points": 1,
    "pixel_col": 985.0,
    "pixel_row": 1003.0,
    "population_density": 636.0,
    "position_along": 0.0833,
    "protected_area_score": 0.0,
    "rank": 3,
    "river_name": "Town Creek",
    "road_access_m": 228.9,
    "road_access_score": 0.8,
    "road_density_km_km2": 8.499,
    "robustness_pct": 88.5,
    "runoff_coeff_C": 0.2026,
    "seasonal_cv": 0.4776,
    "segment_id": 68,
    "segment_length_m": 10402.044,
    "snap_dist_m": 1.0,
    "stream_order": 3,
    "superfund_score": 0.0,
    "tourism_amenity_density": 8.7535,
    "tri_facility_density": 0.4142,
    "usgs_mean_q_cfs": 13.649,
    "velocity_feasibility": 0.7,
    "water_intake_score": 0.0
   },
   "type": "Feature"
  },
  {
   "geometry": {
    "coordinates": [
     -80.496732,
     35.676585
    ],
    "type": "Point"
   },
   "properties": {
    "accumulation": 419706.0,
    "bank_slope_deg": 5.38,
    "bank_slope_score": 1.0,
    "beach_dist_km": 295.73,
    "bridge_proximity_bonus": 0.0,
    "catchment_area_km2": 41.8551,
    "channel_width_m": 14.7,
    "channel_width_score": 1.0,
    "composite_score": 52.5123,
    "cso_density": 0.0,
    "dem_lat": 35.676615,
    "dem_lon": -80.496836,
    "ej_index": 0.7112,
    "elevation_m": 198.6279,
    "estuary_dist_km": 409.17,
    "feasibility_score": 65.7143,
    "flood_q10_cfs": 2543.94,
    "flow_score": 56.0677,
    "flow_velocity_ms": 0.1509,
    "generation_score": 43.3319,
    "impact_score": 52.1288,
    "impervious_pct": 8.55,
    "land_ownership": 0.5,
    "lat": 35.6766,
    "litter_complaint_density": 0.0,
    "lon": -80.4968,
    "npdes_points": 0,
    "pixel_col": 821.0,
    "pixel_row": 738.0,
    "population_density": 563.6,
    "position_along": 0.25,
    "protected_area_score": 0.0,
    "rank": 4,
    "river_name": "Grants Creek",
    "road_access_m": 350.2,
    "road_access_score": 0.8,
    "road_density_km_km2": 6.351,
    "robustness_pct": 13.0,
    "runoff_coeff_C": 0.127,
    "seasonal_cv": 0.5054,
    "segment_id": 37,
    "segment_length_m": 3155.3042,
    "snap_dist_m": 10.0,
    "stream_order": 3,
    "superfund_score": 0.0,
    "tourism_amenity_density": 3.5014,
    "tri_facility_density": 0.2389,
    "usgs_mean_q_cfs": 53.428,
    "velocity_feasibility": 0.7,
    "water_intake_score": 0.0
   },
   "type": "Feature"
  },
  {
   "geometry": {
    "coordinates": [
     -80.421177,
     35.676561
    ],
    "type": "Point"
   },
   "properties": {
    "accumulation": 386459.0,
    "bank_slope_deg": 6.8,
    "bank_slope_score": 1.0,
    "beach_dist_km": 290.0,
    "bridge_proximity_bonus": 0.0,
    "catchment_area_km2": 38.5395,
    "channel_width_m": 14.2,
    "channel_width_score": 1.0,
    "composite_score": 51.9847,
    "cso_density": 0.0,
    "dem_lat": 35.676586,
    "dem_lon": -80.421197,
    "ej_index": 0.563,
    "elevation_m": 195.8233,
    "estuary_dist_km": 402.42,
    "feasibility_score": 75.2381,
    "flood_q10_cfs": 2831.09,
    "flow_score": 44.4258,
    "flow_velocity_ms": 0.0689,
    "generation_score": 42.6761,
    "impact_score": 55.9657,
    "impervious_pct": 19.6,
    "land_ownership": 0.5,
    "lat": 35.6766,
    "litter_complaint_density": 0.0,
    "lon": -80.4212,
    "npdes_points": 4,
    "pixel_col": 1507.0,
    "pixel_row": 735.0,
    "population_density": 218.8,
    "position_along": 0.75,
    "protected_area_score": 0.0,
    "rank": 5,
    "river_name": "Town Creek",
    "road_access_m": 138.6,
    "road_access_score": 1.0,
    "road_density_km_km2": 4.471,
    "robustness_pct": 18.5,
    "runoff_coeff_C": 0.2264,
    "seasonal_cv": 0.4904,
    "segment_id": 68,
    "segment_length_m": 10402.044,
    "snap_dist_m": 3.3,
    "stream_order": 3,
    "superfund_score": 0.0,
    "tourism_amenity_density": 0.7162,
    "tri_facility_density": 0.1038,
    "usgs_mean_q_cfs": 18.254,
    "velocity_feasibility": 0.7,
    "water_intake_score": 0.0
   },
   "type": "Feature"
  },
  {
   "geometry": {
    "coordinates": [
     -80.436765,
     35.671066
    ],
    "type": "Point"
   },
   "properties": {
    "accumulation": 362979.0,
    "bank_slope_deg": 2.38,
    "bank_slope_score": 1.0,
    "beach_dist_km": 290.84,
    "bridge_proximity_bonus": 0.0,
    "catchment_area_km2": 36.198,
    "channel_width_m": 13.84,
    "channel_width_score": 1.0,
    "composite_score": 51.8742,
    "cso_density": 0.0,
    "dem_lat": 35.671029,
    "dem_lon": -80.436744,
    "ej_index": 0.5679,
    "elevation_m": 201.4184,
    "estuary_dist_km": 403.71,
    "feasibility_score": 65.7143,
    "flood_q10_cfs": 2734.48,
    "flow_score": 44.8969,
    "flow_velocity_ms": 0.1314,
    "generation_score": 48.8408,
    "impact_score": 53.8022,
    "impervious_pct": 19.6,
    "land_ownership": 0.5,
    "lat": 35.671,
    "litter_complaint_density": 0.0,
    "lon": -80.4367,
    "npdes_points": 3,
    "pixel_col": 1367.0,
    "pixel_row": 799.0,
    "population_density": 360.4,
    "position_along": 0.5833,
    "protected_area_score": 0.0,
    "rank": 6,
    "river_name": "Town Creek",
    "road_access_m": 203.9,
    "road_access_score": 0.8,
    "road_density_km_km2": 6.232,
    "robustness_pct": 1.0,
    "runoff_coeff_C": 0.2264,
    "seasonal_cv": 0.4904,
    "segment_id": 68,
    "segment_length_m": 10402.044,
    "snap_dist_m": 4.5,
    "stream_order": 3,
    "superfund_score": 0.0,
    "tourism_amenity_density": 0.8754,
    "tri_facility_density": 0.1381,
    "usgs_mean_q_cfs": 18.254,
    "velocity_feasibility": 0.7,
    "water_intake_score": 0.0
   },
   "type": "Feature"
  },
  {
   "geometry": {
    "coordinates": [
     -80.455805,
     35.691988
    ],
    "type": "Point"
   },
   "properties": {
    "accumulation": 701588.0,
    "bank_slope_deg": 2.68,
    "bank_slope_score": 1.0,
    "beach_dist_km": 293.56,
    "bridge_proximity_bonus": 0.0,
    "catchment_area_km2": 69.9657,
    "channel_width_m": 18.19,
    "channel_width_score": 0.5,
    "composite_score": 51.8354,
    "cso_density": 0.0,
    "dem_lat": 35.692089,
    "dem_lon": -80.455785,
    "ej_index": 0.6146,
    "elevation_m": 193.5015,
    "estuary_dist_km": 405.77,
    "feasibility_score": 39.0476,
    "flood_q10_cfs": 3424.22,
    "flow_score": 69.3153,
    "flow_velocity_ms": 0.1447,
    "generation_score": 38.8969,
    "impact_score": 56.6012,
    "impervious_pct": 9.46,
    "land_ownership": 0.5,
    "lat": 35.6921,
    "litter_complaint_density": 0.0,
    "lon": -80.4558,
    "npdes_points": 2,
    "pixel_col": 1193.0,
    "pixel_row": 567.0,
    "population_density": 380.9,
    "position_along": 0.5,
    "protected_area_score": 0.0,
    "rank": 7,
    "river_name": "Grants Creek",
    "road_access_m": 239.8,
    "road_access_score": 0.8,
    "road_density_km_km2": 5.647,
    "robustness_pct": 48.0,
    "runoff_coeff_C": 0.1351,
    "seasonal_cv": 0.5141,
    "segment_id": 41,
    "segment_length_m": 1614.4643,
    "snap_dist_m": 11.3,
    "stream_order": 3,
    "superfund_score": 0.0,
    "tourism_amenity_density": 4.0585,
    "tri_facility_density": 0.1429,
    "usgs_mean_q_cfs": 63.105,
    "velocity_feasibility": 0.7,
    "water_intake_score": 0.0
   },
   "type": "Feature"
  },
  {
   "geometry": {
    "coordinates": [
     -80.50133,
     35.670608
    ],
    "type": "Point"
   },
   "properties": {
    "accumulation": 28689.0,
    "bank_slope_deg": 2.51,
    "bank_slope_score": 1.0,
    "beach_dist_km": 295.71,
    "bridge_proximity_bonus": 0.0,
    "catchment_area_km2": 2.861,
    "channel_width_m": 4.83,
    "channel_width_score": 1.0,
    "composite_score": 51.3936,
    "cso_density": 0.0,
    "ej_index": 0.9345,
    "elevation_m": 202.0944,
    "estuary_dist_km": 409.48,
    "feasibility_score": 65.7143,
    "flood_q10_cfs": 791.72,
    "flow_score": 25.5421,
    "flow_velocity_ms": 0.0818,
    "generation_score": 59.9816,
    "impact_score": 57.1883,
    "impervious_pct": 37.51,
    "land_ownership": 0.5,
    "lat": 35.6706,
    "litter_complaint_density": 0.0,
    "lon": -80.5013,
    "npdes_points": 0,
    "pixel_col": 779.0,
    "pixel_row": 805.0,
    "population_density": 486.0,
    "position_along": 0.5,
    "protected_area_score": 0.0,
    "rank": 8,
    "river_name": "Grants Creek",
    "road_access_m": 246.2,
    "road_access_score": 0.8,
    "road_density_km_km2": 3.916,
    "robustness_pct": 22.5,
    "runoff_coeff_C": 0.3876,
    "seasonal_cv": 0.4375,
    "segment_id": 22,
    "segment_length_m": 1059.6658,
    "stream_order": 3,
    "superfund_score": 0.0,
    "tourism_amenity_density": 1.9894,
    "tri_facility_density": 0.3495,
    "usgs_mean_q_cfs": 1.276,
    "velocity_feasibility": 0.7,
    "water_intake_score": 0.0
   },
   "type": "Feature"
  },
  {
   "geometry": {
    "coordinates": [
     -80.444814,
     35.700178
    ],
    "type": "Point"
   },
   "properties": {
    "accumulation": 746722.0,
    "bank_slope_deg": 3.41,
    "bank_slope_score": 1.0,
    "beach_dist_km": 293.24,
    "bridge_proximity_bonus": 0.0,
    "catchment_area_km2": 74.4667,
    "channel_width_m": 18.66,
    "channel_width_score": 0.5,
    "composite_score": 51.3661,
    "cso_density": 0.0,
    "dem_lat": 35.70024,
    "dem_lon": -80.444935,
    "ej_index": 0.5961,
    "elevation_m": 191.9489,
    "estuary_dist_km": 404.94,
    "feasibility_score": 39.0476,
    "flood_q10_cfs": 3554.34,
    "flow_score": 70.9387,
    "flow_velocity_ms": 0.1312,
    "generation_score": 38.3978,
    "impact_score": 54.1831,
    "impervious_pct": 9.66,
    "land_ownership": 0.5,
    "lat": 35.7002,
    "litter_complaint_density": 0.0,
    "lon": -80.4449,
    "npdes_points": 4,
    "pixel_col": 1290.0,
    "pixel_row": 473.0,
    "population_density": 290.2,
    "position_along": 0.5,
    "protected_area_score": 0.0,
    "rank": 9,
    "river_name": "Grants Creek",
    "road_access_m": 200.7,
    "road_access_score": 0.8,
    "road_density_km_km2": 4.513,
    "robustness_pct": 35.0,
    "runoff_coeff_C": 0.1369,
    "seasonal_cv": 0.5149,
    "segment_id": 42,
    "segment_length_m": 1755.8127,
    "snap_dist_m": 12.9,
    "stream_order": 3,
    "superfund_score": 0.0,
    "tourism_amenity_density": 2.5465,
    "tri_facility_density": 0.094,
    "usgs_mean_q_cfs": 64.208,
    "velocity_feasibility": 0.7,
    "water_intake_score": 0.0
   },
   "type": "Feature"
  },
  {
   "geometry": {
    "coordinates": [
     -80.494383,
     35.645572
    ],
    "type": "Point"
   },
   "properties": {
    "accumulation": 183336.0,
    "bank_slope_deg": 1.04,
    "bank_slope_score": 1.0,
    "beach_dist_km": 293.65,
    "bridge_proximity_bonus": 0.2,
    "catchment_area_km2": 18.2831,
    "channel_width_m": 10.42,
    "channel_width_score": 1.0,
    "composite_score": 51.2689,
    "cso_density": 0.0,
    "dem_lat": 35.645256,
    "dem_lon": -80.494114,
    "ej_index": 0.6444,
    "elevation_m": 217.5325,
    "estuary_dist_km": 408.43,
    "feasibility_score": 88.5714,
    "flood_q10_cfs": 1663.3,
    "flow_score": 30.7959,
    "flow_velocity_ms": 0.0517,
    "generation_score": 53.2363,
    "impact_score": 47.7109,
    "impervious_pct": 11.0,
    "land_ownership": 0.5,
    "lat": 35.6453,
    "litter_complaint_density": 0.0,
    "lon": -80.4941,
    "npdes_points": 2,
    "pixel_col": 848.0,
    "pixel_row": 1089.0,
    "population_density": 462.8,
    "position_along": 0.8333,
    "protected_area_score": 0.0,
    "rank": 10,
    "river_name": "Town Creek",
    "road_access_m": 101.6,
    "road_access_score": 1.0,
    "road_density_km_km2": 6.105,
    "robustness_pct": 23.5,
    "runoff_coeff_C": 0.149,
    "seasonal_cv": 0.4603,
    "segment_id": 67,
    "segment_length_m": 5434.9026,
    "snap_dist_m": 42.7,
    "stream_order": 3,
    "superfund_score": 0.0,
    "tourism_amenity_density": 1.1141,
    "tri_facility_density": 0.4376,
    "usgs_mean_q_cfs": 9.321,
    "velocity_feasibility": 0.7,
    "water_intake_score": 0.0
   },
   "type": "Feature"
  },
  {
   "geometry": {
    "coordinates": [
     -80.47074,
     35.692963
    ],
    "type": "Point"
   },
   "properties": {
    "accumulation": 628424.0,
    "bank_slope_deg": 5.59,
    "bank_slope_score": 1.0,
    "beach_dist_km": 294.75,
    "bridge_proximity_bonus": 0.2,
    "catchment_area_km2": 62.6694,
    "channel_width_m": 17.38,
    "channel_width_score": 0.5,
    "composite_score": 51.1196,
    "cso_density": 0.0,
    "dem_lat": 35.693056,
    "dem_lon": -80.470725,
    "ej_index": 0.6215,
    "elevation_m": 194.535,
    "estuary_dist_km": 407.12,
    "feasibility_score": 52.381,
    "flood_q10_cfs": 3183.09,
    "flow_score": 62.9181,
    "flow_velocity_ms": 0.0655,
    "generation_score": 34.3468,
    "impact_score": 57.4297,
    "impervious_pct": 8.59,
    "land_ownership": 0.5,
    "lat": 35.6931,
    "litter_complaint_density": 0.0,
    "lon": -80.4707,
    "npdes_points": 0,
    "pixel_col": 1057.0,
    "pixel_row": 557.0,
    "population_density": 436.0,
    "position_along": 0.5,
    "protected_area_score": 0.0,
    "rank": 11,
    "river_name": "Grants Creek",
    "road_access_m": 273.8,
    "road_access_score": 0.8,
    "road_density_km_km2": 6.011,
    "robustness_pct": 10.5,
    "runoff_coeff_C": 0.1273,
    "seasonal_cv": 0.5094,
    "segment_id": 39,
    "segment_length_m": 72.3267,
    "snap_dist_m": 10.4,
    "stream_order": 3,
    "superfund_score": 0.0,
    "tourism_amenity_density": 5.8092,
    "tri_facility_density": 0.1277,
    "usgs_mean_q_cfs": 57.682,
    "velocity_feasibility": 0.7,
    "water_intake_score": 0.0
   },
   "type": "Feature"
  },
  {
   "geometry": {
    "coordinates": [
     -80.467155,
     35.69218
    ],
    "type": "Point"
   },
   "properties": {
    "accumulation": 655516.0,
    "bank_slope_deg": 4.19,
    "bank_slope_score": 1.0,
    "beach_dist_km": 294.42,
    "bridge_proximity_bonus": 0.0,
    "catchment_area_km2": 65.3712,
    "channel_width_m": 17.68,
    "channel_width_score": 0.5,
    "composite_score": 50.8946,
    "cso_density": 0.0,
    "dem_lat": 35.692206,
    "dem_lon": -80.467146,
    "ej_index": 0.6206,
    "elevation_m": 194.0172,
    "estuary_dist_km": 406.78,
    "feasibility_score": 39.0476,
    "flood_q10_cfs": 3280.06,
    "flow_score": 65.1167,
    "flow_velocity_ms": 0.0659,
    "generation_score": 38.148,
    "impact_score": 57.7131,
    "impervious_pct": 9.07,
    "land_ownership": 0.5,
    "lat": 35.6922,
    "litter_complaint_density": 0.0,
    "lon": -80.4671,
    "npdes_points": 1,
    "pixel_col": 1090.0,
    "pixel_row": 567.0,
    "population_density": 424.1,
    "position_along": 0.5,
    "protected_area_score": 0.0,
    "rank": 12,
    "river_name": "Grants Creek",
    "road_access_m": 246.8,
    "road_access_score": 0.8,
    "road_density_km_km2": 6.043,
    "robustness_pct": 11.5,
    "runoff_coeff_C": 0.1316,
    "seasonal_cv": 0.5124,
    "segment_id": 40,
    "segment_length_m": 652.9474,
    "snap_dist_m": 3.0,
    "stream_order": 3,
    "superfund_score": 0.0,
    "tourism_amenity_density": 5.5704,
    "tri_facility_density": 0.153,
    "usgs_mean_q_cfs": 61.051,
    "velocity_feasibility": 0.7,
    "water_intake_score": 0.0
   },
   "type": "Feature"
  },
  {
   "geometry": {
    "coordinates": [
     -80.44029,
     35.652015
    ],
    "type": "Point"
   },
   "properties": {
    "accumulation": 416107.0,
    "bank_slope_deg": 1.45,
    "bank_slope_score": 1.0,
    "beach_dist_km": 289.96,
    "bridge_proximity_bonus": 0.0,
    "catchment_area_km2": 41.4962,
    "channel_width_m": 14.64,
    "channel_width_score": 1.0,
    "composite_score": 50.4195,
    "cso_density": 0.0,
    "dem_lat": 35.652131,
    "dem_lon": -80.440324,
    "ej_index": 0.5437,
    "elevation_m": 204.98,
    "estuary_dist_km": 403.73,
    "feasibility_score": 75.2381,
    "flood_q10_cfs": 2465.55,
    "flow_score": 44.4867,
    "flow_velocity_ms": 0.1418,
    "generation_score": 40.2862,
    "impact_score": 53.0877,
    "impervious_pct": 6.63,
    "land_ownership": 0.5,
    "lat": 35.6521,
    "litter_complaint_density": 0.0,
    "lon": -80.4403,
    "npdes_points": 3,
    "pixel_col": 1335.0,
    "pixel_row": 1010.0,
    "population_density": 335.6,
    "position_along": 0.8333,
    "protected_area_score": 0.0,
    "rank": 13,
    "river_name": "Crane Creek",
    "road_access_m": 84.0,
    "road_access_score": 1.0,
    "road_density_km_km2": 5.406,
    "robustness_pct": 0.0,
    "runoff_coeff_C": 0.1097,
    "seasonal_cv": 0.4867,
    "segment_id": 74,
    "segment_length_m": 4994.971,
    "snap_dist_m": 13.3,
    "stream_order": 3,
    "superfund_score": 0.0,
    "tourism_amenity_density": 0.557,
    "tri_facility_density": 0.2169,
    "usgs_mean_q_cfs": 21.268,
    "velocity_feasibility": 0.7,
    "water_intake_score": 0.0
   },
   "type": "Feature"
  },
  {
   "geometry": {
    "coordinates": [
     -80.462791,
     35.687709
    ],
    "type": "Point"
   },
   "properties": {
    "accumulation": 26647.0,
    "bank_slope_deg": 3.1,
    "bank_slope_score": 1.0,
    "beach_dist_km": 293.82,
    "bridge_proximity_bonus": 0.0,
    "catchment_area_km2": 2.6574,
    "channel_width_m": 4.68,
    "channel_width_score": 1.0,
    "composite_score": 50.1428,
    "cso_density": 0.0,
    "ej_index": 0.3708,
    "elevation_m": 196.3062,
    "estuary_dist_km": 406.32,
    "feasibility_score": 75.2381,
    "flood_q10_cfs": 693.37,
    "flow_score": 24.982,
    "flow_velocity_ms": 0.1041,
    "generation_score": 61.7734,
    "impact_score": 46.9318,
    "impervious_pct": 33.11,
    "land_ownership": 0.5,
    "lat": 35.6877,
    "litter_complaint_density": 0.0,
    "lon": -80.4628,
    "npdes_points": 0,
    "pixel_col": 1126.0,
    "pixel_row": 613.0,
    "population_density": 505.7,
    "position_along": 0.5,
    "protected_area_score": 0.0,
    "rank": 14,
    "river_name": "Grants Creek",
    "road_access_m": 123.6,
    "road_access_score": 1.0,
    "road_density_km_km2": 6.022,
    "robustness_pct": 21.5,
    "runoff_coeff_C": 0.348,
    "seasonal_cv": 0.4355,
    "segment_id": 19,
    "segment_length_m": 1102.7435,
    "stream_order": 3,
    "superfund_score": 0.0,
    "tourism_amenity_density": 4.4563,
    "tri_facility_density": 0.3763,
    "usgs_mean_q_cfs": 1.253,
    "velocity_feasibility": 0.7,
    "water_intake_score": 0.0
   },
   "type": "Feature"
  },
  {
   "geometry": {
    "coordinates": [
     -80.473593,
     35.688753
    ],
    "type": "Point"
   },
   "properties": {
    "accumulation": 24384.0,
    "bank_slope_deg": 3.62,
    "bank_slope_score": 1.0,
    "beach_dist_km": 294.7,
    "bridge_proximity_bonus": 0.0,
    "catchment_area_km2": 2.4317,
    "channel_width_m": 4.51,
    "channel_width_score": 1.0,
    "composite_score": 49.5269,
    "cso_density": 0.0,
    "ej_index": 0.6312,
    "elevation_m": 197.1163,
    "estuary_dist_km": 407.3,
    "feasibility_score": 75.2381,
    "flood_q10_cfs": 672.79,
    "flow_score": 24.7374,
    "flow_velocity_ms": 0.0864,
    "generation_score": 48.9125,
    "impact_score": 57.9437,
    "impervious_pct": 35.21,
    "land_ownership": 0.5,
    "lat": 35.6888,
    "litter_complaint_density": 0.0,
    "lon": -80.4736,
    "npdes_points": 0,
    "pixel_col": 1032.0,
    "pixel_row": 603.0,
    "population_density": 461.8,
    "position_along": 0.5,
    "protected_area_score": 0.0,
    "rank": 15,
    "river_name": "Grants Creek",
    "road_access_m": 49.0,
    "road_access_score": 1.0,
    "road_density_km_km2": 5.648,
    "robustness_pct": 6.5,
    "runoff_coeff_C": 0.3669,
    "seasonal_cv": 0.4356,
    "segment_id": 18,
    "segment_length_m": 1240.2494,
    "stream_order": 3,
    "superfund_score": 0.0,
    "tourism_amenity_density": 5.9683,
    "tri_facility_density": 0.0,
    "usgs_mean_q_cfs": 1.251,
    "velocity_feasibility": 0.7,
    "water_intake_score": 0.0
   },
   "type": "Feature"
  },
  {
   "geometry": {
    "coordinates": [
     -80.407166,
     35.685597
    ],
    "type": "Point"
   },
   "properties": {
    "accumulation": 414654.0,
    "bank_slope_deg": 4.01,
    "bank_slope_score": 1.0,
    "beach_dist_km": 289.42,
    "bridge_proximity_bonus": 0.0,
    "catchment_area_km2": 41.3513,
    "channel_width_m": 14.62,
    "channel_width_score": 1.0,
    "composite_score": 49.5066,
    "cso_density": 0.0,
    "dem_lat": 35.685005,
    "dem_lon": -80.406535,
    "ej_index": 0.5695,
    "elevation_m": 195.2751,
    "estuary_dist_km": 401.25,
    "feasibility_score": 65.7143,
    "flood_q10_cfs": 2943.7,
    "flow_score": 45.3751,
    "flow_velocity_ms": 0.0604,
    "generation_score": 36.5591,
    "impact_score": 57.7934,
    "impervious_pct": 19.6,
    "land_ownership": 0.5,
    "lat": 35.685,
    "litter_complaint_density": 0.0,
    "lon": -80.4065,
    "npdes_points": 4,
    "pixel_col": 1639.0,
    "pixel_row": 642.0,
    "population_density": 142.9,
    "position_along": 0.9167,
    "protected_area_score": 0.0,
    "rank": 16,
    "river_name": "Town Creek",
    "road_access_m": 306.1,
    "road_access_score": 0.8,
    "road_density_km_km2": 3.03,
    "robustness_pct": 0.5,
    "runoff_coeff_C": 0.2264,
    "seasonal_cv": 0.4904,
    "segment_id": 68,
    "segment_length_m": 10402.044,
    "snap_dist_m": 87.0,
    "stream_order": 3,
    "superfund_score": 0.0,
    "tourism_amenity_density": 0.3979,
    "tri_facility_density": 0.0725,
    "usgs_mean_q_cfs": 18.254,
    "velocity_feasibility": 0.7,
    "water_intake_score": 0.0
   },
   "type": "Feature"
  },
  {
   "geometry": {
    "coordinates": [
     -80.432987,
     35.70854
    ],
    "type": "Point"
   },
   "properties": {
    "accumulation": 822122.0,
    "bank_slope_deg": 0.46,
    "bank_slope_score": 1.0,
    "beach_dist_km": 292.75,
    "bridge_proximity_bonus": 0.0,
    "catchment_area_km2": 81.9859,
    "channel_width_m": 19.42,
    "channel_width_score": 0.5,
    "composite_score": 49.2908,
    "cso_density": 0.0,
    "dem_lat": 35.707524,
    "dem_lon": -80.432342,
    "ej_index": 0.5704,
    "elevation_m": 190.6005,
    "estuary_dist_km": 403.95,
    "feasibility_score": 50.4762,
    "flood_q10_cfs": 3280.5,
    "flow_score": 70.8146,
    "flow_velocity_ms": 0.5,
    "generation_score": 25.9757,
    "impact_score": 54.0768,
    "impervious_pct": null,
    "land_ownership": 0.5,
    "lat": 35.7075,
    "litter_complaint_density": 0.0,
    "lon": -80.4323,
    "npdes_points": 4,
    "pixel_col": 1404.0,
    "pixel_row": 393.0,
    "population_density": 190.9,
    "position_along": 0.5,
    "protected_area_score": 0.0,
    "rank": 17,
    "river_name": "Grants Creek",
    "road_access_m": 281.7,
    "road_access_score": 0.8,
    "road_density_km_km2": 3.131,
    "robustness_pct": 11.5,
    "runoff_coeff_C": null,
    "seasonal_cv": null,
    "segment_id": 43,
    "segment_length_m": 2405.0394,
    "snap_dist_m": 126.9,
    "stream_order": 3,
    "superfund_score": 0.0,
    "tourism_amenity_density": 2.069,
    "tri_facility_density": 0.0976,
    "usgs_mean_q_cfs": null,
    "velocity_feasibility": 1.0,
    "water_intake_score": 0.0
   },
   "type": "Feature"
  },
  {
   "geometry": {
    "coordinates": [
     -80.504003,
     35.673828
    ],
    "type": "Point"
   },
   "properties": {
    "accumulation": 411031.0,
    "bank_slope_deg": 4.86,
    "bank_slope_score": 1.0,
    "beach_dist_km": 296.11,
    "bridge_proximity_bonus": 0.0,
    "catchment_area_km2": 40.99,
    "channel_width_m": 14.57,
    "channel_width_score": 1.0,
    "composite_score": 49.0896,
    "cso_density": 0.0,
    "dem_lat": 35.67384,
    "dem_lon": -80.504011,
    "ej_index": 0.7485,
    "elevation_m": 199.6323,
    "estuary_dist_km": 409.77,
    "feasibility_score": 65.7143,
    "flood_q10_cfs": 2464.12,
    "flow_score": 52.2549,
    "flow_velocity_ms": 0.06,
    "generation_score": 38.5958,
    "impact_score": 48.6334,
    "impervious_pct": 7.08,
    "land_ownership": 0.5,
    "lat": 35.6738,
    "litter_complaint_density": 0.0,
    "lon": -80.504,
    "npdes_points": 0,
    "pixel_col": 755.0,
    "pixel_row": 770.0,
    "population_density": 525.1,
    "position_along": 0.5,
    "protected_area_score": 0.0,
    "rank": 18,
    "river_name": "Grants Creek",
    "road_access_m": 307.6,
    "road_access_score": 0.8,
    "road_density_km_km2": 5.793,
    "robustness_pct": 0.0,
    "runoff_coeff_C": 0.1137,
    "seasonal_cv": 0.5022,
    "segment_id": 36,
    "segment_length_m": 62.3404,
    "snap_dist_m": 1.5,
    "stream_order": 3,
    "superfund_score": 0.0,
    "tourism_amenity_density": 1.7507,
    "tri_facility_density": 0.1952,
    "usgs_mean_q_cfs": 50.413,
    "velocity_feasibility": 0.7,
    "water_intake_score": 0.0
   },
   "type": "Feature"
  },
  {
   "geometry": {
    "coordinates": [
     -80.479855,
     35.696382
    ],
    "type": "Point"
   },
   "properties": {
    "accumulation": 556345.0,
    "bank_slope_deg": 6.0,
    "bank_slope_score": 1.0,
    "beach_dist_km": 295.64,
    "bridge_proximity_bonus": 0.0,
    "catchment_area_km2": 55.4814,
    "channel_width_m": 16.52,
    "channel_width_score": 0.5,
    "composite_score": 47.8245,
    "cso_density": 0.0,
    "dem_lat": 35.696428,
    "dem_lon": -80.479856,
    "ej_index": 0.6053,
    "elevation_m": 194.8612,
    "estuary_dist_km": 407.99,
    "feasibility_score": 48.5714,
    "flood_q10_cfs": 2975.38,
    "flow_score": 60.9785,
    "flow_velocity_ms": 0.0928,
    "generation_score": 33.3721,
    "impact_score": 50.9417,
    "impervious_pct": 8.59,
    "land_ownership": 0.5,
    "lat": 35.6964,
    "litter_complaint_density": 0.0,
    "lon": -80.4799,
    "npdes_points": 0,
    "pixel_col": 974.0,
    "pixel_row": 520.0,
    "population_density": 430.2,
    "position_along": 0.5,
    "protected_area_score": 0.0,
    "rank": 19,
    "river_name": "Grants Creek",
    "road_access_m": 154.9,
    "road_access_score": 1.0,
    "road_density_km_km2": 5.546,
    "robustness_pct": 0.0,
    "runoff_coeff_C": 0.1273,
    "seasonal_cv": 0.5094,
    "segment_id": 38,
    "segment_length_m": 1913.4632,
    "snap_dist_m": 5.1,
    "stream_order": 3,
    "superfund_score": 0.0,
    "tourism_amenity_density": 4.0585,
    "tri_facility_density": 0.1262,
    "usgs_mean_q_cfs": 57.682,
    "velocity_feasibility": 0.7,
    "water_intake_score": 0.0
   },
   "type": "Feature"
  },
  {
   "geometry": {
    "coordinates": [
     -80.446861,
     35.643414
    ],
    "type": "Point"
   },
   "properties": {
    "accumulation": 395492.0,
    "bank_slope_deg": 5.02,
    "bank_slope_score": 1.0,
    "beach_dist_km": 289.94,
    "bridge_proximity_bonus": 0.0,
    "catchment_area_km2": 39.4404,
    "channel_width_m": 14.34,
    "channel_width_score": 1.0,
    "composite_score": 47.4214,
    "cso_density": 0.0,
    "dem_lat": 35.64344,
    "dem_lon": -80.446858,
    "ej_index": 0.4995,
    "elevation_m": 208.4539,
    "estuary_dist_km": 404.17,
    "feasibility_score": 65.7143,
    "flood_q10_cfs": 2397.13,
    "flow_score": 42.1866,
    "flow_velocity_ms": 0.0756,
    "generation_score": 39.2823,
    "impact_score": 50.7764,
    "impervious_pct": 6.63,
    "land_ownership": 0.5,
    "lat": 35.6434,
    "litter_complaint_density": 0.0,
    "lon": -80.4469,
    "npdes_points": 3,
    "pixel_col": 1277.0,
    "pixel_row": 1105.0,
    "population_density": 344.5,
    "position_along": 0.5,
    "protected_area_score": 0.0,
    "rank": 20,
    "river_name": "Crane Creek",
    "road_access_m": 287.4,
    "road_access_score": 0.8,
    "road_density_km_km2": 5.347,
    "robustness_pct": 0.0,
    "runoff_coeff_C": 0.1097,
    "seasonal_cv": 0.4867,
    "segment_id": 74,
    "segment_length_m": 4994.971,
    "snap_dist_m": 2.9,
    "stream_order": 3,
    "superfund_score": 0.0,
    "tourism_amenity_density": 0.557,
    "tri_facility_density": 0.1775,
    "usgs_mean_q_cfs": 21.268,
    "velocity_feasibility": 0.7,
    "water_intake_score": 0.0
   },
   "type": "Feature"
  },
  {
   "geometry": {
    "coordinates": [
     -80.451076,
     35.633551
    ],
    "type": "Point"
   },
   "properties": {
    "accumulation": 364949.0,
    "bank_slope_deg": 4.15,
    "bank_slope_score": 1.0,
    "beach_dist_km": 289.68,
    "bridge_proximity_bonus": 0.0,
    "catchment_area_km2": 36.3945,
    "channel_width_m": 13.87,
    "channel_width_score": 1.0,
    "composite_score": 47.2556,
    "cso_density": 0.0,
    "dem_lat": 35.633633,
    "dem_lon": -80.4511,
    "ej_index": 0.4568,
    "elevation_m": 210.668,
    "estuary_dist_km": 404.4,
    "feasibility_score": 65.7143,
    "flood_q10_cfs": 2269.12,
    "flow_score": 39.7942,
    "flow_velocity_ms": 0.0597,
    "generation_score": 42.7662,
    "impact_score": 48.7336,
    "impervious_pct": 5.88,
    "land_ownership": 0.5,
    "lat": 35.6336,
    "litter_complaint_density": 0.0,
    "lon": -80.4511,
    "npdes_points": 5,
    "pixel_col": 1239.0,
    "pixel_row": 1216.0,
    "population_density": 319.6,
    "position_along": 0.1667,
    "protected_area_score": 0.0,
    "rank": 21,
    "river_name": "Crane Creek",
    "road_access_m": 262.6,
    "road_access_score": 0.8,
    "road_density_km_km2": 4.824,
    "robustness_pct": 0.0,
    "runoff_coeff_C": 0.1029,
    "seasonal_cv": 0.4807,
    "segment_id": 74,
    "segment_length_m": 4994.971,
    "snap_dist_m": 9.3,
    "stream_order": 3,
    "superfund_score": 0.0,
    "tourism_amenity_density": 0.3979,
    "tri_facility_density": 0.1649,
    "usgs_mean_q_cfs": 18.815,
    "velocity_feasibility": 0.7,
    "water_intake_score": 0.0
   },
   "type": "Feature"
  },
  {
   "geometry": {
    "coordinates": [
     -80.490641,
     35.640056
    ],
    "type": "Point"
   },
   "properties": {
    "accumulation": 55571.0,
    "bank_slope_deg": 8.2,
    "bank_slope_score": 1.0,
    "beach_dist_km": 293.08,
    "bridge_proximity_bonus": 0.0,
    "catchment_area_km2": 5.5418,
    "channel_width_m": 6.35,
    "channel_width_score": 1.0,
    "composite_score": 47.2296,
    "cso_density": 0.0,
    "ej_index": 0.535,
    "elevation_m": 221.2213,
    "estuary_dist_km": 408.04,
    "feasibility_score": 65.7143,
    "flood_q10_cfs": 969.6,
    "flow_score": 26.3148,
    "flow_velocity_ms": 0.1471,
    "generation_score": 57.7004,
    "impact_score": 44.9455,
    "impervious_pct": 20.62,
    "land_ownership": 0.5,
    "lat": 35.6401,
    "litter_complaint_density": 0.0,
    "lon": -80.4906,
    "npdes_points": 1,
    "pixel_col": 880.0,
    "pixel_row": 1145.0,
    "population_density": 266.6,
    "position_along": 0.5,
    "protected_area_score": 0.0,
    "rank": 22,
    "river_name": "Town Creek",
    "road_access_m": 275.2,
    "road_access_score": 0.8,
    "road_density_km_km2": 5.761,
    "robustness_pct": 0.0,
    "runoff_coeff_C": 0.2356,
    "seasonal_cv": 0.4376,
    "segment_id": 45,
    "segment_length_m": 2238.2845,
    "stream_order": 3,
    "superfund_score": 0.0,
    "tourism_amenity_density": 1.2732,
    "tri_facility_density": 0.7218,
    "usgs_mean_q_cfs": 1.879,
    "velocity_feasibility": 0.7,
    "water_intake_score": 0.0
   },
   "type": "Feature"
  },
  {
   "geometry": {
    "coordinates": [
     -80.45906,
     35.621919
    ],
    "type": "Point"
   },
   "properties": {
    "accumulation": 288173.0,
    "bank_slope_deg": 3.44,
    "bank_slope_score": 1.0,
    "beach_dist_km": 289.61,
    "bridge_proximity_bonus": 0.0,
    "catchment_area_km2": 28.738,
    "channel_width_m": 12.57,
    "channel_width_score": 1.0,
    "composite_score": 45.7025,
    "cso_density": 0.0,
    "dem_lat": 35.622075,
    "dem_lon": -80.459125,
    "ej_index": 0.4663,
    "elevation_m": 213.9401,
    "estuary_dist_km": 404.94,
    "feasibility_score": 65.7143,
    "flood_q10_cfs": 1957.58,
    "flow_score": 35.827,
    "flow_velocity_ms": 0.0612,
    "generation_score": 38.8516,
    "impact_score": 50.7772,
    "impervious_pct": 4.66,
    "land_ownership": 0.5,
    "lat": 35.6221,
    "litter_complaint_density": 0.0,
    "lon": -80.4591,
    "npdes_points": 5,
    "pixel_col": 1167.0,
    "pixel_row": 1343.0,
    "population_density": 309.3,
    "position_along": 0.75,
    "protected_area_score": 0.0,
    "rank": 23,
    "river_name": "Crane Creek",
    "road_access_m": 302.9,
    "road_access_score": 0.8,
    "road_density_km_km2": 4.329,
    "robustness_pct": 0.0,
    "runoff_coeff_C": 0.0919,
    "seasonal_cv": 0.4741,
    "segment_id": 73,
    "segment_length_m": 3129.3098,
    "snap_dist_m": 18.3,
    "stream_order": 3,
    "superfund_score": 0.0,
    "tourism_amenity_density": 1.512,
    "tri_facility_density": 0.1044,
    "usgs_mean_q_cfs": 16.238,
    "velocity_feasibility": 0.7,
    "water_intake_score": 0.0
   },
   "type": "Feature"
  },
  {
   "geometry": {
    "coordinates": [
     -80.505901,
     35.67364
    ],
    "type": "Point"
   },
   "properties": {
    "accumulation": 220883.0,
    "bank_slope_deg": 3.67,
    "bank_slope_score": 1.0,
    "beach_dist_km": 296.24,
    "bridge_proximity_bonus": 0.0,
    "catchment_area_km2": 22.0275,
    "channel_width_m": 11.26,
    "channel_width_score": 1.0,
    "composite_score": 45.5784,
    "cso_density": 0.0,
    "dem_lat": 35.673514,
    "dem_lon": -80.505954,
    "ej_index": 0.8232,
    "elevation_m": 200.1353,
    "estuary_dist_km": 409.94,
    "feasibility_score": 65.7143,
    "flood_q10_cfs": 1740.16,
    "flow_score": 31.9264,
    "flow_velocity_ms": 0.0728,
    "generation_score": 42.1479,
    "impact_score": 50.3175,
    "impervious_pct": 6.8,
    "land_ownership": 0.5,
    "lat": 35.6735,
    "litter_complaint_density": 0.0,
    "lon": -80.506,
    "npdes_points": 0,
    "pixel_col": 739.0,
    "pixel_row": 776.0,
    "population_density": 552.6,
    "position_along": 0.5,
    "protected_area_score": 0.0,
    "rank": 24,
    "river_name": "Draft Branch",
    "road_access_m": 381.7,
    "road_access_score": 0.8,
    "road_density_km_km2": 5.932,
    "robustness_pct": 0.0,
    "runoff_coeff_C": 0.1112,
    "seasonal_cv": 0.4813,
    "segment_id": 26,
    "segment_length_m": 413.9876,
    "snap_dist_m": 14.8,
    "stream_order": 3,
    "superfund_score": 0.0,
    "tourism_amenity_density": 1.3528,
    "tri_facility_density": 0.2724,
    "usgs_mean_q_cfs": 10.858,
    "velocity_feasibility": 0.7,
    "water_intake_score": 0.0
   },
   "type": "Feature"
  },
  {
   "geometry": {
    "coordinates": [
     -80.493551,
     35.689141
    ],
    "type": "Point"
   },
   "properties": {
    "accumulation": 458962.0,
    "bank_slope_deg": 4.85,
    "bank_slope_score": 1.0,
    "beach_dist_km": 296.26,
    "bridge_proximity_bonus": 0.0,
    "catchment_area_km2": 45.7699,
    "channel_width_m": 15.25,
    "channel_width_score": 0.5,
    "composite_score": 45.4217,
    "cso_density": 0.0,
    "dem_lat": 35.689285,
    "dem_lon": -80.493792,
    "ej_index": 0.6368,
    "elevation_m": 197.6175,
    "estuary_dist_km": 409.11,
    "feasibility_score": 39.0476,
    "flood_q10_cfs": 2673.1,
    "flow_score": 55.438,
    "flow_velocity_ms": 0.0613,
    "generation_score": 36.0764,
    "impact_score": 49.6073,
    "impervious_pct": 8.55,
    "land_ownership": 0.5,
    "lat": 35.6893,
    "litter_complaint_density": 0.0,
    "lon": -80.4938,
    "npdes_points": 0,
    "pixel_col": 849.0,
    "pixel_row": 598.0,
    "population_density": 483.8,
    "position_along": 0.75,
    "protected_area_score": 0.0,
    "rank": 25,
    "river_name": "Grants Creek",
    "road_access_m": 281.4,
    "road_access_score": 0.8,
    "road_density_km_km2": 5.876,
    "robustness_pct": 0.0,
    "runoff_coeff_C": 0.127,
    "seasonal_cv": 0.5054,
    "segment_id": 37,
    "segment_length_m": 3155.3042,
    "snap_dist_m": 27.0,
    "stream_order": 3,
    "superfund_score": 0.0,
    "tourism_amenity_density": 3.8993,
    "tri_facility_density": 0.1311,
    "usgs_mean_q_cfs": 53.428,
    "velocity_feasibility": 0.7,
    "water_intake_score": 0.0
   },
   "type": "Feature"
  },
  {
   "geometry": {
    "coordinates": [
     -80.529695,
     35.651095
    ],
    "type": "Point"
   },
   "properties": {
    "accumulation": 51631.0,
    "bank_slope_deg": 4.77,
    "bank_slope_score": 1.0,
    "beach_dist_km": 296.72,
    "bridge_proximity_bonus": 0.0,
    "catchment_area_km2": 5.1489,
    "channel_width_m": 6.16,
    "channel_width_score": 1.0,
    "composite_score": 45.3525,
    "cso_density": 0.0,
    "dem_lat": 35.651067,
    "dem_lon": -80.529674,
    "ej_index": 0.8468,
    "elevation_m": 203.4613,
    "estuary_dist_km": 411.7,
    "feasibility_score": 86.6667,
    "flood_q10_cfs": 639.46,
    "flow_score": 42.0876,
    "flow_velocity_ms": 0.5,
    "generation_score": 26.6927,
    "impact_score": 46.076,
    "impervious_pct": null,
    "land_ownership": 0.5,
    "lat": 35.6511,
    "litter_complaint_density": 0.0,
    "lon": -80.5297,
    "npdes_points": 0,
    "pixel_col": 525.0,
    "pixel_row": 1025.0,
    "population_density": 279.7,
    "position_along": 0.5,
    "protected_area_score": 0.0,
    "rank": 26,
    "river_name": "Grants Creek",
    "road_access_m": 148.4,
    "road_access_score": 1.0,
    "road_density_km_km2": 3.321,
    "robustness_pct": 0.0,
    "runoff_coeff_C": null,
    "seasonal_cv": null,
    "segment_id": 31,
    "segment_length_m": 279.3205,
    "snap_dist_m": 3.7,
    "stream_order": 3,
    "superfund_score": 0.0,
    "tourism_amenity_density": 0.3183,
    "tri_facility_density": 0.3884,
    "usgs_mean_q_cfs": null,
    "velocity_feasibility": 1.0,
    "water_intake_score": 0.0
   },
   "type": "Feature"
  },
  {
   "geometry": {
    "coordinates": [
     -80.41251,
     35.671994
    ],
    "type": "Point"
   },
   "properties": {
    "accumulation": 521601.0,
    "bank_slope_deg": 2.76,
    "bank_slope_score": 1.0,
    "beach_dist_km": 289.09,
    "bridge_proximity_bonus": 0.0,
    "catchment_area_km2": 52.0165,
    "channel_width_m": 16.08,
    "channel_width_score": 0.5,
    "composite_score": 44.4106,
    "cso_density": 0.0,
    "dem_lat": 35.672147,
    "dem_lon": -80.412715,
    "ej_index": 0.5339,
    "elevation_m": 194.273,
    "estuary_dist_km": 401.59,
    "feasibility_score": 39.0476,
    "flood_q10_cfs": 2770.83,
    "flow_score": 49.4421,
    "flow_velocity_ms": 0.1506,
    "generation_score": 31.7005,
    "impact_score": 55.6092,
    "impervious_pct": 6.02,
    "land_ownership": 0.5,
    "lat": 35.6721,
    "litter_complaint_density": 0.0,
    "lon": -80.4127,
    "npdes_points": 5,
    "pixel_col": 1584.0,
    "pixel_row": 786.0,
    "population_density": 172.2,
    "position_along": 0.25,
    "protected_area_score": 0.0,
    "rank": 27,
    "river_name": "Crane Creek",
    "road_access_m": 373.3,
    "road_access_score": 0.8,
    "road_density_km_km2": 3.484,
    "robustness_pct": 0.0,
    "runoff_coeff_C": 0.1042,
    "seasonal_cv": 0.4941,
    "segment_id": 76,
    "segment_length_m": 4283.4038,
    "snap_dist_m": 25.1,
    "stream_order": 3,
    "superfund_score": 0.0,
    "tourism_amenity_density": 0.0796,
    "tri_facility_density": 0.0577,
    "usgs_mean_q_cfs": 24.962,
    "velocity_feasibility": 0.7,
    "water_intake_score": 0.0
   },
   "type": "Feature"
  },
  {
   "geometry": {
    "coordinates": [
     -80.4487,
     35.693292
    ],
    "type": "Point"
   },
   "properties": {
    "accumulation": 20199.0,
    "bank_slope_deg": 2.19,
    "bank_slope_score": 1.0,
    "beach_dist_km": 293.02,
    "bridge_proximity_bonus": 0.0,
    "catchment_area_km2": 2.0143,
    "channel_width_m": 4.17,
    "channel_width_score": 1.0,
    "composite_score": 44.3486,
    "cso_density": 0.0,
    "dem_lat": 35.692764,
    "dem_lon": -80.448078,
    "ej_index": 0.5236,
    "elevation_m": 192.8029,
    "estuary_dist_km": 405.09,
    "feasibility_score": 75.2381,
    "flood_q10_cfs": 478.62,
    "flow_score": 22.2158,
    "flow_velocity_ms": 0.0862,
    "generation_score": 39.1286,
    "impact_score": 52.5678,
    "impervious_pct": 23.86,
    "land_ownership": 0.5,
    "lat": 35.6928,
    "litter_complaint_density": 0.0,
    "lon": -80.4481,
    "npdes_points": 0,
    "pixel_col": 1261.0,
    "pixel_row": 557.0,
    "population_density": 406.8,
    "position_along": 0.5,
    "protected_area_score": 0.0,
    "rank": 28,
    "river_name": "Grants Creek",
    "road_access_m": 86.1,
    "road_access_score": 1.0,
    "road_density_km_km2": 5.718,
    "robustness_pct": 0.0,
    "runoff_coeff_C": 0.2647,
    "seasonal_cv": 0.4298,
    "segment_id": 17,
    "segment_length_m": 170.4756,
    "snap_dist_m": 81.3,
    "stream_order": 3,
    "superfund_score": 0.0,
    "tourism_amenity_density": 3.1035,
    "tri_facility_density": 0.0,
    "usgs_mean_q_cfs": 0.92,
    "velocity_feasibility": 0.7,
    "water_intake_score": 0.0
   },
   "type": "Feature"
  },
  {
   "geometry": {
    "coordinates": [
     -80.548208,
     35.640272
    ],
    "type": "Point"
   },
   "properties": {
    "accumulation": 314403.0,
    "bank_slope_deg": 3.55,
    "bank_slope_score": 1.0,
    "beach_dist_km": 297.52,
    "bridge_proximity_bonus": 0.0,
    "catchment_area_km2": 31.3538,
    "channel_width_m": 13.04,
    "channel_width_score": 1.0,
    "composite_score": 43.7875,
    "cso_density": 0.0,
    "dem_lat": 35.640303,
    "dem_lon": -80.548305,
    "ej_index": 0.7034,
    "elevation_m": 206.3739,
    "estuary_dist_km": 413.2,
    "feasibility_score": 75.2381,
    "flood_q10_cfs": 2084.08,
    "flow_score": 45.1059,
    "flow_velocity_ms": 0.1445,
    "generation_score": 33.8593,
    "impact_score": 36.8917,
    "impervious_pct": 5.7,
    "land_ownership": 0.5,
    "lat": 35.6403,
    "litter_complaint_density": 0.0,
    "lon": -80.5483,
    "npdes_points": 4,
    "pixel_col": 356.0,
    "pixel_row": 1144.0,
    "population_density": 238.6,
    "position_along": 0.5,
    "protected_area_score": 0.0,
    "rank": 29,
    "river_name": "Grants Creek",
    "road_access_m": 120.3,
    "road_access_score": 1.0,
    "road_density_km_km2": 3.237,
    "robustness_pct": 0.0,
    "runoff_coeff_C": 0.1013,
    "seasonal_cv": 0.4808,
    "segment_id": 63,
    "segment_length_m": 1088.7426,
    "snap_dist_m": 9.4,
    "stream_order": 3,
    "superfund_score": 0.0,
    "tourism_amenity_density": 0.0,
    "tri_facility_density": 0.1595,
    "usgs_mean_q_cfs": 34.399,
    "velocity_feasibility": 0.7,
    "water_intake_score": 0.0
   },
   "type": "Feature"
  },
  {
   "geometry": {
    "coordinates": [
     -80.509927,
     35.666867
    ],
    "type": "Point"
   },
   "properties": {
    "accumulation": 145166.0,
    "bank_slope_deg": 4.87,
    "bank_slope_score": 1.0,
    "beach_dist_km": 296.14,
    "bridge_proximity_bonus": 0.0,
    "catchment_area_km2": 14.4766,
    "channel_width_m": 9.46,
    "channel_width_score": 1.0,
    "composite_score": 43.7291,
    "cso_density": 0.0,
    "dem_lat": 35.666865,
    "dem_lon": -80.509934,
    "ej_index": 0.864,
    "elevation_m": 200.9168,
    "estuary_dist_km": 410.19,
    "feasibility_score": 50.4762,
    "flood_q10_cfs": 1381.45,
    "flow_score": 38.1026,
    "flow_velocity_ms": 0.048,
    "generation_score": 39.305,
    "impact_score": 49.4686,
    "impervious_pct": 6.92,
    "land_ownership": 0.5,
    "lat": 35.6669,
    "litter_complaint_density": 0.0,
    "lon": -80.5099,
    "npdes_points": 0,
    "pixel_col": 702.0,
    "pixel_row": 847.0,
    "population_density": 460.2,
    "position_along": 0.5,
    "protected_area_score": 0.0,
    "rank": 30,
    "river_name": "Grants Creek",
    "road_access_m": 236.8,
    "road_access_score": 0.8,
    "road_density_km_km2": 4.82,
    "robustness_pct": 0.0,
    "runoff_coeff_C": 0.1123,
    "seasonal_cv": 0.4903,
    "segment_id": 35,
    "segment_length_m": 2613.4526,
    "snap_dist_m": 0.6,
    "stream_order": 3,
    "superfund_score": 0.0,
    "tourism_amenity_density": 0.3183,
    "tri_facility_density": 0.3454,
    "usgs_mean_q_cfs": 40.272,
    "velocity_feasibility": 0.3,
    "water_intake_score": 0.0
   },
   "type": "Feature"
  },
  {
   "geometry": {
    "coordinates": [
     -80.515622,
     35.623097
    ],
    "type": "Point"
   },
   "properties": {
    "accumulation": 148227.0,
    "bank_slope_deg": 8.4,
    "bank_slope_score": 1.0,
    "beach_dist_km": 294.02,
    "bridge_proximity_bonus": 0.2,
    "catchment_area_km2": 14.7819,
    "channel_width_m": 9.54,
    "channel_width_score": 1.0,
    "composite_score": 43.707,
    "cso_density": 0.0,
    "dem_lat": 35.623187,
    "dem_lon": -80.515725,
    "ej_index": 0.5538,
    "elevation_m": 224.0868,
    "estuary_dist_km": 410.03,
    "feasibility_score": 88.5714,
    "flood_q10_cfs": 1478.54,
    "flow_score": 30.5831,
    "flow_velocity_ms": 0.1157,
    "generation_score": 35.5337,
    "impact_score": 40.3847,
    "impervious_pct": 11.0,
    "land_ownership": 0.5,
    "lat": 35.6232,
    "litter_complaint_density": 0.0,
    "lon": -80.5157,
    "npdes_points": 3,
    "pixel_col": 653.0,
    "pixel_row": 1334.0,
    "population_density": 111.3,
    "position_along": 0.1667,
    "protected_area_score": 0.0,
    "rank": 31,
    "river_name": "Town Creek",
    "road_access_m": 153.9,
    "road_access_score": 1.0,
    "road_density_km_km2": 3.465,
    "robustness_pct": 0.0,
    "runoff_coeff_C": 0.149,
    "seasonal_cv": 0.4603,
    "segment_id": 67,
    "segment_length_m": 5434.9026,
    "snap_dist_m": 13.7,
    "stream_order": 3,
    "superfund_score": 0.0,
    "tourism_amenity_density": 0.557,
    "tri_facility_density": 0.3383,
    "usgs_mean_q_cfs": 9.321,
    "velocity_feasibility": 0.7,
    "water_intake_score": 0.0
   },
   "type": "Feature"
  },
  {
   "geometry": {
    "coordinates": [
     -80.394306,
     35.676932
    ],
    "type": "Point"
   },
   "properties": {
    "accumulation": 555358.0,
    "bank_slope_deg": 0.38,
    "bank_slope_score": 1.0,
    "beach_dist_km": 287.96,
    "bridge_proximity_bonus": 0.0,
    "catchment_area_km2": 55.383,
    "channel_width_m": 16.51,
    "channel_width_score": 0.5,
    "composite_score": 42.9002,
    "cso_density": 0.0,
    "dem_lat": 35.676683,
    "dem_lon": -80.394006,
    "ej_index": 0.5262,
    "elevation_m": 190.7824,
    "estuary_dist_km": 399.99,
    "feasibility_score": 39.0476,
    "flood_q10_cfs": 2863.23,
    "flow_score": 49.8186,
    "flow_velocity_ms": 0.0992,
    "generation_score": 23.3898,
    "impact_score": 58.5717,
    "impervious_pct": 5.88,
    "land_ownership": 0.5,
    "lat": 35.6767,
    "litter_complaint_density": 0.0,
    "lon": -80.394,
    "npdes_points": 4,
    "pixel_col": 1753.0,
    "pixel_row": 732.0,
    "population_density": 99.6,
    "position_along": 0.75,
    "protected_area_score": 0.0,
    "rank": 32,
    "river_name": "Crane Creek",
    "road_access_m": 494.3,
    "road_access_score": 0.8,
    "road_density_km_km2": 2.018,
    "robustness_pct": 0.0,
    "runoff_coeff_C": 0.1029,
    "seasonal_cv": 0.4973,
    "segment_id": 76,
    "segment_length_m": 4283.4038,
    "snap_dist_m": 38.7,
    "stream_order": 3,
    "superfund_score": 0.0,
    "tourism_amenity_density": 0.0,
    "tri_facility_density": 0.0542,
    "usgs_mean_q_cfs": 26.592,
    "velocity_feasibility": 0.7,
    "water_intake_score": 0.0
   },
   "type": "Feature"
  },
  {
   "geometry": {
    "coordinates": [
     -80.507975,
     35.634652
    ],
    "type": "Point"
   },
   "properties": {
    "accumulation": 168654.0,
    "bank_slope_deg": 1.17,
    "bank_slope_score": 1.0,
    "beach_dist_km": 294.1,
    "bridge_proximity_bonus": 0.0,
    "catchment_area_km2": 16.819,
    "channel_width_m": 10.07,
    "channel_width_score": 1.0,
    "composite_score": 42.762,
    "cso_density": 0.0,
    "dem_lat": 35.634719,
    "dem_lon": -80.508072,
    "ej_index": 0.6396,
    "elevation_m": 220.996,
    "estuary_dist_km": 409.52,
    "feasibility_score": 56.1905,
    "flood_q10_cfs": 1588.15,
    "flow_score": 31.4521,
    "flow_velocity_ms": 0.113,
    "generation_score": 44.7303,
    "impact_score": 43.5046,
    "impervious_pct": 11.0,
    "land_ownership": 0.5,
    "lat": 35.6347,
    "litter_complaint_density": 0.0,
    "lon": -80.5081,
    "npdes_points": 4,
    "pixel_col": 722.0,
    "pixel_row": 1207.0,
    "population_density": 178.0,
    "position_along": 0.5,
    "protected_area_score": 0.0,
    "rank": 33,
    "river_name": "Town Creek",
    "road_access_m": 503.4,
    "road_access_score": 0.6,
    "road_density_km_km2": 4.157,
    "robustness_pct": 0.0,
    "runoff_coeff_C": 0.149,
    "seasonal_cv": 0.4603,
    "segment_id": 67,
    "segment_length_m": 5434.9026,
    "snap_dist_m": 11.5,
    "stream_order": 3,
    "superfund_score": 0.0,
    "tourism_amenity_density": 0.1592,
    "tri_facility_density": 0.4162,
    "usgs_mean_q_cfs": 9.321,
    "velocity_feasibility": 0.7,
    "water_intake_score": 0.0
   },
   "type": "Feature"
  },
  {
   "geometry": {
    "coordinates": [
     -80.426097,
     35.661358
    ],
    "type": "Point"
   },
   "properties": {
    "accumulation": 476702.0,
    "bank_slope_deg": 2.99,
    "bank_slope_score": 1.0,
    "beach_dist_km": 289.46,
    "bridge_proximity_bonus": 0.0,
    "catchment_area_km2": 47.539,
    "channel_width_m": 15.49,
    "channel_width_score": 0.5,
    "composite_score": 42.2102,
    "cso_density": 0.0,
    "dem_lat": 35.66116,
    "dem_lon": -80.426456,
    "ej_index": 0.5353,
    "elevation_m": 199.2005,
    "estuary_dist_km": 402.63,
    "feasibility_score": 33.3333,
    "flood_q10_cfs": 2648.12,
    "flow_score": 37.6248,
    "flow_velocity_ms": 0.0091,
    "generation_score": 38.6935,
    "impact_score": 53.9864,
    "impervious_pct": 6.35,
    "land_ownership": 0.5,
    "lat": 35.6612,
    "litter_complaint_density": 0.0,
    "lon": -80.4265,
    "npdes_points": 5,
    "pixel_col": 1460.0,
    "pixel_row": 908.0,
    "population_density": 255.3,
    "position_along": 0.5,
    "protected_area_score": 0.0,
    "rank": 34,
    "river_name": "Crane Creek",
    "road_access_m": 189.5,
    "road_access_score": 1.0,
    "road_density_km_km2": 4.828,
    "robustness_pct": 0.0,
    "runoff_coeff_C": 0.1071,
    "seasonal_cv": 0.4315,
    "segment_id": 75,
    "segment_length_m": 2267.9492,
    "snap_dist_m": 39.2,
    "stream_order": 3,
    "superfund_score": 0.0,
    "tourism_amenity_density": 0.1592,
    "tri_facility_density": 0.1052,
    "usgs_mean_q_cfs": 0.068,
    "velocity_feasibility": 0.3,
    "water_intake_score": 0.0
   },
   "type": "Feature"
  },
  {
   "geometry": {
    "coordinates": [
     -80.40266,
     35.593612
    ],
    "type": "Point"
   },
   "properties": {
    "accumulation": 140533.0,
    "bank_slope_deg": 0.67,
    "bank_slope_score": 1.0,
    "beach_dist_km": 283.61,
    "bridge_proximity_bonus": 0.0,
    "catchment_area_km2": 14.0146,
    "channel_width_m": 9.33,
    "channel_width_score": 1.0,
    "composite_score": 42.1527,
    "cso_density": 0.0,
    "dem_lat": 35.59366,
    "dem_lon": -80.40279,
    "ej_index": 0.3294,
    "elevation_m": 214.083,
    "estuary_dist_km": 399.48,
    "feasibility_score": 75.2381,
    "flood_q10_cfs": 1316.05,
    "flow_score": 28.8152,
    "flow_velocity_ms": 0.1086,
    "generation_score": 20.6324,
    "impact_score": 58.245,
    "impervious_pct": 4.71,
    "land_ownership": 0.5,
    "lat": 35.5937,
    "litter_complaint_density": 0.0,
    "lon": -80.4028,
    "npdes_points": 3,
    "pixel_col": 1679.0,
    "pixel_row": 1656.0,
    "population_density": 105.1,
    "position_along": 0.375,
    "protected_area_score": 0.0,
    "rank": 35,
    "river_name": "Church Creek",
    "road_access_m": 108.8,
    "road_access_score": 1.0,
    "road_density_km_km2": 2.254,
    "robustness_pct": 0.0,
    "runoff_coeff_C": 0.0924,
    "seasonal_cv": 0.4606,
    "segment_id": 78,
    "segment_length_m": 7015.5657,
    "snap_dist_m": 12.9,
    "stream_order": 3,
    "superfund_score": 0.0,
    "tourism_amenity_density": 0.9549,
    "tri_facility_density": 0.0714,
    "usgs_mean_q_cfs": 9.78,
    "velocity_feasibility": 0.7,
    "water_intake_score": 0.0
   },
   "type": "Feature"
  },
  {
   "geometry": {
    "coordinates": [
     -80.522953,
     35.65473
    ],
    "type": "Point"
   },
   "properties": {
    "accumulation": 85328.0,
    "bank_slope_deg": 3.88,
    "bank_slope_score": 1.0,
    "beach_dist_km": 296.44,
    "bridge_proximity_bonus": 0.0,
    "catchment_area_km2": 8.5093,
    "channel_width_m": 7.59,
    "channel_width_score": 1.0,
    "composite_score": 42.1234,
    "cso_density": 0.0,
    "dem_lat": 35.654834,
    "dem_lon": -80.523129,
    "ej_index": 0.8153,
    "elevation_m": 203.2027,
    "estuary_dist_km": 411.17,
    "feasibility_score": 77.1429,
    "flood_q10_cfs": 935.38,
    "flow_score": 44.1249,
    "flow_velocity_ms": 0.5,
    "generation_score": 19.1795,
    "impact_score": 45.8896,
    "impervious_pct": null,
    "land_ownership": 0.5,
    "lat": 35.6548,
    "litter_complaint_density": 0.0,
    "lon": -80.5231,
    "npdes_points": 0,
    "pixel_col": 585.0,
    "pixel_row": 981.0,
    "population_density": 314.0,
    "position_along": 0.5,
    "protected_area_score": 0.0,
    "rank": 36,
    "river_name": "Grants Creek",
    "road_access_m": 319.6,
    "road_access_score": 0.8,
    "road_density_km_km2": 3.201,
    "robustness_pct": 0.0,
    "runoff_coeff_C": null,
    "seasonal_cv": null,
    "segment_id": 34,
    "segment_length_m": 1552.9553,
    "snap_dist_m": 19.7,
    "stream_order": 3,
    "superfund_score": 0.0,
    "tourism_amenity_density": 0.3183,
    "tri_facility_density": 0.1175,
    "usgs_mean_q_cfs": null,
    "velocity_feasibility": 1.0,
    "water_intake_score": 0.0
   },
   "type": "Feature"
  },
  {
   "geometry": {
    "coordinates": [
     -80.530155,
     35.648851
    ],
    "type": "Point"
   },
   "properties": {
    "accumulation": 23008.0,
    "bank_slope_deg": 1.87,
    "bank_slope_score": 1.0,
    "beach_dist_km": 296.63,
    "bridge_proximity_bonus": 0.0,
    "catchment_area_km2": 2.2945,
    "channel_width_m": 4.4,
    "channel_width_score": 1.0,
    "composite_score": 41.6589,
    "cso_density": 0.0,
    "ej_index": 0.8806,
    "elevation_m": 205.4223,
    "estuary_dist_km": 411.71,
    "feasibility_score": 75.2381,
    "flood_q10_cfs": 456.27,
    "flow_score": 21.064,
    "flow_velocity_ms": 0.0858,
    "generation_score": 36.2211,
    "impact_score": 47.4693,
    "impervious_pct": 15.52,
    "land_ownership": 0.5,
    "lat": 35.6489,
    "litter_complaint_density": 0.0,
    "lon": -80.5302,
    "npdes_points": 0,
    "pixel_col": 518.0,
    "pixel_row": 1048.0,
    "population_density": 238.1,
    "position_along": 0.5,
    "protected_area_score": 0.0,
    "rank": 37,
    "river_name": "Grants Creek",
    "road_access_m": 109.9,
    "road_access_score": 1.0,
    "road_density_km_km2": 2.669,
    "robustness_pct": 0.0,
    "runoff_coeff_C": 0.1897,
    "seasonal_cv": 0.4302,
    "segment_id": 33,
    "segment_length_m": 1013.5771,
    "stream_order": 3,
    "superfund_score": 0.0,
    "tourism_amenity_density": 0.3183,
    "tri_facility_density": 0.4358,
    "usgs_mean_q_cfs": 1.093,
    "velocity_feasibility": 0.7,
    "water_intake_score": 0.0
   },
   "type": "Feature"
  },
  {
   "geometry": {
    "coordinates": [
     -80.466304,
     35.612254
    ],
    "type": "Point"
   },
   "properties": {
    "accumulation": 257623.0,
    "bank_slope_deg": 2.16,
    "bank_slope_score": 1.0,
    "beach_dist_km": 289.58,
    "bridge_proximity_bonus": 0.0,
    "catchment_area_km2": 25.6914,
    "channel_width_m": 12.0,
    "channel_width_score": 1.0,
    "composite_score": 41.4866,
    "cso_density": 0.0,
    "dem_lat": 35.612272,
    "dem_lon": -80.466312,
    "ej_index": 0.4943,
    "elevation_m": 217.2517,
    "estuary_dist_km": 405.44,
    "feasibility_score": 65.7143,
    "flood_q10_cfs": 1833.67,
    "flow_score": 35.6427,
    "flow_velocity_ms": 0.1242,
    "generation_score": 24.7017,
    "impact_score": 51.0277,
    "impervious_pct": 4.42,
    "land_ownership": 0.5,
    "lat": 35.6123,
    "litter_complaint_density": 0.0,
    "lon": -80.4663,
    "npdes_points": 2,
    "pixel_col": 1102.0,
    "pixel_row": 1453.0,
    "population_density": 293.8,
    "position_along": 0.25,
    "protected_area_score": 0.0,
    "rank": 38,
    "river_name": "Crane Creek",
    "road_access_m": 249.0,
    "road_access_score": 0.8,
    "road_density_km_km2": 3.788,
    "robustness_pct": 0.0,
    "runoff_coeff_C": 0.0898,
    "seasonal_cv": 0.4707,
    "segment_id": 73,
    "segment_length_m": 3129.3098,
    "snap_dist_m": 2.2,
    "stream_order": 3,
    "superfund_score": 0.0,
    "tourism_amenity_density": 1.4324,
    "tri_facility_density": 0.0,
    "usgs_mean_q_cfs": 15.101,
    "velocity_feasibility": 0.7,
    "water_intake_score": 0.0
   },
   "type": "Feature"
  },
  {
   "geometry": {
    "coordinates": [
     -80.550011,
     35.635592
    ],
    "type": "Point"
   },
   "properties": {
    "accumulation": 259645.0,
    "bank_slope_deg": 2.34,
    "bank_slope_score": 1.0,
    "beach_dist_km": 297.39,
    "bridge_proximity_bonus": 0.0,
    "catchment_area_km2": 25.893,
    "channel_width_m": 12.04,
    "channel_width_score": 1.0,
    "composite_score": 41.3265,
    "cso_density": 0.0,
    "dem_lat": 35.635607,
    "dem_lon": -80.550162,
    "ej_index": 0.7215,
    "elevation_m": 207.1764,
    "estuary_dist_km": 413.3,
    "feasibility_score": 56.1905,
    "flood_q10_cfs": 1874.74,
    "flow_score": 40.5039,
    "flow_velocity_ms": 0.0741,
    "generation_score": 38.3151,
    "impact_score": 37.5915,
    "impervious_pct": 5.71,
    "land_ownership": 0.5,
    "lat": 35.6356,
    "litter_complaint_density": 0.0,
    "lon": -80.5502,
    "npdes_points": 5,
    "pixel_col": 339.0,
    "pixel_row": 1196.0,
    "population_density": 248.0,
    "position_along": 0.5,
    "protected_area_score": 0.0,
    "rank": 39,
    "river_name": "Grants Creek",
    "road_access_m": 514.8,
    "road_access_score": 0.6,
    "road_density_km_km2": 3.193,
    "robustness_pct": 0.0,
    "runoff_coeff_C": 0.1014,
    "seasonal_cv": 0.4763,
    "segment_id": 62,
    "segment_length_m": 579.6171,
    "snap_dist_m": 13.7,
    "stream_order": 3,
    "superfund_score": 0.0,
    "tourism_amenity_density": 0.0,
    "tri_facility_density": 0.1931,
    "usgs_mean_q_cfs": 31.733,
    "velocity_feasibility": 0.7,
    "water_intake_score": 0.0
   },
   "type": "Feature"
  },
  {
   "geometry": {
    "coordinates": [
     -80.416431,
     35.590266
    ],
    "type": "Point"
   },
   "properties": {
    "accumulation": 89491.0,
    "bank_slope_deg": 0.74,
    "bank_slope_score": 1.0,
    "beach_dist_km": 284.44,
    "bridge_proximity_bonus": 0.0,
    "catchment_area_km2": 8.9245,
    "channel_width_m": 7.74,
    "channel_width_score": 1.0,
    "composite_score": 41.2381,
    "cso_density": 0.0,
    "dem_lat": 35.590031,
    "dem_lon": -80.416313,
    "ej_index": 0.3682,
    "elevation_m": 218.3513,
    "estuary_dist_km": 400.64,
    "feasibility_score": 65.7143,
    "flood_q10_cfs": 1035.64,
    "flow_score": 25.5335,
    "flow_velocity_ms": 0.1061,
    "generation_score": 25.7347,
    "impact_score": 57.5905,
    "impervious_pct": 5.46,
    "land_ownership": 0.5,
    "lat": 35.59,
    "litter_complaint_density": 0.0,
    "lon": -80.4163,
    "npdes_points": 3,
    "pixel_col": 1557.0,
    "pixel_row": 1698.0,
    "population_density": 152.8,
    "position_along": 0.125,
    "protected_area_score": 0.0,
    "rank": 40,
    "river_name": "Church Creek",
    "road_access_m": 267.9,
    "road_access_score": 0.8,
    "road_density_km_km2": 3.208,
    "robustness_pct": 0.0,
    "runoff_coeff_C": 0.0991,
    "seasonal_cv": 0.4476,
    "segment_id": 78,
    "segment_length_m": 7015.5657,
    "snap_dist_m": 28.2,
    "stream_order": 3,
    "superfund_score": 0.0,
    "tourism_amenity_density": 1.1141,
    "tri_facility_density": 0.1121,
    "usgs_mean_q_cfs": 6.218,
    "velocity_feasibility": 0.7,
    "water_intake_score": 0.0
   },
   "type": "Feature"
  },
  {
   "geometry": {
    "coordinates": [
     -80.515865,
     35.679872
    ],
    "type": "Point"
   },
   "properties": {
    "accumulation": 58981.0,
    "bank_slope_deg": 0.56,
    "bank_slope_score": 1.0,
    "beach_dist_km": 297.37,
    "bridge_proximity_bonus": 0.0,
    "catchment_area_km2": 5.8819,
    "channel_width_m": 6.51,
    "channel_width_score": 1.0,
    "composite_score": 40.71,
    "cso_density": 0.0,
    "ej_index": 0.9452,
    "elevation_m": 204.2944,
    "estuary_dist_km": 410.93,
    "feasibility_score": 75.2381,
    "flood_q10_cfs": 881.62,
    "flow_score": 23.9353,
    "flow_velocity_ms": 0.1054,
    "generation_score": 28.0128,
    "impact_score": 50.122,
    "impervious_pct": 12.62,
    "land_ownership": 0.5,
    "lat": 35.6799,
    "litter_complaint_density": 0.0,
    "lon": -80.5159,
    "npdes_points": 0,
    "pixel_col": 649.0,
    "pixel_row": 707.0,
    "population_density": 281.7,
    "position_along": 0.75,
    "protected_area_score": 0.0,
    "rank": 41,
    "river_name": "Draft Branch",
    "road_access_m": 40.3,
    "road_access_score": 1.0,
    "road_density_km_km2": 3.055,
    "robustness_pct": 0.0,
    "runoff_coeff_C": 0.1636,
    "seasonal_cv": 0.4501,
    "segment_id": 16,
    "segment_length_m": 4248.8425,
    "stream_order": 3,
    "superfund_score": 0.0,
    "tourism_amenity_density": 0.2387,
    "tri_facility_density": 0.17,
    "usgs_mean_q_cfs": 2.773,
    "velocity_feasibility": 0.7,
    "water_intake_score": 0.0
   },
   "type": "Feature"
  },
  {
   "geometry": {
    "coordinates": [
     -80.551338,
     35.630403
    ],
    "type": "Point"
   },
   "properties": {
    "accumulation": 236184.0,
    "bank_slope_deg": 4.19,
    "bank_slope_score": 1.0,
    "beach_dist_km": 297.19,
    "bridge_proximity_bonus": 0.0,
    "catchment_area_km2": 23.5534,
    "channel_width_m": 11.58,
    "channel_width_score": 1.0,
    "composite_score": 40.2439,
    "cso_density": 0.0,
    "dem_lat": 35.630429,
    "dem_lon": -80.551426,
    "ej_index": 0.7139,
    "elevation_m": 207.3554,
    "estuary_dist_km": 413.33,
    "feasibility_score": 65.7143,
    "flood_q10_cfs": 1778.94,
    "flow_score": 39.1627,
    "flow_velocity_ms": 0.0542,
    "generation_score": 31.1886,
    "impact_score": 37.465,
    "impervious_pct": 5.71,
    "land_ownership": 0.5,
    "lat": 35.6304,
    "litter_complaint_density": 0.0,
    "lon": -80.5514,
    "npdes_points": 4,
    "pixel_col": 328.0,
    "pixel_row": 1254.0,
    "population_density": 236.0,
    "position_along": 0.5,
    "protected_area_score": 0.0,
    "rank": 42,
    "river_name": "Grants Creek",
    "road_access_m": 229.4,
    "road_access_score": 0.8,
    "road_density_km_km2": 3.11,
    "robustness_pct": 0.0,
    "runoff_coeff_C": 0.1014,
    "seasonal_cv": 0.4763,
    "segment_id": 61,
    "segment_length_m": 662.6397,
    "snap_dist_m": 8.5,
    "stream_order": 3,
    "superfund_score": 0.0,
    "tourism_amenity_density": 0.0,
    "tri_facility_density": 0.0849,
    "usgs_mean_q_cfs": 31.733,
    "velocity_feasibility": 0.7,
    "water_intake_score": 0.0
   },
   "type": "Feature"
  },
  {
   "geometry": {
    "coordinates": [
     -80.516367,
     35.67388
    ],
    "type": "Point"
   },
   "properties": {
    "accumulation": 148511.0,
    "bank_slope_deg": 1.89,
    "bank_slope_score": 1.0,
    "beach_dist_km": 297.05,
    "bridge_proximity_bonus": 0.0,
    "catchment_area_km2": 14.8102,
    "channel_width_m": 9.55,
    "channel_width_score": 1.0,
    "composite_score": 39.956,
    "cso_density": 0.0,
    "dem_lat": 35.6738,
    "dem_lon": -80.516369,
    "ej_index": 0.874,
    "elevation_m": 202.1993,
    "estuary_dist_km": 410.87,
    "feasibility_score": 65.7143,
    "flood_q10_cfs": 1361.24,
    "flow_score": 28.4957,
    "flow_velocity_ms": 0.1088,
    "generation_score": 29.1414,
    "impact_score": 47.4416,
    "impervious_pct": 4.94,
    "land_ownership": 0.5,
    "lat": 35.6738,
    "litter_complaint_density": 0.0,
    "lon": -80.5164,
    "npdes_points": 0,
    "pixel_col": 645.0,
    "pixel_row": 773.0,
    "population_density": 342.8,
    "position_along": 0.5,
    "protected_area_score": 0.0,
    "rank": 43,
    "river_name": "Draft Branch",
    "road_access_m": 249.0,
    "road_access_score": 0.8,
    "road_density_km_km2": 3.592,
    "robustness_pct": 0.0,
    "runoff_coeff_C": 0.0945,
    "seasonal_cv": 0.4722,
    "segment_id": 25,
    "segment_length_m": 1670.9549,
    "snap_dist_m": 8.9,
    "stream_order": 3,
    "superfund_score": 0.0,
    "tourism_amenity_density": 0.0796,
    "tri_facility_density": 0.2701,
    "usgs_mean_q_cfs": 8.303,
    "velocity_feasibility": 0.7,
    "water_intake_score": 0.0
   },
   "type": "Feature"
  },
  {
   "geometry": {
    "coordinates": [
     -80.534954,
     35.650921
    ],
    "type": "Point"
   },
   "properties": {
    "accumulation": 27738.0,
    "bank_slope_deg": 0.38,
    "bank_slope_score": 1.0,
    "beach_dist_km": 297.12,
    "bridge_proximity_bonus": 0.0,
    "catchment_area_km2": 2.7662,
    "channel_width_m": 4.76,
    "channel_width_score": 1.0,
    "composite_score": 39.7334,
    "cso_density": 0.0,
    "ej_index": 0.8122,
    "elevation_m": 204.708,
    "estuary_dist_km": 412.17,
    "feasibility_score": 77.1429,
    "flood_q10_cfs": 400.37,
    "flow_score": 40.5163,
    "flow_velocity_ms": 0.5,
    "generation_score": 16.4565,
    "impact_score": 43.6532,
    "impervious_pct": null,
    "land_ownership": 0.5,
    "lat": 35.6509,
    "litter_complaint_density": 0.0,
    "lon": -80.535,
    "npdes_points": 0,
    "pixel_col": 478.0,
    "pixel_row": 1026.0,
    "population_density": 326.3,
    "position_along": 0.5,
    "protected_area_score": 0.0,
    "rank": 44,
    "river_name": "Grants Creek",
    "road_access_m": 295.7,
    "road_access_score": 0.8,
    "road_density_km_km2": 3.57,
    "robustness_pct": 0.0,
    "runoff_coeff_C": null,
    "seasonal_cv": null,
    "segment_id": 30,
    "segment_length_m": 958.5059,
    "stream_order": 3,
    "superfund_score": 0.0,
    "tourism_amenity_density": 0.3183,
    "tri_facility_density": 0.0,
    "usgs_mean_q_cfs": null,
    "velocity_feasibility": 1.0,
    "water_intake_score": 0.0
   },
   "type": "Feature"
  },
  {
   "geometry": {
    "coordinates": [
     -80.450813,
     35.624678
    ],
    "type": "Point"
   },
   "properties": {
    "accumulation": 29269.0,
    "bank_slope_deg": 3.34,
    "bank_slope_score": 1.0,
    "beach_dist_km": 289.12,
    "bridge_proximity_bonus": 0.0,
    "catchment_area_km2": 2.9188,
    "channel_width_m": 4.87,
    "channel_width_score": 1.0,
    "composite_score": 39.4423,
    "cso_density": 0.0,
    "ej_index": 0.3939,
    "elevation_m": 215.9968,
    "estuary_dist_km": 404.24,
    "feasibility_score": 75.2381,
    "flood_q10_cfs": 508.34,
    "flow_score": 21.1584,
    "flow_velocity_ms": 0.0916,
    "generation_score": 26.7615,
    "impact_score": 49.4617,
    "impervious_pct": 11.33,
    "land_ownership": 0.5,
    "lat": 35.6247,
    "litter_complaint_density": 0.0,
    "lon": -80.4508,
    "npdes_points": 0,
    "pixel_col": 1239.0,
    "pixel_row": 1313.0,
    "population_density": 368.8,
    "position_along": 0.5,
    "protected_area_score": 0.0,
    "rank": 45,
    "river_name": "Crane Creek",
    "road_access_m": 36.5,
    "road_access_score": 1.0,
    "road_density_km_km2": 4.175,
    "robustness_pct": 0.0,
    "runoff_coeff_C": 0.152,
    "seasonal_cv": 0.4276,
    "segment_id": 49,
    "segment_length_m": 1246.0992,
    "stream_order": 3,
    "superfund_score": 0.0,
    "tourism_amenity_density": 1.512,
    "tri_facility_density": 0.0,
    "usgs_mean_q_cfs": 1.487,
    "velocity_feasibility": 0.7,
    "water_intake_score": 0.0
   },
   "type": "Feature"
  },
  {
   "geometry": {
    "coordinates": [
     -80.390875,
     35.615816
    ],
    "type": "Point"
   },
   "properties": {
    "accumulation": 181460.0,
    "bank_slope_deg": 1.23,
    "bank_slope_score": 1.0,
    "beach_dist_km": 284.03,
    "bridge_proximity_bonus": 0.0,
    "catchment_area_km2": 18.0961,
    "channel_width_m": 10.38,
    "channel_width_score": 1.0,
    "composite_score": 39.3676,
    "cso_density": 0.0,
    "dem_lat": 35.61582,
    "dem_lon": -80.391047,
    "ej_index": 0.3939,
    "elevation_m": 201.2769,
    "estuary_dist_km": 398.75,
    "feasibility_score": 75.2381,
    "flood_q10_cfs": 1516.2,
    "flow_score": 31.2199,
    "flow_velocity_ms": 0.1342,
    "generation_score": 8.2805,
    "impact_score": 59.3091,
    "impervious_pct": 4.71,
    "land_ownership": 0.5,
    "lat": 35.6158,
    "litter_complaint_density": 0.0,
    "lon": -80.391,
    "npdes_points": 0,
    "pixel_col": 1782.0,
    "pixel_row": 1408.0,
    "population_density": 86.5,
    "position_along": 0.875,
    "protected_area_score": 0.0,
    "rank": 46,
    "river_name": "Church Creek",
    "road_access_m": 179.0,
    "road_access_score": 1.0,
    "road_density_km_km2": 1.005,
    "robustness_pct": 0.0,
    "runoff_coeff_C": 0.0924,
    "seasonal_cv": 0.4606,
    "segment_id": 78,
    "segment_length_m": 7015.5657,
    "snap_dist_m": 15.6,
    "stream_order": 3,
    "superfund_score": 0.0,
    "tourism_amenity_density": 0.0,
    "tri_facility_density": 0.0553,
    "usgs_mean_q_cfs": 9.78,
    "velocity_feasibility": 0.7,
    "water_intake_score": 0.0
   },
   "type": "Feature"
  },
  {
   "geometry": {
    "coordinates": [
     -80.532471,
     35.650439
    ],
    "type": "Point"
   },
   "properties": {
    "accumulation": 20620.0,
    "bank_slope_deg": 4.61,
    "bank_slope_score": 1.0,
    "beach_dist_km": 296.9,
    "bridge_proximity_bonus": 0.0,
    "catchment_area_km2": 2.0563,
    "channel_width_m": 4.21,
    "channel_width_score": 1.0,
    "composite_score": 39.3307,
    "cso_density": 0.0,
    "dem_lat": 35.650483,
    "dem_lon": -80.532503,
    "ej_index": 0.8349,
    "elevation_m": 203.8576,
    "estuary_dist_km": 411.94,
    "feasibility_score": 77.1429,
    "flood_q10_cfs": 320.19,
    "flow_score": 40.0095,
    "flow_velocity_ms": 0.5,
    "generation_score": 14.1014,
    "impact_score": 45.0884,
    "impervious_pct": null,
    "land_ownership": 0.5,
    "lat": 35.6505,
    "litter_complaint_density": 0.0,
    "lon": -80.5325,
    "npdes_points": 0,
    "pixel_col": 500.0,
    "pixel_row": 1032.0,
    "population_density": 297.0,
    "position_along": 0.5,
    "protected_area_score": 0.0,
    "rank": 47,
    "river_name": "Grants Creek",
    "road_access_m": 245.3,
    "road_access_score": 0.8,
    "road_density_km_km2": 2.762,
    "robustness_pct": 0.0,
    "runoff_coeff_C": null,
    "seasonal_cv": null,
    "segment_id": 29,
    "segment_length_m": 286.8836,
    "snap_dist_m": 5.7,
    "stream_order": 3,
    "superfund_score": 0.0,
    "tourism_amenity_density": 0.3183,
    "tri_facility_density": 0.0,
    "usgs_mean_q_cfs": null,
    "velocity_feasibility": 1.0,
    "water_intake_score": 0.0
   },
   "type": "Feature"
  },
  {
   "geometry": {
    "coordinates": [
     -80.49857,
     35.697371
    ],
    "type": "Point"
   },
   "properties": {
    "accumulation": 57941.0,
    "bank_slope_deg": 5.81,
    "bank_slope_score": 1.0,
    "beach_dist_km": 297.11,
    "bridge_proximity_bonus": 0.0,
    "catchment_area_km2": 5.7782,
    "channel_width_m": 6.46,
    "channel_width_score": 1.0,
    "composite_score": 39.1796,
    "cso_density": 0.0,
    "dem_lat": 35.697322,
    "dem_lon": -80.498605,
    "ej_index": 0.3765,
    "elevation_m": 200.5452,
    "estuary_dist_km": 409.68,
    "feasibility_score": 75.2381,
    "flood_q10_cfs": 808.66,
    "flow_score": 23.3445,
    "flow_velocity_ms": 0.1183,
    "generation_score": 36.7298,
    "impact_score": 36.796,
    "impervious_pct": 8.45,
    "land_ownership": 0.5,
    "lat": 35.6973,
    "litter_complaint_density": 0.0,
    "lon": -80.4986,
    "npdes_points": 0,
    "pixel_col": 804.0,
    "pixel_row": 511.0,
    "population_density": 480.2,
    "position_along": 0.5,
    "protected_area_score": 0.0,
    "rank": 48,
    "river_name": "Jump and Run Branch",
    "road_access_m": 188.3,
    "road_access_score": 1.0,
    "road_density_km_km2": 5.557,
    "robustness_pct": 0.0,
    "runoff_coeff_C": 0.126,
    "seasonal_cv": 0.4569,
    "segment_id": 13,
    "segment_length_m": 2071.9453,
    "snap_dist_m": 6.3,
    "stream_order": 3,
    "superfund_score": 0.0,
    "tourism_amenity_density": 3.4218,
    "tri_facility_density": 0.1731,
    "usgs_mean_q_cfs": 3.238,
    "velocity_feasibility": 0.7,
    "water_intake_score": 0.0
   },
   "type": "Feature"
  },
  {
   "geometry": {
    "coordinates": [
     -80.554701,
     35.622786
    ],
    "type": "Point"
   },
   "properties": {
    "accumulation": 165057.0,
    "bank_slope_deg": 0.61,
    "bank_slope_score": 1.0,
    "beach_dist_km": 297.05,
    "bridge_proximity_bonus": 0.0,
    "catchment_area_km2": 16.4603,
    "channel_width_m": 9.98,
    "channel_width_score": 1.0,
    "composite_score": 39.0985,
    "cso_density": 0.0,
    "dem_lat": 35.622987,
    "dem_lon": -80.555091,
    "ej_index": 0.7066,
    "elevation_m": 208.9819,
    "estuary_dist_km": 413.55,
    "feasibility_score": 65.7143,
    "flood_q10_cfs": 1480.83,
    "flow_score": 34.9762,
    "flow_velocity_ms": 0.1312,
    "generation_score": 31.3034,
    "impact_score": 37.021,
    "impervious_pct": 6.8,
    "land_ownership": 0.5,
    "lat": 35.623,
    "litter_complaint_density": 0.0,
    "lon": -80.5551,
    "npdes_points": 4,
    "pixel_col": 296.0,
    "pixel_row": 1337.0,
    "population_density": 244.8,
    "position_along": 0.5,
    "protected_area_score": 0.0,
    "rank": 49,
    "river_name": "Grants Creek",
    "road_access_m": 318.7,
    "road_access_score": 0.8,
    "road_density_km_km2": 2.977,
    "robustness_pct": 0.0,
    "runoff_coeff_C": 0.1112,
    "seasonal_cv": 0.4625,
    "segment_id": 60,
    "segment_length_m": 1666.6463,
    "snap_dist_m": 41.8,
    "stream_order": 3,
    "superfund_score": 0.0,
    "tourism_amenity_density": 0.0,
    "tri_facility_density": 0.0608,
    "usgs_mean_q_cfs": 21.742,
    "velocity_feasibility": 0.7,
    "water_intake_score": 0.0
   },
   "type": "Feature"
  },
  {
   "geometry": {
    "coordinates": [
     -80.470728,
     35.698946
    ],
    "type": "Point"
   },
   "properties": {
    "accumulation": 57894.0,
    "bank_slope_deg": 0.84,
    "bank_slope_score": 1.0,
    "beach_dist_km": 295.11,
    "bridge_proximity_bonus": 0.0,
    "catchment_area_km2": 5.7735,
    "channel_width_m": 6.46,
    "channel_width_score": 1.0,
    "composite_score": 38.8175,
    "cso_density": 0.0,
    "ej_index": 0.4865,
    "elevation_m": 198.2706,
    "estuary_dist_km": 407.22,
    "feasibility_score": 75.2381,
    "flood_q10_cfs": 805.49,
    "flow_score": 23.0102,
    "flow_velocity_ms": 0.1107,
    "generation_score": 23.6228,
    "impact_score": 48.9746,
    "impervious_pct": 8.26,
    "land_ownership": 0.5,
    "lat": 35.6989,
    "litter_complaint_density": 0.0,
    "lon": -80.4707,
    "npdes_points": 0,
    "pixel_col": 1055.0,
    "pixel_row": 493.0,
    "population_density": 294.3,
    "position_along": 0.5,
    "protected_area_score": 0.0,
    "rank": 50,
    "river_name": "Grants Creek",
    "road_access_m": 73.8,
    "road_access_score": 1.0,
    "road_density_km_km2": 5.398,
    "robustness_pct": 0.0,
    "runoff_coeff_C": 0.1243,
    "seasonal_cv": 0.4514,
    "segment_id": 12,
    "segment_length_m": 1538.7109,
    "stream_order": 3,
    "superfund_score": 0.0,
    "tourism_amenity_density": 4.5359,
    "tri_facility_density": 0.0,
    "usgs_mean_q_cfs": 2.596,
    "velocity_feasibility": 0.7,
    "water_intake_score": 0.0
   },
   "type": "Feature"
  },
  {
   "geometry": {
    "coordinates": [
     -80.392747,
     35.622693
    ],
    "type": "Point"
   },
   "properties": {
    "accumulation": 224242.0,
    "bank_slope_deg": 1.0,
    "bank_slope_score": 1.0,
    "beach_dist_km": 284.59,
    "bridge_proximity_bonus": 0.0,
    "catchment_area_km2": 22.3625,
    "channel_width_m": 11.33,
    "channel_width_score": 1.0,
    "composite_score": 38.1368,
    "cso_density": 0.0,
    "dem_lat": 35.62271,
    "dem_lon": -80.39287,
    "ej_index": 0.4299,
    "elevation_m": 199.2794,
    "estuary_dist_km": 399.02,
    "feasibility_score": 65.7143,
    "flood_q10_cfs": 1698.0,
    "flow_score": 33.913,
    "flow_velocity_ms": 0.1267,
    "generation_score": 6.2654,
    "impact_score": 59.7393,
    "impervious_pct": 4.42,
    "land_ownership": 0.5,
    "lat": 35.6227,
    "litter_complaint_density": 0.0,
    "lon": -80.3929,
    "npdes_points": 0,
    "pixel_col": 1766.0,
    "pixel_row": 1332.0,
    "population_density": 82.2,
    "position_along": 0.5,
    "protected_area_score": 0.0,
    "rank": 51,
    "river_name": "Church Creek",
    "road_access_m": 401.7,
    "road_access_score": 0.8,
    "road_density_km_km2": 1.083,
    "robustness_pct": 0.0,
    "runoff_coeff_C": 0.0898,
    "seasonal_cv": 0.4728,
    "segment_id": 79,
    "segment_length_m": 103.9987,
    "snap_dist_m": 11.3,
    "stream_order": 3,
    "superfund_score": 0.0,
    "tourism_amenity_density": 0.0,
    "tri_facility_density": 0.0,
    "usgs_mean_q_cfs": 13.894,
    "velocity_feasibility": 0.7,
    "water_intake_score": 0.0
   },
   "type": "Feature"
  },
  {
   "geometry": {
    "coordinates": [
     -80.385226,
     35.634294
    ],
    "type": "Point"
   },
   "properties": {
    "accumulation": 350078.0,
    "bank_slope_deg": 3.0,
    "bank_slope_score": 1.0,
    "beach_dist_km": 284.71,
    "bridge_proximity_bonus": 0.0,
    "catchment_area_km2": 34.9115,
    "channel_width_m": 13.63,
    "channel_width_score": 1.0,
    "composite_score": 38.0122,
    "cso_density": 0.0,
    "dem_lat": 35.634305,
    "dem_lon": -80.385282,
    "ej_index": 0.4478,
    "elevation_m": 196.0854,
    "estuary_dist_km": 398.52,
    "feasibility_score": 56.1905,
    "flood_q10_cfs": 2154.32,
    "flow_score": 38.9068,
    "flow_velocity_ms": 0.0591,
    "generation_score": 5.1819,
    "impact_score": 61.008,
    "impervious_pct": 3.79,
    "land_ownership": 0.5,
    "lat": 35.6343,
    "litter_complaint_density": 0.0,
    "lon": -80.3853,
    "npdes_points": 0,
    "pixel_col": 1834.0,
    "pixel_row": 1202.0,
    "population_density": 68.0,
    "position_along": 0.5,
    "protected_area_score": 0.0,
    "rank": 52,
    "river_name": "Church Creek",
    "road_access_m": 924.6,
    "road_access_score": 0.6,
    "road_density_km_km2": 1.015,
    "robustness_pct": 0.0,
    "runoff_coeff_C": 0.0841,
    "seasonal_cv": 0.4878,
    "segment_id": 81,
    "segment_length_m": 136.3805,
    "snap_dist_m": 5.2,
    "stream_order": 3,
    "superfund_score": 0.0,
    "tourism_amenity_density": 0.0,
    "tri_facility_density": 0.0,
    "usgs_mean_q_cfs": 19.936,
    "velocity_feasibility": 0.7,
    "water_intake_score": 0.0
   },
   "type": "Feature"
  },
  {
   "geometry": {
    "coordinates": [
     -80.478694,
     35.603009
    ],
    "type": "Point"
   },
   "properties": {
    "accumulation": 161819.0,
    "bank_slope_deg": 1.61,
    "bank_slope_score": 1.0,
    "beach_dist_km": 289.97,
    "bridge_proximity_bonus": 0.0,
    "catchment_area_km2": 16.1374,
    "channel_width_m": 9.89,
    "channel_width_score": 1.0,
    "composite_score": 37.7636,
    "cso_density": 0.0,
    "dem_lat": 35.602908,
    "dem_lon": -80.478463,
    "ej_index": 0.5935,
    "elevation_m": 220.3634,
    "estuary_dist_km": 406.39,
    "feasibility_score": 65.7143,
    "flood_q10_cfs": 1394.95,
    "flow_score": 30.136,
    "flow_velocity_ms": 0.1114,
    "generation_score": 16.9576,
    "impact_score": 50.9507,
    "impervious_pct": 3.27,
    "land_ownership": 0.5,
    "lat": 35.6029,
    "litter_complaint_density": 0.0,
    "lon": -80.4785,
    "npdes_points": 1,
    "pixel_col": 992.0,
    "pixel_row": 1556.0,
    "population_density": 228.0,
    "position_along": 0.5,
    "protected_area_score": 0.0,
    "rank": 53,
    "river_name": "Crane Creek",
    "road_access_m": 217.8,
    "road_access_score": 0.8,
    "road_density_km_km2": 2.906,
    "robustness_pct": 0.0,
    "runoff_coeff_C": 0.0794,
    "seasonal_cv": 0.4599,
    "segment_id": 72,
    "segment_length_m": 2181.4998,
    "snap_dist_m": 23.7,
    "stream_order": 3,
    "superfund_score": 0.0,
    "tourism_amenity_density": 0.3979,
    "tri_facility_density": 0.0,
    "usgs_mean_q_cfs": 11.6,
    "velocity_feasibility": 0.7,
    "water_intake_score": 0.0
   },
   "type": "Feature"
  },
  {
   "geometry": {
    "coordinates": [
     -80.469022,
     35.60404
    ],
    "type": "Point"
   },
   "properties": {
    "accumulation": 28993.0,
    "bank_slope_deg": 0.61,
    "bank_slope_score": 1.0,
    "beach_dist_km": 289.31,
    "bridge_proximity_bonus": 0.0,
    "catchment_area_km2": 2.8913,
    "channel_width_m": 4.85,
    "channel_width_score": 1.0,
    "composite_score": 37.7105,
    "cso_density": 0.0,
    "ej_index": 0.5704,
    "elevation_m": 221.7139,
    "estuary_dist_km": 405.56,
    "feasibility_score": 75.2381,
    "flood_q10_cfs": 480.67,
    "flow_score": 20.8304,
    "flow_velocity_ms": 0.0956,
    "generation_score": 17.803,
    "impact_score": 52.9209,
    "impervious_pct": 8.54,
    "land_ownership": 0.5,
    "lat": 35.604,
    "litter_complaint_density": 0.0,
    "lon": -80.469,
    "npdes_points": 0,
    "pixel_col": 1076.0,
    "pixel_row": 1543.0,
    "population_density": 253.4,
    "position_along": 0.5,
    "protected_area_score": 0.0,
    "rank": 54,
    "river_name": "Crane Creek",
    "road_access_m": 184.6,
    "road_access_score": 1.0,
    "road_density_km_km2": 2.466,
    "robustness_pct": 0.0,
    "runoff_coeff_C": 0.1269,
    "seasonal_cv": 0.4253,
    "segment_id": 55,
    "segment_length_m": 1291.4782,
    "stream_order": 3,
    "superfund_score": 0.0,
    "tourism_amenity_density": 0.8754,
    "tri_facility_density": 0.0,
    "usgs_mean_q_cfs": 1.642,
    "velocity_feasibility": 0.7,
    "water_intake_score": 0.0
   },
   "type": "Feature"
  },
  {
   "geometry": {
    "coordinates": [
     -80.526119,
     35.611723
    ],
    "type": "Point"
   },
   "properties": {
    "accumulation": 104405.0,
    "bank_slope_deg": 0.53,
    "bank_slope_score": 1.0,
    "beach_dist_km": 294.22,
    "bridge_proximity_bonus": 0.0,
    "catchment_area_km2": 10.4118,
    "channel_width_m": 8.25,
    "channel_width_score": 1.0,
    "composite_score": 37.221,
    "cso_density": 0.0,
    "dem_lat": 35.611949,
    "dem_lon": -80.526809,
    "ej_index": 0.4688,
    "elevation_m": 227.8398,
    "estuary_dist_km": 410.86,
    "feasibility_score": 65.7143,
    "flood_q10_cfs": 1187.75,
    "flow_score": 27.2443,
    "flow_velocity_ms": 0.1141,
    "generation_score": 32.9662,
    "impact_score": 35.5432,
    "impervious_pct": 9.2,
    "land_ownership": 0.5,
    "lat": 35.6119,
    "litter_complaint_density": 0.0,
    "lon": -80.5268,
    "npdes_points": 4,
    "pixel_col": 552.0,
    "pixel_row": 1458.0,
    "population_density": 112.6,
    "position_along": 0.5,
    "protected_area_score": 0.0,
    "rank": 55,
    "river_name": "Town Creek",
    "road_access_m": 367.4,
    "road_access_score": 0.8,
    "road_density_km_km2": 3.604,
    "robustness_pct": 0.0,
    "runoff_coeff_C": 0.1328,
    "seasonal_cv": 0.4419,
    "segment_id": 66,
    "segment_length_m": 2019.2971,
    "snap_dist_m": 67.3,
    "stream_order": 3,
    "superfund_score": 0.0,
    "tourism_amenity_density": 0.4775,
    "tri_facility_density": 0.1921,
    "usgs_mean_q_cfs": 5.921,
    "velocity_feasibility": 0.7,
    "water_intake_score": 0.0
   },
   "type": "Feature"
  },
  {
   "geometry": {
    "coordinates": [
     -80.390271,
     35.628669
    ],
    "type": "Point"
   },
   "properties": {
    "accumulation": 290843.0,
    "bank_slope_deg": 2.6,
    "bank_slope_score": 1.0,
    "beach_dist_km": 284.75,
    "bridge_proximity_bonus": 0.0,
    "catchment_area_km2": 29.0043,
    "channel_width_m": 12.62,
    "channel_width_score": 1.0,
    "composite_score": 37.1517,
    "cso_density": 0.0,
    "dem_lat": 35.62868,
    "dem_lon": -80.390288,
    "ej_index": 0.4425,
    "elevation_m": 197.4039,
    "estuary_dist_km": 398.88,
    "feasibility_score": 56.1905,
    "flood_q10_cfs": 1954.6,
    "flow_score": 35.4336,
    "flow_velocity_ms": 0.0675,
    "generation_score": 5.9598,
    "impact_score": 60.2561,
    "impervious_pct": 4.18,
    "land_ownership": 0.5,
    "lat": 35.6287,
    "litter_complaint_density": 0.0,
    "lon": -80.3903,
    "npdes_points": 0,
    "pixel_col": 1790.0,
    "pixel_row": 1265.0,
    "population_density": 75.0,
    "position_along": 0.5,
    "protected_area_score": 0.0,
    "rank": 56,
    "river_name": "Church Creek",
    "road_access_m": 710.6,
    "road_access_score": 0.6,
    "road_density_km_km2": 1.174,
    "robustness_pct": 0.0,
    "runoff_coeff_C": 0.0876,
    "seasonal_cv": 0.4756,
    "segment_id": 80,
    "segment_length_m": 1707.5949,
    "snap_dist_m": 2.0,
    "stream_order": 3,
    "superfund_score": 0.0,
    "tourism_amenity_density": 0.0,
    "tri_facility_density": 0.0,
    "usgs_mean_q_cfs": 14.862,
    "velocity_feasibility": 0.7,
    "water_intake_score": 0.0
   },
   "type": "Feature"
  },
  {
   "geometry": {
    "coordinates": [
     -80.39584,
     35.604524
    ],
    "type": "Point"
   },
   "properties": {
    "accumulation": 158039.0,
    "bank_slope_deg": 2.21,
    "bank_slope_score": 1.0,
    "beach_dist_km": 283.73,
    "bridge_proximity_bonus": 0.0,
    "catchment_area_km2": 15.7604,
    "channel_width_m": 9.8,
    "channel_width_score": 1.0,
    "composite_score": 36.9582,
    "cso_density": 0.0,
    "dem_lat": 35.604545,
    "dem_lon": -80.395887,
    "ej_index": 0.3084,
    "elevation_m": 208.0231,
    "estuary_dist_km": 399.02,
    "feasibility_score": 65.7143,
    "flood_q10_cfs": 1404.47,
    "flow_score": 29.9676,
    "flow_velocity_ms": 0.1244,
    "generation_score": 9.437,
    "impact_score": 55.927,
    "impervious_pct": 4.71,
    "land_ownership": 0.5,
    "lat": 35.6045,
    "litter_complaint_density": 0.0,
    "lon": -80.3959,
    "npdes_points": 0,
    "pixel_col": 1741.0,
    "pixel_row": 1534.0,
    "population_density": 93.8,
    "position_along": 0.625,
    "protected_area_score": 0.0,
    "rank": 57,
    "river_name": "Church Creek",
    "road_access_m": 252.6,
    "road_access_score": 0.8,
    "road_density_km_km2": 1.41,
    "robustness_pct": 0.0,
    "runoff_coeff_C": 0.0924,
    "seasonal_cv": 0.4606,
    "segment_id": 78,
    "segment_length_m": 7015.5657,
    "snap_dist_m": 4.8,
    "stream_order": 3,
    "superfund_score": 0.0,
    "tourism_amenity_density": 0.0,
    "tri_facility_density": 0.0635,
    "usgs_mean_q_cfs": 9.78,
    "velocity_feasibility": 0.7,
    "water_intake_score": 0.0
   },
   "type": "Feature"
  },
  {
   "geometry": {
    "coordinates": [
     -80.395816,
     35.635923
    ],
    "type": "Point"
   },
   "properties": {
    "accumulation": 43799.0,
    "bank_slope_deg": 1.23,
    "bank_slope_score": 1.0,
    "beach_dist_km": 285.61,
    "bridge_proximity_bonus": 0.0,
    "catchment_area_km2": 4.3678,
    "channel_width_m": 5.75,
    "channel_width_score": 1.0,
    "composite_score": 36.5216,
    "cso_density": 0.0,
    "ej_index": 0.5109,
    "elevation_m": 205.1452,
    "estuary_dist_km": 399.49,
    "feasibility_score": 75.2381,
    "flood_q10_cfs": 599.11,
    "flow_score": 21.368,
    "flow_velocity_ms": 0.1135,
    "generation_score": 5.1605,
    "impact_score": 61.1525,
    "impervious_pct": 3.36,
    "land_ownership": 0.5,
    "lat": 35.6359,
    "litter_complaint_density": 0.0,
    "lon": -80.3958,
    "npdes_points": 0,
    "pixel_col": 1740.0,
    "pixel_row": 1186.0,
    "population_density": 72.5,
    "position_along": 0.5,
    "protected_area_score": 0.0,
    "rank": 58,
    "river_name": "Church Creek",
    "road_access_m": 150.1,
    "road_access_score": 1.0,
    "road_density_km_km2": 1.08,
    "robustness_pct": 0.0,
    "runoff_coeff_C": 0.0802,
    "seasonal_cv": 0.4409,
    "segment_id": 46,
    "segment_length_m": 2335.4297,
    "stream_order": 3,
    "superfund_score": 0.0,
    "tourism_amenity_density": 0.0,
    "tri_facility_density": 0.0,
    "usgs_mean_q_cfs": 2.539,
    "velocity_feasibility": 0.7,
    "water_intake_score": 0.0
   },
   "type": "Feature"
  },
  {
   "geometry": {
    "coordinates": [
     -80.532702,
     35.690394
    ],
    "type": "Point"
   },
   "properties": {
    "accumulation": 28627.0,
    "bank_slope_deg": 4.2,
    "bank_slope_score": 1.0,
    "beach_dist_km": 299.28,
    "bridge_proximity_bonus": 0.0,
    "catchment_area_km2": 2.8548,
    "channel_width_m": 4.82,
    "channel_width_score": 1.0,
    "composite_score": 36.3638,
    "cso_density": 0.0,
    "ej_index": 0.906,
    "elevation_m": 213.874,
    "estuary_dist_km": 412.61,
    "feasibility_score": 65.7143,
    "flood_q10_cfs": 511.33,
    "flow_score": 21.2984,
    "flow_velocity_ms": 0.0897,
    "generation_score": 26.0337,
    "impact_score": 44.5732,
    "impervious_pct": 12.62,
    "land_ownership": 0.5,
    "lat": 35.6904,
    "litter_complaint_density": 0.0,
    "lon": -80.5327,
    "npdes_points": 0,
    "pixel_col": 496.0,
    "pixel_row": 590.0,
    "population_density": 341.4,
    "position_along": 0.25,
    "protected_area_score": 0.0,
    "rank": 59,
    "river_name": null,
    "road_access_m": 279.1,
    "road_access_score": 0.8,
    "road_density_km_km2": 3.812,
    "robustness_pct": 0.0,
    "runoff_coeff_C": 0.1636,
    "seasonal_cv": 0.4501,
    "segment_id": 16,
    "segment_length_m": 4248.8425,
    "stream_order": 3,
    "superfund_score": 0.0,
    "tourism_amenity_density": 0.3979,
    "tri_facility_density": 0.0,
    "usgs_mean_q_cfs": 2.773,
    "velocity_feasibility": 0.7,
    "water_intake_score": 0.0
   },
   "type": "Feature"
  },
  {
   "geometry": {
    "coordinates": [
     -80.428451,
     35.587825
    ],
    "type": "Point"
   },
   "properties": {
    "accumulation": 32721.0,
    "bank_slope_deg": 0.51,
    "bank_slope_score": 1.0,
    "beach_dist_km": 285.24,
    "bridge_proximity_bonus": 0.0,
    "catchment_area_km2": 3.2631,
    "channel_width_m": 5.1,
    "channel_width_score": 1.0,
    "composite_score": 35.9383,
    "cso_density": 0.0,
    "dem_lat": 35.587713,
    "dem_lon": -80.428517,
    "ej_index": 0.363,
    "elevation_m": 223.4179,
    "estuary_dist_km": 401.7,
    "feasibility_score": 65.7143,
    "flood_q10_cfs": 486.08,
    "flow_score": 20.48,
    "flow_velocity_ms": 0.1056,
    "generation_score": 14.1351,
    "impact_score": 55.7355,
    "impervious_pct": 3.97,
    "land_ownership": 0.5,
    "lat": 35.5877,
    "litter_complaint_density": 0.0,
    "lon": -80.4285,
    "npdes_points": 0,
    "pixel_col": 1446.0,
    "pixel_row": 1726.0,
    "population_density": 213.8,
    "position_along": 0.5,
    "protected_area_score": 0.0,
    "rank": 60,
    "river_name": "Church Creek",
    "road_access_m": 409.7,
    "road_access_score": 0.8,
    "road_density_km_km2": 3.122,
    "robustness_pct": 0.0,
    "runoff_coeff_C": 0.0857,
    "seasonal_cv": 0.4272,
    "segment_id": 64,
    "segment_length_m": 1087.6172,
    "snap_dist_m": 13.8,
    "stream_order": 3,
    "superfund_score": 0.0,
    "tourism_amenity_density": 1.4324,
    "tri_facility_density": 0.0,
    "usgs_mean_q_cfs": 1.614,
    "velocity_feasibility": 0.7,
    "water_intake_score": 0.0
   },
   "type": "Feature"
  },
  {
   "geometry": {
    "coordinates": [
     -80.515635,
     35.654687
    ],
    "type": "Point"
   },
   "properties": {
    "accumulation": 26543.0,
    "bank_slope_deg": 4.27,
    "bank_slope_score": 1.0,
    "beach_dist_km": 295.86,
    "bridge_proximity_bonus": 0.0,
    "catchment_area_km2": 2.647,
    "channel_width_m": 4.67,
    "channel_width_score": 1.0,
    "composite_score": 35.8135,
    "cso_density": 0.0,
    "ej_index": 0.8217,
    "elevation_m": 203.4654,
    "estuary_dist_km": 410.5,
    "feasibility_score": 50.4762,
    "flood_q10_cfs": 545.77,
    "flow_score": 20.9855,
    "flow_velocity_ms": 0.0342,
    "generation_score": 28.9655,
    "impact_score": 47.6869,
    "impervious_pct": 19.6,
    "land_ownership": 0.5,
    "lat": 35.6547,
    "litter_complaint_density": 0.0,
    "lon": -80.5156,
    "npdes_points": 0,
    "pixel_col": 650.0,
    "pixel_row": 983.0,
    "population_density": 379.8,
    "position_along": 0.5,
    "protected_area_score": 0.0,
    "rank": 61,
    "river_name": "Grants Creek",
    "road_access_m": 248.0,
    "road_access_score": 0.8,
    "road_density_km_km2": 1.608,
    "robustness_pct": 0.0,
    "runoff_coeff_C": 0.2264,
    "seasonal_cv": 0.4379,
    "segment_id": 28,
    "segment_length_m": 713.5745,
    "stream_order": 3,
    "superfund_score": 0.0,
    "tourism_amenity_density": 0.3183,
    "tri_facility_density": 0.0,
    "usgs_mean_q_cfs": 1.265,
    "velocity_feasibility": 0.3,
    "water_intake_score": 0.0
   },
   "type": "Feature"
  },
  {
   "geometry": {
    "coordinates": [
     -80.559949,
     35.613635
    ],
    "type": "Point"
   },
   "properties": {
    "accumulation": 128984.0,
    "bank_slope_deg": 9.61,
    "bank_slope_score": 1.0,
    "beach_dist_km": 296.9,
    "bridge_proximity_bonus": 0.0,
    "catchment_area_km2": 12.8629,
    "channel_width_m": 9.01,
    "channel_width_score": 1.0,
    "composite_score": 35.7288,
    "cso_density": 0.0,
    "dem_lat": 35.613729,
    "dem_lon": -80.560101,
    "ej_index": 0.7482,
    "elevation_m": 210.3347,
    "estuary_dist_km": 413.87,
    "feasibility_score": 50.4762,
    "flood_q10_cfs": 1282.87,
    "flow_score": 30.9568,
    "flow_velocity_ms": 0.0481,
    "generation_score": 28.8722,
    "impact_score": 39.1882,
    "impervious_pct": 6.3,
    "land_ownership": 0.5,
    "lat": 35.6137,
    "litter_complaint_density": 0.0,
    "lon": -80.5601,
    "npdes_points": 4,
    "pixel_col": 251.0,
    "pixel_row": 1441.0,
    "population_density": 229.2,
    "position_along": 0.5,
    "protected_area_score": 0.0,
    "rank": 62,
    "river_name": "Grants Creek",
    "road_access_m": 275.9,
    "road_access_score": 0.8,
    "road_density_km_km2": 3.281,
    "robustness_pct": 0.0,
    "runoff_coeff_C": 0.1067,
    "seasonal_cv": 0.4583,
    "segment_id": 59,
    "segment_length_m": 1016.7099,
    "snap_dist_m": 17.3,
    "stream_order": 3,
    "superfund_score": 0.0,
    "tourism_amenity_density": 0.3979,
    "tri_facility_density": 0.0,
    "usgs_mean_q_cfs": 20.156,
    "velocity_feasibility": 0.3,
    "water_intake_score": 0.0
   },
   "type": "Feature"
  },
  {
   "geometry": {
    "coordinates": [
     -80.475792,
     35.703188
    ],
    "type": "Point"
   },
   "properties": {
    "accumulation": 23477.0,
    "bank_slope_deg": 2.15,
    "bank_slope_score": 1.0,
    "beach_dist_km": 295.75,
    "bridge_proximity_bonus": 0.0,
    "catchment_area_km2": 2.3412,
    "channel_width_m": 4.44,
    "channel_width_score": 1.0,
    "composite_score": 35.6786,
    "cso_density": 0.0,
    "ej_index": 0.3075,
    "elevation_m": 204.7831,
    "estuary_dist_km": 407.74,
    "feasibility_score": 75.2381,
    "flood_q10_cfs": 411.94,
    "flow_score": 19.5768,
    "flow_velocity_ms": 0.0704,
    "generation_score": 27.2358,
    "impact_score": 37.7597,
    "impervious_pct": 8.81,
    "land_ownership": 0.5,
    "lat": 35.7032,
    "litter_complaint_density": 0.0,
    "lon": -80.4758,
    "npdes_points": 0,
    "pixel_col": 1011.0,
    "pixel_row": 444.0,
    "population_density": 311.8,
    "position_along": 0.5,
    "protected_area_score": 0.0,
    "rank": 63,
    "river_name": "Grants Creek",
    "road_access_m": 99.7,
    "road_access_score": 1.0,
    "road_density_km_km2": 7.093,
    "robustness_pct": 0.0,
    "runoff_coeff_C": 0.1293,
    "seasonal_cv": 0.4335,
    "segment_id": 11,
    "segment_length_m": 1022.5597,
    "stream_order": 3,
    "superfund_score": 0.0,
    "tourism_amenity_density": 3.1831,
    "tri_facility_density": 0.0,
    "usgs_mean_q_cfs": 1.145,
    "velocity_feasibility": 0.7,
    "water_intake_score": 0.0
   },
   "type": "Feature"
  },
  {
   "geometry": {
    "coordinates": [
     -80.481525,
     35.589584
    ],
    "type": "Point"
   },
   "properties": {
    "accumulation": 27959.0,
    "bank_slope_deg": 0.98,
    "bank_slope_score": 1.0,
    "beach_dist_km": 289.43,
    "bridge_proximity_bonus": 0.0,
    "catchment_area_km2": 2.7882,
    "channel_width_m": 4.77,
    "channel_width_score": 1.0,
    "composite_score": 35.6621,
    "cso_density": 0.0,
    "ej_index": 0.6969,
    "elevation_m": 226.1288,
    "estuary_dist_km": 406.48,
    "feasibility_score": 65.7143,
    "flood_q10_cfs": 444.32,
    "flow_score": 20.3373,
    "flow_velocity_ms": 0.0956,
    "generation_score": 13.6601,
    "impact_score": 55.4086,
    "impervious_pct": 5.61,
    "land_ownership": 0.5,
    "lat": 35.5896,
    "litter_complaint_density": 0.0,
    "lon": -80.4815,
    "npdes_points": 0,
    "pixel_col": 964.0,
    "pixel_row": 1704.0,
    "population_density": 217.3,
    "position_along": 0.5,
    "protected_area_score": 0.0,
    "rank": 64,
    "river_name": "Crane Creek",
    "road_access_m": 419.1,
    "road_access_score": 0.8,
    "road_density_km_km2": 1.975,
    "robustness_pct": 0.0,
    "runoff_coeff_C": 0.1005,
    "seasonal_cv": 0.4216,
    "segment_id": 69,
    "segment_length_m": 1469.517,
    "stream_order": 3,
    "superfund_score": 0.0,
    "tourism_amenity_density": 0.3979,
    "tri_facility_density": 0.0,
    "usgs_mean_q_cfs": 1.713,
    "velocity_feasibility": 0.7,
    "water_intake_score": 0.0
   },
   "type": "Feature"
  },
  {
   "geometry": {
    "coordinates": [
     -80.430306,
     35.582852
    ],
    "type": "Point"
   },
   "properties": {
    "accumulation": 32909.0,
    "bank_slope_deg": 0.67,
    "bank_slope_score": 1.0,
    "beach_dist_km": 285.09,
    "bridge_proximity_bonus": 0.0,
    "catchment_area_km2": 3.2818,
    "channel_width_m": 5.11,
    "channel_width_score": 1.0,
    "composite_score": 35.6601,
    "cso_density": 0.0,
    "ej_index": 0.2999,
    "elevation_m": 223.9377,
    "estuary_dist_km": 401.79,
    "feasibility_score": 65.7143,
    "flood_q10_cfs": 503.1,
    "flow_score": 21.0304,
    "flow_velocity_ms": 0.0952,
    "generation_score": 15.1674,
    "impact_score": 53.3172,
    "impervious_pct": 5.69,
    "land_ownership": 0.5,
    "lat": 35.5829,
    "litter_complaint_density": 0.0,
    "lon": -80.4303,
    "npdes_points": 0,
    "pixel_col": 1431.0,
    "pixel_row": 1777.0,
    "population_density": 222.8,
    "position_along": 0.5,
    "protected_area_score": 0.0,
    "rank": 65,
    "river_name": "Church Creek",
    "road_access_m": 205.2,
    "road_access_score": 0.8,
    "road_density_km_km2": 2.796,
    "robustness_pct": 0.0,
    "runoff_coeff_C": 0.1012,
    "seasonal_cv": 0.4319,
    "segment_id": 77,
    "segment_length_m": 1703.1645,
    "stream_order": 3,
    "superfund_score": 0.0,
    "tourism_amenity_density": 1.4324,
    "tri_facility_density": 0.0,
    "usgs_mean_q_cfs": 3.247,
    "velocity_feasibility": 0.7,
    "water_intake_score": 0.0
   },
   "type": "Feature"
  },
  {
   "geometry": {
    "coordinates": [
     -80.550915,
     35.631589
    ],
    "type": "Point"
   },
   "properties": {
    "accumulation": 20737.0,
    "bank_slope_deg": 0.55,
    "bank_slope_score": 1.0,
    "beach_dist_km": 297.17,
    "bridge_proximity_bonus": 0.0,
    "catchment_area_km2": 2.068,
    "channel_width_m": 4.22,
    "channel_width_score": 1.0,
    "composite_score": 35.635,
    "cso_density": 0.0,
    "dem_lat": 35.631478,
    "dem_lon": -80.550351,
    "ej_index": 0.6384,
    "elevation_m": 207.6297,
    "estuary_dist_km": 413.25,
    "feasibility_score": 77.1429,
    "flood_q10_cfs": 321.56,
    "flow_score": 40.018,
    "flow_velocity_ms": 0.5,
    "generation_score": 12.1974,
    "impact_score": 34.6663,
    "impervious_pct": null,
    "land_ownership": 0.5,
    "lat": 35.6315,
    "litter_complaint_density": 0.0,
    "lon": -80.5504,
    "npdes_points": 0,
    "pixel_col": 339.0,
    "pixel_row": 1243.0,
    "population_density": 303.5,
    "position_along": 0.5,
    "protected_area_score": 0.0,
    "rank": 66,
    "river_name": "Grants Creek",
    "road_access_m": 329.9,
    "road_access_score": 0.8,
    "road_density_km_km2": 1.334,
    "robustness_pct": 0.0,
    "runoff_coeff_C": null,
    "seasonal_cv": null,
    "segment_id": 47,
    "segment_length_m": 448.0827,
    "snap_dist_m": 52.5,
    "stream_order": 3,
    "superfund_score": 0.0,
    "tourism_amenity_density": 0.0,
    "tri_facility_density": 0.0,
    "usgs_mean_q_cfs": null,
    "velocity_feasibility": 1.0,
    "water_intake_score": 0.0
   },
   "type": "Feature"
  },
  {
   "geometry": {
    "coordinates": [
     -80.399185,
     35.617993
    ],
    "type": "Point"
   },
   "properties": {
    "accumulation": 36493.0,
    "bank_slope_deg": 2.85,
    "bank_slope_score": 1.0,
    "beach_dist_km": 284.78,
    "bridge_proximity_bonus": 0.0,
    "catchment_area_km2": 3.6393,
    "channel_width_m": 5.33,
    "channel_width_score": 1.0,
    "composite_score": 35.3056,
    "cso_density": 0.0,
    "ej_index": 0.4366,
    "elevation_m": 207.2336,
    "estuary_dist_km": 399.51,
    "feasibility_score": 65.7143,
    "flood_q10_cfs": 532.56,
    "flow_score": 21.3181,
    "flow_velocity_ms": 0.1252,
    "generation_score": 7.9496,
    "impact_score": 59.1134,
    "impervious_pct": 4.49,
    "land_ownership": 0.5,
    "lat": 35.618,
    "litter_complaint_density": 0.0,
    "lon": -80.3992,
    "npdes_points": 0,
    "pixel_col": 1711.0,
    "pixel_row": 1385.0,
    "population_density": 96.3,
    "position_along": 0.75,
    "protected_area_score": 0.0,
    "rank": 67,
    "river_name": "Church Creek",
    "road_access_m": 235.9,
    "road_access_score": 0.8,
    "road_density_km_km2": 1.805,
    "robustness_pct": 0.0,
    "runoff_coeff_C": 0.0904,
    "seasonal_cv": 0.4284,
    "segment_id": 54,
    "segment_length_m": 3468.8416,
    "stream_order": 3,
    "superfund_score": 0.0,
    "tourism_amenity_density": 0.0,
    "tri_facility_density": 0.0,
    "usgs_mean_q_cfs": 1.722,
    "velocity_feasibility": 0.7,
    "water_intake_score": 0.0
   },
   "type": "Feature"
  },
  {
   "geometry": {
    "coordinates": [
     -80.490161,
     35.590884
    ],
    "type": "Point"
   },
   "properties": {
    "accumulation": 87048.0,
    "bank_slope_deg": 0.91,
    "bank_slope_score": 1.0,
    "beach_dist_km": 290.21,
    "bridge_proximity_bonus": 0.0,
    "catchment_area_km2": 8.6808,
    "channel_width_m": 7.65,
    "channel_width_score": 1.0,
    "composite_score": 34.7296,
    "cso_density": 0.0,
    "dem_lat": 35.59115,
    "dem_lon": -80.490416,
    "ej_index": 0.6574,
    "elevation_m": 224.1583,
    "estuary_dist_km": 407.3,
    "feasibility_score": 65.7143,
    "flood_q10_cfs": 980.5,
    "flow_score": 25.044,
    "flow_velocity_ms": 0.0907,
    "generation_score": 10.9747,
    "impact_score": 51.0636,
    "impervious_pct": 2.61,
    "land_ownership": 0.5,
    "lat": 35.5911,
    "litter_complaint_density": 0.0,
    "lon": -80.4904,
    "npdes_points": 0,
    "pixel_col": 885.0,
    "pixel_row": 1687.0,
    "population_density": 176.8,
    "position_along": 0.5,
    "protected_area_score": 0.0,
    "rank": 68,
    "river_name": "Crane Creek",
    "road_access_m": 435.9,
    "road_access_score": 0.8,
    "road_density_km_km2": 2.594,
    "robustness_pct": 0.0,
    "runoff_coeff_C": 0.0735,
    "seasonal_cv": 0.4455,
    "segment_id": 71,
    "segment_length_m": 1922.8615,
    "snap_dist_m": 37.5,
    "stream_order": 3,
    "superfund_score": 0.0,
    "tourism_amenity_density": 0.0,
    "tri_facility_density": 0.0,
    "usgs_mean_q_cfs": 7.696,
    "velocity_feasibility": 0.7,
    "water_intake_score": 0.0
   },
   "type": "Feature"
  },
  {
   "geometry": {
    "coordinates": [
     -80.555498,
     35.616363
    ],
    "type": "Point"
   },
   "properties": {
    "accumulation": 21208.0,
    "bank_slope_deg": 1.78,
    "bank_slope_score": 1.0,
    "beach_dist_km": 296.7,
    "bridge_proximity_bonus": 0.0,
    "catchment_area_km2": 2.115,
    "channel_width_m": 4.26,
    "channel_width_score": 1.0,
    "composite_score": 34.4184,
    "cso_density": 0.0,
    "ej_index": 0.7727,
    "elevation_m": 212.4979,
    "estuary_dist_km": 413.49,
    "feasibility_score": 65.7143,
    "flood_q10_cfs": 411.17,
    "flow_score": 21.902,
    "flow_velocity_ms": 0.1369,
    "generation_score": 23.4102,
    "impact_score": 40.2088,
    "impervious_pct": 13.08,
    "land_ownership": 0.5,
    "lat": 35.6164,
    "litter_complaint_density": 0.0,
    "lon": -80.5555,
    "npdes_points": 1,
    "pixel_col": 289.0,
    "pixel_row": 1410.0,
    "population_density": 217.1,
    "position_along": 0.5,
    "protected_area_score": 0.0,
    "rank": 69,
    "river_name": "Grants Creek",
    "road_access_m": 276.2,
    "road_access_score": 0.8,
    "road_density_km_km2": 3.018,
    "robustness_pct": 0.0,
    "runoff_coeff_C": 0.1677,
    "seasonal_cv": 0.4179,
    "segment_id": 51,
    "segment_length_m": 438.8062,
    "stream_order": 3,
    "superfund_score": 0.0,
    "tourism_amenity_density": 0.0796,
    "tri_facility_density": 0.0,
    "usgs_mean_q_cfs": 1.023,
    "velocity_feasibility": 0.7,
    "water_intake_score": 0.0
   },
   "type": "Feature"
  },
  {
   "geometry": {
    "coordinates": [
     -80.406134,
     35.607912
    ],
    "type": "Point"
   },
   "properties": {
    "accumulation": 26766.0,
    "bank_slope_deg": 1.17,
    "bank_slope_score": 1.0,
    "beach_dist_km": 284.71,
    "bridge_proximity_bonus": 0.0,
    "catchment_area_km2": 2.6692,
    "channel_width_m": 4.69,
    "channel_width_score": 1.0,
    "composite_score": 34.2074,
    "cso_density": 0.0,
    "ej_index": 0.3739,
    "elevation_m": 219.3681,
    "estuary_dist_km": 399.98,
    "feasibility_score": 65.7143,
    "flood_q10_cfs": 421.61,
    "flow_score": 19.9403,
    "flow_velocity_ms": 0.0962,
    "generation_score": 7.9511,
    "impact_score": 56.5994,
    "impervious_pct": 4.49,
    "land_ownership": 0.5,
    "lat": 35.6079,
    "litter_complaint_density": 0.0,
    "lon": -80.4061,
    "npdes_points": 0,
    "pixel_col": 1648.0,
    "pixel_row": 1498.0,
    "population_density": 108.3,
    "position_along": 0.25,
    "protected_area_score": 0.0,
    "rank": 70,
    "river_name": "Church Creek",
    "road_access_m": 369.2,
    "road_access_score": 0.8,
    "road_density_km_km2": 1.498,
    "robustness_pct": 0.0,
    "runoff_coeff_C": 0.0904,
    "seasonal_cv": 0.4284,
    "segment_id": 54,
    "segment_length_m": 3468.8416,
    "stream_order": 3,
    "superfund_score": 0.0,
    "tourism_amenity_density": 0.2387,
    "tri_facility_density": 0.0,
    "usgs_mean_q_cfs": 1.722,
    "velocity_feasibility": 0.7,
    "water_intake_score": 0.0
   },
   "type": "Feature"
  },
  {
   "geometry": {
    "coordinates": [
     -80.435024,
     35.649998
    ],
    "type": "Point"
   },
   "properties": {
    "accumulation": 36042.0,
    "bank_slope_deg": 8.4,
    "bank_slope_score": 1.0,
    "beach_dist_km": 289.43,
    "bridge_proximity_bonus": 0.0,
    "catchment_area_km2": 3.5943,
    "channel_width_m": 5.31,
    "channel_width_score": 1.0,
    "composite_score": 33.734,
    "cso_density": 0.0,
    "ej_index": 0.4055,
    "elevation_m": 208.3847,
    "estuary_dist_km": 403.22,
    "feasibility_score": 65.7143,
    "flood_q10_cfs": 520.07,
    "flow_score": 20.3359,
    "flow_velocity_ms": 0.0986,
    "generation_score": 14.1546,
    "impact_score": 48.4883,
    "impervious_pct": 3.67,
    "land_ownership": 0.5,
    "lat": 35.65,
    "litter_complaint_density": 0.0,
    "lon": -80.435,
    "npdes_points": 1,
    "pixel_col": 1382.0,
    "pixel_row": 1031.0,
    "population_density": 188.5,
    "position_along": 0.5,
    "protected_area_score": 0.0,
    "rank": 71,
    "river_name": "Crane Creek",
    "road_access_m": 390.3,
    "road_access_score": 0.8,
    "road_density_km_km2": 1.882,
    "robustness_pct": 0.0,
    "runoff_coeff_C": 0.083,
    "seasonal_cv": 0.4389,
    "segment_id": 44,
    "segment_length_m": 1741.2743,
    "stream_order": 3,
    "superfund_score": 0.0,
    "tourism_amenity_density": 0.3183,
    "tri_facility_density": 0.0,
    "usgs_mean_q_cfs": 1.797,
    "velocity_feasibility": 0.7,
    "water_intake_score": 0.0
   },
   "type": "Feature"
  },
  {
   "geometry": {
    "coordinates": [
     -80.441833,
     35.705642
    ],
    "type": "Point"
   },
   "properties": {
    "accumulation": 21213.0,
    "bank_slope_deg": 1.12,
    "bank_slope_score": 1.0,
    "beach_dist_km": 293.34,
    "bridge_proximity_bonus": 0.0,
    "catchment_area_km2": 2.1155,
    "channel_width_m": 4.26,
    "channel_width_score": 1.0,
    "composite_score": 33.7242,
    "cso_density": 0.0,
    "ej_index": 0.6192,
    "elevation_m": 192.4186,
    "estuary_dist_km": 404.76,
    "feasibility_score": 65.7143,
    "flood_q10_cfs": 335.75,
    "flow_score": 18.6261,
    "flow_velocity_ms": 0.0915,
    "generation_score": 9.987,
    "impact_score": 54.0482,
    "impervious_pct": 1.49,
    "land_ownership": 0.5,
    "lat": 35.7056,
    "litter_complaint_density": 0.0,
    "lon": -80.4418,
    "npdes_points": 0,
    "pixel_col": 1318.0,
    "pixel_row": 417.0,
    "population_density": 195.5,
    "position_along": 0.5,
    "protected_area_score": 0.0,
    "rank": 72,
    "river_name": "Grants Creek",
    "road_access_m": 470.2,
    "road_access_score": 0.8,
    "road_density_km_km2": 1.967,
    "robustness_pct": 0.0,
    "runoff_coeff_C": 0.0634,
    "seasonal_cv": 0.4299,
    "segment_id": 10,
    "segment_length_m": 625.1178,
    "stream_order": 3,
    "superfund_score": 0.0,
    "tourism_amenity_density": 1.9894,
    "tri_facility_density": 0.0,
    "usgs_mean_q_cfs": 0.944,
    "velocity_feasibility": 0.7,
    "water_intake_score": 0.0
   },
   "type": "Feature"
  },
  {
   "geometry": {
    "coordinates": [
     -80.535116,
     35.677184
    ],
    "type": "Point"
   },
   "properties": {
    "accumulation": 41386.0,
    "bank_slope_deg": 0.34,
    "bank_slope_score": 1.0,
    "beach_dist_km": 298.68,
    "bridge_proximity_bonus": 0.0,
    "catchment_area_km2": 4.1272,
    "channel_width_m": 5.62,
    "channel_width_score": 1.0,
    "composite_score": 33.7112,
    "cso_density": 0.0,
    "ej_index": 0.8143,
    "elevation_m": 209.2073,
    "estuary_dist_km": 412.6,
    "feasibility_score": 75.2381,
    "flood_q10_cfs": 644.68,
    "flow_score": 21.9081,
    "flow_velocity_ms": 0.0961,
    "generation_score": 15.0052,
    "impact_score": 41.4898,
    "impervious_pct": 9.99,
    "land_ownership": 0.5,
    "lat": 35.6772,
    "litter_complaint_density": 0.0,
    "lon": -80.5351,
    "npdes_points": 0,
    "pixel_col": 475.0,
    "pixel_row": 737.0,
    "population_density": 119.1,
    "position_along": 0.5,
    "protected_area_score": 0.0,
    "rank": 73,
    "river_name": "Draft Branch",
    "road_access_m": 88.0,
    "road_access_score": 1.0,
    "road_density_km_km2": 3.403,
    "robustness_pct": 0.0,
    "runoff_coeff_C": 0.1399,
    "seasonal_cv": 0.4426,
    "segment_id": 20,
    "segment_length_m": 2828.5975,
    "stream_order": 3,
    "superfund_score": 0.0,
    "tourism_amenity_density": 0.3183,
    "tri_facility_density": 0.0,
    "usgs_mean_q_cfs": 2.264,
    "velocity_feasibility": 0.7,
    "water_intake_score": 0.0
   },
   "type": "Feature"
  },
  {
   "geometry": {
    "coordinates": [
     -80.404084,
     35.618823
    ],
    "type": "Point"
   },
   "properties": {
    "accumulation": 46699.0,
    "bank_slope_deg": 0.47,
    "bank_slope_score": 1.0,
    "beach_dist_km": 285.21,
    "bridge_proximity_bonus": 0.0,
    "catchment_area_km2": 4.657,
    "channel_width_m": 5.91,
    "channel_width_score": 1.0,
    "composite_score": 33.4438,
    "cso_density": 0.0,
    "ej_index": 0.4346,
    "elevation_m": 211.5857,
    "estuary_dist_km": 399.96,
    "feasibility_score": 56.1905,
    "flood_q10_cfs": 631.19,
    "flow_score": 22.4199,
    "flow_velocity_ms": 0.1413,
    "generation_score": 6.7478,
    "impact_score": 57.953,
    "impervious_pct": 3.58,
    "land_ownership": 0.5,
    "lat": 35.6188,
    "litter_complaint_density": 0.0,
    "lon": -80.4041,
    "npdes_points": 0,
    "pixel_col": 1666.0,
    "pixel_row": 1378.0,
    "population_density": 97.0,
    "position_along": 0.5,
    "protected_area_score": 0.0,
    "rank": 74,
    "river_name": null,
    "road_access_m": 612.0,
    "road_access_score": 0.6,
    "road_density_km_km2": 1.403,
    "robustness_pct": 0.0,
    "runoff_coeff_C": 0.0822,
    "seasonal_cv": 0.4354,
    "segment_id": 52,
    "segment_length_m": 2833.4436,
    "stream_order": 3,
    "superfund_score": 0.0,
    "tourism_amenity_density": 0.0,
    "tri_facility_density": 0.0,
    "usgs_mean_q_cfs": 2.612,
    "velocity_feasibility": 0.7,
    "water_intake_score": 0.0
   },
   "type": "Feature"
  },
  {
   "geometry": {
    "coordinates": [
     -80.420237,
     35.72251
    ],
    "type": "Point"
   },
   "properties": {
    "accumulation": 32636.0,
    "bank_slope_deg": 1.41,
    "bank_slope_score": 1.0,
    "beach_dist_km": 292.78,
    "bridge_proximity_bonus": 0.0,
    "catchment_area_km2": 3.2546,
    "channel_width_m": 5.09,
    "channel_width_score": 1.0,
    "composite_score": 33.3856,
    "cso_density": 0.0,
    "ej_index": 0.5942,
    "elevation_m": 189.886,
    "estuary_dist_km": 403.14,
    "feasibility_score": 67.619,
    "flood_q10_cfs": 452.57,
    "flow_score": 26.8522,
    "flow_velocity_ms": 0.5,
    "generation_score": 3.3727,
    "impact_score": 51.7263,
    "impervious_pct": null,
    "land_ownership": 0.5,
    "lat": 35.7225,
    "litter_complaint_density": 0.0,
    "lon": -80.4202,
    "npdes_points": 0,
    "pixel_col": 1513.0,
    "pixel_row": 228.0,
    "population_density": 114.9,
    "position_along": 0.5,
    "protected_area_score": 0.0,
    "rank": 75,
    "river_name": "Yadkin River",
    "road_access_m": 983.4,
    "road_access_score": 0.6,
    "road_density_km_km2": 0.329,
    "robustness_pct": 0.0,
    "runoff_coeff_C": null,
    "seasonal_cv": null,
    "segment_id": 6,
    "segment_length_m": 1279.0689,
    "stream_order": 1,
    "superfund_score": 0.0,
    "tourism_amenity_density": 0.0,
    "tri_facility_density": 0.0,
    "usgs_mean_q_cfs": null,
    "velocity_feasibility": 1.0,
    "water_intake_score": 0.0
   },
   "type": "Feature"
  },
  {
   "geometry": {
    "coordinates": [
     -80.562426,
     35.608906
    ],
    "type": "Point"
   },
   "properties": {
    "accumulation": 20433.0,
    "bank_slope_deg": 2.13,
    "bank_slope_score": 1.0,
    "beach_dist_km": 296.71,
    "bridge_proximity_bonus": 0.0,
    "catchment_area_km2": 2.0377,
    "channel_width_m": 4.19,
    "channel_width_score": 1.0,
    "composite_score": 33.2211,
    "cso_density": 0.0,
    "dem_lat": 35.608585,
    "dem_lon": -80.561316,
    "ej_index": 0.7812,
    "elevation_m": 212.0016,
    "estuary_dist_km": 413.9,
    "feasibility_score": 65.7143,
    "flood_q10_cfs": 375.32,
    "flow_score": 20.1397,
    "flow_velocity_ms": 0.0896,
    "generation_score": 20.8059,
    "impact_score": 40.291,
    "impervious_pct": 9.47,
    "land_ownership": 0.5,
    "lat": 35.6086,
    "litter_complaint_density": 0.0,
    "lon": -80.5613,
    "npdes_points": 1,
    "pixel_col": 237.0,
    "pixel_row": 1497.0,
    "population_density": 213.3,
    "position_along": 0.5,
    "protected_area_score": 0.0,
    "rank": 76,
    "river_name": "Grants Creek",
    "road_access_m": 328.3,
    "road_access_score": 0.8,
    "road_density_km_km2": 3.025,
    "robustness_pct": 0.0,
    "runoff_coeff_C": 0.1352,
    "seasonal_cv": 0.4157,
    "segment_id": 53,
    "segment_length_m": 383.3192,
    "snap_dist_m": 106.7,
    "stream_order": 3,
    "superfund_score": 0.0,
    "tourism_amenity_density": 0.2387,
    "tri_facility_density": 0.0,
    "usgs_mean_q_cfs": 0.986,
    "velocity_feasibility": 0.7,
    "water_intake_score": 0.0
   },
   "type": "Feature"
  },
  {
   "geometry": {
    "coordinates": [
     -80.471483,
     35.708584
    ],
    "type": "Point"
   },
   "properties": {
    "accumulation": 23581.0,
    "bank_slope_deg": 2.19,
    "bank_slope_score": 1.0,
    "beach_dist_km": 295.75,
    "bridge_proximity_bonus": 0.0,
    "catchment_area_km2": 2.3516,
    "channel_width_m": 4.45,
    "channel_width_score": 1.0,
    "composite_score": 32.9719,
    "cso_density": 0.0,
    "ej_index": 0.3609,
    "elevation_m": 203.557,
    "estuary_dist_km": 407.45,
    "feasibility_score": 75.2381,
    "flood_q10_cfs": 385.04,
    "flow_score": 19.4275,
    "flow_velocity_ms": 0.0953,
    "generation_score": 21.414,
    "impact_score": 34.6837,
    "impervious_pct": 4.76,
    "land_ownership": 0.5,
    "lat": 35.7086,
    "litter_complaint_density": 0.0,
    "lon": -80.4715,
    "npdes_points": 0,
    "pixel_col": 1048.0,
    "pixel_row": 386.0,
    "population_density": 266.0,
    "position_along": 0.5,
    "protected_area_score": 0.0,
    "rank": 77,
    "river_name": null,
    "road_access_m": 182.4,
    "road_access_score": 1.0,
    "road_density_km_km2": 6.246,
    "robustness_pct": 0.0,
    "runoff_coeff_C": 0.0928,
    "seasonal_cv": 0.433,
    "segment_id": 9,
    "segment_length_m": 841.6821,
    "stream_order": 3,
    "superfund_score": 0.0,
    "tourism_amenity_density": 0.557,
    "tri_facility_density": 0.0,
    "usgs_mean_q_cfs": 1.107,
    "velocity_feasibility": 0.7,
    "water_intake_score": 0.0
   },
   "type": "Feature"
  },
  {
   "geometry": {
    "coordinates": [
     -80.388408,
     35.705071
    ],
    "type": "Point"
   },
   "properties": {
    "accumulation": 32030.0,
    "bank_slope_deg": 1.61,
    "bank_slope_score": 1.0,
    "beach_dist_km": 289.31,
    "bridge_proximity_bonus": 0.0,
    "catchment_area_km2": 3.1942,
    "channel_width_m": 5.05,
    "channel_width_score": 1.0,
    "composite_score": 32.8977,
    "cso_density": 0.0,
    "ej_index": 0.5298,
    "elevation_m": 192.291,
    "estuary_dist_km": 399.99,
    "feasibility_score": 56.1905,
    "flood_q10_cfs": 489.93,
    "flow_score": 6.1437,
    "flow_velocity_ms": 0.0962,
    "generation_score": 18.9859,
    "impact_score": 57.4581,
    "impervious_pct": 5.34,
    "land_ownership": 0.5,
    "lat": 35.7051,
    "litter_complaint_density": 0.0,
    "lon": -80.3884,
    "npdes_points": 1,
    "pixel_col": 1802.0,
    "pixel_row": 418.0,
    "population_density": 74.7,
    "position_along": 0.5,
    "protected_area_score": 0.0,
    "rank": 78,
    "river_name": null,
    "road_access_m": 646.9,
    "road_access_score": 0.6,
    "road_density_km_km2": 0.616,
    "robustness_pct": 0.0,
    "runoff_coeff_C": 0.0981,
    "seasonal_cv": 0.4479,
    "segment_id": 14,
    "segment_length_m": 1471.6461,
    "stream_order": 1,
    "superfund_score": 0.0,
    "tourism_amenity_density": 0.0796,
    "tri_facility_density": 0.3131,
    "usgs_mean_q_cfs": 1.865,
    "velocity_feasibility": 0.7,
    "water_intake_score": 0.0
   },
   "type": "Feature"
  },
  {
   "geometry": {
    "coordinates": [
     -80.498711,
     35.58337
    ],
    "type": "Point"
   },
   "properties": {
    "accumulation": 48478.0,
    "bank_slope_deg": 2.02,
    "bank_slope_score": 1.0,
    "beach_dist_km": 290.42,
    "bridge_proximity_bonus": 0.2,
    "catchment_area_km2": 4.8345,
    "channel_width_m": 6.0,
    "channel_width_score": 1.0,
    "composite_score": 32.7099,
    "cso_density": 0.0,
    "dem_lat": 35.583394,
    "dem_lon": -80.498789,
    "ej_index": 0.5308,
    "elevation_m": 226.7605,
    "estuary_dist_km": 407.94,
    "feasibility_score": 73.3333,
    "flood_q10_cfs": 639.64,
    "flow_score": 21.2684,
    "flow_velocity_ms": 0.0395,
    "generation_score": 9.6124,
    "impact_score": 45.0304,
    "impervious_pct": 2.73,
    "land_ownership": 0.5,
    "lat": 35.5834,
    "litter_complaint_density": 0.0,
    "lon": -80.4988,
    "npdes_points": 0,
    "pixel_col": 809.0,
    "pixel_row": 1774.0,
    "population_density": 156.2,
    "position_along": 0.5,
    "protected_area_score": 0.0,
    "rank": 79,
    "river_name": "Crane Creek",
    "road_access_m": 190.1,
    "road_access_score": 1.0,
    "road_density_km_km2": 2.166,
    "robustness_pct": 0.0,
    "runoff_coeff_C": 0.0746,
    "seasonal_cv": 0.436,
    "segment_id": 70,
    "segment_length_m": 955.3731,
    "snap_dist_m": 7.6,
    "stream_order": 3,
    "superfund_score": 0.0,
    "tourism_amenity_density": 0.0,
    "tri_facility_density": 0.0,
    "usgs_mean_q_cfs": 5.936,
    "velocity_feasibility": 0.3,
    "water_intake_score": 0.0
   },
   "type": "Feature"
  },
  {
   "geometry": {
    "coordinates": [
     -80.499388,
     35.588733
    ],
    "type": "Point"
   },
   "properties": {
    "accumulation": 23263.0,
    "bank_slope_deg": 0.6,
    "bank_slope_score": 1.0,
    "beach_dist_km": 290.77,
    "bridge_proximity_bonus": 0.0,
    "catchment_area_km2": 2.3199,
    "channel_width_m": 4.42,
    "channel_width_score": 1.0,
    "composite_score": 32.6125,
    "cso_density": 0.0,
    "ej_index": 0.571,
    "elevation_m": 227.5361,
    "estuary_dist_km": 408.07,
    "feasibility_score": 75.2381,
    "flood_q10_cfs": 366.08,
    "flow_score": 19.2411,
    "flow_velocity_ms": 0.0935,
    "generation_score": 9.0141,
    "impact_score": 46.0408,
    "impervious_pct": 2.46,
    "land_ownership": 0.5,
    "lat": 35.5887,
    "litter_complaint_density": 0.0,
    "lon": -80.4994,
    "npdes_points": 0,
    "pixel_col": 804.0,
    "pixel_row": 1718.0,
    "population_density": 136.6,
    "position_along": 0.5,
    "protected_area_score": 0.0,
    "rank": 80,
    "river_name": "Crane Creek",
    "road_access_m": 29.7,
    "road_access_score": 1.0,
    "road_density_km_km2": 2.395,
    "robustness_pct": 0.0,
    "runoff_coeff_C": 0.0721,
    "seasonal_cv": 0.4207,
    "segment_id": 57,
    "segment_length_m": 699.8676,
    "stream_order": 3,
    "superfund_score": 0.0,
    "tourism_amenity_density": 0.0,
    "tri_facility_density": 0.0,
    "usgs_mean_q_cfs": 1.178,
    "velocity_feasibility": 0.7,
    "water_intake_score": 0.0
   },
   "type": "Feature"
  },
  {
   "geometry": {
    "coordinates": [
     -80.419371,
     35.663678
    ],
    "type": "Point"
   },
   "properties": {
    "accumulation": 23473.0,
    "bank_slope_deg": 2.47,
    "bank_slope_score": 1.0,
    "beach_dist_km": 289.08,
    "bridge_proximity_bonus": 0.0,
    "catchment_area_km2": 2.3408,
    "channel_width_m": 4.44,
    "channel_width_score": 1.0,
    "composite_score": 32.3648,
    "cso_density": 0.0,
    "ej_index": 0.5405,
    "elevation_m": 198.4068,
    "estuary_dist_km": 402.04,
    "feasibility_score": 65.7143,
    "flood_q10_cfs": 370.51,
    "flow_score": 19.0916,
    "flow_velocity_ms": 0.0951,
    "generation_score": 3.8697,
    "impact_score": 55.2461,
    "impervious_pct": 2.76,
    "land_ownership": 0.5,
    "lat": 35.6637,
    "litter_complaint_density": 0.0,
    "lon": -80.4194,
    "npdes_points": 0,
    "pixel_col": 1524.0,
    "pixel_row": 878.0,
    "population_density": 53.2,
    "position_along": 0.5,
    "protected_area_score": 0.0,
    "rank": 81,
    "river_name": "Crane Creek",
    "road_access_m": 487.6,
    "road_access_score": 0.8,
    "road_density_km_km2": 0.992,
    "robustness_pct": 0.0,
    "runoff_coeff_C": 0.0748,
    "seasonal_cv": 0.4322,
    "segment_id": 23,
    "segment_length_m": 482.1778,
    "stream_order": 3,
    "superfund_score": 0.0,
    "tourism_amenity_density": 0.0796,
    "tri_facility_density": 0.0,
    "usgs_mean_q_cfs": 1.098,
    "velocity_feasibility": 0.7,
    "water_intake_score": 0.0
   },
   "type": "Feature"
  },
  {
   "geometry": {
    "coordinates": [
     -80.531944,
     35.66866
    ],
    "type": "Point"
   },
   "properties": {
    "accumulation": 80159.0,
    "bank_slope_deg": 1.03,
    "bank_slope_score": 1.0,
    "beach_dist_km": 297.93,
    "bridge_proximity_bonus": 0.0,
    "catchment_area_km2": 7.9938,
    "channel_width_m": 7.39,
    "channel_width_score": 1.0,
    "composite_score": 32.2282,
    "cso_density": 0.0,
    "dem_lat": 35.668671,
    "dem_lon": -80.531952,
    "ej_index": 0.7469,
    "elevation_m": 205.7711,
    "estuary_dist_km": 412.18,
    "feasibility_score": 65.7143,
    "flood_q10_cfs": 943.75,
    "flow_score": 24.297,
    "flow_velocity_ms": 0.1108,
    "generation_score": 14.0722,
    "impact_score": 40.2504,
    "impervious_pct": 3.15,
    "land_ownership": 0.5,
    "lat": 35.6687,
    "litter_complaint_density": 0.0,
    "lon": -80.532,
    "npdes_points": 0,
    "pixel_col": 504.0,
    "pixel_row": 829.0,
    "population_density": 195.9,
    "position_along": 0.8333,
    "protected_area_score": 0.0,
    "rank": 82,
    "river_name": "Draft Branch",
    "road_access_m": 218.3,
    "road_access_score": 0.8,
    "road_density_km_km2": 3.911,
    "robustness_pct": 0.0,
    "runoff_coeff_C": 0.0784,
    "seasonal_cv": 0.4587,
    "segment_id": 24,
    "segment_length_m": 5167.1599,
    "snap_dist_m": 1.4,
    "stream_order": 3,
    "superfund_score": 0.0,
    "tourism_amenity_density": 0.3183,
    "tri_facility_density": 0.0,
    "usgs_mean_q_cfs": 5.627,
    "velocity_feasibility": 0.7,
    "water_intake_score": 0.0
   },
   "type": "Feature"
  },
  {
   "geometry": {
    "coordinates": [
     -80.5186,
     35.616435
    ],
    "type": "Point"
   },
   "properties": {
    "accumulation": 20245.0,
    "bank_slope_deg": 0.79,
    "bank_slope_score": 1.0,
    "beach_dist_km": 293.85,
    "bridge_proximity_bonus": 0.0,
    "catchment_area_km2": 2.0189,
    "channel_width_m": 4.18,
    "channel_width_score": 1.0,
    "composite_score": 31.9322,
    "cso_density": 0.0,
    "ej_index": 0.4363,
    "elevation_m": 225.7724,
    "estuary_dist_km": 410.19,
    "feasibility_score": 65.7143,
    "flood_q10_cfs": 405.02,
    "flow_score": 20.9515,
    "flow_velocity_ms": 0.0932,
    "generation_score": 20.5153,
    "impact_score": 35.6088,
    "impervious_pct": 14.22,
    "land_ownership": 0.5,
    "lat": 35.6164,
    "litter_complaint_density": 0.0,
    "lon": -80.5186,
    "npdes_points": 1,
    "pixel_col": 624.0,
    "pixel_row": 1408.0,
    "population_density": 66.2,
    "position_along": 0.5,
    "protected_area_score": 0.0,
    "rank": 83,
    "river_name": "Town Creek",
    "road_access_m": 308.3,
    "road_access_score": 0.8,
    "road_density_km_km2": 4.457,
    "robustness_pct": 0.0,
    "runoff_coeff_C": 0.178,
    "seasonal_cv": 0.417,
    "segment_id": 50,
    "segment_length_m": 283.4569,
    "stream_order": 3,
    "superfund_score": 0.0,
    "tourism_amenity_density": 0.4775,
    "tri_facility_density": 0.0,
    "usgs_mean_q_cfs": 0.901,
    "velocity_feasibility": 0.7,
    "water_intake_score": 0.0
   },
   "type": "Feature"
  },
  {
   "geometry": {
    "coordinates": [
     -80.547439,
     35.666379
    ],
    "type": "Point"
   },
   "properties": {
    "accumulation": 58313.0,
    "bank_slope_deg": 0.31,
    "bank_slope_score": 1.0,
    "beach_dist_km": 299.03,
    "bridge_proximity_bonus": 0.0,
    "catchment_area_km2": 5.8153,
    "channel_width_m": 6.48,
    "channel_width_score": 1.0,
    "composite_score": 30.89,
    "cso_density": 0.0,
    "dem_lat": 35.667168,
    "dem_lon": -80.547396,
    "ej_index": 0.5716,
    "elevation_m": 209.427,
    "estuary_dist_km": 413.54,
    "feasibility_score": 75.2381,
    "flood_q10_cfs": 740.6,
    "flow_score": 22.2169,
    "flow_velocity_ms": 0.0789,
    "generation_score": 16.2845,
    "impact_score": 30.5492,
    "impervious_pct": 3.15,
    "land_ownership": 0.5,
    "lat": 35.6672,
    "litter_complaint_density": 0.0,
    "lon": -80.5474,
    "npdes_points": 1,
    "pixel_col": 364.0,
    "pixel_row": 849.0,
    "population_density": 173.0,
    "position_along": 0.5,
    "protected_area_score": 0.0,
    "rank": 84,
    "river_name": "Draft Branch",
    "road_access_m": 157.5,
    "road_access_score": 1.0,
    "road_density_km_km2": 3.926,
    "robustness_pct": 0.0,
    "runoff_coeff_C": 0.0784,
    "seasonal_cv": 0.4587,
    "segment_id": 24,
    "segment_length_m": 5167.1599,
    "snap_dist_m": 87.6,
    "stream_order": 3,
    "superfund_score": 0.0,
    "tourism_amenity_density": 0.3979,
    "tri_facility_density": 0.0,
    "usgs_mean_q_cfs": 5.627,
    "velocity_feasibility": 0.7,
    "water_intake_score": 0.0
   },
   "type": "Feature"
  },
  {
   "geometry": {
    "coordinates": [
     -80.532032,
     35.599066
    ],
    "type": "Point"
   },
   "properties": {
    "accumulation": 31135.0,
    "bank_slope_deg": 1.48,
    "bank_slope_score": 1.0,
    "beach_dist_km": 293.89,
    "bridge_proximity_bonus": 0.2,
    "catchment_area_km2": 3.1049,
    "channel_width_m": 4.99,
    "channel_width_score": 1.0,
    "composite_score": 30.7178,
    "cso_density": 0.0,
    "ej_index": 0.2251,
    "elevation_m": 237.2638,
    "estuary_dist_km": 411.14,
    "feasibility_score": 88.5714,
    "flood_q10_cfs": 513.09,
    "flow_score": 22.2427,
    "flow_velocity_ms": 0.0951,
    "generation_score": 14.546,
    "impact_score": 25.0253,
    "impervious_pct": 9.2,
    "land_ownership": 0.5,
    "lat": 35.5991,
    "litter_complaint_density": 0.0,
    "lon": -80.532,
    "npdes_points": 0,
    "pixel_col": 507.0,
    "pixel_row": 1601.0,
    "population_density": 102.6,
    "position_along": 0.5,
    "protected_area_score": 0.0,
    "rank": 85,
    "river_name": "Town Creek",
    "road_access_m": 170.5,
    "road_access_score": 1.0,
    "road_density_km_km2": 3.88,
    "robustness_pct": 0.0,
    "runoff_coeff_C": 0.1328,
    "seasonal_cv": 0.4419,
    "segment_id": 56,
    "segment_length_m": 1851.2446,
    "stream_order": 3,
    "superfund_score": 0.0,
    "tourism_amenity_density": 0.0,
    "tri_facility_density": 0.0,
    "usgs_mean_q_cfs": 5.921,
    "velocity_feasibility": 0.7,
    "water_intake_score": 0.0
   },
   "type": "Feature"
  },
  {
   "geometry": {
    "coordinates": [
     -80.478446,
     35.741126
    ],
    "type": "Point"
   },
   "properties": {
    "accumulation": 54923.0,
    "bank_slope_deg": 1.86,
    "bank_slope_score": 1.0,
    "beach_dist_km": 298.29,
    "bridge_proximity_bonus": 0.0,
    "catchment_area_km2": 5.4772,
    "channel_width_m": 6.32,
    "channel_width_score": 1.0,
    "composite_score": 30.6392,
    "cso_density": 0.0,
    "ej_index": 0.7227,
    "elevation_m": 196.8687,
    "estuary_dist_km": 408.66,
    "feasibility_score": 65.7143,
    "flood_q10_cfs": 712.39,
    "flow_score": 21.7317,
    "flow_velocity_ms": 0.1065,
    "generation_score": 7.1363,
    "impact_score": 44.0275,
    "impervious_pct": 3.51,
    "land_ownership": 0.5,
    "lat": 35.7411,
    "litter_complaint_density": 0.0,
    "lon": -80.4784,
    "npdes_points": 0,
    "pixel_col": 982.0,
    "pixel_row": 21.0,
    "population_density": 115.9,
    "position_along": 0.5,
    "protected_area_score": 0.0,
    "rank": 86,
    "river_name": "Deals Creek",
    "road_access_m": 394.8,
    "road_access_score": 0.8,
    "road_density_km_km2": 1.207,
    "robustness_pct": 0.0,
    "runoff_coeff_C": 0.0816,
    "seasonal_cv": 0.4522,
    "segment_id": 0,
    "segment_length_m": 38.2316,
    "stream_order": 3,
    "superfund_score": 0.0,
    "tourism_amenity_density": 0.3979,
    "tri_facility_density": 0.0,
    "usgs_mean_q_cfs": 2.495,
    "velocity_feasibility": 0.7,
    "water_intake_score": 0.0
   },
   "type": "Feature"
  },
  {
   "geometry": {
    "coordinates": [
     -80.47822,
     35.742006
    ],
    "type": "Point"
   },
   "properties": {
    "accumulation": 55073.0,
    "bank_slope_deg": 1.32,
    "bank_slope_score": 1.0,
    "beach_dist_km": 298.33,
    "bridge_proximity_bonus": 0.0,
    "catchment_area_km2": 5.4921,
    "channel_width_m": 6.33,
    "channel_width_score": 1.0,
    "composite_score": 30.5892,
    "cso_density": 0.0,
    "ej_index": 0.7227,
    "elevation_m": 196.3211,
    "estuary_dist_km": 408.66,
    "feasibility_score": 65.7143,
    "flood_q10_cfs": 713.85,
    "flow_score": 21.8087,
    "flow_velocity_ms": 0.1094,
    "generation_score": 6.9476,
    "impact_score": 43.9854,
    "impervious_pct": 3.51,
    "land_ownership": 0.5,
    "lat": 35.742,
    "litter_complaint_density": 0.0,
    "lon": -80.4782,
    "npdes_points": 0,
    "pixel_col": 985.0,
    "pixel_row": 11.0,
    "population_density": 115.9,
    "position_along": 0.5,
    "protected_area_score": 0.0,
    "rank": 87,
    "river_name": "Deals Creek",
    "road_access_m": 440.4,
    "road_access_score": 0.8,
    "road_density_km_km2": 1.082,
    "robustness_pct": 0.0,
    "runoff_coeff_C": 0.0816,
    "seasonal_cv": 0.4522,
    "segment_id": 4,
    "segment_length_m": 190.4481,
    "stream_order": 3,
    "superfund_score": 0.0,
    "tourism_amenity_density": 0.3979,
    "tri_facility_density": 0.0,
    "usgs_mean_q_cfs": 2.495,
    "velocity_feasibility": 0.7,
    "water_intake_score": 0.0
   },
   "type": "Feature"
  },
  {
   "geometry": {
    "coordinates": [
     -80.567264,
     35.59872
    ],
    "type": "Point"
   },
   "properties": {
    "accumulation": 70228.0,
    "bank_slope_deg": 4.88,
    "bank_slope_score": 1.0,
    "beach_dist_km": 296.61,
    "bridge_proximity_bonus": 0.0,
    "catchment_area_km2": 7.0035,
    "channel_width_m": 7.0,
    "channel_width_score": 1.0,
    "composite_score": 30.1444,
    "cso_density": 0.0,
    "dem_lat": 35.59871,
    "dem_lon": -80.567249,
    "ej_index": 0.6241,
    "elevation_m": 212.7516,
    "estuary_dist_km": 414.3,
    "feasibility_score": 60.0,
    "flood_q10_cfs": 898.69,
    "flow_score": 27.1164,
    "flow_velocity_ms": 0.0422,
    "generation_score": 14.4851,
    "impact_score": 33.3993,
    "impervious_pct": 6.2,
    "land_ownership": 0.5,
    "lat": 35.5987,
    "litter_complaint_density": 0.0,
    "lon": -80.5672,
    "npdes_points": 0,
    "pixel_col": 187.0,
    "pixel_row": 1607.0,
    "population_density": 220.0,
    "position_along": 0.5,
    "protected_area_score": 0.0,
    "rank": 88,
    "river_name": "Grants Creek",
    "road_access_m": 143.1,
    "road_access_score": 1.0,
    "road_density_km_km2": 2.185,
    "robustness_pct": 0.0,
    "runoff_coeff_C": 0.1058,
    "seasonal_cv": 0.4519,
    "segment_id": 58,
    "segment_length_m": 2933.4276,
    "snap_dist_m": 1.8,
    "stream_order": 3,
    "superfund_score": 0.0,
    "tourism_amenity_density": 0.0796,
    "tri_facility_density": 0.0,
    "usgs_mean_q_cfs": 17.652,
    "velocity_feasibility": 0.3,
    "water_intake_score": 0.0
   },
   "type": "Feature"
  },
  {
   "geometry": {
    "coordinates": [
     -80.487746,
     35.73905
    ],
    "type": "Point"
   },
   "properties": {
    "accumulation": 28937.0,
    "bank_slope_deg": 4.49,
    "bank_slope_score": 1.0,
    "beach_dist_km": 298.85,
    "bridge_proximity_bonus": 0.0,
    "catchment_area_km2": 2.8857,
    "channel_width_m": 4.84,
    "channel_width_score": 1.0,
    "composite_score": 29.8799,
    "cso_density": 0.0,
    "ej_index": 0.7227,
    "elevation_m": 202.7863,
    "estuary_dist_km": 409.45,
    "feasibility_score": 65.7143,
    "flood_q10_cfs": 447.84,
    "flow_score": 19.4801,
    "flow_velocity_ms": 0.0818,
    "generation_score": 8.8506,
    "impact_score": 41.6584,
    "impervious_pct": 4.58,
    "land_ownership": 0.5,
    "lat": 35.739,
    "litter_complaint_density": 0.0,
    "lon": -80.4877,
    "npdes_points": 0,
    "pixel_col": 900.0,
    "pixel_row": 48.0,
    "population_density": 115.9,
    "position_along": 0.5,
    "protected_area_score": 0.0,
    "rank": 89,
    "river_name": "Deals Creek",
    "road_access_m": 255.6,
    "road_access_score": 0.8,
    "road_density_km_km2": 1.858,
    "robustness_pct": 0.0,
    "runoff_coeff_C": 0.0912,
    "seasonal_cv": 0.4405,
    "segment_id": 3,
    "segment_length_m": 2070.8198,
    "stream_order": 3,
    "superfund_score": 0.0,
    "tourism_amenity_density": 0.0796,
    "tri_facility_density": 0.0,
    "usgs_mean_q_cfs": 1.473,
    "velocity_feasibility": 0.7,
    "water_intake_score": 0.0
   },
   "type": "Feature"
  },
  {
   "geometry": {
    "coordinates": [
     -80.392966,
     35.660504
    ],
    "type": "Point"
   },
   "properties": {
    "accumulation": 31979.0,
    "bank_slope_deg": 1.97,
    "bank_slope_score": 1.0,
    "beach_dist_km": 286.89,
    "bridge_proximity_bonus": 0.0,
    "catchment_area_km2": 3.1891,
    "channel_width_m": 5.05,
    "channel_width_score": 1.0,
    "composite_score": 29.6477,
    "cso_density": 0.0,
    "ej_index": 0.4444,
    "elevation_m": 203.8929,
    "estuary_dist_km": 399.63,
    "feasibility_score": 65.7143,
    "flood_q10_cfs": 464.88,
    "flow_score": 5.8446,
    "flow_velocity_ms": 0.0975,
    "generation_score": 4.072,
    "impact_score": 57.0261,
    "impervious_pct": 2.41,
    "land_ownership": 0.5,
    "lat": 35.6605,
    "litter_complaint_density": 0.0,
    "lon": -80.393,
    "npdes_points": 0,
    "pixel_col": 1764.0,
    "pixel_row": 913.0,
    "population_density": 40.4,
    "position_along": 0.5,
    "protected_area_score": 0.0,
    "rank": 90,
    "river_name": null,
    "road_access_m": 409.7,
    "road_access_score": 0.8,
    "road_density_km_km2": 1.613,
    "robustness_pct": 0.0,
    "runoff_coeff_C": 0.0717,
    "seasonal_cv": 0.458,
    "segment_id": 27,
    "segment_length_m": 2226.2909,
    "stream_order": 1,
    "superfund_score": 0.0,
    "tourism_amenity_density": 0.0,
    "tri_facility_density": 0.0,
    "usgs_mean_q_cfs": 2.992,
    "velocity_feasibility": 0.7,
    "water_intake_score": 0.0
   },
   "type": "Feature"
  },
  {
   "geometry": {
    "coordinates": [
     -80.575254,
     35.625214
    ],
    "type": "Point"
   },
   "properties": {
    "accumulation": 28749.0,
    "bank_slope_deg": 0.45,
    "bank_slope_score": 1.0,
    "beach_dist_km": 298.74,
    "bridge_proximity_bonus": 0.0,
    "catchment_area_km2": 2.867,
    "channel_width_m": 4.83,
    "channel_width_score": 1.0,
    "composite_score": 29.0524,
    "cso_density": 0.0,
    "dem_lat": 35.625221,
    "dem_lon": -80.575248,
    "ej_index": 0.7108,
    "elevation_m": 211.9114,
    "estuary_dist_km": 415.39,
    "feasibility_score": 65.7143,
    "flood_q10_cfs": 426.57,
    "flow_score": 21.4163,
    "flow_velocity_ms": 0.0664,
    "generation_score": 12.1304,
    "impact_score": 34.0068,
    "impervious_pct": 2.08,
    "land_ownership": 0.5,
    "lat": 35.6252,
    "litter_complaint_density": 0.0,
    "lon": -80.5752,
    "npdes_points": 0,
    "pixel_col": 114.0,
    "pixel_row": 1316.0,
    "population_density": 244.5,
    "position_along": 0.25,
    "protected_area_score": 0.0,
    "rank": 91,
    "river_name": "Little Creek",
    "road_access_m": 320.0,
    "road_access_score": 0.8,
    "road_density_km_km2": 1.862,
    "robustness_pct": 0.0,
    "runoff_coeff_C": 0.0687,
    "seasonal_cv": 0.4471,
    "segment_id": 48,
    "segment_length_m": 3158.2648,
    "snap_dist_m": 0.9,
    "stream_order": 3,
    "superfund_score": 0.0,
    "tourism_amenity_density": 0.557,
    "tri_facility_density": 0.0,
    "usgs_mean_q_cfs": 9.73,
    "velocity_feasibility": 0.7,
    "water_intake_score": 0.0
   },
   "type": "Feature"
  },
  {
   "geometry": {
    "coordinates": [
     -80.562263,
     35.637763
    ],
    "type": "Point"
   },
   "properties": {
    "accumulation": 32297.0,
    "bank_slope_deg": 1.33,
    "bank_slope_score": 1.0,
    "beach_dist_km": 298.45,
    "bridge_proximity_bonus": 0.0,
    "catchment_area_km2": 3.2208,
    "channel_width_m": 5.07,
    "channel_width_score": 1.0,
    "composite_score": 28.8595,
    "cso_density": 0.0,
    "ej_index": 0.6461,
    "elevation_m": 210.7382,
    "estuary_dist_km": 414.41,
    "feasibility_score": 65.7143,
    "flood_q10_cfs": 494.65,
    "flow_score": 20.2224,
    "flow_velocity_ms": 0.0788,
    "generation_score": 14.4957,
    "impact_score": 31.9934,
    "impervious_pct": 5.53,
    "land_ownership": 0.5,
    "lat": 35.6378,
    "litter_complaint_density": 0.0,
    "lon": -80.5623,
    "npdes_points": 0,
    "pixel_col": 231.0,
    "pixel_row": 1177.0,
    "population_density": 219.9,
    "position_along": 0.5,
    "protected_area_score": 0.0,
    "rank": 92,
    "river_name": "Little Creek",
    "road_access_m": 404.7,
    "road_access_score": 0.8,
    "road_density_km_km2": 2.498,
    "robustness_pct": 0.0,
    "runoff_coeff_C": 0.0998,
    "seasonal_cv": 0.431,
    "segment_id": 32,
    "segment_length_m": 2359.5386,
    "stream_order": 3,
    "superfund_score": 0.0,
    "tourism_amenity_density": 0.0,
    "tri_facility_density": 0.0,
    "usgs_mean_q_cfs": 2.087,
    "velocity_feasibility": 0.7,
    "water_intake_score": 0.0
   },
   "type": "Feature"
  },
  {
   "geometry": {
    "coordinates": [
     -80.560978,
     35.629534
    ],
    "type": "Point"
   },
   "properties": {
    "accumulation": 58332.0,
    "bank_slope_deg": 2.75,
    "bank_slope_score": 1.0,
    "beach_dist_km": 297.89,
    "bridge_proximity_bonus": 0.0,
    "catchment_area_km2": 5.8171,
    "channel_width_m": 6.48,
    "channel_width_score": 1.0,
    "composite_score": 28.5679,
    "cso_density": 0.0,
    "dem_lat": 35.629699,
    "dem_lon": -80.56097,
    "ej_index": 0.6747,
    "elevation_m": 208.956,
    "estuary_dist_km": 414.18,
    "feasibility_score": 56.1905,
    "flood_q10_cfs": 727.04,
    "flow_score": 24.1035,
    "flow_velocity_ms": 0.1001,
    "generation_score": 13.029,
    "impact_score": 34.0157,
    "impervious_pct": 2.08,
    "land_ownership": 0.5,
    "lat": 35.6297,
    "litter_complaint_density": 0.0,
    "lon": -80.561,
    "npdes_points": 0,
    "pixel_col": 243.0,
    "pixel_row": 1264.0,
    "population_density": 251.6,
    "position_along": 0.75,
    "protected_area_score": 0.0,
    "rank": 93,
    "river_name": "Little Creek",
    "road_access_m": 679.2,
    "road_access_score": 0.6,
    "road_density_km_km2": 2.275,
    "robustness_pct": 0.0,
    "runoff_coeff_C": 0.0687,
    "seasonal_cv": 0.4471,
    "segment_id": 48,
    "segment_length_m": 3158.2648,
    "snap_dist_m": 18.3,
    "stream_order": 3,
    "superfund_score": 0.0,
    "tourism_amenity_density": 0.0,
    "tri_facility_density": 0.0,
    "usgs_mean_q_cfs": 9.73,
    "velocity_feasibility": 0.7,
    "water_intake_score": 0.0
   },
   "type": "Feature"
  },
  {
   "geometry": {
    "coordinates": [
     -80.53801,
     35.596117
    ],
    "type": "Point"
   },
   "properties": {
    "accumulation": 35670.0,
    "bank_slope_deg": 0.99,
    "bank_slope_score": 1.0,
    "beach_dist_km": 294.21,
    "bridge_proximity_bonus": 0.0,
    "catchment_area_km2": 3.5572,
    "channel_width_m": 5.28,
    "channel_width_score": 1.0,
    "composite_score": 26.3483,
    "cso_density": 0.0,
    "dem_lat": 35.596286,
    "dem_lon": -80.538239,
    "ej_index": 0.2743,
    "elevation_m": 232.5376,
    "estuary_dist_km": 411.66,
    "feasibility_score": 60.0,
    "flood_q10_cfs": 553.92,
    "flow_score": 20.374,
    "flow_velocity_ms": 0.0375,
    "generation_score": 14.9787,
    "impact_score": 25.8708,
    "impervious_pct": 7.72,
    "land_ownership": 0.5,
    "lat": 35.5963,
    "litter_complaint_density": 0.0,
    "lon": -80.5382,
    "npdes_points": 0,
    "pixel_col": 451.0,
    "pixel_row": 1633.0,
    "population_density": 120.2,
    "position_along": 0.5,
    "protected_area_score": 0.0,
    "rank": 94,
    "river_name": "Town Creek",
    "road_access_m": 188.7,
    "road_access_score": 1.0,
    "road_density_km_km2": 4.385,
    "robustness_pct": 0.0,
    "runoff_coeff_C": 0.1195,
    "seasonal_cv": 0.4174,
    "segment_id": 65,
    "segment_length_m": 2763.9557,
    "snap_dist_m": 27.9,
    "stream_order": 3,
    "superfund_score": 0.0,
    "tourism_amenity_density": 0.0,
    "tri_facility_density": 0.0,
    "usgs_mean_q_cfs": 2.272,
    "velocity_feasibility": 0.3,
    "water_intake_score": 0.0
   },
   "type": "Feature"
  },
  {
   "geometry": {
    "coordinates": [
     -80.561963,
     35.667327
    ],
    "type": "Point"
   },
   "properties": {
    "accumulation": 34056.0,
    "bank_slope_deg": 1.94,
    "bank_slope_score": 1.0,
    "beach_dist_km": 300.17,
    "bridge_proximity_bonus": 0.0,
    "catchment_area_km2": 3.3962,
    "channel_width_m": 5.18,
    "channel_width_score": 1.0,
    "composite_score": 24.712,
    "cso_density": 0.0,
    "dem_lat": 35.667407,
    "dem_lon": -80.562115,
    "ej_index": 0.5201,
    "elevation_m": 214.4302,
    "estuary_dist_km": 414.86,
    "feasibility_score": 60.0,
    "flood_q10_cfs": 483.98,
    "flow_score": 18.8409,
    "flow_velocity_ms": 0.0364,
    "generation_score": 11.5086,
    "impact_score": 25.1641,
    "impervious_pct": 2.0,
    "land_ownership": 0.5,
    "lat": 35.6674,
    "litter_complaint_density": 0.0,
    "lon": -80.5621,
    "npdes_points": 1,
    "pixel_col": 231.0,
    "pixel_row": 843.0,
    "population_density": 115.5,
    "position_along": 0.1667,
    "protected_area_score": 0.0,
    "rank": 95,
    "river_name": "Draft Branch",
    "road_access_m": 59.4,
    "road_access_score": 1.0,
    "road_density_km_km2": 2.759,
    "robustness_pct": 0.0,
    "runoff_coeff_C": 0.068,
    "seasonal_cv": 0.4265,
    "segment_id": 24,
    "segment_length_m": 5167.1599,
    "snap_dist_m": 16.3,
    "stream_order": 3,
    "superfund_score": 0.0,
    "tourism_amenity_density": 0.2387,
    "tri_facility_density": 0.0,
    "usgs_mean_q_cfs": 1.688,
    "velocity_feasibility": 0.3,
    "water_intake_score": 0.0
   },
   "type": "Feature"
  },
  {
   "geometry": {
    "coordinates": [
     -80.405892,
     35.725618
    ],
    "type": "Point"
   },
   "properties": {
    "accumulation": 22313.0,
    "bank_slope_deg": 0.0,
    "bank_slope_score": 1.0,
    "beach_dist_km": 291.9,
    "bridge_proximity_bonus": 0.0,
    "catchment_area_km2": 2.2252,
    "channel_width_m": 4.35,
    "channel_width_score": 1.0,
    "composite_score": 23.648,
    "cso_density": 0.0,
    "ej_index": 0.5139,
    "elevation_m": 189.6028,
    "estuary_dist_km": 401.92,
    "feasibility_score": 40.9524,
    "flood_q10_cfs": 347.63,
    "flow_score": 3.6433,
    "flow_velocity_ms": 0.0324,
    "generation_score": 3.2298,
    "impact_score": 52.0845,
    "impervious_pct": 1.3,
    "land_ownership": 0.5,
    "lat": 35.7256,
    "litter_complaint_density": 0.0,
    "lon": -80.4059,
    "npdes_points": 0,
    "pixel_col": 1642.0,
    "pixel_row": 193.0,
    "population_density": 91.2,
    "position_along": 0.5,
    "protected_area_score": 0.0,
    "rank": 96,
    "river_name": "Yadkin River",
    "road_access_m": 753.9,
    "road_access_score": 0.6,
    "road_density_km_km2": 0.254,
    "robustness_pct": 0.0,
    "runoff_coeff_C": 0.0617,
    "seasonal_cv": 0.4598,
    "segment_id": 5,
    "segment_length_m": 477.3317,
    "stream_order": 1,
    "superfund_score": 0.0,
    "tourism_amenity_density": 0.3979,
    "tri_facility_density": 0.0,
    "usgs_mean_q_cfs": 3.068,
    "velocity_feasibility": 0.3,
    "water_intake_score": 0.0
   },
   "type": "Feature"
  },
  {
   "geometry": {
    "coordinates": [
     -80.567981,
     35.736142
    ],
    "type": "Point"
   },
   "properties": {
    "accumulation": 23205.0,
    "bank_slope_deg": 5.33,
    "bank_slope_score": 1.0,
    "beach_dist_km": 304.71,
    "bridge_proximity_bonus": 0.0,
    "catchment_area_km2": 2.3141,
    "channel_width_m": 4.42,
    "channel_width_score": 1.0,
    "composite_score": 21.3727,
    "cso_density": 0.0,
    "dem_lat": 35.736123,
    "dem_lon": -80.567956,
    "ej_index": 0.4397,
    "elevation_m": 195.8416,
    "estuary_dist_km": 416.54,
    "feasibility_score": 67.619,
    "flood_q10_cfs": 350.0,
    "flow_score": 26.1965,
    "flow_velocity_ms": 0.5,
    "generation_score": 1.1987,
    "impact_score": 14.4037,
    "impervious_pct": null,
    "land_ownership": 0.5,
    "lat": 35.7361,
    "litter_complaint_density": 0.0,
    "lon": -80.568,
    "npdes_points": 0,
    "pixel_col": 174.0,
    "pixel_row": 82.0,
    "population_density": 51.7,
    "position_along": 0.5,
    "protected_area_score": 0.0,
    "rank": 97,
    "river_name": "Second Creek",
    "road_access_m": 899.8,
    "road_access_score": 0.6,
    "road_density_km_km2": 0.511,
    "robustness_pct": 0.0,
    "runoff_coeff_C": null,
    "seasonal_cv": null,
    "segment_id": 2,
    "segment_length_m": 1411.4347,
    "snap_dist_m": 3.1,
    "stream_order": 1,
    "superfund_score": 0.0,
    "tourism_amenity_density": 0.0,
    "tri_facility_density": 0.0,
    "usgs_mean_q_cfs": null,
    "velocity_feasibility": 1.0,
    "water_intake_score": 0.0
   },
   "type": "Feature"
  },
  {
   "geometry": {
    "coordinates": [
     -80.421306,
     35.727674
    ],
    "type": "Point"
   },
   "properties": {
    "accumulation": 36034.0,
    "bank_slope_deg": 0.07,
    "bank_slope_score": 1.0,
    "beach_dist_km": 293.18,
    "bridge_proximity_bonus": 0.0,
    "catchment_area_km2": 3.5935,
    "channel_width_m": 5.31,
    "channel_width_score": 1.0,
    "composite_score": 20.3953,
    "cso_density": 0.0,
    "ej_index": 0.5358,
    "elevation_m": 189.8145,
    "estuary_dist_km": 403.33,
    "feasibility_score": 26.6667,
    "flood_q10_cfs": 494.86,
    "flow_score": 4.4327,
    "flow_velocity_ms": 0.0364,
    "generation_score": 2.186,
    "impact_score": 48.7712,
    "impervious_pct": 0.84,
    "land_ownership": 0.5,
    "lat": 35.7277,
    "litter_complaint_density": 0.0,
    "lon": -80.4213,
    "npdes_points": 0,
    "pixel_col": 1503.0,
    "pixel_row": 171.0,
    "population_density": 82.0,
    "position_along": 0.5,
    "protected_area_score": 0.0,
    "rank": 98,
    "river_name": "Yadkin River",
    "road_access_m": 1049.7,
    "road_access_score": 0.3,
    "road_density_km_km2": 0.007,
    "robustness_pct": 0.0,
    "runoff_coeff_C": 0.0576,
    "seasonal_cv": 0.4372,
    "segment_id": 1,
    "segment_length_m": 2043.112,
    "stream_order": 1,
    "superfund_score": 0.0,
    "tourism_amenity_density": 0.0,
    "tri_facility_density": 0.0,
    "usgs_mean_q_cfs": 1.306,
    "velocity_feasibility": 0.3,
    "water_intake_score": 0.0
   },
   "type": "Feature"
  },
  {
   "geometry": {
    "coordinates": [
     -80.553101,
     35.726818
    ],
    "type": "Point"
   },
   "properties": {
    "accumulation": 48791.0,
    "bank_slope_deg": 3.39,
    "bank_slope_score": 1.0,
    "beach_dist_km": 303.03,
    "bridge_proximity_bonus": 0.0,
    "catchment_area_km2": 4.8657,
    "channel_width_m": 6.02,
    "channel_width_score": 1.0,
    "composite_score": 19.6727,
    "cso_density": 0.0,
    "ej_index": 0.4994,
    "elevation_m": 203.4151,
    "estuary_dist_km": 415.05,
    "feasibility_score": 65.7143,
    "flood_q10_cfs": 637.93,
    "flow_score": 7.7535,
    "flow_velocity_ms": 0.125,
    "generation_score": 5.6802,
    "impact_score": 20.5772,
    "impervious_pct": 2.3,
    "land_ownership": 0.5,
    "lat": 35.7268,
    "litter_complaint_density": 0.0,
    "lon": -80.5531,
    "npdes_points": 0,
    "pixel_col": 305.0,
    "pixel_row": 183.0,
    "population_density": 69.0,
    "position_along": 0.5,
    "protected_area_score": 0.0,
    "rank": 99,
    "river_name": null,
    "road_access_m": 312.7,
    "road_access_score": 0.8,
    "road_density_km_km2": 1.994,
    "robustness_pct": 0.0,
    "runoff_coeff_C": 0.0707,
    "seasonal_cv": 0.4381,
    "segment_id": 8,
    "segment_length_m": 2482.0904,
    "stream_order": 1,
    "superfund_score": 0.0,
    "tourism_amenity_density": 0.0,
    "tri_facility_density": 0.0,
    "usgs_mean_q_cfs": 2.31,
    "velocity_feasibility": 0.7,
    "water_intake_score": 0.0
   },
   "type": "Feature"
  },
  {
   "geometry": {
    "coordinates": [
     -80.566588,
     35.676242
    ],
    "type": "Point"
   },
   "properties": {
    "accumulation": 27832.0,
    "bank_slope_deg": 2.47,
    "bank_slope_score": 1.0,
    "beach_dist_km": 301.03,
    "bridge_proximity_bonus": 0.0,
    "catchment_area_km2": 2.7755,
    "channel_width_m": 4.77,
    "channel_width_score": 1.0,
    "composite_score": 19.6408,
    "cso_density": 0.0,
    "ej_index": 0.5126,
    "elevation_m": 216.7654,
    "estuary_dist_km": 415.4,
    "feasibility_score": 65.7143,
    "flood_q10_cfs": 409.98,
    "flow_score": 4.7298,
    "flow_velocity_ms": 0.057,
    "generation_score": 5.2913,
    "impact_score": 23.3796,
    "impervious_pct": 1.21,
    "land_ownership": 0.5,
    "lat": 35.6762,
    "litter_complaint_density": 0.0,
    "lon": -80.5666,
    "npdes_points": 0,
    "pixel_col": 190.0,
    "pixel_row": 748.0,
    "population_density": 104.3,
    "position_along": 0.5,
    "protected_area_score": 0.0,
    "rank": 100,
    "river_name": "Draft Branch",
    "road_access_m": 461.8,
    "road_access_score": 0.8,
    "road_density_km_km2": 1.324,
    "robustness_pct": 0.0,
    "runoff_coeff_C": 0.0609,
    "seasonal_cv": 0.4312,
    "segment_id": 21,
    "segment_length_m": 1253.9563,
    "stream_order": 1,
    "superfund_score": 0.0,
    "tourism_amenity_density": 0.3183,
    "tri_facility_density": 0.0,
    "usgs_mean_q_cfs": 2.157,
    "velocity_feasibility": 0.7,
    "water_intake_score": 0.0
   },
   "type": "Feature"
  },
  {
   "geometry": {
    "coordinates": [
     -80.578501,
     35.710171
    ],
    "type": "Point"
   },
   "properties": {
    "accumulation": 43660.0,
    "bank_slope_deg": 3.14,
    "bank_slope_score": 1.0,
    "beach_dist_km": 303.96,
    "bridge_proximity_bonus": 0.0,
    "catchment_area_km2": 4.354,
    "channel_width_m": 5.75,
    "channel_width_score": 1.0,
    "composite_score": 17.5018,
    "cso_density": 0.0,
    "dem_lat": 35.710175,
    "dem_lon": -80.5786,
    "ej_index": 0.5232,
    "elevation_m": 206.3273,
    "estuary_dist_km": 417.04,
    "feasibility_score": 56.1905,
    "flood_q10_cfs": 585.25,
    "flow_score": 6.9915,
    "flow_velocity_ms": 0.102,
    "generation_score": 5.8399,
    "impact_score": 18.5779,
    "impervious_pct": 2.16,
    "land_ownership": 0.5,
    "lat": 35.7102,
    "litter_complaint_density": 0.0,
    "lon": -80.5786,
    "npdes_points": 0,
    "pixel_col": 77.0,
    "pixel_row": 369.0,
    "population_density": 79.8,
    "position_along": 0.5,
    "protected_area_score": 0.0,
    "rank": 101,
    "river_name": "Walnut Branch",
    "road_access_m": 541.7,
    "road_access_score": 0.6,
    "road_density_km_km2": 1.886,
    "robustness_pct": 0.0,
    "runoff_coeff_C": 0.0694,
    "seasonal_cv": 0.4294,
    "segment_id": 15,
    "segment_length_m": 2846.7348,
    "snap_dist_m": 8.9,
    "stream_order": 1,
    "superfund_score": 0.0,
    "tourism_amenity_density": 0.3979,
    "tri_facility_density": 0.0,
    "usgs_mean_q_cfs": 2.239,
    "velocity_feasibility": 0.7,
    "water_intake_score": 0.0
   },
   "type": "Feature"
  },
  {
   "geometry": {
    "coordinates": [
     -80.515083,
     35.738345
    ],
    "type": "Point"
   },
   "properties": {
    "accumulation": 68492.0,
    "bank_slope_deg": 2.2,
    "bank_slope_score": 1.0,
    "beach_dist_km": 300.87,
    "bridge_proximity_bonus": 0.0,
    "catchment_area_km2": 6.8304,
    "channel_width_m": 6.93,
    "channel_width_score": 1.0,
    "composite_score": 15.5946,
    "cso_density": 0.0,
    "dem_lat": 35.738443,
    "dem_lon": -80.515118,
    "ej_index": 0.1654,
    "elevation_m": 206.5201,
    "estuary_dist_km": 411.88,
    "feasibility_score": 56.1905,
    "flood_q10_cfs": 809.71,
    "flow_score": 8.1765,
    "flow_velocity_ms": 0.0986,
    "generation_score": 2.7532,
    "impact_score": 14.3198,
    "impervious_pct": 1.32,
    "land_ownership": 0.5,
    "lat": 35.7384,
    "litter_complaint_density": 0.0,
    "lon": -80.5151,
    "npdes_points": 0,
    "pixel_col": 653.0,
    "pixel_row": 55.0,
    "population_density": 60.7,
    "position_along": 0.75,
    "protected_area_score": 0.0,
    "rank": 102,
    "river_name": "Deals Creek",
    "road_access_m": 631.9,
    "road_access_score": 0.6,
    "road_density_km_km2": 0.712,
    "robustness_pct": 0.0,
    "runoff_coeff_C": 0.0619,
    "seasonal_cv": 0.4537,
    "segment_id": 7,
    "segment_length_m": 3275.139,
    "snap_dist_m": 11.3,
    "stream_order": 1,
    "superfund_score": 0.0,
    "tourism_amenity_density": 0.0,
    "tri_facility_density": 0.0,
    "usgs_mean_q_cfs": 3.176,
    "velocity_feasibility": 0.7,
    "water_intake_score": 0.0
   },
   "type": "Feature"
  },
  {
   "geometry": {
    "coordinates": [
     -80.518291,
     35.725977
    ],
    "type": "Point"
   },
   "properties": {
    "accumulation": 33708.0,
    "bank_slope_deg": 1.26,
    "bank_slope_score": 1.0,
    "beach_dist_km": 300.32,
    "bridge_proximity_bonus": 0.0,
    "catchment_area_km2": 3.3615,
    "channel_width_m": 5.16,
    "channel_width_score": 1.0,
    "composite_score": 14.1406,
    "cso_density": 0.0,
    "dem_lat": 35.725943,
    "dem_lon": -80.517965,
    "ej_index": 0.0868,
    "elevation_m": 213.6258,
    "estuary_dist_km": 411.9,
    "feasibility_score": 56.1905,
    "flood_q10_cfs": 474.56,
    "flow_score": 6.2229,
    "flow_velocity_ms": 0.1107,
    "generation_score": 1.8669,
    "impact_score": 11.9873,
    "impervious_pct": 1.32,
    "land_ownership": 0.5,
    "lat": 35.7259,
    "litter_complaint_density": 0.0,
    "lon": -80.518,
    "npdes_points": 0,
    "pixel_col": 626.0,
    "pixel_row": 191.0,
    "population_density": 53.1,
    "position_along": 0.25,
    "protected_area_score": 0.0,
    "rank": 103,
    "river_name": "Deals Creek",
    "road_access_m": 650.3,
    "road_access_score": 0.6,
    "road_density_km_km2": 0.32,
    "robustness_pct": 0.0,
    "runoff_coeff_C": 0.0619,
    "seasonal_cv": 0.4537,
    "segment_id": 7,
    "segment_length_m": 3275.139,
    "snap_dist_m": 29.7,
    "stream_order": 1,
    "superfund_score": 0.0,
    "tourism_amenity_density": 0.0796,
    "tri_facility_density": 0.0,
    "usgs_mean_q_cfs": 3.176,
    "velocity_feasibility": 0.7,
    "water_intake_score": 0.0
   },
   "type": "Feature"
  }
 ],
 "note": "GRIME region 'Salisbury, NC' \u2014 real-data pipeline (DEM\u2192streams\u2192candidates\u2192region-appropriate real parameters\u2192shipped scoring, math unchanged). Width curve: Bieger et al. 2015 JAWRA Table 3, Appalachian Highlands. Flood: SIR 2014-5030 HR1. NC Piedmont (DEQ physiography polygon); merged nearby towns: Spencer, Granite Quarry, East Spencer, Faith",
 "provenance": {
  "candidates_pre_gate": 103,
  "constant": [
   "bank_slope_score",
   "cso_density",
   "land_ownership",
   "litter_complaint_density",
   "protected_area_score",
   "superfund_score",
   "water_intake_score"
  ],
  "hard_gate_removed": 0,
  "n_parameters": 27,
  "parameters": {
   "bank_slope_score": {
    "kind": "real",
    "n_real": 103,
    "n_sites": 103,
    "source": "region DEM gradient (3x3)"
   },
   "beach_dist_km": {
    "kind": "real",
    "n_real": 103,
    "n_sites": 103,
    "source": "haversine to region ref: Wrightsville Beach (shipped NC reference)"
   },
   "bridge_proximity_bonus": {
    "kind": "real",
    "n_real": 103,
    "n_sites": 103,
    "source": "FHWA/BTS NBI (NTAD), 50 m proximity"
   },
   "catchment_area_km2": {
    "kind": "real",
    "n_real": 103,
    "n_sites": 103,
    "source": "DEM flow accumulation (pipeline)"
   },
   "channel_width_score": {
    "kind": "real",
    "n_real": 103,
    "n_sites": 103,
    "source": "Bieger 2015 AHI width curve on DEM drainage area \u2192 shipped width curve"
   },
   "cso_density": {
    "kind": "real",
    "n_real": 103,
    "n_sites": 103,
    "source": "EPA ECHO CSO inventory (national bulk), Cauchy proximity"
   },
   "ej_index": {
    "kind": "real",
    "n_real": 103,
    "n_sites": 103,
    "source": "Census ACS C17002+B03002 two-component demographic index, percentile-ranked within region"
   },
   "estuary_dist_km": {
    "kind": "real",
    "n_real": 103,
    "n_sites": 103,
    "source": "haversine to region ref: Pamlico Sound (shipped NC reference)"
   },
   "flood_q10_cfs": {
    "kind": "real",
    "n_real": 103,
    "n_sites": 103,
    "source": "USGS SIR 2014-5030 Table 7 HR1 (NC Piedmont only)"
   },
   "flow_velocity_ms": {
    "kind": "real",
    "n_real": 95,
    "n_sites": 103,
    "source": "Manning (region DEM/D8) blended with EROM continuity (shipped M4 logic)"
   },
   "impervious_pct": {
    "kind": "real",
    "n_real": 95,
    "n_sites": 103,
    "source": "EPA StreamCat pctimp2019 (per NHDPlus watershed)"
   },
   "land_ownership": {
    "kind": "fallback",
    "n_real": 0,
    "n_sites": 103,
    "source": "no parcel integration for this region (Durham only) \u2014 unknown 0.5"
   },
   "litter_complaint_density": {
    "kind": "fallback",
    "n_real": 0,
    "n_sites": 103,
    "source": "no machine-readable 311/litter source for this region"
   },
   "npdes_points": {
    "kind": "real",
    "n_real": 103,
    "n_sites": 103,
    "source": "EPA ECHO NPDES outfalls (national bulk), per catchment"
   },
   "population_density": {
    "kind": "real",
    "n_real": 103,
    "n_sites": 103,
    "source": "Census ACS 2022 B01003 block groups (bbox, multi-county), area-weighted"
   },
   "protected_area_score": {
    "kind": "fallback",
    "n_real": 0,
    "n_sites": 103,
    "source": "PAD-US services unreachable; OSM proxy saturates \u2014 documented fallback"
   },
   "road_access_score": {
    "kind": "real",
    "n_real": 103,
    "n_sites": 103,
    "source": "OSM drive network nearest-node distance"
   },
   "road_density_km_km2": {
    "kind": "real",
    "n_real": 103,
    "n_sites": 103,
    "source": "OSM drive network (osmnx, cached) clipped per catchment"
   },
   "runoff_coeff_C": {
    "kind": "real",
    "n_real": 95,
    "n_sites": 103,
    "source": "derived from real impervious_pct (C=0.05+0.009*I)"
   },
   "seasonal_cv": {
    "kind": "real",
    "n_real": 95,
    "n_sites": 103,
    "source": "CV of NHDPlus EROM monthly flows per COMID"
   },
   "stream_order": {
    "kind": "real",
    "n_real": 103,
    "n_sites": 103,
    "source": "DEM stream-network confluence heuristic (pipeline)"
   },
   "superfund_score": {
    "kind": "fallback",
    "n_real": 0,
    "n_sites": 103,
    "source": "not wired (low weight; roadmap)"
   },
   "tourism_amenity_density": {
    "kind": "real",
    "n_real": 103,
    "n_sites": 103,
    "source": "OSM leisure/tourism features per 2 km radius"
   },
   "tri_facility_density": {
    "kind": "real",
    "n_real": 103,
    "n_sites": 103,
    "source": "EPA Envirofacts TRI state=NC (sign-fixed), per catchment"
   },
   "usgs_mean_q_cfs": {
    "kind": "real",
    "n_real": 95,
    "n_sites": 103,
    "source": "NHDPlus EROM qe_ma per COMID (snap-guarded)"
   },
   "velocity_feasibility": {
    "kind": "real",
    "n_real": 95,
    "n_sites": 103,
    "source": "shipped step curve on the computed velocity"
   },
   "water_intake_score": {
    "kind": "fallback",
    "n_real": 0,
    "n_sites": 103,
    "source": "no public surface-intake point layer (NC OneMap is wells-only and NC-only)"
   }
  },
  "varying": [
   "beach_dist_km",
   "bridge_proximity_bonus",
   "catchment_area_km2",
   "channel_width_score",
   "ej_index",
   "estuary_dist_km",
   "flood_q10_cfs",
   "flow_velocity_ms",
   "impervious_pct",
   "npdes_points",
   "population_density",
   "road_access_score",
   "road_density_km_km2",
   "runoff_coeff_C",
   "seasonal_cv",
   "stream_order",
   "tourism_amenity_density",
   "tri_facility_density",
   "usgs_mean_q_cfs",
   "velocity_feasibility"
  ]
 },
 "region": {
  "bbox": [
   -80.587,
   35.572,
   -80.385,
   35.7428
  ],
  "beach_ref": {
   "label": "Wrightsville Beach (shipped NC reference)",
   "lat": 34.21,
   "lon": -77.79
  },
  "center": [
   -80.492629,
   35.666161
  ],
  "estuary_ref": {
   "label": "Pamlico Sound (shipped NC reference)",
   "lat": 35.05,
   "lon": -76.05
  },
  "flood_method": "sir2014_hr1",
  "name": "Salisbury, NC",
  "notes": "NC Piedmont (DEQ physiography polygon); merged nearby towns: Spencer, Granite Quarry, East Spencer, Faith",
  "slug": "salisbury",
  "state": "NC",
  "utm_epsg": 32617,
  "width_curve": {
   "a": 3.12,
   "b": 0.415,
   "code": "AHI",
   "source": "Bieger et al. 2015 JAWRA Table 3, Appalachian Highlands"
  }
 },
 "streams": {
  "features": [
   {
    "geometry": {
     "coordinates": [
      [
       [
        -80.443371,
        35.595729
       ],
       [
        -80.44335,
        35.59543
       ],
       [
        -80.442855,
        35.594629
       ],
       [
        -80.442662,
        35.593432
       ],
       [
        -80.442961,
        35.592442
       ],
       [
        -80.442913,
        35.592332
       ],
       [
        -80.442667,
        35.592221
       ]
      ],
      [
       [
        -80.4426,
        35.592147
       ],
       [
        -80.442278,
        35.591718
       ],
       [
        -80.441806,
        35.5915
       ],
       [
        -80.441583,
        35.591302
       ],
       [
        -80.44103,
        35.591084
       ],
       [
        -80.440767,
        35.590865
       ],
       [
        -80.440462,
        35.590415
       ],
       [
        -80.439814,
        35.59001
       ],
       [
        -80.43954,
        35.589726
       ]
      ],
      [
       [
        -80.439379,
        35.589697
       ],
       [
        -80.438177,
        35.58931
       ],
       [
        -80.438068,
        35.589146
       ],
       [
        -80.438033,
        35.588772
       ],
       [
        -80.437406,
        35.588411
       ],
       [
        -80.436866,
        35.588231
       ],
       [
        -80.435947,
        35.588243
       ],
       [
        -80.435468,
        35.588569
       ],
       [
        -80.433559,
        35.588964
       ],
       [
        -80.433,
        35.588981
       ],
       [
        -80.431054,
        35.58859
       ],
       [
        -80.429828,
        35.58823
       ],
       [
        -80.429235,
        35.588133
       ],
       [
        -80.428149,
        35.587706
       ],
       [
        -80.427454,
        35.586966
       ],
       [
        -80.427198,
        35.58689
       ],
       [
        -80.425407,
        35.586636
       ],
       [
        -80.424372,
        35.58661
       ],
       [
        -80.423875,
        35.58715
       ],
       [
        -80.423312,
        35.587214
       ]
      ],
      [
       [
        -80.423113,
        35.587256
       ],
       [
        -80.422638,
        35.587411
       ],
       [
        -80.422355,
        35.587302
       ],
       [
        -80.421924,
        35.58733
       ],
       [
        -80.421654,
        35.587226
       ],
       [
        -80.421298,
        35.587381
       ],
       [
        -80.421118,
        35.587722
       ],
       [
        -80.420849,
        35.58775
       ],
       [
        -80.420567,
        35.587954
       ],
       [
        -80.420204,
        35.587878
       ],
       [
        -80.419895,
        35.588104
       ],
       [
        -80.41972,
        35.588093
       ],
       [
        -80.419559,
        35.588231
       ],
       [
        -80.41929,
        35.588308
       ],
       [
        -80.419048,
        35.588243
       ],
       [
        -80.418866,
        35.588282
       ],
       [
        -80.418585,
        35.588739
       ],
       [
        -80.418633,
        35.58903
       ],
       [
        -80.418554,
        35.589195
       ],
       [
        -80.417614,
        35.589774
       ],
       [
        -80.417237,
        35.589862
       ],
       [
        -80.416915,
        35.590105
       ],
       [
        -80.416135,
        35.590365
       ],
       [
        -80.414898,
        35.590538
       ],
       [
        -80.414374,
        35.590902
       ],
       [
        -80.413486,
        35.590854
       ],
       [
        -80.413137,
        35.590992
       ],
       [
        -80.412396,
        35.59084
       ],
       [
        -80.411885,
        35.590989
       ],
       [
        -80.411147,
        35.591661
       ],
       [
        -80.409817,
        35.592252
       ],
       [
        -80.409536,
        35.59256
       ],
       [
        -80.408675,
        35.592699
       ],
       [
        -80.408138,
        35.593102
       ],
       [
        -80.407869,
        35.59308
       ],
       [
        -80.407573,
        35.593224
       ],
       [
        -80.407089,
        35.59328
       ],
       [
        -80.405862,
        35.592799
       ],
       [
        -80.404757,
        35.592251
       ],
       [
        -80.40374,
        35.592285
       ],
       [
        -80.403123,
        35.592766
       ],
       [
        -80.402515,
        35.593877
       ],
       [
        -80.401697,
        35.594692
       ],
       [
        -80.401214,
        35.594995
       ],
       [
        -80.400615,
        35.59504
       ],
       [
        -80.400481,
        35.595315
       ],
       [
        -80.400019,
        35.595855
       ],
       [
        -80.399887,
        35.596487
       ],
       [
        -80.399214,
        35.596724
       ],
       [
        -80.398798,
        35.597
       ],
       [
        -80.398725,
        35.597198
       ],
       [
        -80.398813,
        35.597346
       ],
       [
        -80.39911,
        35.597543
       ],
       [
        -80.399427,
        35.597619
       ],
       [
        -80.398995,
        35.598352
       ],
       [
        -80.398874,
        35.599324
       ],
       [
        -80.398,
        35.599672
       ],
       [
        -80.397746,
        35.599969
       ],
       [
        -80.397457,
        35.600113
       ],
       [
        -80.397251,
        35.600773
       ],
       [
        -80.397036,
        35.601097
       ],
       [
        -80.396232,
        35.601835
       ],
       [
        -80.396017,
        35.601885
       ],
       [
        -80.395842,
        35.602028
       ],
       [
        -80.395573,
        35.602073
       ],
       [
        -80.395057,
        35.6027
       ],
       [
        -80.395066,
        35.603354
       ],
       [
        -80.395679,
        35.603611
       ],
       [
        -80.395741,
        35.603897
       ],
       [
        -80.395998,
        35.604116
       ],
       [
        -80.395992,
        35.604297
       ],
       [
        -80.395837,
        35.604529
       ],
       [
        -80.395294,
        35.604975
       ],
       [
        -80.3951,
        35.605239
       ],
       [
        -80.394723,
        35.605338
       ],
       [
        -80.394307,
        35.605691
       ],
       [
        -80.393689,
        35.605978
       ],
       [
        -80.392872,
        35.607078
       ],
       [
        -80.392223,
        35.607454
       ],
       [
        -80.39159,
        35.608059
       ],
       [
        -80.391255,
        35.608642
       ],
       [
        -80.39133,
        35.608906
       ],
       [
        -80.391298,
        35.609246
       ],
       [
        -80.39113,
        35.609423
       ],
       [
        -80.390814,
        35.609544
       ],
       [
        -80.390573,
        35.609951
       ],
       [
        -80.390258,
        35.610117
       ],
       [
        -80.38976,
        35.61014
       ],
       [
        -80.38928,
        35.610577
       ],
       [
        -80.39049,
        35.611006
       ],
       [
        -80.390733,
        35.611336
       ],
       [
        -80.390857,
        35.611934
       ],
       [
        -80.390723,
        35.612281
       ],
       [
        -80.39098,
        35.612511
       ],
       [
        -80.390987,
        35.612731
       ],
       [
        -80.391157,
        35.613016
       ],
       [
        -80.391199,
        35.613467
       ],
       [
        -80.391024,
        35.613577
       ],
       [
        -80.391065,
        35.613747
       ],
       [
        -80.390984,
        35.613786
       ],
       [
        -80.390809,
        35.613726
       ],
       [
        -80.390749,
        35.613874
       ],
       [
        -80.390804,
        35.614083
       ],
       [
        -80.391148,
        35.614467
       ],
       [
        -80.39113,
        35.614874
       ],
       [
        -80.390902,
        35.615083
       ],
       [
        -80.390871,
        35.615918
       ],
       [
        -80.390966,
        35.616039
       ],
       [
        -80.391329,
        35.616159
       ],
       [
        -80.391391,
        35.616357
       ],
       [
        -80.391238,
        35.617017
       ],
       [
        -80.39132,
        35.61739
       ],
       [
        -80.391092,
        35.617654
       ],
       [
        -80.39142,
        35.618841
       ],
       [
        -80.391327,
        35.619192
       ],
       [
        -80.391455,
        35.61939
       ],
       [
        -80.391572,
        35.620093
       ],
       [
        -80.392032,
        35.620664
       ],
       [
        -80.392047,
        35.621169
       ],
       [
        -80.392753,
        35.622663
       ],
       [
        -80.39262,
        35.6233
       ],
       [
        -80.392065,
        35.62429
       ],
       [
        -80.391864,
        35.625173
       ],
       [
        -80.391403,
        35.626257
       ],
       [
        -80.390955,
        35.626596
       ],
       [
        -80.390295,
        35.626637
       ],
       [
        -80.389705,
        35.62695
       ],
       [
        -80.390325,
        35.62767
       ],
       [
        -80.390432,
        35.627758
       ],
       [
        -80.390762,
        35.627825
       ],
       [
        -80.390759,
        35.628069
       ],
       [
        -80.390622,
        35.628314
       ],
       [
        -80.390036,
        35.628906
       ],
       [
        -80.389634,
        35.629589
       ],
       [
        -80.388848,
        35.630049
       ],
       [
        -80.387578,
        35.631222
       ],
       [
        -80.387536,
        35.631422
       ],
       [
        -80.387747,
        35.631928
       ],
       [
        -80.387777,
        35.632336
       ],
       [
        -80.387641,
        35.632406
       ],
       [
        -80.387251,
        35.632361
       ],
       [
        -80.387007,
        35.632502
       ],
       [
        -80.386873,
        35.63244
       ],
       [
        -80.386549,
        35.632614
       ],
       [
        -80.386456,
        35.63313
       ],
       [
        -80.385531,
        35.633998
       ],
       [
        -80.385282,
        35.634102
       ],
       [
        -80.385122,
        35.634656
       ],
       [
        -80.384767,
        35.635109
       ],
       [
        -80.384859,
        35.635383
       ],
       [
        -80.384731,
        35.635461
       ],
       [
        -80.384399,
        35.635463
       ],
       [
        -80.384376,
        35.635566
       ],
       [
        -80.384529,
        35.635745
       ],
       [
        -80.384031,
        35.636013
       ]
      ],
      [
       [
        -80.383762,
        35.636182
       ],
       [
        -80.382967,
        35.636827
       ],
       [
        -80.382191,
        35.637028
       ],
       [
        -80.381959,
        35.637223
       ],
       [
        -80.381955,
        35.637708
       ],
       [
        -80.382141,
        35.637999
       ],
       [
        -80.38157,
        35.638546
       ],
       [
        -80.381474,
        35.638805
       ],
       [
        -80.382064,
        35.639719
       ],
       [
        -80.382298,
        35.639896
       ],
       [
        -80.38231,
        35.640013
       ],
       [
        -80.382127,
        35.640224
       ],
       [
        -80.381918,
        35.640219
       ],
       [
        -80.381798,
        35.640031
       ],
       [
        -80.381604,
        35.639953
       ],
       [
        -80.381198,
        35.640107
       ],
       [
        -80.380794,
        35.640105
       ],
       [
        -80.380607,
        35.639315
       ],
       [
        -80.380373,
        35.639077
       ],
       [
        -80.380076,
        35.639086
       ],
       [
        -80.379698,
        35.639249
       ],
       [
        -80.378945,
        35.639146
       ],
       [
        -80.378769,
        35.639238
       ],
       [
        -80.378469,
        35.639687
       ],
       [
        -80.377631,
        35.640571
       ],
       [
        -80.377302,
        35.641252
       ],
       [
        -80.377146,
        35.642042
       ],
       [
        -80.376832,
        35.64248
       ],
       [
        -80.376722,
        35.642786
       ],
       [
        -80.376749,
        35.644173
       ],
       [
        -80.376294,
        35.644529
       ],
       [
        -80.376137,
        35.644751
       ],
       [
        -80.375857,
        35.645913
       ],
       [
        -80.375727,
        35.646131
       ],
       [
        -80.375443,
        35.646224
       ],
       [
        -80.375146,
        35.6462
       ],
       [
        -80.374183,
        35.645886
       ],
       [
        -80.373962,
        35.645606
       ],
       [
        -80.373622,
        35.644892
       ],
       [
        -80.372179,
        35.643887
       ],
       [
        -80.371937,
        35.643892
       ],
       [
        -80.371876,
        35.643996
       ],
       [
        -80.371891,
        35.644962
       ],
       [
        -80.372203,
        35.645907
       ],
       [
        -80.371736,
        35.646362
       ],
       [
        -80.371352,
        35.64653
       ],
       [
        -80.370952,
        35.647034
       ],
       [
        -80.371042,
        35.647825
       ],
       [
        -80.370919,
        35.648302
       ],
       [
        -80.370703,
        35.648328
       ],
       [
        -80.370313,
        35.648217
       ],
       [
        -80.369396,
        35.648521
       ],
       [
        -80.368669,
        35.648595
       ],
       [
        -80.368291,
        35.64872
       ],
       [
        -80.36769,
        35.649119
       ],
       [
        -80.367907,
        35.649382
       ],
       [
        -80.368296,
        35.649567
       ],
       [
        -80.369303,
        35.649682
       ],
       [
        -80.36946,
        35.649806
       ],
       [
        -80.369389,
        35.650185
       ],
       [
        -80.36809,
        35.651083
       ],
       [
        -80.367868,
        35.651654
       ],
       [
        -80.367336,
        35.652228
       ],
       [
        -80.367338,
        35.652354
       ],
       [
        -80.366346,
        35.653122
       ],
       [
        -80.364478,
        35.653746
       ],
       [
        -80.364094,
        35.653694
       ],
       [
        -80.363179,
        35.653284
       ],
       [
        -80.362256,
        35.653547
       ],
       [
        -80.361341,
        35.654314
       ],
       [
        -80.361203,
        35.655325
       ],
       [
        -80.360899,
        35.655644
       ],
       [
        -80.36083,
        35.65615
       ],
       [
        -80.359382,
        35.657365
       ],
       [
        -80.358842,
        35.657434
       ],
       [
        -80.357692,
        35.658015
       ],
       [
        -80.356841,
        35.658025
       ],
       [
        -80.355439,
        35.657409
       ],
       [
        -80.354898,
        35.657415
       ],
       [
        -80.354664,
        35.657292
       ],
       [
        -80.353656,
        35.657113
       ],
       [
        -80.352574,
        35.657126
       ],
       [
        -80.351806,
        35.65745
       ],
       [
        -80.351043,
        35.658089
       ],
       [
        -80.350733,
        35.658029
       ],
       [
        -80.349111,
        35.658111
       ],
       [
        -80.348329,
        35.657614
       ],
       [
        -80.344311,
        35.657722
       ],
       [
        -80.341864,
        35.65915
       ],
       [
        -80.340475,
        35.659531
       ],
       [
        -80.338162,
        35.659935
       ]
      ]
     ],
     "type": "MultiLineString"
    },
    "properties": {
     "length_km": 17.7,
     "n_sites": 12,
     "name": "Church Creek",
     "order": 2,
     "riverKey": "church creek",
     "source": "osm",
     "waterway": "stream"
    },
    "type": "Feature"
   },
   {
    "geometry": {
     "coordinates": [
      [
       [
        -80.496335,
        35.560393
       ],
       [
        -80.496768,
        35.560333
       ],
       [
        -80.497549,
        35.560627
       ],
       [
        -80.49796,
        35.560662
       ],
       [
        -80.498576,
        35.560228
       ],
       [
        -80.499054,
        35.560231
       ],
       [
        -80.499645,
        35.560126
       ],
       [
        -80.500927,
        35.560552
       ],
       [
        -80.501573,
        35.561064
       ],
       [
        -80.50176,
        35.561558
       ],
       [
        -80.501712,
        35.563037
       ],
       [
        -80.501524,
        35.563708
       ],
       [
        -80.501416,
        35.564586
       ],
       [
        -80.501091,
        35.565367
       ],
       [
        -80.500929,
        35.566052
       ]
      ],
      [
       [
        -80.500829,
        35.566197
       ],
       [
        -80.500128,
        35.568174
       ],
       [
        -80.499741,
        35.568624
       ],
       [
        -80.499755,
        35.568723
       ],
       [
        -80.499008,
        35.569877
       ],
       [
        -80.49884,
        35.571262
       ],
       [
        -80.498398,
        35.571857
       ],
       [
        -80.497932,
        35.57276
       ],
       [
        -80.497895,
        35.573441
       ],
       [
        -80.498084,
        35.573605
       ],
       [
        -80.498098,
        35.573737
       ],
       [
        -80.497893,
        35.574375
       ],
       [
        -80.498267,
        35.5751
       ],
       [
        -80.498147,
        35.575402
       ],
       [
        -80.497729,
        35.575671
       ]
      ],
      [
       [
        -80.49773,
        35.575771
       ],
       [
        -80.497787,
        35.575969
       ],
       [
        -80.498211,
        35.576122
       ],
       [
        -80.498252,
        35.57627
       ],
       [
        -80.498421,
        35.576352
       ],
       [
        -80.499208,
        35.57768
       ],
       [
        -80.499251,
        35.578251
       ],
       [
        -80.499084,
        35.579922
       ],
       [
        -80.499641,
        35.581063
       ],
       [
        -80.49974,
        35.581877
       ],
       [
        -80.499527,
        35.582384
       ],
       [
        -80.49872,
        35.58335
       ],
       [
        -80.498586,
        35.583643
       ],
       [
        -80.49862,
        35.584088
       ],
       [
        -80.498407,
        35.584441
       ],
       [
        -80.498128,
        35.585255
       ],
       [
        -80.4966,
        35.586842
       ],
       [
        -80.496011,
        35.587206
       ],
       [
        -80.495722,
        35.587274
       ],
       [
        -80.495189,
        35.587022
       ],
       [
        -80.49488,
        35.587
       ],
       [
        -80.494021,
        35.587574
       ],
       [
        -80.49351,
        35.587543
       ],
       [
        -80.493026,
        35.587758
       ],
       [
        -80.492423,
        35.588315
       ],
       [
        -80.492253,
        35.588363
       ],
       [
        -80.492155,
        35.588569
       ],
       [
        -80.492197,
        35.588854
       ],
       [
        -80.491998,
        35.589421
       ],
       [
        -80.491541,
        35.589532
       ],
       [
        -80.491274,
        35.589939
       ],
       [
        -80.490871,
        35.590111
       ],
       [
        -80.490483,
        35.590678
       ],
       [
        -80.490092,
        35.590928
       ],
       [
        -80.489827,
        35.591295
       ],
       [
        -80.48937,
        35.591588
       ],
       [
        -80.488497,
        35.59192
       ],
       [
        -80.488268,
        35.591931
       ],
       [
        -80.48781,
        35.591746
       ],
       [
        -80.487689,
        35.591752
       ],
       [
        -80.487541,
        35.591878
       ],
       [
        -80.487175,
        35.592605
       ],
       [
        -80.487291,
        35.592994
       ],
       [
        -80.487011,
        35.593306
       ]
      ],
      [
       [
        -80.486959,
        35.556899
       ],
       [
        -80.487963,
        35.556307
       ],
       [
        -80.488573,
        35.556863
       ],
       [
        -80.488775,
        35.557316
       ],
       [
        -80.489355,
        35.557705
       ],
       [
        -80.491106,
        35.558074
       ],
       [
        -80.491861,
        35.558379
       ],
       [
        -80.492695,
        35.558338
       ],
       [
        -80.49318,
        35.558464
       ],
       [
        -80.494462,
        35.559141
       ],
       [
        -80.494887,
        35.559514
       ],
       [
        -80.495373,
        35.559739
       ],
       [
        -80.4962,
        35.560379
       ]
      ],
      [
       [
        -80.486921,
        35.593382
       ],
       [
        -80.486621,
        35.593606
       ],
       [
        -80.485895,
        35.593817
       ],
       [
        -80.485197,
        35.594165
       ],
       [
        -80.484835,
        35.594479
       ],
       [
        -80.484636,
        35.59491
       ],
       [
        -80.484306,
        35.594963
       ],
       [
        -80.483659,
        35.596186
       ],
       [
        -80.483636,
        35.597021
       ],
       [
        -80.483482,
        35.597296
       ],
       [
        -80.48306,
        35.597699
       ],
       [
        -80.482396,
        35.598168
       ],
       [
        -80.481666,
        35.598939
       ],
       [
        -80.481331,
        35.599379
       ],
       [
        -80.481078,
        35.599902
       ],
       [
        -80.480221,
        35.600833
       ],
       [
        -80.479869,
        35.601468
       ],
       [
        -80.479512,
        35.601758
       ],
       [
        -80.478022,
        35.604037
       ],
       [
        -80.477143,
        35.6046
       ],
       [
        -80.476444,
        35.604827
       ],
       [
        -80.476183,
        35.605119
       ],
       [
        -80.475773,
        35.605268
       ],
       [
        -80.475284,
        35.605748
       ],
       [
        -80.475399,
        35.605995
       ],
       [
        -80.475381,
        35.606396
       ],
       [
        -80.4752,
        35.60666
       ],
       [
        -80.474939,
        35.606853
       ],
       [
        -80.473991,
        35.607048
       ],
       [
        -80.473637,
        35.607565
       ],
       [
        -80.472944,
        35.607732
       ],
       [
        -80.472421,
        35.608222
       ],
       [
        -80.471896,
        35.608246
       ],
       [
        -80.471823,
        35.608449
       ],
       [
        -80.471533,
        35.608373
       ],
       [
        -80.471379,
        35.608555
       ],
       [
        -80.47106,
        35.608564
       ],
       [
        -80.470983,
        35.608638
       ],
       [
        -80.47093,
        35.608913
       ],
       [
        -80.471067,
        35.609297
       ],
       [
        -80.470979,
        35.609442
       ],
       [
        -80.47061,
        35.609623
       ],
       [
        -80.470369,
        35.609904
       ],
       [
        -80.470024,
        35.61096
       ],
       [
        -80.470147,
        35.611311
       ],
       [
        -80.470015,
        35.611861
       ],
       [
        -80.469828,
        35.611978
       ],
       [
        -80.468885,
        35.612078
       ],
       [
        -80.468319,
        35.612019
       ],
       [
        -80.467708,
        35.612317
       ],
       [
        -80.46657,
        35.612177
       ],
       [
        -80.465682,
        35.612433
       ],
       [
        -80.465367,
        35.612653
       ],
       [
        -80.464227,
        35.613766
       ],
       [
        -80.463832,
        35.614031
       ],
       [
        -80.463738,
        35.614251
       ],
       [
        -80.463847,
        35.614536
       ],
       [
        -80.464064,
        35.614777
       ],
       [
        -80.463722,
        35.61502
       ],
       [
        -80.463494,
        35.615306
       ],
       [
        -80.463319,
        35.615373
       ],
       [
        -80.463333,
        35.615538
       ],
       [
        -80.462836,
        35.615704
       ],
       [
        -80.462533,
        35.615705
       ],
       [
        -80.462279,
        35.616002
       ],
       [
        -80.461916,
        35.616234
       ],
       [
        -80.461951,
        35.616409
       ],
       [
        -80.462577,
        35.616556
       ],
       [
        -80.462786,
        35.61669
       ],
       [
        -80.46278,
        35.616781
       ],
       [
        -80.462586,
        35.617051
       ],
       [
        -80.46184,
        35.617223
       ],
       [
        -80.461699,
        35.617394
       ],
       [
        -80.461498,
        35.617477
       ],
       [
        -80.461465,
        35.617631
       ],
       [
        -80.461324,
        35.617713
       ],
       [
        -80.461358,
        35.617894
       ],
       [
        -80.461258,
        35.618038
       ],
       [
        -80.461374,
        35.6184
       ],
       [
        -80.461065,
        35.618676
       ],
       [
        -80.460665,
        35.619424
       ],
       [
        -80.460646,
        35.619798
       ],
       [
        -80.460836,
        35.619951
       ],
       [
        -80.460757,
        35.620369
       ],
       [
        -80.460596,
        35.620545
       ],
       [
        -80.460314,
        35.620667
       ],
       [
        -80.459792,
        35.621448
       ],
       [
        -80.459067,
        35.621917
       ],
       [
        -80.458865,
        35.621973
       ],
       [
        -80.458832,
        35.62211
       ],
       [
        -80.458665,
        35.622209
       ],
       [
        -80.45794,
        35.623343
       ],
       [
        -80.457576,
        35.623762
       ],
       [
        -80.457478,
        35.624047
       ],
       [
        -80.457481,
        35.624443
       ],
       [
        -80.454477,
        35.629271
       ],
       [
        -80.454183,
        35.629698
       ],
       [
        -80.453776,
        35.630109
       ],
       [
        -80.453242,
        35.630494
       ],
       [
        -80.452969,
        35.63084
       ],
       [
        -80.452389,
        35.632535
       ],
       [
        -80.452081,
        35.63309
       ],
       [
        -80.451593,
        35.633449
       ],
       [
        -80.450433,
        35.633678
       ],
       [
        -80.449599,
        35.63369
       ],
       [
        -80.448989,
        35.634009
       ],
       [
        -80.44886,
        35.634108
       ],
       [
        -80.448171,
        35.635248
       ],
       [
        -80.447701,
        35.635791
       ],
       [
        -80.447753,
        35.636017
       ],
       [
        -80.447907,
        35.636155
       ],
       [
        -80.449256,
        35.636695
       ],
       [
        -80.449281,
        35.636898
       ],
       [
        -80.448852,
        35.637379
       ],
       [
        -80.448446,
        35.637634
       ],
       [
        -80.448317,
        35.637805
       ],
       [
        -80.448311,
        35.638465
       ],
       [
        -80.447726,
        35.639812
       ],
       [
        -80.447347,
        35.640097
       ],
       [
        -80.446644,
        35.640394
       ],
       [
        -80.445621,
        35.641126
       ],
       [
        -80.445539,
        35.641272
       ],
       [
        -80.445691,
        35.641593
       ],
       [
        -80.446226,
        35.641936
       ],
       [
        -80.446691,
        35.642754
       ],
       [
        -80.447156,
        35.643181
       ],
       [
        -80.447165,
        35.643276
       ],
       [
        -80.446942,
        35.64342
       ],
       [
        -80.446664,
        35.643401
       ],
       [
        -80.446433,
        35.64367
       ],
       [
        -80.445691,
        35.643611
       ],
       [
        -80.444929,
        35.643714
       ],
       [
        -80.444478,
        35.643427
       ],
       [
        -80.444063,
        35.643434
       ],
       [
        -80.443949,
        35.643496
       ],
       [
        -80.443622,
        35.64435
       ],
       [
        -80.443751,
        35.644978
       ],
       [
        -80.444296,
        35.646177
       ],
       [
        -80.444469,
        35.646328
       ],
       [
        -80.444925,
        35.646473
       ],
       [
        -80.445117,
        35.646621
       ],
       [
        -80.445966,
        35.647838
       ],
       [
        -80.4458,
        35.648304
       ],
       [
        -80.445464,
        35.648619
       ],
       [
        -80.445137,
        35.649092
       ],
       [
        -80.443953,
        35.650131
       ],
       [
        -80.443704,
        35.650629
       ],
       [
        -80.443118,
        35.650937
       ],
       [
        -80.442945,
        35.651257
       ],
       [
        -80.442641,
        35.65149
       ],
       [
        -80.441818,
        35.651867
       ],
       [
        -80.441201,
        35.651835
       ],
       [
        -80.439173,
        35.652234
       ],
       [
        -80.438895,
        35.652397
       ],
       [
        -80.438691,
        35.652721
       ],
       [
        -80.438702,
        35.65296
       ],
       [
        -80.439335,
        35.653731
       ],
       [
        -80.439035,
        35.654131
       ],
       [
        -80.438985,
        35.654399
       ],
       [
        -80.438517,
        35.654809
       ],
       [
        -80.437896,
        35.655007
       ],
       [
        -80.437557,
        35.65524
       ],
       [
        -80.436963,
        35.655393
       ],
       [
        -80.436793,
        35.655622
       ],
       [
        -80.43681,
        35.655931
       ],
       [
        -80.435867,
        35.655931
       ],
       [
        -80.435192,
        35.656059
       ],
       [
        -80.433372,
        35.656081
       ],
       [
        -80.43107,
        35.657667
       ],
       [
        -80.428254,
        35.660694
       ],
       [
        -80.427739,
        35.661104
       ],
       [
        -80.427356,
        35.661736
       ],
       [
        -80.427052,
        35.661842
       ],
       [
        -80.426704,
        35.661807
       ],
       [
        -80.426254,
        35.661547
       ],
       [
        -80.426052,
        35.661304
       ]
      ],
      [
       [
        -80.482737,
        35.557767
       ],
       [
        -80.483516,
        35.55749
       ],
       [
        -80.483826,
        35.55761
       ],
       [
        -80.484714,
        35.557652
       ],
       [
        -80.485144,
        35.557507
       ],
       [
        -80.485533,
        35.557248
       ],
       [
        -80.485936,
        35.557258
       ],
       [
        -80.486165,
        35.557192
       ],
       [
        -80.486312,
        35.556966
       ],
       [
        -80.486647,
        35.556889
       ]
      ],
      [
       [
        -80.425877,
        35.661472
       ],
       [
        -80.42515,
        35.662056
       ],
       [
        -80.425014,
        35.662247
       ],
       [
        -80.424984,
        35.662622
       ],
       [
        -80.425153,
        35.663326
       ],
       [
        -80.424926,
        35.664609
       ],
       [
        -80.424768,
        35.664929
       ],
       [
        -80.424154,
        35.665291
       ],
       [
        -80.422489,
        35.66515
       ],
       [
        -80.421862,
        35.665
       ],
       [
        -80.420237,
        35.665159
       ],
       [
        -80.419385,
        35.665726
       ],
       [
        -80.418497,
        35.665665
       ],
       [
        -80.415482,
        35.666899
       ],
       [
        -80.41501,
        35.666919
       ],
       [
        -80.414773,
        35.667017
       ],
       [
        -80.413656,
        35.668387
       ],
       [
        -80.413514,
        35.669137
       ],
       [
        -80.413183,
        35.670014
       ],
       [
        -80.413082,
        35.670695
       ],
       [
        -80.4127,
        35.671328
       ],
       [
        -80.41264,
        35.671878
       ],
       [
        -80.412186,
        35.672284
       ],
       [
        -80.412055,
        35.672574
       ],
       [
        -80.411791,
        35.672798
       ],
       [
        -80.411168,
        35.673054
       ],
       [
        -80.410751,
        35.673016
       ],
       [
        -80.40977,
        35.672709
       ],
       [
        -80.409342,
        35.672331
       ],
       [
        -80.409074,
        35.672226
       ],
       [
        -80.408885,
        35.672288
       ],
       [
        -80.408478,
        35.672617
       ],
       [
        -80.407899,
        35.672493
       ],
       [
        -80.407435,
        35.673212
       ],
       [
        -80.407056,
        35.673379
       ],
       [
        -80.406492,
        35.673178
       ],
       [
        -80.40525,
        35.673391
       ],
       [
        -80.405086,
        35.673358
       ],
       [
        -80.404742,
        35.673061
       ],
       [
        -80.404574,
        35.673047
       ],
       [
        -80.404348,
        35.673422
       ],
       [
        -80.404057,
        35.673558
       ],
       [
        -80.403708,
        35.674088
       ],
       [
        -80.40341,
        35.674247
       ],
       [
        -80.402683,
        35.674297
       ],
       [
        -80.401873,
        35.674476
       ],
       [
        -80.39861,
        35.674602
       ],
       [
        -80.39741,
        35.674857
       ],
       [
        -80.396895,
        35.675134
       ],
       [
        -80.395524,
        35.676193
       ],
       [
        -80.394604,
        35.676692
       ],
       [
        -80.393042,
        35.677946
       ],
       [
        -80.3925,
        35.678279
       ],
       [
        -80.391852,
        35.678429
       ],
       [
        -80.391125,
        35.678385
       ],
       [
        -80.390639,
        35.678448
       ],
       [
        -80.388436,
        35.679665
       ],
       [
        -80.388052,
        35.679796
       ],
       [
        -80.387202,
        35.679898
       ],
       [
        -80.386971,
        35.679871
       ],
       [
        -80.386657,
        35.679622
       ],
       [
        -80.386191,
        35.679501
       ],
       [
        -80.385566,
        35.67922
       ],
       [
        -80.385336,
        35.679195
       ],
       [
        -80.38471,
        35.678824
       ],
       [
        -80.379119,
        35.676843
       ],
       [
        -80.377654,
        35.675766
       ],
       [
        -80.376095,
        35.675352
       ],
       [
        -80.374506,
        35.675269
       ],
       [
        -80.373339,
        35.675066
       ],
       [
        -80.372235,
        35.674503
       ],
       [
        -80.371334,
        35.673764
       ],
       [
        -80.370402,
        35.673522
       ],
       [
        -80.369147,
        35.672463
       ],
       [
        -80.368829,
        35.671962
       ],
       [
        -80.368202,
        35.671464
       ],
       [
        -80.366861,
        35.669902
       ],
       [
        -80.364907,
        35.668551
       ],
       [
        -80.363337,
        35.667291
       ],
       [
        -80.363026,
        35.667168
       ],
       [
        -80.360675,
        35.665302
       ],
       [
        -80.360133,
        35.665245
       ],
       [
        -80.357122,
        35.665531
       ],
       [
        -80.356426,
        35.665538
       ],
       [
        -80.355883,
        35.665418
       ],
       [
        -80.355179,
        35.664984
       ],
       [
        -80.354234,
        35.663922
       ],
       [
        -80.353373,
        35.663301
       ],
       [
        -80.352522,
        35.66331
       ],
       [
        -80.351138,
        35.663767
       ],
       [
        -80.34704,
        35.66375
       ],
       [
        -80.346416,
        35.663441
       ],
       [
        -80.344553,
        35.66302
       ],
       [
        -80.341744,
        35.662865
       ],
       [
        -80.340788,
        35.662651
       ],
       [
        -80.338162,
        35.659935
       ],
       [
        -80.336153,
        35.66002
       ],
       [
        -80.33561,
        35.659963
       ],
       [
        -80.334911,
        35.659719
       ],
       [
        -80.334284,
        35.659221
       ],
       [
        -80.334045,
        35.658782
       ],
       [
        -80.333104,
        35.658035
       ],
       [
        -80.33237,
        35.658011
       ],
       [
        -80.330272,
        35.659769
       ],
       [
        -80.329344,
        35.65978
       ],
       [
        -80.328181,
        35.65954
       ],
       [
        -80.327085,
        35.658731
       ],
       [
        -80.324195,
        35.656933
       ],
       [
        -80.321678,
        35.655659
       ],
       [
        -80.320067,
        35.655085
       ],
       [
        -80.317327,
        35.653032
       ],
       [
        -80.315345,
        35.651354
       ],
       [
        -80.314603,
        35.650978
       ],
       [
        -80.313568,
        35.650581
       ],
       [
        -80.312211,
        35.650332
       ],
       [
        -80.309387,
        35.65029
       ],
       [
        -80.306425,
        35.650444
       ],
       [
        -80.303295,
        35.651084
       ]
      ]
     ],
     "type": "MultiLineString"
    },
    "properties": {
     "length_km": 31.41,
     "n_sites": 17,
     "name": "Crane Creek",
     "order": 2,
     "riverKey": "crane creek",
     "source": "osm",
     "waterway": "stream"
    },
    "type": "Feature"
   },
   {
    "geometry": {
     "coordinates": [
      [
       [
        -80.532888,
        35.713105
       ],
       [
        -80.531682,
        35.713358
       ],
       [
        -80.531361,
        35.71359
       ],
       [
        -80.530549,
        35.713897
       ],
       [
        -80.530156,
        35.714288
       ]
      ],
      [
       [
        -80.530004,
        35.71442
       ],
       [
        -80.529577,
        35.714848
       ],
       [
        -80.528435,
        35.715249
       ],
       [
        -80.527501,
        35.71501
       ],
       [
        -80.526734,
        35.715304
       ],
       [
        -80.526041,
        35.71527
       ],
       [
        -80.525865,
        35.71538
       ],
       [
        -80.525678,
        35.71539
       ],
       [
        -80.525624,
        35.715497
       ],
       [
        -80.523163,
        35.71694
       ],
       [
        -80.522233,
        35.718365
       ],
       [
        -80.521488,
        35.719113
       ],
       [
        -80.520733,
        35.720428
       ],
       [
        -80.520541,
        35.721064
       ],
       [
        -80.519298,
        35.723014
       ],
       [
        -80.518669,
        35.724295
       ],
       [
        -80.518415,
        35.725195
       ],
       [
        -80.517457,
        35.731265
       ],
       [
        -80.517378,
        35.733417
       ],
       [
        -80.517449,
        35.735372
       ],
       [
        -80.517316,
        35.736316
       ],
       [
        -80.51739,
        35.737685
       ],
       [
        -80.515992,
        35.738126
       ],
       [
        -80.513958,
        35.738616
       ],
       [
        -80.513592,
        35.738642
       ],
       [
        -80.513198,
        35.738796
       ],
       [
        -80.512957,
        35.738775
       ],
       [
        -80.512941,
        35.73859
       ],
       [
        -80.512684,
        35.738507
       ],
       [
        -80.511356,
        35.739783
       ],
       [
        -80.510319,
        35.741212
       ],
       [
        -80.510271,
        35.741389
       ],
       [
        -80.51004,
        35.741582
       ],
       [
        -80.509771,
        35.742108
       ],
       [
        -80.50918,
        35.742785
       ],
       [
        -80.507637,
        35.744282
       ],
       [
        -80.507072,
        35.745308
       ],
       [
        -80.506689,
        35.745556
       ]
      ],
      [
       [
        -80.506469,
        35.745567
       ],
       [
        -80.506127,
        35.745517
       ],
       [
        -80.505926,
        35.745378
       ],
       [
        -80.505414,
        35.745327
       ],
       [
        -80.503206,
        35.744653
       ],
       [
        -80.499782,
        35.743473
       ],
       [
        -80.497815,
        35.743327
       ],
       [
        -80.495572,
        35.74378
       ],
       [
        -80.494359,
        35.743838
       ],
       [
        -80.492212,
        35.744124
       ],
       [
        -80.489598,
        35.74478
       ],
       [
        -80.48846,
        35.744609
       ],
       [
        -80.487273,
        35.744615
       ],
       [
        -80.486491,
        35.74467
       ],
       [
        -80.485247,
        35.744971
       ],
       [
        -80.484114,
        35.745129
       ],
       [
        -80.483444,
        35.745356
       ],
       [
        -80.482346,
        35.746023
       ],
       [
        -80.479692,
        35.746597
       ],
       [
        -80.479157,
        35.746827
       ],
       [
        -80.478665,
        35.746918
       ],
       [
        -80.478359,
        35.747175
       ],
       [
        -80.477629,
        35.746681
       ],
       [
        -80.477067,
        35.746038
       ],
       [
        -80.476677,
        35.745933
       ],
       [
        -80.476011,
        35.745955
       ],
       [
        -80.47563,
        35.74612
       ],
       [
        -80.474143,
        35.747509
       ],
       [
        -80.473324,
        35.747785
       ],
       [
        -80.472211,
        35.747816
       ],
       [
        -80.47178,
        35.747764
       ],
       [
        -80.471404,
        35.747598
       ],
       [
        -80.471137,
        35.747313
       ],
       [
        -80.470619,
        35.746389
       ],
       [
        -80.47026,
        35.746205
       ],
       [
        -80.469758,
        35.746202
       ],
       [
        -80.469139,
        35.746024
       ],
       [
        -80.468895,
        35.746122
       ],
       [
        -80.468464,
        35.746109
       ],
       [
        -80.46768,
        35.746247
       ],
       [
        -80.467084,
        35.746601
       ],
       [
        -80.466883,
        35.746541
       ],
       [
        -80.466347,
        35.746048
       ],
       [
        -80.466056,
        35.745451
       ],
       [
        -80.465447,
        35.74491
       ],
       [
        -80.465176,
        35.744226
       ],
       [
        -80.464895,
        35.743961
       ],
       [
        -80.464372,
        35.743647
       ],
       [
        -80.464211,
        35.743599
       ],
       [
        -80.463887,
        35.743643
       ],
       [
        -80.463645,
        35.74354
       ],
       [
        -80.463295,
        35.743521
       ],
       [
        -80.463026,
        35.74335
       ],
       [
        -80.462715,
        35.743295
       ],
       [
        -80.462256,
        35.742914
       ],
       [
        -80.462003,
        35.74292
       ],
       [
        -80.461646,
        35.742772
       ],
       [
        -80.461062,
        35.742859
       ],
       [
        -80.46075,
        35.742724
       ],
       [
        -80.460162,
        35.743076
       ],
       [
        -80.459464,
        35.74321
       ],
       [
        -80.459096,
        35.743203
       ]
      ]
     ],
     "type": "MultiLineString"
    },
    "properties": {
     "length_km": 9.75,
     "n_sites": 5,
     "name": "Deals Creek",
     "order": 2,
     "riverKey": "deals creek",
     "source": "osm",
     "waterway": "stream"
    },
    "type": "Feature"
   },
   {
    "geometry": {
     "coordinates": [
      [
       [
        -80.583151,
        35.658109
       ],
       [
        -80.582443,
        35.65768
       ],
       [
        -80.581666,
        35.656886
       ],
       [
        -80.581222,
        35.656819
       ],
       [
        -80.58071,
        35.656839
       ],
       [
        -80.57773,
        35.65774
       ],
       [
        -80.576127,
        35.657899
       ],
       [
        -80.575158,
        35.657846
       ],
       [
        -80.573525,
        35.658461
       ],
       [
        -80.57196,
        35.659295
       ],
       [
        -80.571329,
        35.659876
       ]
      ],
      [
       [
        -80.571275,
        35.659965
       ],
       [
        -80.570864,
        35.660279
       ],
       [
        -80.56965,
        35.660912
       ],
       [
        -80.567097,
        35.662643
       ],
       [
        -80.566752,
        35.662938
       ],
       [
        -80.565919,
        35.66405
       ],
       [
        -80.563337,
        35.666006
       ],
       [
        -80.562181,
        35.667051
       ],
       [
        -80.561362,
        35.668091
       ],
       [
        -80.560888,
        35.668545
       ]
      ],
      [
       [
        -80.560824,
        35.668604
       ],
       [
        -80.560253,
        35.669103
       ],
       [
        -80.55974,
        35.669348
       ],
       [
        -80.55811,
        35.669496
       ],
       [
        -80.557665,
        35.669604
       ],
       [
        -80.557045,
        35.669591
       ],
       [
        -80.555967,
        35.66985
       ],
       [
        -80.555503,
        35.669651
       ],
       [
        -80.555228,
        35.669381
       ],
       [
        -80.553496,
        35.668204
       ],
       [
        -80.551991,
        35.667584
       ],
       [
        -80.549892,
        35.667016
       ],
       [
        -80.548171,
        35.666405
       ],
       [
        -80.547148,
        35.666368
       ],
       [
        -80.546314,
        35.666211
       ],
       [
        -80.545048,
        35.66614
       ],
       [
        -80.544187,
        35.666005
       ],
       [
        -80.541978,
        35.665953
       ],
       [
        -80.540754,
        35.665772
       ],
       [
        -80.539379,
        35.665998
       ],
       [
        -80.53779,
        35.665991
       ],
       [
        -80.537547,
        35.666062
       ],
       [
        -80.536939,
        35.666488
       ],
       [
        -80.535968,
        35.66672
       ],
       [
        -80.534281,
        35.667466
       ],
       [
        -80.530015,
        35.669645
       ],
       [
        -80.529816,
        35.669833
       ]
      ],
      [
       [
        -80.528398,
        35.670253
       ],
       [
        -80.527978,
        35.670137
       ],
       [
        -80.52752,
        35.670168
       ],
       [
        -80.525172,
        35.671114
       ],
       [
        -80.521487,
        35.67279
       ],
       [
        -80.51736,
        35.673894
       ],
       [
        -80.515016,
        35.673862
       ],
       [
        -80.512807,
        35.673952
       ],
       [
        -80.510057,
        35.674336
       ],
       [
        -80.50811,
        35.674449
       ],
       [
        -80.506908,
        35.673922
       ],
       [
        -80.505057,
        35.673404
       ]
      ]
     ],
     "type": "MultiLineString"
    },
    "properties": {
     "length_km": 7.89,
     "n_sites": 8,
     "name": "Draft Branch",
     "order": 2,
     "riverKey": "draft branch",
     "source": "osm",
     "waterway": "stream"
    },
    "type": "Feature"
   },
   {
    "geometry": {
     "coordinates": [
      [
       [
        -80.607855,
        35.552973
       ],
       [
        -80.607674,
        35.553033
       ],
       [
        -80.607264,
        35.553413
       ],
       [
        -80.607095,
        35.553446
       ],
       [
        -80.606148,
        35.554397
       ],
       [
        -80.605718,
        35.55497
       ],
       [
        -80.604622,
        35.55691
       ],
       [
        -80.603648,
        35.559086
       ],
       [
        -80.603601,
        35.559395
       ]
      ],
      [
       [
        -80.60348,
        35.559593
       ],
       [
        -80.603272,
        35.559989
       ],
       [
        -80.602935,
        35.559949
       ],
       [
        -80.602747,
        35.560059
       ],
       [
        -80.602714,
        35.560566
       ],
       [
        -80.602209,
        35.56116
       ],
       [
        -80.601954,
        35.561995
       ],
       [
        -80.602083,
        35.563398
       ],
       [
        -80.602651,
        35.563821
       ],
       [
        -80.602537,
        35.563917
       ],
       [
        -80.602157,
        35.563903
       ],
       [
        -80.601828,
        35.564051
       ],
       [
        -80.601585,
        35.564041
       ],
       [
        -80.601511,
        35.564254
       ],
       [
        -80.600697,
        35.564683
       ],
       [
        -80.60016,
        35.564866
       ],
       [
        -80.599897,
        35.565212
       ],
       [
        -80.599837,
        35.565563
       ],
       [
        -80.599528,
        35.566306
       ],
       [
        -80.598034,
        35.566894
       ],
       [
        -80.597436,
        35.567701
       ],
       [
        -80.597194,
        35.567906
       ],
       [
        -80.596427,
        35.568147
       ],
       [
        -80.595028,
        35.568225
       ],
       [
        -80.593683,
        35.568688
       ],
       [
        -80.592842,
        35.569528
       ],
       [
        -80.592244,
        35.570391
       ],
       [
        -80.590825,
        35.572064
       ],
       [
        -80.590092,
        35.573096
       ],
       [
        -80.589736,
        35.573839
       ],
       [
        -80.589305,
        35.576278
       ],
       [
        -80.589064,
        35.576647
       ],
       [
        -80.588633,
        35.576878
       ],
       [
        -80.58837,
        35.577152
       ],
       [
        -80.587403,
        35.579022
       ],
       [
        -80.586401,
        35.583369
       ],
       [
        -80.586509,
        35.58403
       ],
       [
        -80.586193,
        35.585526
       ],
       [
        -80.586059,
        35.585812
       ],
       [
        -80.586059,
        35.586535
       ],
       [
        -80.585998,
        35.586684
       ],
       [
        -80.585763,
        35.586861
       ],
       [
        -80.585501,
        35.587536
       ],
       [
        -80.585238,
        35.587916
       ],
       [
        -80.584956,
        35.588152
       ],
       [
        -80.584579,
        35.588272
       ],
       [
        -80.584054,
        35.588609
       ],
       [
        -80.582305,
        35.589054
       ],
       [
        -80.580178,
        35.589862
       ],
       [
        -80.578362,
        35.590339
       ],
       [
        -80.578299,
        35.590506
       ],
       [
        -80.574835,
        35.592362
       ],
       [
        -80.573039,
        35.593469
       ],
       [
        -80.572299,
        35.594183
       ],
       [
        -80.571693,
        35.594581
       ],
       [
        -80.570863,
        35.595258
       ],
       [
        -80.570765,
        35.595442
       ],
       [
        -80.569453,
        35.596438
       ],
       [
        -80.565994,
        35.600044
       ],
       [
        -80.565357,
        35.600574
       ],
       [
        -80.565267,
        35.600945
       ],
       [
        -80.564635,
        35.602176
       ],
       [
        -80.56456,
        35.602706
       ],
       [
        -80.564136,
        35.603358
       ],
       [
        -80.564157,
        35.604293
       ],
       [
        -80.563551,
        35.606315
       ],
       [
        -80.56236,
        35.609059
       ],
       [
        -80.561659,
        35.610404
       ],
       [
        -80.561047,
        35.611944
       ],
       [
        -80.560455,
        35.613087
       ],
       [
        -80.558745,
        35.614938
       ],
       [
        -80.558388,
        35.615164
       ],
       [
        -80.557722,
        35.615302
       ],
       [
        -80.557223,
        35.615692
       ],
       [
        -80.55719,
        35.615913
       ],
       [
        -80.55758,
        35.619056
       ],
       [
        -80.557533,
        35.619802
       ],
       [
        -80.557163,
        35.620396
       ],
       [
        -80.555048,
        35.622336
       ],
       [
        -80.554153,
        35.623496
       ],
       [
        -80.553793,
        35.624969
       ],
       [
        -80.553748,
        35.625682
       ],
       [
        -80.553287,
        35.626361
       ],
       [
        -80.553205,
        35.626668
       ],
       [
        -80.553297,
        35.627108
       ],
       [
        -80.554059,
        35.628209
       ],
       [
        -80.554031,
        35.628472
       ],
       [
        -80.553748,
        35.628526
       ],
       [
        -80.552291,
        35.629301
       ],
       [
        -80.551832,
        35.629623
       ],
       [
        -80.551547,
        35.629935
       ],
       [
        -80.551125,
        35.630878
       ],
       [
        -80.550743,
        35.632172
       ],
       [
        -80.550152,
        35.634674
       ],
       [
        -80.549957,
        35.635947
       ],
       [
        -80.54903,
        35.638546
       ],
       [
        -80.548078,
        35.640545
       ],
       [
        -80.545829,
        35.643542
       ],
       [
        -80.545369,
        35.644051
       ],
       [
        -80.544923,
        35.644384
       ],
       [
        -80.54406,
        35.644611
       ],
       [
        -80.543115,
        35.645168
       ],
       [
        -80.54186,
        35.645745
       ],
       [
        -80.540901,
        35.646356
       ],
       [
        -80.538904,
        35.647232
       ],
       [
        -80.537635,
        35.647897
       ],
       [
        -80.536934,
        35.648164
       ],
       [
        -80.535637,
        35.648927
       ],
       [
        -80.532466,
        35.650441
       ],
       [
        -80.531953,
        35.650626
       ],
       [
        -80.530472,
        35.650708
       ],
       [
        -80.526409,
        35.652735
       ],
       [
        -80.524196,
        35.653527
       ],
       [
        -80.523669,
        35.653926
       ],
       [
        -80.522884,
        35.654807
       ],
       [
        -80.520827,
        35.65677
       ],
       [
        -80.520126,
        35.656976
       ],
       [
        -80.51878,
        35.656855
       ],
       [
        -80.517595,
        35.656905
       ],
       [
        -80.516636,
        35.657423
       ],
       [
        -80.514317,
        35.659297
       ],
       [
        -80.513024,
        35.660598
       ],
       [
        -80.509831,
        35.663523
       ],
       [
        -80.509315,
        35.664328
       ],
       [
        -80.509232,
        35.664723
       ],
       [
        -80.50927,
        35.665294
       ],
       [
        -80.509521,
        35.666042
       ],
       [
        -80.510041,
        35.667098
       ],
       [
        -80.510519,
        35.668506
       ],
       [
        -80.510861,
        35.669891
       ],
       [
        -80.5109,
        35.670287
       ],
       [
        -80.510791,
        35.670479
       ],
       [
        -80.507968,
        35.672147
       ],
       [
        -80.503864,
        35.673887
       ],
       [
        -80.50279,
        35.674421
       ],
       [
        -80.497287,
        35.675852
       ],
       [
        -80.497043,
        35.676027
       ],
       [
        -80.496851,
        35.67631
       ],
       [
        -80.496564,
        35.67697
       ],
       [
        -80.496398,
        35.679178
       ],
       [
        -80.496142,
        35.680737
       ],
       [
        -80.496151,
        35.681222
       ],
       [
        -80.496435,
        35.681971
       ],
       [
        -80.496478,
        35.682548
       ],
       [
        -80.496124,
        35.684485
       ],
       [
        -80.495596,
        35.686552
       ],
       [
        -80.495281,
        35.687187
       ],
       [
        -80.495009,
        35.687508
       ],
       [
        -80.494684,
        35.687689
       ],
       [
        -80.494096,
        35.687856
       ],
       [
        -80.493899,
        35.688069
       ],
       [
        -80.493567,
        35.689123
       ],
       [
        -80.492805,
        35.689976
       ],
       [
        -80.492533,
        35.690403
       ],
       [
        -80.492325,
        35.691006
       ],
       [
        -80.492014,
        35.692863
       ],
       [
        -80.49164,
        35.693313
       ],
       [
        -80.490975,
        35.693855
       ],
       [
        -80.490019,
        35.694113
       ],
       [
        -80.489016,
        35.694251
       ],
       [
        -80.48663,
        35.694911
       ],
       [
        -80.484616,
        35.695355
       ],
       [
        -80.484089,
        35.695573
       ],
       [
        -80.482759,
        35.695463
       ],
       [
        -80.481157,
        35.695988
       ],
       [
        -80.480929,
        35.69618
       ],
       [
        -80.480236,
        35.696378
       ],
       [
        -80.479772,
        35.696383
       ],
       [
        -80.479264,
        35.69611
       ],
       [
        -80.478672,
        35.69545
       ],
       [
        -80.478044,
        35.694953
       ],
       [
        -80.477342,
        35.694646
       ],
       [
        -80.474778,
        35.693983
       ],
       [
        -80.472915,
        35.693627
       ],
       [
        -80.470753,
        35.692964
       ],
       [
        -80.470096,
        35.692896
       ],
       [
        -80.469904,
        35.692783
       ],
       [
        -80.466077,
        35.691943
       ],
       [
        -80.462757,
        35.692298
       ],
       [
        -80.460737,
        35.692626
       ],
       [
        -80.455014,
        35.691886
       ],
       [
        -80.453311,
        35.69178
       ],
       [
        -80.451301,
        35.691867
       ],
       [
        -80.450608,
        35.692065
       ],
       [
        -80.449688,
        35.692518
       ],
       [
        -80.448544,
        35.693415
       ],
       [
        -80.447719,
        35.694876
       ],
       [
        -80.447117,
        35.696468
       ],
       [
        -80.445327,
        35.699511
       ],
       [
        -80.444495,
        35.700593
       ],
       [
        -80.44382,
        35.701184
       ],
       [
        -80.442266,
        35.701377
       ],
       [
        -80.441856,
        35.701496
       ],
       [
        -80.441347,
        35.701787
       ],
       [
        -80.440964,
        35.70215
       ],
       [
        -80.440663,
        35.702595
       ],
       [
        -80.439706,
        35.703392
       ],
       [
        -80.438139,
        35.704265
       ],
       [
        -80.437758,
        35.704585
       ],
       [
        -80.436551,
        35.706303
       ],
       [
        -80.436332,
        35.707063
       ],
       [
        -80.435571,
        35.707766
       ],
       [
        -80.43434,
        35.708159
       ],
       [
        -80.433722,
        35.70823
       ],
       [
        -80.432647,
        35.708684
       ],
       [
        -80.4318,
        35.708883
       ],
       [
        -80.43134,
        35.709141
       ],
       [
        -80.431117,
        35.709649
       ],
       [
        -80.431124,
        35.710027
       ],
       [
        -80.43152,
        35.710591
       ],
       [
        -80.431528,
        35.711032
       ],
       [
        -80.431224,
        35.711351
       ],
       [
        -80.430533,
        35.711612
       ],
       [
        -80.429543,
        35.712507
       ],
       [
        -80.42908,
        35.712575
       ],
       [
        -80.428775,
        35.712831
       ],
       [
        -80.428474,
        35.71334
       ],
       [
        -80.428713,
        35.713716
       ],
       [
        -80.428723,
        35.714283
       ],
       [
        -80.427882,
        35.714861
       ],
       [
        -80.427584,
        35.715496
       ],
       [
        -80.426746,
        35.716263
       ],
       [
        -80.426438,
        35.716329
       ],
       [
        -80.425523,
        35.717097
       ],
       [
        -80.425063,
        35.717355
       ],
       [
        -80.424831,
        35.717358
       ],
       [
        -80.424146,
        35.717997
       ],
       [
        -80.423933,
        35.719072
       ],
       [
        -80.423331,
        35.720089
       ],
       [
        -80.423344,
        35.720783
       ],
       [
        -80.423119,
        35.721227
       ],
       [
        -80.422964,
        35.722101
       ],
       [
        -80.423432,
        35.723236
       ],
       [
        -80.423691,
        35.724436
       ],
       [
        -80.423603,
        35.724691
       ],
       [
        -80.4233,
        35.72491
       ],
       [
        -80.422716,
        35.724735
       ],
       [
        -80.422635,
        35.725538
       ]
      ]
     ],
     "type": "MultiLineString"
    },
    "properties": {
     "length_km": 29.73,
     "n_sites": 32,
     "name": "Grants Creek",
     "order": 2,
     "riverKey": "grants creek",
     "source": "osm",
     "waterway": "stream"
    },
    "type": "Feature"
   },
   {
    "geometry": {
     "coordinates": [
      [
       [
        -80.532699,
        35.704573
       ],
       [
        -80.532397,
        35.704225
       ],
       [
        -80.531784,
        35.704122
       ],
       [
        -80.531094,
        35.703528
       ],
       [
        -80.530316,
        35.703289
       ],
       [
        -80.529911,
        35.702641
       ],
       [
        -80.529583,
        35.70231
       ]
      ],
      [
       [
        -80.529545,
        35.701616
       ],
       [
        -80.529031,
        35.701445
       ],
       [
        -80.528538,
        35.70104
       ],
       [
        -80.527948,
        35.700852
       ],
       [
        -80.527515,
        35.701006
       ],
       [
        -80.526465,
        35.70065
       ],
       [
        -80.525297,
        35.699871
       ],
       [
        -80.52418,
        35.69973
       ],
       [
        -80.521915,
        35.699918
       ],
       [
        -80.51995,
        35.699482
       ],
       [
        -80.518522,
        35.699509
       ],
       [
        -80.518036,
        35.699765
       ],
       [
        -80.517569,
        35.700142
       ],
       [
        -80.517312,
        35.700382
       ],
       [
        -80.517175,
        35.700716
       ],
       [
        -80.516977,
        35.700862
       ]
      ],
      [
       [
        -80.516761,
        35.700838
       ],
       [
        -80.516615,
        35.700823
       ],
       [
        -80.516428,
        35.700675
       ],
       [
        -80.515728,
        35.700563
       ],
       [
        -80.514194,
        35.700128
       ],
       [
        -80.513385,
        35.700213
       ],
       [
        -80.511741,
        35.700217
       ],
       [
        -80.510559,
        35.700871
       ],
       [
        -80.509256,
        35.701365
       ],
       [
        -80.508798,
        35.701468
       ],
       [
        -80.507627,
        35.701216
       ],
       [
        -80.506605,
        35.700898
       ],
       [
        -80.506129,
        35.70092
       ]
      ],
      [
       [
        -80.505904,
        35.700832
       ],
       [
        -80.505797,
        35.700659
       ],
       [
        -80.505138,
        35.700523
       ],
       [
        -80.50405,
        35.699828
       ],
       [
        -80.503405,
        35.699523
       ],
       [
        -80.501308,
        35.69863
       ],
       [
        -80.499632,
        35.698092
       ],
       [
        -80.498607,
        35.697389
       ],
       [
        -80.498056,
        35.697128
       ],
       [
        -80.496738,
        35.696795
       ],
       [
        -80.493037,
        35.696207
       ],
       [
        -80.492137,
        35.695974
       ],
       [
        -80.49112,
        35.695854
       ],
       [
        -80.490631,
        35.695505
       ],
       [
        -80.490083,
        35.69493
       ],
       [
        -80.489678,
        35.694295
       ],
       [
        -80.489724,
        35.694153
       ]
      ]
     ],
     "type": "MultiLineString"
    },
    "properties": {
     "length_km": 4.42,
     "n_sites": 1,
     "name": "Jump and Run Branch",
     "order": 2,
     "riverKey": "jump and run branch",
     "source": "osm",
     "waterway": "stream"
    },
    "type": "Feature"
   },
   {
    "geometry": {
     "coordinates": [
      [
       [
        -80.637015,
        35.597732
       ],
       [
        -80.637337,
        35.598567
       ],
       [
        -80.637295,
        35.599072
       ],
       [
        -80.637174,
        35.599248
       ],
       [
        -80.636581,
        35.599565
       ],
       [
        -80.635263,
        35.599793
       ],
       [
        -80.634375,
        35.59983
       ],
       [
        -80.633582,
        35.599757
       ],
       [
        -80.633192,
        35.599339
       ],
       [
        -80.632883,
        35.599135
       ],
       [
        -80.632655,
        35.599041
       ],
       [
        -80.631767,
        35.598913
       ],
       [
        -80.630449,
        35.599015
       ],
       [
        -80.630018,
        35.59923
       ],
       [
        -80.629573,
        35.599623
       ],
       [
        -80.629505,
        35.599947
       ],
       [
        -80.627942,
        35.601393
       ],
       [
        -80.627435,
        35.602864
       ],
       [
        -80.626692,
        35.604037
       ],
       [
        -80.626353,
        35.605453
       ],
       [
        -80.626144,
        35.605749
       ],
       [
        -80.625578,
        35.606231
       ],
       [
        -80.625085,
        35.607152
       ],
       [
        -80.624587,
        35.607574
       ],
       [
        -80.62398,
        35.608774
       ],
       [
        -80.623299,
        35.609449
       ],
       [
        -80.6226,
        35.60985
       ],
       [
        -80.621671,
        35.610235
       ],
       [
        -80.621328,
        35.610462
       ],
       [
        -80.621086,
        35.610792
       ],
       [
        -80.620219,
        35.612744
       ],
       [
        -80.620071,
        35.613336
       ],
       [
        -80.619843,
        35.613732
       ],
       [
        -80.619791,
        35.614236
       ],
       [
        -80.61919,
        35.614894
       ],
       [
        -80.617953,
        35.615766
       ],
       [
        -80.614973,
        35.61915
       ],
       [
        -80.61352,
        35.620574
       ],
       [
        -80.611999,
        35.621635
       ],
       [
        -80.611003,
        35.621959
       ],
       [
        -80.609899,
        35.622571
       ],
       [
        -80.609024,
        35.623242
       ],
       [
        -80.608298,
        35.624017
       ],
       [
        -80.607214,
        35.624852
       ],
       [
        -80.606501,
        35.625541
       ],
       [
        -80.606123,
        35.625726
       ],
       [
        -80.605252,
        35.626023
       ],
       [
        -80.604064,
        35.625736
       ],
       [
        -80.603554,
        35.62547
       ],
       [
        -80.603027,
        35.625008
       ],
       [
        -80.602576,
        35.624837
       ],
       [
        -80.601135,
        35.624623
       ],
       [
        -80.599169,
        35.624492
       ],
       [
        -80.598786,
        35.624345
       ],
       [
        -80.596914,
        35.624575
       ],
       [
        -80.596483,
        35.624734
       ],
       [
        -80.595287,
        35.625788
       ],
       [
        -80.592615,
        35.627618
       ],
       [
        -80.591743,
        35.628379
       ],
       [
        -80.591547,
        35.628663
       ],
       [
        -80.591464,
        35.62919
       ],
       [
        -80.591057,
        35.629848
       ],
       [
        -80.590438,
        35.631378
       ],
       [
        -80.590094,
        35.63158
       ],
       [
        -80.588005,
        35.632121
       ],
       [
        -80.587521,
        35.63207
       ],
       [
        -80.58701,
        35.631789
       ],
       [
        -80.586286,
        35.631308
       ],
       [
        -80.585602,
        35.630614
       ],
       [
        -80.584217,
        35.630197
       ],
       [
        -80.583367,
        35.629025
       ],
       [
        -80.583051,
        35.628996
       ],
       [
        -80.582393,
        35.628659
       ],
       [
        -80.58121,
        35.628232
       ],
       [
        -80.579515,
        35.628105
       ],
       [
        -80.577996,
        35.627053
       ],
       [
        -80.576804,
        35.626102
       ],
       [
        -80.574874,
        35.624997
       ],
       [
        -80.574537,
        35.624893
       ],
       [
        -80.572795,
        35.624784
       ],
       [
        -80.57206,
        35.624904
       ],
       [
        -80.571252,
        35.624881
       ],
       [
        -80.56969,
        35.624619
       ],
       [
        -80.569206,
        35.624612
       ],
       [
        -80.567278,
        35.625155
       ],
       [
        -80.566684,
        35.625472
       ],
       [
        -80.566191,
        35.625871
       ],
       [
        -80.565224,
        35.626986
       ],
       [
        -80.56467,
        35.62743
       ],
       [
        -80.563456,
        35.628058
       ],
       [
        -80.562227,
        35.628855
       ],
       [
        -80.560978,
        35.629534
       ]
      ],
      [
       [
        -80.56078,
        35.629597
       ],
       [
        -80.559799,
        35.629988
       ],
       [
        -80.559099,
        35.629952
       ],
       [
        -80.558212,
        35.629608
       ],
       [
        -80.556707,
        35.629185
       ],
       [
        -80.555524,
        35.628687
       ],
       [
        -80.554031,
        35.628472
       ]
      ]
     ],
     "type": "MultiLineString"
    },
    "properties": {
     "length_km": 10.36,
     "n_sites": 3,
     "name": "Little Creek",
     "order": 2,
     "riverKey": "little creek",
     "source": "osm",
     "waterway": "stream"
    },
    "type": "Feature"
   },
   {
    "geometry": {
     "coordinates": [
      [
       [
        -80.607666,
        35.702457
       ],
       [
        -80.606009,
        35.703448
       ],
       [
        -80.605631,
        35.703846
       ],
       [
        -80.604783,
        35.70566
       ],
       [
        -80.604159,
        35.707652
       ],
       [
        -80.603944,
        35.70797
       ],
       [
        -80.603633,
        35.709011
       ],
       [
        -80.603524,
        35.709102
       ],
       [
        -80.603435,
        35.709461
       ],
       [
        -80.603484,
        35.709869
       ],
       [
        -80.603271,
        35.710278
       ],
       [
        -80.601806,
        35.711649
       ],
       [
        -80.600032,
        35.712545
       ],
       [
        -80.599152,
        35.713179
       ],
       [
        -80.59596,
        35.717856
       ],
       [
        -80.595319,
        35.718991
       ],
       [
        -80.594667,
        35.719586
       ],
       [
        -80.589128,
        35.723164
       ],
       [
        -80.58854,
        35.723286
       ],
       [
        -80.588388,
        35.723499
       ],
       [
        -80.58593,
        35.724973
       ],
       [
        -80.584844,
        35.725979
       ],
       [
        -80.58463,
        35.726343
       ],
       [
        -80.584358,
        35.726571
       ],
       [
        -80.5842,
        35.726979
       ],
       [
        -80.583984,
        35.727252
       ],
       [
        -80.582676,
        35.728216
       ],
       [
        -80.582127,
        35.728403
       ],
       [
        -80.579012,
        35.730247
       ],
       [
        -80.577916,
        35.730712
       ],
       [
        -80.576223,
        35.73177
       ],
       [
        -80.572395,
        35.733938
       ],
       [
        -80.572175,
        35.733986
       ],
       [
        -80.571684,
        35.734308
       ],
       [
        -80.571136,
        35.734541
       ],
       [
        -80.56977,
        35.735415
       ],
       [
        -80.568069,
        35.736068
       ],
       [
        -80.567906,
        35.736205
       ],
       [
        -80.567411,
        35.736346
       ],
       [
        -80.566865,
        35.736669
       ],
       [
        -80.564449,
        35.737511
       ],
       [
        -80.563896,
        35.737575
       ],
       [
        -80.562088,
        35.738398
       ],
       [
        -80.561923,
        35.7384
       ],
       [
        -80.561156,
        35.738771
       ],
       [
        -80.559837,
        35.739193
       ],
       [
        -80.55937,
        35.739441
       ],
       [
        -80.558965,
        35.739835
       ],
       [
        -80.558428,
        35.740654
       ],
       [
        -80.55794,
        35.741156
       ],
       [
        -80.555919,
        35.742444
       ],
       [
        -80.554123,
        35.743909
       ],
       [
        -80.55391,
        35.744362
       ],
       [
        -80.554072,
        35.746085
       ],
       [
        -80.554023,
        35.747336
       ],
       [
        -80.553316,
        35.747976
       ],
       [
        -80.552548,
        35.748301
       ],
       [
        -80.551894,
        35.74876
       ],
       [
        -80.550633,
        35.749362
       ],
       [
        -80.548225,
        35.75074
       ],
       [
        -80.547128,
        35.75125
       ],
       [
        -80.546421,
        35.751845
       ],
       [
        -80.546048,
        35.752571
       ],
       [
        -80.545641,
        35.754424
       ],
       [
        -80.545426,
        35.754742
       ],
       [
        -80.544881,
        35.755155
       ],
       [
        -80.541441,
        35.757452
       ],
       [
        -80.540231,
        35.757783
       ],
       [
        -80.537076,
        35.757642
       ],
       [
        -80.536646,
        35.75778
       ],
       [
        -80.532966,
        35.759632
       ],
       [
        -80.532422,
        35.76009
       ],
       [
        -80.532193,
        35.760437
       ],
       [
        -80.532197,
        35.760782
       ],
       [
        -80.531934,
        35.761041
       ],
       [
        -80.5312,
        35.762719
       ],
       [
        -80.530816,
        35.763181
       ],
       [
        -80.530493,
        35.763359
       ],
       [
        -80.527515,
        35.763802
       ],
       [
        -80.527181,
        35.763671
       ],
       [
        -80.526748,
        35.763291
       ],
       [
        -80.526053,
        35.762513
       ],
       [
        -80.525718,
        35.762337
       ],
       [
        -80.52511,
        35.762345
       ],
       [
        -80.523195,
        35.763451
       ],
       [
        -80.521932,
        35.763501
       ]
      ],
      [
       [
        -80.521276,
        35.763354
       ],
       [
        -80.510283,
        35.761989
       ],
       [
        -80.509896,
        35.761994
       ],
       [
        -80.509348,
        35.762271
       ],
       [
        -80.508159,
        35.763201
       ]
      ],
      [
       [
        -80.508025,
        35.763307
       ],
       [
        -80.507058,
        35.764012
       ],
       [
        -80.506508,
        35.764199
       ],
       [
        -80.50601,
        35.764205
       ],
       [
        -80.50222,
        35.762584
       ],
       [
        -80.501163,
        35.762237
       ],
       [
        -80.500203,
        35.762171
       ],
       [
        -80.499174,
        35.762352
       ],
       [
        -80.495217,
        35.764251
       ]
      ],
      [
       [
        -80.483428,
        35.554512
       ],
       [
        -80.483272,
        35.554248
       ],
       [
        -80.48327,
        35.553985
       ],
       [
        -80.483792,
        35.553258
       ],
       [
        -80.483971,
        35.552752
       ],
       [
        -80.483882,
        35.552301
       ],
       [
        -80.483328,
        35.551874
       ],
       [
        -80.483253,
        35.55171
       ]
      ],
      [
       [
        -80.447674,
        35.531915
       ],
       [
        -80.447315,
        35.53219
       ],
       [
        -80.446915,
        35.532185
       ],
       [
        -80.446558,
        35.532076
       ],
       [
        -80.446342,
        35.531768
       ],
       [
        -80.445489,
        35.531462
       ],
       [
        -80.444552,
        35.531352
       ],
       [
        -80.443639,
        35.531114
       ],
       [
        -80.442148,
        35.530536
       ],
       [
        -80.442033,
        35.530509
       ],
       [
        -80.441254,
        35.53072
       ],
       [
        -80.440366,
        35.530574
       ],
       [
        -80.439154,
        35.530192
       ],
       [
        -80.438784,
        35.530154
       ],
       [
        -80.434871,
        35.528652
       ],
       [
        -80.434555,
        35.528752
       ],
       [
        -80.434074,
        35.529401
       ],
       [
        -80.434001,
        35.529753
       ],
       [
        -80.433801,
        35.530078
       ],
       [
        -80.433278,
        35.53048
       ],
       [
        -80.432364,
        35.531456
       ],
       [
        -80.431594,
        35.531794
       ],
       [
        -80.431328,
        35.531744
       ],
       [
        -80.43047,
        35.531179
       ],
       [
        -80.430155,
        35.531083
       ],
       [
        -80.429998,
        35.530916
       ],
       [
        -80.428731,
        35.530249
       ],
       [
        -80.428192,
        35.530041
       ],
       [
        -80.427815,
        35.529729
       ],
       [
        -80.427128,
        35.529587
       ],
       [
        -80.426214,
        35.529595
       ],
       [
        -80.424897,
        35.529806
       ],
       [
        -80.42448,
        35.529742
       ],
       [
        -80.422773,
        35.530262
       ],
       [
        -80.422237,
        35.530521
       ],
       [
        -80.421537,
        35.530501
       ],
       [
        -80.42122,
        35.530409
       ],
       [
        -80.420693,
        35.530507
       ],
       [
        -80.420462,
        35.530619
       ],
       [
        -80.419816,
        35.530565
       ],
       [
        -80.419145,
        35.530786
       ],
       [
        -80.418457,
        35.530586
       ],
       [
        -80.417828,
        35.530541
       ],
       [
        -80.417654,
        35.530622
       ],
       [
        -80.417318,
        35.531108
       ],
       [
        -80.416876,
        35.531128
       ],
       [
        -80.416712,
        35.531198
       ],
       [
        -80.413858,
        35.532622
       ],
       [
        -80.413533,
        35.533447
       ],
       [
        -80.413388,
        35.533481
       ],
       [
        -80.413139,
        35.533371
       ],
       [
        -80.412999,
        35.533389
       ],
       [
        -80.412492,
        35.533713
       ],
       [
        -80.412334,
        35.533917
       ],
       [
        -80.411828,
        35.534077
       ],
       [
        -80.411587,
        35.534567
       ],
       [
        -80.410945,
        35.535497
       ],
       [
        -80.410927,
        35.536102
       ],
       [
        -80.410197,
        35.536148
       ],
       [
        -80.410207,
        35.536299
       ],
       [
        -80.410027,
        35.536411
       ],
       [
        -80.409801,
        35.536731
       ],
       [
        -80.409592,
        35.536851
       ],
       [
        -80.409491,
        35.53683
       ],
       [
        -80.409228,
        35.536506
       ],
       [
        -80.409013,
        35.536501
       ],
       [
        -80.408825,
        35.536644
       ],
       [
        -80.40894,
        35.53693
       ],
       [
        -80.408921,
        35.537127
       ],
       [
        -80.40876,
        35.537315
       ],
       [
        -80.408195,
        35.537415
       ],
       [
        -80.407744,
        35.537174
       ],
       [
        -80.407548,
        35.5369
       ],
       [
        -80.407106,
        35.53723
       ],
       [
        -80.406699,
        35.53728
       ],
       [
        -80.406607,
        35.536962
       ],
       [
        -80.406431,
        35.536792
       ],
       [
        -80.406108,
        35.536705
       ],
       [
        -80.405772,
        35.536722
       ],
       [
        -80.405558,
        35.536515
       ],
       [
        -80.405153,
        35.536558
       ],
       [
        -80.405017,
        35.536366
       ],
       [
        -80.404668,
        35.536433
       ],
       [
        -80.404259,
        35.536764
       ],
       [
        -80.404103,
        35.536324
       ],
       [
        -80.403647,
        35.536836
       ],
       [
        -80.402977,
        35.537327
       ],
       [
        -80.402259,
        35.537713
       ],
       [
        -80.401525,
        35.537527
       ],
       [
        -80.40096,
        35.537616
       ],
       [
        -80.400651,
        35.537579
       ],
       [
        -80.400327,
        35.537277
       ],
       [
        -80.400038,
        35.537354
       ],
       [
        -80.399695,
        35.537748
       ],
       [
        -80.398136,
        35.537545
       ],
       [
        -80.397873,
        35.537458
       ],
       [
        -80.397556,
        35.537227
       ],
       [
        -80.396938,
        35.53741
       ],
       [
        -80.396521,
        35.537362
       ],
       [
        -80.396009,
        35.537181
       ],
       [
        -80.394955,
        35.537369
       ],
       [
        -80.394583,
        35.537091
       ],
       [
        -80.394328,
        35.537036
       ],
       [
        -80.394227,
        35.537135
       ],
       [
        -80.394235,
        35.537437
       ],
       [
        -80.3941,
        35.537515
       ],
       [
        -80.393339,
        35.537217
       ],
       [
        -80.393139,
        35.53767
       ],
       [
        -80.392619,
        35.538062
       ],
       [
        -80.392412,
        35.538094
       ],
       [
        -80.392091,
        35.538013
       ],
       [
        -80.39201,
        35.538086
       ],
       [
        -80.391936,
        35.53831
       ],
       [
        -80.391629,
        35.538558
       ],
       [
        -80.39162,
        35.538817
       ],
       [
        -80.39121,
        35.53883
       ],
       [
        -80.391006,
        35.538696
       ],
       [
        -80.390259,
        35.539298
       ],
       [
        -80.389872,
        35.539275
       ],
       [
        -80.389546,
        35.539418
       ],
       [
        -80.389291,
        35.539415
       ],
       [
        -80.389246,
        35.539181
       ],
       [
        -80.389048,
        35.539128
       ],
       [
        -80.388263,
        35.539488
       ],
       [
        -80.38824,
        35.539795
       ],
       [
        -80.387935,
        35.539807
       ],
       [
        -80.387858,
        35.539901
       ],
       [
        -80.387856,
        35.540296
       ],
       [
        -80.387711,
        35.540529
       ],
       [
        -80.387677,
        35.541077
       ],
       [
        -80.387134,
        35.541705
       ],
       [
        -80.386758,
        35.541785
       ],
       [
        -80.386652,
        35.541936
       ],
       [
        -80.386439,
        35.541902
       ],
       [
        -80.386105,
        35.542025
       ],
       [
        -80.385762,
        35.541991
       ],
       [
        -80.385651,
        35.541827
       ],
       [
        -80.385506,
        35.541855
       ],
       [
        -80.385449,
        35.542055
       ],
       [
        -80.385101,
        35.542012
       ],
       [
        -80.384353,
        35.542089
       ],
       [
        -80.383569,
        35.542512
       ],
       [
        -80.383021,
        35.543293
       ],
       [
        -80.382719,
        35.543304
       ],
       [
        -80.38267,
        35.543538
       ],
       [
        -80.382322,
        35.543932
       ],
       [
        -80.38226,
        35.544126
       ],
       [
        -80.382311,
        35.544316
       ],
       [
        -80.382199,
        35.544491
       ],
       [
        -80.381858,
        35.544628
       ],
       [
        -80.380446,
        35.545772
       ],
       [
        -80.379971,
        35.546364
       ],
       [
        -80.37878,
        35.546677
       ],
       [
        -80.378575,
        35.546586
       ],
       [
        -80.378413,
        35.546368
       ],
       [
        -80.378041,
        35.546295
       ],
       [
        -80.377302,
        35.54639
       ],
       [
        -80.376577,
        35.546215
       ],
       [
        -80.376385,
        35.546263
       ],
       [
        -80.376151,
        35.546471
       ],
       [
        -80.375543,
        35.546446
       ],
       [
        -80.375314,
        35.546359
       ],
       [
        -80.374942,
        35.547568
       ],
       [
        -80.375104,
        35.547853
       ],
       [
        -80.375367,
        35.548095
       ],
       [
        -80.375423,
        35.548545
       ],
       [
        -80.375095,
        35.549117
       ],
       [
        -80.375002,
        35.549535
       ],
       [
        -80.374728,
        35.549829
       ],
       [
        -80.374726,
        35.550922
       ],
       [
        -80.374652,
        35.55103
       ],
       [
        -80.374249,
        35.551242
       ],
       [
        -80.373039,
        35.551423
       ],
       [
        -80.372789,
        35.55155
       ],
       [
        -80.372621,
        35.551747
       ],
       [
        -80.372071,
        35.551576
       ],
       [
        -80.371749,
        35.551858
       ],
       [
        -80.371288,
        35.552087
       ],
       [
        -80.370934,
        35.552793
       ],
       [
        -80.371008,
        35.553116
       ],
       [
        -80.371271,
        35.553233
       ],
       [
        -80.371889,
        35.55315
       ],
       [
        -80.372293,
        35.552985
       ],
       [
        -80.372448,
        35.553006
       ],
       [
        -80.372535,
        35.553115
       ],
       [
        -80.37259,
        35.553731
       ],
       [
        -80.372455,
        35.553786
       ],
       [
        -80.371594,
        35.553771
       ],
       [
        -80.371372,
        35.553979
       ],
       [
        -80.371467,
        35.554419
       ],
       [
        -80.371944,
        35.55476
       ],
       [
        -80.372005,
        35.554891
       ],
       [
        -80.371871,
        35.555436
       ],
       [
        -80.371602,
        35.555585
       ],
       [
        -80.37087,
        35.55558
       ],
       [
        -80.370237,
        35.555773
       ],
       [
        -80.369496,
        35.555652
       ],
       [
        -80.369338,
        35.555506
       ],
       [
        -80.369282,
        35.554858
       ],
       [
        -80.369285,
        35.554476
       ],
       [
        -80.369408,
        35.554063
       ],
       [
        -80.368944,
        35.553624
       ],
       [
        -80.3685,
        35.553491
       ],
       [
        -80.368258,
        35.553514
       ],
       [
        -80.368009,
        35.553581
       ],
       [
        -80.36774,
        35.553854
       ],
       [
        -80.36774,
        35.554075
       ],
       [
        -80.367915,
        35.554536
       ],
       [
        -80.367916,
        35.554822
       ],
       [
        -80.367768,
        35.555164
       ],
       [
        -80.36758,
        35.555301
       ],
       [
        -80.366665,
        35.555625
       ],
       [
        -80.3661,
        35.555707
       ],
       [
        -80.365811,
        35.555945
       ],
       [
        -80.365744,
        35.556357
       ],
       [
        -80.365636,
        35.556433
       ],
       [
        -80.364829,
        35.556548
       ],
       [
        -80.364608,
        35.556644
       ],
       [
        -80.364507,
        35.55688
       ],
       [
        -80.364555,
        35.557798
       ],
       [
        -80.364837,
        35.55789
       ],
       [
        -80.365066,
        35.558364
       ],
       [
        -80.365591,
        35.558637
       ],
       [
        -80.365705,
        35.558886
       ],
       [
        -80.365391,
        35.560413
       ],
       [
        -80.365344,
        35.5616
       ],
       [
        -80.365438,
        35.562809
       ],
       [
        -80.365245,
        35.564427
       ],
       [
        -80.365098,
        35.564807
       ],
       [
        -80.364416,
        35.564972
       ],
       [
        -80.36411,
        35.565207
       ],
       [
        -80.36351,
        35.565454
       ],
       [
        -80.362696,
        35.565355
       ],
       [
        -80.362447,
        35.56507
       ],
       [
        -80.361989,
        35.564757
       ],
       [
        -80.362016,
        35.564272
       ],
       [
        -80.361841,
        35.563827
       ],
       [
        -80.361195,
        35.563549
       ],
       [
        -80.360737,
        35.563571
       ],
       [
        -80.360192,
        35.563449
       ],
       [
        -80.359083,
        35.563729
       ],
       [
        -80.358383,
        35.56361
       ],
       [
        -80.358047,
        35.56401
       ],
       [
        -80.357912,
        35.564065
       ],
       [
        -80.357455,
        35.563923
       ],
       [
        -80.35732,
        35.564044
       ],
       [
        -80.357213,
        35.564456
       ],
       [
        -80.356406,
        35.564995
       ],
       [
        -80.356245,
        35.56499
       ],
       [
        -80.356083,
        35.564736
       ],
       [
        -80.35572,
        35.564847
       ],
       [
        -80.355195,
        35.565243
       ],
       [
        -80.354738,
        35.565381
       ],
       [
        -80.354254,
        35.56543
       ],
       [
        -80.353285,
        35.565677
       ],
       [
        -80.352989,
        35.565518
       ],
       [
        -80.352788,
        35.565607
       ],
       [
        -80.352788,
        35.565992
       ],
       [
        -80.352943,
        35.566052
       ],
       [
        -80.353575,
        35.566635
       ],
       [
        -80.354295,
        35.566925
       ],
       [
        -80.354463,
        35.567167
       ],
       [
        -80.354396,
        35.567387
       ],
       [
        -80.35414,
        35.56769
       ],
       [
        -80.353085,
        35.568399
       ],
       [
        -80.353139,
        35.568481
       ],
       [
        -80.353616,
        35.568515
       ],
       [
        -80.353717,
        35.568619
       ],
       [
        -80.353502,
        35.569102
       ],
       [
        -80.353637,
        35.569475
       ],
       [
        -80.35361,
        35.569651
       ],
       [
        -80.353153,
        35.570548
       ],
       [
        -80.352313,
        35.571625
       ],
       [
        -80.352192,
        35.572193
       ],
       [
        -80.352218,
        35.572522
       ],
       [
        -80.352313,
        35.572676
       ],
       [
        -80.353222,
        35.573582
       ],
       [
        -80.353464,
        35.574088
       ],
       [
        -80.353424,
        35.574352
       ],
       [
        -80.353115,
        35.574785
       ],
       [
        -80.352866,
        35.575952
       ],
       [
        -80.35253,
        35.576304
       ],
       [
        -80.352395,
        35.576589
       ],
       [
        -80.352571,
        35.577248
       ],
       [
        -80.352847,
        35.57771
       ],
       [
        -80.353035,
        35.578247
       ],
       [
        -80.353109,
        35.578798
       ],
       [
        -80.353689,
        35.579484
       ],
       [
        -80.353689,
        35.580228
       ],
       [
        -80.352425,
        35.58176
       ],
       [
        -80.352344,
        35.582332
       ],
       [
        -80.351685,
        35.582602
       ],
       [
        -80.351248,
        35.583052
       ],
       [
        -80.351345,
        35.585037
       ],
       [
        -80.351564,
        35.58542
       ],
       [
        -80.351331,
        35.586065
       ],
       [
        -80.351366,
        35.586965
       ],
       [
        -80.350306,
        35.588764
       ],
       [
        -80.349973,
        35.589819
       ],
       [
        -80.349524,
        35.590245
       ],
       [
        -80.345888,
        35.591637
       ]
      ]
     ],
     "type": "MultiLineString"
    },
    "properties": {
     "length_km": 31.18,
     "n_sites": 1,
     "name": "Second Creek",
     "order": 2,
     "riverKey": "second creek",
     "source": "osm",
     "waterway": "stream"
    },
    "type": "Feature"
   },
   {
    "geometry": {
     "coordinates": [
      [
       [
        -80.533857,
        35.570865
       ],
       [
        -80.534462,
        35.570992
       ],
       [
        -80.535229,
        35.57131
       ],
       [
        -80.535861,
        35.571387
       ],
       [
        -80.537031,
        35.571964
       ],
       [
        -80.538014,
        35.572024
       ],
       [
        -80.538572,
        35.572317
       ],
       [
        -80.53911,
        35.572459
       ],
       [
        -80.540052,
        35.573049
       ],
       [
        -80.541021,
        35.573411
       ],
       [
        -80.542151,
        35.574285
       ],
       [
        -80.542918,
        35.574752
       ],
       [
        -80.544088,
        35.575814
       ],
       [
        -80.545056,
        35.577242
       ],
       [
        -80.545958,
        35.578249
       ],
       [
        -80.546765,
        35.578727
       ],
       [
        -80.548514,
        35.579338
       ],
       [
        -80.549099,
        35.579877
       ],
       [
        -80.549556,
        35.581249
       ],
       [
        -80.549596,
        35.581806
       ],
       [
        -80.549455,
        35.582173
       ],
       [
        -80.548217,
        35.583597
       ],
       [
        -80.546642,
        35.584899
       ],
       [
        -80.545868,
        35.586197
       ],
       [
        -80.545066,
        35.587088
       ]
      ],
      [
       [
        -80.544732,
        35.587456
       ],
       [
        -80.543654,
        35.588828
       ],
       [
        -80.543561,
        35.589151
       ]
      ],
      [
       [
        -80.543615,
        35.589959
       ],
       [
        -80.543021,
        35.590627
       ],
       [
        -80.542818,
        35.591061
       ],
       [
        -80.541749,
        35.591578
       ],
       [
        -80.540955,
        35.592479
       ],
       [
        -80.540376,
        35.592941
       ],
       [
        -80.540019,
        35.593379
       ],
       [
        -80.539722,
        35.594061
       ],
       [
        -80.538847,
        35.595358
       ],
       [
        -80.536855,
        35.597165
       ],
       [
        -80.535859,
        35.597364
       ],
       [
        -80.535703,
        35.597456
       ],
       [
        -80.535609,
        35.59781
       ],
       [
        -80.535784,
        35.598101
       ],
       [
        -80.535583,
        35.598447
       ],
       [
        -80.535643,
        35.59882
       ],
       [
        -80.53538,
        35.599051
       ],
       [
        -80.535427,
        35.599398
       ],
       [
        -80.535017,
        35.599579
       ],
       [
        -80.534801,
        35.599513
       ],
       [
        -80.534674,
        35.599557
       ],
       [
        -80.534532,
        35.599726
       ],
       [
        -80.534464,
        35.600109
       ]
      ],
      [
       [
        -80.534489,
        35.60041
       ],
       [
        -80.53402,
        35.600826
       ],
       [
        -80.53307,
        35.602013
       ],
       [
        -80.53301,
        35.6021
       ],
       [
        -80.533057,
        35.602468
       ],
       [
        -80.53295,
        35.602607
       ],
       [
        -80.532303,
        35.602853
       ],
       [
        -80.531832,
        35.602831
       ],
       [
        -80.531624,
        35.602925
       ],
       [
        -80.531098,
        35.603468
       ],
       [
        -80.530223,
        35.604145
       ],
       [
        -80.529381,
        35.605069
       ],
       [
        -80.529004,
        35.60575
       ],
       [
        -80.528654,
        35.606096
       ],
       [
        -80.528801,
        35.606674
       ],
       [
        -80.528775,
        35.607003
       ],
       [
        -80.52835,
        35.6076
       ],
       [
        -80.528323,
        35.607833
       ],
       [
        -80.528067,
        35.608183
       ],
       [
        -80.527973,
        35.608469
       ],
       [
        -80.527676,
        35.608822
       ],
       [
        -80.527468,
        35.609371
       ],
       [
        -80.526518,
        35.610684
       ],
       [
        -80.526209,
        35.611278
       ],
       [
        -80.526154,
        35.611652
       ],
       [
        -80.525851,
        35.612268
       ],
       [
        -80.525703,
        35.612883
       ],
       [
        -80.5248,
        35.614196
       ],
       [
        -80.524544,
        35.614835
       ],
       [
        -80.524275,
        35.615251
       ],
       [
        -80.523736,
        35.615747
       ],
       [
        -80.523186,
        35.61611
       ]
      ],
      [
       [
        -80.53185,
        35.569364
       ],
       [
        -80.532269,
        35.570528
       ],
       [
        -80.5327,
        35.570744
       ],
       [
        -80.533655,
        35.570849
       ]
      ],
      [
       [
        -80.529731,
        35.568353
       ],
       [
        -80.530178,
        35.568247
       ],
       [
        -80.530609,
        35.568281
       ],
       [
        -80.531039,
        35.568521
       ],
       [
        -80.531321,
        35.568588
       ],
       [
        -80.531591,
        35.568776
       ],
       [
        -80.531821,
        35.5693
       ]
      ],
      [
       [
        -80.523046,
        35.616219
       ],
       [
        -80.521864,
        35.617
       ],
       [
        -80.520578,
        35.617508
       ],
       [
        -80.51942,
        35.617822
       ],
       [
        -80.518982,
        35.618372
       ],
       [
        -80.518363,
        35.618922
       ],
       [
        -80.517958,
        35.619123
       ],
       [
        -80.517608,
        35.61941
       ],
       [
        -80.516854,
        35.620223
       ],
       [
        -80.516699,
        35.620883
       ],
       [
        -80.516288,
        35.621411
       ],
       [
        -80.51624,
        35.621695
       ],
       [
        -80.515957,
        35.622113
       ],
       [
        -80.515622,
        35.623097
       ],
       [
        -80.51534,
        35.623235
       ],
       [
        -80.514912,
        35.624043
       ],
       [
        -80.513725,
        35.625383
       ],
       [
        -80.513602,
        35.626918
       ],
       [
        -80.513666,
        35.627401
       ],
       [
        -80.513187,
        35.628915
       ],
       [
        -80.512223,
        35.630613
       ],
       [
        -80.51174,
        35.631121
       ],
       [
        -80.510927,
        35.631322
       ],
       [
        -80.510657,
        35.631458
       ],
       [
        -80.510284,
        35.632044
       ],
       [
        -80.509094,
        35.633027
       ],
       [
        -80.508884,
        35.633312
       ],
       [
        -80.508679,
        35.63397
       ],
       [
        -80.50763,
        35.634987
       ],
       [
        -80.506449,
        35.636849
       ],
       [
        -80.505556,
        35.637647
       ],
       [
        -80.504365,
        35.63896
       ],
       [
        -80.503959,
        35.639227
       ],
       [
        -80.50205,
        35.64001
       ],
       [
        -80.499998,
        35.641412
       ],
       [
        -80.499785,
        35.641575
       ],
       [
        -80.499439,
        35.642241
       ],
       [
        -80.499065,
        35.642724
       ],
       [
        -80.498373,
        35.643357
       ],
       [
        -80.497425,
        35.644027
       ],
       [
        -80.495207,
        35.645104
       ],
       [
        -80.493232,
        35.646225
       ],
       [
        -80.491457,
        35.646641
       ]
      ],
      [
       [
        -80.490848,
        35.646772
       ],
       [
        -80.490704,
        35.646747
       ],
       [
        -80.490065,
        35.646917
       ],
       [
        -80.488345,
        35.647688
       ],
       [
        -80.486618,
        35.647948
       ],
       [
        -80.485768,
        35.648159
       ],
       [
        -80.485054,
        35.648199
       ],
       [
        -80.484271,
        35.648412
       ],
       [
        -80.482701,
        35.64932
       ],
       [
        -80.480705,
        35.651363
       ],
       [
        -80.480365,
        35.651641
       ],
       [
        -80.479838,
        35.651882
       ],
       [
        -80.478588,
        35.65322
       ],
       [
        -80.477355,
        35.65399
       ],
       [
        -80.476748,
        35.654209
       ],
       [
        -80.473212,
        35.654991
       ],
       [
        -80.471537,
        35.655482
       ],
       [
        -80.471138,
        35.655492
       ]
      ],
      [
       [
        -80.470812,
        35.6556
       ],
       [
        -80.469309,
        35.65625
       ],
       [
        -80.468117,
        35.657024
       ],
       [
        -80.462142,
        35.658855
       ],
       [
        -80.461303,
        35.659168
       ]
      ],
      [
       [
        -80.458193,
        35.660091
       ],
       [
        -80.454246,
        35.661326
       ],
       [
        -80.453441,
        35.661749
       ],
       [
        -80.452586,
        35.662448
       ],
       [
        -80.451703,
        35.663301
       ],
       [
        -80.451323,
        35.663741
       ],
       [
        -80.451171,
        35.664062
       ],
       [
        -80.451209,
        35.664457
       ],
       [
        -80.451494,
        35.664988
       ],
       [
        -80.451402,
        35.666237
       ]
      ],
      [
       [
        -80.451388,
        35.666445
       ],
       [
        -80.451344,
        35.667453
       ],
       [
        -80.451248,
        35.667699
       ],
       [
        -80.451092,
        35.667804
       ],
       [
        -80.4506,
        35.667757
       ],
       [
        -80.450093,
        35.667283
       ],
       [
        -80.449872,
        35.667178
       ],
       [
        -80.449333,
        35.667147
       ],
       [
        -80.447848,
        35.667566
       ],
       [
        -80.447146,
        35.667621
       ],
       [
        -80.446525,
        35.667781
       ],
       [
        -80.442586,
        35.668437
       ],
       [
        -80.442234,
        35.668615
       ],
       [
        -80.441662,
        35.669239
       ],
       [
        -80.440648,
        35.669735
       ],
       [
        -80.439271,
        35.669988
       ],
       [
        -80.436837,
        35.67104
       ],
       [
        -80.433188,
        35.672371
       ],
       [
        -80.430432,
        35.673235
       ],
       [
        -80.427325,
        35.674106
       ],
       [
        -80.426749,
        35.674518
       ],
       [
        -80.425884,
        35.675621
       ],
       [
        -80.424584,
        35.676223
       ],
       [
        -80.424126,
        35.676347
       ],
       [
        -80.421471,
        35.676402
       ],
       [
        -80.420766,
        35.676784
       ],
       [
        -80.420183,
        35.677268
       ],
       [
        -80.419696,
        35.677523
       ],
       [
        -80.418263,
        35.677998
       ],
       [
        -80.416613,
        35.678725
       ],
       [
        -80.415831,
        35.678816
       ],
       [
        -80.415317,
        35.67898
       ],
       [
        -80.415121,
        35.679117
       ]
      ],
      [
       [
        -80.414748,
        35.679477
       ],
       [
        -80.414622,
        35.679724
       ],
       [
        -80.414448,
        35.67986
       ],
       [
        -80.413723,
        35.680142
       ],
       [
        -80.413594,
        35.681028
       ],
       [
        -80.413341,
        35.681381
       ],
       [
        -80.4094,
        35.683561
       ],
       [
        -80.408372,
        35.684027
       ],
       [
        -80.408148,
        35.684236
       ],
       [
        -80.407641,
        35.685155
       ],
       [
        -80.407226,
        35.685554
       ],
       [
        -80.406358,
        35.68617
       ],
       [
        -80.405829,
        35.686395
       ],
       [
        -80.405354,
        35.686431
       ]
      ],
      [
       [
        -80.404413,
        35.686622
       ],
       [
        -80.403292,
        35.686899
       ],
       [
        -80.402511,
        35.686938
       ],
       [
        -80.40165,
        35.686757
       ],
       [
        -80.399957,
        35.686228
       ],
       [
        -80.399008,
        35.686124
       ],
       [
        -80.397859,
        35.685765
       ],
       [
        -80.396353,
        35.685448
       ],
       [
        -80.389683,
        35.681955
       ],
       [
        -80.386431,
        35.680003
       ],
       [
        -80.385432,
        35.679332
       ],
       [
        -80.385336,
        35.679195
       ]
      ]
     ],
     "type": "MultiLineString"
    },
    "properties": {
     "length_km": 22.84,
     "n_sites": 14,
     "name": "Town Creek",
     "order": 2,
     "riverKey": "town creek",
     "source": "osm",
     "waterway": "stream"
    },
    "type": "Feature"
   },
   {
    "geometry": {
     "coordinates": [
      [
       [
        -80.567702,
        35.690496
       ],
       [
        -80.567754,
        35.690674
       ],
       [
        -80.568734,
        35.690962
       ],
       [
        -80.569495,
        35.691406
       ],
       [
        -80.570092,
        35.691636
       ],
       [
        -80.571253,
        35.692475
       ],
       [
        -80.571555,
        35.692938
       ],
       [
        -80.571821,
        35.693652
       ],
       [
        -80.572437,
        35.694336
       ],
       [
        -80.572489,
        35.694951
       ],
       [
        -80.572661,
        35.69551
       ],
       [
        -80.573271,
        35.695763
       ],
       [
        -80.574866,
        35.696733
       ],
       [
        -80.575321,
        35.697107
       ],
       [
        -80.576223,
        35.69738
       ],
       [
        -80.576652,
        35.697591
       ],
       [
        -80.577483,
        35.698923
       ],
       [
        -80.577983,
        35.700066
       ],
       [
        -80.578552,
        35.700903
       ],
       [
        -80.578884,
        35.702178
       ],
       [
        -80.579013,
        35.703398
       ],
       [
        -80.578942,
        35.704172
       ],
       [
        -80.578517,
        35.705944
       ],
       [
        -80.578687,
        35.708668
       ],
       [
        -80.578513,
        35.709963
       ],
       [
        -80.578367,
        35.712604
       ],
       [
        -80.577851,
        35.714618
       ]
      ],
      [
       [
        -80.577751,
        35.715069
       ],
       [
        -80.57716,
        35.717437
       ],
       [
        -80.576997,
        35.717788
       ],
       [
        -80.576508,
        35.718423
       ],
       [
        -80.576086,
        35.71963
       ],
       [
        -80.575405,
        35.720951
       ],
       [
        -80.574548,
        35.722941
       ],
       [
        -80.574422,
        35.724039
       ],
       [
        -80.574442,
        35.725177
       ],
       [
        -80.574617,
        35.725544
       ],
       [
        -80.574629,
        35.726055
       ],
       [
        -80.574085,
        35.726992
       ],
       [
        -80.573852,
        35.727848
       ],
       [
        -80.573554,
        35.728264
       ],
       [
        -80.573871,
        35.729671
       ],
       [
        -80.573632,
        35.732064
       ],
       [
        -80.574005,
        35.732985
       ]
      ]
     ],
     "type": "MultiLineString"
    },
    "properties": {
     "length_km": 5.21,
     "n_sites": 1,
     "name": "Walnut Branch",
     "order": 2,
     "riverKey": "walnut branch",
     "source": "osm",
     "waterway": "stream"
    },
    "type": "Feature"
   },
   {
    "geometry": {
     "coordinates": [
      [
       -80.468208,
       35.800141
      ],
      [
       -80.46974,
       35.799941
      ],
      [
       -80.471796,
       35.799304
      ],
      [
       -80.472874,
       35.798643
      ],
      [
       -80.473886,
       35.797744
      ],
      [
       -80.474536,
       35.79696
      ],
      [
       -80.475071,
       35.796153
      ],
      [
       -80.47646,
       35.792559
      ],
      [
       -80.476857,
       35.79073
      ],
      [
       -80.47674,
       35.789506
      ],
      [
       -80.476553,
       35.788975
      ],
      [
       -80.47462,
       35.786868
      ],
      [
       -80.473253,
       35.784704
      ],
      [
       -80.472397,
       35.783685
      ],
      [
       -80.471657,
       35.783116
      ],
      [
       -80.46723,
       35.780272
      ],
      [
       -80.465885,
       35.779542
      ],
      [
       -80.464171,
       35.7783
      ],
      [
       -80.461858,
       35.776351
      ],
      [
       -80.46074,
       35.775638
      ],
      [
       -80.459197,
       35.774905
      ],
      [
       -80.455727,
       35.77362
      ],
      [
       -80.455176,
       35.773302
      ],
      [
       -80.453675,
       35.772191
      ],
      [
       -80.453108,
       35.771382
      ],
      [
       -80.451309,
       35.768336
      ],
      [
       -80.450723,
       35.767009
      ],
      [
       -80.450593,
       35.766184
      ],
      [
       -80.450606,
       35.765449
      ],
      [
       -80.450945,
       35.764624
      ],
      [
       -80.451538,
       35.76354
      ],
      [
       -80.452013,
       35.762355
      ],
      [
       -80.452411,
       35.759748
      ],
      [
       -80.452437,
       35.758664
      ],
      [
       -80.452789,
       35.757844
      ],
      [
       -80.453147,
       35.757469
      ],
      [
       -80.454757,
       35.756665
      ],
      [
       -80.455637,
       35.756089
      ],
      [
       -80.456733,
       35.755122
      ],
      [
       -80.457333,
       35.754269
      ],
      [
       -80.458199,
       35.752134
      ],
      [
       -80.459888,
       35.745157
      ],
      [
       -80.45902,
       35.743012
      ],
      [
       -80.457669,
       35.740506
      ],
      [
       -80.4575,
       35.739751
      ],
      [
       -80.457101,
       35.739061
      ],
      [
       -80.456854,
       35.738244
      ],
      [
       -80.455741,
       35.736617
      ],
      [
       -80.454042,
       35.734872
      ],
      [
       -80.453459,
       35.734499
      ],
      [
       -80.452266,
       35.734212
      ],
      [
       -80.451074,
       35.734177
      ],
      [
       -80.447777,
       35.735139
      ],
      [
       -80.446365,
       35.73531
      ],
      [
       -80.444738,
       35.735335
      ],
      [
       -80.443374,
       35.735107
      ],
      [
       -80.442562,
       35.73486
      ],
      [
       -80.441149,
       35.734266
      ],
      [
       -80.438471,
       35.732869
      ],
      [
       -80.437333,
       35.732377
      ],
      [
       -80.434505,
       35.731233
      ],
      [
       -80.430312,
       35.729788
      ],
      [
       -80.42844,
       35.728926
      ],
      [
       -80.428049,
       35.728742
      ],
      [
       -80.426013,
       35.727377
      ],
      [
       -80.424843,
       35.726823
      ],
      [
       -80.422635,
       35.725538
      ],
      [
       -80.418029,
       35.723704
      ],
      [
       -80.414665,
       35.722651
      ],
      [
       -80.410115,
       35.722184
      ],
      [
       -80.407764,
       35.722164
      ],
      [
       -80.404314,
       35.722404
      ],
      [
       -80.401082,
       35.723565
      ],
      [
       -80.400034,
       35.724208
      ],
      [
       -80.398268,
       35.724986
      ],
      [
       -80.396575,
       35.725573
      ],
      [
       -80.395144,
       35.725557
      ],
      [
       -80.39353,
       35.725004
      ],
      [
       -80.391965,
       35.72411
      ],
      [
       -80.391627,
       35.723756
      ],
      [
       -80.391355,
       35.723294
      ],
      [
       -80.39132,
       35.722944
      ],
      [
       -80.391549,
       35.722457
      ],
      [
       -80.390973,
       35.721277
      ],
      [
       -80.390287,
       35.720305
      ],
      [
       -80.389457,
       35.719528
      ],
      [
       -80.387232,
       35.717729
      ],
      [
       -80.384143,
       35.715865
      ],
      [
       -80.381537,
       35.714596
      ],
      [
       -80.380607,
       35.714313
      ],
      [
       -80.379695,
       35.714158
      ],
      [
       -80.375,
       35.714419
      ],
      [
       -80.371834,
       35.714853
      ],
      [
       -80.368181,
       35.715536
      ],
      [
       -80.362795,
       35.716747
      ],
      [
       -80.356214,
       35.717536
      ],
      [
       -80.353214,
       35.718579
      ],
      [
       -80.347659,
       35.719588
      ],
      [
       -80.339072,
       35.719682
      ],
      [
       -80.336981,
       35.719579
      ],
      [
       -80.335043,
       35.719348
      ],
      [
       -80.332103,
       35.71938
      ],
      [
       -80.33032,
       35.71921
      ],
      [
       -80.32698,
       35.718427
      ],
      [
       -80.32573,
       35.717683
      ],
      [
       -80.324128,
       35.716402
      ],
      [
       -80.321719,
       35.713688
      ],
      [
       -80.319546,
       35.711074
      ],
      [
       -80.319074,
       35.708066
      ],
      [
       -80.320599,
       35.704409
      ],
      [
       -80.323499,
       35.701533
      ],
      [
       -80.328956,
       35.697906
      ],
      [
       -80.330029,
       35.69693
      ],
      [
       -80.331553,
       35.695083
      ],
      [
       -80.332604,
       35.693497
      ],
      [
       -80.333119,
       35.692486
      ],
      [
       -80.333462,
       35.690551
      ],
      [
       -80.333462,
       35.685759
      ],
      [
       -80.333221,
       35.683905
      ],
      [
       -80.332979,
       35.68314
      ],
      [
       -80.332451,
       35.682105
      ]
     ],
     "type": "LineString"
    },
    "properties": {
     "length_km": 26.46,
     "n_sites": 3,
     "name": "Yadkin River",
     "order": 4,
     "riverKey": "yadkin river",
     "source": "osm",
     "waterway": "river"
    },
    "type": "Feature"
   }
  ],
  "type": "FeatureCollection"
 },
 "type": "FeatureCollection"
}
