{
 "features": [
  {
   "geometry": {
    "coordinates": [
     -78.972662,
     35.189961
    ],
    "type": "Point"
   },
   "properties": {
    "accumulation": 702541.0,
    "bank_slope_deg": 6.59,
    "bank_slope_score": 1.0,
    "beach_dist_km": 153.5,
    "bridge_proximity_bonus": 0.0,
    "catchment_area_km2": 70.1524,
    "channel_width_m": 10.39,
    "channel_width_score": 1.0,
    "composite_score": 57.3728,
    "cso_density": 0.0,
    "ej_index": 0.5056,
    "elevation_m": 40.1052,
    "estuary_dist_km": 266.27,
    "feasibility_score": 71.7172,
    "flood_q10_cfs": null,
    "flow_score": 66.1444,
    "flow_velocity_ms": 0.5,
    "generation_score": 48.2695,
    "impact_score": 51.9941,
    "impervious_pct": null,
    "land_ownership": 0.5,
    "lat": 35.19,
    "litter_complaint_density": 0.0,
    "lon": -78.9727,
    "npdes_points": 15,
    "pixel_col": 1081.0,
    "pixel_row": 812.0,
    "population_density": 240.4,
    "position_along": 0.5,
    "protected_area_score": 0.0,
    "rank": 1,
    "river_name": "Little River",
    "road_access_m": 423.1,
    "road_access_score": 0.8,
    "road_density_km_km2": 3.285,
    "robustness_pct": 94.0,
    "runoff_coeff_C": null,
    "seasonal_cv": null,
    "segment_id": 50,
    "segment_length_m": 2417.9032,
    "stream_order": 3,
    "superfund_score": 0.0,
    "tourism_amenity_density": 0.6366,
    "tri_facility_density": 0.0143,
    "usgs_mean_q_cfs": null,
    "velocity_feasibility": 1.0,
    "water_intake_score": 0.0
   },
   "type": "Feature"
  },
  {
   "geometry": {
    "coordinates": [
     -78.988042,
     35.173185
    ],
    "type": "Point"
   },
   "properties": {
    "accumulation": 35600.0,
    "bank_slope_deg": 4.62,
    "bank_slope_score": 1.0,
    "beach_dist_km": 153.19,
    "bridge_proximity_bonus": 0.0,
    "catchment_area_km2": 3.5548,
    "channel_width_m": 3.52,
    "channel_width_score": 1.0,
    "composite_score": 56.57,
    "cso_density": 0.0,
    "ej_index": 0.7376,
    "elevation_m": 56.9891,
    "estuary_dist_km": 267.59,
    "feasibility_score": 66.2338,
    "flood_q10_cfs": null,
    "flow_score": 27.9913,
    "flow_velocity_ms": 0.1148,
    "generation_score": 58.3315,
    "impact_score": 73.7921,
    "impervious_pct": 34.9,
    "land_ownership": 0.5,
    "lat": 35.1732,
    "litter_complaint_density": 0.0,
    "lon": -78.988,
    "npdes_points": 1,
    "pixel_col": 944.0,
    "pixel_row": 1001.0,
    "population_density": 1093.8,
    "position_along": 0.25,
    "protected_area_score": 0.0,
    "rank": 2,
    "river_name": null,
    "road_access_m": 152.8,
    "road_access_score": 1.0,
    "road_density_km_km2": 8.871,
    "robustness_pct": 93.0,
    "runoff_coeff_C": 0.3641,
    "seasonal_cv": 0.4271,
    "segment_id": 39,
    "segment_length_m": 3076.5429,
    "stream_order": 3,
    "superfund_score": 0.0,
    "tourism_amenity_density": 2.7056,
    "tri_facility_density": 0.0,
    "usgs_mean_q_cfs": 2.301,
    "velocity_feasibility": 0.7,
    "water_intake_score": 0.0
   },
   "type": "Feature"
  },
  {
   "geometry": {
    "coordinates": [
     -78.990144,
     35.184152
    ],
    "type": "Point"
   },
   "properties": {
    "accumulation": 48267.0,
    "bank_slope_deg": 1.04,
    "bank_slope_score": 1.0,
    "beach_dist_km": 154.18,
    "bridge_proximity_bonus": 0.0,
    "catchment_area_km2": 4.8197,
    "channel_width_m": 3.93,
    "channel_width_score": 1.0,
    "composite_score": 50.3715,
    "cso_density": 0.0,
    "ej_index": 0.6962,
    "elevation_m": 52.1772,
    "estuary_dist_km": 267.83,
    "feasibility_score": 66.2338,
    "flood_q10_cfs": null,
    "flow_score": 28.039,
    "flow_velocity_ms": 0.1035,
    "generation_score": 46.2617,
    "impact_score": 65.1605,
    "impervious_pct": 34.9,
    "land_ownership": 0.5,
    "lat": 35.1842,
    "litter_complaint_density": 0.0,
    "lon": -78.9901,
    "npdes_points": 2,
    "pixel_col": 923.0,
    "pixel_row": 880.0,
    "population_density": 661.0,
    "position_along": 0.75,
    "protected_area_score": 0.0,
    "rank": 3,
    "river_name": null,
    "road_access_m": 195.9,
    "road_access_score": 1.0,
    "road_density_km_km2": 6.132,
    "robustness_pct": 54.5,
    "runoff_coeff_C": 0.3641,
    "seasonal_cv": 0.4271,
    "segment_id": 39,
    "segment_length_m": 3076.5429,
    "stream_order": 3,
    "superfund_score": 0.0,
    "tourism_amenity_density": 1.9099,
    "tri_facility_density": 0.0,
    "usgs_mean_q_cfs": 2.301,
    "velocity_feasibility": 0.7,
    "water_intake_score": 0.0
   },
   "type": "Feature"
  },
  {
   "geometry": {
    "coordinates": [
     -78.961584,
     35.198503
    ],
    "type": "Point"
   },
   "properties": {
    "accumulation": 747581.0,
    "bank_slope_deg": 4.54,
    "bank_slope_score": 1.0,
    "beach_dist_km": 153.46,
    "bridge_proximity_bonus": 0.0,
    "catchment_area_km2": 74.6499,
    "channel_width_m": 10.62,
    "channel_width_score": 1.0,
    "composite_score": 49.6993,
    "cso_density": 0.0,
    "ej_index": 0.4885,
    "elevation_m": 39.4237,
    "estuary_dist_km": 265.31,
    "feasibility_score": 81.8182,
    "flood_q10_cfs": null,
    "flow_score": 67.4419,
    "flow_velocity_ms": 0.5,
    "generation_score": 17.7988,
    "impact_score": 50.7549,
    "impervious_pct": null,
    "land_ownership": 0.5,
    "lat": 35.1985,
    "litter_complaint_density": 0.0,
    "lon": -78.9616,
    "npdes_points": 9,
    "pixel_col": 1181.0,
    "pixel_row": 715.0,
    "population_density": 210.9,
    "position_along": 0.5,
    "protected_area_score": 0.0,
    "rank": 4,
    "river_name": "Little River",
    "road_access_m": 176.8,
    "road_access_score": 1.0,
    "road_density_km_km2": 2.858,
    "robustness_pct": 51.0,
    "runoff_coeff_C": null,
    "seasonal_cv": null,
    "segment_id": 51,
    "segment_length_m": 1906.8522,
    "stream_order": 3,
    "superfund_score": 0.0,
    "tourism_amenity_density": 0.3183,
    "tri_facility_density": 0.0,
    "usgs_mean_q_cfs": null,
    "velocity_feasibility": 1.0,
    "water_intake_score": 0.0
   },
   "type": "Feature"
  },
  {
   "geometry": {
    "coordinates": [
     -78.98617,
     35.193929
    ],
    "type": "Point"
   },
   "properties": {
    "accumulation": 461926.0,
    "bank_slope_deg": 6.4,
    "bank_slope_score": 1.0,
    "beach_dist_km": 154.68,
    "bridge_proximity_bonus": 0.0,
    "catchment_area_km2": 46.1257,
    "channel_width_m": 8.92,
    "channel_width_score": 1.0,
    "composite_score": 49.4629,
    "cso_density": 0.0,
    "ej_index": 0.6014,
    "elevation_m": 42.0073,
    "estuary_dist_km": 267.51,
    "feasibility_score": 81.8182,
    "flood_q10_cfs": null,
    "flow_score": 59.2131,
    "flow_velocity_ms": 0.5,
    "generation_score": 22.075,
    "impact_score": 52.548,
    "impervious_pct": null,
    "land_ownership": 0.5,
    "lat": 35.1939,
    "litter_complaint_density": 0.0,
    "lon": -78.9862,
    "npdes_points": 11,
    "pixel_col": 959.0,
    "pixel_row": 775.0,
    "population_density": 269.6,
    "position_along": 0.5,
    "protected_area_score": 0.0,
    "rank": 5,
    "river_name": "Little River",
    "road_access_m": 90.6,
    "road_access_score": 1.0,
    "road_density_km_km2": 3.54,
    "robustness_pct": 45.0,
    "runoff_coeff_C": null,
    "seasonal_cv": null,
    "segment_id": 27,
    "segment_length_m": 1077.0371,
    "stream_order": 3,
    "superfund_score": 0.0,
    "tourism_amenity_density": 0.6366,
    "tri_facility_density": 0.0,
    "usgs_mean_q_cfs": null,
    "velocity_feasibility": 1.0,
    "water_intake_score": 0.0
   },
   "type": "Feature"
  },
  {
   "geometry": {
    "coordinates": [
     -79.00049,
     35.186217
    ],
    "type": "Point"
   },
   "properties": {
    "accumulation": 147580.0,
    "bank_slope_deg": 0.23,
    "bank_slope_score": 1.0,
    "beach_dist_km": 155.01,
    "bridge_proximity_bonus": 0.0,
    "catchment_area_km2": 14.7366,
    "channel_width_m": 5.89,
    "channel_width_score": 1.0,
    "composite_score": 49.0147,
    "cso_density": 0.0,
    "ej_index": 0.6002,
    "elevation_m": 51.5874,
    "estuary_dist_km": 268.78,
    "feasibility_score": 66.2338,
    "flood_q10_cfs": null,
    "flow_score": 35.8239,
    "flow_velocity_ms": 0.1557,
    "generation_score": 43.3064,
    "impact_score": 57.1056,
    "impervious_pct": 39.44,
    "land_ownership": 0.5,
    "lat": 35.1862,
    "litter_complaint_density": 0.0,
    "lon": -79.0005,
    "npdes_points": 6,
    "pixel_col": 830.0,
    "pixel_row": 862.0,
    "population_density": 306.7,
    "position_along": 0.8333,
    "protected_area_score": 0.0,
    "rank": 6,
    "river_name": "Tank Creek",
    "road_access_m": 143.7,
    "road_access_score": 1.0,
    "road_density_km_km2": 4.497,
    "robustness_pct": 23.5,
    "runoff_coeff_C": 0.405,
    "seasonal_cv": 0.4509,
    "segment_id": 48,
    "segment_length_m": 5509.826,
    "stream_order": 3,
    "superfund_score": 0.0,
    "tourism_amenity_density": 1.6711,
    "tri_facility_density": 0.0,
    "usgs_mean_q_cfs": 6.027,
    "velocity_feasibility": 0.7,
    "water_intake_score": 0.0
   },
   "type": "Feature"
  },
  {
   "geometry": {
    "coordinates": [
     -78.988408,
     35.190544
    ],
    "type": "Point"
   },
   "properties": {
    "accumulation": 209769.0,
    "bank_slope_deg": 3.34,
    "bank_slope_score": 1.0,
    "beach_dist_km": 154.56,
    "bridge_proximity_bonus": 0.0,
    "catchment_area_km2": 20.9465,
    "channel_width_m": 6.7,
    "channel_width_score": 1.0,
    "composite_score": 48.8251,
    "cso_density": 0.0,
    "ej_index": 0.6242,
    "elevation_m": 46.0376,
    "estuary_dist_km": 267.7,
    "feasibility_score": 56.1328,
    "flood_q10_cfs": null,
    "flow_score": 42.6447,
    "flow_velocity_ms": 0.247,
    "generation_score": 40.4024,
    "impact_score": 58.7442,
    "impervious_pct": 36.99,
    "land_ownership": 0.5,
    "lat": 35.1905,
    "litter_complaint_density": 0.0,
    "lon": -78.9884,
    "npdes_points": 4,
    "pixel_col": 939.0,
    "pixel_row": 811.0,
    "population_density": 356.8,
    "position_along": 0.5,
    "protected_area_score": 0.0,
    "rank": 7,
    "river_name": "Tank Creek",
    "road_access_m": 268.5,
    "road_access_score": 0.8,
    "road_density_km_km2": 4.215,
    "robustness_pct": 28.5,
    "runoff_coeff_C": 0.3829,
    "seasonal_cv": 0.4615,
    "segment_id": 49,
    "segment_length_m": 1292.3227,
    "stream_order": 3,
    "superfund_score": 0.0,
    "tourism_amenity_density": 1.4324,
    "tri_facility_density": 0.0,
    "usgs_mean_q_cfs": 8.689,
    "velocity_feasibility": 0.7,
    "water_intake_score": 0.0
   },
   "type": "Feature"
  },
  {
   "geometry": {
    "coordinates": [
     -79.004948,
     35.176033
    ],
    "type": "Point"
   },
   "properties": {
    "accumulation": 101049.0,
    "bank_slope_deg": 4.48,
    "bank_slope_score": 1.0,
    "beach_dist_km": 154.52,
    "bridge_proximity_bonus": 0.0,
    "catchment_area_km2": 10.0903,
    "channel_width_m": 5.14,
    "channel_width_score": 1.0,
    "composite_score": 48.1959,
    "cso_density": 0.0,
    "ej_index": 0.5044,
    "elevation_m": 55.6893,
    "estuary_dist_km": 269.14,
    "feasibility_score": 66.2338,
    "flood_q10_cfs": null,
    "flow_score": 32.5803,
    "flow_velocity_ms": 0.1257,
    "generation_score": 47.254,
    "impact_score": 53.1319,
    "impervious_pct": 41.8,
    "land_ownership": 0.5,
    "lat": 35.176,
    "litter_complaint_density": 0.0,
    "lon": -79.0049,
    "npdes_points": 7,
    "pixel_col": 791.0,
    "pixel_row": 973.0,
    "population_density": 337.1,
    "position_along": 0.5,
    "protected_area_score": 0.0,
    "rank": 8,
    "river_name": "Tank Creek",
    "road_access_m": 193.0,
    "road_access_score": 1.0,
    "road_density_km_km2": 5.073,
    "robustness_pct": 19.5,
    "runoff_coeff_C": 0.4262,
    "seasonal_cv": 0.4406,
    "segment_id": 48,
    "segment_length_m": 5509.826,
    "stream_order": 3,
    "superfund_score": 0.0,
    "tourism_amenity_density": 1.6711,
    "tri_facility_density": 0.0,
    "usgs_mean_q_cfs": 4.234,
    "velocity_feasibility": 0.7,
    "water_intake_score": 0.0
   },
   "type": "Feature"
  },
  {
   "geometry": {
    "coordinates": [
     -78.944928,
     35.119097
    ],
    "type": "Point"
   },
   "properties": {
    "accumulation": 34049.0,
    "bank_slope_deg": 0.72,
    "bank_slope_score": 1.0,
    "beach_dist_km": 146.2,
    "bridge_proximity_bonus": 0.2,
    "catchment_area_km2": 3.4,
    "channel_width_m": 3.46,
    "channel_width_score": 1.0,
    "composite_score": 47.7633,
    "cso_density": 0.0,
    "ej_index": 0.6011,
    "elevation_m": 53.0723,
    "estuary_dist_km": 263.52,
    "feasibility_score": 84.4156,
    "flood_q10_cfs": null,
    "flow_score": 25.0155,
    "flow_velocity_ms": 0.0936,
    "generation_score": 27.6238,
    "impact_score": 68.5332,
    "impervious_pct": 22.52,
    "land_ownership": 0.5,
    "lat": 35.1191,
    "litter_complaint_density": 0.0,
    "lon": -78.9449,
    "npdes_points": 0,
    "pixel_col": 1351.0,
    "pixel_row": 1597.0,
    "population_density": 211.5,
    "position_along": 0.5,
    "protected_area_score": 0.0,
    "rank": 9,
    "river_name": "Little Cross Creek",
    "road_access_m": 146.4,
    "road_access_score": 1.0,
    "road_density_km_km2": 6.476,
    "robustness_pct": 23.5,
    "runoff_coeff_C": 0.2527,
    "seasonal_cv": 0.4221,
    "segment_id": 60,
    "segment_length_m": 1889.2913,
    "stream_order": 3,
    "superfund_score": 0.0,
    "tourism_amenity_density": 0.6366,
    "tri_facility_density": 0.0,
    "usgs_mean_q_cfs": 1.569,
    "velocity_feasibility": 0.7,
    "water_intake_score": 0.0
   },
   "type": "Feature"
  },
  {
   "geometry": {
    "coordinates": [
     -78.943729,
     35.109711
    ],
    "type": "Point"
   },
   "properties": {
    "accumulation": 74321.0,
    "bank_slope_deg": 2.04,
    "bank_slope_score": 1.0,
    "beach_dist_km": 145.41,
    "bridge_proximity_bonus": 0.0,
    "catchment_area_km2": 7.4213,
    "channel_width_m": 4.6,
    "channel_width_score": 1.0,
    "composite_score": 47.6355,
    "cso_density": 0.0,
    "ej_index": 0.8065,
    "elevation_m": 52.5619,
    "estuary_dist_km": 263.39,
    "feasibility_score": 66.2338,
    "flood_q10_cfs": null,
    "flow_score": 31.504,
    "flow_velocity_ms": 0.23,
    "generation_score": 23.5725,
    "impact_score": 75.8422,
    "impervious_pct": 20.82,
    "land_ownership": 0.5,
    "lat": 35.1097,
    "litter_complaint_density": 0.0,
    "lon": -78.9437,
    "npdes_points": 0,
    "pixel_col": 1364.0,
    "pixel_row": 1701.0,
    "population_density": 241.3,
    "position_along": 0.5,
    "protected_area_score": 0.0,
    "rank": 10,
    "river_name": "Bonne Doone Lake Dam",
    "road_access_m": 176.6,
    "road_access_score": 1.0,
    "road_density_km_km2": 3.959,
    "robustness_pct": 26.0,
    "runoff_coeff_C": 0.2374,
    "seasonal_cv": 0.4412,
    "segment_id": 67,
    "segment_length_m": 652.37,
    "stream_order": 3,
    "superfund_score": 0.0,
    "tourism_amenity_density": 0.3183,
    "tri_facility_density": 0.0,
    "usgs_mean_q_cfs": 3.357,
    "velocity_feasibility": 0.7,
    "water_intake_score": 0.0
   },
   "type": "Feature"
  },
  {
   "geometry": {
    "coordinates": [
     -79.016987,
     35.150386
    ],
    "type": "Point"
   },
   "properties": {
    "accumulation": 43276.0,
    "bank_slope_deg": 2.38,
    "bank_slope_score": 1.0,
    "beach_dist_km": 153.37,
    "bridge_proximity_bonus": 0.0,
    "catchment_area_km2": 4.3213,
    "channel_width_m": 3.78,
    "channel_width_score": 1.0,
    "composite_score": 45.4903,
    "cso_density": 0.0,
    "ej_index": 0.36,
    "elevation_m": 65.8532,
    "estuary_dist_km": 270.14,
    "feasibility_score": 56.1328,
    "flood_q10_cfs": null,
    "flow_score": 29.1067,
    "flow_velocity_ms": 0.1258,
    "generation_score": 49.2067,
    "impact_score": 50.1057,
    "impervious_pct": 39.62,
    "land_ownership": 0.5,
    "lat": 35.1504,
    "litter_complaint_density": 0.0,
    "lon": -79.017,
    "npdes_points": 3,
    "pixel_col": 687.0,
    "pixel_row": 1261.0,
    "population_density": 631.2,
    "position_along": 0.5,
    "protected_area_score": 0.0,
    "rank": 11,
    "river_name": "Tank Creek",
    "road_access_m": 282.7,
    "road_access_score": 0.8,
    "road_density_km_km2": 5.892,
    "robustness_pct": 2.0,
    "runoff_coeff_C": 0.4066,
    "seasonal_cv": 0.4238,
    "segment_id": 47,
    "segment_length_m": 2680.2615,
    "stream_order": 3,
    "superfund_score": 0.0,
    "tourism_amenity_density": 2.1486,
    "tri_facility_density": 0.0,
    "usgs_mean_q_cfs": 2.073,
    "velocity_feasibility": 0.7,
    "water_intake_score": 0.0
   },
   "type": "Feature"
  },
  {
   "geometry": {
    "coordinates": [
     -78.91825,
     35.116046
    ],
    "type": "Point"
   },
   "properties": {
    "accumulation": 30054.0,
    "bank_slope_deg": 0.52,
    "bank_slope_score": 1.0,
    "beach_dist_km": 144.21,
    "bridge_proximity_bonus": 0.0,
    "catchment_area_km2": 3.001,
    "channel_width_m": 3.31,
    "channel_width_score": 1.0,
    "composite_score": 44.089,
    "cso_density": 0.0,
    "ej_index": 0.7735,
    "elevation_m": 45.3016,
    "estuary_dist_km": 261.09,
    "feasibility_score": 45.4545,
    "flood_q10_cfs": null,
    "flow_score": 10.5157,
    "flow_velocity_ms": 0.0439,
    "generation_score": 33.6554,
    "impact_score": 81.8175,
    "impervious_pct": 13.62,
    "land_ownership": 0.5,
    "lat": 35.116,
    "litter_complaint_density": 0.0,
    "lon": -78.9183,
    "npdes_points": 1,
    "pixel_col": 1595.0,
    "pixel_row": 1626.0,
    "population_density": 744.6,
    "position_along": 0.5,
    "protected_area_score": 0.0,
    "rank": 12,
    "river_name": "Cross Creek",
    "road_access_m": 154.1,
    "road_access_score": 1.0,
    "road_density_km_km2": 5.93,
    "robustness_pct": 14.0,
    "runoff_coeff_C": 0.1726,
    "seasonal_cv": 0.4599,
    "segment_id": 62,
    "segment_length_m": 1550.1258,
    "stream_order": 1,
    "superfund_score": 0.0,
    "tourism_amenity_density": 0.6366,
    "tri_facility_density": 0.0,
    "usgs_mean_q_cfs": 7.656,
    "velocity_feasibility": 0.3,
    "water_intake_score": 0.0
   },
   "type": "Feature"
  },
  {
   "geometry": {
    "coordinates": [
     -78.936561,
     35.217386
    ],
    "type": "Point"
   },
   "properties": {
    "accumulation": 289142.0,
    "bank_slope_deg": 3.57,
    "bank_slope_score": 1.0,
    "beach_dist_km": 153.39,
    "bridge_proximity_bonus": 0.0,
    "catchment_area_km2": 28.8723,
    "channel_width_m": 7.53,
    "channel_width_score": 1.0,
    "composite_score": 44.0522,
    "cso_density": 0.0,
    "ej_index": 0.4563,
    "elevation_m": 37.4817,
    "estuary_dist_km": 263.14,
    "feasibility_score": 81.8182,
    "flood_q10_cfs": null,
    "flow_score": 54.2358,
    "flow_velocity_ms": 0.5,
    "generation_score": 9.7939,
    "impact_score": 50.9411,
    "impervious_pct": null,
    "land_ownership": 0.5,
    "lat": 35.2174,
    "litter_complaint_density": 0.0,
    "lon": -78.9366,
    "npdes_points": 4,
    "pixel_col": 1404.0,
    "pixel_row": 501.0,
    "population_density": 134.4,
    "position_along": 0.5,
    "protected_area_score": 0.0,
    "rank": 13,
    "river_name": "Little River",
    "road_access_m": 195.8,
    "road_access_score": 1.0,
    "road_density_km_km2": 1.985,
    "robustness_pct": 12.5,
    "runoff_coeff_C": null,
    "seasonal_cv": null,
    "segment_id": 36,
    "segment_length_m": 174.7262,
    "stream_order": 3,
    "superfund_score": 0.0,
    "tourism_amenity_density": 0.0,
    "tri_facility_density": 0.0,
    "usgs_mean_q_cfs": null,
    "velocity_feasibility": 1.0,
    "water_intake_score": 0.0
   },
   "type": "Feature"
  },
  {
   "geometry": {
    "coordinates": [
     -79.009578,
     35.156653
    ],
    "type": "Point"
   },
   "properties": {
    "accumulation": 23422.0,
    "bank_slope_deg": 0.07,
    "bank_slope_score": 1.0,
    "beach_dist_km": 153.35,
    "bridge_proximity_bonus": 0.0,
    "catchment_area_km2": 2.3388,
    "channel_width_m": 3.02,
    "channel_width_score": 1.0,
    "composite_score": 43.9744,
    "cso_density": 0.0,
    "ej_index": 0.3097,
    "elevation_m": 63.7836,
    "estuary_dist_km": 269.49,
    "feasibility_score": 66.2338,
    "flood_q10_cfs": null,
    "flow_score": 29.9977,
    "flow_velocity_ms": 0.1549,
    "generation_score": 37.1373,
    "impact_score": 51.3292,
    "impervious_pct": 38.37,
    "land_ownership": 0.5,
    "lat": 35.1567,
    "litter_complaint_density": 0.0,
    "lon": -79.0096,
    "npdes_points": 1,
    "pixel_col": 750.0,
    "pixel_row": 1189.0,
    "population_density": 301.9,
    "position_along": 0.5,
    "protected_area_score": 0.0,
    "rank": 14,
    "river_name": "Tank Creek",
    "road_access_m": 170.4,
    "road_access_score": 1.0,
    "road_density_km_km2": 4.301,
    "robustness_pct": 0.0,
    "runoff_coeff_C": 0.3953,
    "seasonal_cv": 0.4322,
    "segment_id": 43,
    "segment_length_m": 222.9755,
    "stream_order": 3,
    "superfund_score": 0.0,
    "tourism_amenity_density": 2.4669,
    "tri_facility_density": 0.0,
    "usgs_mean_q_cfs": 3.159,
    "velocity_feasibility": 0.7,
    "water_intake_score": 0.0
   },
   "type": "Feature"
  },
  {
   "geometry": {
    "coordinates": [
     -78.976442,
     35.13538
    ],
    "type": "Point"
   },
   "properties": {
    "accumulation": 31275.0,
    "bank_slope_deg": 1.9,
    "bank_slope_score": 1.0,
    "beach_dist_km": 149.53,
    "bridge_proximity_bonus": 0.2,
    "catchment_area_km2": 3.123,
    "channel_width_m": 3.36,
    "channel_width_score": 1.0,
    "composite_score": 43.742,
    "cso_density": 0.0,
    "ej_index": 0.3988,
    "elevation_m": 62.1824,
    "estuary_dist_km": 266.41,
    "feasibility_score": 74.3146,
    "flood_q10_cfs": null,
    "flow_score": 11.4471,
    "flow_velocity_ms": 0.1193,
    "generation_score": 39.7031,
    "impact_score": 59.4071,
    "impervious_pct": 36.34,
    "land_ownership": 0.5,
    "lat": 35.1354,
    "litter_complaint_density": 0.0,
    "lon": -78.9764,
    "npdes_points": 0,
    "pixel_col": 1058.0,
    "pixel_row": 1423.0,
    "population_density": 395.8,
    "position_along": 0.5,
    "protected_area_score": 0.0,
    "rank": 15,
    "river_name": null,
    "road_access_m": 211.4,
    "road_access_score": 0.8,
    "road_density_km_km2": 6.276,
    "robustness_pct": 0.0,
    "runoff_coeff_C": 0.3771,
    "seasonal_cv": 0.4179,
    "segment_id": 53,
    "segment_length_m": 549.3076,
    "stream_order": 1,
    "superfund_score": 0.0,
    "tourism_amenity_density": 1.7507,
    "tri_facility_density": 0.0,
    "usgs_mean_q_cfs": 1.499,
    "velocity_feasibility": 0.7,
    "water_intake_score": 0.0
   },
   "type": "Feature"
  },
  {
   "geometry": {
    "coordinates": [
     -78.979404,
     35.136341
    ],
    "type": "Point"
   },
   "properties": {
    "accumulation": 22237.0,
    "bank_slope_deg": 2.35,
    "bank_slope_score": 1.0,
    "beach_dist_km": 149.8,
    "bridge_proximity_bonus": 0.0,
    "catchment_area_km2": 2.2205,
    "channel_width_m": 2.97,
    "channel_width_score": 1.0,
    "composite_score": 43.1448,
    "cso_density": 0.0,
    "ej_index": 0.3397,
    "elevation_m": 66.9519,
    "estuary_dist_km": 266.69,
    "feasibility_score": 56.1328,
    "flood_q10_cfs": null,
    "flow_score": 27.6294,
    "flow_velocity_ms": 0.1249,
    "generation_score": 37.0428,
    "impact_score": 55.6823,
    "impervious_pct": 36.34,
    "land_ownership": 0.5,
    "lat": 35.1363,
    "litter_complaint_density": 0.0,
    "lon": -78.9794,
    "npdes_points": 0,
    "pixel_col": 1033.0,
    "pixel_row": 1411.0,
    "population_density": 354.4,
    "position_along": 0.5,
    "protected_area_score": 0.0,
    "rank": 16,
    "river_name": null,
    "road_access_m": 473.6,
    "road_access_score": 0.8,
    "road_density_km_km2": 5.04,
    "robustness_pct": 0.0,
    "runoff_coeff_C": 0.3771,
    "seasonal_cv": 0.4179,
    "segment_id": 52,
    "segment_length_m": 1213.0908,
    "stream_order": 3,
    "superfund_score": 0.0,
    "tourism_amenity_density": 1.6711,
    "tri_facility_density": 0.0,
    "usgs_mean_q_cfs": 1.499,
    "velocity_feasibility": 0.7,
    "water_intake_score": 0.0
   },
   "type": "Feature"
  },
  {
   "geometry": {
    "coordinates": [
     -78.975035,
     35.129656
    ],
    "type": "Point"
   },
   "properties": {
    "accumulation": 75413.0,
    "bank_slope_deg": 2.38,
    "bank_slope_score": 1.0,
    "beach_dist_km": 149.0,
    "bridge_proximity_bonus": 0.0,
    "catchment_area_km2": 7.5304,
    "channel_width_m": 4.62,
    "channel_width_score": 1.0,
    "composite_score": 42.9238,
    "cso_density": 0.0,
    "ej_index": 0.3909,
    "elevation_m": 60.2178,
    "estuary_dist_km": 266.27,
    "feasibility_score": 56.1328,
    "flood_q10_cfs": null,
    "flow_score": 30.0553,
    "flow_velocity_ms": 0.0559,
    "generation_score": 37.1453,
    "impact_score": 52.8216,
    "impervious_pct": 31.87,
    "land_ownership": 0.5,
    "lat": 35.1297,
    "litter_complaint_density": 0.0,
    "lon": -78.975,
    "npdes_points": 2,
    "pixel_col": 1073.0,
    "pixel_row": 1486.0,
    "population_density": 344.4,
    "position_along": 0.5,
    "protected_area_score": 0.0,
    "rank": 17,
    "river_name": "Beaver Creek",
    "road_access_m": 242.9,
    "road_access_score": 0.8,
    "road_density_km_km2": 5.735,
    "robustness_pct": 0.0,
    "runoff_coeff_C": 0.3368,
    "seasonal_cv": 0.4549,
    "segment_id": 59,
    "segment_length_m": 1080.4661,
    "stream_order": 3,
    "superfund_score": 0.0,
    "tourism_amenity_density": 0.7162,
    "tri_facility_density": 0.0,
    "usgs_mean_q_cfs": 6.366,
    "velocity_feasibility": 0.7,
    "water_intake_score": 0.0
   },
   "type": "Feature"
  },
  {
   "geometry": {
    "coordinates": [
     -78.975741,
     35.109998
    ],
    "type": "Point"
   },
   "properties": {
    "accumulation": 31891.0,
    "bank_slope_deg": 1.11,
    "bank_slope_score": 1.0,
    "beach_dist_km": 147.57,
    "bridge_proximity_bonus": 0.2,
    "catchment_area_km2": 3.1845,
    "channel_width_m": 3.38,
    "channel_width_score": 1.0,
    "composite_score": 42.6565,
    "cso_density": 0.0,
    "ej_index": 0.3662,
    "elevation_m": 56.5332,
    "estuary_dist_km": 266.31,
    "feasibility_score": 84.4156,
    "flood_q10_cfs": null,
    "flow_score": 12.8058,
    "flow_velocity_ms": 0.0677,
    "generation_score": 38.1623,
    "impact_score": 51.1467,
    "impervious_pct": 31.87,
    "land_ownership": 0.5,
    "lat": 35.11,
    "litter_complaint_density": 0.0,
    "lon": -78.9757,
    "npdes_points": 0,
    "pixel_col": 1072.0,
    "pixel_row": 1704.0,
    "population_density": 526.7,
    "position_along": 0.5,
    "protected_area_score": 0.0,
    "rank": 18,
    "river_name": "Beaver Creek",
    "road_access_m": 147.5,
    "road_access_score": 1.0,
    "road_density_km_km2": 5.195,
    "robustness_pct": 2.5,
    "runoff_coeff_C": 0.3368,
    "seasonal_cv": 0.4549,
    "segment_id": 68,
    "segment_length_m": 845.3673,
    "stream_order": 1,
    "superfund_score": 0.0,
    "tourism_amenity_density": 0.3979,
    "tri_facility_density": 0.0,
    "usgs_mean_q_cfs": 6.366,
    "velocity_feasibility": 0.7,
    "water_intake_score": 0.0
   },
   "type": "Feature"
  },
  {
   "geometry": {
    "coordinates": [
     -78.944925,
     35.112564
    ],
    "type": "Point"
   },
   "properties": {
    "accumulation": 21003.0,
    "bank_slope_deg": 0.19,
    "bank_slope_score": 1.0,
    "beach_dist_km": 145.7,
    "bridge_proximity_bonus": 0.0,
    "catchment_area_km2": 2.0973,
    "channel_width_m": 2.9,
    "channel_width_score": 1.0,
    "composite_score": 42.4046,
    "cso_density": 0.0,
    "ej_index": 0.8296,
    "elevation_m": 52.5617,
    "estuary_dist_km": 263.51,
    "feasibility_score": 35.3535,
    "flood_q10_cfs": null,
    "flow_score": 24.2048,
    "flow_velocity_ms": 0.0407,
    "generation_score": 25.6004,
    "impact_score": 77.9008,
    "impervious_pct": 20.82,
    "land_ownership": 0.5,
    "lat": 35.1126,
    "litter_complaint_density": 0.0,
    "lon": -78.9449,
    "npdes_points": 0,
    "pixel_col": 1353.0,
    "pixel_row": 1670.0,
    "population_density": 252.2,
    "position_along": 0.5,
    "protected_area_score": 0.0,
    "rank": 19,
    "river_name": "Little Cross Creek",
    "road_access_m": 298.9,
    "road_access_score": 0.8,
    "road_density_km_km2": 5.203,
    "robustness_pct": 4.0,
    "runoff_coeff_C": 0.2374,
    "seasonal_cv": 0.4412,
    "segment_id": 66,
    "segment_length_m": 183.7147,
    "stream_order": 3,
    "superfund_score": 0.0,
    "tourism_amenity_density": 0.557,
    "tri_facility_density": 0.0,
    "usgs_mean_q_cfs": 3.357,
    "velocity_feasibility": 0.3,
    "water_intake_score": 0.0
   },
   "type": "Feature"
  },
  {
   "geometry": {
    "coordinates": [
     -78.996986,
     35.195371
    ],
    "type": "Point"
   },
   "properties": {
    "accumulation": 401425.0,
    "bank_slope_deg": 5.07,
    "bank_slope_score": 1.0,
    "beach_dist_km": 155.49,
    "bridge_proximity_bonus": 0.0,
    "catchment_area_km2": 40.0844,
    "channel_width_m": 8.48,
    "channel_width_score": 1.0,
    "composite_score": 41.545,
    "cso_density": 0.0,
    "ej_index": 0.598,
    "elevation_m": 43.1424,
    "estuary_dist_km": 268.5,
    "feasibility_score": 56.1328,
    "flood_q10_cfs": null,
    "flow_score": 45.2763,
    "flow_velocity_ms": 0.0851,
    "generation_score": 20.6385,
    "impact_score": 52.0482,
    "impervious_pct": 4.86,
    "land_ownership": 0.5,
    "lat": 35.1954,
    "litter_complaint_density": 0.0,
    "lon": -78.997,
    "npdes_points": 8,
    "pixel_col": 860.0,
    "pixel_row": 759.0,
    "population_density": 244.7,
    "position_along": 0.875,
    "protected_area_score": 0.0,
    "rank": 20,
    "river_name": "Little River",
    "road_access_m": 384.6,
    "road_access_score": 0.8,
    "road_density_km_km2": 2.976,
    "robustness_pct": 0.0,
    "runoff_coeff_C": 0.0937,
    "seasonal_cv": 0.4673,
    "segment_id": 19,
    "segment_length_m": 6239.1757,
    "stream_order": 3,
    "superfund_score": 0.0,
    "tourism_amenity_density": 0.9549,
    "tri_facility_density": 0.0,
    "usgs_mean_q_cfs": 17.081,
    "velocity_feasibility": 0.7,
    "water_intake_score": 0.0
   },
   "type": "Feature"
  },
  {
   "geometry": {
    "coordinates": [
     -78.947609,
     35.215984
    ],
    "type": "Point"
   },
   "properties": {
    "accumulation": 91491.0,
    "bank_slope_deg": 2.78,
    "bank_slope_score": 1.0,
    "beach_dist_km": 153.97,
    "bridge_proximity_bonus": 0.0,
    "catchment_area_km2": 9.1359,
    "channel_width_m": 4.96,
    "channel_width_score": 1.0,
    "composite_score": 41.3929,
    "cso_density": 0.0,
    "ej_index": 0.555,
    "elevation_m": 40.0536,
    "estuary_dist_km": 264.14,
    "feasibility_score": 66.2338,
    "flood_q10_cfs": null,
    "flow_score": 47.5994,
    "flow_velocity_ms": 0.1207,
    "generation_score": 12.5181,
    "impact_score": 52.6751,
    "impervious_pct": 5.7,
    "land_ownership": 0.5,
    "lat": 35.216,
    "litter_complaint_density": 0.0,
    "lon": -78.9476,
    "npdes_points": 2,
    "pixel_col": 1305.0,
    "pixel_row": 521.0,
    "population_density": 151.1,
    "position_along": 0.5,
    "protected_area_score": 0.0,
    "rank": 21,
    "river_name": "Jumping Run Creek",
    "road_access_m": 138.2,
    "road_access_score": 1.0,
    "road_density_km_km2": 2.626,
    "robustness_pct": 0.0,
    "runoff_coeff_C": 0.1013,
    "seasonal_cv": 0.4873,
    "segment_id": 23,
    "segment_length_m": 2608.5977,
    "stream_order": 3,
    "superfund_score": 0.0,
    "tourism_amenity_density": 0.0,
    "tri_facility_density": 0.0,
    "usgs_mean_q_cfs": 29.214,
    "velocity_feasibility": 0.7,
    "water_intake_score": 0.0
   },
   "type": "Feature"
  },
  {
   "geometry": {
    "coordinates": [
     -78.936078,
     35.215428
    ],
    "type": "Point"
   },
   "properties": {
    "accumulation": 178636.0,
    "bank_slope_deg": 6.02,
    "bank_slope_score": 1.0,
    "beach_dist_km": 153.21,
    "bridge_proximity_bonus": 0.0,
    "catchment_area_km2": 17.8377,
    "channel_width_m": 6.32,
    "channel_width_score": 1.0,
    "composite_score": 41.2094,
    "cso_density": 0.0,
    "ej_index": 0.4658,
    "elevation_m": 36.8356,
    "estuary_dist_km": 263.09,
    "feasibility_score": 71.7172,
    "flood_q10_cfs": null,
    "flow_score": 51.0525,
    "flow_velocity_ms": 0.5,
    "generation_score": 7.3509,
    "impact_score": 51.6115,
    "impervious_pct": null,
    "land_ownership": 0.5,
    "lat": 35.2154,
    "litter_complaint_density": 0.0,
    "lon": -78.9361,
    "npdes_points": 2,
    "pixel_col": 1406.0,
    "pixel_row": 523.0,
    "population_density": 112.9,
    "position_along": 0.5,
    "protected_area_score": 0.0,
    "rank": 22,
    "river_name": "Little River",
    "road_access_m": 343.1,
    "road_access_score": 0.8,
    "road_density_km_km2": 2.028,
    "robustness_pct": 0.5,
    "runoff_coeff_C": null,
    "seasonal_cv": null,
    "segment_id": 35,
    "segment_length_m": 347.7379,
    "stream_order": 3,
    "superfund_score": 0.0,
    "tourism_amenity_density": 0.0,
    "tri_facility_density": 0.0,
    "usgs_mean_q_cfs": null,
    "velocity_feasibility": 1.0,
    "water_intake_score": 0.0
   },
   "type": "Feature"
  },
  {
   "geometry": {
    "coordinates": [
     -79.00015,
     35.193081
    ],
    "type": "Point"
   },
   "properties": {
    "accumulation": 52240.0,
    "bank_slope_deg": 3.45,
    "bank_slope_score": 1.0,
    "beach_dist_km": 155.52,
    "bridge_proximity_bonus": 0.0,
    "catchment_area_km2": 5.2164,
    "channel_width_m": 4.04,
    "channel_width_score": 1.0,
    "composite_score": 41.1992,
    "cso_density": 0.0,
    "ej_index": 0.6537,
    "elevation_m": 42.9599,
    "estuary_dist_km": 268.78,
    "feasibility_score": 71.7172,
    "flood_q10_cfs": null,
    "flow_score": 47.4114,
    "flow_velocity_ms": 0.5,
    "generation_score": 7.0454,
    "impact_score": 54.9173,
    "impervious_pct": null,
    "land_ownership": 0.5,
    "lat": 35.1931,
    "litter_complaint_density": 0.0,
    "lon": -79.0001,
    "npdes_points": 1,
    "pixel_col": 831.0,
    "pixel_row": 785.0,
    "population_density": 109.5,
    "position_along": 0.75,
    "protected_area_score": 0.0,
    "rank": 23,
    "river_name": "Little River",
    "road_access_m": 224.2,
    "road_access_score": 0.8,
    "road_density_km_km2": 2.576,
    "robustness_pct": 0.0,
    "runoff_coeff_C": null,
    "seasonal_cv": null,
    "segment_id": 26,
    "segment_length_m": 4153.8742,
    "stream_order": 3,
    "superfund_score": 0.0,
    "tourism_amenity_density": 1.1141,
    "tri_facility_density": 0.0,
    "usgs_mean_q_cfs": null,
    "velocity_feasibility": 1.0,
    "water_intake_score": 0.0
   },
   "type": "Feature"
  },
  {
   "geometry": {
    "coordinates": [
     -79.01421,
     35.163837
    ],
    "type": "Point"
   },
   "properties": {
    "accumulation": 85724.0,
    "bank_slope_deg": 0.62,
    "bank_slope_score": 1.0,
    "beach_dist_km": 154.2,
    "bridge_proximity_bonus": 0.0,
    "catchment_area_km2": 8.56,
    "channel_width_m": 4.84,
    "channel_width_score": 1.0,
    "composite_score": 41.1379,
    "cso_density": 0.0,
    "ej_index": 0.2704,
    "elevation_m": 59.6968,
    "estuary_dist_km": 269.93,
    "feasibility_score": 56.1328,
    "flood_q10_cfs": null,
    "flow_score": 30.22,
    "flow_velocity_ms": 0.0583,
    "generation_score": 41.2714,
    "impact_score": 42.6053,
    "impervious_pct": 41.58,
    "land_ownership": 0.5,
    "lat": 35.1638,
    "litter_complaint_density": 0.0,
    "lon": -79.0142,
    "npdes_points": 7,
    "pixel_col": 707.0,
    "pixel_row": 1110.0,
    "population_density": 174.5,
    "position_along": 0.1667,
    "protected_area_score": 0.0,
    "rank": 24,
    "river_name": "Tank Creek",
    "road_access_m": 401.3,
    "road_access_score": 0.8,
    "road_density_km_km2": 3.402,
    "robustness_pct": 0.0,
    "runoff_coeff_C": 0.4242,
    "seasonal_cv": 0.4397,
    "segment_id": 48,
    "segment_length_m": 5509.826,
    "stream_order": 3,
    "superfund_score": 0.0,
    "tourism_amenity_density": 1.6711,
    "tri_facility_density": 0.0,
    "usgs_mean_q_cfs": 4.102,
    "velocity_feasibility": 0.7,
    "water_intake_score": 0.0
   },
   "type": "Feature"
  },
  {
   "geometry": {
    "coordinates": [
     -78.92274,
     35.223475
    ],
    "type": "Point"
   },
   "properties": {
    "accumulation": 99901.0,
    "bank_slope_deg": 8.18,
    "bank_slope_score": 1.0,
    "beach_dist_km": 153.03,
    "bridge_proximity_bonus": 0.0,
    "catchment_area_km2": 9.9756,
    "channel_width_m": 5.12,
    "channel_width_score": 1.0,
    "composite_score": 40.9539,
    "cso_density": 0.0,
    "ej_index": 0.4049,
    "elevation_m": 36.0624,
    "estuary_dist_km": 261.93,
    "feasibility_score": 81.8182,
    "flood_q10_cfs": null,
    "flow_score": 48.7844,
    "flow_velocity_ms": 0.5,
    "generation_score": 3.7034,
    "impact_score": 51.2468,
    "impervious_pct": null,
    "land_ownership": 0.5,
    "lat": 35.2235,
    "litter_complaint_density": 0.0,
    "lon": -78.9227,
    "npdes_points": 0,
    "pixel_col": 1530.0,
    "pixel_row": 434.0,
    "population_density": 69.4,
    "position_along": 0.8333,
    "protected_area_score": 0.0,
    "rank": 25,
    "river_name": "Little River",
    "road_access_m": 89.7,
    "road_access_score": 1.0,
    "road_density_km_km2": 1.559,
    "robustness_pct": 0.5,
    "runoff_coeff_C": null,
    "seasonal_cv": null,
    "segment_id": 8,
    "segment_length_m": 5069.1908,
    "stream_order": 3,
    "superfund_score": 0.0,
    "tourism_amenity_density": 0.0,
    "tri_facility_density": 0.0,
    "usgs_mean_q_cfs": null,
    "velocity_feasibility": 1.0,
    "water_intake_score": 0.0
   },
   "type": "Feature"
  },
  {
   "geometry": {
    "coordinates": [
     -78.963216,
     35.208576
    ],
    "type": "Point"
   },
   "properties": {
    "accumulation": 26995.0,
    "bank_slope_deg": 1.19,
    "bank_slope_score": 1.0,
    "beach_dist_km": 154.37,
    "bridge_proximity_bonus": 0.0,
    "catchment_area_km2": 2.6956,
    "channel_width_m": 3.18,
    "channel_width_score": 1.0,
    "composite_score": 40.8672,
    "cso_density": 0.0,
    "ej_index": 0.6052,
    "elevation_m": 45.0508,
    "estuary_dist_km": 265.51,
    "feasibility_score": 71.7172,
    "flood_q10_cfs": null,
    "flow_score": 46.6842,
    "flow_velocity_ms": 0.5,
    "generation_score": 5.6392,
    "impact_score": 55.8228,
    "impervious_pct": null,
    "land_ownership": 0.5,
    "lat": 35.2086,
    "litter_complaint_density": 0.0,
    "lon": -78.9632,
    "npdes_points": 0,
    "pixel_col": 1164.0,
    "pixel_row": 605.0,
    "population_density": 184.3,
    "position_along": 0.5,
    "protected_area_score": 0.0,
    "rank": 26,
    "river_name": "Jumping Run Creek",
    "road_access_m": 455.0,
    "road_access_score": 0.8,
    "road_density_km_km2": 1.22,
    "robustness_pct": 0.0,
    "runoff_coeff_C": null,
    "seasonal_cv": null,
    "segment_id": 22,
    "segment_length_m": 1929.6783,
    "stream_order": 3,
    "superfund_score": 0.0,
    "tourism_amenity_density": 0.557,
    "tri_facility_density": 0.0,
    "usgs_mean_q_cfs": null,
    "velocity_feasibility": 1.0,
    "water_intake_score": 0.0
   },
   "type": "Feature"
  },
  {
   "geometry": {
    "coordinates": [
     -79.023704,
     35.181666
    ],
    "type": "Point"
   },
   "properties": {
    "accumulation": 425652.0,
    "bank_slope_deg": 3.2,
    "bank_slope_score": 1.0,
    "beach_dist_km": 156.19,
    "bridge_proximity_bonus": 0.0,
    "catchment_area_km2": 42.5036,
    "channel_width_m": 8.66,
    "channel_width_score": 1.0,
    "composite_score": 40.7034,
    "cso_density": 0.0,
    "ej_index": 0.3945,
    "elevation_m": 45.0371,
    "estuary_dist_km": 270.86,
    "feasibility_score": 71.7172,
    "flood_q10_cfs": null,
    "flow_score": 58.1682,
    "flow_velocity_ms": 0.5,
    "generation_score": 17.214,
    "impact_score": 34.132,
    "impervious_pct": null,
    "land_ownership": 0.5,
    "lat": 35.1817,
    "litter_complaint_density": 0.0,
    "lon": -79.0237,
    "npdes_points": 10,
    "pixel_col": 619.0,
    "pixel_row": 915.0,
    "population_density": 160.7,
    "position_along": 0.5,
    "protected_area_score": 0.0,
    "rank": 27,
    "river_name": "Little River",
    "road_access_m": 224.6,
    "road_access_score": 0.8,
    "road_density_km_km2": 2.477,
    "robustness_pct": 5.0,
    "runoff_coeff_C": null,
    "seasonal_cv": null,
    "segment_id": 57,
    "segment_length_m": 1671.1651,
    "stream_order": 3,
    "superfund_score": 0.0,
    "tourism_amenity_density": 0.2387,
    "tri_facility_density": 0.0,
    "usgs_mean_q_cfs": null,
    "velocity_feasibility": 1.0,
    "water_intake_score": 0.0
   },
   "type": "Feature"
  },
  {
   "geometry": {
    "coordinates": [
     -78.986247,
     35.131951
    ],
    "type": "Point"
   },
   "properties": {
    "accumulation": 34648.0,
    "bank_slope_deg": 0.28,
    "bank_slope_score": 1.0,
    "beach_dist_km": 149.92,
    "bridge_proximity_bonus": 0.0,
    "catchment_area_km2": 3.4598,
    "channel_width_m": 3.48,
    "channel_width_score": 1.0,
    "composite_score": 39.6523,
    "cso_density": 0.0,
    "ej_index": 0.2836,
    "elevation_m": 63.4688,
    "estuary_dist_km": 267.3,
    "feasibility_score": 35.3535,
    "flood_q10_cfs": null,
    "flow_score": 26.3313,
    "flow_velocity_ms": 0.0469,
    "generation_score": 40.8571,
    "impact_score": 51.6978,
    "impervious_pct": 37.08,
    "land_ownership": 0.5,
    "lat": 35.132,
    "litter_complaint_density": 0.0,
    "lon": -78.9862,
    "npdes_points": 2,
    "pixel_col": 972.0,
    "pixel_row": 1461.0,
    "population_density": 376.5,
    "position_along": 0.5,
    "protected_area_score": 0.0,
    "rank": 28,
    "river_name": "Beaver Creek",
    "road_access_m": 213.4,
    "road_access_score": 0.8,
    "road_density_km_km2": 5.623,
    "robustness_pct": 0.0,
    "runoff_coeff_C": 0.3837,
    "seasonal_cv": 0.4223,
    "segment_id": 58,
    "segment_length_m": 1645.9142,
    "stream_order": 3,
    "superfund_score": 0.0,
    "tourism_amenity_density": 1.5915,
    "tri_facility_density": 0.0,
    "usgs_mean_q_cfs": 1.927,
    "velocity_feasibility": 0.3,
    "water_intake_score": 0.0
   },
   "type": "Feature"
  },
  {
   "geometry": {
    "coordinates": [
     -78.96224,
     35.211766
    ],
    "type": "Point"
   },
   "properties": {
    "accumulation": 22774.0,
    "bank_slope_deg": 1.19,
    "bank_slope_score": 1.0,
    "beach_dist_km": 154.56,
    "bridge_proximity_bonus": 0.0,
    "catchment_area_km2": 2.2741,
    "channel_width_m": 2.99,
    "channel_width_score": 1.0,
    "composite_score": 39.2678,
    "cso_density": 0.0,
    "ej_index": 0.63,
    "elevation_m": 43.5202,
    "estuary_dist_km": 265.44,
    "feasibility_score": 61.6162,
    "flood_q10_cfs": null,
    "flow_score": 46.5626,
    "flow_velocity_ms": 0.5,
    "generation_score": 5.0835,
    "impact_score": 56.199,
    "impervious_pct": null,
    "land_ownership": 0.5,
    "lat": 35.2118,
    "litter_complaint_density": 0.0,
    "lon": -78.9622,
    "npdes_points": 0,
    "pixel_col": 1172.0,
    "pixel_row": 568.0,
    "population_density": 192.0,
    "position_along": 0.5,
    "protected_area_score": 0.0,
    "rank": 29,
    "river_name": "Jumping Run Creek",
    "road_access_m": 674.9,
    "road_access_score": 0.6,
    "road_density_km_km2": 0.723,
    "robustness_pct": 0.0,
    "runoff_coeff_C": null,
    "seasonal_cv": null,
    "segment_id": 20,
    "segment_length_m": 1569.107,
    "stream_order": 3,
    "superfund_score": 0.0,
    "tourism_amenity_density": 0.4775,
    "tri_facility_density": 0.0,
    "usgs_mean_q_cfs": null,
    "velocity_feasibility": 1.0,
    "water_intake_score": 0.0
   },
   "type": "Feature"
  },
  {
   "geometry": {
    "coordinates": [
     -79.030213,
     35.177538
    ],
    "type": "Point"
   },
   "properties": {
    "accumulation": 389875.0,
    "bank_slope_deg": 1.61,
    "bank_slope_score": 1.0,
    "beach_dist_km": 156.3,
    "bridge_proximity_bonus": 0.0,
    "catchment_area_km2": 38.9311,
    "channel_width_m": 8.39,
    "channel_width_score": 1.0,
    "composite_score": 38.554,
    "cso_density": 0.0,
    "ej_index": 0.319,
    "elevation_m": 46.2154,
    "estuary_dist_km": 271.44,
    "feasibility_score": 71.7172,
    "flood_q10_cfs": null,
    "flow_score": 57.1376,
    "flow_velocity_ms": 0.5,
    "generation_score": 16.1691,
    "impact_score": 28.871,
    "impervious_pct": null,
    "land_ownership": 0.5,
    "lat": 35.1775,
    "litter_complaint_density": 0.0,
    "lon": -79.0302,
    "npdes_points": 10,
    "pixel_col": 561.0,
    "pixel_row": 962.0,
    "population_density": 118.8,
    "position_along": 0.5,
    "protected_area_score": 0.0,
    "rank": 30,
    "river_name": "Little River",
    "road_access_m": 402.6,
    "road_access_score": 0.8,
    "road_density_km_km2": 2.366,
    "robustness_pct": 0.5,
    "runoff_coeff_C": null,
    "seasonal_cv": null,
    "segment_id": 56,
    "segment_length_m": 696.4802,
    "stream_order": 3,
    "superfund_score": 0.0,
    "tourism_amenity_density": 0.0796,
    "tri_facility_density": 0.0,
    "usgs_mean_q_cfs": null,
    "velocity_feasibility": 1.0,
    "water_intake_score": 0.0
   },
   "type": "Feature"
  },
  {
   "geometry": {
    "coordinates": [
     -78.926146,
     35.133647
    ],
    "type": "Point"
   },
   "properties": {
    "accumulation": 120772.0,
    "bank_slope_deg": 0.25,
    "bank_slope_score": 1.0,
    "beach_dist_km": 146.09,
    "bridge_proximity_bonus": 0.0,
    "catchment_area_km2": 12.0597,
    "channel_width_m": 5.48,
    "channel_width_score": 1.0,
    "composite_score": 37.1453,
    "cso_density": 0.0,
    "ej_index": 0.3552,
    "elevation_m": 50.2514,
    "estuary_dist_km": 261.84,
    "feasibility_score": 46.0317,
    "flood_q10_cfs": null,
    "flow_score": 28.0051,
    "flow_velocity_ms": 0.0632,
    "generation_score": 18.7974,
    "impact_score": 58.6668,
    "impervious_pct": 10.18,
    "land_ownership": 0.5,
    "lat": 35.1336,
    "litter_complaint_density": 0.0,
    "lon": -78.9261,
    "npdes_points": 0,
    "pixel_col": 1519.0,
    "pixel_row": 1432.0,
    "population_density": 270.4,
    "position_along": 0.5,
    "protected_area_score": 0.0,
    "rank": 31,
    "river_name": null,
    "road_access_m": 938.2,
    "road_access_score": 0.6,
    "road_density_km_km2": 4.746,
    "robustness_pct": 0.0,
    "runoff_coeff_C": 0.1416,
    "seasonal_cv": 0.452,
    "segment_id": 45,
    "segment_length_m": 2817.4413,
    "stream_order": 3,
    "superfund_score": 0.0,
    "tourism_amenity_density": 0.2387,
    "tri_facility_density": 0.0,
    "usgs_mean_q_cfs": 5.904,
    "velocity_feasibility": 0.7,
    "water_intake_score": 0.0
   },
   "type": "Feature"
  },
  {
   "geometry": {
    "coordinates": [
     -79.018523,
     35.187582
    ],
    "type": "Point"
   },
   "properties": {
    "accumulation": 21973.0,
    "bank_slope_deg": 0.68,
    "bank_slope_score": 1.0,
    "beach_dist_km": 156.3,
    "bridge_proximity_bonus": 0.0,
    "catchment_area_km2": 2.1941,
    "channel_width_m": 2.95,
    "channel_width_score": 1.0,
    "composite_score": 37.1034,
    "cso_density": 0.0,
    "ej_index": 0.5906,
    "elevation_m": 49.1338,
    "estuary_dist_km": 270.42,
    "feasibility_score": 71.7172,
    "flood_q10_cfs": null,
    "flow_score": 46.5396,
    "flow_velocity_ms": 0.5,
    "generation_score": 3.5533,
    "impact_score": 45.4831,
    "impervious_pct": null,
    "land_ownership": 0.5,
    "lat": 35.1876,
    "litter_complaint_density": 0.0,
    "lon": -79.0185,
    "npdes_points": 0,
    "pixel_col": 665.0,
    "pixel_row": 848.0,
    "population_density": 30.8,
    "position_along": 0.25,
    "protected_area_score": 0.0,
    "rank": 32,
    "river_name": "Little River",
    "road_access_m": 239.7,
    "road_access_score": 0.8,
    "road_density_km_km2": 2.019,
    "robustness_pct": 0.0,
    "runoff_coeff_C": null,
    "seasonal_cv": null,
    "segment_id": 26,
    "segment_length_m": 4153.8742,
    "stream_order": 3,
    "superfund_score": 0.0,
    "tourism_amenity_density": 0.6366,
    "tri_facility_density": 0.0,
    "usgs_mean_q_cfs": null,
    "velocity_feasibility": 1.0,
    "water_intake_score": 0.0
   },
   "type": "Feature"
  },
  {
   "geometry": {
    "coordinates": [
     -79.004628,
     35.202098
    ],
    "type": "Point"
   },
   "properties": {
    "accumulation": 377562.0,
    "bank_slope_deg": 2.02,
    "bank_slope_score": 1.0,
    "beach_dist_km": 156.51,
    "bridge_proximity_bonus": 0.0,
    "catchment_area_km2": 37.7015,
    "channel_width_m": 8.29,
    "channel_width_score": 1.0,
    "composite_score": 36.9607,
    "cso_density": 0.0,
    "ej_index": 0.5894,
    "elevation_m": 48.0182,
    "estuary_dist_km": 269.23,
    "feasibility_score": 46.0317,
    "flood_q10_cfs": null,
    "flow_score": 47.4049,
    "flow_velocity_ms": 0.1941,
    "generation_score": 15.6825,
    "impact_score": 44.9998,
    "impervious_pct": 4.98,
    "land_ownership": 0.5,
    "lat": 35.2021,
    "litter_complaint_density": 0.0,
    "lon": -79.0046,
    "npdes_points": 6,
    "pixel_col": 786.0,
    "pixel_row": 687.0,
    "population_density": 169.0,
    "position_along": 0.625,
    "protected_area_score": 0.0,
    "rank": 33,
    "river_name": null,
    "road_access_m": 748.8,
    "road_access_score": 0.6,
    "road_density_km_km2": 2.021,
    "robustness_pct": 0.0,
    "runoff_coeff_C": 0.0948,
    "seasonal_cv": 0.4656,
    "segment_id": 19,
    "segment_length_m": 6239.1757,
    "stream_order": 3,
    "superfund_score": 0.0,
    "tourism_amenity_density": 0.3183,
    "tri_facility_density": 0.0,
    "usgs_mean_q_cfs": 16.398,
    "velocity_feasibility": 0.7,
    "water_intake_score": 0.0
   },
   "type": "Feature"
  },
  {
   "geometry": {
    "coordinates": [
     -78.967115,
     35.190008
    ],
    "type": "Point"
   },
   "properties": {
    "accumulation": 24726.0,
    "bank_slope_deg": 2.3,
    "bank_slope_score": 1.0,
    "beach_dist_km": 153.15,
    "bridge_proximity_bonus": 0.0,
    "catchment_area_km2": 2.469,
    "channel_width_m": 3.08,
    "channel_width_score": 1.0,
    "composite_score": 36.8467,
    "cso_density": 0.0,
    "ej_index": 0.5041,
    "elevation_m": 47.706,
    "estuary_dist_km": 265.76,
    "feasibility_score": 56.1328,
    "flood_q10_cfs": null,
    "flow_score": 24.0012,
    "flow_velocity_ms": 0.1149,
    "generation_score": 22.6772,
    "impact_score": 52.0776,
    "impervious_pct": 13.37,
    "land_ownership": 0.5,
    "lat": 35.19,
    "litter_complaint_density": 0.0,
    "lon": -78.9671,
    "npdes_points": 1,
    "pixel_col": 1129.0,
    "pixel_row": 810.0,
    "population_density": 474.6,
    "position_along": 0.5,
    "protected_area_score": 0.0,
    "rank": 34,
    "river_name": null,
    "road_access_m": 259.6,
    "road_access_score": 0.8,
    "road_density_km_km2": 2.384,
    "robustness_pct": 0.0,
    "runoff_coeff_C": 0.1703,
    "seasonal_cv": 0.415,
    "segment_id": 29,
    "segment_length_m": 1939.2551,
    "stream_order": 3,
    "superfund_score": 0.0,
    "tourism_amenity_density": 0.4775,
    "tri_facility_density": 0.0,
    "usgs_mean_q_cfs": 1.392,
    "velocity_feasibility": 0.7,
    "water_intake_score": 0.0
   },
   "type": "Feature"
  },
  {
   "geometry": {
    "coordinates": [
     -78.93276,
     35.227236
    ],
    "type": "Point"
   },
   "properties": {
    "accumulation": 82833.0,
    "bank_slope_deg": 3.22,
    "bank_slope_score": 1.0,
    "beach_dist_km": 153.96,
    "bridge_proximity_bonus": 0.0,
    "catchment_area_km2": 8.2713,
    "channel_width_m": 4.78,
    "channel_width_score": 1.0,
    "composite_score": 36.4648,
    "cso_density": 0.0,
    "ej_index": 0.463,
    "elevation_m": 40.3901,
    "estuary_dist_km": 262.86,
    "feasibility_score": 66.2338,
    "flood_q10_cfs": null,
    "flow_score": 27.8928,
    "flow_velocity_ms": 0.1525,
    "generation_score": 14.1381,
    "impact_score": 51.0502,
    "impervious_pct": 11.51,
    "land_ownership": 0.5,
    "lat": 35.2272,
    "litter_complaint_density": 0.0,
    "lon": -78.9328,
    "npdes_points": 0,
    "pixel_col": 1436.0,
    "pixel_row": 395.0,
    "population_density": 124.9,
    "position_along": 0.5,
    "protected_area_score": 0.0,
    "rank": 35,
    "river_name": null,
    "road_access_m": 163.4,
    "road_access_score": 1.0,
    "road_density_km_km2": 3.083,
    "robustness_pct": 0.0,
    "runoff_coeff_C": 0.1536,
    "seasonal_cv": 0.4453,
    "segment_id": 8,
    "segment_length_m": 5069.1908,
    "stream_order": 3,
    "superfund_score": 0.0,
    "tourism_amenity_density": 0.0,
    "tri_facility_density": 0.0,
    "usgs_mean_q_cfs": 3.764,
    "velocity_feasibility": 0.7,
    "water_intake_score": 0.0
   },
   "type": "Feature"
  },
  {
   "geometry": {
    "coordinates": [
     -78.909559,
     35.226323
    ],
    "type": "Point"
   },
   "properties": {
    "accumulation": 142600.0,
    "bank_slope_deg": 3.69,
    "bank_slope_score": 1.0,
    "beach_dist_km": 152.45,
    "bridge_proximity_bonus": 0.0,
    "catchment_area_km2": 14.2394,
    "channel_width_m": 5.82,
    "channel_width_score": 1.0,
    "composite_score": 36.0724,
    "cso_density": 0.0,
    "ej_index": 0.3708,
    "elevation_m": 34.9455,
    "estuary_dist_km": 260.75,
    "feasibility_score": 46.4646,
    "flood_q10_cfs": null,
    "flow_score": 50.0144,
    "flow_velocity_ms": 0.5,
    "generation_score": 2.8771,
    "impact_score": 52.4532,
    "impervious_pct": null,
    "land_ownership": 0.5,
    "lat": 35.2263,
    "litter_complaint_density": 0.0,
    "lon": -78.9096,
    "npdes_points": 1,
    "pixel_col": 1649.0,
    "pixel_row": 399.0,
    "population_density": 52.8,
    "position_along": 0.5,
    "protected_area_score": 0.0,
    "rank": 36,
    "river_name": "Little River",
    "road_access_m": 1148.0,
    "road_access_score": 0.3,
    "road_density_km_km2": 0.52,
    "robustness_pct": 0.0,
    "runoff_coeff_C": null,
    "seasonal_cv": null,
    "segment_id": 17,
    "segment_length_m": 1914.4203,
    "stream_order": 3,
    "superfund_score": 0.0,
    "tourism_amenity_density": 0.0,
    "tri_facility_density": 0.0,
    "usgs_mean_q_cfs": null,
    "velocity_feasibility": 1.0,
    "water_intake_score": 0.0
   },
   "type": "Feature"
  },
  {
   "geometry": {
    "coordinates": [
     -78.944238,
     35.233536
    ],
    "type": "Point"
   },
   "properties": {
    "accumulation": 36842.0,
    "bank_slope_deg": 0.71,
    "bank_slope_score": 1.0,
    "beach_dist_km": 155.18,
    "bridge_proximity_bonus": 0.0,
    "catchment_area_km2": 3.6789,
    "channel_width_m": 3.56,
    "channel_width_score": 1.0,
    "composite_score": 35.78,
    "cso_density": 0.0,
    "ej_index": 0.5114,
    "elevation_m": 48.5983,
    "estuary_dist_km": 263.95,
    "feasibility_score": 56.1328,
    "flood_q10_cfs": null,
    "flow_score": 25.8396,
    "flow_velocity_ms": 0.1289,
    "generation_score": 19.2518,
    "impact_score": 50.4156,
    "impervious_pct": 11.51,
    "land_ownership": 0.5,
    "lat": 35.2335,
    "litter_complaint_density": 0.0,
    "lon": -78.9442,
    "npdes_points": 0,
    "pixel_col": 1331.0,
    "pixel_row": 327.0,
    "population_density": 293.6,
    "position_along": 0.1667,
    "protected_area_score": 0.0,
    "rank": 37,
    "river_name": null,
    "road_access_m": 239.7,
    "road_access_score": 0.8,
    "road_density_km_km2": 4.157,
    "robustness_pct": 0.0,
    "runoff_coeff_C": 0.1536,
    "seasonal_cv": 0.4453,
    "segment_id": 8,
    "segment_length_m": 5069.1908,
    "stream_order": 3,
    "superfund_score": 0.0,
    "tourism_amenity_density": 0.0796,
    "tri_facility_density": 0.0,
    "usgs_mean_q_cfs": 3.764,
    "velocity_feasibility": 0.7,
    "water_intake_score": 0.0
   },
   "type": "Feature"
  },
  {
   "geometry": {
    "coordinates": [
     -78.986854,
     35.240516
    ],
    "type": "Point"
   },
   "properties": {
    "accumulation": 70734.0,
    "bank_slope_deg": 0.43,
    "bank_slope_score": 1.0,
    "beach_dist_km": 158.41,
    "bridge_proximity_bonus": 0.0,
    "catchment_area_km2": 7.0632,
    "channel_width_m": 4.51,
    "channel_width_score": 1.0,
    "composite_score": 35.3136,
    "cso_density": 0.0,
    "ej_index": 0.582,
    "elevation_m": 53.8905,
    "estuary_dist_km": 267.86,
    "feasibility_score": 56.1328,
    "flood_q10_cfs": null,
    "flow_score": 40.809,
    "flow_velocity_ms": 0.1288,
    "generation_score": 8.5865,
    "impact_score": 47.0517,
    "impervious_pct": 6.81,
    "land_ownership": 0.5,
    "lat": 35.2405,
    "litter_complaint_density": 0.0,
    "lon": -78.9869,
    "npdes_points": 0,
    "pixel_col": 942.0,
    "pixel_row": 257.0,
    "population_density": 128.7,
    "position_along": 0.5,
    "protected_area_score": 0.0,
    "rank": 38,
    "river_name": "Jumping Run Creek",
    "road_access_m": 424.4,
    "road_access_score": 0.8,
    "road_density_km_km2": 1.181,
    "robustness_pct": 0.0,
    "runoff_coeff_C": 0.1113,
    "seasonal_cv": 0.4738,
    "segment_id": 3,
    "segment_length_m": 2689.8382,
    "stream_order": 3,
    "superfund_score": 0.0,
    "tourism_amenity_density": 0.6366,
    "tri_facility_density": 0.0,
    "usgs_mean_q_cfs": 21.315,
    "velocity_feasibility": 0.7,
    "water_intake_score": 0.0
   },
   "type": "Feature"
  },
  {
   "geometry": {
    "coordinates": [
     -78.984616,
     35.114647
    ],
    "type": "Point"
   },
   "properties": {
    "accumulation": 33530.0,
    "bank_slope_deg": 0.52,
    "bank_slope_score": 1.0,
    "beach_dist_km": 148.51,
    "bridge_proximity_bonus": 0.0,
    "catchment_area_km2": 3.3481,
    "channel_width_m": 3.44,
    "channel_width_score": 1.0,
    "composite_score": 34.9558,
    "cso_density": 0.0,
    "ej_index": 0.2987,
    "elevation_m": 61.1787,
    "estuary_dist_km": 267.12,
    "feasibility_score": 56.1328,
    "flood_q10_cfs": null,
    "flow_score": 9.6518,
    "flow_velocity_ms": 0.0774,
    "generation_score": 36.0408,
    "impact_score": 44.3689,
    "impervious_pct": 28.04,
    "land_ownership": 0.5,
    "lat": 35.1146,
    "litter_complaint_density": 0.0,
    "lon": -78.9846,
    "npdes_points": 1,
    "pixel_col": 989.0,
    "pixel_row": 1654.0,
    "population_density": 420.8,
    "position_along": 0.5,
    "protected_area_score": 0.0,
    "rank": 39,
    "river_name": "Big Branch",
    "road_access_m": 448.6,
    "road_access_score": 0.8,
    "road_density_km_km2": 6.19,
    "robustness_pct": 0.0,
    "runoff_coeff_C": 0.3024,
    "seasonal_cv": 0.4321,
    "segment_id": 65,
    "segment_length_m": 2469.9975,
    "stream_order": 1,
    "superfund_score": 0.0,
    "tourism_amenity_density": 0.1592,
    "tri_facility_density": 0.0,
    "usgs_mean_q_cfs": 2.456,
    "velocity_feasibility": 0.7,
    "water_intake_score": 0.0
   },
   "type": "Feature"
  },
  {
   "geometry": {
    "coordinates": [
     -78.980054,
     35.229161
    ],
    "type": "Point"
   },
   "properties": {
    "accumulation": 141372.0,
    "bank_slope_deg": 0.33,
    "bank_slope_score": 1.0,
    "beach_dist_km": 157.07,
    "bridge_proximity_bonus": 0.0,
    "catchment_area_km2": 14.1167,
    "channel_width_m": 5.8,
    "channel_width_score": 1.0,
    "composite_score": 34.8383,
    "cso_density": 0.0,
    "ej_index": 0.5668,
    "elevation_m": 51.2246,
    "estuary_dist_km": 267.16,
    "feasibility_score": 46.0317,
    "flood_q10_cfs": null,
    "flow_score": 46.0969,
    "flow_velocity_ms": 0.1251,
    "generation_score": 8.8919,
    "impact_score": 45.8059,
    "impervious_pct": 5.89,
    "land_ownership": 0.5,
    "lat": 35.2292,
    "litter_complaint_density": 0.0,
    "lon": -78.9801,
    "npdes_points": 0,
    "pixel_col": 1005.0,
    "pixel_row": 382.0,
    "population_density": 157.1,
    "position_along": 0.25,
    "protected_area_score": 0.0,
    "rank": 40,
    "river_name": "Jumping Run Creek",
    "road_access_m": 577.4,
    "road_access_score": 0.6,
    "road_density_km_km2": 1.368,
    "robustness_pct": 0.0,
    "runoff_coeff_C": 0.103,
    "seasonal_cv": 0.4812,
    "segment_id": 10,
    "segment_length_m": 4081.206,
    "stream_order": 3,
    "superfund_score": 0.0,
    "tourism_amenity_density": 0.1592,
    "tri_facility_density": 0.0,
    "usgs_mean_q_cfs": 25.512,
    "velocity_feasibility": 0.7,
    "water_intake_score": 0.0
   },
   "type": "Feature"
  },
  {
   "geometry": {
    "coordinates": [
     -79.03577,
     35.17997
    ],
    "type": "Point"
   },
   "properties": {
    "accumulation": 248057.0,
    "bank_slope_deg": 1.84,
    "bank_slope_score": 1.0,
    "beach_dist_km": 156.86,
    "bridge_proximity_bonus": 0.0,
    "catchment_area_km2": 24.7698,
    "channel_width_m": 7.12,
    "channel_width_score": 1.0,
    "composite_score": 34.5847,
    "cso_density": 0.0,
    "ej_index": 0.2605,
    "elevation_m": 46.3975,
    "estuary_dist_km": 271.95,
    "feasibility_score": 71.7172,
    "flood_q10_cfs": null,
    "flow_score": 53.0523,
    "flow_velocity_ms": 0.5,
    "generation_score": 10.7452,
    "impact_score": 24.4683,
    "impervious_pct": null,
    "land_ownership": 0.5,
    "lat": 35.18,
    "litter_complaint_density": 0.0,
    "lon": -79.0358,
    "npdes_points": 7,
    "pixel_col": 510.0,
    "pixel_row": 938.0,
    "population_density": 54.8,
    "position_along": 0.5,
    "protected_area_score": 0.0,
    "rank": 41,
    "river_name": "Little River",
    "road_access_m": 333.5,
    "road_access_score": 0.8,
    "road_density_km_km2": 1.677,
    "robustness_pct": 0.0,
    "runoff_coeff_C": null,
    "seasonal_cv": null,
    "segment_id": 41,
    "segment_length_m": 558.0019,
    "stream_order": 3,
    "superfund_score": 0.0,
    "tourism_amenity_density": 0.0,
    "tri_facility_density": 0.0,
    "usgs_mean_q_cfs": null,
    "velocity_feasibility": 1.0,
    "water_intake_score": 0.0
   },
   "type": "Feature"
  },
  {
   "geometry": {
    "coordinates": [
     -78.992991,
     35.251241
    ],
    "type": "Point"
   },
   "properties": {
    "accumulation": 25112.0,
    "bank_slope_deg": 2.64,
    "bank_slope_score": 1.0,
    "beach_dist_km": 159.66,
    "bridge_proximity_bonus": 0.0,
    "catchment_area_km2": 2.5076,
    "channel_width_m": 3.1,
    "channel_width_score": 1.0,
    "composite_score": 34.3931,
    "cso_density": 0.0,
    "ej_index": 0.6045,
    "elevation_m": 54.9848,
    "estuary_dist_km": 268.49,
    "feasibility_score": 61.6162,
    "flood_q10_cfs": null,
    "flow_score": 46.63,
    "flow_velocity_ms": 0.5,
    "generation_score": 3.7904,
    "impact_score": 41.1868,
    "impervious_pct": null,
    "land_ownership": 0.5,
    "lat": 35.2512,
    "litter_complaint_density": 0.0,
    "lon": -78.993,
    "npdes_points": 0,
    "pixel_col": 883.0,
    "pixel_row": 139.0,
    "population_density": 130.2,
    "position_along": 0.5,
    "protected_area_score": 0.0,
    "rank": 42,
    "river_name": "Jumping Run Creek",
    "road_access_m": 664.7,
    "road_access_score": 0.6,
    "road_density_km_km2": 0.731,
    "robustness_pct": 0.0,
    "runoff_coeff_C": null,
    "seasonal_cv": null,
    "segment_id": 0,
    "segment_length_m": 1425.7794,
    "stream_order": 3,
    "superfund_score": 0.0,
    "tourism_amenity_density": 0.0,
    "tri_facility_density": 0.0,
    "usgs_mean_q_cfs": null,
    "velocity_feasibility": 1.0,
    "water_intake_score": 0.0
   },
   "type": "Feature"
  },
  {
   "geometry": {
    "coordinates": [
     -79.01262,
     35.207452
    ],
    "type": "Point"
   },
   "properties": {
    "accumulation": 359077.0,
    "bank_slope_deg": 1.08,
    "bank_slope_score": 1.0,
    "beach_dist_km": 157.45,
    "bridge_proximity_bonus": 0.0,
    "catchment_area_km2": 35.8557,
    "channel_width_m": 8.14,
    "channel_width_score": 1.0,
    "composite_score": 34.1804,
    "cso_density": 0.0,
    "ej_index": 0.576,
    "elevation_m": 51.8691,
    "estuary_dist_km": 269.99,
    "feasibility_score": 46.0317,
    "flood_q10_cfs": null,
    "flow_score": 47.4447,
    "flow_velocity_ms": 0.2244,
    "generation_score": 11.4091,
    "impact_score": 39.9723,
    "impervious_pct": 5.19,
    "land_ownership": 0.5,
    "lat": 35.2075,
    "litter_complaint_density": 0.0,
    "lon": -79.0126,
    "npdes_points": 4,
    "pixel_col": 714.0,
    "pixel_row": 629.0,
    "population_density": 100.7,
    "position_along": 0.375,
    "protected_area_score": 0.0,
    "rank": 43,
    "river_name": null,
    "road_access_m": 887.8,
    "road_access_score": 0.6,
    "road_density_km_km2": 1.392,
    "robustness_pct": 0.0,
    "runoff_coeff_C": 0.0967,
    "seasonal_cv": 0.4636,
    "segment_id": 19,
    "segment_length_m": 6239.1757,
    "stream_order": 3,
    "superfund_score": 0.0,
    "tourism_amenity_density": 0.0,
    "tri_facility_density": 0.0,
    "usgs_mean_q_cfs": 15.681,
    "velocity_feasibility": 0.7,
    "water_intake_score": 0.0
   },
   "type": "Feature"
  },
  {
   "geometry": {
    "coordinates": [
     -79.0233,
     35.174362
    ],
    "type": "Point"
   },
   "properties": {
    "accumulation": 22316.0,
    "bank_slope_deg": 2.36,
    "bank_slope_score": 1.0,
    "beach_dist_km": 155.6,
    "bridge_proximity_bonus": 0.0,
    "catchment_area_km2": 2.2284,
    "channel_width_m": 2.97,
    "channel_width_score": 1.0,
    "composite_score": 33.9407,
    "cso_density": 0.0,
    "ej_index": 0.1547,
    "elevation_m": 48.701,
    "estuary_dist_km": 270.8,
    "feasibility_score": 81.8182,
    "flood_q10_cfs": null,
    "flow_score": 46.5494,
    "flow_velocity_ms": 0.5,
    "generation_score": 6.1787,
    "impact_score": 27.2569,
    "impervious_pct": null,
    "land_ownership": 0.5,
    "lat": 35.1744,
    "litter_complaint_density": 0.0,
    "lon": -79.0233,
    "npdes_points": 1,
    "pixel_col": 622.0,
    "pixel_row": 995.0,
    "population_density": 17.1,
    "position_along": 0.5,
    "protected_area_score": 0.0,
    "rank": 44,
    "river_name": null,
    "road_access_m": 92.9,
    "road_access_score": 1.0,
    "road_density_km_km2": 3.326,
    "robustness_pct": 0.0,
    "runoff_coeff_C": null,
    "seasonal_cv": null,
    "segment_id": 38,
    "segment_length_m": 1098.0269,
    "stream_order": 3,
    "superfund_score": 0.0,
    "tourism_amenity_density": 0.557,
    "tri_facility_density": 0.0,
    "usgs_mean_q_cfs": null,
    "velocity_feasibility": 1.0,
    "water_intake_score": 0.0
   },
   "type": "Feature"
  },
  {
   "geometry": {
    "coordinates": [
     -78.979958,
     35.219681
    ],
    "type": "Point"
   },
   "properties": {
    "accumulation": 169171.0,
    "bank_slope_deg": 0.29,
    "bank_slope_score": 1.0,
    "beach_dist_km": 156.31,
    "bridge_proximity_bonus": 0.0,
    "catchment_area_km2": 16.8926,
    "channel_width_m": 6.19,
    "channel_width_score": 1.0,
    "composite_score": 33.4834,
    "cso_density": 0.0,
    "ej_index": 0.5999,
    "elevation_m": 49.2586,
    "estuary_dist_km": 267.09,
    "feasibility_score": 30.8802,
    "flood_q10_cfs": null,
    "flow_score": 45.3524,
    "flow_velocity_ms": 0.0678,
    "generation_score": 8.6284,
    "impact_score": 49.7492,
    "impervious_pct": 5.89,
    "land_ownership": 0.5,
    "lat": 35.2197,
    "litter_complaint_density": 0.0,
    "lon": -78.98,
    "npdes_points": 0,
    "pixel_col": 1005.0,
    "pixel_row": 487.0,
    "population_density": 152.9,
    "position_along": 0.75,
    "protected_area_score": 0.0,
    "rank": 45,
    "river_name": "Jumping Run Creek",
    "road_access_m": 1297.0,
    "road_access_score": 0.3,
    "road_density_km_km2": 1.247,
    "robustness_pct": 0.0,
    "runoff_coeff_C": 0.103,
    "seasonal_cv": 0.4812,
    "segment_id": 10,
    "segment_length_m": 4081.206,
    "stream_order": 3,
    "superfund_score": 0.0,
    "tourism_amenity_density": 0.3979,
    "tri_facility_density": 0.0,
    "usgs_mean_q_cfs": 25.512,
    "velocity_feasibility": 0.7,
    "water_intake_score": 0.0
   },
   "type": "Feature"
  },
  {
   "geometry": {
    "coordinates": [
     -78.939059,
     35.207124
    ],
    "type": "Point"
   },
   "properties": {
    "accumulation": 120434.0,
    "bank_slope_deg": 5.19,
    "bank_slope_score": 1.0,
    "beach_dist_km": 152.72,
    "bridge_proximity_bonus": 0.0,
    "catchment_area_km2": 12.026,
    "channel_width_m": 5.48,
    "channel_width_score": 1.0,
    "composite_score": 31.9897,
    "cso_density": 0.0,
    "ej_index": 0.4722,
    "elevation_m": 43.3049,
    "estuary_dist_km": 263.31,
    "feasibility_score": 46.0317,
    "flood_q10_cfs": null,
    "flow_score": 29.2234,
    "flow_velocity_ms": 0.1772,
    "generation_score": 7.2144,
    "impact_score": 52.0493,
    "impervious_pct": 0.5,
    "land_ownership": 0.5,
    "lat": 35.2071,
    "litter_complaint_density": 0.0,
    "lon": -78.9391,
    "npdes_points": 2,
    "pixel_col": 1385.0,
    "pixel_row": 617.0,
    "population_density": 105.6,
    "position_along": 0.5,
    "protected_area_score": 0.0,
    "rank": 46,
    "river_name": "Gibsons Creek",
    "road_access_m": 744.5,
    "road_access_score": 0.6,
    "road_density_km_km2": 1.828,
    "robustness_pct": 0.0,
    "runoff_coeff_C": 0.0545,
    "seasonal_cv": 0.4494,
    "segment_id": 34,
    "segment_length_m": 2659.5658,
    "stream_order": 3,
    "superfund_score": 0.0,
    "tourism_amenity_density": 0.0,
    "tri_facility_density": 0.0,
    "usgs_mean_q_cfs": 5.079,
    "velocity_feasibility": 0.7,
    "water_intake_score": 0.0
   },
   "type": "Feature"
  },
  {
   "geometry": {
    "coordinates": [
     -78.987156,
     35.24962
    ],
    "type": "Point"
   },
   "properties": {
    "accumulation": 27675.0,
    "bank_slope_deg": 0.15,
    "bank_slope_score": 1.0,
    "beach_dist_km": 159.16,
    "bridge_proximity_bonus": 0.0,
    "catchment_area_km2": 2.7635,
    "channel_width_m": 3.21,
    "channel_width_score": 1.0,
    "composite_score": 31.9198,
    "cso_density": 0.0,
    "ej_index": 0.598,
    "elevation_m": 55.1773,
    "estuary_dist_km": 267.95,
    "feasibility_score": 56.1328,
    "flood_q10_cfs": null,
    "flow_score": 23.2989,
    "flow_velocity_ms": 0.0968,
    "generation_score": 12.1894,
    "impact_score": 46.7276,
    "impervious_pct": 12.84,
    "land_ownership": 0.5,
    "lat": 35.2496,
    "litter_complaint_density": 0.0,
    "lon": -78.9872,
    "npdes_points": 0,
    "pixel_col": 933.0,
    "pixel_row": 155.0,
    "population_density": 123.4,
    "position_along": 0.5,
    "protected_area_score": 0.0,
    "rank": 47,
    "river_name": "Pistol Branch",
    "road_access_m": 381.4,
    "road_access_score": 0.8,
    "road_density_km_km2": 1.192,
    "robustness_pct": 0.0,
    "runoff_coeff_C": 0.1656,
    "seasonal_cv": 0.423,
    "segment_id": 2,
    "segment_length_m": 568.999,
    "stream_order": 3,
    "superfund_score": 0.0,
    "tourism_amenity_density": 0.6366,
    "tri_facility_density": 0.0,
    "usgs_mean_q_cfs": 1.373,
    "velocity_feasibility": 0.7,
    "water_intake_score": 0.0
   },
   "type": "Feature"
  },
  {
   "geometry": {
    "coordinates": [
     -79.043861,
     35.180221
    ],
    "type": "Point"
   },
   "properties": {
    "accumulation": 85079.0,
    "bank_slope_deg": 0.33,
    "bank_slope_score": 1.0,
    "beach_dist_km": 157.41,
    "bridge_proximity_bonus": 0.0,
    "catchment_area_km2": 8.4956,
    "channel_width_m": 4.83,
    "channel_width_score": 1.0,
    "composite_score": 31.0616,
    "cso_density": 0.0,
    "ej_index": 0.1868,
    "elevation_m": 52.1409,
    "estuary_dist_km": 272.69,
    "feasibility_score": 81.8182,
    "flood_q10_cfs": null,
    "flow_score": 48.3574,
    "flow_velocity_ms": 0.5,
    "generation_score": 2.7137,
    "impact_score": 19.6179,
    "impervious_pct": null,
    "land_ownership": 0.5,
    "lat": 35.1802,
    "litter_complaint_density": 0.0,
    "lon": -79.0439,
    "npdes_points": 0,
    "pixel_col": 436.0,
    "pixel_row": 933.0,
    "population_density": 38.4,
    "position_along": 0.8333,
    "protected_area_score": 0.0,
    "rank": 48,
    "river_name": "Cypress Creek",
    "road_access_m": 192.2,
    "road_access_score": 1.0,
    "road_density_km_km2": 1.327,
    "robustness_pct": 0.0,
    "runoff_coeff_C": null,
    "seasonal_cv": null,
    "segment_id": 40,
    "segment_length_m": 5243.2068,
    "stream_order": 3,
    "superfund_score": 0.0,
    "tourism_amenity_density": 0.0,
    "tri_facility_density": 0.0,
    "usgs_mean_q_cfs": null,
    "velocity_feasibility": 1.0,
    "water_intake_score": 0.0
   },
   "type": "Feature"
  },
  {
   "geometry": {
    "coordinates": [
     -78.937291,
     35.147921
    ],
    "type": "Point"
   },
   "properties": {
    "accumulation": 57245.0,
    "bank_slope_deg": 0.16,
    "bank_slope_score": 1.0,
    "beach_dist_km": 147.93,
    "bridge_proximity_bonus": 0.0,
    "catchment_area_km2": 5.7162,
    "channel_width_m": 4.18,
    "channel_width_score": 1.0,
    "composite_score": 30.4162,
    "cso_density": 0.0,
    "ej_index": 0.1742,
    "elevation_m": 53.592,
    "estuary_dist_km": 262.89,
    "feasibility_score": 46.0317,
    "flood_q10_cfs": null,
    "flow_score": 26.9152,
    "flow_velocity_ms": 0.1635,
    "generation_score": 8.9976,
    "impact_score": 46.9444,
    "impervious_pct": 10.67,
    "land_ownership": 0.5,
    "lat": 35.1479,
    "litter_complaint_density": 0.0,
    "lon": -78.9373,
    "npdes_points": 0,
    "pixel_col": 1412.0,
    "pixel_row": 1276.0,
    "population_density": 22.6,
    "position_along": 0.75,
    "protected_area_score": 0.0,
    "rank": 49,
    "river_name": null,
    "road_access_m": 584.6,
    "road_access_score": 0.6,
    "road_density_km_km2": 1.377,
    "robustness_pct": 0.0,
    "runoff_coeff_C": 0.146,
    "seasonal_cv": 0.4308,
    "segment_id": 42,
    "segment_length_m": 3154.4763,
    "stream_order": 3,
    "superfund_score": 0.0,
    "tourism_amenity_density": 0.1592,
    "tri_facility_density": 0.0,
    "usgs_mean_q_cfs": 2.829,
    "velocity_feasibility": 0.7,
    "water_intake_score": 0.0
   },
   "type": "Feature"
  },
  {
   "geometry": {
    "coordinates": [
     -78.930031,
     35.148486
    ],
    "type": "Point"
   },
   "properties": {
    "accumulation": 23976.0,
    "bank_slope_deg": 0.1,
    "bank_slope_score": 1.0,
    "beach_dist_km": 147.5,
    "bridge_proximity_bonus": 0.0,
    "catchment_area_km2": 2.3941,
    "channel_width_m": 3.05,
    "channel_width_score": 1.0,
    "composite_score": 29.0936,
    "cso_density": 0.0,
    "ej_index": 0.2064,
    "elevation_m": 52.842,
    "estuary_dist_km": 262.23,
    "feasibility_score": 46.0317,
    "flood_q10_cfs": null,
    "flow_score": 21.1174,
    "flow_velocity_ms": 0.0667,
    "generation_score": 5.9886,
    "impact_score": 50.3765,
    "impervious_pct": 3.83,
    "land_ownership": 0.5,
    "lat": 35.1485,
    "litter_complaint_density": 0.0,
    "lon": -78.93,
    "npdes_points": 0,
    "pixel_col": 1478.0,
    "pixel_row": 1268.0,
    "population_density": 78.2,
    "position_along": 0.5,
    "protected_area_score": 0.0,
    "rank": 50,
    "river_name": null,
    "road_access_m": 657.9,
    "road_access_score": 0.6,
    "road_density_km_km2": 1.386,
    "robustness_pct": 0.0,
    "runoff_coeff_C": 0.0845,
    "seasonal_cv": 0.4185,
    "segment_id": 44,
    "segment_length_m": 1130.0139,
    "stream_order": 3,
    "superfund_score": 0.0,
    "tourism_amenity_density": 0.2387,
    "tri_facility_density": 0.0,
    "usgs_mean_q_cfs": 1.28,
    "velocity_feasibility": 0.7,
    "water_intake_score": 0.0
   },
   "type": "Feature"
  },
  {
   "geometry": {
    "coordinates": [
     -79.045243,
     35.184989
    ],
    "type": "Point"
   },
   "properties": {
    "accumulation": 154823.0,
    "bank_slope_deg": 1.86,
    "bank_slope_score": 1.0,
    "beach_dist_km": 157.87,
    "bridge_proximity_bonus": 0.0,
    "catchment_area_km2": 15.4599,
    "channel_width_m": 6.0,
    "channel_width_score": 1.0,
    "composite_score": 28.8944,
    "cso_density": 0.0,
    "ej_index": 0.2379,
    "elevation_m": 46.2159,
    "estuary_dist_km": 272.83,
    "feasibility_score": 61.6162,
    "flood_q10_cfs": null,
    "flow_score": 50.3665,
    "flow_velocity_ms": 0.5,
    "generation_score": 2.5679,
    "impact_score": 20.9665,
    "impervious_pct": null,
    "land_ownership": 0.5,
    "lat": 35.185,
    "litter_complaint_density": 0.0,
    "lon": -79.0452,
    "npdes_points": 0,
    "pixel_col": 422.0,
    "pixel_row": 883.0,
    "population_density": 30.4,
    "position_along": 0.5,
    "protected_area_score": 0.0,
    "rank": 51,
    "river_name": "Little River",
    "road_access_m": 534.2,
    "road_access_score": 0.6,
    "road_density_km_km2": 1.343,
    "robustness_pct": 0.0,
    "runoff_coeff_C": null,
    "seasonal_cv": null,
    "segment_id": 32,
    "segment_length_m": 1826.4941,
    "stream_order": 3,
    "superfund_score": 0.0,
    "tourism_amenity_density": 0.0,
    "tri_facility_density": 0.0,
    "usgs_mean_q_cfs": null,
    "velocity_feasibility": 1.0,
    "water_intake_score": 0.0
   },
   "type": "Feature"
  },
  {
   "geometry": {
    "coordinates": [
     -79.018302,
     35.215317
    ],
    "type": "Point"
   },
   "properties": {
    "accumulation": 326538.0,
    "bank_slope_deg": 0.56,
    "bank_slope_score": 1.0,
    "beach_dist_km": 158.43,
    "bridge_proximity_bonus": 0.0,
    "catchment_area_km2": 32.6065,
    "channel_width_m": 7.86,
    "channel_width_score": 1.0,
    "composite_score": 28.8126,
    "cso_density": 0.0,
    "ej_index": 0.5538,
    "elevation_m": 54.7319,
    "estuary_dist_km": 270.55,
    "feasibility_score": 30.8802,
    "flood_q10_cfs": null,
    "flow_score": 44.1523,
    "flow_velocity_ms": 0.1893,
    "generation_score": 6.7567,
    "impact_score": 37.0515,
    "impervious_pct": 5.61,
    "land_ownership": 0.5,
    "lat": 35.2153,
    "litter_complaint_density": 0.0,
    "lon": -79.0183,
    "npdes_points": 0,
    "pixel_col": 661.0,
    "pixel_row": 542.0,
    "population_density": 101.2,
    "position_along": 0.125,
    "protected_area_score": 0.0,
    "rank": 52,
    "river_name": null,
    "road_access_m": 1127.7,
    "road_access_score": 0.3,
    "road_density_km_km2": 0.826,
    "robustness_pct": 0.0,
    "runoff_coeff_C": 0.1005,
    "seasonal_cv": 0.4597,
    "segment_id": 19,
    "segment_length_m": 6239.1757,
    "stream_order": 3,
    "superfund_score": 0.0,
    "tourism_amenity_density": 0.0,
    "tri_facility_density": 0.0,
    "usgs_mean_q_cfs": 14.289,
    "velocity_feasibility": 0.7,
    "water_intake_score": 0.0
   },
   "type": "Feature"
  },
  {
   "geometry": {
    "coordinates": [
     -78.907021,
     35.241771
    ],
    "type": "Point"
   },
   "properties": {
    "accumulation": 34344.0,
    "bank_slope_deg": 0.3,
    "bank_slope_score": 1.0,
    "beach_dist_km": 153.57,
    "bridge_proximity_bonus": 0.0,
    "catchment_area_km2": 3.4294,
    "channel_width_m": 3.47,
    "channel_width_score": 1.0,
    "composite_score": 28.5815,
    "cso_density": 0.0,
    "ej_index": 0.4898,
    "elevation_m": 49.6722,
    "estuary_dist_km": 260.63,
    "feasibility_score": 56.1328,
    "flood_q10_cfs": null,
    "flow_score": 7.5109,
    "flow_velocity_ms": 0.1204,
    "generation_score": 4.6655,
    "impact_score": 56.2807,
    "impervious_pct": 2.48,
    "land_ownership": 0.5,
    "lat": 35.2418,
    "litter_complaint_density": 0.0,
    "lon": -78.907,
    "npdes_points": 1,
    "pixel_col": 1669.0,
    "pixel_row": 229.0,
    "population_density": 43.0,
    "position_along": 0.25,
    "protected_area_score": 0.0,
    "rank": 53,
    "river_name": "Mitchells Pond Dam",
    "road_access_m": 477.5,
    "road_access_score": 0.8,
    "road_density_km_km2": 0.848,
    "robustness_pct": 0.0,
    "runoff_coeff_C": 0.0723,
    "seasonal_cv": 0.4486,
    "segment_id": 7,
    "segment_length_m": 3922.6204,
    "stream_order": 1,
    "superfund_score": 0.0,
    "tourism_amenity_density": 0.0,
    "tri_facility_density": 0.0,
    "usgs_mean_q_cfs": 3.401,
    "velocity_feasibility": 0.7,
    "water_intake_score": 0.0
   },
   "type": "Feature"
  },
  {
   "geometry": {
    "coordinates": [
     -78.91148,
     35.221476
    ],
    "type": "Point"
   },
   "properties": {
    "accumulation": 24096.0,
    "bank_slope_deg": 1.01,
    "bank_slope_score": 1.0,
    "beach_dist_km": 152.17,
    "bridge_proximity_bonus": 0.0,
    "catchment_area_km2": 2.4061,
    "channel_width_m": 3.05,
    "channel_width_score": 1.0,
    "composite_score": 27.9467,
    "cso_density": 0.0,
    "ej_index": 0.3067,
    "elevation_m": 42.04,
    "estuary_dist_km": 260.9,
    "feasibility_score": 46.0317,
    "flood_q10_cfs": null,
    "flow_score": 22.5693,
    "flow_velocity_ms": 0.1294,
    "generation_score": 1.4396,
    "impact_score": 49.8924,
    "impervious_pct": 0.19,
    "land_ownership": 0.5,
    "lat": 35.2215,
    "litter_complaint_density": 0.0,
    "lon": -78.9115,
    "npdes_points": 0,
    "pixel_col": 1629.0,
    "pixel_row": 452.0,
    "population_density": 58.1,
    "position_along": 0.5,
    "protected_area_score": 0.0,
    "rank": 54,
    "river_name": null,
    "road_access_m": 806.1,
    "road_access_score": 0.6,
    "road_density_km_km2": 0.077,
    "robustness_pct": 0.0,
    "runoff_coeff_C": 0.0517,
    "seasonal_cv": 0.4244,
    "segment_id": 16,
    "segment_length_m": 1336.4328,
    "stream_order": 3,
    "superfund_score": 0.0,
    "tourism_amenity_density": 0.0,
    "tri_facility_density": 0.0,
    "usgs_mean_q_cfs": 1.767,
    "velocity_feasibility": 0.7,
    "water_intake_score": 0.0
   },
   "type": "Feature"
  },
  {
   "geometry": {
    "coordinates": [
     -78.940238,
     35.191976
    ],
    "type": "Point"
   },
   "properties": {
    "accumulation": 76955.0,
    "bank_slope_deg": 2.47,
    "bank_slope_score": 1.0,
    "beach_dist_km": 151.59,
    "bridge_proximity_bonus": 0.0,
    "catchment_area_km2": 7.6844,
    "channel_width_m": 4.65,
    "channel_width_score": 1.0,
    "composite_score": 27.0864,
    "cso_density": 0.0,
    "ej_index": 0.3758,
    "elevation_m": 53.0019,
    "estuary_dist_km": 263.33,
    "feasibility_score": 30.8802,
    "flood_q10_cfs": null,
    "flow_score": 27.447,
    "flow_velocity_ms": 0.1955,
    "generation_score": 2.1077,
    "impact_score": 49.8678,
    "impervious_pct": 0.39,
    "land_ownership": 0.5,
    "lat": 35.192,
    "litter_complaint_density": 0.0,
    "lon": -78.9402,
    "npdes_points": 0,
    "pixel_col": 1376.0,
    "pixel_row": 784.0,
    "population_density": 53.4,
    "position_along": 0.75,
    "protected_area_score": 0.0,
    "rank": 55,
    "river_name": "Gibsons Creek",
    "road_access_m": 1073.0,
    "road_access_score": 0.3,
    "road_density_km_km2": 0.523,
    "robustness_pct": 0.0,
    "runoff_coeff_C": 0.0535,
    "seasonal_cv": 0.4387,
    "segment_id": 33,
    "segment_length_m": 3217.8619,
    "stream_order": 3,
    "superfund_score": 0.0,
    "tourism_amenity_density": 0.0796,
    "tri_facility_density": 0.0,
    "usgs_mean_q_cfs": 3.477,
    "velocity_feasibility": 0.7,
    "water_intake_score": 0.0
   },
   "type": "Feature"
  },
  {
   "geometry": {
    "coordinates": [
     -78.994278,
     35.235062
    ],
    "type": "Point"
   },
   "properties": {
    "accumulation": 41088.0,
    "bank_slope_deg": 0.52,
    "bank_slope_score": 1.0,
    "beach_dist_km": 158.45,
    "bridge_proximity_bonus": 0.0,
    "catchment_area_km2": 4.1029,
    "channel_width_m": 3.71,
    "channel_width_score": 1.0,
    "composite_score": 26.8995,
    "cso_density": 0.0,
    "ej_index": 0.6217,
    "elevation_m": 55.7084,
    "estuary_dist_km": 268.49,
    "feasibility_score": 46.0317,
    "flood_q10_cfs": null,
    "flow_score": 23.6924,
    "flow_velocity_ms": 0.1325,
    "generation_score": 3.6781,
    "impact_score": 43.2272,
    "impervious_pct": 1.56,
    "land_ownership": 0.5,
    "lat": 35.2351,
    "litter_complaint_density": 0.0,
    "lon": -78.9943,
    "npdes_points": 0,
    "pixel_col": 875.0,
    "pixel_row": 318.0,
    "population_density": 115.7,
    "position_along": 0.5,
    "protected_area_score": 0.0,
    "rank": 56,
    "river_name": null,
    "road_access_m": 945.8,
    "road_access_score": 0.6,
    "road_density_km_km2": 0.203,
    "robustness_pct": 0.0,
    "runoff_coeff_C": 0.064,
    "seasonal_cv": 0.4213,
    "segment_id": 9,
    "segment_length_m": 2032.3247,
    "stream_order": 3,
    "superfund_score": 0.0,
    "tourism_amenity_density": 0.0,
    "tri_facility_density": 0.0,
    "usgs_mean_q_cfs": 2.07,
    "velocity_feasibility": 0.7,
    "water_intake_score": 0.0
   },
   "type": "Feature"
  },
  {
   "geometry": {
    "coordinates": [
     -79.040368,
     35.176381
    ],
    "type": "Point"
   },
   "properties": {
    "accumulation": 125098.0,
    "bank_slope_deg": 5.26,
    "bank_slope_score": 1.0,
    "beach_dist_km": 156.89,
    "bridge_proximity_bonus": 0.0,
    "catchment_area_km2": 12.4917,
    "channel_width_m": 5.55,
    "channel_width_score": 1.0,
    "composite_score": 26.7434,
    "cso_density": 0.0,
    "ej_index": 0.1939,
    "elevation_m": 48.3797,
    "estuary_dist_km": 272.35,
    "feasibility_score": 66.2338,
    "flood_q10_cfs": null,
    "flow_score": 30.0052,
    "flow_velocity_ms": 0.1448,
    "generation_score": 9.9761,
    "impact_score": 21.0475,
    "impervious_pct": 9.05,
    "land_ownership": 0.5,
    "lat": 35.1764,
    "litter_complaint_density": 0.0,
    "lon": -79.0404,
    "npdes_points": 1,
    "pixel_col": 467.0,
    "pixel_row": 975.0,
    "population_density": 59.7,
    "position_along": 0.75,
    "protected_area_score": 0.0,
    "rank": 57,
    "river_name": "McPherson Creek",
    "road_access_m": 114.8,
    "road_access_score": 1.0,
    "road_density_km_km2": 1.49,
    "robustness_pct": 0.0,
    "runoff_coeff_C": 0.1315,
    "seasonal_cv": 0.4452,
    "segment_id": 55,
    "segment_length_m": 3620.7071,
    "stream_order": 3,
    "superfund_score": 0.0,
    "tourism_amenity_density": 0.0,
    "tri_facility_density": 0.0,
    "usgs_mean_q_cfs": 5.474,
    "velocity_feasibility": 0.7,
    "water_intake_score": 0.0
   },
   "type": "Feature"
  },
  {
   "geometry": {
    "coordinates": [
     -78.925874,
     35.211987
    ],
    "type": "Point"
   },
   "properties": {
    "accumulation": 25451.0,
    "bank_slope_deg": 1.47,
    "bank_slope_score": 1.0,
    "beach_dist_km": 152.29,
    "bridge_proximity_bonus": 0.0,
    "catchment_area_km2": 2.5414,
    "channel_width_m": 3.11,
    "channel_width_score": 1.0,
    "composite_score": 26.5938,
    "cso_density": 0.0,
    "ej_index": 0.4046,
    "elevation_m": 44.3472,
    "estuary_dist_km": 262.14,
    "feasibility_score": 30.8802,
    "flood_q10_cfs": null,
    "flow_score": 22.2368,
    "flow_velocity_ms": 0.1071,
    "generation_score": 2.9716,
    "impact_score": 51.7035,
    "impervious_pct": 0.57,
    "land_ownership": 0.5,
    "lat": 35.212,
    "litter_complaint_density": 0.0,
    "lon": -78.9259,
    "npdes_points": 0,
    "pixel_col": 1500.0,
    "pixel_row": 561.0,
    "population_density": 81.7,
    "position_along": 0.5,
    "protected_area_score": 0.0,
    "rank": 58,
    "river_name": null,
    "road_access_m": 1112.5,
    "road_access_score": 0.3,
    "road_density_km_km2": 0.631,
    "robustness_pct": 0.0,
    "runoff_coeff_C": 0.0551,
    "seasonal_cv": 0.43,
    "segment_id": 21,
    "segment_length_m": 2230.7596,
    "stream_order": 3,
    "superfund_score": 0.0,
    "tourism_amenity_density": 0.0,
    "tri_facility_density": 0.0,
    "usgs_mean_q_cfs": 2.167,
    "velocity_feasibility": 0.7,
    "water_intake_score": 0.0
   },
   "type": "Feature"
  },
  {
   "geometry": {
    "coordinates": [
     -78.948643,
     35.155644
    ],
    "type": "Point"
   },
   "properties": {
    "accumulation": 29505.0,
    "bank_slope_deg": 0.81,
    "bank_slope_score": 1.0,
    "beach_dist_km": 149.26,
    "bridge_proximity_bonus": 0.0,
    "catchment_area_km2": 2.9462,
    "channel_width_m": 3.29,
    "channel_width_score": 1.0,
    "composite_score": 26.504,
    "cso_density": 0.0,
    "ej_index": 0.172,
    "elevation_m": 59.3838,
    "estuary_dist_km": 263.94,
    "feasibility_score": 30.8802,
    "flood_q10_cfs": null,
    "flow_score": 24.9538,
    "flow_velocity_ms": 0.1263,
    "generation_score": 7.3818,
    "impact_score": 44.7298,
    "impervious_pct": 10.67,
    "land_ownership": 0.5,
    "lat": 35.1556,
    "litter_complaint_density": 0.0,
    "lon": -78.9486,
    "npdes_points": 0,
    "pixel_col": 1309.0,
    "pixel_row": 1191.0,
    "population_density": 18.9,
    "position_along": 0.25,
    "protected_area_score": 0.0,
    "rank": 59,
    "river_name": null,
    "road_access_m": 1050.1,
    "road_access_score": 0.3,
    "road_density_km_km2": 0.313,
    "robustness_pct": 0.0,
    "runoff_coeff_C": 0.146,
    "seasonal_cv": 0.4308,
    "segment_id": 42,
    "segment_length_m": 3154.4763,
    "stream_order": 3,
    "superfund_score": 0.0,
    "tourism_amenity_density": 0.3183,
    "tri_facility_density": 0.0,
    "usgs_mean_q_cfs": 2.829,
    "velocity_feasibility": 0.7,
    "water_intake_score": 0.0
   },
   "type": "Feature"
  },
  {
   "geometry": {
    "coordinates": [
     -79.028533,
     35.221144
    ],
    "type": "Point"
   },
   "properties": {
    "accumulation": 263742.0,
    "bank_slope_deg": 1.3,
    "bank_slope_score": 1.0,
    "beach_dist_km": 159.55,
    "bridge_proximity_bonus": 0.0,
    "catchment_area_km2": 26.336,
    "channel_width_m": 7.28,
    "channel_width_score": 1.0,
    "composite_score": 26.4466,
    "cso_density": 0.0,
    "ej_index": 0.496,
    "elevation_m": 57.1965,
    "estuary_dist_km": 271.51,
    "feasibility_score": 30.8802,
    "flood_q10_cfs": null,
    "flow_score": 40.2057,
    "flow_velocity_ms": 0.175,
    "generation_score": 7.3543,
    "impact_score": 31.8561,
    "impervious_pct": 6.6,
    "land_ownership": 0.5,
    "lat": 35.2211,
    "litter_complaint_density": 0.0,
    "lon": -79.0285,
    "npdes_points": 0,
    "pixel_col": 566.0,
    "pixel_row": 476.0,
    "population_density": 113.2,
    "position_along": 0.5,
    "protected_area_score": 0.0,
    "rank": 60,
    "river_name": "Overhills Lake Dam",
    "road_access_m": 1460.6,
    "road_access_score": 0.3,
    "road_density_km_km2": 0.644,
    "robustness_pct": 0.0,
    "runoff_coeff_C": 0.1094,
    "seasonal_cv": 0.4551,
    "segment_id": 15,
    "segment_length_m": 1856.8884,
    "stream_order": 3,
    "superfund_score": 0.0,
    "tourism_amenity_density": 0.0,
    "tri_facility_density": 0.0,
    "usgs_mean_q_cfs": 12.121,
    "velocity_feasibility": 0.7,
    "water_intake_score": 0.0
   },
   "type": "Feature"
  },
  {
   "geometry": {
    "coordinates": [
     -79.066487,
     35.250469
    ],
    "type": "Point"
   },
   "properties": {
    "accumulation": 33196.0,
    "bank_slope_deg": 1.87,
    "bank_slope_score": 1.0,
    "beach_dist_km": 164.29,
    "bridge_proximity_bonus": 0.0,
    "catchment_area_km2": 3.3148,
    "channel_width_m": 3.43,
    "channel_width_score": 1.0,
    "composite_score": 26.2515,
    "cso_density": 0.0,
    "ej_index": 0.4337,
    "elevation_m": 72.8312,
    "estuary_dist_km": 275.15,
    "feasibility_score": 56.1328,
    "flood_q10_cfs": null,
    "flow_score": 26.114,
    "flow_velocity_ms": 0.122,
    "generation_score": 15.2945,
    "impact_score": 22.3825,
    "impervious_pct": 16.88,
    "land_ownership": 0.5,
    "lat": 35.2505,
    "litter_complaint_density": 0.0,
    "lon": -79.0665,
    "npdes_points": 0,
    "pixel_col": 213.0,
    "pixel_row": 161.0,
    "population_density": 134.2,
    "position_along": 0.5,
    "protected_area_score": 0.0,
    "rank": 61,
    "river_name": "Muddy Creek",
    "road_access_m": 227.1,
    "road_access_score": 0.8,
    "road_density_km_km2": 1.468,
    "robustness_pct": 0.0,
    "runoff_coeff_C": 0.2019,
    "seasonal_cv": 0.4158,
    "segment_id": 1,
    "segment_length_m": 857.0745,
    "stream_order": 3,
    "superfund_score": 0.0,
    "tourism_amenity_density": 0.6366,
    "tri_facility_density": 0.0,
    "usgs_mean_q_cfs": 2.723,
    "velocity_feasibility": 0.7,
    "water_intake_score": 0.0
   },
   "type": "Feature"
  },
  {
   "geometry": {
    "coordinates": [
     -79.043933,
     35.142081
    ],
    "type": "Point"
   },
   "properties": {
    "accumulation": 45787.0,
    "bank_slope_deg": 0.82,
    "bank_slope_score": 1.0,
    "beach_dist_km": 154.56,
    "bridge_proximity_bonus": 0.0,
    "catchment_area_km2": 4.5721,
    "channel_width_m": 3.85,
    "channel_width_score": 1.0,
    "composite_score": 25.9586,
    "cso_density": 0.0,
    "ej_index": 0.0654,
    "elevation_m": 69.3688,
    "estuary_dist_km": 272.57,
    "feasibility_score": 46.0317,
    "flood_q10_cfs": null,
    "flow_score": 25.8103,
    "flow_velocity_ms": 0.1258,
    "generation_score": 16.921,
    "impact_score": 25.0832,
    "impervious_pct": 13.49,
    "land_ownership": 0.5,
    "lat": 35.1421,
    "litter_complaint_density": 0.0,
    "lon": -79.0439,
    "npdes_points": 3,
    "pixel_col": 442.0,
    "pixel_row": 1357.0,
    "population_density": 176.8,
    "position_along": 0.25,
    "protected_area_score": 0.0,
    "rank": 62,
    "river_name": "McPherson Creek",
    "road_access_m": 876.8,
    "road_access_score": 0.6,
    "road_density_km_km2": 1.281,
    "robustness_pct": 0.0,
    "runoff_coeff_C": 0.1714,
    "seasonal_cv": 0.4306,
    "segment_id": 54,
    "segment_length_m": 3089.9646,
    "stream_order": 3,
    "superfund_score": 0.0,
    "tourism_amenity_density": 1.0345,
    "tri_facility_density": 0.0,
    "usgs_mean_q_cfs": 2.808,
    "velocity_feasibility": 0.7,
    "water_intake_score": 0.0
   },
   "type": "Feature"
  },
  {
   "geometry": {
    "coordinates": [
     -79.040312,
     35.226842
    ],
    "type": "Point"
   },
   "properties": {
    "accumulation": 180902.0,
    "bank_slope_deg": 0.25,
    "bank_slope_score": 1.0,
    "beach_dist_km": 160.76,
    "bridge_proximity_bonus": 0.2,
    "catchment_area_km2": 18.064,
    "channel_width_m": 6.35,
    "channel_width_score": 1.0,
    "composite_score": 25.2954,
    "cso_density": 0.0,
    "ej_index": 0.4343,
    "elevation_m": 61.2668,
    "estuary_dist_km": 272.61,
    "feasibility_score": 49.062,
    "flood_q10_cfs": null,
    "flow_score": 32.9729,
    "flow_velocity_ms": 0.1127,
    "generation_score": 6.1405,
    "impact_score": 26.1691,
    "impervious_pct": 5.12,
    "land_ownership": 0.5,
    "lat": 35.2268,
    "litter_complaint_density": 0.0,
    "lon": -79.0403,
    "npdes_points": 0,
    "pixel_col": 455.0,
    "pixel_row": 419.0,
    "population_density": 112.4,
    "position_along": 0.5,
    "protected_area_score": 0.0,
    "rank": 63,
    "river_name": "Muddy Creek",
    "road_access_m": 1685.2,
    "road_access_score": 0.3,
    "road_density_km_km2": 0.444,
    "robustness_pct": 0.0,
    "runoff_coeff_C": 0.0961,
    "seasonal_cv": 0.4436,
    "segment_id": 14,
    "segment_length_m": 1888.5811,
    "stream_order": 3,
    "superfund_score": 0.0,
    "tourism_amenity_density": 0.0,
    "tri_facility_density": 0.0,
    "usgs_mean_q_cfs": 8.738,
    "velocity_feasibility": 0.7,
    "water_intake_score": 0.0
   },
   "type": "Feature"
  },
  {
   "geometry": {
    "coordinates": [
     -79.061303,
     35.180382
    ],
    "type": "Point"
   },
   "properties": {
    "accumulation": 115579.0,
    "bank_slope_deg": 1.43,
    "bank_slope_score": 1.0,
    "beach_dist_km": 158.59,
    "bridge_proximity_bonus": 0.0,
    "catchment_area_km2": 11.5412,
    "channel_width_m": 5.39,
    "channel_width_score": 1.0,
    "composite_score": 24.7232,
    "cso_density": 0.0,
    "ej_index": 0.0144,
    "elevation_m": 47.2375,
    "estuary_dist_km": 274.27,
    "feasibility_score": 61.6162,
    "flood_q10_cfs": null,
    "flow_score": 49.236,
    "flow_velocity_ms": 0.5,
    "generation_score": 1.9323,
    "impact_score": 8.6404,
    "impervious_pct": null,
    "land_ownership": 0.5,
    "lat": 35.1804,
    "litter_complaint_density": 0.0,
    "lon": -79.0613,
    "npdes_points": 0,
    "pixel_col": 277.0,
    "pixel_row": 937.0,
    "population_density": 0.7,
    "position_along": 0.5,
    "protected_area_score": 0.0,
    "rank": 64,
    "river_name": "Little River",
    "road_access_m": 617.4,
    "road_access_score": 0.6,
    "road_density_km_km2": 1.337,
    "robustness_pct": 0.0,
    "runoff_coeff_C": null,
    "seasonal_cv": null,
    "segment_id": 31,
    "segment_length_m": 1986.7942,
    "stream_order": 3,
    "superfund_score": 0.0,
    "tourism_amenity_density": 0.0,
    "tri_facility_density": 0.0,
    "usgs_mean_q_cfs": null,
    "velocity_feasibility": 1.0,
    "water_intake_score": 0.0
   },
   "type": "Feature"
  },
  {
   "geometry": {
    "coordinates": [
     -78.908228,
     35.234829
    ],
    "type": "Point"
   },
   "properties": {
    "accumulation": 54464.0,
    "bank_slope_deg": 1.66,
    "bank_slope_score": 1.0,
    "beach_dist_km": 153.07,
    "bridge_proximity_bonus": 0.0,
    "catchment_area_km2": 5.4385,
    "channel_width_m": 4.11,
    "channel_width_score": 1.0,
    "composite_score": 24.6593,
    "cso_density": 0.0,
    "ej_index": 0.4609,
    "elevation_m": 42.8356,
    "estuary_dist_km": 260.69,
    "feasibility_score": 30.8802,
    "flood_q10_cfs": null,
    "flow_score": 8.2782,
    "flow_velocity_ms": 0.1268,
    "generation_score": 4.3072,
    "impact_score": 55.5519,
    "impervious_pct": 2.48,
    "land_ownership": 0.5,
    "lat": 35.2348,
    "litter_complaint_density": 0.0,
    "lon": -78.9082,
    "npdes_points": 1,
    "pixel_col": 1659.0,
    "pixel_row": 303.0,
    "population_density": 45.4,
    "position_along": 0.75,
    "protected_area_score": 0.0,
    "rank": 65,
    "river_name": null,
    "road_access_m": 1148.1,
    "road_access_score": 0.3,
    "road_density_km_km2": 0.565,
    "robustness_pct": 0.0,
    "runoff_coeff_C": 0.0723,
    "seasonal_cv": 0.4486,
    "segment_id": 7,
    "segment_length_m": 3922.6204,
    "stream_order": 1,
    "superfund_score": 0.0,
    "tourism_amenity_density": 0.0,
    "tri_facility_density": 0.0,
    "usgs_mean_q_cfs": 3.401,
    "velocity_feasibility": 0.7,
    "water_intake_score": 0.0
   },
   "type": "Feature"
  },
  {
   "geometry": {
    "coordinates": [
     -79.044769,
     35.152979
    ],
    "type": "Point"
   },
   "properties": {
    "accumulation": 65182.0,
    "bank_slope_deg": 0.45,
    "bank_slope_score": 1.0,
    "beach_dist_km": 155.43,
    "bridge_proximity_bonus": 0.0,
    "catchment_area_km2": 6.5088,
    "channel_width_m": 4.38,
    "channel_width_score": 1.0,
    "composite_score": 24.3583,
    "cso_density": 0.0,
    "ej_index": 0.1043,
    "elevation_m": 64.0417,
    "estuary_dist_km": 272.67,
    "feasibility_score": 46.0317,
    "flood_q10_cfs": null,
    "flow_score": 25.4007,
    "flow_velocity_ms": 0.0885,
    "generation_score": 16.9117,
    "impact_score": 20.0995,
    "impervious_pct": 12.3,
    "land_ownership": 0.5,
    "lat": 35.153,
    "litter_complaint_density": 0.0,
    "lon": -79.0448,
    "npdes_points": 3,
    "pixel_col": 431.0,
    "pixel_row": 1236.0,
    "population_density": 176.5,
    "position_along": 0.75,
    "protected_area_score": 0.0,
    "rank": 66,
    "river_name": "McPherson Creek",
    "road_access_m": 516.2,
    "road_access_score": 0.6,
    "road_density_km_km2": 1.784,
    "robustness_pct": 0.0,
    "runoff_coeff_C": 0.1607,
    "seasonal_cv": 0.4333,
    "segment_id": 54,
    "segment_length_m": 3089.9646,
    "stream_order": 3,
    "superfund_score": 0.0,
    "tourism_amenity_density": 0.2387,
    "tri_facility_density": 0.0,
    "usgs_mean_q_cfs": 3.164,
    "velocity_feasibility": 0.7,
    "water_intake_score": 0.0
   },
   "type": "Feature"
  },
  {
   "geometry": {
    "coordinates": [
     -79.076744,
     35.177673
    ],
    "type": "Point"
   },
   "properties": {
    "accumulation": 40872.0,
    "bank_slope_deg": 3.27,
    "bank_slope_score": 1.0,
    "beach_dist_km": 159.42,
    "bridge_proximity_bonus": 0.0,
    "catchment_area_km2": 4.0813,
    "channel_width_m": 3.7,
    "channel_width_score": 1.0,
    "composite_score": 23.8213,
    "cso_density": 0.0,
    "ej_index": 0.0144,
    "elevation_m": 47.9898,
    "estuary_dist_km": 275.66,
    "feasibility_score": 61.6162,
    "flood_q10_cfs": null,
    "flow_score": 47.084,
    "flow_velocity_ms": 0.5,
    "generation_score": 3.945,
    "impact_score": 5.4147,
    "impervious_pct": null,
    "land_ownership": 0.5,
    "lat": 35.1777,
    "litter_complaint_density": 0.0,
    "lon": -79.0767,
    "npdes_points": 1,
    "pixel_col": 137.0,
    "pixel_row": 969.0,
    "population_density": 0.7,
    "position_along": 0.5,
    "protected_area_score": 0.0,
    "rank": 67,
    "river_name": "Little River",
    "road_access_m": 753.5,
    "road_access_score": 0.6,
    "road_density_km_km2": 2.02,
    "robustness_pct": 0.0,
    "runoff_coeff_C": null,
    "seasonal_cv": null,
    "segment_id": 30,
    "segment_length_m": 2243.0047,
    "stream_order": 3,
    "superfund_score": 0.0,
    "tourism_amenity_density": 0.0,
    "tri_facility_density": 0.0,
    "usgs_mean_q_cfs": null,
    "velocity_feasibility": 1.0,
    "water_intake_score": 0.0
   },
   "type": "Feature"
  },
  {
   "geometry": {
    "coordinates": [
     -78.933942,
     35.194327
    ],
    "type": "Point"
   },
   "properties": {
    "accumulation": 25880.0,
    "bank_slope_deg": 1.28,
    "bank_slope_score": 1.0,
    "beach_dist_km": 151.38,
    "bridge_proximity_bonus": 0.0,
    "catchment_area_km2": 2.5843,
    "channel_width_m": 3.13,
    "channel_width_score": 1.0,
    "composite_score": 23.7494,
    "cso_density": 0.0,
    "ej_index": 0.2071,
    "elevation_m": 51.3083,
    "estuary_dist_km": 262.77,
    "feasibility_score": 30.8802,
    "flood_q10_cfs": null,
    "flow_score": 22.3384,
    "flow_velocity_ms": 0.1255,
    "generation_score": 1.5221,
    "impact_score": 43.587,
    "impervious_pct": 1.03,
    "land_ownership": 0.5,
    "lat": 35.1943,
    "litter_complaint_density": 0.0,
    "lon": -78.9339,
    "npdes_points": 0,
    "pixel_col": 1430.0,
    "pixel_row": 756.0,
    "population_density": 24.8,
    "position_along": 0.5,
    "protected_area_score": 0.0,
    "rank": 68,
    "river_name": null,
    "road_access_m": 1147.0,
    "road_access_score": 0.3,
    "road_density_km_km2": 0.264,
    "robustness_pct": 0.0,
    "runoff_coeff_C": 0.0593,
    "seasonal_cv": 0.4156,
    "segment_id": 25,
    "segment_length_m": 865.0586,
    "stream_order": 3,
    "superfund_score": 0.0,
    "tourism_amenity_density": 0.0,
    "tri_facility_density": 0.0,
    "usgs_mean_q_cfs": 1.195,
    "velocity_feasibility": 0.7,
    "water_intake_score": 0.0
   },
   "type": "Feature"
  },
  {
   "geometry": {
    "coordinates": [
     -78.935805,
     35.180373
    ],
    "type": "Point"
   },
   "properties": {
    "accumulation": 42455.0,
    "bank_slope_deg": 0.64,
    "bank_slope_score": 1.0,
    "beach_dist_km": 150.38,
    "bridge_proximity_bonus": 0.0,
    "catchment_area_km2": 4.2394,
    "channel_width_m": 3.75,
    "channel_width_score": 1.0,
    "composite_score": 23.7142,
    "cso_density": 0.0,
    "ej_index": 0.172,
    "elevation_m": 57.2662,
    "estuary_dist_km": 262.88,
    "feasibility_score": 30.8802,
    "flood_q10_cfs": null,
    "flow_score": 23.8916,
    "flow_velocity_ms": 0.116,
    "generation_score": 0.6235,
    "impact_score": 43.0741,
    "impervious_pct": 0.39,
    "land_ownership": 0.5,
    "lat": 35.1804,
    "litter_complaint_density": 0.0,
    "lon": -78.9358,
    "npdes_points": 0,
    "pixel_col": 1418.0,
    "pixel_row": 912.0,
    "population_density": 18.9,
    "position_along": 0.25,
    "protected_area_score": 0.0,
    "rank": 69,
    "river_name": "Gibsons Creek",
    "road_access_m": 1583.7,
    "road_access_score": 0.3,
    "road_density_km_km2": 0.0,
    "robustness_pct": 0.0,
    "runoff_coeff_C": 0.0535,
    "seasonal_cv": 0.4387,
    "segment_id": 33,
    "segment_length_m": 3217.8619,
    "stream_order": 3,
    "superfund_score": 0.0,
    "tourism_amenity_density": 0.0,
    "tri_facility_density": 0.0,
    "usgs_mean_q_cfs": 3.477,
    "velocity_feasibility": 0.7,
    "water_intake_score": 0.0
   },
   "type": "Feature"
  },
  {
   "geometry": {
    "coordinates": [
     -79.032318,
     35.236292
    ],
    "type": "Point"
   },
   "properties": {
    "accumulation": 39834.0,
    "bank_slope_deg": 0.68,
    "bank_slope_score": 1.0,
    "beach_dist_km": 160.98,
    "bridge_proximity_bonus": 0.0,
    "catchment_area_km2": 3.9776,
    "channel_width_m": 3.66,
    "channel_width_score": 1.0,
    "composite_score": 23.6606,
    "cso_density": 0.0,
    "ej_index": 0.435,
    "elevation_m": 63.0428,
    "estuary_dist_km": 271.95,
    "feasibility_score": 30.8802,
    "flood_q10_cfs": null,
    "flow_score": 26.1275,
    "flow_velocity_ms": 0.1422,
    "generation_score": 12.4262,
    "impact_score": 29.2294,
    "impervious_pct": 15.72,
    "land_ownership": 0.5,
    "lat": 35.2363,
    "litter_complaint_density": 0.0,
    "lon": -79.0323,
    "npdes_points": 0,
    "pixel_col": 528.0,
    "pixel_row": 313.0,
    "population_density": 108.3,
    "position_along": 0.5,
    "protected_area_score": 0.0,
    "rank": 70,
    "river_name": null,
    "road_access_m": 1085.2,
    "road_access_score": 0.3,
    "road_density_km_km2": 0.354,
    "robustness_pct": 0.0,
    "runoff_coeff_C": 0.1915,
    "seasonal_cv": 0.4097,
    "segment_id": 6,
    "segment_length_m": 2674.9962,
    "stream_order": 3,
    "superfund_score": 0.0,
    "tourism_amenity_density": 0.3183,
    "tri_facility_density": 0.0,
    "usgs_mean_q_cfs": 1.854,
    "velocity_feasibility": 0.7,
    "water_intake_score": 0.0
   },
   "type": "Feature"
  },
  {
   "geometry": {
    "coordinates": [
     -78.905011,
     35.173131
    ],
    "type": "Point"
   },
   "properties": {
    "accumulation": 24583.0,
    "bank_slope_deg": 3.33,
    "bank_slope_score": 1.0,
    "beach_dist_km": 147.85,
    "bridge_proximity_bonus": 0.0,
    "catchment_area_km2": 2.4547,
    "channel_width_m": 3.08,
    "channel_width_score": 1.0,
    "composite_score": 23.5189,
    "cso_density": 0.0,
    "ej_index": 0.2344,
    "elevation_m": 51.768,
    "estuary_dist_km": 260.05,
    "feasibility_score": 30.8802,
    "flood_q10_cfs": null,
    "flow_score": 6.9778,
    "flow_velocity_ms": 0.1493,
    "generation_score": 4.0199,
    "impact_score": 53.1216,
    "impervious_pct": 1.15,
    "land_ownership": 0.5,
    "lat": 35.1731,
    "litter_complaint_density": 0.0,
    "lon": -78.905,
    "npdes_points": 0,
    "pixel_col": 1703.0,
    "pixel_row": 987.0,
    "population_density": 157.7,
    "position_along": 0.5,
    "protected_area_score": 0.0,
    "rank": 71,
    "river_name": null,
    "road_access_m": 1399.8,
    "road_access_score": 0.3,
    "road_density_km_km2": 0.0,
    "robustness_pct": 0.0,
    "runoff_coeff_C": 0.0604,
    "seasonal_cv": 0.4138,
    "segment_id": 37,
    "segment_length_m": 1194.5256,
    "stream_order": 1,
    "superfund_score": 0.0,
    "tourism_amenity_density": 0.0,
    "tri_facility_density": 0.0,
    "usgs_mean_q_cfs": 1.386,
    "velocity_feasibility": 0.7,
    "water_intake_score": 0.0
   },
   "type": "Feature"
  },
  {
   "geometry": {
    "coordinates": [
     -79.042973,
     35.162987
    ],
    "type": "Point"
   },
   "properties": {
    "accumulation": 107092.0,
    "bank_slope_deg": 0.95,
    "bank_slope_score": 1.0,
    "beach_dist_km": 156.05,
    "bridge_proximity_bonus": 0.0,
    "catchment_area_km2": 10.6937,
    "channel_width_m": 5.25,
    "channel_width_score": 1.0,
    "composite_score": 23.4131,
    "cso_density": 0.0,
    "ej_index": 0.0861,
    "elevation_m": 56.8147,
    "estuary_dist_km": 272.54,
    "feasibility_score": 46.0317,
    "flood_q10_cfs": null,
    "flow_score": 29.5053,
    "flow_velocity_ms": 0.1454,
    "generation_score": 12.6428,
    "impact_score": 17.7971,
    "impervious_pct": 9.05,
    "land_ownership": 0.5,
    "lat": 35.163,
    "litter_complaint_density": 0.0,
    "lon": -79.043,
    "npdes_points": 2,
    "pixel_col": 448.0,
    "pixel_row": 1124.0,
    "population_density": 119.5,
    "position_along": 0.25,
    "protected_area_score": 0.0,
    "rank": 72,
    "river_name": "McPherson Creek",
    "road_access_m": 987.8,
    "road_access_score": 0.6,
    "road_density_km_km2": 1.752,
    "robustness_pct": 0.0,
    "runoff_coeff_C": 0.1315,
    "seasonal_cv": 0.4452,
    "segment_id": 55,
    "segment_length_m": 3620.7071,
    "stream_order": 3,
    "superfund_score": 0.0,
    "tourism_amenity_density": 0.0796,
    "tri_facility_density": 0.0,
    "usgs_mean_q_cfs": 5.474,
    "velocity_feasibility": 0.7,
    "water_intake_score": 0.0
   },
   "type": "Feature"
  },
  {
   "geometry": {
    "coordinates": [
     -79.061217,
     35.240909
    ],
    "type": "Point"
   },
   "properties": {
    "accumulation": 75746.0,
    "bank_slope_deg": 0.12,
    "bank_slope_score": 1.0,
    "beach_dist_km": 163.21,
    "bridge_proximity_bonus": 0.0,
    "catchment_area_km2": 7.5636,
    "channel_width_m": 4.63,
    "channel_width_score": 1.0,
    "composite_score": 22.8497,
    "cso_density": 0.0,
    "ej_index": 0.4356,
    "elevation_m": 69.4481,
    "estuary_dist_km": 274.6,
    "feasibility_score": 30.8802,
    "flood_q10_cfs": null,
    "flow_score": 29.1571,
    "flow_velocity_ms": 0.1667,
    "generation_score": 12.95,
    "impact_score": 23.4781,
    "impervious_pct": 9.55,
    "land_ownership": 0.5,
    "lat": 35.2409,
    "litter_complaint_density": 0.0,
    "lon": -79.0612,
    "npdes_points": 3,
    "pixel_col": 263.0,
    "pixel_row": 267.0,
    "population_density": 106.4,
    "position_along": 0.5,
    "protected_area_score": 0.0,
    "rank": 73,
    "river_name": "Muddy Creek",
    "road_access_m": 1072.6,
    "road_access_score": 0.3,
    "road_density_km_km2": 1.234,
    "robustness_pct": 0.0,
    "runoff_coeff_C": 0.136,
    "seasonal_cv": 0.4278,
    "segment_id": 5,
    "segment_length_m": 2402.351,
    "stream_order": 3,
    "superfund_score": 0.0,
    "tourism_amenity_density": 0.4775,
    "tri_facility_density": 0.0,
    "usgs_mean_q_cfs": 4.765,
    "velocity_feasibility": 0.7,
    "water_intake_score": 0.0
   },
   "type": "Feature"
  },
  {
   "geometry": {
    "coordinates": [
     -79.068428,
     35.249233
    ],
    "type": "Point"
   },
   "properties": {
    "accumulation": 21207.0,
    "bank_slope_deg": 0.5,
    "bank_slope_score": 1.0,
    "beach_dist_km": 164.32,
    "bridge_proximity_bonus": 0.0,
    "catchment_area_km2": 2.1176,
    "channel_width_m": 2.91,
    "channel_width_score": 1.0,
    "composite_score": 21.5704,
    "cso_density": 0.0,
    "ej_index": 0.4344,
    "elevation_m": 72.0039,
    "estuary_dist_km": 275.31,
    "feasibility_score": 56.1328,
    "flood_q10_cfs": null,
    "flow_score": 21.0887,
    "flow_velocity_ms": 0.0795,
    "generation_score": 4.149,
    "impact_score": 22.1122,
    "impervious_pct": 0.39,
    "land_ownership": 0.5,
    "lat": 35.2492,
    "litter_complaint_density": 0.0,
    "lon": -79.0684,
    "npdes_points": 0,
    "pixel_col": 197.0,
    "pixel_row": 173.0,
    "population_density": 123.6,
    "position_along": 0.5,
    "protected_area_score": 0.0,
    "rank": 74,
    "river_name": "Muddy Creek",
    "road_access_m": 449.9,
    "road_access_score": 0.8,
    "road_density_km_km2": 0.91,
    "robustness_pct": 0.0,
    "runoff_coeff_C": 0.0535,
    "seasonal_cv": 0.3996,
    "segment_id": 4,
    "segment_length_m": 616.5381,
    "stream_order": 3,
    "superfund_score": 0.0,
    "tourism_amenity_density": 0.6366,
    "tri_facility_density": 0.0,
    "usgs_mean_q_cfs": 1.038,
    "velocity_feasibility": 0.7,
    "water_intake_score": 0.0
   },
   "type": "Feature"
  },
  {
   "geometry": {
    "coordinates": [
     -79.053907,
     35.228986
    ],
    "type": "Point"
   },
   "properties": {
    "accumulation": 136664.0,
    "bank_slope_deg": 0.16,
    "bank_slope_score": 1.0,
    "beach_dist_km": 161.81,
    "bridge_proximity_bonus": 0.0,
    "catchment_area_km2": 13.6466,
    "channel_width_m": 5.73,
    "channel_width_score": 1.0,
    "composite_score": 21.5036,
    "cso_density": 0.0,
    "ej_index": 0.4356,
    "elevation_m": 63.8569,
    "estuary_dist_km": 273.86,
    "feasibility_score": 30.8802,
    "flood_q10_cfs": null,
    "flow_score": 32.2377,
    "flow_velocity_ms": 0.1638,
    "generation_score": 6.388,
    "impact_score": 22.9859,
    "impervious_pct": 6.26,
    "land_ownership": 0.5,
    "lat": 35.229,
    "litter_complaint_density": 0.0,
    "lon": -79.0539,
    "npdes_points": 0,
    "pixel_col": 334.0,
    "pixel_row": 397.0,
    "population_density": 106.4,
    "position_along": 0.5,
    "protected_area_score": 0.0,
    "rank": 75,
    "river_name": "Muddy Creek",
    "road_access_m": 1392.9,
    "road_access_score": 0.3,
    "road_density_km_km2": 0.219,
    "robustness_pct": 0.0,
    "runoff_coeff_C": 0.1063,
    "seasonal_cv": 0.4379,
    "segment_id": 12,
    "segment_length_m": 1482.6011,
    "stream_order": 3,
    "superfund_score": 0.0,
    "tourism_amenity_density": 0.0,
    "tri_facility_density": 0.0,
    "usgs_mean_q_cfs": 7.219,
    "velocity_feasibility": 0.7,
    "water_intake_score": 0.0
   },
   "type": "Feature"
  },
  {
   "geometry": {
    "coordinates": [
     -79.031632,
     35.216903
    ],
    "type": "Point"
   },
   "properties": {
    "accumulation": 26155.0,
    "bank_slope_deg": 1.23,
    "bank_slope_score": 1.0,
    "beach_dist_km": 159.42,
    "bridge_proximity_bonus": 0.0,
    "catchment_area_km2": 2.6117,
    "channel_width_m": 3.15,
    "channel_width_score": 1.0,
    "composite_score": 19.7568,
    "cso_density": 0.0,
    "ej_index": 0.4356,
    "elevation_m": 59.8057,
    "estuary_dist_km": 271.76,
    "feasibility_score": 30.8802,
    "flood_q10_cfs": null,
    "flow_score": 22.8764,
    "flow_velocity_ms": 0.1328,
    "generation_score": 2.2376,
    "impact_score": 29.1148,
    "impervious_pct": 0.01,
    "land_ownership": 0.5,
    "lat": 35.2169,
    "litter_complaint_density": 0.0,
    "lon": -79.0316,
    "npdes_points": 0,
    "pixel_col": 539.0,
    "pixel_row": 526.0,
    "population_density": 106.4,
    "position_along": 0.5,
    "protected_area_score": 0.0,
    "rank": 76,
    "river_name": null,
    "road_access_m": 1071.3,
    "road_access_score": 0.3,
    "road_density_km_km2": 0.0,
    "robustness_pct": 0.0,
    "runoff_coeff_C": 0.0501,
    "seasonal_cv": 0.3969,
    "segment_id": 18,
    "segment_length_m": 1679.0273,
    "stream_order": 3,
    "superfund_score": 0.0,
    "tourism_amenity_density": 0.0,
    "tri_facility_density": 0.0,
    "usgs_mean_q_cfs": 1.214,
    "velocity_feasibility": 0.7,
    "water_intake_score": 0.0
   },
   "type": "Feature"
  },
  {
   "geometry": {
    "coordinates": [
     -79.051626,
     35.156419
    ],
    "type": "Point"
   },
   "properties": {
    "accumulation": 23256.0,
    "bank_slope_deg": 2.14,
    "bank_slope_score": 1.0,
    "beach_dist_km": 156.15,
    "bridge_proximity_bonus": 0.0,
    "catchment_area_km2": 2.3222,
    "channel_width_m": 3.01,
    "channel_width_score": 1.0,
    "composite_score": 19.7073,
    "cso_density": 0.0,
    "ej_index": 0.0414,
    "elevation_m": 63.2227,
    "estuary_dist_km": 273.31,
    "feasibility_score": 56.1328,
    "flood_q10_cfs": null,
    "flow_score": 22.5849,
    "flow_velocity_ms": 0.1198,
    "generation_score": 4.2237,
    "impact_score": 14.58,
    "impervious_pct": 1.93,
    "land_ownership": 0.5,
    "lat": 35.1564,
    "litter_complaint_density": 0.0,
    "lon": -79.0516,
    "npdes_points": 0,
    "pixel_col": 370.0,
    "pixel_row": 1200.0,
    "population_density": 52.0,
    "position_along": 0.5,
    "protected_area_score": 0.0,
    "rank": 77,
    "river_name": null,
    "road_access_m": 418.4,
    "road_access_score": 0.8,
    "road_density_km_km2": 1.354,
    "robustness_pct": 0.0,
    "runoff_coeff_C": 0.0674,
    "seasonal_cv": 0.3981,
    "segment_id": 46,
    "segment_length_m": 917.4471,
    "stream_order": 3,
    "superfund_score": 0.0,
    "tourism_amenity_density": 0.0796,
    "tri_facility_density": 0.0,
    "usgs_mean_q_cfs": 1.125,
    "velocity_feasibility": 0.7,
    "water_intake_score": 0.0
   },
   "type": "Feature"
  },
  {
   "geometry": {
    "coordinates": [
     -79.069833,
     35.169206
    ],
    "type": "Point"
   },
   "properties": {
    "accumulation": 34540.0,
    "bank_slope_deg": 0.27,
    "bank_slope_score": 1.0,
    "beach_dist_km": 158.33,
    "bridge_proximity_bonus": 0.0,
    "catchment_area_km2": 3.449,
    "channel_width_m": 3.48,
    "channel_width_score": 1.0,
    "composite_score": 18.4924,
    "cso_density": 0.0,
    "ej_index": 0.0144,
    "elevation_m": 63.0758,
    "estuary_dist_km": 275.0,
    "feasibility_score": 56.1328,
    "flood_q10_cfs": null,
    "flow_score": 24.0654,
    "flow_velocity_ms": 0.1317,
    "generation_score": 5.8053,
    "impact_score": 7.7153,
    "impervious_pct": 5.68,
    "land_ownership": 0.5,
    "lat": 35.1692,
    "litter_complaint_density": 0.0,
    "lon": -79.0698,
    "npdes_points": 0,
    "pixel_col": 200.0,
    "pixel_row": 1060.0,
    "population_density": 0.7,
    "position_along": 0.1667,
    "protected_area_score": 0.0,
    "rank": 78,
    "river_name": "Cypress Creek",
    "road_access_m": 224.0,
    "road_access_score": 0.8,
    "road_density_km_km2": 1.606,
    "robustness_pct": 0.0,
    "runoff_coeff_C": 0.1011,
    "seasonal_cv": 0.4076,
    "segment_id": 40,
    "segment_length_m": 5243.2068,
    "stream_order": 3,
    "superfund_score": 0.0,
    "tourism_amenity_density": 0.0,
    "tri_facility_density": 0.0,
    "usgs_mean_q_cfs": 1.672,
    "velocity_feasibility": 0.7,
    "water_intake_score": 0.0
   },
   "type": "Feature"
  },
  {
   "geometry": {
    "coordinates": [
     -79.050985,
     35.22418
    ],
    "type": "Point"
   },
   "properties": {
    "accumulation": 23038.0,
    "bank_slope_deg": 2.22,
    "bank_slope_score": 1.0,
    "beach_dist_km": 161.24,
    "bridge_proximity_bonus": 0.0,
    "catchment_area_km2": 2.3005,
    "channel_width_m": 3.0,
    "channel_width_score": 1.0,
    "composite_score": 18.1206,
    "cso_density": 0.0,
    "ej_index": 0.4356,
    "elevation_m": 66.4508,
    "estuary_dist_km": 273.56,
    "feasibility_score": 30.8802,
    "flood_q10_cfs": null,
    "flow_score": 22.3173,
    "flow_velocity_ms": 0.1204,
    "generation_score": 2.2499,
    "impact_score": 24.1141,
    "impervious_pct": 0.03,
    "land_ownership": 0.5,
    "lat": 35.2242,
    "litter_complaint_density": 0.0,
    "lon": -79.051,
    "npdes_points": 0,
    "pixel_col": 361.0,
    "pixel_row": 448.0,
    "population_density": 106.4,
    "position_along": 0.5,
    "protected_area_score": 0.0,
    "rank": 79,
    "river_name": null,
    "road_access_m": 1841.5,
    "road_access_score": 0.3,
    "road_density_km_km2": 0.0,
    "robustness_pct": 0.0,
    "runoff_coeff_C": 0.0503,
    "seasonal_cv": 0.3964,
    "segment_id": 13,
    "segment_length_m": 920.1659,
    "stream_order": 3,
    "superfund_score": 0.0,
    "tourism_amenity_density": 0.0,
    "tri_facility_density": 0.0,
    "usgs_mean_q_cfs": 1.08,
    "velocity_feasibility": 0.7,
    "water_intake_score": 0.0
   },
   "type": "Feature"
  },
  {
   "geometry": {
    "coordinates": [
     -79.064476,
     35.2334
    ],
    "type": "Point"
   },
   "properties": {
    "accumulation": 28477.0,
    "bank_slope_deg": 1.3,
    "bank_slope_score": 1.0,
    "beach_dist_km": 162.84,
    "bridge_proximity_bonus": 0.0,
    "catchment_area_km2": 2.8436,
    "channel_width_m": 3.24,
    "channel_width_score": 1.0,
    "composite_score": 17.1645,
    "cso_density": 0.0,
    "ej_index": 0.4356,
    "elevation_m": 69.5597,
    "estuary_dist_km": 274.85,
    "feasibility_score": 30.8802,
    "flood_q10_cfs": null,
    "flow_score": 23.1635,
    "flow_velocity_ms": 0.1398,
    "generation_score": 2.2683,
    "impact_score": 20.2035,
    "impervious_pct": 0.06,
    "land_ownership": 0.5,
    "lat": 35.2334,
    "litter_complaint_density": 0.0,
    "lon": -79.0645,
    "npdes_points": 0,
    "pixel_col": 236.0,
    "pixel_row": 349.0,
    "population_density": 106.4,
    "position_along": 0.5,
    "protected_area_score": 0.0,
    "rank": 80,
    "river_name": null,
    "road_access_m": 1689.5,
    "road_access_score": 0.3,
    "road_density_km_km2": 0.0,
    "robustness_pct": 0.0,
    "runoff_coeff_C": 0.0505,
    "seasonal_cv": 0.4018,
    "segment_id": 11,
    "segment_length_m": 1253.0618,
    "stream_order": 3,
    "superfund_score": 0.0,
    "tourism_amenity_density": 0.0,
    "tri_facility_density": 0.0,
    "usgs_mean_q_cfs": 1.348,
    "velocity_feasibility": 0.7,
    "water_intake_score": 0.0
   },
   "type": "Feature"
  },
  {
   "geometry": {
    "coordinates": [
     -79.054715,
     35.186718
    ],
    "type": "Point"
   },
   "properties": {
    "accumulation": 24248.0,
    "bank_slope_deg": 4.06,
    "bank_slope_score": 1.0,
    "beach_dist_km": 158.63,
    "bridge_proximity_bonus": 0.0,
    "catchment_area_km2": 2.4213,
    "channel_width_m": 3.06,
    "channel_width_score": 1.0,
    "composite_score": 17.1292,
    "cso_density": 0.0,
    "ej_index": 0.0144,
    "elevation_m": 47.253,
    "estuary_dist_km": 273.7,
    "feasibility_score": 46.0317,
    "flood_q10_cfs": null,
    "flow_score": 22.8372,
    "flow_velocity_ms": 0.1232,
    "generation_score": 5.5075,
    "impact_score": 9.5429,
    "impervious_pct": 5.27,
    "land_ownership": 0.5,
    "lat": 35.1867,
    "litter_complaint_density": 0.0,
    "lon": -79.0547,
    "npdes_points": 0,
    "pixel_col": 334.0,
    "pixel_row": 867.0,
    "population_density": 0.7,
    "position_along": 0.5,
    "protected_area_score": 0.0,
    "rank": 81,
    "river_name": "Little River",
    "road_access_m": 694.7,
    "road_access_score": 0.6,
    "road_density_km_km2": 1.574,
    "robustness_pct": 0.0,
    "runoff_coeff_C": 0.0974,
    "seasonal_cv": 0.4146,
    "segment_id": 28,
    "segment_length_m": 299.4886,
    "stream_order": 3,
    "superfund_score": 0.0,
    "tourism_amenity_density": 0.0,
    "tri_facility_density": 0.0,
    "usgs_mean_q_cfs": 1.156,
    "velocity_feasibility": 0.7,
    "water_intake_score": 0.0
   },
   "type": "Feature"
  },
  {
   "geometry": {
    "coordinates": [
     -79.073815,
     35.191033
    ],
    "type": "Point"
   },
   "properties": {
    "accumulation": 47935.0,
    "bank_slope_deg": 1.46,
    "bank_slope_score": 1.0,
    "beach_dist_km": 160.23,
    "bridge_proximity_bonus": 0.0,
    "catchment_area_km2": 4.7866,
    "channel_width_m": 3.92,
    "channel_width_score": 1.0,
    "composite_score": 16.3496,
    "cso_density": 0.0,
    "ej_index": 0.0953,
    "elevation_m": 57.389,
    "estuary_dist_km": 275.46,
    "feasibility_score": 46.0317,
    "flood_q10_cfs": null,
    "flow_score": 24.8931,
    "flow_velocity_ms": 0.1573,
    "generation_score": 2.5788,
    "impact_score": 8.1597,
    "impervious_pct": 0.32,
    "land_ownership": 0.5,
    "lat": 35.191,
    "litter_complaint_density": 0.0,
    "lon": -79.0738,
    "npdes_points": 0,
    "pixel_col": 158.0,
    "pixel_row": 822.0,
    "population_density": 21.0,
    "position_along": 0.5,
    "protected_area_score": 0.0,
    "rank": 82,
    "river_name": null,
    "road_access_m": 771.0,
    "road_access_score": 0.6,
    "road_density_km_km2": 1.352,
    "robustness_pct": 0.0,
    "runoff_coeff_C": 0.0529,
    "seasonal_cv": 0.419,
    "segment_id": 24,
    "segment_length_m": 2820.7484,
    "stream_order": 3,
    "superfund_score": 0.0,
    "tourism_amenity_density": 0.0,
    "tri_facility_density": 0.0,
    "usgs_mean_q_cfs": 2.476,
    "velocity_feasibility": 0.7,
    "water_intake_score": 0.0
   },
   "type": "Feature"
  },
  {
   "geometry": {
    "coordinates": [
     -79.031433,
     35.110725
    ],
    "type": "Point"
   },
   "properties": {
    "accumulation": 31550.0,
    "bank_slope_deg": 2.15,
    "bank_slope_score": 1.0,
    "beach_dist_km": 151.4,
    "bridge_proximity_bonus": 0.0,
    "catchment_area_km2": 3.1504,
    "channel_width_m": 3.37,
    "channel_width_score": 1.0,
    "composite_score": 15.7008,
    "cso_density": 0.0,
    "ej_index": 0.0144,
    "elevation_m": 68.415,
    "estuary_dist_km": 271.37,
    "feasibility_score": 30.8802,
    "flood_q10_cfs": null,
    "flow_score": 8.2882,
    "flow_velocity_ms": 0.1346,
    "generation_score": 5.3187,
    "impact_score": 24.6703,
    "impervious_pct": 7.37,
    "land_ownership": 0.5,
    "lat": 35.1107,
    "litter_complaint_density": 0.0,
    "lon": -79.0314,
    "npdes_points": 0,
    "pixel_col": 563.0,
    "pixel_row": 1706.0,
    "population_density": 0.7,
    "position_along": 0.5,
    "protected_area_score": 0.0,
    "rank": 83,
    "river_name": "Stewart Creek",
    "road_access_m": 1195.7,
    "road_access_score": 0.3,
    "road_density_km_km2": 0.552,
    "robustness_pct": 0.0,
    "runoff_coeff_C": 0.1163,
    "seasonal_cv": 0.4292,
    "segment_id": 69,
    "segment_length_m": 887.763,
    "stream_order": 1,
    "superfund_score": 0.0,
    "tourism_amenity_density": 0.4775,
    "tri_facility_density": 0.0,
    "usgs_mean_q_cfs": 2.548,
    "velocity_feasibility": 0.7,
    "water_intake_score": 0.0
   },
   "type": "Feature"
  },
  {
   "geometry": {
    "coordinates": [
     -79.070677,
     35.119522
    ],
    "type": "Point"
   },
   "properties": {
    "accumulation": 34977.0,
    "bank_slope_deg": 0.91,
    "bank_slope_score": 1.0,
    "beach_dist_km": 154.75,
    "bridge_proximity_bonus": 0.0,
    "catchment_area_km2": 3.4926,
    "channel_width_m": 3.5,
    "channel_width_score": 1.0,
    "composite_score": 15.5845,
    "cso_density": 0.0,
    "ej_index": 0.0144,
    "elevation_m": 70.9647,
    "estuary_dist_km": 274.95,
    "feasibility_score": 30.8802,
    "flood_q10_cfs": null,
    "flow_score": 24.14,
    "flow_velocity_ms": 0.1394,
    "generation_score": 1.9139,
    "impact_score": 14.4778,
    "impervious_pct": 3.12,
    "land_ownership": 0.5,
    "lat": 35.1195,
    "litter_complaint_density": 0.0,
    "lon": -79.0707,
    "npdes_points": 0,
    "pixel_col": 202.0,
    "pixel_row": 1616.0,
    "population_density": 0.7,
    "position_along": 0.5,
    "protected_area_score": 0.0,
    "rank": 84,
    "river_name": null,
    "road_access_m": 1653.3,
    "road_access_score": 0.3,
    "road_density_km_km2": 0.0,
    "robustness_pct": 0.0,
    "runoff_coeff_C": 0.0781,
    "seasonal_cv": 0.4234,
    "segment_id": 61,
    "segment_length_m": 1305.4502,
    "stream_order": 3,
    "superfund_score": 0.0,
    "tourism_amenity_density": 0.3979,
    "tri_facility_density": 0.0,
    "usgs_mean_q_cfs": 2.336,
    "velocity_feasibility": 0.7,
    "water_intake_score": 0.0
   },
   "type": "Feature"
  },
  {
   "geometry": {
    "coordinates": [
     -79.069364,
     35.110121
    ],
    "type": "Point"
   },
   "properties": {
    "accumulation": 100929.0,
    "bank_slope_deg": 0.4,
    "bank_slope_score": 1.0,
    "beach_dist_km": 153.98,
    "bridge_proximity_bonus": 0.0,
    "catchment_area_km2": 10.0783,
    "channel_width_m": 5.14,
    "channel_width_score": 1.0,
    "composite_score": 15.1928,
    "cso_density": 0.0,
    "ej_index": 0.0144,
    "elevation_m": 64.7195,
    "estuary_dist_km": 274.82,
    "feasibility_score": 20.7792,
    "flood_q10_cfs": null,
    "flow_score": 28.7742,
    "flow_velocity_ms": 0.128,
    "generation_score": 0.73,
    "impact_score": 15.5446,
    "impervious_pct": 1.19,
    "land_ownership": 0.5,
    "lat": 35.1101,
    "litter_complaint_density": 0.0,
    "lon": -79.0694,
    "npdes_points": 0,
    "pixel_col": 217.0,
    "pixel_row": 1720.0,
    "population_density": 0.7,
    "position_along": 0.5,
    "protected_area_score": 0.0,
    "rank": 85,
    "river_name": "Bones Creek",
    "road_access_m": 2276.2,
    "road_access_score": 0.1,
    "road_density_km_km2": 0.0,
    "robustness_pct": 0.0,
    "runoff_coeff_C": 0.0607,
    "seasonal_cv": 0.4498,
    "segment_id": 64,
    "segment_length_m": 1360.9735,
    "stream_order": 3,
    "superfund_score": 0.0,
    "tourism_amenity_density": 0.3979,
    "tri_facility_density": 0.0,
    "usgs_mean_q_cfs": 6.897,
    "velocity_feasibility": 0.7,
    "water_intake_score": 0.0
   },
   "type": "Feature"
  },
  {
   "geometry": {
    "coordinates": [
     -79.057384,
     35.174103
    ],
    "type": "Point"
   },
   "properties": {
    "accumulation": 61914.0,
    "bank_slope_deg": 0.36,
    "bank_slope_score": 1.0,
    "beach_dist_km": 157.86,
    "bridge_proximity_bonus": 0.0,
    "catchment_area_km2": 6.1824,
    "channel_width_m": 4.3,
    "channel_width_score": 1.0,
    "composite_score": 15.1795,
    "cso_density": 0.0,
    "ej_index": 0.0144,
    "elevation_m": 57.2337,
    "estuary_dist_km": 273.89,
    "feasibility_score": 30.8802,
    "flood_q10_cfs": null,
    "flow_score": 25.7095,
    "flow_velocity_ms": 0.1337,
    "generation_score": 3.6554,
    "impact_score": 10.0782,
    "impervious_pct": 3.94,
    "land_ownership": 0.5,
    "lat": 35.1741,
    "litter_complaint_density": 0.0,
    "lon": -79.0574,
    "npdes_points": 0,
    "pixel_col": 314.0,
    "pixel_row": 1005.0,
    "population_density": 0.7,
    "position_along": 0.5,
    "protected_area_score": 0.0,
    "rank": 86,
    "river_name": "Cypress Creek",
    "road_access_m": 1240.9,
    "road_access_score": 0.3,
    "road_density_km_km2": 0.857,
    "robustness_pct": 0.0,
    "runoff_coeff_C": 0.0855,
    "seasonal_cv": 0.4312,
    "segment_id": 40,
    "segment_length_m": 5243.2068,
    "stream_order": 3,
    "superfund_score": 0.0,
    "tourism_amenity_density": 0.0,
    "tri_facility_density": 0.0,
    "usgs_mean_q_cfs": 3.515,
    "velocity_feasibility": 0.7,
    "water_intake_score": 0.0
   },
   "type": "Feature"
  },
  {
   "geometry": {
    "coordinates": [
     -79.075592,
     35.116646
    ],
    "type": "Point"
   },
   "properties": {
    "accumulation": 28775.0,
    "bank_slope_deg": 1.44,
    "bank_slope_score": 1.0,
    "beach_dist_km": 154.88,
    "bridge_proximity_bonus": 0.0,
    "catchment_area_km2": 2.8733,
    "channel_width_m": 3.26,
    "channel_width_score": 1.0,
    "composite_score": 12.8885,
    "cso_density": 0.0,
    "ej_index": 0.0144,
    "elevation_m": 67.989,
    "estuary_dist_km": 275.4,
    "feasibility_score": 20.7792,
    "flood_q10_cfs": null,
    "flow_score": 23.1565,
    "flow_velocity_ms": 0.1157,
    "generation_score": 0.2331,
    "impact_score": 13.0419,
    "impervious_pct": 0.38,
    "land_ownership": 0.5,
    "lat": 35.1166,
    "litter_complaint_density": 0.0,
    "lon": -79.0756,
    "npdes_points": 0,
    "pixel_col": 160.0,
    "pixel_row": 1647.0,
    "population_density": 0.7,
    "position_along": 0.5,
    "protected_area_score": 0.0,
    "rank": 87,
    "river_name": "Bones Creek",
    "road_access_m": 2068.2,
    "road_access_score": 0.1,
    "road_density_km_km2": 0.0,
    "robustness_pct": 0.0,
    "runoff_coeff_C": 0.0534,
    "seasonal_cv": 0.4235,
    "segment_id": 63,
    "segment_length_m": 764.4209,
    "stream_order": 3,
    "superfund_score": 0.0,
    "tourism_amenity_density": 0.3183,
    "tri_facility_density": 0.0,
    "usgs_mean_q_cfs": 2.685,
    "velocity_feasibility": 0.7,
    "water_intake_score": 0.0
   },
   "type": "Feature"
  }
 ],
 "note": "GRIME region 'Spring Lake, NC' \u2014 real-data pipeline (DEM\u2192streams\u2192candidates\u2192region-appropriate real parameters\u2192shipped scoring, math unchanged). Width curve: Bieger et al. 2015 JAWRA Table 3, Atlantic Plain. Flood: not applicable here (documented fallback). NC Coastal Plain (SIR HR4 needs 24h-50y precip \u2014 not wired; flood fallback)",
 "provenance": {
  "candidates_pre_gate": 87,
  "constant": [
   "bank_slope_score",
   "channel_width_score",
   "cso_density",
   "flood_q10_cfs",
   "land_ownership",
   "litter_complaint_density",
   "protected_area_score",
   "superfund_score",
   "water_intake_score"
  ],
  "hard_gate_removed": 0,
  "n_parameters": 27,
  "parameters": {
   "bank_slope_score": {
    "kind": "real",
    "n_real": 87,
    "n_sites": 87,
    "source": "region DEM gradient (3x3)"
   },
   "beach_dist_km": {
    "kind": "real",
    "n_real": 87,
    "n_sites": 87,
    "source": "haversine to region ref: Wrightsville Beach (shipped NC reference)"
   },
   "bridge_proximity_bonus": {
    "kind": "real",
    "n_real": 87,
    "n_sites": 87,
    "source": "FHWA/BTS NBI (NTAD), 50 m proximity"
   },
   "catchment_area_km2": {
    "kind": "real",
    "n_real": 87,
    "n_sites": 87,
    "source": "DEM flow accumulation (pipeline)"
   },
   "channel_width_score": {
    "kind": "real",
    "n_real": 87,
    "n_sites": 87,
    "source": "Bieger 2015 APL width curve on DEM drainage area \u2192 shipped width curve"
   },
   "cso_density": {
    "kind": "real",
    "n_real": 87,
    "n_sites": 87,
    "source": "EPA ECHO CSO inventory (national bulk), Cauchy proximity"
   },
   "ej_index": {
    "kind": "real",
    "n_real": 87,
    "n_sites": 87,
    "source": "Census ACS C17002+B03002 two-component demographic index, percentile-ranked within region"
   },
   "estuary_dist_km": {
    "kind": "real",
    "n_real": 87,
    "n_sites": 87,
    "source": "haversine to region ref: Pamlico Sound (shipped NC reference)"
   },
   "flood_q10_cfs": {
    "kind": "fallback",
    "n_real": 0,
    "n_sites": 87,
    "source": "flood regression not valid here (NC Coastal Plain (SIR HR4 needs 24h-50y precip \u2014 not wired; ...) \u2014 NaN, dropped by constant-column handling"
   },
   "flow_velocity_ms": {
    "kind": "real",
    "n_real": 67,
    "n_sites": 87,
    "source": "Manning (region DEM/D8) blended with EROM continuity (shipped M4 logic)"
   },
   "impervious_pct": {
    "kind": "real",
    "n_real": 67,
    "n_sites": 87,
    "source": "EPA StreamCat pctimp2019 (per NHDPlus watershed)"
   },
   "land_ownership": {
    "kind": "fallback",
    "n_real": 0,
    "n_sites": 87,
    "source": "no parcel integration for this region (Durham only) \u2014 unknown 0.5"
   },
   "litter_complaint_density": {
    "kind": "fallback",
    "n_real": 0,
    "n_sites": 87,
    "source": "no machine-readable 311/litter source for this region"
   },
   "npdes_points": {
    "kind": "real",
    "n_real": 87,
    "n_sites": 87,
    "source": "EPA ECHO NPDES outfalls (national bulk), per catchment"
   },
   "population_density": {
    "kind": "real",
    "n_real": 87,
    "n_sites": 87,
    "source": "Census ACS 2022 B01003 block groups (bbox, multi-county), area-weighted"
   },
   "protected_area_score": {
    "kind": "fallback",
    "n_real": 0,
    "n_sites": 87,
    "source": "PAD-US services unreachable; OSM proxy saturates \u2014 documented fallback"
   },
   "road_access_score": {
    "kind": "real",
    "n_real": 87,
    "n_sites": 87,
    "source": "OSM drive network nearest-node distance"
   },
   "road_density_km_km2": {
    "kind": "real",
    "n_real": 87,
    "n_sites": 87,
    "source": "OSM drive network (osmnx, cached) clipped per catchment"
   },
   "runoff_coeff_C": {
    "kind": "real",
    "n_real": 67,
    "n_sites": 87,
    "source": "derived from real impervious_pct (C=0.05+0.009*I)"
   },
   "seasonal_cv": {
    "kind": "real",
    "n_real": 67,
    "n_sites": 87,
    "source": "CV of NHDPlus EROM monthly flows per COMID"
   },
   "stream_order": {
    "kind": "real",
    "n_real": 87,
    "n_sites": 87,
    "source": "DEM stream-network confluence heuristic (pipeline)"
   },
   "superfund_score": {
    "kind": "fallback",
    "n_real": 0,
    "n_sites": 87,
    "source": "not wired (low weight; roadmap)"
   },
   "tourism_amenity_density": {
    "kind": "real",
    "n_real": 87,
    "n_sites": 87,
    "source": "OSM leisure/tourism features per 2 km radius"
   },
   "tri_facility_density": {
    "kind": "real",
    "n_real": 87,
    "n_sites": 87,
    "source": "EPA Envirofacts TRI state=NC (sign-fixed), per catchment"
   },
   "usgs_mean_q_cfs": {
    "kind": "real",
    "n_real": 67,
    "n_sites": 87,
    "source": "NHDPlus EROM qe_ma per COMID (snap-guarded)"
   },
   "velocity_feasibility": {
    "kind": "real",
    "n_real": 67,
    "n_sites": 87,
    "source": "shipped step curve on the computed velocity"
   },
   "water_intake_score": {
    "kind": "fallback",
    "n_real": 0,
    "n_sites": 87,
    "source": "no public surface-intake point layer (NC OneMap is wells-only and NC-only)"
   }
  },
  "varying": [
   "beach_dist_km",
   "bridge_proximity_bonus",
   "catchment_area_km2",
   "ej_index",
   "estuary_dist_km",
   "flow_velocity_ms",
   "impervious_pct",
   "npdes_points",
   "population_density",
   "road_access_score",
   "road_density_km_km2",
   "runoff_coeff_C",
   "seasonal_cv",
   "stream_order",
   "tourism_amenity_density",
   "tri_facility_density",
   "usgs_mean_q_cfs",
   "velocity_feasibility"
  ]
 },
 "region": {
  "bbox": [
   -79.0896,
   35.1071,
   -78.8999,
   35.2621
  ],
  "beach_ref": {
   "label": "Wrightsville Beach (shipped NC reference)",
   "lat": 34.21,
   "lon": -77.79
  },
  "center": [
   -78.994722,
   35.18459
  ],
  "estuary_ref": {
   "label": "Pamlico Sound (shipped NC reference)",
   "lat": 35.05,
   "lon": -76.05
  },
  "flood_method": "none",
  "name": "Spring Lake, NC",
  "notes": "NC Coastal Plain (SIR HR4 needs 24h-50y precip \u2014 not wired; flood fallback)",
  "slug": "spring-lake",
  "state": "NC",
  "utm_epsg": 32617,
  "width_curve": {
   "a": 2.22,
   "b": 0.363,
   "code": "APL",
   "source": "Bieger et al. 2015 JAWRA Table 3, Atlantic Plain"
  }
 },
 "type": "FeatureCollection"
}
